-1168	-790	3981	-300	-461	192
-1992	-452	3782	-89	29	708
-1718	-615	4141	113	957	833
-1634	-752	4396	246	904	-107
-1394	-899	4551	319	199	-1087
-1311	-753	4777	422	-246	-1690
-947	-483	4586	589	-333	-1884
-677	60	4051	736	-116	-1930
-806	802	3534	947	444	-1645
-948	1216	3350	1078	960	-1106
-948	946	3346	980	1124	-745
-901	300	3333	671	1062	-869
-888	-328	3388	317	922	-1288
-854	-523	3371	136	822	-1711
-811	-712	3526	136	945	-2064
-1165	-783	3644	142	913	-2481
-1254	-492	3236	117	747	-2704
-1126	-267	2755	221	761	-2661
-1135	-390	2159	476	922	-2861
-1123	-245	1637	693	1346	-3217
-903	194	1595	851	1591	-3480
-787	902	1834	665	1584	-3790
-1304	1118	2217	316	1698	-3002
-1814	252	2667	88	1728	-2278
-1238	17	3223	-29	1569	-2397
-184	-156	4645	129	1165	-2243
-49	-485	5939	157	162	-1885
-79	-769	5824	136	-526	-1742
-282	-371	5292	114	-532	-2097
-274	359	4697	-72	-504	-2485
-375	778	4362	-48	-24	-2088
-878	462	4551	118	455	-1207
-1118	-569	4958	315	319	-664
-1131	-1078	5016	511	-379	-629
-1278	-1094	4327	627	-1182	-1094
-867	-228	3144	632	-1369	-1744
-1127	-181	1842	527	-303	-1734
-1434	-439	1613	647	1676	-1773
-1249	-337	1791	748	3281	-1946
-631	-517	2722	1371	4546	-2234
-1284	-661	4550	465	3596	-2703
-2473	107	4846	-417	1226	-3204
-1822	658	2979	-545	-45	-2801
-1037	594	1545	-808	745	-2224
-763	256	1279	-900	1905	-1862
-1052	140	1653	-1042	2441	-2127
-1524	-169	1655	-1222	2526	-2600
-2016	-163	1306	-1394	2811	-2905
-3004	-941	1208	-1424	3069	-2862
-5866	-1826	1297	-2090	2956	-3219
-7485	-2169	613	-3527	4746	-3008
-5649	-1204	2123	-2865	11882	-1318
-6641	-3891	10262	-1990	12442	-442
-4338	-3984	10753	-3274	6212	-2310
-1013	-1370	5892	-3867	3121	-3771
174	248	2922	-3477	3393	-3787
224	307	1662	-3015	5052	-3529
782	363	713	-4040	5809	-2778
1156	-536	775	-6159	4226	-1003
160	-1822	1069	-5020	4414	32
-3059	-2032	1895	-2287	2420	15
-5370	-2416	2024	-597	-3130	-630
-5111	-1780	856	-1438	-4323	-310
-6219	-2878	942	-60	-4188	2975
-5403	-1721	267	664	-8075	6002
-3385	-1572	-6140	-1580	-8734	6274
-12038	-28517	-15414	-16524	7282	-6438
1805	-2323	-3152	-6320	9812	-1918
-3927	-1189	-1831	1739	8257	-2840
-6354	-3913	-236	7018	13539	-6261
-5840	-5008	711	3519	16979	-9908
-160	-4169	-867	-122	17925	-9179
-3605	-4853	-3633	-599	19243	-9065
-471	-4134	-4122	-352	13825	-9526
287	-4348	-2523	2705	7093	-5541
824	-4818	-2710	2831	3184	-3305
-95	-3588	-2022	2992	3096	-2962
62	-4119	-952	2431	2288	-719
-16	-3388	262	1193	1244	-509
810	-2853	-132	369	555	-612
1774	-3117	-881	-243	475	-516
1690	-3688	-813	-468	838	-493
1736	-3880	-699	-525	298	-375
2007	-3709	-917	-588	238	-308
1999	-3651	-908	-461	408	-130
2046	-3709	-653	-366	283	-188
1977	-3778	-923	-562	148	6
1041	-3625	-918	-902	-229	370
850	-3838	-1402	-1211	-386	558
611	-3773	-1512	-1661	-276	409
726	-3840	-1642	-1316	-205	325
730	-3375	-1559	-1604	-180	266
732	-3740	-1780	-1361	-280	359
596	-3290	-1848	-1768	-223	250
937	-3680	-2098	-1125	-52	256
785	-3557	-1736	-1654	-105	300
390	-3761	-2305	-946	-252	343
365	-3699	-2293	-657	-78	184
391	-3744	-2193	-388	-23	104
468	-3832	-2303	-107	-33	36
454	-3760	-2259	209	-38	-21
547	-3651	-2185	397	10	-100
541	-3471	-2245	479	24	-74
558	-3595	-2234	703	112	-101
630	-3596	-1913	943	167	-150
659	-3506	-1601	913	81	-77
666	-3542	-1627	586	-23	22
605	-3602	-1765	403	2	27
519	-3698	-1635	357	104	-68
562	-3653	-1533	253	159	-147
623	-3660	-1611	40	137	-137
622	-3724	-1804	-103	88	-78
583	-3714	-1837	-91	104	-92
622	-3717	-1757	-141	139	-125
596	-3636	-1732	-221	168	-156
636	-3612	-1764	-186	200	-180
680	-3619	-1834	-130	194	-163
687	-3655	-1897	-105	171	-134
697	-3665	-1907	-26	135	-101
708	-3670	-1880	100	86	-63
727	-3659	-1820	163	43	-24
723	-3672	-1813	208	-6	25
695	-3675	-1805	255	-48	59
703	-3669	-1764	258	-59	64
696	-3645	-1694	197	-65	63
679	-3661	-1714	132	-76	74
679	-3654	-1745	125	-81	78
677	-3664	-1714	103	-84	80
657	-3673	-1750	62	-87	78
644	-3691	-1779	72	-66	63
-1359	284	3461	141	523	87
-1416	397	3400	248	702	283
-1390	170	3591	312	993	330
-1369	-50	3979	287	1220	63
-1423	-192	4411	253	1126	-349
-1500	-153	4603	273	712	-782
-1496	96	4344	383	394	-869
-1340	435	3863	502	417	-729
-1030	401	3683	523	602	-499
-903	303	3816	436	606	-471
-990	141	3737	294	429	-505
-978	-47	3606	164	470	-720
-1187	-85	3696	53	430	-1011
-1131	-271	3627	46	392	-1263
-910	-310	3845	32	525	-1654
-841	-221	4341	128	230	-1755
-1162	176	4187	344	-89	-1464
-1185	345	3718	432	-45	-1111
-913	392	3513	353	14	-942
-871	506	3383	289	18	-838
-1062	217	3338	287	171	-751
-1152	-313	3475	252	291	-989
-1158	-467	3649	208	239	-1391
-1110	-359	3588	231	30	-1489
-997	-101	3427	308	-51	-1388
-923	123	3450	382	-51	-1180
-947	136	3564	418	-82	-1047
-903	-108	3539	418	-249	-1078
-919	-201	3121	384	-415	-1289
-907	-29	2623	331	-262	-1387
-951	189	2536	284	176	-1204
-1078	312	2827	251	627	-1044
-1022	334	3453	300	769	-877
-1013	357	3882	368	497	-926
-877	452	3909	385	7	-1012
-430	454	3679	347	-545	-945
-241	444	3084	309	-793	-724
-399	296	2414	293	-457	-552
-353	182	2249	361	191	-435
42	172	2827	371	601	-307
-108	206	3114	254	630	-447
-720	149	2825	151	1099	-338
-1437	-294	2514	254	2068	-167
-1168	-369	2735	741	2786	-651
-580	757	3297	683	2718	-1648
-1241	1054	3523	104	1744	-758
-1420	300	2578	-500	219	-325
-1588	467	1293	-365	42	22
-1014	313	379	-590	1057	257
-1896	148	538	-550	2319	344
-12137	530	2097	-1328	-243	573
-17757	1943	-7466	-486	9588	2822
-13731	515	4380	-343	23490	1507
-9369	-3462	20090	-1070	16665	952
-3930	-2954	15194	-1577	6534	-1017
-1457	-1196	7577	-694	-1070	-1930
1206	746	565	-165	-1908	-1106
1023	431	-1118	-656	2498	-694
1442	623	-1062	-1113	8619	-1277
-318	249	-449	-1876	14236	-1603
-3364	77	922	-3450	15748	-428
-5559	607	2392	-4233	9906	1237
-4528	-553	2213	-3507	2727	2923
-5034	-885	2230	374	-656	4028
-6553	-1315	1741	2198	-2536	2869
-7098	-2583	355	-5	-1106	-2848
-7313	-2807	1227	-354	44	-6983
-3206	-892	289	309	-1702	-5537
-2451	-406	86	1335	-3751	-896
-2471	183	-233	521	-5684	2828
-4988	1923	-627	-2092	-6835	5188
-9873	663	-1048	-2507	-5650	5944
-9626	-1736	-700	-1782	-6315	-1452
-6408	-799	-992	-489	-7421	-6239
-2968	-1128	-2559	1510	-8768	-3735
-549	-685	-5707	991	-6197	3264
-4591	-1889	-4586	-3254	1086	3268
-5683	-2136	-1048	-563	4793	2583
-5155	56	387	1205	7266	780
-5282	-175	-760	-43	9907	-321
-4210	-1174	-1022	-283	8456	-1872
-4306	-1334	20	137	3789	-1949
-4691	-1127	41	136	1570	-1670
-5029	-576	-30	440	1562	-1446
-4836	-352	-54	448	1554	-1655
-5617	-525	-325	514	1371	-1688
-5450	-833	-540	526	933	-1381
-4807	-1099	-649	363	555	-1006
-4294	-1026	-320	89	-78	-678
-3972	-1013	-141	-7	-490	-448
-4153	-1031	-128	2	-711	-425
-4126	-1026	-75	55	-864	-318
-3830	-986	-37	107	-878	-246
-3541	-832	196	84	-935	-137
-3458	-856	213	63	-861	-212
-3608	-992	199	72	-732	-333
-3626	-1067	196	52	-654	-258
-3610	-1001	274	10	-616	-163
-3597	-1005	319	-20	-511	-227
-3969	-995	358	11	-338	-339
-4089	-1019	353	39	-164	-318
-4015	-1043	314	61	-23	-266
-3923	-1055	321	66	121	-277
-3993	-1153	283	72	227	-278
-4011	-1157	230	70	253	-200
-3942	-1135	220	53	243	-129
-3829	-1134	187	31	176	-77
-3639	-1113	204	5	108	-36
-3630	-1126	195	-16	55	39
-3786	-1089	199	-18	2	129
-3808	-1063	206	-10	-30	118
-3779	-1082	230	-4	-35	55
-3787	-1107	222	-1	-39	72
-3870	-1103	216	-6	-37	146
-3890	-1062	225	-11	-18	136
-3874	-1066	230	-15	6	83
-3845	-1082	212	-19	24	67
-3855	-1088	215	-24	38	101
-3863	-1065	228	-26	54	140
-3813	-1022	207	-26	59	121
-3870	-1044	217	-10	47	68
-3834	-1045	194	3	32	81
-3832	-1024	231	-2	30	77
-3809	-1030	192	3	20	39
-3849	-1034	192	6	14	6
-3846	-1035	199	7	10	-7
-3848	-1048	194	3	-19	16
-3847	-1037	189	5	-38	22
-3838	-1044	192	6	-36	-10
-3836	-1049	211	8	-23	-32
-1482	843	4418	144	992	-554
-1279	814	4713	-42	657	-184
-1067	593	4692	-217	191	75
-956	312	4349	-314	-117	141
-862	58	3946	-414	-40	-49
-847	-22	3810	-449	150	-285
-837	206	3687	-423	279	-281
-757	385	3595	-345	373	-92
-790	513	3505	-286	410	151
-832	565	3399	-277	511	442
-939	565	3513	-273	693	714
-1000	498	3845	-277	733	911
-1059	452	4163	-303	531	1001
-1018	417	4143	-331	186	1085
-855	271	3973	-360	-89	1135
-677	97	3720	-392	-235	1125
-507	-87	3465	-413	-151	1011
-567	-242	3518	-386	6	780
-680	-278	3664	-281	180	625
-797	-435	3993	-189	266	309
-826	-367	4233	-103	98	20
-865	-125	4130	-36	-49	18
-823	103	3723	-63	-90	49
-747	347	3140	-113	44	206
-591	347	2815	-184	182	254
-476	196	2792	-196	109	46
-687	26	2816	-31	192	-7
-846	-9	3068	70	475	-136
-914	319	3421	35	559	-185
-990	554	3658	-13	383	124
-965	510	3680	9	146	325
-806	222	3650	3	188	196
-612	-145	3931	-118	213	-166
-526	-493	4125	-162	-236	-401
-432	-632	3841	-49	-690	-887
-376	-348	3355	184	-678	-1520
-182	0	2997	355	-475	-1851
14	115	2536	420	-247	-1806
-159	293	2091	381	338	-1629
-52	446	2384	265	1214	-1102
260	228	2937	-11	1697	-468
-145	126	3233	77	1411	-546
-806	552	2831	-138	925	-422
-1204	380	2325	-144	1298	13
-1450	683	2083	-26	1956	45
-1503	674	2275	-194	1887	305
-1939	391	2169	-116	1158	617
-1767	247	1523	-307	757	738
-1302	313	1184	-432	1453	1167
-2301	321	1520	-827	1675	1886
-8447	1097	2466	-831	-1146	3060
-15475	6771	-5862	327	4780	7524
-12697	3651	983	1448	21777	8387
-12117	-7349	17277	-1807	17949	1191
-5264	-4379	19398	-1161	12180	-789
-3346	-3111	12119	557	-282	435
-2313	-1207	884	2726	-3713	874
-725	-445	-2231	2084	2685	-1588
-363	720	-1884	1265	8323	-2721
-771	1477	-1134	569	13210	-3050
-3185	1822	1163	-711	15574	-3311
-4047	2056	3632	-857	15607	-1968
-6363	536	4747	-1401	11867	-930
-4373	173	3275	-974	7312	105
-4061	1874	2958	-2052	5436	589
-7020	2806	4321	-4895	1169	2668
-6226	2306	3715	-2321	-4886	8173
-3409	1579	376	-692	-8027	12374
-2609	1249	-533	-1142	-7531	12089
-2713	981	-542	-2592	-8787	9837
-3489	942	-1140	-3683	-11030	7036
-5886	1962	-2285	-2065	-9860	3485
-8203	4394	-2031	-1166	-6564	2789
-7000	3683	-2701	-2345	-7500	6351
-3836	2965	-4305	-2464	-5982	7035
-1097	2530	-4586	-3305	-660	381
-3501	2971	-1893	-290	3361	-2644
-3527	9663	38	5704	3932	6216
-4588	9202	1443	3869	3837	9478
-3620	5016	1103	2058	1363	7005
-2751	3045	601	1139	1000	6572
-1816	2961	272	1360	488	6475
-1469	3353	269	1546	568	6145
-1610	3965	41	1548	868	5925
-1028	3723	-180	1180	1959	4215
15	3553	6	819	3104	2634
195	3100	634	521	4509	781
122	3896	1342	407	3937	-937
-23	4590	1443	574	1980	-208
-1	4809	1017	1216	229	1578
37	4300	450	1084	-488	2353
-143	3988	66	1058	-769	2347
-191	4378	-117	640	-573	2463
-5	4350	-165	323	-485	3243
408	4297	119	203	-157	2844
706	3844	394	30	181	1097
410	3757	445	108	241	-374
197	3846	337	303	279	-407
331	3964	154	282	160	472
663	4018	179	417	327	1193
1164	3845	269	257	295	712
1010	4142	86	4	144	233
765	4243	-155	-295	-319	-22
382	4153	189	-598	-140	46
434	4086	381	-611	-106	-155
524	4055	601	-361	-7	-273
400	3823	429	27	-49	-587
357	3919	304	-51	-71	-724
274	4008	290	-176	-65	-847
201	4136	268	-301	-91	-961
182	4095	306	-451	-70	-1124
80	3993	411	-515	12	-1216
-127	4039	475	-483	19	-1158
-174	4198	485	-366	40	-812
-213	4176	536	-243	145	-512
-138	4109	572	-70	19	-316
-116	4016	514	30	172	-243
19	4229	404	133	24	-242
-292	3941	468	16	166	-224
-245	4029	384	31	58	-267
-418	3816	492	34	44	-290
-66	4308	453	94	34	-268
-220	4032	322	42	141	-311
-423	4091	449	55	65	-227
-388	4120	395	69	29	-168
-346	4013	448	17	65	38
-267	4034	401	43	24	-97
-279	4103	372	21	-7	-58
-324	4074	370	-27	-15	-71
-305	4079	432	-61	-13	-32
-948	-161	4069	-194	-392	-1096
-860	-67	3718	-194	-439	-1234
-679	162	3515	-170	-266	-1254
-678	340	3653	-10	-2	-1110
-849	394	3941	142	213	-942
-995	275	4402	144	153	-880
-986	64	4405	55	-233	-953
-846	-68	3981	30	-455	-1040
-683	-135	3683	30	-363	-1150
-536	45	3738	84	-169	-1183
-678	142	3917	145	-11	-1168
-806	152	4171	129	46	-1122
-836	103	4234	91	-77	-1086
-745	64	3930	64	-202	-1064
-732	75	3585	29	-135	-1071
-785	178	3345	-11	122	-1037
-843	233	3404	-6	359	-910
-935	156	3486	-12	493	-821
-984	62	3582	-24	605	-746
-947	20	3654	-36	553	-708
-921	30	3607	-47	462	-670
-911	-98	3484	-38	488	-637
-798	-108	3527	45	518	-658
-820	-138	3532	152	449	-682
-829	-158	3515	152	398	-761
-694	37	3593	101	305	-738
-664	304	3725	41	351	-635
-860	421	3877	68	398	-428
-956	217	3893	87	498	-398
-912	14	3890	6	540	-595
-697	-85	3777	-96	478	-758
-371	-222	3799	-169	415	-925
-367	-188	3915	-176	218	-1134
-594	-145	3806	-66	-88	-1357
-597	-125	3257	80	-268	-1422
-409	-396	2737	174	-201	-1390
-552	-786	2237	233	166	-1620
-888	-676	2028	326	760	-2191
-738	8	2022	360	1211	-2458
-611	444	2015	422	1548	-2208
-662	133	2214	593	1816	-1938
-868	-411	2211	719	1875	-1774
-490	-408	2059	949	2130	-1802
-905	250	2312	451	1942	-2270
-1671	752	2047	-228	1129	-2357
-1437	1144	1796	-759	874	-2089
-1350	1313	1818	-1134	824	-1552
-1109	954	1753	-963	787	-548
-762	402	1385	-481	586	335
-2484	-938	1225	-479	508	312
-15583	-3797	-1092	-3168	-1315	-1214
-9855	6744	-4841	67	18111	4817
-17221	-1852	18165	-1719	19979	8930
-9468	-10206	18086	-4135	9644	1506
-2580	-8083	12151	-3080	2177	-1621
403	-4557	2382	-1408	2239	-3449
-183	-428	-541	-1319	4947	-5237
-166	808	-944	-1411	9469	-5251
-1596	2172	903	-1101	13098	-5490
-3651	3233	2889	-948	13844	-4835
-4372	1508	4565	-1550	10849	-1203
-5117	-1556	4823	156	5768	441
-6028	-2639	3855	692	1161	-1093
-4485	-2592	2732	1319	-1870	-3293
-3158	-2331	1663	838	-3588	-5201
-2777	-1441	714	744	-5581	-5649
-2490	-1431	-30	1584	-7277	-5331
-2487	-1990	-713	2157	-7875	-3708
-3845	-1418	-881	1047	-7837	-2603
-5812	-2163	-1459	-429	-8564	-440
-6676	-2523	-1819	-1618	-7643	1455
-4441	-2010	-2145	-2540	-7397	1193
-1051	-3299	-3814	-3373	-5015	1215
-7	-16154	-8132	-8402	3573	-1098
-5854	-8473	-422	-3008	7694	-2544
-4304	-4349	1319	-1348	5168	1223
-3447	-989	-565	-306	3119	-2046
-5805	-2940	-1934	-335	2957	-4576
-5888	-3981	-370	-322	2498	-6304
-4517	-4974	-323	-613	1194	-6056
-3242	-4683	265	200	594	-6498
-1596	-3415	406	578	283	-7226
-534	-3607	366	-573	665	-7688
-152	-3912	-25	-1347	2003	-7519
108	-3807	-623	-536	4920	-5691
-1750	-3026	408	-376	4427	-3628
196	-3800	406	-473	2073	-1953
268	-3082	358	-1140	1357	-1342
723	-3763	-625	-1060	606	-1703
480	-4144	-720	-916	890	-2585
342	-4179	-133	-342	451	-2255
-317	-4080	77	-8	44	-1436
-86	-4116	-357	239	-139	-922
212	-4066	-26	281	174	-1146
910	-4143	39	250	509	-569
998	-4189	35	123	355	60
384	-4041	32	192	-195	661
99	-3189	-70	-265	-913	660
460	-3969	-346	423	-709	383
658	-3303	-224	-206	-562	219
392	-3813	-410	-87	16	233
77	-3781	-97	134	-166	606
-118	-4035	-59	275	-239	508
-112	-4220	-36	209	-224	353
-91	-4300	-16	43	-209	322
-74	-4269	-124	-51	-231	534
-118	-4161	-138	61	-259	718
-238	-4129	-140	199	-220	698
-316	-4097	-28	266	-163	555
-239	-4116	47	223	-75	411
-271	-4038	93	67	-37	325
-508	-3965	45	-103	-26	255
-517	-4072	8	-209	52	-1
-430	-4096	2	-228	127	-284
-329	-4117	-46	-238	149	-329
-268	-4108	-118	-222	155	-341
-232	-4107	-153	-185	133	-250
-191	-4074	-154	-98	85	-182
-176	-4063	-166	-7	37	-148
-152	-4061	-116	73	2	-79
-189	-4085	-71	81	-17	-44
-160	-4082	-86	68	-22	-33
-144	-4055	-104	101	-46	17
-164	-4039	-72	140	-65	64
-156	-4043	-13	134	-74	78
-186	-4065	-34	121	-66	90
-217	-4050	-10	84	-41	69
-217	-4045	-11	38	-14	33
-224	-4058	-21	-7	4	3
-191	-4070	-33	-20	10	-8
-562	416	4113	137	-355	-772
-501	503	3829	110	-442	-721
-528	602	3600	45	-345	-685
-651	607	3434	22	-3	-520
-774	437	3603	4	235	-499
-911	-15	3843	5	188	-682
-1136	-270	3765	122	155	-1060
-1446	-100	3667	328	345	-1254
-1582	183	3495	460	114	-1183
-1734	295	3088	412	98	-1208
-1762	622	2933	260	572	-1305
-1481	598	3408	216	1076	-968
-1434	343	4105	141	978	-762
-1263	362	4532	37	568	-592
-1149	424	4789	-109	44	-185
-1033	198	4359	-318	-302	112
-762	-94	3818	-421	-239	146
-568	-248	3521	-368	-329	17
-544	-356	3115	-201	-351	-197
-624	-363	2929	-25	-157	-396
-679	-290	2870	20	52	-482
-756	-228	2877	27	319	-463
-783	-87	3100	-26	344	-453
-886	111	3261	-78	-99	-388
-1051	259	3009	39	-454	-155
-995	392	2882	168	-199	66
-833	147	3296	169	17	244
-828	-298	3825	29	330	-68
-636	-204	4800	61	-205	-295
-646	9	4917	168	-1083	-442
-510	147	4335	281	-1589	-381
-360	105	3503	333	-1446	-508
-381	147	2573	405	-609	-648
-227	-93	2583	404	552	-741
-384	-243	3186	284	1237	-1054
-530	-211	3905	231	1315	-1449
-707	-67	4265	284	1097	-1933
-879	372	3982	206	1263	-1812
-1183	502	3609	129	1501	-1183
-1016	409	3353	50	1648	-1140
-686	414	3684	-159	1225	-1243
-1153	146	3561	-84	575	-898
-1362	-19	2844	-28	579	-691
-1220	-175	2138	-15	1543	-731
-993	-90	2168	122	2539	-929
-813	45	2685	45	2592	-1071
-895	293	3181	-77	1761	-1188
-1209	583	2766	-88	1157	-987
-1036	911	2074	-172	1406	-735
-1450	779	1598	-184	1434	-462
-7330	1019	2310	-648	-1803	302
-16394	3168	-4961	379	5095	2427
-8562	1650	-2032	2578	20752	1847
-10770	-3458	16033	1101	21518	-224
-6699	-4107	17104	339	11111	-2531
-3759	-1048	8401	-828	3508	-4490
-1175	774	2758	-1344	2122	-4784
1643	141	365	-996	3488	-4874
1899	1000	168	126	4550	-3492
1674	665	54	-200	6673	-2686
-101	1074	440	191	9924	-1834
-2363	925	833	-1204	8445	-209
-5495	-1152	1926	-223	3698	1838
-6389	-1324	418	-683	1263	2549
-10988	-4583	1668	-1542	3053	-444
-7952	-3151	1208	950	4385	-6925
-5683	-2405	1606	801	2136	-10716
-2764	-669	1387	441	-1711	-9220
-1924	-723	308	500	-5974	-4625
-2704	-1021	-211	1603	-6860	-1046
-4837	-652	-625	1413	-7966	2145
-5601	-1378	-1121	-561	-7184	1884
-4800	86	-949	-2158	-7272	-1873
-4037	-168	-1224	-3558	-7426	-4731
-3945	-1999	-1626	-3221	-6836	-6276
-2828	-1613	-3426	-1561	-5298	-3839
-2238	-6760	-7530	-11269	6360	-896
-6357	-9948	-3142	-5057	7942	-2840
-2530	-4969	-27	-1282	3750	-410
-2652	-2760	278	474	3023	865
-3844	-2293	-197	88	1774	372
-4278	-2429	-694	131	2202	-1345
-3605	-2937	-258	-282	2852	-3769
-3007	-3738	-439	-802	2365	-5049
-2902	-3771	-812	-1063	1821	-5201
-2913	-3996	-924	-766	1647	-5148
-2668	-4182	-816	-55	1715	-5337
-1789	-4269	-885	891	2128	-5736
-1361	-3854	-607	1613	2891	-6493
-1026	-3835	-249	1704	2849	-6273
-309	-3324	-90	1213	2292	-5119
39	-3283	5	671	1382	-3470
141	-3272	-173	342	787	-2379
-69	-3656	-234	515	856	-1970
-200	-4038	-203	555	725	-2003
123	-4243	-188	441	410	-1766
446	-4389	-235	268	89	-850
204	-3949	-139	338	-175	276
-85	-3744	-87	409	-298	755
-234	-3817	-39	460	-273	685
-259	-3873	14	417	-207	614
-261	-4007	84	312	-146	638
-340	-4057	55	245	-72	722
-360	-4209	12	312	-47	719
-442	-4040	70	514	-37	369
-261	-4033	102	635	68	104
-194	-3993	216	500	164	-80
-308	-4006	228	327	286	7
-431	-4208	222	-28	217	306
-341	-4492	83	-36	400	369
-514	-4247	118	219	619	93
-523	-4021	82	194	393	8
-678	-3769	95	99	316	-59
-532	-4160	-29	67	305	67
-559	-4236	80	117	341	-11
-576	-4126	103	78	214	-20
-474	-4137	153	115	173	-17
-727	-3895	180	-78	-26	-203
-673	-4104	97	-38	-51	-187
-666	-3970	101	-88	-149	-257
-432	-4240	20	53	37	-387
-589	-3863	89	-71	-62	-383
-709	-3935	79	-162	-77	-260
-602	-4083	-18	-140	-6	-228
-564	-4085	68	-10	67	-164
-457	-4080	28	39	-17	-312
-481	-3989	17	95	-46	-279
-570	-3904	58	145	-52	-220
-447	-4073	108	134	-32	-64
-350	-3994	136	102	-47	-57
-925	-394	3759	-175	118	425
-1141	-326	3852	-158	243	363
-1236	-190	3815	-190	275	373
-1639	-304	3912	-273	804	234
-2026	-553	4481	-336	915	-45
-1994	56	4527	-279	838	-107
-1890	600	4364	-103	342	372
-1771	752	3598	101	-47	778
-1630	637	3020	212	93	1042
-1497	216	2826	220	472	1062
-1454	-186	2905	184	961	590
-1623	-300	3308	173	1351	-88
-1850	-68	3882	212	1372	-685
-1912	592	4100	323	1307	-782
-1788	1108	4209	479	1200	-252
-1647	1120	4017	481	797	208
-1420	934	3489	388	469	433
-1286	726	3029	246	495	512
-1217	419	2865	135	652	471
-1170	153	2902	86	859	173
-1122	97	3177	107	1016	-115
-986	-31	3689	177	889	-261
-910	-38	4172	152	283	-537
-1060	225	4229	50	-573	-724
-1002	271	3661	-19	-1101	-708
-723	228	3111	-57	-1173	-763
-486	357	2661	21	-875	-712
-654	375	2562	202	-334	-503
-1011	432	2852	291	95	-386
-1501	506	3371	244	84	-391
-1746	532	3517	106	-188	-315
-1712	583	3469	-47	-226	-378
-1457	479	3507	-63	-307	-324
-1195	203	3449	-47	-372	-391
-1023	-153	3473	-12	-574	-626
-812	-267	3321	-7	-764	-996
-476	10	3018	-103	-905	-1009
-318	432	2432	-166	-765	-572
-339	645	2008	-149	-195	-371
-429	622	1725	-164	732	-637
-323	550	1951	-364	1703	-692
-233	652	2592	-264	1827	276
-913	129	2512	-103	1974	1904
-1382	-683	2367	-17	2278	2128
-1637	-764	2476	155	2598	819
-2306	23	2697	-209	1829	-299
-2135	610	2392	-621	412	-217
-2094	845	1864	-873	-582	702
-1792	569	1104	-897	-119	1355
-2712	120	982	-734	829	1554
-12921	42	2693	-263	-3657	2473
-17589	-1505	-5160	-822	10160	2970
-9375	1358	27	1563	20522	-988
-7611	1200	20290	1236	23175	-827
-9563	886	22193	693	5524	415
-3469	305	3871	-1211	-5596	-86
-728	-798	-2616	-819	286	-535
147	-661	-2194	-403	7602	-1411
-98	-1002	-1308	1466	13935	-971
-4448	390	2552	2805	17131	-565
-6385	1123	4757	2076	13173	94
-5464	1022	3587	719	9060	660
-4519	420	2744	555	7723	791
-4258	-137	2584	625	7003	264
-4015	-330	2250	689	5334	-1126
-3389	-87	1667	-567	3040	-2465
-3479	651	1285	-1682	-331	-3018
-4010	1149	882	-2419	-4093	-919
-2676	1080	25	-809	-4293	3497
-2963	1296	458	31	-4630	6121
-3323	-238	243	-817	-8112	6213
-6483	-1210	-349	-684	-11762	2820
-8915	-1605	-1513	-3694	-9122	-4706
-8839	-286	-675	-2256	-10071	-5924
-7015	1809	-2637	-930	-12311	-913
-5393	1801	-5139	-3037	-11282	2322
-2751	-50	-7822	-3517	-6330	-346
-3482	359	-4280	193	1207	-4003
-4408	3181	-6117	466	7953	-2651
-9013	479	1257	-631	14884	934
-5529	-142	-1032	-579	10395	-1273
-3390	283	-995	-355	3305	-2844
-4565	-403	-730	-281	1983	-1199
-5360	-466	-388	15	3503	-701
-4842	-416	-382	120	3968	-794
-5558	-29	-903	173	3004	-948
-6149	-424	-1113	257	1725	-973
-5851	-775	-1252	238	1156	-678
-4934	-579	-1080	224	902	-433
-4252	-535	-902	272	573	-574
-3940	-603	-783	311	230	-668
-3809	-462	-709	281	-95	-668
-3695	-573	-704	239	-592	-628
-3527	-567	-504	209	-1161	-540
-3414	-514	-371	186	-1526	-466
-3368	-559	-252	117	-1645	-375
-3502	-625	-188	68	-1666	-286
-3657	-625	-121	54	-1660	-203
-3709	-670	-23	57	-1506	-137
-3857	-659	9	56	-1188	-86
-3933	-678	53	43	-851	-35
-4073	-715	51	24	-558	48
-4104	-705	42	16	-406	94
-4195	-699	56	15	-345	132
-4092	-673	64	-3	-249	190
-4128	-674	76	-8	-152	243
-4108	-672	88	-6	-79	303
-4021	-623	86	-2	10	333
-3964	-599	62	-4	73	345
-3875	-572	64	-10	87	363
-3826	-535	60	-7	106	335
-3809	-507	45	-13	122	311
-3845	-522	41	-14	150	307
-3869	-488	6	-16	150	280
-3875	-488	1	-22	126	231
-3910	-499	6	-26	97	210
-3949	-503	-18	-30	43	238
-3959	-451	3	-27	28	229
-3959	-458	-8	-26	1	176
-3973	-468	4	-22	-23	156
-3990	-441	-7	-17	-27	150
-4035	-431	-5	-11	-11	105
-4014	-433	-9	-4	-5	57
-4004	-443	-5	2	-16	56
-4003	-431	0	0	-30	66
-3980	-437	-15	0	-66	76
-3972	-427	19	-3	-87	56
-3969	-439	6	-5	-103	59
-3971	-438	18	-5	-100	83
-3933	-416	44	-7	-84	78
-1411	168	3923	-58	756	26
-1588	91	4220	-234	847	140
-1569	140	4400	-431	686	75
-1396	160	4215	-502	294	159
-1165	36	3720	-539	88	23
-947	50	3369	-605	235	-68
-896	45	3354	-579	449	150
-1097	-70	3443	-412	503	470
-1235	-156	3560	-246	540	614
-1174	-142	3774	-125	527	737
-1087	-248	3959	-5	387	832
-1175	-393	3913	109	271	738
-1267	-515	3735	187	187	528
-1159	-421	3624	179	95	383
-1152	-274	3561	147	-31	474
-1276	-279	3316	146	27	685
-1191	-227	3035	109	172	677
-1095	-187	2832	97	108	661
-1096	-456	2746	129	-109	696
-1135	-588	2819	103	-284	380
-1336	-288	3168	83	-222	49
-1691	-31	3537	154	-205	46
-1651	219	3593	272	-105	77
-1234	490	3620	393	-57	305
-963	284	3845	375	-49	328
-864	72	4140	219	-325	192
-714	-145	4095	76	-871	96
-599	-189	3506	89	-1186	-34
-478	-30	2843	278	-917	-332
-311	132	2694	350	-346	-480
-324	-32	3003	321	85	-303
-391	-211	3198	194	151	-389
-605	-67	3080	-21	436	-449
-835	181	2905	-119	1318	-434
-1227	334	2885	-66	2406	-110
-969	-84	3240	381	3259	182
-559	-146	4225	338	2674	-302
-1669	348	4175	277	1123	-575
-1951	673	3285	29	1050	-258
-1096	513	3322	-239	2133	307
-1305	290	3911	-244	1907	472
-2073	83	3509	-338	437	273
-1992	-23	2490	-664	71	232
-1483	-298	1955	-605	1194	625
-1435	-580	1931	-433	2376	717
-1681	-585	2057	-190	2259	249
-1299	-381	1926	-150	1415	-339
-733	-166	1639	-15	1053	-581
-645	-26	1216	-135	1057	-601
-3704	-337	1452	-354	318	-544
-15408	-850	3172	-394	-12531	898
-11000	-5426	-4012	-4503	14628	515
-12290	3001	1358	3010	19431	-740
-1908	1905	6221	2982	20884	516
-8878	319	20272	794	14141	-2043
-4402	551	8074	-623	602	-322
-2090	-196	1503	-2365	1403	910
-99	-378	-92	-1981	2131	388
522	-473	-438	-730	5398	-209
502	-597	-766	-694	10444	-1022
-4260	-2451	1274	1887	13604	-2682
-10224	1495	3792	729	6313	-2356
-6884	55	1757	-2810	5006	1025
-8687	1473	2528	75	5146	5125
-6705	1255	1627	-528	2989	6534
-3985	549	1190	-1221	915	5768
-2583	-559	843	-1145	-1562	4669
-2824	-468	636	-1525	-4640	2890
-4329	-40	430	-2842	-8101	860
-4804	624	-638	-3773	-8265	258
-4741	1020	-297	-1684	-7137	3191
-4018	863	-487	-721	-8399	6106
-5121	1057	-785	-398	-9644	7659
-5568	928	-1470	322	-9168	7859
-5142	1329	-1471	531	-7539	6965
-4154	1799	-2937	-85	-7876	5468
-3466	2086	-4126	-220	-6887	4166
-2556	2348	-3518	1496	-1908	3467
-2332	2325	-2349	3399	4169	3827
-3909	3150	-346	3078	6509	5076
-6413	9569	3544	1783	2995	9173
-6100	9081	2950	2874	2864	10965
-1278	4779	1705	2743	2951	9610
-952	2400	753	2331	2398	6927
-2110	3083	-269	2364	542	5510
-2898	4631	113	1612	618	6795
-2289	3553	367	1407	1620	8006
-914	3495	-85	1527	2447	6527
292	3374	81	594	3914	4619
529	3462	645	-1051	4485	3429
1576	3188	675	-2013	3342	2666
2115	4510	1181	-1456	2681	1930
1546	4500	1878	-249	1978	2119
847	3833	1534	244	494	851
406	3387	1265	-24	-491	-228
451	3623	1071	378	-588	-593
332	4054	1031	688	-460	241
578	4561	789	1020	-236	1576
538	4242	764	1109	-536	2302
915	3687	499	688	-737	1846
1110	3706	293	170	-665	735
1499	3459	194	-98	-207	-159
1489	3479	336	-68	214	-802
1147	3847	453	54	547	-1364
940	4312	627	0	575	-1165
910	4405	685	-180	250	30
746	3873	746	-75	-29	180
595	3993	710	110	11	-203
479	4181	553	92	-26	-259
498	4102	527	-175	-19	-103
595	3943	624	-360	-12	54
711	3796	800	-313	-12	-54
757	3800	783	-153	-32	-357
669	3937	747	-50	-39	-587
479	4066	727	-18	-60	-725
404	4089	682	-30	-43	-705
340	4062	695	-32	1	-606
410	4062	686	-19	13	-479
446	4004	708	-3	-4	-508
451	4033	740	36	-23	-509
335	4088	655	96	-65	-552
248	4054	661	19	87	-344
250	4105	619	-21	72	-453
133	3951	757	-89	84	-396
293	4018	740	-12	30	-337
271	3975	729	75	63	-306
206	4025	728	126	45	-286
217	4137	663	76	33	-225
207	4121	617	-37	56	-120
14	3957	714	-50	11	-87
-1209	-34	3884	-199	775	275
-1300	-74	4305	-163	509	443
-1163	-192	4417	-157	129	496
-1017	-179	4354	-148	-123	537
-894	-169	4109	-96	-322	680
-725	-171	3630	-36	-401	718
-497	-240	3138	-31	-211	693
-383	-370	3049	-83	175	468
-515	-451	3371	-112	459	202
-770	-579	3892	-23	532	48
-1040	-693	4343	73	277	-94
-1282	-605	4350	69	22	-135
-1495	-340	4202	-3	156	-66
-1506	-121	3846	-153	53	-189
-1398	194	3142	-265	-162	-316
-1330	500	2663	-234	-276	-234
-1372	429	2179	-29	74	291
-1293	111	2181	158	1625	696
-1358	-78	3620	169	2852	529
-1752	-286	5332	195	2361	211
-2007	-475	6006	260	800	-249
-1592	-416	4909	431	-440	-615
-949	-163	3552	615	-615	-812
-506	115	2711	712	-498	-780
-330	334	2224	690	-226	-610
-473	468	2092	558	84	-428
-656	566	2120	381	432	-325
-754	303	2470	195	731	-333
-936	84	3240	159	594	-541
-1186	-48	3639	225	253	-432
-1085	-576	3789	238	-27	-573
-979	-692	3816	192	-271	-1233
-786	-342	3775	144	-548	-1747
-570	169	3625	217	-723	-1695
-402	307	3518	342	-774	-1278
-227	164	3429	385	-961	-985
-215	-278	2965	343	-749	-1024
-503	-64	2662	324	205	-1455
-599	380	2727	285	1158	-1273
-495	425	3140	304	1939	-1094
-483	533	3975	394	2268	-1128
-1185	534	4281	254	2104	-555
-1476	-26	4006	189	2333	182
-1289	-338	3682	171	2626	-5
-1605	35	3087	-31	1831	-750
-1732	520	2284	-613	768	-1006
-1367	690	1542	-848	275	-337
-1189	498	1076	-722	664	569
-1416	189	979	-607	1223	1142
-2387	-271	1291	-480	1140	1357
-9638	111	3495	-1110	-3513	1122
-15236	-351	-7562	285	1967	1753
-9368	1609	-2772	805	19577	3083
-10046	-4562	11909	-547	23418	-855
-7857	-1275	23483	1267	14778	-1089
-4412	206	10030	-468	-1718	276
-982	-473	-658	-331	-1187	-487
169	61	-1469	-193	4787	-1645
-206	1140	-1050	-704	9324	-1713
-2143	1388	102	-1558	12164	-635
-5297	475	2143	-1419	11616	794
-6132	-757	3210	276	9276	114
-6306	-1458	2988	202	7155	-1438
-7369	-2328	4236	776	5819	-2873
-6120	-2263	4682	2009	1615	-4711
-4508	-1433	1921	1947	-646	-5155
-3826	-1256	993	1921	-1856	-3922
-2520	-715	439	2333	-4338	-2925
-2117	-575	90	2158	-6342	-2692
-2536	59	-338	2004	-7523	-2481
-3886	-641	-498	1536	-7294	-2015
-5569	-1840	-725	1097	-7649	-3580
-5517	-1836	-886	150	-8099	-5918
-4531	-1185	-1347	-629	-8922	-6544
-3825	-1869	-3493	-951	-9720	-5047
-1690	-2805	-6641	-1921	-6886	-3092
-2649	-4437	-5928	-3757	1397	-3443
-4613	-3672	-2248	-2018	7229	-5251
-5133	-2269	-201	-508	7172	-5639
-6604	-8389	2454	-2078	4607	-8355
-4735	-7637	2030	-2723	3402	-11365
-1373	-5547	1830	-3027	4389	-9596
-779	-3672	1534	-4345	3693	-7468
-1562	-3853	762	-5908	2587	-6260
-1693	-5206	-1359	-4381	3277	-5951
-2605	-3752	-350	-1750	3974	-6396
-1703	-3076	-201	-1175	1667	-6291
-436	-2905	-339	-788	1189	-5605
579	-4432	-768	-662	1212	-4743
1002	-4967	-822	330	998	-3463
413	-4105	-676	1178	-87	-1777
-698	-3636	-339	1424	827	-840
267	-3290	-525	2097	761	1582
830	-3737	-254	2502	2316	1586
2320	-3486	507	1506	2922	628
2442	-3937	1190	-613	1740	792
1424	-4268	909	-652	80	1397
1382	-4081	61	-29	-1336	1111
502	-3323	416	663	-2414	532
1269	-3529	-292	531	-2732	-18
1277	-3920	-523	466	-2600	-809
1395	-4674	-1008	687	-1448	-1205
1036	-5103	-718	1204	-853	397
542	-4653	-193	815	-776	1107
449	-4157	139	833	-257	1135
349	-3799	544	765	-240	1108
237	-3908	561	750	-376	1223
-20	-4139	457	565	-367	858
50	-3961	555	325	-297	315
506	-3696	635	94	-247	26
536	-3638	738	-161	-94	76
333	-4040	474	-359	-40	-6
-29	-4300	284	-669	118	-82
-180	-4654	63	-560	264	-154
-148	-4086	230	-389	315	-221
108	-4096	116	-15	86	-280
-50	-3971	283	-12	100	-19
-4	-4068	250	-51	54	-63
167	-4143	284	-13	53	-158
274	-4118	303	78	15	-191
385	-3908	329	236	279	-631
153	-3966	248	-7	-12	-385
251	-4095	307	15	86	186
315	-4182	163	265	205	351
-49	-3876	430	111	-77	5
104	-4229	191	186	-5	22
-74	-3974	362	159	-33	9
72	-4080	364	120	-21	-87
191	-4066	362	67	-19	-137
156	-4053	377	5	9	-95
-662	-717	3356	25	-447	493
-1181	-797	3321	42	-67	275
-1678	-512	3525	-48	279	137
-2236	-133	3927	-21	1594	360
-2431	-3	5445	130	1783	508
-2422	550	5558	265	446	494
-2067	643	4383	386	-924	942
-1493	69	2976	402	-1277	978
-1168	-488	2067	370	-515	480
-1238	-665	1988	316	761	-454
-1554	-246	2714	455	2031	-1003
-1869	416	4175	687	2489	-997
-1931	973	5448	792	1617	-409
-1776	964	5492	697	-103	298
-1294	475	4107	490	-1307	452
-790	17	2605	315	-1356	186
-485	-126	1743	199	-751	-195
-397	-134	1470	121	-47	-476
-503	8	1874	74	505	-696
-793	358	2721	-58	546	-811
-838	476	3437	-163	90	-498
-514	58	4068	-188	-660	-369
-446	-65	4213	-150	-1390	-594
-719	-41	3694	88	-1132	-320
-1082	83	3698	260	-614	-263
-1550	512	3506	180	-335	-556
-1405	652	3570	55	82	-563
-1402	321	4021	2	241	-421
-1379	57	4353	-98	131	-433
-1346	-244	4351	-85	-223	-558
-1173	-438	3946	-8	-484	-811
-906	-226	3507	12	-463	-1066
-670	71	3176	13	-427	-987
-522	124	2785	-14	-200	-816
-505	212	2751	-24	446	-852
-654	360	3256	-16	847	-846
-952	277	3569	-9	651	-766
-899	-16	3233	82	532	-698
-418	-197	2841	194	1122	-506
-355	-361	2690	311	2052	-219
-344	-188	3031	398	2982	-572
-457	389	3868	-48	3132	-1158
-983	859	4258	-409	1829	-628
-1546	781	3148	-90	628	461
-1444	514	1943	-105	1203	886
-1082	92	1531	-290	2382	1139
-1157	-153	1659	-419	3047	1171
-1699	-230	1809	-395	2293	1043
-1504	-110	1513	-333	1303	864
-1196	21	1295	-325	952	876
-6555	74	2601	-542	-1379	1323
-19987	-201	-5932	-2829	-17421	972
-11965	3412	-3602	1966	22428	1608
-12853	926	4210	845	21170	2654
-2483	-508	19361	3608	23721	118
-8287	748	18364	-714	7142	-1194
-4456	342	5369	-995	-4306	723
-984	-320	-403	-1007	-2231	123
100	-295	-895	-170	2766	-485
0	0	-825	-691	7701	-587
-2788	-1992	160	-561	13111	-1131
-6163	534	2115	1334	10226	-933
-3177	179	744	-172	8685	1290
-3861	598	1037	321	12136	1826
-4498	798	1785	377	11543	1319
-5000	349	2777	305	8425	367
-4928	-239	3174	11	4723	-1163
-5106	269	2968	297	1041	-832
-4433	663	1795	140	-1975	2057
-3572	-75	787	-145	-4382	3081
-4665	651	784	-956	-7547	2396
-6861	199	174	-1552	-12049	1454
-8940	-683	-1440	-2586	-12930	-3470
-10334	888	-1248	-3081	-11629	-7101
-9571	1619	-1545	-2256	-12441	-4459
-7590	1445	-3227	-2247	-14246	-864
-3432	998	-12283	-2675	-14862	161
-3203	1383	-14018	-1485	-880	54
-6306	-620	1741	1879	5063	-1199
-5132	971	1732	1140	3760	-1259
-4787	-48	582	-317	4766	-388
-4547	-64	164	-270	6389	-1068
-3930	-135	-14	-514	6788	-1245
-4271	-788	-480	-350	6276	-1223
-4773	-697	-22	-246	4563	-1014
-4765	-627	-163	-34	2169	-902
-4477	-565	-15	127	427	-1096
-4294	-573	293	215	-369	-1252
-4202	-848	277	178	-228	-1002
-4059	-726	333	77	1	-703
-3991	-845	257	9	-197	-558
-3767	-843	266	36	-624	-368
-3845	-831	341	65	-890	-112
-4166	-865	486	68	-883	55
-4137	-812	552	45	-786	65
-3977	-765	588	13	-727	130
-3882	-731	585	2	-744	209
-3942	-729	628	28	-758	260
-3972	-706	660	45	-673	277
-4019	-667	698	44	-503	226
-3949	-650	747	39	-329	148
-3854	-669	710	22	-233	120
-3840	-679	670	20	-177	112
-3877	-672	724	23	-164	105
-3818	-655	733	13	-134	115
-3819	-634	712	8	-49	108
-3850	-647	708	4	5	100
-3828	-667	711	0	1	142
-3802	-634	731	-3	3	190
-3829	-614	720	-9	32	179
-3826	-626	718	-12	66	180
-3806	-617	717	-15	104	220
-3882	-607	681	-10	118	246
-3919	-583	705	0	124	220
-3897	-570	675	-3	128	189
-3894	-568	682	-11	111	175
-3845	-566	663	-8	115	148
-3908	-567	666	-3	111	138
-3959	-548	677	-7	85	133
-3951	-548	656	-11	67	105
-3931	-537	656	-7	59	70
-3887	-557	639	-3	42	59
-3889	-549	629	-1	25	68
-3884	-540	631	-2	10	62
-3892	-527	649	0	-4	55
-3866	-530	633	-4	-8	43
-3868	-534	652	-4	-12	43
-3872	-526	636	-5	-13	71
-3898	-539	645	-1	4	82
-3894	-509	657	-2	8	72
-1639	-43	4357	-33	224	-856
-1596	-216	3648	20	22	-1070
-1501	-283	2999	130	60	-1221
-1361	-143	2704	187	284	-1174
-1314	133	2786	172	625	-979
-1520	450	3461	124	1032	-538
-1660	539	4261	99	1218	61
-1763	391	4942	16	1046	495
-1779	-34	5077	-141	607	508
-1520	-354	4487	-323	67	212
-1232	-456	3708	-401	-103	-78
-991	-432	3112	-400	63	-224
-908	-275	2892	-307	476	-247
-939	-99	3047	-190	857	-165
-1017	14	3501	-128	989	-62
-1120	18	3908	-135	748	-9
-1147	-22	4014	-111	311	23
-1033	-60	3903	-14	79	85
-927	-78	3838	83	-56	142
-786	62	3650	158	-155	269
-659	148	3466	216	-245	378
-628	110	3157	176	-325	414
-423	61	2845	13	-134	394
-281	-56	2979	-162	273	362
-634	-321	3466	-202	420	197
-1286	-629	3670	-119	345	-125
-1724	-692	3414	-23	348	-278
-1524	-512	3052	-11	560	-450
-1116	-92	3106	-9	536	-570
-1156	189	3217	43	416	-390
-1083	182	3482	57	380	-421
-1090	324	3583	30	378	-416
-780	108	3577	90	246	-20
-632	-229	3130	244	219	47
-404	-734	2893	437	393	-148
-31	-783	3130	414	631	-742
-101	-698	3408	547	685	-1376
-239	152	3536	770	678	-1915
-47	1040	3541	626	-126	-1220
-283	640	2529	389	-384	322
-144	-213	2010	670	-17	711
-419	-42	1601	621	273	349
-1098	69	941	429	332	485
-741	136	992	314	1904	641
-1766	109	2042	417	3370	305
-2516	114	2826	389	3023	-86
-2677	-34	2399	-301	1637	-363
-1858	195	1543	-613	1120	-192
-1403	823	1425	-656	1426	651
-2088	918	1161	-816	1167	1357
-9403	958	2293	-786	-1529	2421
-23438	2445	-6515	-42	5257	3361
-8646	1502	-1966	1632	20593	3864
-10404	-3207	15634	938	23506	1009
-10239	-2173	24667	1491	8816	-415
-3062	-819	5213	210	-2742	-67
-458	-1002	-1979	784	2541	-1002
-380	1254	-1216	942	9804	-1769
-3495	1383	2478	705	13693	-2358
-6385	1557	3625	767	12400	-1734
-6360	134	4144	-296	10562	-793
-6122	-900	5489	568	6808	-810
-6951	1678	5342	-423	551	1035
-5356	1205	2602	-936	-4256	4324
-5943	2289	706	1872	-3859	6827
-4190	-721	-2	671	-4474	5648
-1274	-1341	-1401	-416	-5379	1658
-280	-1020	-1888	-1659	-5110	-557
-1882	-741	-1364	-1453	-5772	988
-3246	-735	-1711	-2812	-3014	2791
-4628	782	-873	-2780	16	4090
-3195	1116	-709	-2284	-685	5145
-2096	1374	-502	-2424	285	3789
-3106	2066	152	-3325	-677	1957
-3454	2553	-115	-4192	-3565	604
-3747	4397	-1190	-2812	-4854	1259
-4261	5346	-1593	-1827	-2949	4330
-4689	4522	-1734	-1392	-2036	6781
-4808	3354	-1928	616	-1048	8209
-4151	1266	-1645	1365	1407	8080
-3774	2437	-381	1518	3025	7148
-3890	5546	317	2225	4212	7718
-3032	7209	356	3290	5036	11112
-3647	5103	1232	3265	5603	10654
-3709	4069	1541	3198	2883	8992
-3529	3579	-118	2915	909	8098
-3229	3482	62	1351	-484	7087
-2398	3184	153	-431	-2593	5138
-1300	2844	-284	169	-395	661
-156	3753	-18	402	1658	-881
280	4108	617	-36	3070	-85
69	4111	1266	-728	2491	536
434	4057	1375	-821	1053	-187
1110	4717	1169	-1651	-631	-2378
339	5319	1189	-2358	-2145	-3646
-879	6301	823	-975	-4632	-3217
-837	7088	-446	-64	-3294	1022
-51	3891	-572	59	-685	5140
776	2678	-156	692	112	7356
996	2036	176	156	-163	3458
281	2810	360	322	-963	-343
448	3489	-214	-26	-1331	-742
160	4240	-290	-234	-860	-503
750	4085	-392	-399	60	308
396	4206	94	-341	1244	847
308	3043	638	-83	1533	1104
64	2689	1023	-109	1534	-869
-430	3194	1382	-126	717	-2722
-726	3639	1477	-83	-184	-2657
-688	3652	1203	109	-742	-2407
-690	3362	877	281	-1224	-2716
-919	3332	582	373	-1555	-3179
-1089	3647	228	475	-1274	-3557
-767	6488	-119	1124	-237	-803
-884	6155	230	205	673	2177
-663	4373	666	322	229	-836
-907	3544	418	243	349	-822
-973	3752	374	151	239	-311
-977	3950	490	143	271	-115
-988	4074	420	178	244	-205
-959	4010	415	142	201	-280
-963	3980	448	76	184	-283
-992	3935	440	71	152	-240
-1032	3973	446	72	143	-196
-1021	4018	409	73	131	-165
-971	3860	388	85	119	-205
-951	3870	383	51	80	-228
-985	3922	399	-2	30	-256
-1038	3948	412	-43	-25	-278
-1058	3912	408	-46	-26	-280
-1911	193	2785	321	966	-976
-1834	451	3910	69	1394	-727
-1696	380	4993	-40	994	-467
-1680	47	5394	-46	-112	-392
-1502	-197	4549	-110	-1054	-364
-1098	-321	3463	-284	-942	-384
-786	-380	2912	-315	-270	-418
-810	-395	2878	-274	471	-463
-1014	-335	3393	-219	810	-452
-1252	-209	3878	-164	688	-380
-1252	-179	4061	-99	276	-287
-1113	-243	3862	1	-90	-252
-955	-184	3599	87	-111	-227
-797	-91	3640	111	-23	-149
-713	31	3753	82	-150	-118
-679	96	3677	63	-369	13
-646	124	3451	32	-438	174
-728	-36	3339	27	-447	291
-900	-144	3267	-29	-367	326
-1035	-289	3420	-52	-118	426
-1220	-327	3622	-102	5	325
-1184	-269	3613	-137	-289	164
-1095	-289	3369	-89	-450	68
-1084	-388	3492	23	-467	80
-1044	-432	3567	92	-457	102
-1015	-95	3786	80	-287	178
-971	-42	4154	26	-382	194
-873	-46	4143	43	-587	72
-721	-123	3947	217	-774	1
-507	-293	3645	361	-881	-77
-332	-511	3352	369	-658	-257
-515	-437	3330	300	-194	-659
-751	-80	3347	252	140	-893
-927	65	3190	242	722	-571
-590	-134	3610	241	898	-377
-576	-105	3796	226	589	-699
-439	57	3908	290	260	-832
-458	44	3804	314	-101	-575
-616	-70	3374	296	-149	-623
-448	279	3039	144	202	-604
-313	103	2699	186	847	53
-270	-74	2641	581	1775	144
-838	-158	2502	550	2171	83
-1241	36	2358	229	2218	-153
-1560	636	2258	-306	2206	-246
-1950	852	2109	-880	1690	39
-1955	537	1838	-900	967	598
-1661	526	1559	-909	446	1067
-1063	416	1226	-1260	570	1580
-1112	96	1099	-1350	1133	2014
-7386	196	2408	-1252	-2104	3468
-17892	-2237	-6380	-1808	6452	8122
-8561	-4036	2188	105	20562	-2439
-9277	286	22008	-208	17300	-1946
-7431	2476	19619	776	2856	1679
-1946	-234	4978	-81	-4284	1494
-251	-816	-1220	-402	-28	-34
-393	-420	-1281	-1017	5795	-1819
-1243	149	1505	-663	9319	-2273
-2893	1739	4655	-182	9106	-1715
-4269	1277	5557	234	6146	105
-4254	326	3946	60	3989	153
-3803	-298	2313	-162	3938	-334
-3428	-228	1576	-170	5042	-1125
-3179	-149	1606	81	6004	-1129
-3350	-342	1760	626	6532	-967
-3730	-707	1740	1298	5977	-1215
-4105	-877	1539	1467	4562	-2294
-5065	-1861	1698	741	2721	-3554
-4464	-2143	1352	255	2129	-5077
-3836	-1446	1079	964	644	-6172
-3844	-800	770	1346	-2114	-5837
-3501	-978	144	2224	-3245	-4248
-3539	-743	1	2967	-3225	-2535
-3418	-1106	-198	2599	-4151	-2229
-3523	-1165	-579	1864	-4853	-2945
-3542	-1372	-825	1142	-5056	-3847
-3029	-1419	-1242	480	-5175	-4370
-2533	-1199	-1863	84	-4903	-3422
-2268	-1647	-2183	-686	-3785	-1973
-2671	-2291	-1925	-1349	-1466	-2096
-2884	-2472	-1494	-684	210	-3008
-3170	-2274	-1001	129	1154	-3651
-3538	-1898	-549	415	1565	-3658
-3053	-1663	-260	492	929	-2663
-2453	-1430	-189	482	731	-823
-2599	-2551	-269	-677	1084	975
-3774	-9779	477	-7032	2352	-4367
-1735	-12533	-3274	-5964	2228	-11743
-2461	-6397	570	-570	3553	-6885
-981	-4731	819	-1288	2546	-2812
-1709	-4686	-22	-823	2216	-926
-2059	-4225	-489	1231	2254	-1685
-2742	-2847	-336	2352	2217	-5862
-2362	-2849	-172	1542	2594	-8359
-1253	-5588	954	-178	2074	-6912
-585	-5376	552	-689	2152	-5176
-1182	-3143	902	-411	3164	-3020
-979	-3065	1174	-412	1824	-778
63	-3767	548	-234	1509	-1158
-87	-3869	372	-558	1402	-2196
150	-3885	263	-1291	1029	-1700
287	-4273	81	-575	880	-434
10	-3911	-37	-220	-95	-449
408	-4027	-103	157	-1499	-561
329	-3663	-509	638	-1774	-531
-453	-4575	-485	345	-1165	-819
-458	-4396	210	457	16	-741
-766	-3866	866	-122	-192	-717
-481	-4335	521	-801	-1363	-488
-182	-4203	-243	-255	-1948	-716
453	-3871	-692	317	-1841	-730
718	-4165	-714	726	-1480	-111
308	-4654	-330	1463	-993	102
309	-4670	179	1358	-587	353
-67	-3896	687	493	-569	249
-19	-4264	520	601	-580	-97
169	-3939	458	216	-852	-23
300	-3592	175	95	-684	-110
166	-4398	-54	297	-303	-218
57	-4131	135	165	14	-450
49	-3914	365	135	118	-602
196	-4033	337	88	122	-627
252	-4025	366	66	56	-540
254	-4106	426	65	-56	-337
232	-4032	339	78	-145	-61
229	-4058	251	117	-111	-38
194	-4103	287	168	34	-68
212	-3985	396	78	49	-167
269	-3993	389	-7	27	-52
-1267	-287	4324	-73	114	546
-1210	-319	4252	-6	-175	610
-1023	-392	3982	14	-362	576
-875	-481	3751	-39	-370	442
-820	-512	3607	-113	-269	302
-813	-491	3648	-132	-217	215
-836	-412	3646	-58	-182	231
-1017	-438	3678	45	-194	258
-1070	-375	3666	127	22	340
-963	-374	3756	147	124	467
-990	-260	3909	55	236	575
-1397	-343	3932	33	96	518
-1881	-375	3662	72	-5	297
-1814	-233	3086	138	166	225
-1436	-47	2782	270	483	442
-1128	162	2692	322	706	453
-1096	383	3065	290	942	197
-1224	272	3831	198	655	-171
-1236	244	4060	250	416	-259
-1203	68	4423	475	689	-101
-878	17	4670	493	160	-56
-855	-88	4172	381	-519	-343
-865	13	3394	242	-1072	-625
-625	141	2611	160	-1227	-720
-564	108	2134	81	-765	-750
-588	110	2186	-76	67	-1009
-596	254	3139	-141	546	-1172
-827	389	3978	81	606	-734
-1082	63	4401	297	228	-452
-770	-324	4170	424	-270	-777
-937	144	3467	454	-409	-1118
-678	446	2780	237	-154	-580
-266	182	2773	231	835	354
-433	504	3543	138	1064	702
-626	407	3710	-112	120	1086
-768	203	3118	-54	-489	1325
-901	219	2260	214	6	1711
-679	-225	2389	339	922	2082
-672	-378	2766	319	1054	1707
-979	-359	2849	65	1062	1449
-2115	-199	2418	343	1195	1908
-1821	-435	2410	66	2456	2142
-1400	-718	3933	44	2874	1013
-2712	507	4151	-115	1112	-235
-2395	817	2931	-283	-458	-218
-1526	517	1650	-33	-295	435
-1140	-202	1360	464	1384	1463
-1153	-774	1700	361	2593	1571
-1782	-366	2131	482	2689	467
-4536	882	2456	31	403	-641
-11737	1787	-383	1665	-2173	1066
-8700	-3337	915	34	10005	-998
-6113	3104	9647	311	12570	-6098
-7925	7282	13959	1844	7487	-712
-5163	4512	10438	1584	2063	1809
-1131	21	3915	318	796	266
-691	-1574	500	-631	3273	-259
-458	-2204	380	-962	6582	-420
-969	-1993	1757	186	9114	-1139
-3117	380	3049	1300	9011	-1923
-3852	1233	2906	1559	7669	-1853
-3829	545	2710	1293	6736	-1118
-3415	264	2319	1030	6397	-1381
-3481	301	1556	950	6853	-1642
-4180	311	1151	1078	7067	-1870
-4445	358	1022	1130	7498	-1900
-4882	22	1342	1121	7083	-2081
-4246	98	991	1590	5112	-2407
-3860	-14	692	1041	4339	-3059
-3746	-694	821	450	2982	-3927
-3451	-780	690	553	1446	-4486
-3639	860	823	-57	47	-3420
-3381	1229	634	-93	-1971	227
-2994	688	256	635	-3879	3735
-3471	-573	-128	938	-5976	4538
-2677	-674	-612	63	-6430	2269
-2127	-706	-661	-1107	-5740	-606
-2301	-929	-723	-1878	-4832	-3276
-5389	-2036	-853	-2095	-3992	-5293
-8984	-3272	-982	-690	-3843	-4367
-7054	-2249	-1054	760	-5772	-997
-4389	-1339	-1579	-13	-5847	325
-3926	1296	-4850	-3266	-2454	921
-6611	-436	-7183	-12235	7945	6859
-5064	-5213	-6257	-5118	10099	2295
-5071	-400	-1543	231	7126	-639
-4209	-1372	-725	329	3556	-803
-4064	-1006	-546	483	2887	-1077
-4169	-1008	-727	496	2800	-1340
-3916	-969	-624	370	2576	-1606
-3771	-1356	-788	276	2658	-1618
-3816	-1426	-1097	20	2615	-974
-3847	-1450	-1349	17	2557	-266
-3767	-1318	-1325	87	2366	-283
-3574	-1223	-1548	114	1884	-490
-3873	-1198	-1639	147	1229	-442
-4089	-1273	-1640	190	504	-374
-4016	-1407	-1567	169	14	-244
-3680	-1312	-1374	168	-102	-219
-3597	-1233	-1238	155	12	-336
-3782	-1229	-1290	133	124	-361
-3715	-1245	-1287	160	280	-415
-3572	-1310	-1290	120	373	-397
-3606	-1383	-1368	68	403	-348
-3577	-1427	-1367	55	347	-285
-3494	-1449	-1366	57	257	-209
-3537	-1440	-1375	58	205	-179
-3602	-1475	-1433	56	209	-169
-3636	-1418	-1425	44	190	-121
-3584	-1406	-1414	22	171	-72
-3522	-1413	-1420	9	137	-44
-3539	-1458	-1436	7	86	-7
-3532	-1440	-1431	-7	27	49
-3535	-1426	-1426	-14	14	58
-3506	-1417	-1417	-10	17	44
-3450	-1409	-1408	-8	2	37
-3466	-1404	-1409	-11	-35	65
-3504	-1428	-1434	-11	-68	92
-3502	-1423	-1402	-25	-80	129
-3492	-1393	-1374	-30	-71	131
-3457	-1380	-1371	-29	-25	111
-3496	-1378	-1368	-35	27	102
-3522	-1381	-1394	-56	54	133
-3557	-1386	-1415	-74	56	160
-3540	-1374	-1414	-77	58	159
-3546	-1366	-1409	-79	51	160
-3573	-1364	-1447	-84	17	181
-3519	-1322	-1438	-71	-8	153
-3521	-1334	-1410	-56	-29	125
-3555	-1324	-1417	-51	-47	129
-851	-394	3798	-181	-134	169
-995	-334	3776	-143	-136	69
-1127	-353	3732	-128	-47	24
-1216	-385	3796	-120	204	108
-1090	-5	4058	-179	374	205
-1473	211	4291	-193	236	475
-1809	100	3896	-47	-246	504
-1587	104	3255	167	-183	570
-1477	245	2699	225	252	727
-1467	93	2521	299	944	918
-1477	-106	2869	371	1533	640
-1480	-6	3725	457	1749	275
-1623	118	4653	474	1368	-135
-1665	533	5190	437	609	-392
-1355	1010	4884	442	48	-211
-972	962	4205	421	-286	237
-628	607	3485	430	-332	507
-578	339	3167	326	-300	412
-701	200	2947	198	-298	242
-790	54	2730	129	-190	21
-910	-142	2660	76	-140	-212
-888	-210	2686	33	-191	-367
-730	-71	2861	-14	-316	-425
-676	-72	3236	2	-596	-361
-885	45	3292	22	-829	-658
-894	235	3282	102	-945	-710
-872	232	3011	24	-823	-749
-867	487	3206	-91	-520	-703
-844	600	3661	-71	-322	-201
-877	266	4118	-30	-383	202
-981	-55	4138	46	-556	153
-914	-353	3760	115	-697	-158
-390	-487	3558	118	-657	-676
-239	-156	3390	30	-452	-912
-183	419	3326	-184	-75	-565
-452	579	3323	-276	435	1
303	860	3047	-857	1444	-80
-1148	3	3347	-378	2206	110
-1186	621	3013	123	2341	1209
-1137	42	3541	-67	2830	1934
-886	-1033	4430	163	2004	1492
-2429	-660	3901	-16	999	621
-2015	-462	3258	-308	1026	473
-1616	-119	2629	-205	1061	268
-2092	173	1987	-414	1011	73
-1950	-11	1670	-388	844	204
-1309	129	1876	-291	1264	557
-969	405	2252	-483	1168	886
-773	481	2418	-740	607	1146
-3171	620	2171	-1261	-883	1623
-11787	-1392	-25	-2156	-6583	2929
-11239	-3607	-2276	-2451	13438	446
-9414	2862	4220	769	18764	-2175
-7841	4905	15200	1889	14219	890
-6639	2273	13939	465	5004	2494
-3422	-422	7505	408	-29	3161
-839	-2045	2387	87	175	3070
30	-2151	301	826	2790	1576
-390	-1110	-367	999	5345	717
-729	-552	112	1193	7607	248
-937	596	1100	1716	9386	-1385
-3435	1886	2069	1765	10333	-1977
-5498	364	2567	329	8112	134
-5015	-840	2281	437	6096	579
-4861	-14	1980	923	6854	79
-5265	1124	2161	70	7772	102
-4201	1581	2624	-148	6780	920
-4706	1388	3062	-356	4229	2280
-6396	1402	2792	-380	463	4030
-5629	2292	1045	-1121	-1872	6016
-4055	2138	724	-1393	-2869	6457
-3262	1448	237	-1791	-5355	5914
-3499	1240	-78	-2487	-7719	4492
-4909	1704	-847	-2154	-8944	2680
-6087	2095	-1254	-1036	-7598	2687
-5053	683	-958	-176	-7357	3913
-4957	1135	-1327	403	-8506	4907
-4739	1669	-1699	130	-8545	5301
-3203	2087	-3240	-1660	-7855	3395
-1926	2230	-4210	-2203	-5382	214
-1596	2881	-3783	-346	-360	-519
-2243	3923	-2315	119	3569	1258
-2773	3268	-1054	-564	5014	3084
-5267	6297	2041	-469	4669	5465
-4868	6867	2437	191	941	10582
-2063	4069	1370	1388	3178	6391
-1987	4258	1412	2642	2932	5240
-2403	4702	847	2921	2036	4552
-2721	4864	435	2270	965	5131
-2740	4583	746	854	868	6905
-2217	4074	978	287	1180	8925
-1254	3949	1138	562	1421	9383
-785	4110	640	846	1974	8028
-1761	3180	847	950	1957	4601
-56	3525	497	282	1468	2034
887	3450	633	-19	1959	1617
924	3253	1256	333	2006	1465
739	3517	1053	717	1125	1134
764	3877	767	582	963	1107
665	3596	812	49	859	871
658	3444	714	-465	579	366
633	3877	660	-959	352	107
447	3883	725	-1361	304	269
412	3638	1005	-856	223	839
65	3285	1196	-382	189	424
301	3522	1213	-307	659	142
592	3528	1340	-870	1050	-354
384	3159	1474	-1437	439	-912
-86	3003	1531	-696	-709	-1650
388	2913	1087	352	-1881	-2302
888	4432	568	-570	-1335	-828
-525	1045	483	551	-1038	-3474
-569	1408	526	893	-1183	-7082
-372	2014	436	1423	-797	-9445
-570	2972	538	728	-203	-9595
-1998	4260	925	-625	-1101	-9724
-2600	3143	681	1066	-2251	-4439
-2152	2565	480	985	-1501	724
-2476	1820	497	238	-581	1314
-2664	1477	798	-219	-313	-5041
-4294	18859	5055	9829	-5172	6199
4050	1854	-2053	6575	-2616	-3006
-645	3455	-1239	2210	-1747	-5893
-4234	5088	-25	613	-178	-1599
-1863	3480	-108	-705	89	1712
-1043	3196	585	-934	236	1553
-1424	3731	1046	100	86	190
-1736	3666	289	581	175	-163
-1747	3687	214	272	160	105
-1557	3606	300	113	87	19
-1194	79	4622	362	-268	-879
-955	251	4131	319	-642	-770
-709	379	3762	226	-555	-742
-625	639	3727	118	-354	-601
-803	973	3745	87	-238	-141
-1116	1039	3902	90	-210	364
-1210	314	3945	111	-106	480
-1206	-468	4114	237	-147	-160
-1569	-605	4013	317	-399	-445
-1726	-1075	3450	315	-777	-692
-2099	-1032	2494	132	-819	-1216
-2017	-174	1763	-146	4	-1734
-1628	501	2319	-262	1380	-1658
-1361	916	3576	-156	1766	-1009
-1512	1086	4738	-135	1477	-227
-1996	258	5491	-289	470	267
-1730	-630	4856	-498	-265	314
-1101	-950	4152	-512	-343	168
-917	-737	3397	-370	-309	25
-1042	-682	3006	-196	-87	-157
-1117	-673	3114	-135	103	-420
-1330	-358	3255	-143	203	-613
-1235	-18	3398	-63	79	-681
-1080	289	3329	-63	-185	-950
-907	204	3203	16	-261	-1234
-966	2	2996	2	-200	-1550
-973	-111	2686	-119	-131	-1379
-958	-422	2383	-181	-211	-1249
-888	-848	2074	-99	12	-1285
-1189	-827	2257	270	787	-862
-1371	-957	2978	664	1298	-1257
-1316	-541	3626	891	1199	-1960
-1154	-214	3950	1026	484	-2016
-904	125	3885	1007	-512	-1649
-701	186	3233	943	-853	-1530
-739	177	2501	877	-332	-1663
-561	200	2004	838	459	-1304
-805	116	1849	721	1153	-375
-473	-307	2461	832	1672	-507
-902	-125	3195	863	2016	-1528
-1254	440	4094	906	1868	-1140
-1882	202	4117	967	1400	-706
-2164	-441	3316	948	1753	-432
-1455	-429	3384	844	2002	-647
-1685	24	2670	538	1885	-892
-1860	598	2323	-205	1863	-1380
-1713	1080	2573	-281	1423	-1611
-2084	1361	2287	-540	1045	-751
-1979	701	1885	-837	1123	451
-2071	68	2171	-822	880	1053
-7801	525	3325	-1216	-3033	1724
-12986	5013	-5380	-1512	-1551	6724
-10502	76	1933	806	15206	6892
-7291	-6223	13663	-2506	14623	390
-6712	-6509	15875	-1802	6524	-28
-2512	-2615	8588	-1895	-967	-21
-555	-261	350	-964	-179	-872
-1143	836	-1626	-511	4063	-1720
-891	540	-1224	-282	8067	-1765
-1214	-24	793	-690	11260	-1734
-3505	-662	3840	-540	12427	-1169
-5101	308	5386	-532	9888	-717
-4193	725	4144	-927	7446	-1355
-3797	1726	2727	-999	6190	-1178
-3120	2111	1729	-1841	5732	160
-3098	275	1370	-2434	4800	1527
-3628	-374	1422	-1255	1753	2080
-3808	-884	485	-2749	-1224	668
-5858	-1752	386	-878	2918	-1927
-5027	-1192	820	-782	1660	-3871
-4041	-1562	582	-220	-433	-4083
-2843	-1247	258	652	-1543	-3251
-2105	-1012	46	1263	-2392	-2444
-2237	-908	61	1606	-3731	-1972
-2914	-991	-94	1537	-5355	-1677
-5126	-1471	-442	1070	-6598	-1671
-7504	-2303	-694	-64	-6070	-2631
-6469	-1720	-1355	-226	-7376	-4954
-3373	1342	-10719	-7418	-1015	-860
-5051	-9347	-9470	-15675	12997	-1054
-4958	-1252	-2297	-6087	11367	-1946
-2663	-1045	-2316	1090	8635	-4144
-3967	-1032	-2436	2078	4432	-4593
-3854	-1868	-3371	1903	3035	-4404
-4451	-3789	-3177	843	3548	-5159
-3926	-3582	-3055	886	3128	-6305
-3397	-3751	-3757	1147	3318	-5884
-2699	-5521	-4165	2935	4372	-7664
-3071	-3045	-2340	3813	4562	-8225
-2894	-2867	-1852	3942	3680	-8297
-2389	-2997	-1831	3891	2631	-7737
-1255	-3573	-2042	4054	1989	-7166
-1375	-4138	-1552	5353	1222	-6840
-1522	-2668	-862	7012	-1307	-5636
-715	-2631	-910	7517	-3310	-4811
549	-3471	-856	7205	-4258	-5241
2291	-2525	964	4716	439	-1931
1456	-3565	1968	1228	1696	2417
843	-3888	1839	97	278	3526
114	-4226	1461	218	-1222	1852
-276	-4365	926	330	-2059	-621
568	-3750	352	274	-1991	-2565
257	-3272	540	853	-2480	-2600
591	-3115	365	1220	-3146	-1474
970	-3632	-309	1662	-3151	-677
1320	-4417	-870	1338	-1693	-1166
855	-5071	-197	851	-378	-1985
1164	-5201	497	876	107	-226
314	-4167	688	973	-196	1625
822	-4571	651	917	-191	1566
157	-3238	908	1091	-524	-50
262	-3029	674	502	-455	645
253	-2984	744	-175	-479	2240
938	-4401	819	-388	-317	1984
895	-4185	683	-263	-341	481
538	-4265	541	47	-154	-369
91	-3859	707	261	-375	-314
1205	-4377	619	403	-446	563
731	-3931	862	543	-160	36
498	-3727	1032	132	-113	854
72	-3683	1017	81	-345	802
-164	-3825	873	-23	-354	296
83	-4005	860	-255	-507	477
174	-4031	670	-315	-673	657
-7	-4021	548	-288	-509	549
-48	-4275	626	-44	-382	300
80	-4215	601	-111	-228	-7
173	-4198	655	-76	-119	-25
-128	-4151	601	73	-98	244
-127	-4204	602	207	-89	-53
-1033	458	3855	75	-259	-600
-1041	463	3857	59	-140	-563
-1049	487	3888	106	-128	-523
-1083	514	3916	115	-163	-485
-1205	767	3731	73	-235	-373
-1342	748	3417	75	-85	-217
-1095	401	3328	78	232	-410
-966	219	3578	199	663	-473
-1235	257	4012	287	636	-365
-1468	339	3997	193	274	-271
-1659	430	3858	8	35	-343
-1964	530	3319	-88	-16	-420
-2098	451	3150	-112	646	-603
-1994	390	3512	-109	996	-661
-1894	137	3649	-77	764	-656
-1428	-170	3587	-57	323	-789
-1195	-244	3432	-93	-85	-939
-1322	-22	2994	-194	-104	-1071
-1283	387	2618	-278	584	-783
-1187	510	2946	-328	1619	-366
-948	606	4187	-451	1738	-340
-1084	465	4982	-449	656	-188
-1153	-55	4891	-262	-922	-87
-695	-537	3798	11	-2011	-203
-370	-621	2698	121	-2215	-463
-597	-279	1766	244	-1986	-465
-942	356	988	633	-909	-70
-159	482	1908	1019	774	590
-546	-33	3988	938	1267	986
-1558	-712	5451	668	275	384
-2304	-628	4598	659	-1078	175
-1845	-535	2957	748	-1265	195
-680	-502	2336	760	-801	-388
-78	143	2488	695	-390	-958
-596	689	2808	624	168	-658
-1159	372	3183	501	410	-305
-1317	102	3255	287	582	-444
-1116	299	3008	173	502	-684
-795	453	2901	81	599	-452
-485	513	3087	-11	815	-77
-1167	267	3083	-137	1292	212
-1579	113	3301	-140	1743	18
-1325	487	3494	-367	1549	-228
-1436	543	2824	-497	1401	-136
-1733	507	2002	-510	1623	192
-1706	27	1553	-360	1734	620
-1782	-297	1575	29	1879	705
-2002	-33	1789	-19	1912	430
-2123	240	2001	-540	2109	-81
-3622	517	2721	-694	2	22
-13883	1980	1901	-1908	-8499	994
-14629	1681	-866	360	13090	3943
-9632	633	7703	117	18202	-736
-7574	-32	14903	606	10914	-64
-3639	-372	12519	492	4323	-226
-1615	722	6918	-57	-109	-343
-604	189	2249	-372	-867	-245
-173	-394	-191	-564	943	-230
100	-269	-848	-918	3901	-1021
190	-620	-559	-541	7457	-1592
-918	-475	-30	1721	11916	-2178
-6824	-42	2947	694	8726	-1874
-5935	-977	3624	679	8478	-1844
-5540	631	3618	235	7706	-2884
-4155	1387	3372	221	7645	-2382
-4009	1005	3635	359	7603	-2125
-4555	-436	3170	1255	4908	-1600
-3586	-763	2239	2218	735	-1332
-3580	-1154	960	579	-382	-2499
-5451	-2301	635	597	-189	-4536
-5844	-1937	711	1037	-1684	-6265
-4243	-1367	208	1334	-3674	-6350
-3352	-738	-154	2357	-5344	-4033
-3581	-349	-194	2497	-6817	-937
-3444	135	-542	1843	-8086	1919
-3764	76	-850	161	-7931	2954
-4046	-541	-941	-1795	-7381	1391
-3277	-1077	-1009	-2465	-7322	-2151
-2090	-1524	-1981	-2415	-6873	-4724
-1826	-2701	-3551	-1180	-5489	-4816
-2480	-3051	-3980	-569	-1302	-2873
-3979	-2893	-2768	-1789	4031	-1666
-7038	-6475	548	-3427	7855	-290
-6818	-6130	1609	-3586	5542	-3345
-4769	-5076	1435	-2640	6420	-2135
-2472	-3935	246	-1257	7234	-2662
-3643	-2241	-459	664	6934	-3438
-3523	-2520	-148	271	4968	-2839
-3958	-4111	-586	-954	2539	-2053
-3811	-4092	-888	184	2071	-1362
-4238	-3599	-247	1583	2481	-2726
-3493	-3188	-363	1466	2363	-3994
-2452	-2568	-256	818	2007	-3932
-2337	-3657	-351	966	1836	-3208
-2240	-3387	-104	824	1515	-1746
-2575	-3162	-7	155	1290	-722
-2172	-3629	-479	-108	817	426
-1728	-3166	-590	33	394	1435
-1315	-2947	-324	114	303	2396
-1792	-2995	-293	-76	327	3090
-2323	-2893	-239	-241	315	3393
-2680	-3025	-238	-288	189	3503
-3103	-2746	-179	-344	112	3638
-3295	-2524	-211	-625	66	3202
-3283	-2234	-321	-650	268	2677
-3098	-2520	-508	-717	390	2430
-3162	-2365	-535	-600	584	2363
-3608	-2118	-487	-524	592	1888
-3474	-2325	-510	-404	507	1522
-3475	-2265	-528	-373	507	1324
-3513	-2158	-496	-316	498	1161
-3469	-2176	-554	-284	457	891
-3379	-2094	-472	-325	452	841
-3543	-2109	-554	-371	502	593
-3642	-2135	-630	-352	474	383
-3655	-2125	-698	-267	379	238
-3620	-2096	-731	-187	332	92
-3595	-2089	-702	-115	262	-74
-3498	-2117	-774	-61	209	-191
-3368	-2096	-755	-21	131	-262
-3246	-2068	-728	36	22	-288
-3229	-2080	-669	70	-38	-345
-3297	-2110	-693	90	-72	-377
-3327	-2146	-707	104	-96	-398
-3320	-2237	-710	127	-95	-390
-3276	-2195	-671	106	-74	-304
-3356	-2230	-671	105	-55	-328
-3352	-2214	-664	107	-50	-301
-3327	-2253	-671	116	-45	-309
-3280	-2250	-631	110	-54	-285
-1202	460	3682	223	712	-154
-1284	402	4095	235	565	-173
-1316	273	4307	198	212	-365
-1187	278	4254	106	-71	-616
-1030	441	3975	35	-222	-730
-930	655	3814	-13	-268	-666
-792	708	3578	-15	-152	-554
-740	477	3690	14	153	-615
-988	157	4001	24	119	-825
-1821	150	3787	-115	-259	-951
-2379	-2	2637	-106	-157	-1067
-2176	-68	2151	-1	1108	-1344
-1794	178	2870	-12	1530	-1353
-1736	265	3543	-32	1191	-1043
-1690	387	4204	-61	433	-726
-1498	491	4350	17	-412	-319
-1496	642	3859	113	-861	118
-1425	415	2974	-301	-67	384
-838	463	3075	-271	-59	621
-609	94	3096	-418	155	557
-953	-6	3561	-490	27	279
-1353	-129	3671	-326	-379	191
-1186	-31	3429	-173	-454	68
-932	96	3244	-90	-376	245
-888	182	3144	-36	-196	508
-1007	246	3262	-36	-179	529
-1229	302	3265	-39	-447	597
-1079	46	3135	-10	-340	545
-896	-220	3173	-52	-185	638
-857	-467	3222	5	-100	790
-997	-404	3170	174	-124	935
-818	-221	3203	318	-213	759
-898	-198	3083	373	-333	364
-989	-40	2789	280	-34	62
-943	123	2632	192	691	-32
-1014	205	2673	225	1737	394
-532	-295	3419	183	2037	232
-926	37	4429	-103	1290	1
-1939	504	4689	-324	194	-79
-1596	620	4290	-461	306	52
-1510	490	3617	-346	718	653
-1701	418	2707	-385	932	1087
-1420	313	2246	-486	1170	1094
-1708	292	2266	-577	1599	887
-2487	286	2224	-861	1612	905
-2736	153	1999	-900	1396	965
-2069	-115	1590	-334	1687	1043
-1625	182	1654	-233	2392	1162
-1435	-77	2143	-335	1472	1424
-3114	230	2189	-507	15	1265
-11644	-34	3091	-2001	-8983	1626
-11023	-1517	-4349	-538	11653	2155
-6430	519	4329	1617	17542	-2745
-8157	3184	17448	1378	13000	-1165
-6445	434	14209	1010	3502	-286
-2656	-128	5953	-310	-945	-1178
29	-757	1171	-443	129	-245
43	-922	-332	-577	3082	-139
476	-822	52	-196	6318	-988
-917	-51	1360	793	8345	-2079
-3635	831	2259	562	8564	-1818
-4846	-469	2749	370	7372	-853
-5073	-218	2930	1153	6457	-1290
-4699	493	2584	851	6442	-2143
-4685	1079	2501	-463	6997	-2438
-4713	1335	2696	-1536	6262	-1433
-4612	764	2577	-1379	4458	363
-4300	691	1861	-1052	1347	2190
-3933	730	835	-255	-1457	3710
-3733	1958	-138	-811	463	5005
-4862	368	642	-1172	1172	5486
-3458	-696	192	-1357	408	3853
-3199	-1016	259	-1643	50	1859
-3352	-1180	268	-2274	-1425	1415
-3771	-137	166	-1965	-3210	2454
-4069	1072	-117	-1857	-5109	5076
-4106	796	-411	-1351	-5424	7945
-5014	1189	-604	-1492	-6371	8877
-5173	1639	-1186	-1510	-6473	7631
-3951	1565	-1487	-1969	-5950	4441
-2712	1398	-1655	-2711	-5072	1165
-3078	1654	-1857	-2372	-4220	82
-3634	2271	-2295	-624	-3112	1142
-3461	2914	-2518	323	-1106	2861
-3162	2599	-2106	190	1352	3277
-4207	4549	-1253	634	4094	2452
-4405	8469	292	-124	3922	4713
-3775	6091	1978	-1046	3054	8491
-3233	4546	2114	-365	434	6624
-2347	3756	1796	121	-6	4310
-2474	3166	1765	199	506	3434
-3131	3057	1629	501	485	4701
-3302	3319	999	1010	516	6617
-2478	3412	642	778	485	7738
-1389	3732	539	31	599	8538
-551	4227	513	-975	1130	8589
-644	3846	1161	-1394	2031	7848
-647	2993	1309	81	2641	5295
268	3422	1398	1152	2033	1844
718	3491	1512	603	2494	795
886	3756	1488	523	2868	1415
-246	4012	1482	-99	2320	2408
491	3943	1112	461	414	2537
864	3658	934	299	221	1879
746	3781	1043	-38	246	1123
442	3924	1016	-21	194	737
319	3851	1015	53	442	861
293	3663	1127	-59	772	920
143	3455	1177	45	739	1041
558	4285	1157	-115	811	1577
549	4027	1429	290	655	1377
600	3899	1167	433	244	732
676	3907	890	272	39	211
663	3961	800	39	-40	-177
496	3944	875	-90	-110	-308
381	3908	1003	-142	-60	-207
325	3922	1110	-70	12	3
493	3962	1063	-36	-28	22
529	3954	1037	-21	-138	-209
454	3973	987	-69	-246	-432
356	3985	903	-121	-271	-566
285	3947	994	-109	-238	-613
217	3967	1094	-72	-157	-509
174	3984	1113	-69	-167	-325
137	4012	1161	-65	-251	-215
119	3981	1145	-66	-305	-189
95	3751	1132	55	-481	-167
176	3559	941	82	-579	4
636	4434	760	-206	-249	383
401	4085	1118	-135	74	420
-1713	-151	4512	-432	136	293
-1720	-509	4635	-444	11	545
-1512	-854	4691	-573	-142	257
-1246	-890	4239	-623	-631	-441
-972	-582	3630	-488	-740	-943
-827	-233	3343	-342	-516	-1058
-847	-89	3506	-256	-221	-1039
-995	-103	3816	-274	-289	-991
-971	-334	3869	-218	-732	-932
-947	-688	3495	22	-1155	-1013
-728	-734	3228	250	-1021	-1311
-558	-179	3404	386	-612	-1520
-807	154	3925	604	-402	-1316
-1104	6	4043	742	-571	-1114
-1369	-298	3779	845	-762	-959
-1514	-1143	3388	867	-671	-931
-1462	-1671	3437	691	-72	-1487
-1299	-1420	3859	508	331	-2197
-1346	-735	3733	540	206	-2890
-1099	65	3695	853	4	-2880
-735	525	3789	1181	-482	-2554
-762	453	3445	1298	-865	-2130
-648	264	2940	1049	-384	-1979
-1305	193	2130	662	711	-1142
-835	4	2358	764	2077	-514
-135	-11	3749	997	1738	-1189
-1443	-59	3436	940	147	-1454
-1454	197	3194	944	-583	-1575
-713	351	3364	776	-1590	-1477
-456	540	2502	549	-1784	-1380
-149	661	1815	421	-438	-767
-36	155	2296	534	781	-871
-388	636	3237	453	964	-1419
-490	832	3845	378	472	-947
-485	315	4154	274	-32	-714
-671	2	3920	47	-204	-895
-684	162	3326	-81	-193	-1079
-93	629	2937	-80	-24	-980
382	1272	2797	-356	324	-555
-528	1237	2845	-679	831	-43
-1048	1013	2831	-1185	1561	443
-1113	900	3246	-1434	1784	992
-1574	158	2721	-1453	2081	1342
-1328	202	2419	-1607	3650	1290
-1240	555	3119	-1992	4284	1406
-1379	-281	3302	-2145	2741	1948
-1737	-351	2253	-2417	1299	1645
-1200	-127	1470	-2708	1103	998
-1268	-103	1268	-2792	1257	1158
-4357	-1266	1943	-2127	-703	1840
-10036	373	-1565	-2750	-9078	1754
-13620	2517	-2998	-728	17485	7333
-12139	-1725	3997	-472	21662	2893
-5004	-7967	18384	-3620	19602	-2889
-7483	-4609	17723	-1236	3698	-167
-3621	-1474	5808	-934	-578	-687
-555	-20	96	-820	87	-771
342	744	-1761	-914	3514	-1089
-542	480	-1614	-1389	7630	-1596
-1997	252	-880	-1532	11562	-1168
-4235	310	195	-1326	14459	-51
-7391	555	2278	-791	14874	1063
-7864	-679	4000	-640	13931	-108
-6141	-1368	5218	-690	9186	-495
-5403	-756	3681	-1130	4851	-448
-5832	-904	2015	-1009	568	-953
-4428	151	1036	-1324	-5334	-1943
-2013	401	-459	-3500	-6728	-2257
-2901	355	-467	-803	-2305	-337
-3269	43	139	386	-2771	2026
-3116	-758	-45	435	-3404	2015
-3912	-1692	-251	518	-3640	671
-4004	-1456	-195	848	-3984	-1338
-3973	-1507	-273	922	-5256	-2961
-4169	-1804	-603	1210	-5906	-3842
-5002	-1919	-652	1486	-5917	-3485
-4976	1749	-8462	-3411	-339	2767
-5279	-7626	-8623	-9055	15390	4824
-245	-7050	-7859	-1421	7155	-5570
-3671	-2188	-7767	478	9838	-6697
-5614	-2321	-1837	1624	6386	-5516
-3650	-1771	-1705	2758	6681	-6119
-3342	-1206	-2598	3485	8961	-6693
-3320	-2856	-4022	3105	11146	-6222
-2829	-3523	-3905	4119	11601	-6725
-2819	-2982	-4060	4970	10892	-6847
-2661	-2814	-3160	5753	9075	-6262
-2220	-4200	-2958	5613	5919	-5320
-1397	-4701	-3481	4029	3107	-3907
-1250	-2251	-2348	3193	2440	-2755
-543	-3076	-1406	2501	1053	-2070
262	-4032	-708	1461	601	-707
1041	-4787	-257	1563	302	-1710
-95	-3568	231	734	-606	-1437
1377	-3945	-1170	462	-356	-1206
1262	-3527	-1261	199	570	-662
348	-3577	-1391	214	844	-5
-156	-4023	-1657	1139	992	403
-259	-4109	-1390	1656	916	396
-741	-3993	-1125	1291	626	129
-713	-3757	-1205	877	-97	-531
-503	-3850	-1417	562	82	-1004
-698	-4091	-1223	667	-160	-1184
-328	-4211	-1384	836	-455	-1293
255	-4147	-1617	989	-583	-1220
28	-4119	-1090	1256	-1004	-700
-48	-4173	-1103	1398	-1677	-372
22	-4030	-1190	1807	-2072	-499
234	-3840	-962	2150	-2420	-415
187	-3744	-801	2109	-2550	-340
32	-3836	-627	2101	-2867	-235
-109	-3888	-389	2093	-3286	-253
-1	-3822	-476	1945	-3732	-316
541	-3939	-1007	1514	-3337	-522
1050	-3820	-1408	993	-1820	-533
796	-3801	-842	909	-548	-139
538	-3854	-351	862	-314	110
402	-3920	-185	614	-301	47
239	-3818	-106	135	-195	62
210	-3882	-228	-207	-71	99
160	-3935	-299	-342	57	34
171	-3952	-319	-372	171	-11
150	-3998	-286	-522	219	46
110	-4073	-339	-708	189	91
108	-4097	-510	-757	170	39
126	-4096	-553	-614	166	-5
160	-4072	-543	-491	128	66
136	-4081	-526	-479	83	156
28	-4150	-564	-519	42	137
-5	-4165	-693	-512	50	42
-1058	521	4255	483	753	423
-1132	373	4315	420	471	488
-1399	-70	3827	137	-18	334
-1476	-525	2951	-104	-51	-190
-1677	-379	2460	-232	439	-774
-1835	158	2566	-276	1021	-887
-2003	875	3208	-241	1397	-350
-2058	1373	4094	-68	1461	800
-2038	1097	4995	-46	990	1751
-2033	66	5088	-323	343	1705
-1729	-840	4634	-715	-203	931
-1230	-987	3844	-843	-449	301
-909	-733	3258	-710	-269	-17
-950	-256	3208	-420	104	-49
-1216	51	3434	-200	343	101
-1390	133	3734	-194	295	175
-1415	304	3868	-315	114	293
-1435	423	3915	-439	-207	530
-1367	209	3877	-430	-665	659
-1232	-235	3591	-279	-1112	583
-1073	-486	3169	-121	-1208	385
-854	-432	2733	-31	-943	309
-776	-400	2579	34	-424	351
-762	-464	2977	139	-13	12
-836	-280	3626	247	-62	-200
-1264	-465	3797	420	-478	-303
-1595	-458	3379	341	-789	-736
-1484	-443	2541	179	-582	-1180
-574	-41	2565	123	77	-1558
-256	134	3094	363	528	-1455
-588	-70	3660	635	494	-1500
-787	18	3225	467	202	-1888
-864	370	2085	234	1023	-1157
-443	331	2028	515	2108	-218
528	93	2936	608	2487	-584
-425	2467	2951	-419	2986	-524
-3127	869	4220	87	1648	1167
-1850	229	4149	-379	-125	1706
-1545	288	2585	-730	-819	1515
-1230	188	1552	-727	-291	1795
-1200	-361	1280	-481	339	1913
-1215	-674	1316	-289	1086	2020
-1899	-723	1553	-232	1751	2027
-2322	-389	1615	-301	1673	1437
-1971	-451	1761	-549	2405	38
-2130	-169	2390	-576	3042	-633
-2156	403	2508	-717	2285	73
-2024	1025	1934	-1236	1162	1004
-1682	1036	1325	-1086	1082	1896
-5375	2010	1806	-915	116	3327
-20980	-109	-4033	1191	-1418	8198
-9349	-3565	-233	458	16596	547
-9434	2657	13871	2397	20186	-3570
-8882	6974	19724	2889	11620	519
-5712	1690	10847	1193	-312	2363
-1108	255	1435	-1144	-3747	2324
733	-1202	-2030	-896	-66	2601
1121	-1452	-1710	358	5134	540
332	-807	-1353	1123	9686	-751
-1108	-593	-1079	1634	14704	-1253
-5242	185	877	3150	16681	-2441
-7898	1286	2383	1969	10572	-2302
-6603	377	1553	1658	11266	-1896
-4913	1341	4091	621	11476	-1712
-4852	1842	6077	791	6700	-1089
-3765	593	2591	948	1660	-856
-4241	-36	1138	940	-853	-871
-4945	1858	560	-829	-2945	701
-4855	1643	869	-634	-4658	4625
-7220	1992	1037	-346	-10510	7087
-7845	1563	-1558	-68	-14245	6287
-6519	488	-1632	-3276	-11375	329
-6170	202	-1499	-4804	-11667	-4124
-8087	-945	-3154	-4265	-14939	-6091
-5917	-388	-12510	-800	-16668	-3036
-2528	1937	-10735	-2466	-2004	-1807
-2730	1205	-3576	-889	10503	-1286
-4167	1313	-502	643	11733	-2006
-4758	1543	681	715	8123	-2902
-4788	2357	487	622	5380	-2304
-5426	2752	719	503	4934	-186
-5993	2874	933	-136	4269	1690
-6247	567	-43	-604	2864	2713
-7802	-3509	-1693	-168	2388	-167
-3788	-1277	-364	552	3470	-4245
-1523	400	-32	652	3788	-3351
-2338	38	-299	249	4011	-1744
-4951	-610	-1416	87	2967	-1155
-4635	-596	-1181	306	2225	-1640
-4427	-962	-1188	405	1534	-1523
-4564	-906	-1296	453	989	-1478
-4544	-848	-1214	383	712	-1198
-4663	-809	-1218	298	496	-739
-4359	-837	-1178	287	336	-645
-4032	-787	-1085	257	173	-513
-3923	-780	-1109	201	100	-398
-3913	-785	-1076	170	68	-343
-3871	-781	-1056	133	74	-283
-3729	-784	-1036	87	84	-170
-3704	-766	-1076	50	51	-56
-3677	-742	-1050	43	-22	-30
-3727	-763	-1064	27	-68	-11
-3701	-800	-1041	9	-100	32
-3711	-803	-1018	-16	-113	120
-3718	-784	-1008	-30	-69	203
-3762	-769	-1004	-38	25	264
-3742	-739	-988	-53	114	309
-3768	-697	-1008	-65	188	337
-3828	-680	-1043	-63	261	303
-3883	-685	-1086	-79	312	278
-3905	-698	-1118	-89	305	309
-3898	-705	-1125	-102	265	347
-3891	-664	-1156	-107	217	364
-3826	-643	-1146	-115	157	357
-3820	-627	-1147	-118	132	375
-3838	-595	-1171	-113	106	347
-3848	-577	-1191	-104	70	298
-3828	-569	-1167	-87	21	261
-3791	-558	-1155	-63	-24	220
-3810	-521	-1132	-46	-62	155
-3827	-531	-1135	-33	-69	83
-3805	-525	-1135	-24	-53	48
-3817	-528	-1105	-8	-21	14
-3888	-551	-1155	2	3	-9
-3849	-545	-1136	14	9	-32
-3807	-550	-1125	25	12	-73
-3793	-573	-1130	19	29	-67
-3791	-565	-1153	15	57	-26
-3806	-568	-1141	9	78	-8
-3798	-557	-1147	11	89	-3
-1050	-215	2766	-824	-62	43
-1315	151	3087	-700	456	290
-1503	273	3506	-692	551	483
-1581	260	3857	-705	478	642
-1643	62	4081	-616	235	967
-1564	-130	4023	-492	-79	1140
-1402	-124	3818	-403	-297	1178
-1287	-105	3576	-291	-308	1242
-1292	-157	3490	-258	-283	1163
-1293	-130	3363	-224	-142	1170
-1409	-259	3481	-133	117	1298
-1390	-428	3687	-67	156	1264
-1354	-486	3760	-39	99	1141
-1350	-562	3665	-55	-10	936
-1236	-520	3586	-69	-53	739
-1298	-502	3571	-99	-204	541
-1357	-553	3413	-88	-140	460
-1385	-473	3470	-91	140	305
-1506	-329	3680	-130	152	207
-1492	-359	3547	-175	-96	71
-1315	-346	3235	-202	-380	-234
-1181	-300	2904	-142	-460	-495
-1225	-196	2704	-28	-411	-616
-1635	186	2291	84	-186	-465
-2088	651	1338	151	863	11
-1541	965	1125	144	2418	239
-720	912	2010	-104	3615	543
-723	920	4441	-231	2571	1023
-1342	-222	5660	83	-500	1569
-1527	-954	4806	74	-1300	601
-405	-480	4519	-123	-1223	90
117	-248	4157	-497	-1652	140
-309	-201	3275	-798	-2126	-399
-938	-42	2045	-858	-1197	-609
-425	388	2077	-965	300	-434
-662	562	3190	-810	1655	928
-800	-646	5081	-481	1477	1891
-1726	-1297	6127	-296	164	1452
-1698	-1397	5515	-139	-1373	938
-1239	-928	3390	11	-1608	1051
-627	-479	1941	-60	-659	1249
-610	-144	1242	-426	11	996
-835	263	742	-553	501	722
-964	425	807	-627	1668	824
-2232	473	2035	-196	3683	1236
-3529	297	3849	60	3222	1517
-2907	2	4152	-390	869	1329
-2236	831	2745	-695	-569	1916
-1880	18	1349	-487	-683	3024
-2095	-424	738	-178	-1078	3374
-6360	-1645	101	445	-1206	2976
-13791	-4227	-2956	41	6700	-273
-7011	-1136	6714	603	14127	-5856
-8114	6158	12422	1905	9765	-1084
-5930	7327	11229	2184	5218	1855
-3140	2377	7053	463	1428	2733
-1691	-949	2160	-124	1826	2786
-1433	-1912	708	-289	3429	2651
-1330	-1433	420	788	4659	2631
-1777	-1634	543	1232	6916	1055
-2945	146	1965	1861	8616	-975
-3579	1252	3208	1828	8829	-2041
-3607	1366	3965	1537	7729	-416
-3185	200	4356	640	6209	740
-3232	25	3580	668	5136	-458
-3001	813	2114	619	4160	-605
-2735	897	1262	-352	2648	109
-2333	343	728	-820	484	953
-2241	447	-218	945	604	2266
-3773	1229	-359	136	5269	3699
-4335	823	147	-276	5354	4143
-4377	1367	310	-15	5025	4455
-3483	998	162	-234	4416	4856
-3647	1706	479	-825	2822	5103
-3918	1627	578	-1166	313	5023
-4640	1856	301	-1422	-1945	3947
-5353	2159	176	-1732	-3349	1694
-4608	2183	-84	-2366	-4139	-457
-4687	2332	-157	-3192	-5660	-1205
-4833	2616	-426	-3693	-7403	-1105
-4607	2600	-932	-3419	-8298	-878
-4512	3096	-2847	-649	-6364	-1831
-4960	5029	-3840	4432	170	-6204
-3694	6547	-4559	7371	4104	-7736
-2339	7476	-4872	4912	5179	-1000
-4565	521	-1056	-820	4885	4466
-4191	935	-157	-1659	2539	5247
-3953	1529	-934	-466	1781	5393
-4101	2306	-1653	-81	2142	5411
-4539	2727	-1688	-354	2251	5660
-4208	3289	-1433	-783	2131	6387
-3694	2771	-1054	-781	1607	5823
-3525	3217	-961	-1260	1499	5977
-2823	2636	-713	-2102	1587	6477
-2341	2772	-255	-2574	1178	6733
-1930	3027	-139	-2412	511	6896
-2109	3008	-10	-1704	-509	7011
-973	4025	-695	-1223	-1643	7149
-657	4597	-891	-3132	-751	6145
-1411	3752	-203	-4306	-937	5766
-1464	3958	362	-4985	-2187	5462
-561	4279	115	-5436	-2672	5273
510	3116	632	-3586	-156	4035
305	3555	970	-1713	1151	2287
309	3719	937	-1298	92	1524
269	3571	838	-1076	-405	851
455	3795	815	-1303	80	405
389	3501	982	-1478	774	-249
454	3745	1322	-1762	1096	-515
898	3726	1773	-1286	897	522
492	4156	2082	-1247	77	1039
168	3955	1763	-1090	-655	1128
405	3841	1457	-1043	-611	926
469	3866	1503	-900	98	217
549	3522	1778	-308	340	-355
-6	3314	2079	288	134	359
236	3789	2155	347	-119	523
354	4037	1895	293	-241	442
390	3623	1453	191	-259	535
496	3765	1504	-51	145	504
275	3585	1636	57	63	492
322	3609	1555	201	-12	539
387	3607	1501	217	11	278
574	3897	1379	379	24	446
569	3810	1394	332	163	304
486	3833	1384	344	201	103
411	3815	1393	324	173	-78
407	3787	1353	270	167	-182
421	3740	1386	222	160	-306
354	3847	1332	224	135	-420
-1192	-646	3709	280	-668	-501
-1128	-279	3485	378	-612	-364
-1390	-107	3160	563	-455	36
-1993	-11	2967	685	-273	340
-2640	-249	2562	661	-132	549
-2205	-542	2437	475	731	357
-1440	-592	3590	538	1242	7
-1578	-358	4621	835	741	-600
-1628	292	5106	969	-250	-1162
-1309	1073	4832	869	-857	-940
-758	1289	4099	548	-886	-296
-633	974	3338	263	-845	256
-800	369	2664	54	-526	494
-935	-135	2910	-27	37	-68
-843	-88	3693	101	174	-583
-1347	32	3704	274	-39	-343
-2097	-140	2626	221	510	-13
-1528	-400	2650	-15	1328	-169
-738	364	3481	-263	968	-752
-1234	1408	3811	-406	-104	85
-1892	348	3501	93	-752	1682
-1338	-1339	3451	357	-774	967
-1259	-1932	3234	460	-900	-363
-791	-1938	3183	402	-480	-622
-920	-1434	3491	184	-416	-1302
-1082	-388	3714	147	-592	-1925
-1053	249	3708	202	-480	-1517
-1060	214	3263	295	11	-1009
-626	364	3323	271	665	-793
-788	318	3862	115	1069	-403
-1209	139	4341	51	901	-238
-1526	220	4184	-237	676	-110
-1050	91	3707	-169	783	79
-813	327	3939	-211	957	446
-854	23	4097	-308	342	725
-782	74	4112	-588	-342	627
-684	-5	3676	-788	-1072	707
-678	-74	2515	-807	-634	435
-94	-208	2243	-726	518	386
133	-352	2280	-498	1293	776
-860	-512	2053	-145	1871	1549
-1329	-724	2030	332	2059	1810
-1795	-736	2446	292	1928	1125
-2032	-371	2456	-2	1522	55
-1622	138	2260	-389	1234	-559
-1324	707	1836	-754	808	-619
-905	701	1456	-1046	329	-430
-779	770	1184	-977	-123	-68
-1137	1125	860	-1834	-686	842
-5548	1958	1107	-1365	-367	3251
-20092	1741	-3222	1664	1836	10538
-6351	-7309	4528	-385	18026	-2233
-10603	1954	16258	-939	12463	-1008
-4616	601	14787	360	3523	2811
-4167	729	8230	-412	-2090	651
-351	858	495	-205	-3651	1429
67	-376	-2023	-650	820	2435
-511	-1212	-1578	-908	5967	1754
-1338	-980	-952	-175	10982	539
-5606	60	2673	713	12372	-15
-6124	533	5958	887	9970	-410
-4791	37	6368	405	5825	104
-3754	-735	4352	363	3365	209
-2875	-526	2599	473	2842	-612
-2290	253	1210	357	3140	-876
-2071	530	427	134	3533	-619
-1998	309	-79	213	4753	-64
-3554	145	330	1012	5988	161
-3972	-243	426	1467	5581	-777
-4320	-256	598	1440	5909	-2272
-4654	-181	856	776	5301	-3805
-4551	-905	811	888	4340	-4942
-5109	-900	1048	1082	2855	-5946
-5316	497	937	1223	486	-4943
-3665	1126	700	1608	-818	-2065
-2303	725	357	1724	-2982	-120
-2256	76	292	1231	-5307	580
-4135	-982	265	1293	-8394	68
-6326	-1743	-1521	915	-10177	-2369
-5579	-1985	-747	-1058	-6628	-6326
-4579	-912	-706	-546	-7819	-7115
-3950	-1087	-1414	-416	-8483	-5942
-3900	-1548	-2520	-52	-8309	-3721
-3727	-1582	-3917	-1412	-5760	-1649
-3841	-3258	-3952	-4304	-1071	-581
-3716	-4366	-1742	-3772	2165	-2549
-4234	-4112	420	-2234	3149	-5182
-3343	-3194	174	-594	1846	-6785
-4647	-4455	-1860	-5083	6486	-5297
-3621	-4105	-889	-1023	4353	-6634
-3733	-4660	-1273	-2065	6573	-5128
-4129	-4493	911	-1802	5600	-4928
-3252	-3814	533	-1634	2442	-5333
-2941	-4184	-272	-1892	834	-6166
-3348	-4433	825	-947	-2224	-6309
-2488	-3203	303	1100	-5574	-4465
-1521	-1516	-1384	470	-3275	-335
-1845	-2073	-346	-695	1449	2219
-1259	-1703	130	-382	684	2800
-782	-1907	57	-238	-1227	2796
706	-6399	-1952	-1405	-1777	1252
-2662	-10052	-2099	-1389	1866	-12097
163	-1158	-269	401	2938	-4004
228	-2175	8	-212	1050	697
45	-4429	-283	-561	884	884
-1763	-6219	-318	-785	754	-1181
-2080	-3410	-50	-892	685	-836
-1498	-2849	-140	-771	704	432
-1191	-3647	-294	-413	611	420
-999	-4449	-410	5	440	-1062
-907	-4243	-437	489	186	-2590
-469	-3803	-570	1394	-571	-2171
-10	-3643	-800	1289	-283	-1023
245	-4166	-825	1155	468	204
-332	-4403	-495	1637	591	1278
-881	-3821	-51	2590	-139	3184
-701	-3916	54	3157	-230	4084
-1083	-3475	193	1515	-840	3727
-316	-4614	75	-530	-587	1043
-612	-2881	402	-1587	194	-4583
-1477	-2926	116	-1453	-889	-8011
-844	-5443	-278	-1756	-519	-8442
1893	-5000	-421	-1035	116	-6086
2729	-2731	-615	-35	-260	-24
245	-4569	-177	285	179	2348
-773	-5012	-148	632	3	1621
-400	-3565	7	601	-34	695
-273	-4129	70	170	-45	82
36	-3923	-85	126	-5	184
-158	-4019	-39	106	9	466
-1550	-459	3610	-493	304	145
-1310	-428	3529	-510	314	-50
-1149	-157	3622	-458	277	-141
-1068	135	3576	-307	208	51
-1014	231	3491	-214	247	291
-1146	274	3549	-268	354	481
-1357	151	3695	-415	311	656
-1448	-22	3666	-502	333	826
-1358	-211	3901	-458	405	938
-1333	-422	3992	-363	202	945
-1234	-649	3872	-287	-31	711
-1107	-721	3776	-249	-83	392
-1068	-672	3778	-223	-42	217
-1129	-578	3915	-201	-56	74
-1158	-397	3971	-182	-154	-17
-1138	-159	4030	-149	-148	92
-1318	-169	4076	-159	-270	249
-1535	-206	3955	-191	-537	333
-1493	-362	3766	-280	-467	438
-1498	-552	3994	-446	-25	127
-1572	-410	4172	-432	-318	-299
-1512	59	3364	-221	-907	-124
-1563	390	2114	48	-910	510
-1368	623	1051	354	-150	902
-449	579	1100	535	1222	715
-92	135	3223	319	2015	43
-1191	13	5463	79	1237	-461
-1702	-233	6266	-65	291	-1272
-987	187	5578	-179	-1436	-1440
-77	452	3358	-223	-2516	-833
253	219	1769	-123	-2151	-468
270	-165	1081	-12	-835	-1441
-355	331	1830	-164	613	-2549
-448	684	2780	-457	1080	-2120
-177	525	3751	-680	818	-549
-282	110	4157	-462	561	273
-1087	154	4014	87	684	982
-1336	166	3187	467	946	1448
-693	-288	2545	675	1301	1431
-40	-593	2666	329	1403	1607
-193	-518	3135	-92	423	2212
-1170	-293	2787	-164	-1027	2277
-2032	-631	1658	50	-1052	1563
-1890	-320	1527	-64	903	756
-2334	-297	2327	92	2166	827
-2284	357	2704	450	1554	603
-1640	940	2342	-9	-273	444
-1450	1238	1470	-642	-1811	859
-1109	788	181	-647	-2350	1786
-1697	890	-96	-568	-1273	2828
-12226	1037	403	-62	-559	4342
-14778	-2579	-4633	-685	14596	2456
-12896	1224	9097	2499	21796	-3223
-10206	4233	22856	1769	13183	986
-5137	1410	14179	410	571	2183
-1458	928	4512	41	-4697	1507
88	405	-1175	85	-3190	2294
-67	-990	-2339	827	3683	2273
-619	-1338	-1704	1833	8865	1601
-2906	-1442	-278	2472	12484	484
-5351	87	2899	2612	13065	-1201
-5023	1530	4245	1913	9869	-2238
-4674	2113	4824	1328	8243	-1331
-3965	1889	3851	1355	6667	64
-3924	1341	2495	1548	6352	444
-3787	857	1916	1014	6882	151
-3870	122	1716	1150	6513	132
-3484	-104	938	1831	5959	-313
-3255	-144	767	2222	5491	-803
-3149	-292	747	2193	4741	-1611
-3329	-146	754	1652	3363	-2585
-4387	406	904	1734	1357	-2722
-4114	1897	784	1436	102	-1420
-2631	801	540	1020	-1940	525
-2816	821	592	339	-4932	1373
-4498	387	382	-194	-9560	1232
-7318	-845	-1272	-787	-10821	-1266
-8766	392	-446	-2069	-8508	-5395
-7335	1903	-1259	-2252	-10795	-4280
-7139	1989	-2334	-3138	-12053	-2334
-6823	2152	-5919	-5902	-10667	570
-2394	-1659	-8174	-5522	-7778	-3364
-2944	-1292	-4607	-1713	749	-7268
-4311	-1712	-2106	896	6834	-5946
-6440	-519	-607	2560	7459	-3132
-7125	705	541	1958	3235	385
-5752	-914	62	411	1420	1488
-4985	-1589	117	901	1218	389
-4275	-1394	190	914	758	-227
-3646	-1041	318	1029	422	693
-3384	-1116	337	789	144	2262
-4070	-1450	564	336	328	3303
-4137	-1859	526	-269	-536	2383
-4157	-2012	286	-417	-875	375
-4999	-1772	312	-394	-488	192
-4490	-1212	1025	-44	-880	4091
-2827	-1187	350	244	-1516	3801
-3718	-1198	688	1707	-12	3031
-3774	-500	847	2637	796	2219
-4707	1173	1735	1654	932	1268
-3562	338	877	60	1077	181
-4043	-61	642	-66	984	-84
-4156	-61	708	-22	616	141
-3958	-33	727	3	496	249
-4000	-25	734	12	567	273
-4130	24	672	28	549	282
-4046	18	646	39	432	285
-4024	51	622	31	391	228
-4071	47	632	39	342	218
-4020	54	607	40	262	218
-3967	65	601	39	250	195
-3989	76	581	41	257	173
-3972	88	560	40	250	175
-3947	89	554	43	259	169
-3930	101	539	37	270	136
-3946	102	523	29	259	108
-3948	107	516	29	219	103
-3960	107	489	26	155	102
-3944	124	491	17	118	61
-3969	119	490	4	95	-1
-3968	108	498	0	50	-24
-3962	82	486	4	18	13
-3972	113	489	7	-4	39
-3991	116	486	6	-23	25
-4003	120	493	2	-43	13
-3981	120	503	2	-57	21
-3949	117	495	7	-68	24
-3969	130	488	8	-54	19
-3985	123	521	11	-33	19
-3976	122	520	10	-31	9
-1918	-809	4671	-146	1113	-521
-2053	-623	4912	66	469	-1125
-1809	18	4428	434	271	-1022
-1480	473	3963	682	153	-577
-1234	690	3484	716	107	-306
-1043	696	3129	592	273	-141
-957	463	3036	386	523	-51
-1012	151	3180	169	742	-81
-1186	-59	3452	84	911	-271
-1422	83	3795	124	1000	-457
-1494	229	4212	213	836	-436
-1345	251	4483	260	414	-400
-1247	222	4577	166	-62	-550
-1194	317	4274	37	-632	-597
-1127	589	3568	-2	-863	-514
-1048	627	2705	280	-307	-94
-892	44	2449	535	121	37
-881	-390	2205	560	30	-303
-1225	-416	1887	512	-135	-530
-1447	-320	1677	337	-128	-839
-1320	166	1690	44	718	-1427
-1038	734	3094	4	1760	-999
-1244	399	5137	192	1214	-26
-1318	-49	5478	85	-36	369
-1299	-250	4968	-59	-724	132
-986	-36	4011	-88	-1400	-119
-914	387	2863	60	-1667	113
-798	525	1990	227	-1419	788
-572	-172	1737	167	149	907
-609	-471	3686	162	1810	452
-1100	-745	5888	149	941	-61
-1106	-554	6189	94	-850	-596
-875	-30	5116	53	-1738	-830
-636	115	3774	-19	-1303	-1067
-306	120	3039	-31	-256	-1092
-137	-22	2989	148	691	-775
-107	148	3262	223	1456	-791
-370	493	3545	46	2156	-517
-1100	613	3261	-147	3087	532
-1094	-116	3423	-183	4135	1378
-1822	-466	4210	121	3297	1484
-2124	-334	4655	-89	774	1097
-2046	-172	4151	-81	-1577	573
-2148	216	2632	59	-2615	341
-1746	398	1404	55	-2508	320
-1171	375	733	-140	-2196	444
-765	203	507	-511	-1256	409
-983	-107	533	-383	-782	291
-1093	-177	513	-19	-812	218
-2555	-510	855	477	-635	460
-15912	-2092	2586	861	-7015	864
-11712	-3453	-4055	646	18129	-2985
-13172	3734	6039	2995	19138	-5654
-10052	3789	15726	1310	19299	-2309
-5140	3776	14353	-847	5625	69
-3037	2870	7573	-752	-1936	193
383	1564	1690	-1956	-4148	1834
594	164	-650	-1511	-3167	4024
209	-338	-829	-1170	-596	5359
-580	-950	-854	-5	1899	6011
-1552	-1589	-947	488	6329	5149
-4008	-2518	-580	2336	10322	2676
-7196	-3025	536	3891	10211	-163
-5605	-1399	424	3028	11234	-2534
-5614	1670	1585	1965	13586	-3375
-1948	2554	3900	2595	16876	-3046
-7784	6254	8840	-278	14836	-3305
-6644	1522	5710	-1311	7080	1376
-4038	424	2835	-839	3836	3225
-4445	568	1959	-2256	112	3577
-5978	934	1374	-2288	-4226	4370
-5279	1877	425	-1373	-4575	7138
-4384	1769	585	-2150	-6558	7616
-4339	954	-14	-2823	-10168	6795
-5808	1397	-964	-2245	-12958	5186
-6187	3302	-2132	-1918	-10470	2821
-8088	1085	-1198	-2223	-9063	2218
-6746	629	-2102	-144	-10528	2604
-4657	1632	-2635	191	-8368	3832
-2708	3012	-5132	-911	-6707	4559
-2366	2964	-6241	-2119	-2322	270
-3118	3342	-3672	926	4324	-175
-3724	2732	-1130	952	6854	2331
-3701	1898	-129	157	5836	3745
-3508	1679	348	208	4973	3505
-2828	1442	461	886	4778	2006
-2618	2107	694	1409	4609	-1034
-4609	8967	6754	-1179	971	-187
-1156	6600	3315	377	-2099	3793
-1598	3102	1272	2345	-1509	1864
-2266	2250	-376	1828	-4293	-686
-2968	5292	-3386	4070	-2522	1392
-4439	7892	-396	8654	1904	9111
-581	4314	-2281	3728	1811	9639
-1700	3102	-444	-544	3320	7615
-1430	4166	951	1180	2016	3635
-1440	3571	633	789	1453	144
-1564	3556	491	54	972	-1705
-1273	4337	264	96	231	136
-523	3532	-1	-145	-87	1252
-154	4142	-275	482	67	1536
-54	4617	-192	385	174	1643
-440	3913	-277	-427	148	476
-800	4011	-272	-630	-44	235
-937	4034	-78	-676	7	865
-824	3886	-17	-915	189	1124
-844	4122	144	-726	83	1980
-1024	3568	184	-202	-15	2039
-858	3778	339	-146	-53	1622
-462	3876	267	-40	-296	1770
213	4610	209	-439	-71	1186
229	4176	374	-272	-9	1141
5	4237	288	-324	-241	788
-108	4071	126	-465	-157	581
-183	3921	249	-537	-156	54
-112	4118	386	-337	-176	-3
-182	4017	434	-515	155	-488
-80	4152	470	-254	75	-495
-110	3957	407	-288	136	-717
-269	4005	505	-69	48	-733
-292	3861	365	35	84	-508
-335	3815	345	53	102	-161
-400	4008	400	113	121	-264
-569	4239	366	148	109	-213
-410	4073	323	103	120	-176
-380	4138	347	58	170	-393
-575	3974	449	118	176	-596
-527	4069	316	218	139	-687
-327	4246	183	96	289	-504
-609	3830	289	77	249	-2
-1051	531	2918	389	49	103
-978	159	2819	231	453	-62
-992	-141	2999	221	786	-232
-1129	-318	3381	306	1035	-497
-1340	-251	3985	342	1086	-744
-1490	-136	4439	317	745	-924
-1496	12	4482	265	135	-1102
-1315	158	4169	227	-249	-1180
-1054	306	3876	191	-201	-1172
-826	443	3733	174	-51	-959
-775	468	3689	152	110	-667
-893	532	3766	125	191	-444
-1050	546	3738	144	190	-210
-839	193	3655	144	373	-175
-631	56	3946	182	576	-403
-801	168	4225	218	419	-369
-1122	350	4009	199	27	-356
-1487	465	3433	158	-17	-580
-1347	542	2817	237	280	-467
-1137	299	2617	272	771	-168
-1313	193	2909	273	892	-523
-1780	139	3400	120	304	-1382
-1718	437	3454	-302	-226	-1672
-1189	140	3237	-385	-232	-778
-876	-661	3313	24	100	-348
-999	-1032	3872	334	233	-399
-1400	-1199	4406	490	166	-343
-1407	-1400	4661	667	-198	-689
-1012	-806	4365	747	-1033	-1336
-621	-245	3486	883	-1658	-1297
-398	-27	2694	862	-1292	-1064
-84	456	2851	625	-662	-563
-780	410	2977	314	-465	273
-1608	-3	2118	123	10	345
-998	-13	1610	50	1094	303
129	32	2277	64	2190	528
-486	-827	2995	479	2534	1092
-1306	-989	3647	932	2482	495
-1454	-143	4304	-17	1219	-1109
-1532	565	3816	-604	-325	-1791
-1547	868	2841	-641	-1082	-1206
-941	526	2163	-254	-897	-190
-702	18	2048	-231	-118	781
-1433	-214	2143	-527	349	879
-2272	-74	1785	-815	278	149
-1710	36	1388	-979	928	-390
-1568	170	1390	-1150	2515	-405
-1700	89	1576	-1222	2154	-223
-963	128	1558	-1070	1120	341
-2001	228	1668	-911	645	1049
-14590	688	5344	-1160	-7444	1481
-8921	2031	-8822	3816	5678	4561
-17632	-1975	4585	-1208	25044	2087
-5386	-3520	15880	-1236	18405	-4396
-7535	-1497	21593	-598	5829	-618
-3826	394	8781	-1593	-4869	-1387
-268	517	-712	375	-3556	46
-168	348	-2228	-83	2283	250
-582	478	-1351	8	7682	-323
-2053	302	-499	-751	10374	-662
-5554	-1352	1198	-1019	10361	-1166
-4753	-1962	3589	-170	11629	-2659
-4798	1024	7526	-81	8966	-3168
-4036	2465	5697	-1175	4280	-1249
-3041	1441	2430	-1188	3601	985
-2472	641	880	-1513	4203	2120
-2020	-127	256	-1510	4365	2238
-2994	-1043	566	-711	4410	1334
-4986	-1123	938	-99	2968	-1027
-6483	-1729	906	110	1853	-3615
-5794	-2340	1068	557	841	-6010
-3439	-1269	610	1100	-849	-5757
-3043	-1111	424	2366	-3009	-3268
-2648	-767	-122	2607	-4462	-426
-3407	-1155	-220	2452	-5033	2110
-4018	-1437	-556	2033	-5448	2812
-4111	-1409	-595	1218	-6131	564
-3910	-1381	-763	103	-6628	-3156
-3932	-1468	-771	-1015	-6939	-6418
-4279	-1517	-787	-1174	-7127	-8272
-4384	-2059	-1409	-550	-7253	-7716
-3425	-1785	-2127	467	-6181	-4709
-2281	-1393	-2390	322	-3903	-1739
-2118	-1820	-2067	-600	-318	-205
-2945	-2023	-1290	-1210	2975	-771
-3751	-1855	-479	-765	3802	-1552
-18552	-22882	10398	-8362	6634	-6192
6341	1437	-6261	-5205	9901	-7665
-6569	-5817	2281	-975	9110	-4791
-5193	-2814	165	-3485	4627	-5693
-4550	-3616	-839	-2675	534	-9289
-1330	-2753	-542	-930	135	-10539
-2178	-3215	350	-552	-54	-8375
-3519	-3988	297	1626	-2306	-3211
-2141	-2895	-172	1900	-1108	1731
-1094	-2987	99	-702	1354	2215
-654	-4917	-82	259	2176	338
516	-3823	318	903	2574	-2584
1383	-4645	394	-1320	1088	-4165
1131	-4714	-209	-1255	-6	-3124
-221	-4548	-638	-1151	-909	-1607
-529	-3917	-881	-167	-661	-695
-1217	-3907	-216	212	148	-1289
-868	-4198	146	-262	-231	-1073
-1509	-3721	98	-418	118	-983
-1094	-4067	-25	-663	-479	-1808
-931	-3357	-154	-263	-1162	-2408
255	-3918	-495	634	-1967	-2115
1053	-4878	-898	1256	-2068	-1397
921	-4303	-872	1205	-974	-233
31	-4009	-131	1171	-382	1142
42	-3789	63	716	-183	748
-251	-3924	403	427	-109	168
122	-4003	363	215	-180	-419
-145	-4059	158	0	-7	61
-331	-4073	178	-104	27	198
-376	-3917	120	-246	84	104
-366	-4111	109	-332	128	-110
-230	-4085	0	-358	145	-81
-255	-4143	-12	-313	86	77
-340	-4128	-47	-221	59	188
-313	-4084	-51	-76	55	215
-305	-4027	0	-33	29	255
-202	-4217	21	20	-7	155
-251	-3970	91	-9	-136	-179
-92	-4156	-43	158	-132	-326
-597	-3682	19	86	-184	-223
-300	-4391	-61	83	-181	-159
75	-3741	-37	337	47	-199
-485	-4423	-102	-64	-141	223
-799	-164	4071	-78	197	703
-792	-238	3921	-91	128	641
-654	-482	3837	-174	2	429
-528	-698	3763	-194	15	139
-688	-759	3846	-84	144	0
-998	-810	4220	-8	57	-141
-1607	-611	4110	-70	-203	-349
-1677	446	3552	-259	-174	-143
-2062	766	3615	-346	-107	562
-1924	678	3624	-240	-345	1007
-1938	500	3250	170	-41	1470
-1435	-52	3288	325	796	1464
-1508	-690	4271	362	1260	751
-1930	-438	5086	392	757	-381
-1835	157	5208	582	252	-690
-1477	681	5142	841	-120	-556
-925	851	4744	936	-462	-427
-711	855	4189	779	-760	-308
-504	595	3325	574	-933	-257
-460	265	2556	550	-498	-475
-602	13	2330	557	-30	-762
-607	-73	2365	532	74	-957
-744	-162	2834	420	-187	-1156
-732	321	3252	275	-1075	-1536
-932	984	2907	294	-1415	-1310
-1051	1597	2711	317	-1130	-684
-771	1817	2747	231	-517	33
-1004	1456	3560	-9	213	542
-1255	1041	4548	-259	204	895
-1565	96	4687	-323	-195	1486
-1319	-877	4049	-280	-404	1259
-758	-926	3020	-122	-131	608
-842	-383	1948	84	670	323
-366	-41	1726	80	2046	-207
111	414	2959	9	2543	-724
-795	795	3949	-281	1552	-506
-1747	698	3671	-449	127	513
-1888	218	3144	-268	-159	922
-844	-153	2944	-416	-66	740
-757	-389	2821	-279	288	646
-1277	-467	2330	-247	749	675
-821	-487	2446	-248	1108	231
-1199	-315	2332	-279	1166	-444
-1307	171	2527	-364	1724	-624
-1157	487	3433	-574	1779	-503
-1525	281	3443	-434	1021	285
-1417	-14	2612	-343	726	1002
-1117	98	1553	-486	765	1195
-1212	285	1113	-815	1153	1008
-2108	324	1377	-1023	1302	902
-7788	-278	2994	-2475	405	1741
-14168	-747	-3488	-1659	1315	5336
-10729	162	5141	101	17885	-643
-9576	796	7918	-898	14164	-71
-4143	4	9050	-585	10908	2156
-2475	-950	8557	-413	7170	1569
-1598	-628	5151	-712	3278	229
-989	-288	1640	-583	3128	1802
-1477	-1074	222	-19	5030	1929
-1184	-577	-299	-363	7219	755
-1880	-929	254	322	8649	-372
-3157	-1313	892	900	8514	-1187
-4422	-450	1196	940	8272	-1424
-4803	-291	1804	1159	9219	-1233
-5486	166	2658	1007	10328	-1403
-4338	878	3651	798	11482	-2355
-4207	1749	4502	-70	9640	-1931
-3947	1082	2940	-91	6075	-562
-5915	204	2669	-346	1300	244
-10229	1271	2829	-614	-7693	2336
-4775	652	515	387	-6033	5842
-4610	1049	764	-653	-10253	6948
-6385	464	-256	-1770	-16313	6492
-8204	73	-3224	-117	-15080	3151
-8444	-225	-1999	-1738	-11069	-1389
-8481	-1786	-4262	-379	-12466	-800
-3933	-2694	-9964	-75	-12492	1297
-3624	-228	-8930	-3950	-2363	-609
-3567	1493	-4266	-293	9234	-966
-4481	2955	-1536	-1467	13438	-1481
-6482	1312	903	-3360	8811	-3770
-5096	937	546	-613	5197	-5510
-5375	2284	422	1437	5530	-4825
-5802	2953	1209	748	5000	-2235
-4187	2403	1133	-126	3279	178
-3194	1634	971	13	2037	1733
-4448	1652	-127	-1455	3015	4334
-4420	492	683	-1665	357	4757
-4106	-497	1218	-1928	-3668	4359
-3523	130	-65	-546	-6491	612
-6980	-4296	-6919	1597	2593	-9653
-7407	1314	344	-168	5091	-4843
-2556	-747	156	-338	-1859	4365
-3202	-3487	-3064	-56	-832	-376
-3686	-217	-43	17	1506	337
-4641	294	-283	38	795	923
-4178	275	-246	30	173	653
-4297	295	-223	21	-272	378
-4136	275	-73	81	-435	275
-4021	376	-86	55	-332	178
-4040	272	-77	39	-240	116
-3968	274	-71	73	-248	139
-3970	311	-69	123	-288	131
-3947	272	-54	97	-278	135
-3886	324	-29	70	-268	117
-3863	372	-6	50	-208	52
-3907	328	5	18	-73	92
-3902	286	11	36	68	123
-3955	301	-2	65	168	134
-3973	361	-45	81	194	126
-3981	360	-63	61	184	126
-3983	364	-65	23	151	144
-4023	355	-55	17	97	147
-4024	368	-67	12	58	184
-4003	355	-43	57	18	147
-3989	350	-17	97	20	55
-3983	450	-104	67	39	67
-3980	403	-82	27	1	46
-3970	398	-86	1	-55	51
-3983	394	-84	-5	-83	20
-3975	378	-73	-4	-79	65
-3979	409	-47	-1	-46	78
-3931	412	-40	3	-16	-27
-3952	396	-55	3	-1	-36
-3954	367	-65	4	34	-7
-3970	412	-60	10	38	0
-3969	386	-59	6	14	-33
-3939	382	-61	4	21	-34
-3955	383	-50	8	50	-33
-4009	375	-83	12	83	-33
-1756	36	3566	508	777	-755
-1827	281	3898	366	691	-1131
-1868	416	4077	413	452	-1260
-1677	603	4013	592	702	-1224
-1462	833	4385	773	847	-790
-1380	699	4320	817	463	-437
-1342	463	3843	707	258	-404
-1111	358	3507	599	261	-375
-837	284	3396	527	370	-378
-804	262	3361	469	576	-363
-1055	316	3585	389	633	-380
-1342	264	3904	276	306	-403
-1437	174	3668	152	-38	-414
-1444	361	3430	93	-84	-403
-1226	486	3182	171	177	-213
-1173	184	3363	202	385	-273
-1333	-140	3632	203	229	-690
-2006	-386	3582	129	-464	-976
-2085	-441	2774	96	-524	-1119
-1519	142	2222	-131	171	-1425
-921	355	2691	-306	996	-1105
-838	74	4054	-99	1119	-491
-1022	-159	5369	21	262	-471
-1130	-279	5674	-85	-656	-568
-1074	-206	5267	-86	-1307	-611
-750	-94	4068	-25	-1894	-858
-472	107	2755	138	-1589	-930
-615	82	2585	453	-719	-652
-921	-243	2612	720	-235	-326
-1132	-358	2194	935	487	8
-1160	-523	1933	1129	1780	218
-1004	-534	2295	1520	3175	187
-884	-407	3445	1144	2760	-371
-1504	-298	3991	630	842	-1111
-1925	-103	3375	571	-1030	-902
-1450	-156	2495	619	-1194	-524
-938	2	2166	595	-485	-568
-509	80	2100	689	276	-1052
-790	622	2223	467	985	-1299
-1236	748	2384	170	1562	-607
-1455	367	2553	407	1957	379
-1512	282	2786	474	1894	345
-2044	126	2722	237	1204	-24
-2183	230	2563	-194	447	-318
-2355	538	1904	-662	-221	-674
-2050	791	1571	-860	-253	-775
-1519	801	1807	-850	-298	-129
-1255	677	1589	-749	-711	915
-1143	469	1107	-839	-637	1711
-1772	418	930	-1039	-562	2137
-8352	1077	2492	-1786	-6155	1921
-13703	5227	-8444	3225	3987	3407
-12283	-612	322	619	19672	2790
-10646	-5588	12747	-367	20421	-4246
-10128	-929	27050	684	10293	-2232
-3711	1747	10074	-1328	-4759	-764
-854	2202	-855	31	-2186	-121
-168	1833	-2176	-700	3429	194
-1010	55	-986	-932	8364	107
-1790	-1606	878	-846	10990	-663
-5115	-1478	4918	-316	11676	-442
-4971	-104	5184	-321	7011	-1400
-3622	336	3442	69	5442	-1381
-3067	186	2819	257	5767	-1174
-2447	106	2049	208	6510	-1019
-2367	25	1161	517	7070	-1202
-3197	-48	956	714	6090	-1380
-3993	-50	1151	210	2211	-1956
-4899	-710	978	-1463	-2099	-3264
-6318	-1505	224	172	-926	-5069
-5571	-1281	1011	1635	-79	-6405
-3167	-1193	596	1571	-2638	-6161
-2120	-329	198	1956	-5081	-5384
-2042	-222	-265	1652	-6813	-3925
-3522	-794	-826	1446	-8285	-1780
-4638	-1889	-1343	418	-6883	159
-4541	-2412	-953	-217	-5768	-475
-3942	-1730	-858	-860	-5492	-3191
-3586	-1708	-974	-1824	-5213	-5978
-3418	-1905	-1167	-2189	-4733	-7467
-2240	-2081	-1742	-1005	-2951	-6548
-1926	-2120	-1786	-372	1224	-3932
-2711	-1816	-768	-679	3621	-856
-17408	-23393	5958	-13260	8778	-7773
2092	-4223	-3234	-8256	9011	-6821
-2140	-1883	-2166	-1420	6135	-5976
-6995	-6174	-1553	-1426	2976	-6865
-4925	-4612	616	396	-3509	-8618
-2784	-2666	-412	3481	-4619	-5628
-2256	-2798	-324	1945	3270	-443
-2535	-2621	783	2094	4307	1281
-806	-1601	1215	3887	3177	2615
1247	-702	1268	2029	2475	4566
720	-1489	2027	-424	1317	6170
-1958	-2769	2272	-2430	-3680	7598
-989	-15795	-4058	-7972	-3423	-5757
-839	-2845	288	-3022	-2284	-9678
-420	-597	286	-395	-5554	-6966
-219	-2171	-735	620	-6935	-3388
-1646	-8263	-3550	-1718	-346	-6158
207	-1845	-140	485	546	-1671
-900	-4491	-111	1303	-81	1444
-954	-3825	36	733	-46	-3357
-664	-3321	333	376	-19	-2393
-492	-4561	375	233	-96	-1971
-516	-3889	290	19	-267	1064
-226	-3922	268	7	-468	1736
219	-4178	145	-238	-257	709
431	-4446	134	-127	-253	-217
-54	-4265	184	-177	-300	99
-374	-4069	72	51	-139	509
-473	-3995	149	121	-148	612
-467	-3967	217	164	-109	182
-540	-4147	230	164	-120	313
-703	-4049	224	153	-168	328
-674	-3956	217	190	-111	35
-605	-3951	284	142	-56	-113
-629	-3932	319	-8	-1	-182
-549	-3883	310	-141	55	-213
-487	-3953	266	-266	101	-117
-491	-3915	190	-293	158	19
-501	-4021	146	-272	195	112
-496	-4139	170	-232	216	138
-436	-4119	102	-239	87	169
-444	-4233	107	-78	74	-161
-483	-4035	114	75	-13	-236
-801	-4122	109	188	-90	58
-714	-4001	229	183	-144	68
-789	-3867	241	165	-52	169
-587	-4084	149	192	1	-37
-2351	425	3467	530	834	-494
-2308	221	3634	540	998	-571
-2046	108	3504	405	936	-526
-2001	275	3694	242	931	-469
-1948	754	4060	23	926	-81
-1993	732	4249	-135	585	338
-1982	230	3994	-235	585	454
-1725	-233	3861	-360	422	224
-1547	-463	3544	-516	383	6
-1377	-563	3415	-596	506	-196
-1254	-253	3337	-546	529	-275
-1315	61	3226	-394	582	-61
-1417	66	3187	-256	706	22
-1558	-14	3294	-171	804	-57
-1738	-18	3485	-170	839	36
-1768	-79	3708	-176	752	209
-1448	-95	3805	-131	484	252
-1281	-175	3625	-74	183	175
-1281	-351	3364	-88	-55	-15
-1113	-292	3150	-191	-118	-237
-1006	40	3072	-222	189	-177
-1044	490	3171	-224	455	252
-1269	561	3454	-221	471	696
-1632	155	3413	-171	-12	674
-2069	-160	2922	9	-314	590
-1785	-502	2318	234	297	480
-792	-514	2981	398	1181	438
-918	-186	4281	372	1120	-416
-1592	92	5275	328	214	-1166
-1529	125	5109	454	-791	-1288
-1007	21	4032	547	-1552	-1405
-710	-8	2762	366	-1695	-1642
-614	174	2013	137	-897	-1780
-804	384	2504	50	74	-1922
-1065	717	3230	171	532	-1786
-958	927	3964	221	144	-1412
-749	687	3941	220	-532	-1114
-550	300	3849	367	-859	-951
-451	134	3571	618	-1276	-470
-827	-2	2686	855	-1174	478
-968	-143	1727	1094	-169	1399
-433	-424	1333	1578	1733	1296
-332	-388	1496	1752	3529	44
-1135	-6	2320	818	4297	-1279
-2224	244	3365	873	2878	-1599
-3176	1335	2815	-247	370	-1305
-2302	352	1341	-405	-1174	-531
-1575	48	735	-147	-2058	-314
-1523	112	537	-307	-3520	-191
-1510	9	-131	-1266	-4491	34
-6610	187	-959	-1248	1235	812
-21934	3069	-5554	-1845	5496	2152
-9805	-206	-575	442	20758	529
-12645	-4257	18988	-429	21196	-1228
-6558	-3170	20264	-427	8044	-623
-2888	-819	10608	-1887	-1600	-3773
266	2624	-187	-1407	-2338	-3564
341	2572	-3352	-1536	2753	-1318
94	2368	-2973	-2096	11142	907
-2858	629	302	-2855	15606	1071
-4249	-907	2731	-1123	14954	1
-4976	-1270	6579	493	13477	-919
-4623	-596	6724	-439	9172	-455
-3894	-561	3913	929	5675	-1351
-2798	-527	1946	1609	1548	-1485
-3673	-1095	1475	1826	-2096	-1146
-5939	-1142	1545	1431	-8635	-2220
-6779	-1816	-329	-3125	-9556	-4627
-6764	-3927	-130	-2175	-6482	-3967
-4584	-1697	-515	1432	-7949	-2674
-4509	-127	-1100	1032	-10160	-1310
-5015	2667	-2087	-1139	-9902	1257
-4341	2882	-3878	-5182	-9822	887
-1845	862	-5757	-4788	-7762	-1118
-1758	-548	-4666	-913	-818	-350
-5598	-4738	-5006	-7222	12325	3792
-3815	-5934	-1900	-5518	16153	5550
-5178	-7491	-2818	-2967	16678	-523
-5862	-4679	-1730	-1174	11714	-1599
-6521	-3090	-1046	822	9099	-1276
-5138	-873	-1831	1582	7079	-2850
-4330	-219	-3264	1157	5555	-3201
-4902	-1210	-3068	784	4809	-2153
-4792	-1583	-2871	233	4205	-1880
-4067	-1889	-3092	-171	3721	-2145
-3248	-2160	-2840	-50	3097	-2445
-2994	-2398	-2572	-95	2554	-2329
-2799	-2395	-2492	-46	1676	-2102
-2208	-1870	-2506	424	673	-1540
-1853	-2324	-2313	29	-242	-1437
-1666	-2618	-2312	275	-730	-650
-1894	-2505	-2117	464	-939	457
-2581	-2360	-2208	592	-1206	904
-2755	-2336	-2184	643	-1372	836
-2708	-2174	-1969	664	-1394	628
-2746	-2147	-1994	565	-1316	392
-2771	-2163	-1992	412	-1186	261
-2829	-2207	-1941	191	-1055	149
-2795	-2214	-1875	35	-906	9
-2746	-2262	-1807	-28	-736	-87
-2698	-2353	-1787	18	-587	-25
-2798	-2336	-1741	-56	-549	99
-2775	-2318	-1677	-137	-572	167
-2780	-2291	-1678	-120	-469	185
-2770	-2264	-1739	-55	-289	177
-2836	-2241	-1726	-51	-175	190
-2817	-2224	-1707	-90	-91	187
-2791	-2225	-1761	-115	17	184
-2823	-2292	-1779	-92	159	194
-2905	-2231	-1794	-141	188	128
-2839	-2242	-1778	-124	189	88
-2800	-2221	-1722	-138	46	82
-2724	-2191	-1862	-143	90	169
-2844	-2199	-1837	-141	130	233
-2926	-2204	-1856	-127	157	211
-2923	-2186	-1869	-99	133	150
-2918	-2169	-1869	-111	61	85
-2904	-2177	-1920	-95	86	44
-2926	-2203	-1887	-83	88	36
-2903	-2197	-1885	-96	42	74
-2877	-2175	-1855	-82	28	66
-2875	-2203	-1890	-46	41	31
-2908	-2207	-1889	-21	19	62
-2922	-2179	-1882	-36	-16	104
-2889	-2143	-1848	-29	-23	95
-2862	-2148	-1848	-19	-1	63
-2900	-2173	-1872	-29	11	81
-2930	-2164	-1883	-46	1	119
-2927	-2150	-1868	-43	-10	101
-2885	-2128	-1851	-25	3	43
-744	454	3080	489	-208	-280
-645	394	2777	443	266	-311
-611	297	2834	387	974	-395
-745	371	3402	334	1631	-391
-1045	394	4211	334	1732	-233
-1235	267	4896	258	1266	-354
-1122	218	5239	129	433	-699
-1134	465	5083	-61	-541	-832
-911	770	4459	-195	-1210	-550
-701	849	3732	-250	-1274	-206
-743	889	3153	-226	-857	90
-747	439	2752	-95	-196	263
-766	-392	2910	-11	718	-225
-1235	-478	3574	23	1034	-768
-1777	-370	3772	126	796	-505
-1988	-577	3501	177	469	-670
-1781	-387	3068	67	580	-1481
-1576	215	3108	151	1163	-1561
-1406	510	3639	201	1471	-1018
-1336	895	4385	38	1218	-483
-1314	1095	4895	-75	358	352
-1157	643	4352	-207	-314	1235
-749	-145	3536	-424	-234	1163
-553	-637	3241	-496	-83	401
-607	-740	3143	-378	-196	-256
-743	-519	2951	-182	-348	-354
-804	-222	2717	14	-141	4
-862	48	2821	83	245	327
-998	461	3102	68	309	634
-1117	544	3293	103	4	1047
-808	-10	3304	85	-103	1099
-615	-647	3460	25	41	591
-493	-970	3886	27	-72	-251
-459	-955	4147	23	-655	-992
-325	-476	3909	-27	-1193	-1311
-439	76	3347	-7	-1240	-1028
-590	450	2682	103	-697	-632
-402	238	2369	163	366	-513
5	-55	2570	168	1496	-802
72	51	3076	111	2302	-1258
-336	301	3295	55	2251	-1048
-790	137	2848	177	1994	-290
-987	85	2321	215	2093	478
-1370	-198	2608	2	2892	916
-2687	36	3014	56	2057	555
-1937	337	2325	-411	-477	63
-1053	379	1391	-817	-1536	6
-941	599	829	-1161	-1727	433
-658	504	352	-1041	-924	1134
-2416	1243	591	-1065	-509	1935
-16064	2981	1934	-2058	-4349	3958
-16809	-4337	-7121	-406	13821	4173
-15934	949	4021	271	23789	1135
-9008	1202	10127	2166	21587	2161
-4125	2243	21605	279	19201	326
-6930	822	14260	-502	1471	3343
-2631	-1324	2373	-1283	-6876	4340
483	-1978	-2550	-288	585	3010
-1273	-2862	-1087	62	9690	-343
-3848	-2650	194	2067	12959	-3402
-3419	-438	834	1901	13841	-2198
-4129	1569	2544	-1221	13914	15
-4310	1461	4298	-2544	10376	-636
-4638	1706	3504	-1442	7210	-138
-4620	1375	2701	-287	4180	2113
-7491	732	3170	-792	-2485	3004
-6856	763	1169	1415	-10592	2802
-4032	3323	-32	1676	-6955	3879
-3816	1468	327	-831	-6855	5370
-4005	631	-195	-1016	-10501	5767
-4549	119	-1413	-1290	-9930	4327
-6632	-124	-1047	-2412	-7709	1830
-5468	672	-1363	-1554	-8543	1965
-4135	1475	-2031	17	-7259	5189
-4468	1868	-2390	1806	-5341	7774
-4023	2903	-3568	799	-4419	5600
-2325	2622	-4296	-67	-975	163
-3556	6072	-3205	1834	4308	-451
-5013	7772	-48	2472	7172	3595
-5965	6142	1991	475	6880	6211
-4442	3464	1660	291	5364	7262
-2790	2539	641	1275	3757	7492
-2832	3726	135	943	3032	7815
-3234	3216	5	92	2462	7791
-2850	2941	-324	109	1475	7366
-2607	3910	-168	219	296	7220
-2037	4223	79	97	-833	7769
-1901	3735	736	803	-2661	7531
-865	3720	43	1588	-3575	5471
-1100	3018	55	905	212	-453
-180	2616	50	1407	384	-3908
442	3047	48	1443	346	-4032
569	3796	219	1983	-241	-1308
204	4811	-114	1855	-939	2374
-324	4780	-697	1399	-1052	4295
-147	4827	-619	336	-556	3236
-407	4253	-2	152	-212	1756
-340	4443	26	310	-113	1133
-119	4263	-80	466	-4	1866
-134	4024	-182	211	210	2520
-5	4334	-107	501	-165	1938
-383	3634	102	305	-52	356
476	3980	160	646	-538	571
410	3418	-233	345	-228	-267
690	4564	-532	135	-492	1937
188	3851	-363	-470	-152	934
372	3630	-97	-25	-469	-742
812	4309	-176	148	-254	516
590	4218	-9	-6	55	372
509	4211	-110	32	-322	-153
380	3990	-182	-138	-52	-274
357	3903	-193	85	-469	-270
458	4242	-298	-170	-210	84
385	4141	-93	-403	-22	137
412	3999	-35	-274	-158	64
291	3948	-24	-197	-105	3
213	3976	-8	-104	-15	11
276	4020	-37	-19	68	-26
270	4031	-52	30	114	-139
256	4051	-58	42	128	-273
236	4075	-68	35	124	-422
162	4082	-63	-32	121	-514
120	4094	-4	-32	99	-533
133	4045	-1	9	105	-525
133	4029	-33	71	150	-550
70	4058	-60	108	190	-619
-84	4159	-46	116	177	-595
-127	4204	-42	123	179	-428
-36	4163	-58	131	195	-310
-31	4067	-57	153	194	-342
-699	-1161	3377	-97	165	138
-738	-1171	3508	-107	353	-341
-750	-901	3654	-40	402	-527
-772	-499	3898	79	506	-463
-904	-200	4379	185	349	-300
-1251	-71	4643	258	-326	44
-1622	-71	4108	218	-688	488
-1667	-333	3436	-41	90	578
-1528	-617	3700	-305	894	21
-1524	-450	4128	-254	678	-498
-1544	50	3974	3	61	-396
-1484	283	3342	267	-33	178
-1335	227	3029	323	555	540
-1273	117	3311	191	1098	509
-1188	11	3810	104	1204	239
-1222	-58	4369	139	919	-199
-1247	25	4748	287	639	-488
-1101	171	4723	359	482	-463
-778	117	4340	293	51	-303
-572	106	3714	206	-327	-214
-556	88	3158	169	-481	-143
-589	51	2784	129	-391	-115
-700	156	2740	26	121	-145
-808	137	3242	-42	526	-195
-898	-96	3733	5	325	-340
-828	-368	3807	107	-149	-566
-920	-411	3552	241	-352	-563
-1103	-252	3326	253	-376	-521
-1131	63	3375	119	-372	-555
-1055	547	3703	64	-268	-391
-889	765	3999	242	-74	-166
-612	659	4347	369	-263	-134
-470	335	4188	296	-1036	0
-329	-125	3430	44	-1546	76
-164	-627	2618	-207	-1360	-9
48	-839	2077	-253	-588	-396
150	-484	2112	-108	335	-612
44	-2	2538	80	803	-553
-475	394	2847	106	969	-549
-476	445	2838	-15	1231	-198
-105	192	2987	-242	1483	106
-510	-117	3097	-143	938	442
-724	-341	2827	162	156	460
-1230	-407	2484	86	-484	231
-1426	-113	1877	3	-885	284
-931	114	1240	24	-572	395
-516	81	891	-83	-200	295
-507	84	766	-141	272	299
-807	314	735	-88	780	636
-1364	358	652	-85	1216	1188
-7421	1312	2405	-412	-728	2189
-20640	-143	-5453	2959	109	4920
-16688	2054	2073	740	27613	43
-9844	217	19959	2093	27326	-1548
-6787	-754	27366	145	11068	-738
-5586	1472	12750	-702	-9256	527
-1242	807	-1794	-2113	-14897	1683
186	-685	-4764	722	-3540	1664
-411	-1026	-3247	834	6308	634
-1580	-1232	-1574	580	11676	-550
-3151	-1780	-459	-1200	16562	185
-6745	-1328	3159	-5	14328	-841
-4803	556	3930	658	13338	-1159
-4571	1235	5755	1089	12371	-1068
-4912	1812	6726	1146	9312	-378
-5070	1214	4849	863	5695	637
-4016	344	2708	718	3851	353
-3316	-634	1714	745	2594	-875
-3179	-1090	1180	1072	-485	-2258
-3872	-935	901	537	-4501	-3853
-4771	-1591	206	-1048	-5974	-5934
-4936	-2441	82	-180	-4007	-6792
-3742	-768	51	1562	-4998	-6052
-3277	-239	-412	1589	-7160	-4070
-3137	1300	-978	735	-7416	-1493
-3847	1805	-1155	-341	-6222	1114
-4766	1303	-1319	-2391	-5874	648
-4662	76	-1378	-3277	-4943	-2808
-4962	-2168	-1033	-2319	-4519	-6742
-2861	189	-6461	-2257	848	-3804
-5346	-8262	-8748	-12341	13653	3437
-3891	-6459	-3834	-4876	18576	1983
-5806	-3493	-2073	-1554	16204	-2871
-5066	-3462	-2002	331	12311	-6008
-6166	-3401	-1810	1410	9191	-6882
-5536	-3297	-2232	1692	6012	-7084
-3834	-2749	-3460	2512	4662	-8433
-3827	-2537	-3853	1862	3411	-7824
-4047	-4323	-4212	2322	2362	-7387
-5060	-4469	-2458	3514	-84	-8011
-4397	-4077	-809	5228	-4628	-9202
-3879	-2648	-97	6336	-10436	-8152
-2977	-1554	-914	8017	-15697	-3803
-1094	-117	-1817	8374	-16256	1127
937	-220	-2482	1106	-6277	5194
746	-2200	-1968	-825	-419	5113
1734	-3942	-2358	-1951	482	1442
823	-4314	-1849	-1483	262	-227
-619	-5206	-860	-1614	454	-404
-1673	-6652	-399	-3363	29	-5930
-1735	-7017	-854	-592	-285	-6523
130	-4208	-1481	594	853	-971
-367	-3944	-905	-61	1449	-469
-447	-3904	-674	-413	877	-104
-387	-4418	-644	-855	824	161
-693	-4244	-502	-480	1229	-748
-523	-3907	-242	-375	1500	-516
-258	-3811	-6	-611	952	-680
-139	-4082	79	-531	-164	-874
-20	-4290	-277	-556	-1265	-463
26	-4037	-935	-541	-1439	-439
20	-3454	-1328	-389	-788	-519
69	-3481	-1384	-231	58	-224
-212	-3625	-1095	-141	632	-66
-379	-2705	-704	418	653	-2478
-475	-1739	-522	550	449	-2364
-435	-1620	-368	338	193	2136
-686	-2999	-480	-60	-312	4304
-1026	-6025	-475	-1113	-384	1570
-745	-5978	-1101	-101	-92	-1406
-229	-6427	-1370	-113	266	-565
-740	-4158	-676	48	489	657
-703	-3685	-609	56	222	520
-571	-3839	-790	-19	168	390
-714	-4052	-791	36	199	254
-600	-4194	-704	90	172	323
-590	-3963	-695	80	210	399
-669	-4044	-613	115	113	74
-627	-3682	-810	75	144	81
-450	-4234	-757	-85	372	587
-1022	-486	3515	-154	141	308
-982	-174	3702	-178	454	365
-1075	341	4170	-179	521	637
-990	173	-94	-1188	-5974	1350
-990	173	-94	-1188	-5974	1350
-990	173	-94	-1188	-5974	1350
-990	173	-94	-1188	-5974	1350
-990	173	-94	-1188	-5974	1350
-990	173	-94	-1188	-5974	1350
-990	173	-94	-1188	-5974	1350
-990	173	-94	-1188	-5974	1350
-990	173	-94	-1188	-5974	1350
-990	173	-94	-1188	-5974	1350
-990	173	-94	-1188	-5974	1350
-990	173	-94	-1188	-5974	1350
-990	173	-94	-1188	-5974	1350
-990	173	-94	-1188	-5974	1350
-990	173	-94	-1188	-5974	1350
-990	173	-94	-1188	-5974	1350
-990	173	-94	-1188	-5974	1350
-990	173	-94	-1188	-5974	1350
-990	173	-94	-1188	-5974	1350
-990	173	-94	-1188	-5974	1350
-990	173	-94	-1188	-5974	1350
-990	173	-94	-1188	-5974	1350
-990	173	-94	-1188	-5974	1350
-990	173	-94	-1188	-5974	1350
-990	173	-94	-1188	-5974	1350
-990	173	-94	-1188	-5974	1350
-990	173	-94	-1188	-5974	1350
-990	173	-94	-1188	-5974	1350
-990	173	-94	-1188	-5974	1350
-990	173	-94	-1188	-5974	1350
-990	173	-94	-1188	-5974	1350
-990	173	-94	-1188	-5974	1350
-990	173	-94	-1188	-5974	1350
-990	173	-94	-1188	-5974	1350
-990	173	-94	-1188	-5974	1350
-990	173	-94	-1188	-5974	1350
-990	173	-94	-1188	-5974	1350
-990	173	-94	-1188	-5974	1350
-990	173	-94	-1188	-5974	1350
-990	173	-94	-1188	-5974	1350
-990	173	-94	-1188	-5974	1350
-990	173	-94	-1188	-5974	1350
-990	173	-94	-1188	-5974	1350
-990	173	-94	-1188	-5974	1350
-990	173	-94	-1188	-5974	1350
-990	173	-94	-1188	-5974	1350
-3562	1288	-669	355	-3435	2173
-21003	1239	-968	2368	3661	6108
-10416	-1927	-2137	394	16928	-1826
-11331	2469	3856	3143	21557	-3821
-6260	9028	19125	7494	21076	-1130
-8394	5972	16977	722	6264	2953
-4990	155	6654	855	-1250	5470
-2316	-2124	1930	-1426	-927	3451
-794	-2367	-257	-716	1529	2445
-1491	-2193	-773	744	5048	724
-2199	-989	301	1754	8748	-358
-3344	534	2297	3241	10372	-1681
-2538	2227	3316	2488	9867	-2981
-3072	2330	3206	682	8624	-1679
-4462	1512	2681	111	7684	70
-4433	18	2240	977	7359	518
-4284	-249	1949	1845	5752	333
-3509	-362	1445	1832	3218	-996
-4300	1458	1351	503	-478	-2157
-5726	1866	1067	-2351	-6928	-1002
-5319	1636	-1045	-306	-6514	2953
-6355	3521	644	781	-1417	7180
-3420	1456	178	-1802	-4735	7759
-1777	621	-241	-2245	-6529	6346
-1800	676	-534	-3086	-8084	4036
-2621	817	-955	-3441	-8884	1137
-4662	1616	-1701	-1551	-5684	-1971
-6255	2845	-942	478	-3190	-1070
-4559	2170	-746	202	-4811	2781
-3329	1664	-1150	111	-5895	5838
-2039	1717	-5450	2400	-1122	4833
-5982	15609	-3625	11534	9307	5054
-2711	5371	-2109	2265	11394	1523
-3843	3992	146	179	8036	2669
-4773	3305	-612	-720	4829	5921
-5212	3565	-1569	-1594	3810	8427
-4396	2588	-1459	-1156	3432	8888
-3225	3266	-720	-1099	2205	6428
-3044	4697	-82	-269	777	5715
-2027	4411	-308	-423	158	6308
-1109	3782	255	-268	88	6669
7	3729	37	-60	155	5285
-354	3042	155	594	-36	4008
-1000	3418	-85	194	-1237	2070
-964	3302	17	-946	-2692	-22
-126	3956	-571	-1393	-2167	142
418	3984	-732	-1215	-618	839
194	4158	-472	-675	-118	696
214	4004	-266	169	20	1095
116	4026	-197	376	638	1783
-581	4243	138	332	609	1967
-642	4431	152	61	162	1600
-567	4194	149	-315	-152	571
-511	4215	23	-634	-285	75
-413	3820	33	-456	-638	185
-110	3546	78	-546	-490	427
202	3994	160	-372	-119	575
500	4207	162	-193	-31	971
558	4311	3	135	-259	1052
248	4308	-48	-55	-89	879
22	4071	101	-156	-364	442
16	4028	162	-139	-238	392
188	4096	226	-94	2	212
280	4017	273	142	124	-109
151	3894	170	381	-125	-214
340	4338	-100	306	-126	-233
58	4181	25	23	-14	-279
43	3875	140	-3	-10	-352
68	3838	135	48	34	-399
20	3958	132	108	87	-412
-57	4114	152	170	112	-365
-112	4185	157	234	112	-348
-55	4206	131	309	97	-385
-59	4209	70	326	77	-511
-135	4119	51	308	45	-638
-184	4106	33	248	46	-628
-191	4159	10	194	92	-595
-266	4058	41	154	102	-596
-246	4077	74	201	100	-635
-311	4009	26	285	91	-565
-330	4143	-28	258	97	-527
-1324	-559	3854	7	435	322
-1594	-675	4273	-316	798	-172
-1486	-568	4441	-416	607	-376
-1511	-388	4032	-220	74	-315
-1453	115	3515	67	-136	-96
-1425	468	3178	273	22	207
-1284	114	3117	237	454	373
-1157	-303	3327	144	881	152
-1324	-470	3831	146	1081	-281
-1423	-408	4286	217	821	-811
-1443	-86	4390	515	686	-1041
-1315	343	4389	740	490	-911
-1009	600	4146	664	284	-670
-885	642	3818	494	45	-395
-815	472	3486	318	-19	-173
-850	312	3284	179	48	-148
-868	133	3024	84	177	-239
-686	26	3175	0	446	-388
-581	-26	3713	-71	388	-538
-544	-36	4244	-61	158	-669
-711	110	4694	21	-174	-716
-877	260	4150	182	-604	-517
-842	372	3076	268	-681	-440
-629	209	2404	270	-385	-285
-785	217	2331	255	121	-195
-936	464	2892	212	570	41
-1256	387	3869	238	603	317
-1469	166	4443	189	226	310
-1215	-356	4511	192	-266	91
-803	-443	4129	102	-638	-319
-464	-215	3794	-28	-766	-657
-241	298	3648	-97	-805	-695
-305	689	3594	-128	-824	-467
-573	935	3330	-81	-313	-97
-352	561	3311	-86	392	463
8	-70	3390	-89	963	1081
-165	-615	3403	-26	1462	987
-568	-546	3389	12	1524	232
-862	-142	3256	-83	1526	178
-972	-227	3342	-20	1423	418
-750	-188	3233	14	908	224
-485	162	3169	-159	50	155
-1167	278	2290	-250	-640	628
-1478	173	1342	-230	-306	1267
-1048	-56	776	-95	369	1430
-685	-142	531	-24	1029	1153
-689	-75	426	-119	1302	852
-805	102	371	-251	1406	812
-1213	311	429	-632	1404	918
-2634	722	722	-1047	836	1305
-17491	2314	1323	-2558	467	4575
-15009	-2547	-3634	526	14277	3610
-14119	963	5485	1629	20124	-2096
-5950	387	10182	2431	19428	410
-1551	3607	19014	1296	12991	-2053
-6103	2037	11255	1034	4095	1584
-1929	1298	1929	-367	-1207	2983
-403	-1171	-1175	-2022	1480	2805
-514	-2367	-1213	940	8921	669
-4169	-3127	322	3455	12394	-1478
-4205	-1111	518	3997	12273	-2827
-4158	-407	877	2107	12038	-2865
-4384	103	1492	124	9999	-1951
-2198	250	1717	55	8724	-1648
-2715	1175	1241	839	8130	-1748
-4947	1547	1687	1528	6425	-511
-14244	1512	4422	-369	-6157	778
-5937	245	-1551	-369	-18391	-1401
-1625	952	-1653	2357	-4771	-223
-5107	1485	1147	1216	-5934	1646
-4097	622	-379	399	-12769	2415
-4880	1043	-1955	1462	-11815	3029
-5438	1349	-1548	-655	-6966	2103
-5013	291	-1080	-4409	-4399	301
-5758	-1377	-1020	-6411	-6089	-3284
-7317	-2444	-1608	-4352	-7943	-6252
-4983	1137	-4340	-757	-8075	-3456
-2332	2285	-4469	-2749	-2870	-681
-2924	-434	-1703	-2286	2499	-1699
-4361	-1270	-35	-6	2750	-3813
-4962	-573	756	1041	1585	-4017
-7139	-370	802	-143	3608	2102
-6877	-1138	2236	-878	-396	2640
-4129	-2748	3894	-1321	-1103	-777
-2301	-734	1349	1427	-3604	-4836
-2596	423	347	1575	-1524	-3674
-4106	-746	1039	-715	1076	-67
-6409	-4147	3107	-1116	712	3120
-2955	-3043	552	521	1027	1905
-4915	1222	1266	1285	2164	-210
-4090	-1495	1953	-126	-464	67
-3688	-900	1904	177	175	189
-3522	-856	1713	67	582	127
-4003	-860	1743	24	632	98
-3821	-887	1652	-77	494	107
-3650	-934	1496	-14	424	185
-3702	-987	1432	174	354	264
-3748	-927	1419	390	155	346
-3575	-719	1452	468	-1	323
-3447	-684	1497	406	-43	288
-3558	-667	1518	294	-60	286
-3560	-741	1509	218	-114	267
-3530	-690	1504	208	-152	290
-3454	-665	1546	186	-121	331
-3520	-632	1592	117	-67	381
-3560	-636	1566	39	-9	383
-3572	-675	1560	38	49	375
-3591	-609	1567	29	104	426
-3650	-630	1569	19	158	418
-3720	-600	1570	5	161	368
-3715	-574	1555	20	148	286
-3703	-562	1521	2	127	197
-3697	-568	1518	16	104	68
-3656	-583	1528	4	72	37
-3665	-583	1501	16	37	34
-3641	-601	1494	39	4	37
-3680	-594	1504	86	-10	67
-3688	-550	1543	87	-26	83
-3687	-553	1551	52	-46	45
-3647	-558	1515	28	-53	12
-3671	-563	1539	51	-36	9
-3705	-573	1547	65	-27	34
-3680	-545	1545	54	-27	14
-3666	-542	1537	40	-25	-45
-3694	-570	1547	50	-6	-108
-3711	-583	1543	80	-4	-149
-3708	-573	1550	111	-18	-208
-3644	-473	1518	130	17	-368
-3632	-535	1481	85	-12	-585
-3719	-837	1585	72	-108	-501
-1338	-105	4049	200	506	-751
-1384	20	4184	49	167	-1109
-1470	216	3941	-103	-191	-1218
-1267	364	3507	-272	-133	-1271
-951	436	3404	-360	52	-1167
-932	322	3576	-326	295	-1115
-1411	344	3901	-234	244	-1024
-1780	610	3905	-83	640	-774
-1706	765	4245	27	827	-451
-1376	718	4112	21	450	-206
-1216	403	3695	-22	9	-135
-1113	-86	3347	-19	-115	-215
-1170	-338	3148	-19	70	-503
-1259	-188	3232	-7	452	-757
-1428	163	3593	69	646	-771
-1427	486	3842	144	548	-631
-1281	632	3941	190	302	-400
-991	645	3887	179	56	-177
-876	529	3667	145	-176	-14
-890	357	3376	121	-156	77
-970	274	3317	104	71	139
-1122	203	3624	60	381	162
-1211	101	4066	8	342	149
-1237	79	4142	-5	79	128
-1263	56	4004	63	-143	141
-1292	-124	3683	144	-163	41
-1231	-137	3390	135	-23	-210
-1240	-194	3254	107	204	-386
-1113	-80	3334	44	381	-594
-926	75	3612	44	374	-542
-775	137	3898	49	98	-557
-697	155	3837	18	-332	-456
-744	38	3446	-10	-623	-314
-683	-4	3046	-10	-564	-139
-377	-83	2968	-9	-243	-91
-365	-97	3113	3	211	-373
-464	38	3313	161	560	-689
-433	107	3269	411	896	-348
-127	-56	3100	721	1091	97
-103	58	2634	763	1300	188
-208	-70	2417	623	1770	134
-490	-196	1797	919	2213	-91
-1276	291	1229	923	2417	104
-1185	110	1028	464	1195	-118
-1132	306	958	164	-51	-490
-1571	539	815	-97	-2137	-354
-1797	554	659	-520	-4819	156
-68	-38	-732	522	-3186	564
-2070	1562	-92	1841	2794	1005
-3760	-622	665	-116	1567	390
-16544	2833	147	316	198	-1025
-17017	3335	-334	1637	13307	-2319
-8113	-487	10296	339	17559	1176
-4302	-909	22943	-650	11942	-4371
-7879	2382	15183	-789	1394	-210
-2736	1719	2356	-180	-7517	1250
732	854	-4166	187	-1395	2231
-920	-822	-3023	-683	7934	208
-1921	-1234	631	1122	15638	-2248
-9576	775	6717	516	14275	-1862
-6955	27	10805	228	8550	-413
-2825	1161	6151	-374	1753	-1521
-1295	1278	1547	-318	2252	-961
-1161	336	-517	149	5729	-773
-1818	407	-648	496	9328	-615
-3677	-46	353	1283	9942	-673
-4479	-203	1385	504	8143	-1910
-5008	-1062	2142	161	5173	-3425
-3884	-1401	1598	1374	2891	-4468
-3073	-1057	880	1942	430	-4824
-2652	-648	168	1833	-1189	-5327
-2714	-1051	-35	1810	-1921	-5202
-2588	-909	-195	2621	-2200	-4787
-2999	-593	-193	2684	-2824	-4178
-3418	-603	-167	2116	-4293	-3361
-3898	-1049	-239	1599	-5341	-2955
-4823	-1278	-178	884	-6047	-2931
-4592	-1447	-991	231	-6043	-3346
-5683	-2919	-9267	-6397	1254	811
-8163	-6999	-7404	-13755	13227	4511
1521	-7887	-4952	-5575	15505	-5159
-658	-64	-4913	222	13032	-11912
-4772	-4516	-5448	3068	13540	-7561
-4683	-4646	-5086	7141	11933	-7955
-4583	-3144	-3203	6314	10721	-8635
-3049	-4358	-3273	6059	8347	-9088
-1988	-4453	-2754	6525	5011	-8653
-1017	-3486	-2399	6246	1507	-7457
-2513	-3218	645	6216	-2950	-4990
-2160	-2663	985	8228	-9768	-2656
-1095	-848	-364	8540	-13556	-1409
-1155	-632	-687	6945	-14496	-549
-851	-960	-909	5921	-15081	1981
722	-232	-950	4514	-11920	5106
927	-342	-874	1004	-8805	5923
8130	-26074	-7960	-12594	-2213	-7050
3804	-2312	-2651	-1357	1538	-5759
1655	814	-806	1205	-970	6814
1250	-10723	-2638	-689	156	2189
-692	-2899	-751	68	94	-1713
130	-3415	-380	253	-212	-411
504	-4711	-164	681	-92	-1734
710	-4094	-134	385	-148	384
-88	-4333	-260	533	-159	1124
-356	-3947	-173	564	-235	1158
-494	-4066	-4	508	-196	698
-219	-3908	93	296	-181	307
-124	-3737	46	102	-41	119
-139	-3841	-47	-119	58	161
-224	-4318	-164	-114	168	77
70	-4099	-109	-166	115	206
-52	-4139	-158	-58	169	385
-150	-4289	-134	51	360	259
95	-3910	-164	-18	452	70
-413	-4191	-134	123	467	363
23	-3875	-24	-77	533	-52
-475	-3864	-224	-169	140	-118
-569	-4012	-220	-36	452	39
-325	-4161	-160	-1	582	570
-432	-3887	-185	60	764	335
-672	-4134	-72	54	438	129
-695	-3757	-239	82	118	15
-511	-4082	-291	280	60	25
-555	-4073	-86	227	-47	281
-440	-4061	-135	220	39	314
-628	-3975	-38	80	7	216
-441	-4010	-89	12	43	-14
-537	-3993	-143	6	77	3
-498	-4138	-167	70	37	-125
-498	-3908	-72	59	-39	-271
-2222	253	3916	191	795	-509
-2209	202	4044	223	550	-660
-2021	74	3565	151	163	-680
-1899	-96	3157	81	-4	-751
-1774	-35	2946	24	102	-901
-1702	200	2926	-6	425	-881
-1687	478	3184	10	774	-648
-1805	703	3781	-2	1080	-167
-2050	515	4423	-116	1054	248
-2124	242	4770	-344	599	268
-1859	-6	4371	-466	-15	89
-1509	-159	3604	-444	-257	-57
-1298	-221	2987	-384	-143	-204
-1255	-97	2647	-270	212	-249
-1357	60	2643	-158	703	-98
-1560	52	2979	-105	1016	78
-1798	-49	3412	-80	879	196
-1870	-185	3608	-72	560	184
-1897	-260	3618	-36	315	73
-1747	-67	3602	42	-26	-4
-1424	-76	3342	110	-217	54
-1440	56	3300	42	-21	-103
-1462	177	3444	39	147	-31
-1408	323	3725	94	60	59
-1427	188	3769	164	-166	187
-1288	-173	3846	242	-293	155
-1202	-379	3997	324	-571	-63
-1027	-127	3916	400	-1025	-320
-740	189	3678	480	-1405	-388
-721	254	3379	508	-1463	-658
-705	354	3117	519	-1338	-812
-643	389	2808	414	-1053	-708
-588	201	2412	305	-575	-646
-672	-60	1952	228	630	-716
-596	-254	2064	365	2215	-795
-514	-361	2978	827	3407	-1081
-889	267	3784	1104	4252	-1306
-1892	741	4411	516	3596	-1020
-2114	771	4192	269	1944	-330
-1890	742	3538	144	641	-28
-1633	466	2834	-222	-459	173
-1827	-46	2042	-45	-1442	516
-2020	-93	1329	-124	-2574	866
-1987	-192	965	-431	-4427	1145
-1084	-287	250	-712	-4633	1124
-1337	-517	53	-349	-3495	918
-1792	237	-104	406	-919	580
-1741	494	118	-244	1191	150
-533	137	78	105	2435	-77
-219	423	476	106	2751	-85
-14552	1995	2818	-501	-793	388
-17187	2924	-4476	-257	16534	1622
-12195	590	9565	1071	19462	506
-5145	-499	22858	-1815	12731	-2660
-7149	834	15535	-959	3033	635
-4747	1059	4519	-479	-6208	1995
-999	74	-1829	-437	-4215	2335
1357	-1148	-3632	-1401	3614	-157
-354	-1422	-2052	-1348	10285	-1561
-965	-1011	296	-270	13639	-941
-7561	-57	3418	-112	14715	39
-7032	940	5602	481	10730	-67
-4825	457	4827	131	5838	113
-3974	363	3160	589	5296	74
-3448	1236	1695	1092	6560	446
-3818	711	509	-18	6787	69
-3971	-73	93	-299	7873	-90
-4492	-182	520	-595	8059	-57
-4007	43	854	-982	6619	74
-3063	321	709	-1028	4983	85
-2838	585	693	-1463	2782	675
-2666	342	630	-1730	283	1634
-2801	546	516	-1416	-2153	2680
-2648	591	229	-675	-4605	3876
-2312	469	-88	555	-4181	4702
-4653	237	567	-194	-5329	4084
-7974	-1093	91	-222	-9317	626
-9709	11	-322	-2795	-6591	-4873
-8264	2100	-361	-2984	-9232	-3712
-6279	2711	-1032	-3480	-10368	2131
-7045	2631	-1097	-3498	-11089	5279
-7176	2543	-1625	-2765	-11464	3796
-5768	2627	-1658	-2252	-10473	-1040
-4066	2379	-2006	-1964	-9366	-4591
-3608	2670	-3310	-1969	-7823	-5829
-4439	2691	-4666	447	-4978	-3194
-5145	3711	-3529	1305	-237	1610
-3775	615	-2157	-2491	2396	3633
-3020	-472	-728	-2203	4430	2828
-2609	-223	-238	-880	4755	1265
-2558	448	-162	372	5301	-15
-3430	1077	-24	686	6075	-823
-4451	1447	444	-14	6025	-1129
-4532	1182	674	-542	5220	-836
-4364	803	652	-196	4734	-76
-4459	850	786	-172	4885	520
-5248	12	2401	618	4576	1104
-5221	900	3215	2227	2729	549
-8829	-809	7811	-499	3438	-6053
-2535	-382	1704	1386	3095	-2664
-2671	291	-979	888	4027	415
-6584	1038	-513	643	2193	-1033
-3986	74	-106	-54	212	-865
-3993	282	130	34	301	-162
-4079	265	20	76	522	-75
-4042	263	12	95	457	-47
-3983	313	-77	115	462	-74
-3949	277	-49	116	529	-67
-3924	297	-87	141	587	-82
-3965	276	-111	165	571	-95
-3978	279	-125	198	370	-171
-3911	270	-206	146	223	-176
-3967	364	-287	122	203	-126
-3976	264	-231	84	81	-82
-3994	288	-262	64	87	48
-4028	267	-229	40	85	169
-4039	280	-242	26	10	252
-4017	321	-215	20	-51	256
-4019	332	-208	13	-36	246
-4030	334	-195	1	-10	220
-3997	334	-198	-1	-16	214
-4002	359	-176	-1	-19	204
-3949	346	-169	5	-8	201
-3984	358	-190	8	10	199
-3978	380	-191	11	3	185
-4017	318	-118	30	-51	144
-3931	396	-203	50	-122	93
-3953	412	-231	12	20	116
-3942	402	-179	0	-9	66
-3972	399	-181	-1	16	56
-1766	-669	3510	-136	869	611
-1830	-640	3826	60	803	298
-1833	-389	4069	240	549	53
-1499	127	3577	406	495	-1
-1499	127	3577	406	495	-1
-1499	127	3577	406	495	-1
-1499	127	3577	406	495	-1
-1499	127	3577	406	495	-1
-1499	127	3577	406	495	-1
-1467	172	3479	372	540	-38
-1413	218	3482	323	562	-47
-1411	311	3595	252	513	-67
-1510	331	3697	125	359	-85
-1460	193	3629	-45	193	-191
-1463	57	3518	-206	143	-341
-1475	-54	3369	-326	146	-488
-1459	8	3286	-398	268	-586
-1471	135	3320	-401	407	-495
-1456	123	3410	-358	531	-382
-1386	89	3651	-252	534	-301
-1424	79	3800	-94	317	-160
-1318	79	3635	85	2	-49
-1299	65	3307	285	-151	23
-1159	155	3002	427	-98	77
-999	82	2927	442	62	69
-961	8	3179	337	102	-67
-1069	103	3419	222	-51	-180
-1271	69	3415	156	-245	-195
-1316	-180	3200	80	-243	-322
-1176	-330	3185	40	-129	-648
-907	-254	3419	37	-7	-1036
-433	171	4078	9	-80	-1169
-434	584	4617	-33	-690	-798
-786	490	4057	-30	-1218	-319
-1045	350	2749	-55	-824	22
-679	-5	2052	23	207	525
-352	-549	1915	178	1338	903
-288	-1144	2510	626	2441	773
-954	-1031	3238	871	2852	-129
-1980	-37	3271	621	2637	-687
-1842	304	3109	550	2292	-441
-1491	559	3182	402	1080	109
-1653	526	2435	84	-156	725
-1606	620	1799	-409	-1080	1153
-1169	227	1217	-297	-1711	1642
-793	75	711	-45	-2018	1974
-708	-105	403	-266	-2041	1856
-600	-302	104	-819	-1727	1442
-205	-602	-284	-1108	-219	823
-1240	-17	-49	-28	2164	294
-15904	1169	2841	-684	-643	137
-20453	1458	-3272	801	12275	1619
-13175	2247	6610	1993	17721	2997
873	-1981	21282	2164	17951	-1001
-6317	2545	18384	-104	8444	-485
-6052	209	4356	-1516	-4767	929
-1927	-998	-1113	-1014	-3349	2558
146	-1360	-2414	-1017	3707	1577
-1171	-462	-1554	-1104	9934	308
-3253	1230	-187	-285	13991	2553
-4826	514	3542	2241	16727	3234
-6907	932	6278	866	11615	926
-4581	3	4228	617	6411	1283
-3378	-49	2238	1202	6469	906
-2843	130	1085	1845	7902	719
-3574	-185	832	2510	8381	273
-3718	-561	920	2931	6920	-675
-3819	-409	1007	3239	3292	-2111
-4628	344	1170	2055	-3125	-3026
-5595	1649	1063	-550	-11178	-2405
-3163	1337	-1731	-2363	-11877	1362
-3123	740	-966	997	-2307	7618
-6351	2388	850	114	-5354	9731
-5798	1589	-725	-1124	-7809	7907
-5816	2185	-740	-2215	-7786	2923
-4937	1872	-941	-2866	-8805	-899
-4746	1953	-1141	-2329	-8969	-2287
-5017	2224	-1396	-1980	-8833	-929
-4668	2189	-1216	-1268	-8196	2335
-3371	1793	-1472	-910	-7976	5130
-1529	2100	-2876	-1183	-6428	5239
-879	2151	-3520	-1359	-3156	2696
-1489	1819	-2339	1257	1900	1873
-2660	2275	-742	2785	5929	3124
-3252	2224	65	1487	5437	3919
-3171	1671	99	1183	4820	4056
-3187	2484	336	1279	6101	4015
-13056	16265	8718	150	5747	4472
-5564	6351	3831	1596	4042	4318
2337	-1479	-577	2207	1906	5168
-3904	1408	60	2882	2507	2436
-6211	5633	1770	2787	1741	2016
-3173	2656	288	3019	619	3987
-1714	3115	-587	1282	1319	6639
-2565	2787	639	855	668	8022
-1947	3549	923	1821	-344	8311
37	3487	379	2085	184	3710
230	4825	567	1333	2409	-943
-781	4507	557	1150	1755	-1132
-664	3628	69	818	142	-1524
-747	4118	-414	1407	-122	-396
-1120	4714	-760	607	-43	1297
-1066	3578	-577	-186	57	1623
-1281	4100	-230	-194	320	1974
-1219	4027	82	-799	389	1907
-1275	3770	266	-992	403	1227
-992	4095	315	-412	433	1168
-1088	3788	485	71	-10	410
-1117	3672	388	287	-189	-396
-782	4253	59	67	-297	142
-771	4040	-21	346	-563	995
-543	4195	-184	137	-226	1667
-562	4042	-90	291	-332	1359
-206	4106	-23	128	-240	765
-254	4161	-1	14	17	335
-348	4203	-95	-9	-156	251
-626	4125	-8	-234	-135	11
-671	4149	135	-326	-153	11
-556	3927	163	-270	-241	-29
-564	4021	155	-162	-213	-92
-616	4038	128	-101	-108	-43
-665	4014	118	-150	-49	-9
-688	3947	219	-92	-16	88
-658	3972	218	32	9	108
-642	4025	161	95	24	53
-658	4032	142	104	27	-17
-667	4055	128	66	23	-53
-681	4040	126	14	7	-67
-664	4037	151	-15	8	-102
-676	4019	126	-49	-1	-154
-1694	-127	3353	117	277	-1157
-1854	110	3751	398	838	-1059
-1895	340	4299	413	935	-1227
-1745	540	4522	255	574	-1132
-1490	486	4408	82	214	-782
-1167	425	4158	-49	-57	-543
-971	443	3869	-104	-118	-230
-892	448	3683	-142	16	129
-937	244	3562	-257	278	348
-1040	-95	3766	-377	687	397
-1052	-435	4262	-472	622	298
-1041	-690	4303	-508	222	50
-954	-684	4017	-425	-28	-186
-859	-522	3711	-320	-124	-273
-863	-247	3419	-228	-9	-223
-900	-48	3384	-112	236	-48
-943	-83	3642	-34	323	132
-945	-219	3900	-26	159	157
-906	-388	4007	-30	-31	71
-850	-488	3909	-29	-197	-93
-813	-455	3732	-7	-272	-230
-821	-326	3505	12	-207	-244
-870	-138	3360	4	-7	-124
-922	69	3412	-31	303	23
-1074	75	3710	6	504	239
-1187	-107	3877	39	534	365
-1209	-68	3802	-3	459	419
-1183	55	3531	-99	379	482
-891	-14	3363	-122	342	496
-672	-131	3389	-87	372	454
-632	-298	3728	-44	220	174
-479	-269	3733	-63	-302	-160
-186	-67	3353	-87	-818	-347
-62	31	2778	0	-681	-200
24	-306	2473	92	-67	-202
-403	-338	2267	154	740	-556
-392	-239	2103	336	1467	-562
491	-361	2329	563	2447	-464
-164	-449	3108	838	2417	-578
-1553	55	2784	732	1086	-418
-1388	-158	2137	287	560	-142
-1302	152	2090	693	784	-806
-1634	754	2049	474	24	-1481
-1416	931	1713	-8	-950	-1526
-865	728	1016	190	-1132	-1043
-446	404	561	334	-455	-291
-268	79	582	236	451	550
-134	19	713	2	820	964
-381	-259	369	44	631	889
-4048	91	1107	125	-766	886
-28870	7230	-6856	438	-1179	5543
-12468	791	-1953	4030	21115	1386
-14010	-8061	18030	-1609	29693	-5280
-12132	-390	32767	1328	16864	-3003
-7178	4085	13903	-1419	-9902	-1041
355	1773	-3562	307	-12413	1623
155	396	-5234	392	402	804
139	-966	-3388	-265	8397	-1234
533	-1064	-2097	119	16526	-3196
-8624	-1744	1472	-1755	23077	-2358
-6524	-855	4526	1221	14619	-757
-4931	-119	4869	1369	12538	-1805
-4997	824	3805	886	9720	-3176
-5495	349	3262	358	5683	-3016
-5300	-688	2082	903	-303	-3054
-4952	-1244	1058	112	-3971	-4776
-4036	-1788	410	-97	-4642	-6214
-3027	-742	-32	1966	-5960	-5036
-2567	-757	-421	2842	-7525	-3310
-2736	-855	-527	2510	-8008	-2307
-3738	-1227	-942	2300	-8178	-1650
-4871	-1502	-1142	868	-6877	-1583
-6034	-2114	-838	-597	-6288	-2722
-4972	-1945	-852	-642	-6868	-4203
-3316	-1738	-1348	372	-6460	-3666
-1939	-1608	-1978	2143	-4360	327
-2209	-1724	-2293	2276	-308	4656
-2342	-1566	-3348	1575	4063	6240
-4289	-5320	-2952	-317	10397	2504
-4648	-5886	-434	1810	10283	-6897
-8350	-13703	2699	-2676	11379	-2481
-2630	-1639	-437	-2923	9937	6662
-6897	-1902	-1992	-1238	6549	7174
-7263	425	-2044	1007	2410	-1185
-4804	-1432	-891	607	1394	-5049
-4135	-2034	-824	511	1376	-4761
-4371	-2553	-938	826	1191	-4720
-3911	-3518	-742	1624	1411	-5203
-3421	-2554	-406	2524	1276	-5391
-2584	-2251	-674	2550	978	-5242
-2947	-2942	-418	2162	1563	-4647
-2902	-2493	-546	2419	1782	-5002
-2478	-2459	-683	1931	1410	-5561
-2295	-2489	-736	1489	768	-5909
-1763	-2942	-697	1460	17	-5694
-1329	-3337	-509	1555	-502	-4510
-1204	-3732	-581	1085	-815	-2864
-1817	-3669	-145	988	-1743	-1964
-2525	-3626	574	1072	-3222	-1936
-2164	-3803	508	1308	-4873	-2313
-1937	-3703	5	1502	-5540	-2436
-1771	-3146	158	1292	-5853	-1956
-1653	-3605	182	135	-5865	-1463
-834	-3034	-278	-62	-5503	-700
-899	-4549	-301	-1380	-3744	-1556
-728	-3399	174	-1068	-2126	-1282
-468	-3375	366	-1230	-1208	-947
-738	-3846	476	-1736	-1295	-1110
-223	-4311	283	-2247	-1670	-1161
327	-5509	-271	-1611	-1296	-1313
-275	-4104	-128	-118	-39	-709
-434	-3985	92	-101	-153	-8
-746	-3972	176	-84	-145	104
-788	-3868	214	-132	-178	-89
-627	-3689	278	-524	-314	-392
-424	-4241	48	-190	-70	-839
-447	-3896	133	-302	-313	-418
-417	-4258	55	-275	-362	-147
-340	-4224	-155	-53	-156	-191
-392	-3919	-30	-5	-56	77
-580	-3961	98	9	4	115
-614	-4001	158	-16	-16	96
-600	-4019	136	-58	-14	103
-592	-3993	134	-105	4	108
-619	-4013	139	-135	14	69
-618	-4007	117	-144	23	51
-631	-4017	97	-146	15	75
-649	-4034	94	-124	14	75
-643	-4016	80	-87	-3	23
-616	-4018	97	-56	-3	0
-2061	-342	4134	439	705	-574
-1973	-192	4310	739	738	-699
-1814	54	4150	912	476	-663
-1652	298	3693	978	229	-600
-1559	448	3323	984	180	-573
-1420	483	3097	946	332	-625
-1351	449	3129	867	583	-734
-1336	448	3378	817	749	-706
-1431	423	3701	781	729	-705
-1483	328	4114	745	604	-748
-1491	214	4480	628	180	-907
-1486	366	4304	373	-511	-1135
-1379	551	3606	134	-883	-1242
-1132	416	2891	18	-582	-1255
-844	160	2687	30	37	-1457
-1099	152	2927	135	359	-1490
-2033	121	2982	228	112	-1243
-2682	7	2220	301	347	-1424
-2319	343	2322	221	1716	-1865
-1822	865	3383	20	2287	-1775
-1690	897	4489	-174	1733	-1029
-1998	473	5194	-387	67	-249
-1971	-244	4609	-418	-1334	-228
-1241	-295	3439	-368	-1411	-617
-742	-378	2761	-142	-795	-835
-599	-363	2752	121	14	-1073
-664	-136	3516	375	460	-713
-1126	-143	4249	684	178	-11
-1478	-399	4104	817	-502	-304
-1336	-31	3421	867	-701	-748
-1161	164	2706	968	-66	-458
-905	-333	2744	1006	694	-373
-1061	-166	2668	1023	1311	-469
-1118	232	2813	1191	1999	-74
-949	309	3401	1166	2083	703
-1357	-212	3341	1230	1293	1006
-1611	-237	2796	1480	529	452
-1673	282	2107	1024	424	307
-1004	164	2112	483	885	249
-721	426	2749	354	903	-101
-2157	315	2207	-141	335	-303
-2199	2	1648	-371	-645	-228
-1631	-9	1257	-431	-926	-115
-1609	235	1142	-585	-1255	79
-1589	274	1019	-990	-1849	274
-1364	-51	699	-1634	-2459	289
-1022	-148	228	-1268	-1637	113
-1231	-320	-144	-136	992	26
-2745	79	498	-60	2270	115
-3282	14	649	-364	1870	480
-17600	1081	1904	-1087	-1706	1950
-16125	3578	-1024	981	13105	5601
-6966	61	9477	-60	17735	2263
-6381	-1982	22128	-2430	12882	-1143
-6844	-335	14290	-1250	2652	-479
-3283	253	4013	-999	-5188	1036
-758	-581	-1809	-1477	-3132	1423
434	-895	-1784	-951	2842	753
-309	-1192	-1137	116	6968	-236
-804	-164	-772	617	11814	-715
-5832	769	993	1174	17956	248
-7601	1097	3301	-513	11174	462
-5093	609	3931	787	11486	729
-4223	687	4902	769	10216	782
-4173	-353	3438	1021	9064	286
-3907	-139	2144	888	8303	-384
-3590	-33	1455	-342	6670	-1333
-3328	262	1270	-457	4980	-1630
-3163	1146	1036	-1373	1699	-872
-2851	967	501	-1949	-1329	605
-4729	1509	632	-1234	-4321	3508
-5379	2347	160	1048	-4845	6144
-4689	1631	-27	-1267	-5001	6148
-5146	221	-93	-1931	-7095	3425
-6603	739	-758	-2660	-8851	-658
-8442	1001	-777	-3751	-9802	-4731
-10047	1756	-1077	-3078	-11210	-4744
-10710	2435	-1679	-1344	-12200	-726
-8167	2521	-1850	-2014	-12712	2166
-5887	3041	-2982	-4586	-13140	1306
1134	1527	-10589	-3613	-10852	-3702
-1289	3379	-7378	2552	489	-2446
-3068	1889	-1417	-11	5795	402
-2770	865	286	-280	4206	1676
-2446	664	43	206	2576	1890
-2998	1347	-341	813	3878	1863
-4671	1989	-89	-386	5009	1726
-5678	1001	55	-1171	5252	1029
-6252	130	513	-806	5036	-354
-5443	453	447	-220	4324	-1118
-5037	797	631	-475	4650	-117
-5442	-537	2623	184	3318	901
-4788	-2023	3734	2874	1148	145
-6004	1614	4649	3789	-840	-240
-3282	1299	1775	382	-1462	582
-3145	1060	838	-1336	596	652
-4213	174	819	-1627	1077	-95
-4673	-381	615	77	-565	-2075
-4209	891	209	459	-206	-2619
-4121	841	296	238	31	-1462
-3872	734	274	253	228	-211
-3931	681	349	253	498	340
-3980	861	502	270	608	261
-3995	955	627	154	544	56
-3991	727	684	38	326	-106
-3887	518	670	-3	108	-233
-3811	412	621	-22	-53	-193
-3832	509	557	-22	-169	51
-3795	520	444	-51	-165	344
-3852	545	430	-51	-62	331
-3934	605	491	-76	68	168
-3909	653	571	-93	161	44
-3878	706	659	-99	218	68
-3901	676	726	-98	201	298
-3957	665	767	-98	151	481
-3967	673	741	-87	51	457
-3949	690	670	-82	-43	355
-3942	621	608	-75	-110	201
-3954	603	542	-71	-143	38
-3995	630	513	-53	-153	-54
-3965	786	476	-35	-129	-17
-3928	801	464	0	-90	113
-3914	762	477	15	-43	149
-3897	819	486	4	5	52
-3904	829	530	-3	45	-24
-3927	790	592	-21	71	-20
-3953	759	647	-25	45	4
-3958	755	666	-19	-12	-6
-3873	773	638	-31	-44	-23
-3825	747	556	-36	-50	17
-1811	349	3349	-214	-151	-1073
-1737	436	3542	-6	701	-545
-1799	272	3706	158	824	-112
-1783	-113	3534	184	654	-53
-1798	-511	3184	191	426	-356
-1853	-762	2861	205	348	-844
-1892	-527	2662	115	523	-1337
-1904	120	2837	134	931	-1224
-1940	616	3543	223	1318	-559
-1915	758	4411	252	1200	192
-1869	393	4910	92	567	718
-1748	-275	4578	-261	38	679
-1515	-728	4042	-574	-11	247
-1267	-861	3719	-618	-66	-157
-1062	-620	3390	-415	-86	-356
-1003	-237	3232	-58	144	-213
-1130	-84	3439	187	397	90
-1256	-5	3662	113	443	243
-1324	104	3836	-123	397	400
-1526	309	3809	-284	92	664
-1594	153	3383	-362	-36	957
-1429	-357	3100	-405	63	913
-1137	-899	3037	-448	265	467
-1361	-1206	3209	-445	391	-239
-1492	-857	3371	-280	126	-618
-1515	-174	3340	-64	-91	-588
-1461	317	3311	78	-157	-223
-1431	737	3456	57	-119	153
-1381	900	3658	-27	-193	698
-1279	479	3710	-89	-261	1116
-1123	-312	3704	-29	-411	1091
-925	-821	3662	10	-433	521
-710	-707	3843	52	-352	-32
-682	-520	4135	194	-446	-428
-910	-219	4011	299	-546	-868
-1264	-5	3369	284	-234	-1181
-1213	111	2438	239	759	-882
-223	-41	2743	689	1490	-794
-169	364	2702	712	1733	-551
-197	423	2635	458	2219	276
-803	466	3102	511	2635	1133
-1354	371	3500	-151	740	1256
-1623	326	2872	-603	-1207	1304
-1522	313	1709	-986	-2470	1693
-1177	355	828	-1424	-3138	2365
-758	293	302	-1847	-3354	2948
-421	16	-12	-1723	-3236	3252
-221	61	-205	-558	-1967	3324
-729	366	-143	187	-859	3171
-1507	633	-77	-231	-91	2862
-6619	-1512	518	202	177	1905
-31463	-6570	-4214	431	5348	-4457
-10052	3051	-798	1278	22444	1297
-11713	363	9505	3079	23019	4805
-8023	12170	24395	3976	22876	-3494
-10412	3296	16829	423	2383	3713
-4929	100	2656	-1098	-7265	6366
-1905	-1706	-1575	-2561	-6910	4596
198	-2917	-2713	-651	2069	2757
-576	-2793	-1597	-148	10599	-1151
-3743	-2127	51	1002	16339	-154
-5889	415	1751	1453	14827	4394
-5059	1350	2694	1238	13663	4976
-4062	1312	3882	1174	12853	2555
-3661	920	3896	240	9908	956
-4508	918	3027	-624	6490	1268
-6035	1140	2565	-2309	225	2459
-5895	680	1449	-2094	-8220	3473
-2295	-132	-963	788	-10043	4194
-2258	1126	-937	3084	-6945	4190
-5413	3083	-597	1259	-7018	4710
-5769	3510	-1383	-1131	-7841	5436
-4717	2740	-857	-2025	-7073	3698
-3622	2358	-829	-3843	-7793	879
-2951	1709	-1059	-4277	-7449	-1534
-2897	1820	-1024	-4074	-6602	-2377
-2755	2100	-689	-2965	-6353	-2555
-1513	2090	-1295	-2800	-5833	-2956
-1961	1658	-1319	-2260	-2994	-2987
-3335	1584	-803	-1503	-1254	-2269
-3396	1779	-758	-662	-887	-1813
-13740	17659	2380	7341	7688	-2693
9825	4583	-9244	6028	11686	-2268
-8074	3304	-826	-3405	14471	-1632
-9942	-2767	880	380	5201	218
-6992	3362	-40	550	2187	6535
-3621	2222	153	102	936	7867
-2077	2110	425	57	403	6626
-1965	2938	622	556	1147	4813
-2250	2786	169	974	1516	3245
-2833	3305	-251	684	1115	2555
-2884	3274	-446	-83	475	2375
-2697	2817	-170	-1061	-227	2566
-2390	2672	52	-1301	27	3188
-2480	3375	212	-1352	852	3755
-2356	3251	348	-1286	1245	4208
-2050	3371	268	-1100	1329	4292
-2093	3737	278	-1164	1191	4283
-1727	3576	420	-931	1156	4240
-1528	3567	408	-486	750	3925
-1316	4003	68	-572	539	3657
-737	3737	44	-794	8	2828
-631	4063	389	-610	-198	1679
-866	4118	278	-513	-182	609
-990	3734	373	-228	-191	303
-986	3656	290	-74	-295	232
-1142	3892	315	-155	-128	446
-904	4159	284	-116	-148	386
-836	3966	385	-228	-103	-205
-1008	3668	497	57	-206	-805
-1242	3762	476	277	-52	-744
-1361	3812	379	391	133	-284
-1246	3859	347	413	194	67
-1131	3945	323	417	245	75
-1106	4000	261	463	235	-107
-1065	3992	179	306	307	-339
-1087	4039	144	130	323	-557
-1346	3772	264	118	248	-678
-1289	3842	149	159	97	-652
-1156	3984	92	-95	166	-585
-1353	3769	197	-401	352	-519
-1408	3818	266	-198	138	-606
-1336	3843	242	-178	134	-684
-1429	3732	291	-86	60	-807
-1408	3804	247	-58	-14	-916
-1468	3799	245	-44	-20	-997
-1541	3783	307	-36	-22	-1010
-1522	3591	304	46	43	-960
-1699	3746	220	38	41	-848
-1683	3656	259	29	28	-704
-1251	36	3786	333	-291	-608
-1116	318	3619	310	-290	-539
-976	494	3610	316	-189	-295
-834	604	3760	337	-13	-62
-754	663	3977	370	101	229
-866	531	4185	338	41	405
-1025	593	4034	316	-54	754
-832	382	3970	323	131	1021
-296	269	4267	328	364	930
-186	160	4757	318	1	954
-1414	-272	4892	-550	-893	-232
-2874	-44	3800	-1257	-1434	-1853
-2608	202	3253	-1258	74	-1623
-1926	151	5193	-581	755	-620
-2196	-683	5434	421	-63	47
-2917	-1322	3675	999	-805	-130
-1995	-1549	2453	1013	-811	-498
-1019	-1880	2432	848	-615	-1419
-1454	-1446	2367	539	-1052	-2540
-1489	-772	2103	274	-1186	-3575
-1373	-137	2642	593	-64	-3413
-1875	208	3917	958	-83	-1921
-2059	-160	4098	936	-997	-1219
-1747	-188	3408	615	-1530	-1795
-1255	100	2967	419	-1730	-1871
-1090	230	2362	463	-1148	-1294
-430	133	2610	465	-381	-1224
-237	268	3041	378	57	-1461
-299	392	3262	140	385	-1398
-672	257	3165	211	536	-963
-982	-229	2719	484	761	-563
-780	-721	2615	735	1160	-524
-759	-1012	3021	1059	1294	-1005
-1342	-984	3286	1154	1310	-1655
-1128	-804	4199	1115	707	-3012
-1294	425	4407	677	-985	-3714
-1035	599	3246	538	-2157	-2610
-997	279	2164	883	-1273	-1701
-680	52	1844	611	-91	-1843
-88	221	2338	434	589	-2008
-618	255	2403	444	486	-1686
-1224	254	2025	51	76	-1551
-908	333	1797	-69	634	-1669
-835	649	1933	-322	1281	-1774
-845	364	1974	-501	1357	-1625
-998	254	1676	-718	1179	-1537
-996	273	1395	-1055	651	-1233
-708	193	1136	-1337	933	-654
-932	312	1032	-1859	1349	13
-2325	94	1097	-2430	1309	696
-13983	1013	-179	-3785	-2505	3911
-13523	1070	-1672	395	19771	13134
-13714	-4480	16107	-3076	19142	621
-7967	-9384	18012	-6485	6223	-4481
-2238	-7420	9483	-6231	2323	-3308
-977	-1841	3517	-1361	-498	-863
-552	578	-186	-989	348	-1258
-196	1439	-1287	-945	3642	-200
-1169	2027	-989	-2171	8174	2324
-3987	831	383	-3151	11157	3559
-6360	-2600	2357	-1947	10317	407
-5603	-2261	3727	-2703	10752	-2971
-4627	-380	7305	-2184	8594	-1721
-3315	784	4454	-2746	4238	160
-2728	-127	1460	-3389	4281	1431
-3383	-1011	939	-2901	4938	2016
-4216	-1607	816	-1568	2606	1398
-3860	-655	352	-995	-104	479
-4707	-1288	306	-2046	-926	-940
-4506	-1990	30	-597	-1581	-2772
-3040	-995	40	-390	-1348	-4244
-1760	-484	-75	-181	-2641	-4077
-2475	-531	-90	-319	-4360	-2887
-3320	-1189	-727	-597	-5238	-1185
-3883	-2262	-1042	-179	-2983	445
-5686	-2492	-698	459	-1005	1075
-8259	-3047	216	1586	-3820	218
-5912	-1703	-815	1772	-7647	-1073
-3923	-1697	-885	887	-7268	-1828
-2886	-1509	-1251	1033	-6092	-1847
-3171	-1458	-565	935	-4204	-487
-3227	-1231	-547	665	-4767	-291
-3394	-1286	-837	-679	-5017	-447
-3203	-1744	-995	-1955	-4232	-1138
-2813	-1723	-961	-2012	-2847	-1799
-2864	-1897	-928	-1377	-1075	-1074
-3237	-2100	-996	-321	1095	684
-14186	-13946	4479	-2353	5952	4002
-122	-1534	-995	-4329	4639	3335
1567	172	-3258	-3726	4074	-3740
-5843	-6207	1408	1921	6444	2636
-3341	-426	-717	3411	7894	1532
-6481	264	1462	363	3991	-732
-4761	-1729	289	-1414	2615	-3859
-4133	-2656	8	-899	1880	-4557
-3070	-2925	-5	-708	1242	-3676
-3085	-2527	-167	-267	1102	-2693
-3145	-2766	-44	-256	750	-2763
-2703	-2454	-99	117	595	-2524
-2638	-3130	-43	175	447	-2193
-2720	-3073	269	116	386	-1888
-2735	-2792	201	57	432	-1599
-2901	-2877	28	97	464	-1618
-2630	-3027	-51	397	470	-1936
-2858	-2308	-63	217	521	-1949
-2737	-2637	-62	146	541	-1641
-2631	-3378	-11	250	553	-1493
-2567	-3076	-152	218	461	-1550
-2528	-3093	-63	299	451	-1302
-2397	-3537	-217	190	343	-1117
-2283	-3112	-138	218	255	-874
-2417	-3243	-100	138	250	-696
-2382	-3267	-148	41	121	-711
-2488	-3056	-45	-70	34	-767
-2578	-3270	-149	-70	-24	-867
-2085	-3617	-262	58	-115	-532
-2019	-3365	-98	119	-210	117
-2341	-3193	-142	-2	-225	248
-2345	-3445	-90	102	-106	154
-2331	-3271	-8	55	-86	-168
-2291	-3544	-114	-4	-39	4
-1927	-3653	-55	117	-149	91
-2294	-3129	-38	79	-144	49
-2458	-3344	-61	95	-62	-9
-2449	-2961	-18	25	-62	-294
-2323	-3346	-89	-11	1	-245
-2110	-3223	-37	29	-39	-176
-2519	-3079	-32	16	10	-285
-2245	-3388	12	-52	24	-190
-2379	-3241	-37	-30	68	-673
-987	-489	4314	-95	-150	122
-1086	-641	4299	0	-439	125
-1234	-714	4075	41	-523	48
-1179	-363	3872	3	-364	37
-1335	-155	3728	50	-189	295
-1870	-267	3597	318	195	457
-1746	-95	3896	474	786	272
-1752	109	4074	604	590	227
-1640	254	3795	635	270	8
-1600	123	3659	537	156	-273
-1545	91	3576	379	140	-686
-1615	415	3519	385	101	-784
-1651	677	3657	589	473	-625
-1414	779	4213	776	651	-418
-1328	608	4338	806	256	-339
-1292	517	4210	715	-214	-355
-1245	393	3811	518	-674	-432
-1119	368	3307	303	-748	-542
-925	453	3112	60	-506	-622
-1039	625	3204	-112	-368	-526
-1018	575	3221	-137	-372	-326
-659	227	3416	-145	-300	-343
-675	-54	3635	10	-133	-401
-1110	81	3845	64	-323	-461
-1026	233	3674	-63	-889	-562
-713	314	3176	-136	-1205	-567
-715	435	2819	-148	-1027	-528
-760	436	2859	-94	-561	-412
-801	333	3086	39	-223	-141
-939	54	3016	26	-132	109
-830	-411	2725	-86	212	-215
-814	-425	2521	-145	815	-766
-357	-31	2793	-267	1330	-955
-377	391	3030	-342	1374	-619
-131	845	2913	-582	1409	-332
-889	-185	2783	-1099	2158	-401
-1118	-155	2734	-26	878	-89
-237	-433	3041	-97	904	164
-336	-242	3085	-323	495	-112
-494	95	2769	-527	350	-314
-642	-9	2529	-419	318	-336
-1154	-233	1919	-80	612	62
-1335	-200	1617	-41	1127	810
-1316	-225	920	32	1234	1103
-2259	-296	1509	-225	2642	437
-2119	57	1750	-439	1748	-845
-2123	613	1776	-469	1551	-766
-1956	384	2228	-395	1174	868
-2673	125	2097	-403	487	1375
-5462	173	1735	-378	-275	1288
-18960	1686	-579	-664	633	2396
-8695	1010	4029	1463	8950	5293
-6612	397	10473	149	18099	4148
-7786	-4030	19581	-1444	6846	-64
-4533	-565	10666	-1058	-2493	230
-1587	-221	1957	-84	-4282	1463
77	-1154	-2126	567	-1359	959
691	-1321	-2549	1554	4663	307
493	317	-479	875	11264	-54
-4274	2821	2276	-167	16414	-339
-6109	444	6222	137	9038	222
-4653	461	5878	81	5268	-92
-3440	517	4114	255	3737	239
-3164	280	2750	101	3581	387
-3220	-103	1436	-266	4288	236
-2988	-138	470	-382	5701	106
-3195	-57	388	-353	7502	53
-3789	-388	644	188	8108	-147
-4296	-401	1068	281	7623	-282
-3718	-194	1106	49	6735	-787
-3262	234	852	-526	5660	-1125
-2826	509	680	-856	4150	-846
-2950	500	773	-746	2136	156
-3263	1136	702	-434	-495	1417
-2820	1393	183	-715	-2056	3009
-2487	1324	60	-1442	-2814	4252
-2785	1155	61	-2132	-4256	5008
-3719	1016	-172	-1872	-6014	5131
-5216	1381	-445	-1464	-7743	4230
-6948	1186	-776	-1513	-8002	2109
-7689	998	-829	-2357	-7737	-1217
-5347	680	-886	-1459	-8137	-2058
-8073	4020	-711	-2054	-8332	1164
-6550	2719	-951	-2876	-8991	4598
-4607	1729	-1211	-2089	-8475	3878
-2642	1584	-1559	-2136	-6887	-603
-2426	1422	-1406	-1671	-4970	-5669
-2956	2476	-1497	-440	-1514	-8215
-4574	3727	-1125	-483	1610	-6539
-5651	3475	-485	-1961	1855	-1754
-4930	706	-446	-1445	1320	2915
-4343	-710	-748	-918	2275	2716
-7818	698	3196	-1971	3529	-2115
-4252	754	2171	-7416	1470	-9688
-6604	-2166	5617	1548	-1655	-1855
-2486	564	2417	2462	-2675	1560
-2721	1177	2096	-205	-2506	137
-3047	568	2442	-883	-1630	-1445
-2755	-300	2346	-773	-683	-1343
-2759	-390	2378	-334	433	-698
-2919	-32	2283	-162	1399	-339
-3284	48	2057	-180	1973	-439
-3399	-75	2097	-270	2167	-572
-3421	-271	1864	-241	2158	-554
-3397	-379	1841	-181	2128	-464
-3577	-223	1692	-122	2005	-306
-3689	-355	1694	-120	1705	-305
-3795	-235	1567	-35	1503	-135
-3851	-277	1577	20	1259	3
-3860	-167	1509	-2	1007	-43
-3855	-201	1473	-37	767	-137
-3780	-190	1464	-51	551	-182
-3751	-246	1460	-45	435	-141
-3698	-245	1443	-19	435	-60
-3710	-244	1423	9	466	15
-3714	-226	1395	21	479	42
-3764	-234	1361	31	448	84
-3740	-232	1328	56	354	157
-3762	-232	1319	83	250	236
-3793	-177	1323	89	165	271
-3822	-157	1339	83	86	247
-3831	-154	1331	71	-3	216
-3819	-173	1337	75	-90	221
-3778	-149	1345	85	-134	247
-3760	-144	1351	90	-121	253
-3750	-107	1371	82	-99	240
-3744	-82	1358	73	-77	197
-3725	-79	1354	51	-53	141
-3707	-85	1366	41	-22	112
-3714	-81	1356	35	12	101
-1068	450	3540	551	288	-520
-1112	426	3879	479	426	-455
-1165	354	4195	370	261	-476
-1178	414	4261	237	-39	-475
-1041	455	4182	70	-365	-435
-1043	608	3865	-72	-664	-271
-804	592	3512	-164	-669	-86
-353	203	3311	-126	-325	-101
-270	23	3421	-98	208	-287
-1076	168	3769	-188	346	-227
-1932	303	3929	-322	-87	-207
-1875	636	3292	-268	190	-67
-1296	649	3048	-298	901	-256
-1241	391	2980	-436	1445	-468
-1156	11	3142	-630	1839	-653
-1312	27	3499	-856	2080	-644
-1430	179	4105	-961	1943	-253
-1979	770	4469	-555	857	483
-2011	752	4091	-554	-384	1127
-1581	125	3478	-648	-575	1537
-1571	-644	3374	-577	-510	1624
-1441	-1226	3494	-374	-608	1489
-1139	-1394	3578	-223	-715	1170
-1012	-1241	3539	-62	-861	773
-1090	-513	3200	92	-1155	742
-845	146	2833	183	-1185	999
-572	-33	2717	30	-659	892
-429	-438	3310	-84	97	671
-644	-891	3961	-73	87	522
-772	-876	4312	-39	-313	226
-951	-612	4264	5	-609	185
-803	-255	3834	-87	-856	-167
-469	154	3313	-157	-644	-327
-206	87	2629	-20	248	-282
-348	23	2486	168	1280	-116
-468	20	2099	-184	1688	-16
569	779	1400	-1023	3676	529
-2000	-799	2724	119	4127	1139
-1115	-352	3230	254	3038	1372
-2064	-352	4478	190	2409	473
-2677	77	3892	-324	-242	-166
-1665	253	2813	-676	-1327	-240
-1281	357	1780	-706	-1528	-180
-1133	209	1068	-526	-836	98
-916	-314	781	-212	482	630
-1038	-492	870	-83	1504	918
-1240	-401	920	-186	1818	669
-1478	31	1046	-307	1838	40
-2021	448	1238	-530	1482	-343
-5207	515	1412	-462	150	272
-18497	4179	-1237	-67	922	2835
-11552	1129	3046	2457	13070	6641
-9904	214	12276	-548	15927	3071
-5739	-754	17109	-966	7726	1323
-4879	-551	10737	-86	251	1018
-3110	-724	3323	698	-3326	2192
-1248	-992	-573	1082	-2155	2659
-566	-1107	-1700	836	2114	1404
-883	-1176	-594	482	6089	-349
-312	-32	557	88	8129	63
-2306	288	1258	1146	10606	1051
-6292	1619	3359	1916	9933	823
-5720	-73	4359	1049	6436	65
-4584	-158	4206	1835	4300	514
-4284	653	3004	1406	4010	19
-4037	1387	1722	1058	4470	216
-3109	1283	508	412	6038	695
-2334	950	84	67	8225	803
-3022	772	245	393	8701	1104
-3742	418	406	996	7549	1397
-3762	988	405	795	5220	1165
-4765	2077	586	-1017	1937	1432
-4846	915	638	-2145	-2348	2750
-2767	768	-190	59	-2730	4274
-2981	1695	316	345	-2173	5276
-3082	1314	223	-1143	-4193	5473
-4149	1501	-224	-2219	-6169	4626
-4754	2000	-839	-2586	-5275	1683
-4074	1885	-240	-3917	-4358	-879
-3993	1668	-294	-4481	-6166	-1308
-3711	1633	-592	-4118	-6862	-1048
-3451	1613	-754	-3346	-6648	-636
-2918	1440	-659	-2752	-5872	-603
-2369	1190	-660	-2301	-5234	-972
-2493	1399	-747	-2121	-4212	-1615
-2862	1356	-821	-1713	-2367	-2935
-4420	2076	-757	-978	-204	-4724
-9606	3164	-2227	1917	9965	-13282
-7961	10528	85	9385	11188	-2567
305	206	-3668	3608	5298	-431
-5641	3643	-1468	1888	5208	-3803
-5243	322	-151	-199	3291	-2430
-6137	-83	2	-58	1818	66
-4691	540	-10	1	1674	2706
-4079	983	-72	147	1940	2400
-4297	1112	-153	256	1768	1646
-3923	953	-264	162	1504	1220
-4586	1632	719	-10	904	1046
-3726	885	56	-444	536	728
-3350	964	-235	-511	200	246
-2803	882	-1140	-443	-49	-481
-3807	1295	-384	-40	146	-823
-3580	768	-915	-85	-144	-917
-4093	1234	-355	67	-67	-831
-4001	1000	-469	63	-116	-935
-3996	984	-324	-62	-495	-838
-4209	1051	-245	0	-261	-737
-4154	1125	-160	-161	-466	-221
-3870	778	-388	-232	-344	-152
-3732	547	-387	-321	-353	-114
-3815	741	-212	-176	-243	-155
-3750	653	-186	-69	-144	-133
-3790	803	-169	2	5	-127
-3864	813	-203	26	100	-185
-3914	794	-243	41	132	-215
-3947	778	-238	30	117	-161
-3980	788	-236	16	85	-54
-3996	811	-251	3	70	31
-3973	810	-265	4	68	39
-3924	811	-286	7	32	-1
-3918	796	-256	0	-64	-59
-3871	793	-242	-1	-60	-64
-3901	777	-245	6	-8	-87
-3920	769	-235	10	19	-86
-3930	766	-225	10	30	-31
-3916	780	-249	7	32	23
-3904	795	-265	2	4	-3
-3920	785	-267	2	-23	-29
-3895	790	-252	0	-35	-52
-3885	781	-228	3	-36	-96
-982	-600	3460	-221	-48	392
-958	-564	3530	-209	196	339
-1098	-393	3828	-217	401	304
-1150	-222	4253	-216	344	272
-1386	-155	4618	-177	-38	228
-1750	-425	4439	-159	-675	211
-1543	-383	3946	-299	-553	-81
-1057	-379	3844	-97	-350	261
-1146	-499	3670	141	-24	245
-1341	-340	3437	416	167	235
-1338	-161	3221	592	316	144
-1472	49	3388	703	496	71
-1672	124	3989	739	427	-39
-1518	-93	4506	674	127	-396
-1733	178	4856	615	-315	-928
-1828	474	4611	747	-612	-840
-1617	357	4122	869	-1051	-583
-1382	95	3392	801	-1296	-540
-1129	-169	2711	681	-1386	-680
-1064	-121	2313	533	-1115	-965
-995	-52	2132	350	-846	-1205
-818	-339	2205	247	-259	-1446
-1107	-150	2756	223	147	-1663
-1467	303	3176	301	346	-1472
-1472	728	3437	292	237	-1435
-1483	1200	3383	214	347	-1416
-1134	1982	3954	49	457	-895
-834	1849	4579	-251	140	474
-1026	600	4376	-386	-384	1240
-1003	-356	3409	-398	-829	939
-748	-595	2507	-264	-469	764
-134	-681	2357	-260	86	993
-70	-565	2290	-276	620	996
-398	-430	2327	-56	1302	708
-777	-460	2745	298	1835	269
-746	-439	3284	431	1990	-164
-872	-37	3537	282	1374	-150
-1057	108	3211	280	683	320
-911	25	2713	301	435	199
-1338	322	1898	173	974	701
-734	-394	1958	228	1769	797
-1435	223	2785	715	2198	-272
-2512	441	2377	-151	504	-265
-1777	104	1763	-144	-850	244
-1518	333	1353	-431	-1006	627
-1074	-106	1106	-918	-988	638
-823	-384	883	-754	-461	361
-998	312	679	-245	794	278
-732	628	1033	-208	2188	600
-1062	1092	1207	-462	1773	964
-21084	2585	3003	-1175	-3672	3080
-13788	97	-751	1020	17564	5185
-6152	-2233	17070	1368	19913	-74
-8920	117	24983	-1077	6076	-1432
-7681	1324	10218	-1362	-4885	151
-2414	630	684	-224	-7515	1320
2477	148	-3246	-289	-2805	1815
947	-204	-3048	-311	5059	1807
-505	-4	-1532	-769	10773	835
-3770	507	838	707	14149	594
-6672	-41	5671	41	11605	363
-6301	-567	6366	138	5395	133
-4095	-15	4508	572	4172	152
-4037	171	4587	578	3854	-79
-3321	525	2557	729	2804	29
-2963	1049	796	573	3711	162
-2835	954	172	217	5183	501
-2803	405	67	-39	6713	96
-2980	463	181	376	7863	-261
-3372	518	429	846	8062	54
-4067	765	679	817	6724	144
-4183	589	710	661	4944	-378
-4938	-2	1075	1372	3095	-1810
-5350	-115	1037	2203	-103	-4359
-3921	-42	407	1479	-832	-6687
-3354	-42	503	1342	-2481	-7278
-2583	528	129	1637	-4785	-6026
-2210	798	-259	1753	-6010	-3624
-2512	136	-448	1905	-6044	-1075
-4610	-808	-739	1889	-6312	233
-4721	-1072	-918	1205	-5139	-228
-3749	-945	-771	232	-5326	-2318
-3736	-684	-836	-1306	-5232	-4950
-4062	-1233	-848	-2505	-4457	-7032
-4967	-1832	-598	-2187	-4633	-7855
-4689	-805	-3253	-1767	-3656	-6151
-4883	-2641	-5154	-10015	7443	1059
-5340	-6992	-4459	-7758	11544	2918
-381	-4203	-5329	-2995	12405	-3315
-3871	-3437	-2930	188	12811	-4042
-5432	-2983	-2003	2596	11010	-5392
-6355	-3288	-1692	1977	7831	-5793
-4774	-3288	-1888	191	5394	-7081
-3568	-3383	-2221	351	4484	-8348
-2985	-3475	-2518	936	4083	-10282
-2555	-3412	-1985	2178	2923	-11584
-711	-4581	-2847	3353	463	-11008
-1140	-5528	-1768	5734	-1951	-8164
-1863	-4460	-732	5095	-5832	-4871
-1809	-2905	-524	5333	-9884	-2756
-864	-1940	-885	5590	-11359	-2000
299	-637	-1020	5702	-9336	-680
1137	-701	-946	4114	-5018	1495
273	-387	-165	1663	-2158	2562
487	-1218	-454	1037	-1429	4498
939	-4078	-1173	-2109	-1285	3155
-1181	-15331	-5045	-3231	2683	-8912
2615	-2186	-1213	603	2316	-1358
204	-2837	282	155	879	2598
-1124	-4959	-157	639	241	1592
-1210	-3679	87	-146	580	178
-1043	-3531	86	-900	156	-378
-515	-4122	-497	-925	-66	-484
-649	-3906	-383	-690	89	-92
-282	-3928	-558	-595	-457	999
-99	-4379	-660	-235	-1035	673
68	-3680	-747	-2	-1317	434
280	-3964	-777	25	-487	316
-245	-3908	-470	84	50	-330
-436	-3886	-368	-44	21	-202
-624	-4201	-565	-142	-79	-425
-206	-4081	-644	45	213	-712
161	-3910	-542	239	374	-136
-94	-4308	-571	412	188	564
-350	-4243	-562	507	271	994
-547	-3930	-438	677	496	1051
-592	-3898	-276	690	768	467
-589	-3764	-173	337	712	-79
-666	-4097	-428	112	742	117
-721	-4083	-407	304	837	720
-1248	504	4307	524	711	-314
-1205	537	4302	433	352	-345
-1035	503	4067	369	110	-381
-879	411	3764	320	125	-361
-836	382	3654	276	302	-346
-832	449	3792	289	443	-241
-883	473	3962	289	394	-177
-882	494	4101	260	208	-160
-885	452	3961	230	-104	-109
-815	6	3535	205	-103	-371
-1303	276	3401	95	-119	-690
-1989	562	2627	358	445	-402
-1844	576	3151	752	1362	-293
-1885	570	3740	733	1255	-271
-1966	482	4038	438	1011	-315
-1921	336	4285	100	680	-409
-1725	541	4102	-146	213	-514
-1554	827	3690	-249	-75	-266
-1389	936	3220	-306	-178	236
-1194	504	2703	-340	254	700
-1147	-133	3275	-364	1046	646
-1234	-747	3807	-365	942	374
-1431	-733	3854	-413	598	-146
-1351	-540	3598	-389	176	-435
-1277	-285	3245	-365	-96	-579
-1115	213	2941	-294	-89	-515
-935	440	3109	-132	103	-58
-894	258	3684	-93	39	202
-982	54	4057	-200	-416	269
-1063	-23	4008	-346	-923	246
-1342	-8	3605	-314	-1184	90
-1341	350	3175	-135	-1135	209
-889	-138	3172	-177	-150	341
-716	-633	4187	-321	317	-305
-1156	-583	4456	-404	-26	-1070
-1449	-245	3917	-338	-52	-1182
-827	-121	3737	-165	-12	-920
-523	124	3241	-308	-126	-710
-234	50	2654	60	44	-214
-434	571	2071	242	347	354
-1092	314	1610	-202	17	1151
-758	-100	1100	61	-97	1474
-1399	-317	1082	-113	-67	1402
-2051	-398	1013	-296	-1004	1225
-1686	-275	451	54	261	750
-2258	72	898	216	1387	301
-1080	304	973	86	1649	362
-453	383	1459	-8	1626	726
-1011	510	1381	59	790	1256
-3085	971	818	331	-86	1677
-24831	2119	395	-44	-3637	620
-10916	1225	-2316	2564	16679	-2657
-8360	1846	6281	659	23780	2458
-6038	3125	26362	981	18301	-4327
-10944	5816	17021	-390	1962	1217
-3945	-154	3162	1455	-6892	4388
666	-1444	-1964	1286	-4562	4345
309	-1768	-1670	1750	2566	2074
-84	-1309	-1401	1790	7632	-556
-533	-718	-1324	1181	12751	-2147
-2331	867	-508	1028	16139	-1023
-3890	1351	213	-109	17279	1235
-6311	1247	1754	423	15361	2410
-6805	988	2434	1781	12664	2269
-5443	640	2560	1719	10747	1205
-4215	63	4194	2114	8705	-649
-6129	2269	5881	-971	2254	689
-5858	1902	2896	-2320	-7201	2122
-3930	1489	472	-1493	-9603	3572
-4157	1563	267	-2784	-12005	4625
-6912	1507	-262	-3625	-16183	4282
-10904	5102	-2351	-1561	-14374	2352
-8644	3758	-1157	-3592	-12034	2586
-7718	1983	-1306	-3452	-12420	3352
-6929	552	-1544	-1522	-12971	3556
-5452	599	-4628	699	-13141	3599
-1718	3138	-10717	-644	-12320	1646
-1710	4215	-6409	1394	626	1667
-1930	2830	-2977	2468	9140	3870
-4040	2532	-558	1569	11145	4872
-6270	4797	3084	-463	6671	5471
-6861	7785	6084	-3033	-379	8073
-2613	5205	4518	-2423	-1905	7865
-249	2110	2326	-953	-167	5137
-656	1637	1120	40	117	3184
-1555	1793	1089	387	-77	2293
-2283	2568	1534	1030	-32	1560
-3251	3988	2127	1181	-392	1401
-2652	3580	1605	10	-1099	1024
-931	2290	635	-1177	-1312	-381
-13	1926	387	-1426	-480	-2051
-572	3323	1996	-575	-168	-2303
-1176	4327	2833	93	-322	-1569
-1383	5435	1975	970	-89	-286
-1396	6063	1907	529	-201	1704
-705	3717	1665	-239	-182	1132
-1228	3080	1814	-334	-60	1072
-1209	3302	1869	-312	-295	764
-922	3272	1946	-454	-372	247
-826	2816	2111	-711	-451	-1117
-929	3434	2043	-342	-161	-1329
-1256	3561	2041	-234	57	-1084
-1341	3282	2022	-362	79	-865
-1233	3054	2049	-364	74	-797
-1263	2893	2180	-269	147	-865
-1332	2969	2158	-137	157	-944
-1341	2863	2200	-162	146	-1146
-1379	2781	2170	-83	139	-1562
-1519	2861	2152	-18	156	-1749
-1712	3023	2161	117	204	-1632
-1790	3012	2111	56	68	-1377
-1892	3115	2043	161	166	-1166
-1913	3168	2087	110	105	-962
-1958	3063	2053	47	148	-862
-2070	3076	2023	14	273	-974
-1978	3061	2140	-224	-16	-906
-2043	2933	2048	-233	63	-757
-2123	2869	1934	-132	212	-688
-2197	2966	2166	6	347	-489
-1959	2809	2130	-49	197	-570
-2007	2835	2034	-117	122	-724
-2129	2840	2160	-104	164	-717
-2086	2821	2046	-99	104	-731
-2149	2809	2004	-118	202	-645
-2135	2723	2099	-222	229	-553
-2093	2781	2041	-110	182	-750
-2142	2634	2143	-130	211	-750
-2154	2640	2053	70	164	-888
-2263	2640	2073	108	230	-816
-2332	2636	2080	96	267	-716
-1444	-630	4401	-531	11	614
-1324	-533	4174	-449	-428	615
-1074	-585	3772	-328	-589	652
-805	-618	3485	-271	-417	535
-702	-660	3457	-249	-17	365
-914	-772	3636	-245	255	140
-1217	-936	3889	-265	267	-112
-1471	-818	4122	-259	107	-354
-1793	-801	4080	-244	-222	-445
-1896	-1040	3862	-310	-353	-664
-1848	-387	3787	-373	-106	-886
-1809	-281	4351	-67	29	-461
-1788	19	4546	278	-309	-579
-1828	725	3886	478	-814	-260
-1531	166	2778	577	-998	235
-1335	-532	1875	446	-221	206
-1188	-1106	1597	478	1160	-288
-1568	-1034	2642	736	2574	-1282
-2443	-44	4433	1096	2724	-1418
-2357	889	5858	1286	1899	-1114
-1971	1255	5886	1120	186	-324
-1319	744	4241	875	-1388	408
-759	309	2532	517	-1879	705
-241	86	1554	207	-1373	618
-270	233	1314	3	-370	563
-404	266	2100	-16	563	901
-406	-58	3462	89	708	996
-707	9	4690	240	121	1142
-1345	-138	5180	180	-996	1046
-1731	-369	4490	-224	-2265	170
-1390	-18	3164	-581	-2358	-117
-373	399	2528	-587	-1657	835
-772	-132	1642	-421	-111	1943
-712	-699	1814	-25	1798	2172
-292	-1207	3121	107	2670	1383
-1397	-1114	4021	312	2223	773
-2196	-562	4423	93	845	215
-2180	-315	3839	-223	-810	-435
-1725	-216	2607	-31	-1161	-384
-799	-73	2224	85	-549	-321
-671	235	2490	-47	-411	23
-940	31	2311	-223	-716	788
-1645	-517	1681	-191	-697	1019
-1576	-319	1094	-18	-126	980
-1291	-587	899	-121	933	415
-1536	-711	1078	-316	1438	-529
-1826	-350	1121	-614	1118	-1528
-1560	205	816	-614	1277	-1758
-1779	717	849	-466	2919	-592
-2668	970	1353	-342	3402	1203
-11789	571	2784	19	-104	3789
-17899	-2432	-2674	-374	10878	7027
-9049	1267	8896	1768	16594	-2234
-6696	50	17373	-273	11879	913
-4938	797	13039	-784	2156	826
-3478	765	5317	-353	-1880	1268
-1150	-513	652	-527	-1066	1910
-290	-1429	-930	-2019	1549	1036
-524	-2013	-1176	-1752	6291	451
-840	-2172	192	-547	9728	364
-2662	-658	1474	2473	11890	819
-6713	2580	3803	1764	10382	852
-4671	-135	4098	458	7077	726
-3954	139	3889	834	6113	869
-3711	593	2624	1121	6167	824
-3343	1034	1635	1055	7075	1135
-3247	877	965	240	7685	1688
-3102	576	500	-539	8051	1507
-3579	-283	452	-541	7614	1049
-4652	-669	845	728	4711	780
-5445	184	961	678	127	771
-5286	1109	436	-2205	-4219	1435
-2726	1054	-313	-3201	-3469	3919
-2226	940	114	-1590	-2057	6785
-3171	1114	333	-1895	-4432	7859
-5635	1793	-35	-3014	-7956	6503
-6073	2574	-1035	-3207	-7030	-57
-4984	2558	-483	-4542	-7169	-4248
-4079	2297	-763	-4816	-7446	-5220
-4241	2089	-831	-4063	-7411	-4092
-3821	1279	-2240	-2368	-6656	-2623
-3692	1531	-3661	2659	1166	-6024
-4634	5939	-4396	4002	9960	-5249
-1599	7571	-6591	2764	11466	3134
-2157	5006	-5000	-1295	11918	2234
-6410	977	-230	-4317	10420	3722
-6400	769	-1617	-4578	6057	5145
-4714	1292	-2354	-4242	3667	5118
-4253	1965	-1514	-3618	2146	4692
-4670	2350	-1277	-3536	1503	4026
-6663	2253	-1654	-2243	197	3035
-4515	2141	-1852	-1233	-792	2693
-4240	2582	-878	-684	-501	2888
-3858	2376	-743	-328	-389	2916
-3794	2680	-710	-117	-784	2629
-3604	2767	-364	-203	-1715	2340
-3475	2519	-90	-556	-2869	2187
-3304	2361	117	-543	-4399	2062
-3379	2341	396	-734	-6132	2171
-2796	1859	440	-1042	-8466	2260
-2104	1839	-150	-1240	-10614	2214
-1086	2292	-1095	1365	-8374	1703
-800	3080	-1469	2054	-4293	1662
-2696	4195	-223	3416	-922	3801
-3707	4707	628	836	-651	5088
-2535	3643	595	-641	-453	5947
-1900	3245	989	-258	-1159	6039
-1250	3285	918	16	-1361	5339
-899	3192	902	224	-368	3140
-500	3261	693	485	702	587
-492	3842	910	700	744	-880
-819	4515	692	797	628	-314
-1244	3971	784	796	301	427
-1489	3762	586	415	516	706
-1266	3387	504	423	473	1071
-1154	2388	682	-463	456	-853
-1061	1803	536	-230	26	-1756
-829	3904	381	712	-167	-479
-2306	6594	598	3384	569	6744
-1998	5068	720	1020	1173	6931
1173	3635	-114	829	-1591	3468
1325	4273	-47	796	-1033	-548
-412	4360	-83	546	-513	-1570
-1135	4218	21	146	-592	-1211
-1035	4049	-16	-478	-273	-91
-904	3812	353	-413	88	975
-694	3812	382	-311	40	1140
-407	4178	275	-230	-4	837
-362	4141	292	-251	-102	178
-613	4064	348	-234	-201	-217
-2216	-656	3590	-88	372	-454
-1895	-393	3616	113	1008	-223
-1918	-239	3876	288	991	-143
-2112	52	3704	388	540	-125
-2060	39	3479	486	219	-77
-1930	-303	3349	468	241	-331
-1875	-483	3401	353	430	-859
-1968	-180	3578	382	751	-1028
-1909	162	4073	572	969	-724
-1798	347	4191	743	688	-450
-1735	228	3833	795	384	-278
-1547	155	3408	729	324	-316
-1416	113	3087	633	395	-334
-1287	65	2885	566	601	-390
-1224	79	2973	497	840	-519
-1311	97	3341	457	893	-604
-1495	112	3860	407	563	-717
-1853	209	4116	318	56	-741
-1863	649	3658	223	-309	-483
-1042	437	3666	344	220	-359
-807	264	3989	388	-308	-611
-1112	-102	3449	416	-711	-346
-1316	-506	2712	392	-1137	-242
-1822	-386	1741	245	-1036	-623
-1971	3	1063	41	284	-996
-1362	315	1940	-127	1847	-1180
-1299	202	3641	-24	2220	-754
-1894	-250	4990	-35	985	-583
-1964	-863	5136	30	-842	-399
-1733	-1422	3764	52	-1572	-722
-972	-1009	2992	105	-819	-1197
-624	-232	3363	315	-195	-1311
-666	105	3662	473	-280	-994
-967	-118	3407	539	-374	-817
-840	-297	3020	557	-227	-917
-489	30	3230	657	-416	-823
-835	-194	2606	676	-396	-127
-1880	-933	1754	697	235	92
-1403	-99	993	504	1395	289
-1960	-1537	1853	676	2777	328
77	-355	2936	1715	1424	-1352
-1923	-132	3778	1408	-174	-1894
-2858	479	2976	531	-2560	-1687
-1793	831	1812	429	-2320	-1800
-1384	1145	1035	-203	-1588	-1223
-625	773	623	-3	-301	12
-367	92	691	-43	620	821
-559	-494	822	162	1160	829
-1107	-708	858	495	856	181
-2550	-243	675	-642	-129	-488
-16695	2059	1372	-2596	-4166	-2140
-16966	4305	14	902	16747	4618
-9407	-3642	6282	-2356	18670	545
-8402	-10772	27130	-3657	14187	-2063
-7394	-731	12452	-3015	-3975	-1804
-1503	696	571	-1057	-6126	-120
916	1109	-2552	-393	-326	-270
32	387	-1886	-1025	5706	453
-780	-745	-409	-1392	11146	137
-5048	-1891	3446	-1857	13510	41
-5995	-1963	4910	-1978	8021	-1191
-4222	190	3774	-1333	5319	-1948
-3141	1135	3154	-709	5664	-890
-2621	495	2498	-317	6179	84
-2591	-523	961	-765	7207	-38
-3873	-796	317	-1063	7798	-638
-4416	-511	408	-1524	6541	-1374
-4862	213	536	-1992	5037	-889
-4678	792	671	-2700	2753	342
-4355	607	573	-3306	-47	1958
-4575	-399	604	-2049	-1967	3218
-4144	-1605	471	443	-2586	1655
-2737	-818	-31	430	-3315	-933
-2460	-1029	-110	-680	-3073	-2751
-2718	-1174	-267	-411	-3922	-3548
-3463	-1361	-290	-403	-4354	-3122
-3686	-1576	-547	-315	-4632	-1948
-4931	-1970	-592	-233	-4919	-956
-5580	-2698	-815	862	-4700	-332
-5522	-2018	-779	1785	-4125	-444
-4725	-1421	-589	898	-4382	-1661
-3993	-1758	-605	212	-4800	-2870
-3196	-1470	-803	94	-4895	-3730
-2716	-1340	-882	-387	-3971	-3821
-2617	-1774	-2952	-1094	-1591	-3545
-3776	-2598	-4142	-1341	7097	-5414
-6052	-3548	-2366	-1692	13084	-7474
-6210	-3211	-734	2608	9334	-6029
-2920	-1497	-240	3150	5394	-3522
-2583	-4597	-382	1192	2844	-3137
-6439	-8012	128	-45	1447	-2008
-1389	-1153	-134	-117	325	578
-4496	-2999	206	-131	247	-1575
-4135	-3218	-25	-499	-408	-3922
-3770	-3468	-119	166	-443	-5389
-3469	-2819	197	788	-638	-6844
-2669	-2720	272	923	-1010	-8184
-2124	-2773	539	1591	-1011	-9087
-2002	-3088	856	1051	-1871	-7997
-3548	-2882	733	1651	-5111	-6729
-2238	-2885	-9	2755	-7742	-1780
64	-3191	-536	2330	-5132	619
-41	-3722	213	-1604	-38	-921
300	-2829	476	-373	1082	888
1168	-5363	743	-332	487	1014
434	-5529	695	-1319	-1419	-4994
-82	-3027	408	69	-778	-434
-502	-4198	714	-161	-538	8
-605	-3842	680	-463	-495	-1030
-282	-3246	732	313	48	-153
-553	-3716	783	-501	-266	-1225
-415	-4583	705	-866	-203	-1527
-385	-3948	795	-211	288	-186
-299	-4296	674	-815	265	-109
-591	-3807	656	-399	73	-317
-84	-4055	438	-345	21	-142
-39	-4225	223	-297	-341	-488
22	-4082	64	-654	-141	-652
-128	-4177	283	-148	131	56
-271	-3842	453	-138	-95	430
-382	-3856	494	-114	-37	489
-440	-3965	529	-163	-24	321
-473	-4070	505	-211	-99	67
-347	-4235	406	-182	-183	-44
-548	-3578	536	-133	-139	-5
-313	-4550	301	-56	-85	367
-442	-3966	527	-152	-392	613
-693	-3902	554	-190	-276	660
-645	-3778	499	-137	-79	545
-797	-4018	489	-338	-158	671
-2097	-449	4247	-414	809	184
-1942	-611	4195	-589	405	-13
-1686	-584	3894	-616	24	-66
-1482	-452	3470	-536	-131	-52
-1313	-297	3161	-408	-5	10
-1292	-140	3014	-314	225	163
-1437	-100	3036	-283	492	352
-1562	-167	3281	-325	735	458
-1598	-321	3594	-394	760	482
-1704	-442	3857	-411	591	466
-1760	-452	3876	-344	354	431
-1654	-387	3860	-226	234	450
-1464	-399	3845	-159	154	430
-1354	-501	3787	-150	106	335
-1294	-602	3671	-171	5	146
-1325	-566	3510	-155	-34	29
-1332	-413	3283	-85	113	71
-1297	-280	3308	-77	276	109
-1284	-257	3371	-117	271	176
-1288	-480	3491	-140	160	137
-1271	-671	3557	-93	-24	8
-1234	-665	3430	14	-215	-136
-1335	-625	3298	173	-401	-119
-1510	-741	2964	263	-341	-136
-1632	-777	2854	176	166	-375
-1429	-570	3401	157	645	-630
-1125	-707	4130	387	468	-771
-1087	-623	4543	526	-132	-1164
-974	-71	4665	487	-857	-1409
-782	459	4354	439	-1679	-1253
-545	711	3530	397	-2105	-941
-381	751	2750	284	-1647	-606
-342	595	2704	103	-915	-296
-496	248	2805	-101	-300	-321
-670	-6	3023	-154	373	-471
-626	-464	3383	-63	817	-191
-903	-869	3396	-5	915	-436
-694	-964	3451	88	922	-1192
-479	-755	3501	319	714	-1113
-935	-316	3393	459	18	-438
-1341	-390	2849	351	-853	-463
-1680	-105	2109	281	-1182	-1099
-1392	376	1520	-128	-985	-1229
-1456	525	1178	-224	-694	-714
-1261	288	1022	40	-571	85
-911	-129	899	196	-371	631
-541	-637	833	205	-110	755
-366	-800	799	39	114	421
-811	-457	417	-146	367	294
-1129	-14	49	-458	168	388
-8589	1167	467	-597	-168	642
-21621	9085	-7817	4613	13748	7786
-12790	-3375	7595	16	26592	6533
-15061	-12108	26369	-3878	17633	-3503
-7829	-3765	18742	-683	-1046	-2112
-2020	-526	5588	-739	-8814	-1880
1550	385	-2694	1749	-7561	-833
124	2056	-4348	937	-630	166
-280	1276	-2628	494	6695	609
-233	875	-1814	1099	13194	-604
-6395	1796	708	-2344	19028	-1558
-10601	-3355	8446	-1260	14355	-1299
-5363	225	8166	-320	4710	-141
-3869	47	3722	-993	3623	703
-3193	-117	2064	-790	4926	934
-2764	-12	1325	-1086	5833	774
-2728	-43	638	-2092	6468	766
-4149	-617	503	-2073	5640	1004
-4376	-755	370	-1589	4790	707
-4288	-854	591	-1367	3715	364
-4890	-695	923	-1261	1657	99
-4664	164	649	-1335	-1001	767
-3530	887	242	-1511	-2946	3241
-2953	1026	-127	-1574	-4553	5793
-3640	583	-370	-1420	-5512	7628
-4035	-61	-684	-1007	-5755	7410
-3632	12	-793	-1346	-5062	5294
-3743	-170	-691	-1171	-4603	3320
-5537	88	-718	-1273	-4571	1260
-6395	1187	-961	-1886	-4801	1557
-4664	1414	-943	-1571	-5397	3704
-4389	2052	-1140	-1703	-4671	4962
-4243	2317	-1019	-2733	-4185	4759
-2962	2035	-1276	-3963	-4327	2560
-1743	1410	-1536	-4455	-3204	-768
-1339	1332	-1505	-3342	-853	-2733
-2422	2556	-559	-2576	1989	-3359
-5323	3899	2008	-2852	2457	-1694
-5257	4998	2292	-9	884	5428
-2756	2086	79	2198	4288	7849
-2362	3458	764	1529	3660	391
-3514	3441	825	873	1787	1383
-4468	2846	979	404	2192	2187
-6581	4291	1209	1488	3476	-1360
-3509	2573	883	705	3259	-3057
-4589	1946	282	177	2405	-2915
-5314	1936	686	89	487	-1498
-4444	2108	887	-248	-321	-615
-3772	1876	849	-281	-662	-509
-3612	1735	885	-270	-854	-469
-3516	1693	950	-243	-949	-448
-3375	1731	978	-269	-948	-491
-3225	1792	996	-278	-771	-620
-3165	1693	1059	-187	-415	-844
-3121	1563	1118	-93	5	-1092
-3094	1515	1037	-11	448	-1149
-3168	1464	1025	84	967	-1229
-3295	1276	1085	219	1154	-1319
-3209	1273	657	120	1341	-1188
-3629	1089	1268	282	1142	-828
-3472	1105	165	56	629	-350
-3902	1196	781	351	647	-728
-3913	1380	888	122	841	-824
-3649	1294	540	392	489	-1047
-3967	1375	555	100	817	-723
-4046	868	960	244	461	-660
-4038	1298	584	115	443	-392
-3952	1213	602	54	316	-204
-3876	1175	611	54	220	-78
-3842	1145	593	66	148	-2
-3840	1170	571	60	62	45
-3799	1192	565	44	-33	54
-3765	1197	571	22	-89	54
-3700	1180	565	17	-95	79
-3740	1179	584	9	-78	89
-3746	1197	606	1	-85	78
-3776	1219	610	-12	-103	71
-3758	1212	619	-15	-104	73
-3755	1202	625	-5	-82	89
-3749	1201	624	12	-54	103
-1157	-406	4228	37	-201	-341
-948	-395	3940	93	-288	-484
-893	-211	3746	155	-222	-522
-987	48	3565	186	-120	-348
-1188	146	3598	154	-23	-267
-1674	437	3519	168	79	69
-1807	183	3441	340	628	624
-1571	-611	3923	466	1506	277
-2129	-614	4737	346	1229	139
-2239	-1470	4614	139	420	-107
-2234	-1686	3643	-70	-89	-979
-1952	-1298	2529	-50	-39	-1548
-1679	-588	1901	-4	461	-1679
-1607	187	1901	-48	1264	-1366
-1754	942	2821	-133	1968	-438
-1933	791	4016	-262	2248	503
-2110	-260	5115	-493	1637	895
-2177	-1306	5176	-655	123	440
-1750	-1672	4120	-565	-943	-223
-1295	-1523	3060	-520	-1229	-654
-858	-1000	2286	-404	-729	-865
-724	-497	2165	-126	223	-709
-852	-325	2735	94	888	-495
-1165	-238	3630	123	898	-386
-1524	-49	4370	26	317	-228
-1366	155	4599	-102	-596	-6
-1072	147	4099	-86	-1286	413
-1238	-445	3366	48	-1560	702
-1452	-950	2558	44	-1421	624
-893	-1145	2364	-13	-686	320
-731	-1333	3023	-70	282	-209
-829	-1114	4126	61	269	-903
-898	-568	4470	245	-513	-1176
-963	-241	3995	350	-1380	-791
-1110	-221	2872	271	-1331	-433
-851	-598	1590	519	229	-321
-291	-491	1365	774	2253	-263
-491	-93	1949	528	2914	-364
-279	-57	2794	124	2462	-321
-1288	-532	3397	288	1691	332
-2606	-1023	3154	594	41	777
-1639	-557	2245	493	-1263	839
-1549	-771	2169	441	-401	-213
-1740	-167	1737	161	-537	-1331
-1675	205	1209	-123	-382	-1068
-1335	283	969	-102	364	-4
-1234	119	1050	-130	805	797
-1023	-29	936	-261	899	1004
-579	-52	866	-305	968	774
-1586	466	499	-550	665	1084
-20130	-2902	2966	919	-5525	3966
-15600	-2098	-1881	-2541	16259	10157
-11468	-790	5517	1507	18973	3267
-2281	-1620	22284	3146	17424	-2491
-7339	2369	14719	-2448	1831	-1957
-4490	-922	4411	-2801	-4790	849
-1175	-638	-930	-1619	-2434	2338
-426	-870	-1454	-2351	3948	2059
-1471	-1567	-752	-1455	9029	1396
-2955	-1563	28	-1018	12263	-96
-5437	-144	1595	-134	12554	554
-3892	-1112	3475	224	10166	1085
-4150	-429	3572	-628	8613	899
-3838	21	2557	-1059	7844	1614
-3420	540	1557	-1001	8240	2062
-4126	239	1447	-1284	8438	2226
-4341	-625	1494	-1265	6581	1656
-4304	-695	1340	-1111	3462	872
-4047	-971	1070	-1276	663	465
-4411	-102	971	-1791	-2052	857
-3787	1195	435	-1714	-4876	3883
-2831	982	85	-835	-5974	7082
-3724	1434	-104	-1226	-7929	8511
-5739	2118	-777	-2271	-9595	7985
-5667	2541	-1133	-2282	-8440	4736
-5268	3021	-794	-3450	-7523	1783
-4529	2364	-761	-4456	-7658	752
-3070	1278	-5620	1197	-2115	-75
-5273	9272	-7017	15475	11124	2415
-754	5968	-6207	7256	10789	7037
287	2227	-6638	554	8593	6041
-4745	4500	-1308	-947	7315	5234
-4689	3696	-1886	-2049	6867	6269
-4961	3267	-2532	-3484	6339	6120
-5598	3242	-2673	-2837	4704	6525
-4629	4096	-2053	-2064	2348	7340
-3086	3957	-1214	-2093	-353	8152
-1169	2984	-1040	-2359	-2640	8147
359	3310	-890	-2503	-2931	6254
666	3036	-401	-1329	-2187	3976
-325	3301	-232	-745	-1508	2954
-596	4045	-631	-1687	-1894	2310
-425	3900	-912	-2945	-2772	2104
-131	2815	-835	-3625	-3317	1662
80	2969	-877	-2434	-3178	1021
92	4117	-826	-1337	-3051	1334
404	4492	-1094	-1816	-2496	1867
79	4377	-792	-1904	-2074	2368
63	4598	-495	-1745	-1543	2882
350	4735	-140	-1953	-995	2594
350	4203	92	-2318	-597	1714
178	3608	422	-1890	-653	158
430	3867	433	-1526	-757	-677
520	3827	524	-1601	-482	-706
942	3954	530	-1149	-339	-191
871	3893	711	-681	-108	663
1119	4140	664	-303	63	917
613	3922	778	-15	224	750
483	4166	800	188	3	-21
341	4056	764	233	-53	-344
341	3925	597	273	19	-385
410	3920	521	293	129	-245
398	3940	525	296	181	-307
332	4005	494	309	189	-426
282	4034	457	316	192	-475
91	4005	700	145	88	-511
162	4251	353	152	8	-450
52	4229	433	176	107	-164
202	3991	437	103	171	-6
275	3924	514	73	191	-80
147	4048	448	155	165	-188
18	4192	533	79	105	-94
75	4222	520	-5	83	54
229	4012	434	-96	-30	-75
184	4122	517	-15	51	-63
146	4020	596	12	114	-68
185	3979	568	72	106	-72
175	4024	521	161	176	-23
174	3920	536	170	151	-100
173	4048	484	122	13	-256
-2402	-610	3145	336	1047	-253
-2514	-932	3211	105	1020	-612
-2454	-639	3535	-20	883	-862
-2270	67	3821	-54	703	-733
-2122	400	3976	-34	416	-166
-2059	27	3826	-265	500	-97
-1783	-307	3686	-558	750	-285
-1669	-474	3677	-682	782	-493
-1632	-551	3564	-688	628	-609
-1575	-388	3366	-605	581	-739
-1457	-84	3355	-439	602	-677
-1481	-31	3297	-307	589	-477
-1613	-183	3196	-282	729	-284
-1646	-490	3398	-285	820	-283
-1800	-631	3724	-278	770	-489
-1775	-400	3905	-211	553	-605
-1728	-88	3858	-130	365	-446
-1730	-27	3694	-120	258	-305
-1625	-113	3601	-175	203	-199
-1507	-263	3726	-257	146	-229
-1397	-557	3834	-252	-158	-320
-1206	-896	3779	-180	-319	-457
-1245	-944	3666	-101	-415	-607
-1352	-754	3422	-45	-627	-647
-1321	-710	3073	-74	-445	-632
-1429	-845	3039	-66	-32	-756
-1586	-1128	3230	43	148	-888
-1587	-1219	3241	302	60	-1294
-1531	-975	2989	528	-372	-1846
-1384	-546	2499	613	-436	-2329
-1195	132	2537	672	-220	-2790
-720	855	2868	711	-409	-2763
-149	1093	3197	943	-1147	-1644
-484	153	3072	1152	-1737	-705
-934	-670	2395	1196	-1529	-1447
-1085	-282	2039	1001	-153	-2852
-644	634	2732	727	1120	-3253
-576	1310	3144	111	1949	-1236
-1155	314	3897	424	1887	1112
-1396	184	4596	684	699	1107
-2016	-119	3900	249	-754	17
-1507	585	2905	377	-818	-469
-1132	301	2487	309	-525	429
-1480	-11	1940	69	-236	1173
-1559	-205	1582	-95	-6	1285
-1725	-80	1161	-486	-578	817
-1509	-77	692	-1377	-2189	453
-953	-397	124	-1941	-2693	-13
-1419	-333	-53	-1097	-697	-290
-3264	-170	501	-1768	-155	-333
-9096	-2174	1430	-1527	-1902	-7
-19010	3122	-3262	-2005	3757	6286
-8690	4108	-1241	2988	18695	14595
-7095	-9304	11230	1873	24118	6434
-11655	-8451	25434	-2360	11254	-6082
-4967	-6044	10833	-2401	-3563	348
-2179	-1008	1395	-1647	-3093	-1895
647	796	-1934	-796	-332	-2120
-243	1885	-2154	-990	5066	-931
-2160	1929	-1087	-1086	10860	354
-4971	1601	1438	-1727	14146	70
-7521	-2666	6904	-474	12242	-1723
-5597	-1160	6435	-1383	6538	-910
-3455	-559	3959	-2075	4601	-137
-2260	-442	1783	-1851	4957	591
-2635	-673	578	-1484	6024	990
-2696	-536	-40	-1893	6523	577
-3875	-549	410	-1715	6420	235
-5107	-539	739	-2001	4253	250
-4955	-748	496	-2235	2112	637
-4478	-1423	546	-1172	1200	549
-3653	-1042	645	-553	-593	-431
-2628	-720	305	-689	-2629	-833
-2868	-723	229	-453	-5257	-594
-2838	-720	-425	-627	-6841	696
-3613	-654	-956	-214	-5837	2929
-6684	-690	-861	-46	-4428	4871
-9857	-583	-783	-1405	-4704	3366
-8787	446	-797	-1719	-5809	1001
-6178	1562	-883	-1731	-7373	705
-4594	1162	-1085	-2152	-8750	964
-3603	1319	-2709	-2275	-9910	301
-1918	1077	-6914	-2278	-8547	-842
-1817	1346	-5801	77	-1689	-776
-2187	1042	-2525	420	5259	-315
-4076	701	-572	-320	6267	-638
-5078	103	107	-1499	4133	-1417
-4834	-880	-54	-1455	3208	-2582
-4864	-242	103	-996	3386	-2430
-6481	-164	1664	489	3230	4130
-6320	-2308	1373	-66	2229	4392
-5707	14	1137	431	3509	3402
-2456	1431	-285	-765	5475	1546
-2129	1031	-686	-1878	5319	-2987
-2911	-16	-39	-942	4132	-4945
-4658	-269	66	-858	3213	-5727
-4389	-835	-551	-767	3308	-5497
-3793	-786	-571	-559	2808	-4848
-4145	-881	-746	-379	2623	-4370
-4671	-1096	-949	-71	2778	-4630
-4758	-2178	-803	469	2661	-4701
-4657	-2398	-839	795	2657	-4287
-4592	-2243	-1164	1328	2652	-4296
-4605	-2580	-1304	1698	2498	-4758
-4447	-1999	-1863	1293	2255	-5056
-4323	-2083	-1968	1754	1562	-5976
-4308	-2939	-1666	2039	853	-6665
-3599	-2491	-1661	1929	602	-7054
-3061	-2550	-1571	1998	99	-7221
-2586	-2609	-1183	1817	-192	-7694
-2323	-2426	-901	1881	-339	-8618
-1918	-3159	-873	1982	-218	-9602
-1574	-3441	-788	2144	-204	-10012
-897	-3621	-565	2361	-671	-9814
-399	-3826	-134	1772	-1520	-8763
-268	-3214	112	1596	-3072	-6195
-191	-2683	-10	1656	-3848	-3271
-467	-2531	-56	773	-4949	-1521
-302	-2881	-283	-962	-5989	-1660
-9	-2891	-504	-3160	-6400	-2487
569	-4828	-996	-2204	-5353	-1677
702	-3539	-1076	-1316	-4430	-307
1163	-3639	-1273	-2167	-3972	451
1481	-4131	-1627	-1824	-2876	298
968	-4477	-1733	-1188	-1684	-958
402	-3998	-1621	-586	-1121	-1203
327	-3519	-1564	-626	-888	-421
333	-3725	-1399	-925	-1168	15
512	-3731	-1542	-912	-1956	361
666	-4080	-1720	-630	-2080	844
-1372	-52	3290	-328	150	709
-1458	-307	3632	-381	291	849
-1528	-463	3998	-347	234	803
-1524	-457	4207	-219	119	639
-1546	-410	4274	-91	-49	486
-1480	-397	4170	-19	-230	409
-1501	-409	4032	-18	-392	455
-1457	-489	3820	-40	-575	529
-1313	-440	3561	-37	-668	526
-1169	-396	3348	-11	-582	475
-1175	-510	3261	59	-410	447
-1197	-499	3094	68	54	218
-1289	-115	3250	42	494	184
-1669	203	3662	72	262	403
-2069	23	3387	144	125	568
-1989	-276	3284	106	580	399
-1678	-325	3593	149	992	105
-1738	-401	4076	286	870	-311
-1716	-265	4206	462	449	-858
-1566	43	3949	575	168	-1325
-1312	378	3471	610	265	-1595
-1248	597	3193	667	605	-1484
-1263	557	3042	718	921	-1185
-1356	428	3220	727	880	-1254
-1405	581	3249	680	471	-1513
-1389	927	3066	569	150	-1587
-1096	995	2753	517	48	-1334
-554	743	2767	437	157	-991
-318	470	3101	373	163	-879
-459	715	3387	352	-70	-712
-646	996	3681	453	-414	-216
-691	1060	3784	433	-1057	-69
-753	1209	3384	291	-1315	47
-787	822	2980	144	-930	719
-430	75	3063	66	-240	1468
-848	-801	2861	282	618	2209
-883	-1362	3284	785	1025	1452
-858	-872	3089	797	585	-274
-1317	47	2367	340	75	-842
-705	-295	1927	312	319	-427
-1042	-42	2728	735	1005	-786
-2169	392	3745	620	484	-450
-2051	654	3530	397	-1230	-85
-1981	588	1777	-138	-2191	633
-1480	155	814	-233	-2155	1486
-1225	-368	489	-136	-1514	1609
-1320	-715	360	-439	-1101	885
-1283	-704	263	-398	-15	-28
-887	-308	738	109	1849	-579
-737	312	1395	179	2194	-1216
-9021	3775	2735	-879	-678	838
-16436	2394	-6752	2127	8353	11655
-13692	-2734	12295	4097	20689	-4236
-9811	1840	26279	-977	9177	-2163
-6317	2016	13325	-724	-3493	1989
-3319	1189	4344	-96	-6391	2794
2443	-897	-1132	677	-4861	4310
893	-1644	-2265	-708	220	3072
-117	-1359	-1539	-1405	5573	1325
-672	-1589	-806	-1791	10167	-544
-3982	-1544	683	490	13186	-1403
-5691	484	3398	1601	9577	-790
-4376	906	5942	1464	7411	-1800
-4224	820	5180	185	4476	-1286
-3972	1074	3377	-137	3862	-863
-3544	1510	2345	-259	4521	-709
-3482	1403	1898	451	4924	190
-3554	1204	1271	667	4829	701
-3359	166	451	432	5199	378
-3181	-347	-38	655	6204	-416
-3311	-429	34	899	7285	-1297
-3841	56	523	1275	7771	-1530
-4036	635	969	1194	7142	-916
-3602	1341	993	941	6571	-292
-3391	1407	821	479	6153	-127
-3532	1274	758	277	4684	72
-3984	972	824	-93	2194	504
-4173	530	633	52	-114	901
-3815	1489	560	-303	-446	1697
-5510	1739	1186	-1632	-3610	3362
-6146	986	321	-2018	-7433	3631
-5727	1570	-438	-3690	-8797	132
-6289	2111	-723	-5000	-10224	-2639
-7331	2887	-1344	-5562	-10453	-4120
-9280	3247	-1379	-4692	-10471	-3332
-7239	2876	-1793	-3385	-10811	-1268
-4231	2422	-3281	-3187	-11372	-823
-3116	936	-6945	-1779	-12978	-2959
-2214	493	-6422	742	-5386	-5016
-2301	1088	-3899	-59	4563	-3367
-3092	1052	-1844	-1035	9943	-1843
-5067	-575	333	-2990	8674	-918
-4441	-1143	677	-1681	2917	-636
-3122	-1220	-13	-1540	2269	-949
-3021	-1638	132	-1050	3063	-1742
-3758	-2102	359	206	3090	-2443
-4292	-1825	337	864	2934	-2891
-5040	-1892	502	1197	2991	-2683
-5095	-1640	476	1068	2749	-2010
-5267	-2069	688	932	2674	-1691
-4733	-1400	1777	1037	2575	-1741
-3955	-1258	1603	858	1941	-1558
-4300	-1372	1771	995	2300	-1867
-4129	-1492	2288	352	1183	-2277
-3973	-1474	1837	399	433	-1790
-3896	-705	1216	1406	85	-585
-3851	-1242	807	1325	-662	-791
-3636	-1473	452	1045	-863	-1862
-4067	-959	-1210	149	868	-1118
-4537	-2624	88	-2465	2717	1634
-2888	-1339	-224	-2913	1614	1986
-4091	-1470	-293	-2705	487	2626
-4233	-2065	-529	-1954	-775	3660
-3819	-1522	-973	-426	-15	1893
-4573	-1124	-323	566	254	520
-3894	-956	-18	732	369	-317
-3829	-1021	130	151	425	-315
-3851	-1029	-65	-134	603	-220
-4071	-1219	-238	-113	427	-217
-3612	-999	-95	-4	54	130
-4036	-1172	-183	-6	-9	102
-3861	-1105	-165	31	-136	188
-3820	-1064	-123	58	-180	232
-3781	-1031	-109	80	-75	175
-3770	-1010	-42	42	30	117
-3783	-1047	-98	-39	160	153
-3819	-1066	-110	-65	220	248
-3813	-1049	-148	-62	206	377
-3807	-1028	-165	-59	157	530
-3827	-966	-139	-49	140	594
-2235	247	3988	264	1202	-971
-2189	121	3968	115	827	-975
-2098	138	3749	-58	414	-893
-2121	460	3478	-181	319	-561
-1967	702	3303	-280	409	-5
-1811	407	3146	-352	617	345
-1780	-74	3369	-433	981	221
-1709	-559	3885	-475	896	24
-1792	-846	4089	-477	552	-269
-1856	-846	3787	-367	338	-485
-1632	-561	3455	-277	461	-667
-1526	-298	3275	-183	607	-725
-1557	-38	3349	-178	804	-837
-1733	138	3700	-204	845	-814
-1759	198	4077	-262	731	-709
-1635	26	4507	-261	458	-613
-1451	-209	4618	-189	-53	-730
-1173	-184	4201	-48	-698	-794
-1196	-71	3803	162	-1103	-550
-1530	-70	3001	407	-1453	-353
-1256	329	2477	547	-1195	-146
-1131	413	2329	681	-883	189
-1267	488	2098	525	-276	188
-1154	525	2468	478	597	596
-966	72	3398	505	1228	639
-1243	-212	4831	428	1395	33
-1631	-28	6019	329	210	-631
-1566	146	5289	266	-1914	-781
-1301	259	3647	101	-3246	-880
-1274	408	1916	-113	-3557	-1045
-1086	566	531	-261	-2206	-899
-512	394	357	-559	254	-379
-152	255	856	-532	2502	12
-514	280	1840	-402	4046	343
-1545	-360	3168	8	5064	1153
-1823	-914	5377	429	3488	1899
-1868	-1039	6157	-394	-634	905
-1581	231	4416	-919	-3029	428
-785	731	3080	-833	-3245	789
-382	566	2043	-560	-2882	1512
-385	178	1031	-407	-1377	2287
-148	-100	754	-362	102	3005
-238	52	872	-241	2113	3390
-2092	510	1561	-435	2251	3631
-3445	833	2188	-1780	-847	4351
-1605	473	302	-2634	-3385	4871
-2856	1430	482	365	3302	4645
-2534	-101	1054	-369	2679	3594
-1306	-368	1100	267	1873	3003
-5178	-702	992	887	1111	2536
-21712	1240	-676	2008	1315	722
-9749	1938	3898	2623	13887	520
-9340	3775	17401	1438	14286	1255
-4577	3799	16138	64	4260	1146
-3857	1675	8597	61	-1908	2792
-2794	-233	2384	697	-3518	3891
-1345	-2752	-551	1190	-2891	4576
168	-3202	-1790	1329	1734	2404
-354	-2015	-1239	981	8157	-1508
-1369	387	484	898	13842	-1944
-10296	3646	4772	2971	12273	-2081
-4810	2835	5642	1633	8504	-336
-3937	672	5877	1568	5055	750
-3111	1149	4072	1348	3774	232
-2781	1515	2720	1263	3470	-148
-2861	1036	1456	1230	3873	295
-2697	124	456	1383	4705	-90
-2751	71	34	1464	6033	-1091
-3155	842	40	1515	7046	-1160
-3994	1400	402	879	6067	-793
-4809	2344	592	-800	3855	253
-4235	1982	157	-1354	2910	2158
-3910	1348	265	-948	2944	4584
-2582	1157	211	-999	2650	5969
-1137	782	2	-1567	2176	6051
-1161	759	125	-2406	1580	5284
-2047	1151	274	-3714	-65	4122
-4850	1713	537	-5068	-3126	1600
-6058	2340	-57	-3913	-5593	-4437
-6371	3599	-123	-3736	-6020	-7344
-5594	3129	-311	-4304	-7062	-5743
-5087	3104	-672	-4481	-7961	-2814
-5425	2354	-1169	-2980	-7469	79
-2539	2814	-3240	1016	-4547	-665
-4010	6393	-5191	9555	2201	-5197
-3347	8446	-5110	9201	5157	-9925
-2023	5844	-4807	4808	7289	-7429
-4616	721	-214	165	7405	270
-3411	1658	20	-589	5946	4044
-3598	2140	-505	-606	4722	3370
-4270	1906	-1238	-746	4272	2496
-4602	1228	-1726	-797	4496	2048
-4288	910	-2240	-899	4438	1893
-4236	1272	-2452	-767	4211	1822
-3996	1682	-2484	-480	3705	1459
-3691	1739	-2403	-256	3173	917
-3081	1790	-1891	-107	2743	718
-3102	1895	-1792	66	2434	374
-3169	1963	-1978	120	2291	128
-3036	1668	-2119	210	2133	107
-2783	1776	-2248	172	1673	-21
-2529	1770	-2239	249	1370	-230
-2635	1760	-2217	356	1337	-433
-2794	1728	-2282	448	1353	-527
-2975	1730	-2332	519	1379	-532
-3173	1713	-2455	578	1271	-632
-3113	1653	-2500	605	1064	-643
-3022	1666	-2486	635	848	-668
-3088	1662	-2566	656	541	-727
-3058	1600	-2520	587	305	-747
-2952	1557	-2467	547	208	-726
-2899	1460	-2491	543	154	-727
-2862	1425	-2437	485	102	-658
-2894	1380	-2505	405	49	-596
-2942	1364	-2516	331	-2	-498
-2891	1330	-2456	240	-32	-342
-2899	1318	-2493	178	-46	-273
-2966	1305	-2518	92	-31	-186
-3020	1304	-2494	9	-17	-91
-3137	1313	-2540	-36	1	-21
-3201	1279	-2600	-93	12	86
-3166	1281	-2595	-126	33	168
-3048	1327	-2555	-165	99	258
-3039	1364	-2547	-181	164	321
-3011	1391	-2557	-199	193	365
-2944	1391	-2515	-239	228	431
-2860	1416	-2479	-270	246	466
-2846	1434	-2491	-291	242	465
-2837	1468	-2475	-316	239	480
-2832	1492	-2503	-330	257	492
-1077	643	3207	371	487	-427
-1132	86	3543	408	707	-415
-2018	-374	3941	306	635	-799
-3092	-236	3785	-27	-158	-1289
-3132	-40	2990	177	911	-884
-2392	105	3526	401	1611	-679
-2210	181	3677	339	1419	-421
-2133	67	3754	78	1072	-464
-2117	189	3839	-291	579	-738
-1823	512	3632	-498	393	-464
-1617	458	3553	-515	550	229
-1605	42	3519	-481	733	544
-1619	-393	3608	-484	1011	549
-1703	-680	4049	-438	1053	424
-1764	-611	4252	-445	705	110
-1702	-161	3979	-449	315	1
-1512	289	3450	-502	232	106
-1378	614	3211	-585	401	454
-1433	494	3280	-735	479	842
-1582	180	3458	-932	376	1065
-1506	-44	3683	-1038	129	1263
-1239	-85	3793	-994	-328	1487
-1250	-93	3618	-797	-1035	1752
-1242	77	3089	-660	-1531	2008
-1055	338	2476	-589	-1399	2479
-1361	386	2138	-629	-793	2933
-1828	568	2099	-581	-260	3123
-1906	418	2546	-545	316	3130
-1666	-411	3648	-630	622	2807
-1551	-1041	4783	-838	278	2176
-1473	-971	5437	-934	-780	1742
-1094	-617	5005	-882	-2138	1284
-1235	-275	3483	-720	-2651	1090
-899	-302	2264	-450	-2213	1367
-459	-654	1604	-78	-1274	1904
-23	-1070	1556	242	47	2248
-158	-1358	1799	810	1579	1804
-1037	-1103	2103	1344	2915	873
-1685	-569	2631	1216	3954	-121
-1945	-88	3024	926	3271	-1045
-2389	568	3191	272	1075	-1780
-1941	417	2685	-459	-1115	-1710
-1727	1277	2909	804	510	-871
-2123	821	2242	685	-640	154
-2032	-110	1042	675	-563	1340
-1678	-676	513	681	165	1547
-909	-640	261	132	1497	482
-386	-1104	636	700	2384	-1063
-464	-110	1156	440	2311	-2154
-2159	716	772	320	781	-2091
-12672	3748	841	968	-2310	1001
-20516	-4518	-3751	-1486	9498	1735
-7614	-284	1879	1612	16828	-9005
-8400	6854	9209	2380	18819	-954
-8900	8471	16809	1363	14333	1074
-4593	3618	8330	754	795	104
-2954	-314	1494	-1689	-1586	4008
-1793	-1226	-611	-2718	1080	5360
-1197	-2326	-602	-1193	5828	4342
-2015	-2344	-340	290	10416	2244
-5783	-3391	981	1689	12520	35
-5622	-272	1660	2142	9711	-1377
-4278	480	2748	1579	10426	275
-3539	846	3010	946	9293	536
-3312	1122	2442	731	8090	120
-3376	1241	1407	778	6023	377
-4850	1297	1419	388	2517	1396
-8332	2175	1608	-1146	-4513	2500
-4894	852	-372	-2100	-6333	5568
-5756	2113	513	387	-5362	7404
-4508	1615	-134	-1587	-8724	6399
-4007	1566	-811	-3284	-9807	3623
-4524	1697	-917	-3939	-9678	874
-4912	2538	-1191	-4120	-9530	-686
-4765	2826	-1329	-3882	-8577	276
-4400	2320	-1070	-3303	-7473	2481
-3772	2648	-1137	-3694	-7545	4045
-2137	3429	-2873	-5001	-8523	2999
-1812	3411	-4428	-5914	-6877	93
-1558	3442	-4359	-2035	-2181	-1283
-3535	6361	-1678	2513	2770	1033
-6290	8000	3141	2164	3695	6110
-4241	4668	3057	-208	5390	6368
-2590	1541	1984	-386	7276	8304
-5709	2551	2594	471	5647	7139
-7750	4696	2031	1960	1491	7024
-5913	4298	2179	1251	-2828	7898
-2498	2548	2164	1228	-5326	7228
518	2733	1162	1633	-5064	6227
2219	2964	407	783	-836	6702
1420	1681	870	548	3305	7447
-123	1486	1529	2685	4648	6469
-855	3173	1437	4687	3017	3342
-702	4817	972	5337	527	1008
77	5233	105	4292	-538	-55
635	4776	-512	1935	-298	-69
183	4582	-274	293	45	731
-477	4296	604	21	77	818
-596	3878	882	-21	656	669
-805	3653	853	-2	616	1184
-971	3383	783	168	324	1132
-824	3405	675	472	28	83
-437	3385	440	528	-409	-895
43	3782	270	352	-663	-1542
149	4318	250	-83	-959	-1040
272	4764	276	-214	-946	432
96	4933	621	-570	-885	1627
-221	4629	699	-1009	-582	1721
-452	3835	778	-900	-626	701
-531	3578	781	-546	-429	-717
-250	3294	645	-65	-282	-1759
-437	3010	637	134	162	-2465
-583	2404	570	217	641	-3290
-659	1717	468	536	967	-3872
-1052	3209	1162	1333	885	-4074
-1232	3686	895	1802	-847	-1014
-384	1420	439	-76	-550	-2533
-1196	1287	699	45	872	-6203
-5050	14924	1998	6226	-2625	8267
2100	2848	-931	2488	126	4187
1751	2997	-843	665	-257	-1289
-1909	5063	238	105	-83	-1253
-1436	3969	151	-158	-75	-84
-915	3789	38	-342	11	1122
-799	4037	243	-461	-122	1434
-303	3959	322	-461	73	1258
-276	3979	466	-16	60	568
-510	3830	386	323	76	89
-591	3994	253	459	115	-17
-704	4144	167	411	87	117
-1264	185	3256	964	-329	-816
-1011	231	2969	996	-29	-798
-966	239	2916	981	372	-866
-1041	234	3178	905	753	-933
-1232	179	3644	853	913	-986
-1425	217	3967	751	668	-954
-1553	443	4002	620	319	-876
-1375	617	3826	564	108	-755
-1022	519	3883	550	246	-727
-1225	722	4080	451	170	-609
-1184	845	3926	357	-55	-323
-864	522	3644	331	-67	-129
-633	-26	3700	453	134	-197
-1102	42	3678	522	255	-220
-1346	427	3537	331	-57	-223
-1991	700	2890	175	-142	-362
-2664	284	2438	-87	314	-2008
-2378	-176	2438	-259	1079	-3593
-2203	-207	2575	182	1495	-2953
-2044	-115	3221	392	1180	-1666
-1742	-452	3788	392	-143	-1023
-1694	-760	3889	532	-656	-399
-1331	-1070	4068	589	-827	-788
-899	-762	4264	692	-1042	-1724
-421	-374	3980	897	-1463	-2013
-95	-28	3426	1049	-1354	-1683
-604	197	3025	1210	-724	-1272
-1138	674	2721	1291	-285	-1105
-1187	1644	2586	995	-467	-68
-790	1181	2767	860	-473	1475
-1426	-231	2802	614	141	1405
-1151	-792	3346	623	567	121
-1107	-846	3804	589	258	-328
-817	-377	3687	256	-510	-364
-1402	-745	3059	214	-676	-583
-1522	-32	2545	600	-737	-1005
-996	371	2598	607	-249	-1047
-380	197	2867	653	344	-1452
-929	373	3019	513	562	-1652
-1541	810	2406	315	1034	-954
-1743	511	2077	43	1879	6
-1399	268	2356	19	1846	-495
-2031	143	2430	-318	1679	-1561
-1671	619	2604	-1011	820	-1732
-1598	832	2554	-1425	255	-992
-1568	889	2080	-1367	92	-213
-998	629	1729	-1315	406	496
-306	216	1520	-1376	531	1405
-617	142	1148	-1698	438	2241
-6108	1335	1465	-2274	-854	3113
-23084	6435	-4217	317	3785	6689
-6601	-2562	4193	-218	15350	4754
-8148	-5794	13913	-3012	17689	-3298
-6549	-5770	18983	-2104	5634	-2122
-3632	-565	8230	-1780	-2671	-208
-1981	1120	1433	-1221	-2947	-701
-668	1649	-861	-581	-1628	-1143
-240	1607	-1433	-871	2681	-69
-629	1204	-1247	-964	7566	1663
-1865	-320	-417	-1291	10974	1288
-7355	-2243	1455	-2036	11563	-791
-6240	-1679	1700	-901	9070	-2222
-5352	748	5761	-102	9722	-179
-3593	1196	6840	-32	6282	1295
-3700	818	4176	-950	3448	1548
-2992	680	1277	-1325	3300	2064
-2473	401	122	-1440	5218	2736
-3114	-353	302	-1203	6021	2599
-4046	-546	371	-809	5028	1348
-4473	-445	194	-621	4054	-460
-5167	-53	298	-1018	2663	-2317
-4869	-1179	409	-105	1935	-4176
-3908	-1125	600	596	437	-5868
-2255	-415	219	1087	-991	-6201
-1749	-377	231	1360	-2411	-5680
-1674	-337	56	1690	-3921	-4293
-2549	-654	-187	1794	-5293	-2487
-3832	-1021	-647	1282	-5851	-708
-5409	-1620	-705	558	-5436	383
-5687	-1709	-578	-183	-5522	-718
-5955	163	-3567	-2150	-4525	-1442
-9025	-6953	-13309	-17486	9963	6747
-8352	-6274	-5081	-9718	12939	6407
516	606	-1164	741	11792	-6769
-2372	-197	-3228	3496	9550	-6788
-4748	-2897	-3661	4320	6766	-4140
-4608	-84	-3420	4852	4066	-4752
-4908	-1831	-3363	5343	3719	-4935
-4560	-3013	-3123	5778	4079	-5392
-4378	-3655	-2780	6199	4824	-6991
-3734	-3746	-2473	7147	5278	-9626
-2714	-3004	-2680	7873	6000	-11845
-2509	-1877	-1584	8435	5936	-13047
-1457	-1783	-513	8192	3400	-12605
-949	-2708	210	7781	-180	-10202
701	-2215	474	6994	-3265	-6119
1745	-1907	636	4852	-4957	-3716
2016	-2968	406	2891	-5743	-1666
2015	-4334	-205	3617	-6012	-1428
2390	-4444	-194	2271	-2514	-2270
1367	-4025	287	295	-1294	-1744
1373	-3357	332	-1036	-2173	-704
1517	-3694	-6	-1095	-3056	-971
1760	-3748	-362	-40	-3621	-1274
2172	-4126	-854	1273	-3575	-1092
2703	-4051	-1037	1963	-2246	-470
2221	-4022	144	1723	82	163
1418	-3849	729	602	-147	814
1114	-3715	188	147	-225	731
1146	-3763	122	186	-110	332
1165	-3808	152	124	-111	361
1119	-3867	190	-21	-44	358
1075	-3855	236	-135	-44	336
1121	-3829	222	-247	-51	276
1148	-3824	186	-406	-67	294
1099	-4020	135	-577	-48	448
1136	-4205	110	-694	-44	295
963	-3954	70	-725	-196	22
1030	-4081	-171	-662	-190	113
1185	-4161	-82	-259	-76	-48
901	-3684	-106	-310	-306	-12
1208	-4153	-92	-130	-204	50
1390	-4013	-50	49	-125	-6
969	-3914	-124	-250	-274	298
1066	-4039	-59	-112	-42	148
829	-3791	-107	-356	-243	109
1106	-4132	-166	-185	-69	48
1087	-4041	-103	-168	-109	24
942	-3977	-194	-193	-167	116
936	-3915	-230	-35	-29	73
-1178	43	3899	-252	188	26
-1220	70	4015	-221	136	8
-1227	112	3963	-197	65	47
-1094	55	3904	-221	-6	117
-1117	-167	3923	-250	37	123
-1189	-313	4105	-263	91	-93
-1526	-416	4250	-214	-69	-182
-1719	-456	3917	-233	22	-406
-1214	-28	4002	-329	639	-630
-1262	142	4522	-386	917	-662
-1663	451	4614	-202	195	-692
-1724	980	3475	144	-389	-241
-1820	1089	2388	375	-5	579
-1777	490	1957	535	888	1020
-1783	-102	2323	562	1837	307
-2025	-501	3761	599	2296	-948
-2309	-122	5038	784	1401	-1841
-2399	708	5012	1096	435	-1648
-1743	1377	4326	1103	-159	-988
-1191	1516	3517	914	-243	-457
-922	1261	2955	753	-209	-172
-588	811	2381	610	82	-170
-308	462	2267	511	559	-301
-320	86	2641	452	678	-394
-925	-25	2829	285	44	-539
-1428	158	2370	115	-573	-703
-881	54	2145	-17	-324	-752
-518	118	2950	-61	-412	-1126
-1065	743	3272	287	-211	-634
-1202	433	3986	468	-570	-396
-940	970	3709	-31	-867	-1219
-776	1244	3621	-297	-484	-1174
-837	1027	4209	-309	-126	-425
-791	325	4605	-264	-697	583
-688	-263	4181	-196	-1332	873
-537	-601	3718	-195	-1380	187
-613	-295	2662	-206	-539	-897
-429	-236	2260	-95	998	-971
-137	-232	2034	117	2690	-934
76	-300	2692	511	4738	-767
-1778	604	3296	810	5614	-962
-3511	1348	3939	-241	4120	104
-3497	571	4639	14	1218	1520
-3547	-96	4101	-13	-2117	1472
-3093	-58	2449	-271	-4121	773
-2071	339	1207	-840	-5109	406
-1219	584	478	-1431	-5954	458
-385	83	-309	-1546	-5885	807
-271	-50	-473	-148	-4150	1618
-2720	1472	-368	444	-2254	2568
-21967	-3115	-3878	632	1316	1408
-8069	-472	-4019	3108	17951	-4348
-11791	5521	4454	2710	25946	-623
-10934	5360	27368	-805	19369	-1729
-11209	3660	17750	-958	-543	-119
-5263	1349	4417	-963	-8868	2682
-1505	-585	-625	-955	-7330	3872
1109	-1456	-2078	66	-2019	3729
194	-1296	-1318	630	3309	1885
-420	-1520	-1127	93	8861	-712
-3775	-1503	58	325	13487	-1448
-6626	-55	1864	694	10467	-703
-4297	1539	3900	2482	10627	-737
-4792	2260	5708	968	7665	-870
-4253	1253	4301	1417	5429	404
-3514	599	2653	1813	5647	560
-3898	339	1601	2009	5928	844
-3377	60	577	1900	6039	534
-3379	-124	208	2201	6345	-414
-3778	231	271	2367	6074	-887
-3633	178	343	2305	5364	-713
-3093	517	367	1881	5262	-490
-2837	913	540	1055	4942	-123
-2760	1041	615	-323	4001	327
-2708	985	517	-1245	2356	991
-2906	1069	422	-1230	1330	2033
-2572	632	293	-1401	-322	3033
-2367	651	303	-1524	-1989	3172
-2970	1046	310	-2245	-4684	2713
-4825	878	43	-2778	-8083	1724
-7916	2248	-1087	-2537	-9454	-509
-10217	2541	-1615	-3706	-8438	-2422
-9628	-956	-11763	3979	-5697	-8612
-6922	7480	-13332	11648	5845	-7951
-1245	2853	-6639	3156	15801	3042
3126	-1030	-191	-1661	7782	7633
-2564	620	-3323	-483	6104	-2504
-5586	960	-3339	-501	5501	-2325
-3532	270	-2467	-450	5763	-1020
-3084	119	-3023	-497	5761	-251
-3549	203	-3453	-822	6204	151
-3724	274	-4001	-360	6709	353
-3497	469	-3967	-190	5849	517
-2772	741	-3465	-118	2560	443
-2373	913	-3329	-62	-509	117
-2655	893	-3188	-64	-1496	18
-2750	756	-3124	-74	-1909	55
-2828	737	-3071	-60	-2306	102
-2810	762	-2924	4	-2745	112
-2843	830	-2767	14	-3087	47
-2903	822	-2667	5	-3144	-9
-3018	826	-2604	-18	-3082	-57
-3163	807	-2496	-7	-2989	-18
-3213	825	-2325	-8	-2894	-81
-3304	831	-2203	42	-2715	-148
-3462	784	-2162	70	-2566	-184
-3435	754	-2066	54	-2392	-182
-3476	755	-1912	56	-2190	-177
-3564	792	-1833	59	-1933	-183
-3594	740	-1793	65	-1629	-189
-3613	727	-1708	58	-1297	-180
-3631	700	-1664	36	-910	-145
-3655	722	-1626	6	-489	-98
-3608	706	-1630	4	-138	-87
-3626	715	-1658	12	45	-92
-3556	690	-1680	16	143	-78
-3555	692	-1695	9	239	-32
-3539	702	-1690	-2	319	8
-3564	706	-1726	-14	381	32
-3570	702	-1774	-26	388	58
-3582	722	-1811	-33	324	69
-3589	727	-1832	-34	203	77
-3575	717	-1818	-38	89	79
-3581	731	-1828	-38	6	80
-3578	741	-1815	-33	-31	75
-3573	743	-1797	-23	-43	65
-3573	759	-1786	-17	-36	64
-3571	747	-1774	-12	-25	56
-3567	757	-1776	-4	-1	34
-3560	753	-1786	-3	24	24
-1183	-392	3696	-207	-85	292
-1294	-601	3653	-205	33	-6
-1362	-633	3677	-232	150	-409
-1367	-505	3897	-212	262	-454
-1420	-603	4315	-155	223	-364
-1748	-329	4776	-102	-281	-310
-2487	-333	4319	-149	-660	-276
-2569	-699	3976	-131	-277	-230
-2036	-471	3591	-49	55	-560
-1948	-187	2839	255	335	-760
-1802	79	2454	371	530	-846
-1700	226	2399	484	871	-742
-1955	-7	3100	572	1403	-699
-2356	-37	4218	543	1320	-1038
-2470	373	4538	675	1026	-859
-2002	639	4666	943	788	-384
-1553	713	4161	971	200	-192
-1329	515	3286	882	-154	98
-1020	187	2534	665	-237	363
-734	37	2061	471	113	427
-493	247	2181	121	640	263
-627	827	2658	-256	643	314
-756	1012	3317	-447	565	630
-889	720	4352	-500	101	993
-1217	674	4345	-298	-843	1529
-951	277	4037	-5	-1294	1762
-1114	256	3527	-190	-1919	1403
-1617	677	2585	-552	-1860	968
-1575	892	2352	-656	-656	1006
-1226	602	3046	-417	707	1824
-1186	-205	3777	-90	1321	2688
-1366	-490	4145	-80	955	2655
-1849	-422	3329	-257	-266	2075
-1286	-194	2029	122	-617	1809
-700	108	1773	135	594	1503
-983	-33	2554	-199	1730	884
-1713	18	3275	216	1437	635
-2240	804	3279	-178	786	398
-2029	-30	3192	-343	142	1276
-1611	-1040	3035	139	-546	1373
-1482	-776	2496	479	-637	648
-1581	-607	2043	423	-145	445
-1678	-566	1505	791	338	483
-1438	-494	1218	920	975	18
-2025	-74	1241	840	598	-847
-2220	536	1246	-525	-1188	-1779
-1761	-16	667	-2381	-2594	-2648
-1126	-612	-309	-901	1726	-2278
-2229	745	850	563	4313	-578
-1988	544	1290	378	2897	868
-16830	36	1441	700	-1752	4078
-15013	-2815	25	-1102	13990	-613
-9989	7717	8250	3019	17896	-6244
-6416	6249	16504	596	15020	2290
-7000	4096	13365	-46	1479	1245
-3212	807	3525	-104	-2994	3245
-2222	-1250	133	-1146	-1927	4914
-479	-2581	-42	-2449	39	3928
-266	-2850	-461	-1280	2858	2238
-1303	-2379	-568	757	8874	519
-3835	-2637	282	2429	13753	-1283
-5614	1243	1350	4564	13653	-1789
-5292	1085	2597	955	9045	-1062
-4141	-285	4406	1100	10369	-1626
-3688	590	4625	953	7568	-1860
-3727	2107	2497	753	6476	-469
-3750	1451	979	1072	6401	658
-4017	304	769	1955	5828	105
-4590	-351	901	2279	2522	-1345
-5284	487	677	934	-3114	-1129
-5702	2106	-342	-2445	-7490	2509
-3748	959	-1146	-3145	-5863	9766
-5336	1771	-29	90	-2267	14670
-5098	2351	-170	-2168	-4929	13302
-3577	1324	-691	-4331	-5042	7599
-2762	1355	-662	-4672	-5601	1677
-2518	1859	-836	-5275	-6029	-2461
-2524	2303	-1125	-5567	-5053	-4391
-3339	2101	-1073	-4708	-3358	-4270
-3237	1883	-720	-2204	-2278	-470
-3172	2596	-2443	1275	-1061	3313
-7527	12322	-3744	12432	6256	7100
-2841	7409	-4730	5569	8448	6190
963	2785	-992	157	7556	4633
-4483	3476	-533	-608	4816	3127
-7235	3316	-2727	-678	3569	3400
-8436	3673	-2797	-2230	948	5652
-5256	3561	-1316	-2213	-1744	9599
-2339	3527	-957	-1851	-1999	12512
-532	2364	-693	-3056	-690	13622
1949	672	95	-3014	2007	11554
491	1399	431	-3379	5592	3098
-875	2520	1177	-949	6660	-517
-2082	5096	1546	-435	4029	-343
-1154	3701	629	-1144	909	1647
-268	2854	272	-1428	103	222
702	2185	148	-2030	601	-3124
590	2037	158	-2228	790	-6293
78	2576	304	-2505	1463	-7169
-1514	3176	704	-2123	1195	-6629
-1551	2459	1013	591	404	-3971
-3004	5271	2298	4001	-1272	-2311
-4717	9442	1445	7090	-4343	11195
1349	2752	153	4788	-2571	6952
1305	3609	-843	928	-3683	-1358
-214	5929	-1257	739	-1688	-74
-771	3815	-586	-1253	-1477	-827
-396	3473	-321	-2048	-1465	-1793
-740	5146	125	-1412	-1728	1240
-245	3606	533	-1735	-1456	458
-206	3842	925	-1391	-726	-225
-670	3271	1215	-737	-168	-367
-715	3382	1174	518	114	-523
-1039	3855	741	1202	259	-399
-1023	4008	535	1274	342	-294
-1014	3978	428	1208	332	-334
-1028	4012	343	1057	270	-348
-1051	4070	263	803	302	-264
-1056	4085	210	516	251	-220
-1056	4035	187	162	145	-270
-1156	3951	258	-38	-39	-326
-1159	3941	324	-164	-59	-179
-1061	3846	404	-157	-51	-61
-1043	3844	442	7	3	-70
-1032	3881	403	142	38	-114
-911	3958	354	200	112	-209
-1138	3784	428	124	277	-425
-1100	3921	300	371	18	-513
-1161	3957	221	212	130	-364
-1156	3785	301	127	69	-278
-2456	-537	2799	612	1156	426
-2525	-503	3323	172	1159	49
-2618	-211	3927	-69	989	87
-2641	174	4449	-294	587	285
-2244	155	4610	-478	521	489
-1845	-308	4309	-619	166	480
-1559	-584	3562	-649	-65	104
-1335	-966	2992	-586	82	-374
-1169	-1189	2767	-456	495	-913
-1208	-1026	2952	-329	891	-1367
-1375	-729	3297	-189	1023	-1673
-1538	-411	3679	-77	1019	-1906
-1689	-145	4104	86	769	-2005
-1674	-91	4208	281	142	-1925
-1690	-204	3874	442	-382	-1920
-1576	-97	3393	453	-459	-1945
-1054	363	3275	462	207	-1649
-878	614	3728	387	202	-1446
-1090	811	3738	150	5	-1411
-1124	874	3830	-47	-150	-863
-1155	807	3606	-255	-341	-245
-1318	460	3131	-337	-531	336
-1343	-511	2651	-279	-433	552
-1298	-1195	2730	-170	-223	66
-1278	-1588	2787	168	54	-300
-1618	-1477	3145	564	652	-1077
-1513	-508	3928	750	667	-1966
-1074	197	4462	873	99	-1982
-952	-1	4575	873	-656	-1360
-1075	-399	4193	1045	-1167	-1155
-1106	-291	3511	1061	-1419	-1145
-958	-187	2486	1006	-1309	-952
-830	-15	1650	956	-622	-485
-393	-189	1305	982	458	43
-158	147	1984	1240	2018	311
-383	456	3301	1240	2266	357
-1733	421	3705	649	1171	384
-2123	230	3192	456	93	648
-1634	-151	3106	497	-2	349
-1463	-732	2680	680	-696	-629
-1466	-830	1839	910	-820	-1137
-1243	-408	1434	838	-251	-1449
-1270	334	1185	385	57	-1380
-1309	472	866	220	212	-834
-1377	660	637	200	628	-442
-1321	259	587	103	1870	-755
-1282	-367	1024	-131	2738	-1706
-665	-641	1406	-454	3172	-2003
-800	-307	2028	-692	3026	-1305
-4116	1538	2051	-1101	1308	-308
-25762	3875	-1741	217	-1996	1593
-6270	-4086	5204	-2213	13852	-2710
-10331	-5061	16459	-2376	15168	-1641
-5130	-5652	16532	-1019	4463	-2085
-3694	-491	8553	-2034	-1668	-3117
-1695	1857	1838	-1367	-5476	-3612
-268	1954	-1016	-1061	-3508	-2172
293	1636	-1783	-1752	1163	14
-740	-272	-1315	-2569	6549	4
-1714	-1684	-749	-2575	11323	-1349
-8032	-3085	2624	-2150	13321	-1374
-3920	-2744	3760	-2006	9143	-473
-5505	-318	7225	-1202	7243	-2418
-3547	1412	5782	-1176	3605	-1851
-2928	-148	3231	-1556	2377	-761
-2013	-761	1184	-1738	2658	-848
-1282	-667	253	-2273	4325	-1095
-1458	-961	245	-2618	5845	-1149
-2210	-1297	495	-2229	6622	-1705
-2857	-1373	768	-1343	5159	-2793
-3301	-1360	692	-1004	3534	-3282
-4456	-901	853	-658	1613	-3684
-4157	-1697	751	-538	258	-3484
-3012	-1243	534	456	-1304	-3747
-2350	-960	329	687	-3611	-3923
-3149	-3265	-2409	1093	-6297	-4124
-11198	-22071	-17875	-7727	14692	-18173
-4956	-6023	-1523	-6368	10908	-14326
5262	1169	-2628	-292	7908	-9051
-5434	-5445	-6605	2995	13376	-1259
-5523	-3759	-4732	6852	13048	-2792
-3082	-1460	-2231	8761	9568	-6306
-3054	-1289	333	7721	3125	-5679
144	-4670	-1574	6209	-1105	-4909
-327	-4309	-1796	5668	-1896	-6175
-613	-2250	-55	6286	-2925	-6225
454	-1911	1230	5092	-4931	-5082
2699	-1382	2582	650	-6706	-1951
625	-4520	-737	518	-10235	-521
188	-4381	-1972	4796	-10548	-2598
412	-2294	-1289	5522	-10158	-2825
2108	-2206	-1129	1904	-9447	114
2320	-4030	-1455	-1779	-7768	1384
2328	-3633	-1943	-1776	-8325	2476
3108	-3938	-2889	-1078	-7571	3504
2772	-4100	-3043	376	-5769	3726
1816	-4456	-2598	-7	-4168	2676
1105	-5094	-2127	-651	-1995	1064
979	-5183	-1595	507	-526	301
1042	-4209	-1100	1500	485	596
734	-2336	-705	2051	421	1865
841	-3653	-518	1107	-806	2004
1005	-4428	-930	370	-1564	342
972	-5096	-799	561	-822	-551
1032	-5056	-126	1447	405	-228
544	-4220	424	821	289	-112
375	-3705	-45	-22	59	528
492	-3805	-329	-153	249	458
582	-3779	-287	-102	506	611
495	-3941	-284	-360	607	935
251	-4015	-259	-648	461	851
60	-3926	-237	-838	340	864
-68	-4206	-372	-729	292	665
-224	-4391	-522	-533	300	406
-202	-4303	-345	-324	304	163
-26	-4085	-339	-422	149	188
75	-3997	-455	-571	105	120
42	-4091	-551	-541	101	41
61	-4101	-568	-424	76	4
79	-4117	-549	-339	47	53
56	-4094	-575	-279	40	58
127	-3998	-574	-261	41	76
179	-3960	-578	-312	55	173
167	-3968	-597	-377	47	267
227	-4038	-660	-319	108	447
97	-3975	-622	-334	166	640
36	-3998	-698	-241	198	668
-34	-3974	-704	-124	222	492
-103	-4056	-590	-106	255	382
-111	-4265	-452	-368	122	423
-1313	-638	3633	-353	545	432
-1526	-904	3944	-402	587	-116
-1623	-882	4305	-407	388	-557
-1740	-500	4373	-444	105	-546
-1766	-195	4436	-487	-228	-329
-1912	298	4033	-499	-503	38
-2839	-884	3518	-199	-247	273
-2377	-939	3324	-62	406	-481
-1849	-343	3354	28	961	-618
-1984	-223	3566	349	989	-513
-2466	462	3363	540	865	-587
-2640	439	3357	727	877	-385
-2638	-9	3373	827	867	-729
-2573	240	3377	1009	1058	-698
-2187	305	3627	1140	1219	-450
-2103	520	3783	1069	987	-491
-2171	626	3699	938	660	-467
-2001	667	3446	883	309	-367
-1523	402	3005	924	63	-217
-1063	213	2524	877	94	-311
-846	215	2406	743	379	-413
-937	217	2715	594	537	-472
-1460	276	3124	388	147	-534
-1555	247	3209	170	-355	-493
-1227	299	3032	45	-615	-440
-868	494	3227	-34	-572	-331
-952	761	3545	166	-710	78
-1222	773	3841	216	-693	561
-1060	573	4461	-81	-915	441
-1427	768	4511	-426	-1535	-44
-1675	900	3954	-418	-1825	290
-1423	369	3230	-151	-1405	971
-1139	-426	2922	57	-784	894
-400	-443	2714	-217	430	574
-239	-179	3178	-579	1473	755
-937	-327	3340	-497	1369	599
-1626	-85	2719	-273	1452	409
-1448	178	2288	82	2432	1269
-1077	-79	2673	329	3378	838
-2313	24	3084	-179	3066	557
-2908	8	3471	-379	1337	1335
-3381	87	3124	-548	-514	1204
-2837	104	1891	-428	-1849	460
-2385	153	1194	-463	-2872	112
-1709	288	643	-823	-4533	140
-1249	367	282	-1415	-6323	378
-720	-25	-256	-1217	-7547	1086
-444	-322	-916	474	-4604	2248
-1457	-882	-1055	1198	1183	2732
-3704	-970	-25	1374	2451	2247
-13220	310	-1700	1595	2238	810
-17112	425	-4447	-47	16039	-5538
-5274	3949	6601	3686	29002	-3726
-14659	11162	24569	163	20193	2345
-12083	5288	17080	-783	2282	3510
-4882	670	5758	671	-7275	5561
-3066	-1455	476	-61	-9291	6653
-328	-1486	-1530	-1411	-8056	5773
756	-2211	-1672	-973	-2091	4801
-278	-1903	-1163	333	3960	3552
-1681	-2630	-1093	1305	10944	1070
-4786	-814	117	4874	14121	-1927
-7040	2997	1834	4736	10834	-3200
-3830	2961	4613	3648	11027	-3491
-4857	2782	5942	1760	8054	-1653
-4604	2061	3959	2466	5635	-201
-3633	933	2113	1427	5304	-263
-2843	22	1211	2313	6578	-546
-3129	-305	952	3321	6400	-779
-3121	148	806	3730	5284	-1622
-2673	1140	583	3569	3769	-2028
-2150	1086	222	2276	2758	-1840
-2341	1142	202	1436	1554	-1476
-4085	1593	473	664	-370	-669
-5204	1761	-59	930	-2070	1024
-4307	2251	-195	1053	-518	2541
-4574	1708	415	-432	-3089	3350
-4705	1867	53	-1403	-6509	2752
-5489	1892	-593	-2547	-8823	737
-6387	2375	-1080	-3603	-9548	-2299
-7787	1842	-1314	-4032	-10363	-4537
-8447	1602	-1631	-3525	-10700	-4071
-7631	1872	-2005	-2705	-11021	-729
-5917	2945	-4266	-2404	-10923	1357
-3156	3910	-6993	-4473	-10020	-263
-2489	3230	-6006	-1453	-2741	-723
-2472	2333	-3241	1456	4818	1689
-6175	738	1877	-425	6630	878
-6429	-1282	3176	-4684	3391	-2359
-5360	-1944	2371	-3134	1915	-749
-3608	-1100	1245	-125	1643	2296
-2530	-340	29	1195	2161	3542
-2054	25	-833	1414	3514	3756
-3447	1272	811	1084	3665	2529
-4619	2189	1278	75	3000	1218
-4771	1474	1368	-384	1870	1161
-4504	863	1436	-407	1136	1496
-4483	1029	1293	-82	1223	1253
-4694	1240	1136	38	1225	721
-4601	1083	829	-29	542	712
-4556	1148	1107	50	-359	739
-4328	1348	1045	-36	-1051	797
-4066	1373	1117	103	-1245	836
-3691	1389	1018	229	-1255	928
-3584	1292	987	380	-1096	918
-3428	1612	1001	405	-1090	853
-3306	1569	917	282	-914	558
-3313	1540	1014	250	-676	429
-3121	1534	955	84	-432	337
-3073	1554	915	9	-11	257
-3308	1651	1005	-35	272	48
-3454	1577	995	-67	434	-111
-3473	1514	1024	-34	571	-141
-3511	1514	1040	-36	605	-106
-3569	1516	913	-35	607	-90
-3710	1534	1012	-22	525	-142
-3801	1555	1001	-12	357	-152
-3715	1506	953	-8	180	-114
-3651	1481	945	1	65	-88
-3591	1476	932	8	15	-59
-3584	1490	902	8	-20	-40
-3565	1494	935	-14	-49	-39
-3561	1497	936	-25	-46	-33
-3547	1486	925	-20	-13	-18
-3556	1478	923	-6	20	4
-3576	1478	946	1	19	16
-3585	1483	948	5	17	25
-3579	1489	943	7	16	33
-3598	1492	955	21	29	49
-3620	1484	935	36	32	75
-1211	202	4046	255	153	-606
-1368	196	3980	349	60	-426
-1291	283	3768	426	65	-351
-1218	378	3790	502	180	-298
-1349	653	3919	582	107	-190
-1570	582	4012	647	-19	0
-1978	356	4101	630	-193	-119
-3213	1049	3749	551	-487	190
-2674	1060	2636	744	537	945
-2008	438	3336	578	1489	957
-1890	-73	3694	301	1070	1027
-2330	-1232	3573	13	329	793
-2648	-1334	2982	-346	-249	-194
-2448	121	2545	-562	118	-757
-2250	1191	2587	-605	852	35
-1932	683	3206	-533	1591	601
-1950	-373	4097	-344	1625	697
-2264	-952	4740	-292	896	425
-2178	-910	4307	-439	40	-127
-1733	-395	3464	-522	-269	-729
-1400	100	2794	-478	-321	-918
-1129	508	2323	-397	-25	-586
-1041	687	2369	-358	317	38
-1345	476	3014	-477	273	495
-1557	209	3620	-626	-228	604
-1223	14	3817	-551	-760	765
-927	-85	3625	-256	-1222	1101
-1061	10	3270	28	-1684	1424
-953	-221	2827	125	-1633	1585
-718	-902	3161	-111	-367	824
-710	-978	4388	-126	42	-188
-1062	-616	4928	99	-672	-738
-1272	-251	4540	316	-1148	-1010
-1239	247	4046	450	-1097	-1159
-1540	512	2914	487	-531	-712
-1339	40	1442	455	556	600
-49	-411	1671	1089	2969	1077
-323	-320	2915	1152	5197	303
-1790	631	3660	434	3925	-775
-3048	1659	3429	-583	1363	-108
-2894	403	2655	-620	-334	955
-2525	40	2444	185	-727	664
-2886	-176	1834	306	-2527	691
-1966	204	995	12	-4948	863
-872	182	-110	-2043	-5212	984
-685	-688	-464	-2192	-1787	1266
-1866	496	100	-392	1644	1761
-1071	-22	-14	-829	2116	1740
-852	111	26	-453	2716	1501
-3026	95	779	-143	1807	1587
-23935	-4836	-2233	1210	-3510	1434
-11832	-717	-830	522	17626	76
-8182	2140	9737	2540	20886	1433
-3640	3531	14447	-1664	13125	-1219
-6443	758	13814	-419	9019	536
-4324	879	6648	432	-3007	2628
-2703	-719	1100	-2332	-7183	3623
-811	-1456	-1677	-3307	-2078	1538
-784	-1376	-1789	-2550	6654	-710
-1084	-849	-639	-708	10845	753
-1837	-306	224	380	13481	2698
-6077	1471	1376	965	14034	4002
-7487	807	2204	-179	8512	4590
-4125	117	2575	756	7859	2744
-3502	1146	3366	1547	11977	2758
-4467	1520	2821	-231	10388	2644
-4404	213	1056	-372	7393	2944
-5659	662	1211	523	3046	2535
-6094	2045	1120	-1434	-6032	3632
-1899	312	-859	-2917	-10163	6421
-1312	589	-1102	-938	-5715	8333
-4253	2174	35	-511	-3681	9137
-4622	2599	-19	-3359	-6319	7149
-3845	1924	-816	-5442	-8019	1328
-3052	2674	-1317	-4617	-7317	-3949
-4267	13416	-6443	-2404	-2435	96
-4388	13014	-7993	6787	9401	15720
916	4983	-3329	4874	13458	11355
2922	2369	-1210	497	10421	4090
-2910	5300	-2440	-1315	7782	434
-4408	4654	-3048	-2234	4846	182
-5272	3582	-3421	-3297	2186	509
-3712	4700	-3643	-5097	-488	3862
-2301	3654	-1379	-6035	-803	7588
-1950	1900	-222	-6673	-2890	10137
-620	-470	1163	-5251	-5592	8715
709	2766	520	-436	-7453	1463
2169	5817	-807	1512	-4793	3008
1724	5052	-361	1027	426	3188
839	4234	102	-249	1927	2089
459	4188	156	-1233	1323	2440
293	3626	160	-1890	-468	1915
8	3790	250	-2074	-1130	1177
420	3448	336	-1472	-1222	1073
1017	3982	351	-45	-822	773
1013	4058	430	238	-802	1001
874	4071	379	179	-83	579
458	3316	598	444	-35	254
238	3747	419	626	-113	163
430	3958	332	359	-157	172
997	4192	200	101	-582	161
1273	4173	107	-87	-552	-2
1290	4611	223	-394	-258	236
1138	4429	237	-181	58	151
788	3971	547	-318	95	342
741	3820	497	-48	72	300
673	3972	484	133	96	229
548	4063	542	292	139	162
545	3939	541	442	99	159
853	3819	338	542	92	49
1014	4055	200	536	31	-299
816	4223	110	369	186	-424
528	4191	295	315	107	-474
403	4099	356	227	52	-338
423	4021	287	201	-12	-133
553	4005	179	273	-17	139
684	4021	250	324	32	178
689	4132	154	369	96	55
599	4183	186	328	96	-86
586	4078	207	211	17	-202
667	3922	162	163	-26	-292
651	3862	183	203	64	-357
609	3935	255	313	65	-492
519	4069	188	388	51	-573
430	4165	174	447	28	-575
364	4203	168	503	-1	-560
333	4152	51	407	27	-395
362	4079	82	290	26	-265
338	4208	15	195	21	-198
313	4193	42	51	-11	-103
-1676	161	3002	799	519	94
-1683	-55	2975	759	709	-75
-1638	-174	3072	657	836	-299
-1636	-46	3218	574	836	-462
-1543	-20	3436	560	919	-503
-1501	-7	3860	592	939	-615
-1671	66	4119	551	608	-763
-1669	258	4122	373	208	-910
-1594	435	3825	202	-159	-871
-1703	396	3415	32	-395	-844
-2070	406	2929	16	-486	-972
-2148	116	2043	352	70	-681
-2032	-333	2426	456	869	-1162
-2242	-119	2824	551	973	-954
-2416	-94	3284	428	1250	-849
-2366	-82	3954	194	1229	-1251
-2162	139	4524	30	680	-1622
-1910	364	4571	-93	137	-1599
-1805	276	4321	-335	-110	-1506
-1513	230	4209	-471	-42	-1361
-1204	17	4276	-281	-70	-1267
-1385	-323	4191	85	-200	-1246
-1473	-435	3860	286	-314	-1527
-1377	-531	3406	329	-371	-1794
-1571	-659	3118	373	-666	-1751
-1702	-698	2648	574	-1060	-1618
-1819	-388	2314	807	-1250	-979
-1200	-351	2232	1011	-951	-300
-918	-488	2658	1005	-463	-255
-1175	-285	3146	676	-359	-271
-1643	-179	2996	458	-481	127
-1826	-433	2490	411	-592	404
-1420	-557	2055	600	-207	342
-711	-752	2329	783	458	-19
-878	-612	2845	623	1025	-795
-1189	93	2966	204	815	-709
-1104	709	2893	-71	373	562
-862	692	2401	111	-280	1700
-749	274	1867	721	436	1763
-1096	-354	1699	602	1526	1289
-1602	-1170	1928	996	2133	1361
-1677	-1060	2447	761	1985	664
-2092	-504	2614	363	995	-827
-2684	542	2190	-374	-331	-1604
-2326	723	1227	-3	-590	-941
-1780	145	874	311	-64	-309
-1504	-632	869	507	-19	-769
-1521	-853	1113	567	323	-1580
-2186	-302	1368	383	42	-1789
-5365	519	1536	238	-1055	-689
-25738	5540	-1925	-773	-2250	2459
-7511	-1971	3634	373	12229	-1132
-9897	-108	13299	-2979	18253	-2495
-5636	-2680	16918	-1315	6791	-835
-4158	617	9187	-1530	343	-1237
-1840	1879	2771	-1604	-3212	-1193
-526	1011	-470	-1074	-2484	2
-56	-225	-1294	-1230	1229	1264
-381	-972	-935	-1509	5683	1147
-724	-1968	-475	-1995	10280	569
-3627	-3408	545	-788	14593	-729
-6651	-1688	3444	250	9859	-1211
-5639	117	5518	411	9122	-1742
-4691	1066	5179	194	5213	-1164
-3551	710	2822	-178	3794	-517
-2424	184	865	-990	3984	-679
-1805	110	-5	-1412	6410	-457
-2353	-92	47	-1830	8024	-305
-3379	-379	399	-1886	7308	-287
-4560	-869	887	-532	3815	-432
-7296	-1363	1451	1530	-1503	-465
-7724	-2128	419	3299	-5022	-3028
-4285	-1253	535	1005	-3245	-6281
-2297	-540	228	1018	-6079	-6349
-2504	-536	-81	1435	-9065	-5505
-2790	-481	-794	1429	-11007	-3528
-2973	-1147	-1548	1225	-9330	-369
-2841	-1262	-1135	550	-6634	819
-3047	943	-5045	-2098	-3011	1385
-9772	-5346	-8843	-19674	16375	8903
-6766	-9897	-4407	-14490	19423	3806
-2778	-2968	-1820	-18	10818	-12300
-256	-997	-4891	2773	8311	-8894
-3679	-2648	-5095	3247	11561	-4923
-6467	-4019	-4354	4576	11091	-6409
-5348	-3635	-3083	4316	9834	-9972
-3444	-3480	-2213	3175	6163	-11420
-2030	-4341	-3034	3212	3299	-10438
-1588	-4263	-1652	5623	-414	-8452
-1713	-3655	-1340	4713	-5135	-7325
-2014	-3425	-945	2119	-9564	-4432
-1757	-2018	-1032	2032	-13551	-1488
-1069	-1315	-1269	2312	-14163	210
-541	-942	-837	2408	-12917	1919
-346	-639	-913	2851	-11169	4167
-865	-580	-833	1761	-8971	5077
-1674	-1147	-1163	311	-7603	5665
-2626	-14038	-9070	1829	-776	-6096
-468	-6886	-5351	933	2428	-11140
2865	668	-2359	1163	4730	-2363
-149	-4192	323	-259	3732	1413
-1555	-4137	-790	3833	846	-423
-1825	-4982	-118	3056	-171	-1896
-825	-3392	548	353	752	-2558
-668	-3570	334	-371	1328	-1568
-693	-4296	-17	-378	1448	-1066
-479	-4196	-273	-396	1282	-1352
-201	-4024	-430	-385	999	-1162
-53	-4163	-499	76	724	-478
-172	-4127	-455	391	474	-92
-320	-4184	-250	524	350	16
-303	-3986	-235	396	265	2
-300	-4034	-115	241	101	97
-301	-3929	-157	43	94	332
-461	-4046	-203	-26	126	299
-531	-4045	-273	-122	21	118
-487	-4030	-287	-110	7	67
-464	-4051	-303	-50	-10	115
-534	-4091	-305	37	-25	145
-550	-4065	-272	64	-40	72
-499	-4070	-290	47	-38	35
-489	-4021	-282	93	-31	96
-523	-3996	-249	78	-31	98
-525	-4006	-231	36	-23	25
-476	-4011	-244	-5	-5	21
-510	-4018	-250	-1	28	73
-546	-4027	-257	5	13	85
-521	-3990	-239	21	40	55
-525	-3960	-239	11	66	46
-546	-4028	-237	-55	18	83
-1473	236	4076	367	471	-406
-1565	358	4391	380	250	-472
-1624	307	4487	495	-19	-298
-1684	-54	4385	580	-474	-372
-2124	169	3699	434	-995	-596
-2779	601	2622	272	-859	-598
-2744	1275	1654	441	537	-8
-2491	720	2173	641	2587	1477
-2640	-278	3447	221	2855	1295
-3031	-780	4394	-340	1967	712
-3175	-784	4958	-744	820	104
-2981	-270	4777	-855	-35	-469
-2426	-45	3928	-672	-395	-505
-1750	-329	2996	-438	-328	-273
-1387	-546	2373	-308	134	-223
-1467	-557	2192	-200	931	-155
-1800	-638	2576	-153	1444	-377
-1945	-538	3096	-270	1410	-925
-1848	44	3388	-376	1098	-1244
-1783	584	3692	-297	566	-732
-1705	261	4042	-174	-222	413
-1707	-295	3938	-65	-1020	508
-1498	-243	3615	37	-1525	340
-946	-171	3311	239	-1780	664
-649	-258	3082	455	-1740	869
-895	-524	2891	623	-1778	732
-1358	-516	2498	589	-1704	76
-1256	-120	2341	370	-1049	-343
-1321	-181	2809	321	-308	-107
-1325	-447	3463	394	13	-402
-1408	-266	4274	406	-156	-1067
-1729	-51	4363	433	-521	-1411
-2120	316	3592	649	-239	-1124
-1404	254	2932	865	490	-462
-502	118	2776	942	1661	-151
-389	170	2774	920	2424	26
-1157	107	2805	965	3128	-66
-2065	678	3223	594	3256	-58
-1663	692	4691	342	1888	96
-2886	468	4091	87	-868	277
-2747	127	2412	-211	-2541	191
-1886	-205	1511	-338	-2667	60
-1176	1	1010	-231	-2120	-71
-1384	-120	854	-566	-2036	28
-1399	-314	743	-339	-2846	70
-987	90	423	-712	-2337	266
-576	167	189	-785	-748	587
-489	303	165	-580	1146	985
-613	286	214	-284	1555	1112
-1602	156	454	-44	972	1325
-28205	-1887	1137	268	-9470	2244
-13303	880	-2029	1536	22283	495
-10134	-1083	12879	5094	23889	-1940
-5956	2635	17158	-121	12210	-4240
-4877	-127	13971	-1717	5714	-1422
-4309	3635	7449	142	-2605	-84
-2057	1400	1436	-1487	-7772	1150
-635	-948	-1826	-401	-3049	1006
-471	-1431	-1941	350	4692	-1920
-1839	-1427	-953	34	10190	-4047
-4319	-1895	387	-691	10190	-3780
-5195	-1626	992	-1459	7700	295
-5254	-1026	1101	-2000	7812	2397
-5116	286	1650	-1952	9288	2061
-3965	1496	3811	760	11024	170
-4745	3752	4232	270	9662	-904
-4955	-118	2930	-1529	8141	-39
-4150	-746	1400	-904	7574	-492
-3692	-687	469	-281	7200	-695
-3947	-583	417	12	5982	-1034
-3990	-247	716	519	2719	-1027
-4269	-790	665	1600	-1773	595
-4737	596	284	2731	-5513	3099
-3373	1760	-462	248	-4498	7468
-4023	1027	409	-183	-4061	9953
-5494	-309	417	-829	-8598	7793
-5396	-760	-1461	-1169	-11164	-585
-4716	-216	-1117	-3430	-7724	-9765
-6165	-215	-836	-3838	-7231	-13162
-8532	-1297	-206	-2704	-9489	-11974
-6779	-5	-1356	-1047	-12663	-6153
-5868	-252	-2791	-491	-13948	-334
-4154	1152	-7608	-795	-15076	-513
-1842	448	-7347	-4787	-7246	-5525
-1430	-740	-3756	-5347	4385	-8248
-6518	-3330	2850	-3049	8977	-5747
-6043	-6520	5677	2478	3735	-4686
-3419	-3358	2395	-320	5033	-4514
-1280	-2892	1138	-1810	7524	-3047
-2831	-3610	1584	-1653	7941	-2312
-3270	-3388	1601	-2167	7962	-1384
-3640	-1999	489	-2329	6921	-405
-4660	-1726	-328	-3086	5133	-434
-4889	-1648	-506	-2959	2261	-1449
-4510	-3087	-239	-2529	797	-3069
-3554	-3361	-242	-1424	-585	-4059
-2579	-3400	-537	-449	-2122	-3876
-1974	-3377	-683	261	-2903	-3387
-1883	-3320	-306	62	-2842	-2774
-1712	-3114	-251	-604	-2472	-1953
-1734	-3146	165	-672	-2108	-1240
-1715	-3187	278	-685	-1621	-678
-1723	-2970	413	-296	-1727	-63
-2042	-3210	572	-42	-2299	649
-2223	-3042	888	656	-4021	1374
-1849	-2149	1012	2507	-6936	2127
-1921	-2607	-2199	93	-4904	2212
-4130	-5424	531	-4558	253	1230
-2043	-4721	979	155	261	116
-1798	-3032	316	840	1787	33
-2368	-2519	560	650	1681	775
-2833	-2799	920	-216	843	1357
-2982	-2990	697	-551	413	1219
-2857	-3008	429	-560	294	778
-2560	-3025	482	-133	370	282
-2560	-3025	482	-133	370	282
-2629	-2982	439	-179	377	531
-2731	-3033	547	-157	338	598
-2876	-3299	1501	153	-318	321
-1961	-1210	-719	689	-2136	-67
-3676	-4355	414	-1036	846	703
-3030	-2734	635	227	353	-143
-2618	-2946	612	-82	73	102
-2651	-2976	356	-3	149	231
-2737	-2851	421	54	187	154
-2840	-2945	515	30	105	82
-2825	-2971	516	75	18	49
-2726	-2919	525	60	-23	104
-2767	-2916	495	38	-16	154
-2826	-2867	505	44	-46	35
-2018	-617	3307	-244	-155	606
-1941	-631	3096	-221	22	285
-1766	-312	3209	-258	241	11
-1690	92	3401	-264	230	-6
-1767	313	3479	-261	166	180
-1849	281	3611	-279	131	498
-1886	-28	3758	-352	-40	703
-1875	-271	3714	-460	-218	744
-1776	-356	3703	-487	-235	760
-1645	-383	3849	-415	-292	688
-1525	-327	3993	-343	-455	603
-1549	-282	3883	-260	-658	571
-1611	-523	3558	-184	-806	577
-1486	-696	3297	-176	-694	342
-1379	-446	3344	-198	-490	163
-1485	60	3695	-186	-334	272
-1739	336	4004	-99	-446	591
-1854	263	3991	82	-694	962
-2109	204	3337	103	-900	1043
-2247	138	2222	109	-716	1299
-1938	-150	1445	118	-151	1292
-1343	-422	1590	253	890	1018
-1076	-352	3116	335	1603	5
-1544	376	4970	465	992	-929
-1869	873	5527	560	-111	-907
-1305	877	4858	337	-1309	-626
-792	545	3224	195	-1905	-568
-420	78	1796	30	-1580	-666
-5	-124	1402	-134	-898	-799
-319	651	1638	-143	234	-633
-966	404	2202	234	986	107
-1468	545	2244	155	1073	561
-1437	329	2108	-316	1359	1197
-1271	423	2592	-279	1870	1383
-1359	467	3813	-213	1920	2118
-2101	137	4286	-192	1048	2732
-2139	-65	3591	-317	372	2569
-1608	-216	3222	-869	411	1948
-1445	138	3041	-771	-22	1608
-1621	678	2304	-942	-429	2288
-1363	424	1753	-439	-338	2935
-1234	434	1584	-29	174	3292
-2068	232	1526	-468	552	3879
-2467	-718	1613	-463	-156	3678
-2220	-1248	1777	782	284	3033
-2332	-976	1786	1223	1508	2134
-2113	-341	1712	989	1459	491
-1841	399	1362	907	662	-481
-1760	695	1094	672	-258	-356
-3599	910	1529	78	-2682	12
-12001	-3362	-767	2529	-6603	105
-10934	561	-95	-86	13689	-7114
-8838	4703	3830	3269	13975	-6788
-2326	10652	14739	4460	14937	-1485
-10775	12016	15870	467	2713	1545
-5326	1564	3898	155	-1852	5699
-4430	-1937	990	-764	499	5813
-1711	-2039	838	-2011	2575	3081
-1464	-3865	1122	-1169	6568	342
-4109	-3201	2124	1366	10409	-259
-5587	1035	3846	3302	7590	-380
-4060	3063	4256	2731	4986	-178
-2811	1539	3446	1360	4862	1439
-2437	719	2275	1551	5255	1430
-2145	984	1371	1253	5948	1515
-2056	803	763	1234	6191	1640
-2091	721	404	1679	6544	1523
-2974	953	603	1722	6267	1523
-4422	1324	813	1033	4238	1816
-4152	1165	437	158	1434	2823
-3022	1515	-111	28	1356	4371
-2160	1892	-137	481	2276	6129
-3096	2531	391	-1618	1664	8419
-4671	2088	998	-3617	-1086	9302
-4271	1788	524	-4494	-5854	6715
-2577	923	-425	-3369	-6540	1901
-2583	2678	-234	-2883	-5125	-3937
-2421	2239	-467	-4336	-4052	-7809
-2511	2054	-179	-5371	-2891	-8960
-3250	2203	-1777	-2081	-125	-8545
-6158	2943	-2303	1201	2694	-11124
-7303	9459	-3592	675	5332	-3220
3206	7877	387	-3579	5272	12377
374	7811	-2817	-2235	-2287	11873
-10472	11950	-2837	3326	5273	4518
-5986	3997	-899	34	477	2818
-3356	3025	297	-1815	-1631	3911
-2222	2586	1252	-1507	-1507	3769
-2078	1901	1033	-1336	-1905	4130
-2056	2420	172	-441	-1631	4884
-2474	3003	-28	655	-124	6016
-3029	3401	688	729	207	7066
-3166	2723	594	520	-941	6565
-2673	2208	242	1027	-1538	3140
-1652	3308	352	1203	-1893	95
-1220	4946	325	3287	-3790	4414
-955	3867	-562	3735	-5891	3281
1837	3799	-2297	1964	-5506	-283
955	6053	-2150	158	-2166	341
-768	1224	-742	-1721	1838	-3029
-2246	200	213	-1954	3218	-9271
-3487	5613	374	-1104	1519	-10160
-3297	7898	137	-412	-358	4975
-1074	1703	190	-462	-140	7084
-844	1635	235	-617	-620	5190
-1295	5341	340	-54	-1516	5090
440	4504	-516	-1058	-1372	3352
740	3493	488	-1348	-354	-587
-76	4361	1060	-110	-778	-1192
-859	3951	773	-61	-375	-1226
-1264	3883	505	195	-118	-809
-1100	3793	468	234	-49	-361
-1045	3720	513	364	104	-100
-1065	3815	457	522	188	25
-1032	3889	388	587	266	141
-958	3873	376	667	348	120
-932	4019	238	676	368	-89
-1038	4002	299	584	365	-275
-974	3932	214	624	378	-420
-1163	3867	170	541	375	-454
-1163	3910	72	463	216	-366
-1110	3826	105	294	206	-331
-1086	3980	63	194	92	-480
-1166	4000	83	83	70	-599
-1267	3936	87	26	21	-607
-1248	3866	111	-23	-16	-495
-1214	3859	151	-48	-27	-477
-1272	3879	131	-75	-32	-478
-1281	3894	136	-130	-39	-427
-1313	3899	155	-155	-1	-389
-2079	401	2886	233	753	656
-2045	-293	3488	80	1040	303
-2187	-649	4154	1	923	-302
-2379	-302	4250	103	708	-645
-2139	218	4061	353	616	-470
-1880	547	3825	637	471	10
-1730	579	3403	758	297	298
-1491	466	3024	697	303	434
-1280	221	2838	559	445	487
-1191	116	2930	429	684	358
-1300	182	3156	300	936	155
-1446	368	3616	251	1054	-13
-1492	326	4000	334	882	13
-1557	171	4195	426	375	-104
-1581	319	3841	458	-181	-131
-1651	496	3405	383	-686	-158
-1527	862	2526	376	-700	200
-908	902	2325	401	-108	536
-1387	362	2872	414	-28	394
-2210	-497	2680	338	-353	284
-2731	-1287	2257	437	161	48
-2223	-771	1977	47	756	-1566
-1586	-20	2312	-432	1474	-2226
-1966	709	3364	-489	1471	-1638
-2493	988	4263	-195	1487	-167
-2360	291	5604	-142	811	526
-2210	-407	5835	-411	-625	87
-1730	-267	4746	-604	-1824	-347
-948	-525	3832	-485	-2019	-338
-483	-718	3318	-236	-1928	-301
-170	-640	2926	41	-1512	-134
-130	-286	3038	117	-1086	-474
-605	-122	3195	142	-1025	-852
-914	70	2987	136	-1165	-701
-928	-245	2672	288	-428	-722
-1433	78	2349	438	1096	-709
-1429	102	2198	1096	2956	-177
-1449	-392	2327	1611	4016	-747
-1932	-58	2983	1261	4244	-1810
-2358	112	4240	-72	1988	-2182
-2520	294	4078	-1003	-532	-1826
-3490	263	3741	-1185	-1315	-873
-2604	-8	2209	-310	-2806	257
-2092	377	1122	-904	-4131	600
-949	-205	-57	-1544	-3938	693
-1489	-20	121	-175	-1009	971
-1906	159	274	-381	-1084	1260
-1496	16	99	-175	-383	1395
-1335	-392	125	-174	40	893
-4057	-587	900	-289	-970	119
-24588	2558	-4006	-1191	-2431	489
-9636	1567	-1160	2129	14801	5083
-5730	-4698	6663	284	20664	1250
-8160	-3821	24080	1662	15292	-2460
-9431	2512	15422	-269	618	-2176
-4227	1862	3474	-131	-8392	-1659
552	978	-2121	612	-6300	-1206
1108	958	-2274	1298	1390	-31
243	742	-1681	406	6854	38
-706	-370	-1321	-2460	12583	-1645
-7819	-2335	1389	-3840	16736	-2843
-6674	-838	2160	-1190	9464	-1617
-4810	177	2561	-1318	11826	-258
-3429	1009	6377	-69	12180	754
-4746	277	5583	-148	8322	329
-3980	-968	2272	-99	5584	-500
-3013	-690	950	552	5369	-1265
-4152	-491	1045	681	3507	-1380
-4762	-137	899	188	84	-1379
-4932	-517	501	470	-2270	-470
-4127	-891	347	1738	-2128	-120
-3663	-1098	444	1775	-3793	-1467
-2632	-712	-156	1361	-5472	-2850
-3461	-1358	-325	1251	-6231	-3634
-3960	-1386	-574	1564	-6290	-4180
-3724	-1178	-772	1759	-6193	-4436
-4308	-1225	-696	1697	-5790	-4182
-4795	-1499	-679	1129	-5946	-3575
-5272	-1544	-813	281	-6418	-2960
-5465	-1874	-963	-644	-6577	-3006
-4912	-2082	-1028	-698	-6212	-3315
-4023	-1632	-1073	-254	-5707	-3330
-3664	-1188	-1028	-635	-5258	-2741
-3096	-1760	-1453	-1135	-5442	-1557
-2090	-1335	-2014	-677	-4216	163
-1819	-1590	-1823	-925	-322	2173
-4743	-3385	561	-624	3199	3778
-12054	-11516	6073	-297	783	7026
3637	-6495	-2926	-4971	1368	-3784
-3123	-4291	2048	740	4949	-3486
-4014	-1495	2765	-113	5453	-2827
-5114	-2411	2069	-2906	3810	-2950
-4726	-3321	982	-2597	2753	-4271
-3521	-3478	651	-1762	1942	-5452
-3233	-4109	706	-888	1522	-5178
-2973	-3958	648	-7	815	-4384
-1886	-3041	656	663	293	-3671
-987	-2328	561	914	626	-3335
-1289	-2686	832	628	1339	-2851
-1947	-3117	997	252	1317	-2449
-1972	-3469	693	-478	206	-2102
-1739	-3220	527	-151	-55	-2002
-1764	-3169	477	162	-308	-2226
-1699	-3393	654	338	-540	-2611
-1671	-3539	932	515	-393	-2811
-1278	-3703	1173	463	-186	-2765
-1017	-3761	1291	-269	-34	-2323
-941	-3943	1051	-773	291	-1637
-1184	-3917	679	-712	314	-1319
-1344	-3803	710	-463	76	-1514
-1246	-3792	731	-178	2	-2115
-746	-3927	859	-250	-106	-2195
-405	-4064	754	-327	-78	-1516
-443	-4041	717	-287	60	-541
-652	-3918	653	-225	31	92
-759	-3865	629	-89	6	313
-848	-3890	660	35	-48	352
-812	-3850	711	92	-45	377
-883	-3827	735	88	-34	369
-957	-3865	744	65	-38	254
-953	-3884	760	60	-31	150
-904	-3886	753	42	-19	108
-906	-3900	738	13	0	125
-940	-3927	732	1	10	138
-950	-3859	748	10	10	100
-934	-3829	752	-11	15	37
-910	-3854	728	-34	17	4
-880	-3896	714	-16	20	61
-886	-3926	710	3	22	186
-920	-3853	740	-2	23	281
-1202	-672	4434	-365	-401	-103
-1003	-617	4243	-371	-621	-136
-857	-280	3843	-330	-554	111
-1453	-581	3543	-167	-423	566
-2023	-933	3026	-106	180	248
-2101	-442	3166	-70	1143	-114
-1990	-115	3524	140	1224	75
-2094	56	3578	367	775	14
-2329	23	3485	635	597	-331
-2381	-231	3681	701	522	-816
-2316	-240	3890	797	597	-1267
-2181	244	4188	927	803	-1184
-1647	575	4280	954	571	-793
-1436	716	4114	848	203	-495
-1411	932	3770	697	-63	-395
-1251	864	3368	600	24	-218
-883	458	3252	515	171	-108
-651	63	3232	442	252	-211
-590	-176	3487	409	297	-423
-787	-284	3966	328	-51	-688
-1312	-52	3958	214	-789	-876
-983	493	3144	190	-1080	-751
-76	431	3188	170	-658	-742
-249	701	3478	446	-1004	-596
-980	420	3487	592	-1190	-118
-1539	220	3261	393	-1829	-248
-1827	142	2078	-9	-2000	-597
-1609	179	1409	-226	-440	-1047
-708	386	2668	-39	1022	-1239
-831	442	4237	55	1315	-632
-1523	157	5257	-18	163	181
-1462	4	4780	-240	-989	416
-1337	-361	3647	-297	-1360	401
-793	-319	2809	-491	-851	350
-223	-86	2343	-682	-108	411
-5	20	2123	-273	1380	520
199	-119	2684	20	2703	390
-764	129	3110	-142	3185	985
-2129	411	3043	-90	2864	2160
-1671	13	3451	-167	2409	2062
-2663	-110	2806	-510	1641	1749
-1825	59	2335	-416	1256	2112
-1971	-270	2244	-813	482	2058
-2332	-216	1691	-742	-1472	1917
-1824	-200	1120	-729	-3823	1574
-1107	-106	519	-474	-5176	1268
-256	-32	-575	-393	-1543	1643
-2427	-459	167	581	4160	2426
-2408	-671	780	543	3254	2430
-4101	513	1096	673	2262	1319
-22275	-1170	-481	2862	-1067	784
-8033	-2304	4266	258	12699	-6204
-10768	9533	13505	2760	17411	-2190
-6313	7565	17087	1229	7726	906
-4933	4444	10686	-168	-2216	2340
-3558	-278	2364	498	-3956	4815
-1677	-1572	165	-1422	-3532	6383
436	-4124	-924	-2454	-825	4515
-253	-3906	-875	-28	5585	1016
-2160	-2970	411	1481	10670	-2573
-3962	-380	1855	4015	12173	-2660
-6822	4077	4273	2827	8265	-1301
-3767	1306	4471	1292	6440	-983
-4118	524	4037	991	4712	-785
-3828	481	3039	649	4108	-1489
-3545	1162	2111	475	4294	-1366
-3131	1440	934	427	5390	-490
-3252	418	407	478	6915	-77
-3927	-403	546	1061	7555	-913
-3559	348	415	1557	7386	-1296
-3745	1015	578	-235	7382	-980
-3678	768	746	-1266	6447	-961
-3205	1035	664	-1165	5233	-743
-4445	1946	1123	-1933	2360	536
-4632	797	792	-1081	-1687	3545
-3822	1465	331	418	-2662	6538
-2936	1347	154	-149	-2609	7635
-3005	1414	-20	-2262	-3845	6737
-3252	1121	-251	-3498	-5254	4611
-4357	1756	-361	-4467	-6372	1676
-5730	1973	-638	-4707	-7088	-1127
-6515	2280	-683	-4143	-8093	-2439
-6772	2721	-967	-3453	-8881	-1438
-5994	2561	-1035	-2750	-9206	572
-4995	2293	-982	-2421	-9382	1463
-3664	2009	-1426	-2303	-8872	-4
-2988	2401	-2522	-2640	-7814	-3063
-2877	2852	-3265	-2055	-5250	-5412
-3133	2613	-2975	-166	-1481	-5286
-3918	2801	-1914	1791	2698	-2325
-4430	2832	-749	815	4223	622
-6072	1420	2556	1234	2207	3724
-5601	-230	4132	6822	-2679	5957
-3796	4811	2305	7265	-2222	2722
-1334	2620	2651	-720	-2536	-896
-2251	3108	2205	-1310	-1447	-206
-3957	5226	4084	-1359	-1030	167
-2529	3048	2941	-2935	584	-1377
-2872	1210	2610	-3074	1823	-1663
-3487	810	2701	-2001	2010	-941
-3693	949	2561	-877	1673	-428
-3709	1012	2465	-22	1080	-432
-3783	826	2387	651	447	-479
-3705	1263	2226	984	14	-834
-3387	1481	2218	795	-59	-1610
-2980	1444	2122	528	-72	-1803
-2782	1271	2076	304	51	-1544
-2724	1201	1998	199	296	-1157
-2783	1188	1935	181	562	-854
-2910	1225	1915	202	671	-621
-3056	1256	1897	154	649	-491
-3166	1267	1918	38	544	-437
-3170	1208	1942	-97	376	-235
-3070	1133	1880	-152	299	5
-3033	1124	1834	-118	335	174
-3170	1056	1891	-38	413	355
-3262	1130	1956	17	484	445
-3342	1144	2026	-9	576	436
-3422	1028	2067	-68	666	422
-3344	1245	1893	-69	626	568
-3344	1281	1768	-118	619	350
-3491	1109	1813	-41	452	362
-3532	1166	1825	35	191	456
-3469	1262	1812	60	27	424
-3392	1265	1816	69	-37	301
-3335	1261	1806	84	-65	263
-3311	1278	1807	107	-71	282
-3328	1289	1840	121	-62	308
-3336	1313	1836	143	-47	294
-3316	1335	1822	147	-45	246
-1922	187	3848	64	476	476
-1876	21	3818	236	198	226
-1798	-45	3841	293	234	-83
-1789	164	3910	320	342	-239
-1642	340	3843	324	473	-262
-1477	576	3804	391	531	-162
-1414	578	3704	461	348	-15
-1338	399	3414	483	167	54
-1221	124	3098	406	281	-24
-1116	-34	3037	310	633	-248
-1443	236	4263	17	232	-848
-1443	236	4263	17	232	-848
-1443	236	4263	17	232	-848
-1443	236	4263	17	232	-848
-1376	317	4046	-63	-110	-894
-1205	449	3676	-174	-250	-862
-938	458	3568	-213	-57	-768
-653	435	3689	-110	203	-636
-806	402	3956	117	196	-462
-1212	232	3785	338	-95	-273
-1560	96	3209	418	-588	-287
-1558	141	2106	481	-698	-431
-1121	435	1400	425	268	-667
-763	811	1815	164	1398	-949
-1165	1206	2924	-185	1482	-1102
-1403	1488	3889	-360	653	242
-1356	46	4090	-119	-248	1859
-1233	-734	4033	-337	-395	827
-1065	119	3932	-505	-599	-62
-1111	176	3795	-319	-513	583
-1253	-398	3855	-102	-159	851
-1301	-668	4156	115	311	923
-1065	-1108	4512	277	252	1069
-1043	-761	4403	105	-120	472
-1195	318	3918	-467	-368	-67
-605	970	3691	-848	-65	92
-183	1339	3516	-708	58	1377
-511	571	2631	-409	556	2749
-868	-494	2086	91	1310	3085
-1061	-858	2143	1037	823	2892
-1318	-519	2426	1976	1128	3222
-1725	-924	3425	991	1746	3390
-3290	-1427	3537	651	2	1875
-2663	-553	1936	298	-1760	248
-1512	-213	847	-499	-2689	-939
-805	-51	303	-799	-3370	-1733
-766	-38	126	-688	-3449	-2074
-1345	-42	35	-335	-3349	-1989
-1587	-414	-395	419	-666	-1374
-2713	-352	52	954	1572	-398
-10198	1720	736	709	851	922
-21571	2082	-4627	259	12603	2068
-2080	-734	8137	5015	27604	-5488
-13053	7558	25865	352	15011	-815
-7800	2264	15915	428	1067	2054
-4593	2158	6562	367	-7305	2226
-2006	-6	599	-658	-11602	2354
2372	-1359	-3491	-511	-8562	2945
609	-1830	-2571	1004	-1842	3366
-74	-1162	-1667	658	4198	2183
-1525	-2706	-788	-1435	11777	-552
-5248	-2347	1315	1327	15662	-2784
-7071	2022	3974	1308	10002	-1862
-4214	2269	6220	1091	8614	-604
-4514	2882	6618	585	5134	32
-4256	1677	4316	41	3540	184
-3601	1143	2338	135	3317	830
-3230	634	1342	239	4262	1162
-3020	236	866	304	5336	798
-3060	-427	686	695	6146	-243
-2683	-103	596	1044	7063	-832
-3437	699	977	563	7529	-909
-3470	938	1007	89	6721	-430
-3631	1327	1154	64	6455	360
-3509	1325	1204	75	5021	1262
-3067	864	1094	210	3430	1839
-2751	776	877	410	2220	1874
-2898	1190	702	-445	735	1940
-2803	1088	403	-1070	-143	2423
-3107	1223	489	-1442	-1253	3236
-3456	1242	513	-1710	-3088	3793
-4108	1237	356	-2024	-5650	3933
-5498	1791	-100	-2309	-7726	3547
-6050	2251	-847	-2480	-8073	2858
-7862	2278	-4928	-594	-7013	-88
-2922	351	-5235	8446	1544	-4526
-7089	4492	-4105	9317	6175	-6082
-5310	3833	-4170	913	1502	-1420
-1585	2189	-3793	-1255	-1371	7829
-3990	2216	-4538	-414	359	9336
-4410	3142	-4714	-2903	994	7508
-4136	2422	-4483	-2712	3318	6988
-4803	3168	-1623	-2718	2728	7663
-4632	3042	-679	-3843	179	9058
-3940	3135	-654	-4063	-1374	11112
-2842	2853	-695	-4253	-1636	13785
-2144	2134	-361	-4588	-1051	15460
-377	778	-351	-3046	-1061	12237
308	1515	668	-1426	-836	3625
198	1898	275	-18	-1327	-3699
-238	1242	-80	66	850	-9177
-1102	1268	24	-778	2089	-12523
-1608	1333	133	-1868	1919	-13563
-3288	9776	628	-615	199	-10809
-5987	10838	-122	3695	-1218	13212
1831	1083	-554	1218	57	11586
3097	1766	-428	-1585	13	403
835	5495	598	706	-1202	2405
-1315	4469	266	273	-948	-407
-2113	4429	603	67	26	-706
-1947	3678	509	660	-257	28
-1424	3232	-5	67	730	-591
-988	4053	-306	-2152	2259	-1446
-1771	4670	0	-3448	1237	2107
-902	3431	116	-2457	-551	4298
-405	3214	1449	48	391	2859
215	4300	1087	585	221	1284
20	4066	497	849	83	359
-223	3952	505	869	226	-255
-602	3876	621	1020	76	-440
-801	2545	372	699	-172	-1864
-1166	3602	291	1213	-198	-2546
-1451	5367	-725	77	3	1580
-730	3248	216	-785	201	2135
-54	4157	299	-590	529	1056
-112	4821	302	-382	397	1230
-82	3882	434	50	-19	364
-576	4027	269	63	-28	-167
-734	4138	305	-17	-19	151
-440	3978	299	-52	-19	225
-1564	-318	3870	-605	-70	99
-1664	-575	4062	-640	223	-25
-2338	-1253	4314	-611	-47	-426
-1998	-853	3919	-391	-176	-676
-1666	-181	3389	18	-123	-218
-1754	317	2855	309	154	211
-1883	475	2592	541	822	620
-2098	-104	3117	569	1672	481
-2495	-537	4178	588	1831	-305
-2460	-439	4943	823	1520	-654
-2114	-114	5542	994	794	-558
-1768	122	5113	945	-506	-572
-1492	234	3947	888	-1234	-552
-1131	301	2764	737	-1177	-573
-641	192	2036	588	-333	-577
-589	270	2296	455	861	-746
-784	472	3317	366	1324	-669
-1049	541	4205	310	809	-392
-1271	445	4547	258	-308	-183
-1119	292	4055	184	-1300	-337
-779	147	3427	238	-1544	-469
-404	48	2923	401	-1239	-458
-718	60	2797	524	-876	-366
-1327	389	2645	340	-808	-555
-1789	771	2597	116	-597	-506
-1997	722	2942	94	-25	-254
-1698	379	3697	261	370	-24
-1217	-45	4654	339	-168	383
-1152	-730	4316	176	-1195	635
-1209	-898	3209	-186	-1341	-107
-1181	-678	2032	-343	-434	-852
-753	-349	1486	-594	844	-788
77	-174	1785	-417	2490	-87
-9	78	2611	374	4214	455
-1535	384	3595	430	4282	998
-2340	344	4424	308	3211	1259
-2351	-276	4941	18	1563	1033
-2032	-266	4526	-172	-461	302
-1889	-36	3299	-345	-1710	346
-1495	-185	2081	-349	-2056	464
-1007	-82	1262	-760	-1109	732
-904	-126	1048	-938	126	1054
-1213	-56	1191	-703	1040	1270
-1908	-9	1755	-677	1289	1346
-2285	-66	2152	-736	696	845
-1848	19	1567	-1124	-268	649
-1236	322	1036	-1519	-407	707
-1302	619	825	-1985	-807	881
-1400	321	470	-1398	-898	1507
-3625	154	842	172	-1473	2956
-21535	-165	-1338	4572	-5663	7681
-13809	-2714	168	2879	19095	5398
-8319	3876	20602	4994	22155	-5526
-7839	5355	19420	46	4486	-97
-6162	4236	10239	69	-3478	660
-2262	1964	3068	-43	-9220	1395
890	-169	-1507	-271	-7442	3258
479	-778	-1573	1425	-1418	4029
-323	-960	-1002	876	3177	3479
-920	-1296	-739	-1765	9013	1664
-5013	-3983	1199	-1732	13503	-972
-6547	-243	2644	2402	8796	-1021
-3495	567	3258	1818	8754	-433
-4675	2881	5960	2723	8169	-1379
-4127	1886	5350	1800	4383	283
-4151	1238	3931	1459	3595	-272
-3487	760	2036	1387	3345	-577
-3110	336	1036	1424	3953	-940
-3094	-275	832	1745	4463	-1707
-2792	-226	622	2356	4960	-2242
-2655	48	385	2897	5659	-2548
-2525	122	325	3048	6446	-2747
-3079	390	645	3155	6496	-3060
-3511	232	910	2708	4928	-3637
-4072	-243	1075	2505	3216	-4746
-4532	-637	958	2316	1504	-6333
-3986	-555	618	2276	244	-7926
-4050	-871	776	2665	-1465	-8630
-3780	-471	431	3007	-4404	-8494
-3390	-591	127	2416	-5792	-7035
-4258	-403	-209	2784	-7519	-4307
-4283	-659	-883	2193	-6912	-1233
-3925	-824	-672	754	-6279	-1068
-3949	-1039	-654	-579	-6650	-2840
-3892	-1129	-812	-2305	-6302	-5179
-4500	-1704	-744	-2984	-5994	-7044
-5757	-1725	-960	-3128	-6171	-7775
-4509	-2045	-1310	-3897	-6480	-6311
-3487	-1974	-1411	-2807	-5045	-4028
-4519	-17414	-11582	-18335	6323	-10862
6019	-5359	-8882	-4788	9601	-9282
-4242	-5012	-920	1604	5863	-6723
-2639	-3622	25	-383	679	-7149
-1607	-5224	-499	2135	1475	-4465
-2416	-3199	111	1491	2856	-1482
-1708	-4005	185	-1848	4261	1265
-1390	-2729	520	2392	3800	1961
-741	-4007	327	3074	3572	266
-1110	-3201	537	1441	2842	-5097
-615	-3145	569	498	1594	-6667
2694	-4195	692	140	2032	-3419
4574	-5843	308	-1333	1816	258
1885	-4201	116	-530	2288	2243
-758	-4139	218	524	836	2328
-1509	-3789	349	131	-1674	659
-1044	-3669	295	-629	-2892	-846
-708	-3898	-56	-564	-2622	-1865
-339	-3819	-273	-364	-2298	-2271
553	-4291	-776	179	-1670	-1604
1299	-4432	-582	454	-1312	-715
1139	-4298	-210	718	-745	177
490	-4087	99	593	-655	826
35	-3934	287	433	-589	591
-40	-3880	363	77	-436	372
-15	-3838	410	-240	-323	48
341	-4077	292	-395	-212	-48
716	-4042	114	-207	-51	-90
632	-4251	189	-145	-19	268
-182	-4132	184	-142	52	381
-92	-4010	137	-170	61	37
-4	-4069	111	-142	59	70
-77	-4139	86	-80	60	87
-20	-4033	104	-30	60	90
-70	-4064	123	-29	65	53
4	-4090	118	-15	87	7
-42	-4068	106	16	79	58
-80	-3994	114	30	50	75
-124	-4081	133	67	42	181
60	-4154	139	59	60	65
102	-3864	73	80	82	-313
-1016	-384	4234	-321	251	-3
-1451	-388	4790	-345	66	80
-1569	-500	4841	-417	-206	31
-1630	-696	4436	-443	-474	-151
-2140	-1327	3583	-333	-737	-410
-2009	-1413	2521	-469	-7	-1079
-1799	-405	2634	-483	1289	-1365
-1859	175	3143	-37	1595	-983
-2301	708	3482	500	1323	-656
-2530	524	3946	900	1105	-322
-2399	-92	4459	921	748	-524
-2174	-209	4792	950	577	-531
-1783	3	4490	913	-36	-470
-1321	90	3453	854	-386	-467
-1157	329	2847	812	-49	-524
-1095	445	2791	682	437	-527
-939	277	2894	575	836	-451
-925	145	3277	568	1076	-396
-1161	18	3654	562	857	-492
-1602	104	3675	527	247	-671
-1419	293	3171	481	-459	-691
-551	-287	2717	539	-451	-692
114	-341	3036	627	-474	-1376
-646	593	3595	876	-508	-961
-1328	699	3801	825	-1172	-406
-1587	709	3016	370	-1901	-618
-1756	244	2233	33	-1640	-826
-1420	-41	2302	107	-607	-1102
-999	-295	3192	724	733	-206
-1405	-1142	4322	940	842	-22
-1087	-1078	4547	675	178	-902
-1431	-230	4097	696	-326	-811
-1343	-91	2808	444	-304	-973
-905	-4	2249	203	586	-790
-837	277	2182	125	1662	-384
-472	407	2769	77	2132	-90
-972	470	3291	-140	2261	425
-2072	88	3673	-166	2081	1135
-2397	-1	3670	-217	1333	1579
-1667	-474	3414	-324	544	972
-1546	-195	2794	-434	-38	247
-1651	-31	2238	-436	-114	282
-1752	-193	1876	-369	258	488
-1887	-185	1763	-582	577	700
-1807	-178	1798	-709	459	625
-1779	-87	1326	-751	-384	699
-1111	-266	707	-94	836	989
-1818	-454	1729	-70	1635	766
-1579	-109	1348	-142	946	316
-2878	556	909	-264	210	807
-15340	2017	1951	926	-3689	2816
-16496	-605	-2253	1330	10838	5844
-9915	2849	6634	1540	16254	-5946
-6896	1556	16783	-314	10387	174
-3876	1645	12299	-660	1492	1512
-2931	1674	5016	-588	-3119	874
-1267	901	268	-528	-3128	1859
-809	-786	-722	-632	167	3195
-827	-1332	-721	-520	4494	2146
-1561	-1806	-383	-378	8889	388
-3557	-2374	448	519	11278	-1094
-6717	-469	2179	952	8994	-1404
-4226	382	2978	1149	8290	293
-5272	2254	6190	2059	7478	-550
-4707	1330	4888	797	4158	-231
-3787	1010	2951	820	3605	-268
-3190	842	1441	686	4093	-126
-2900	488	365	635	5007	-94
-2810	93	148	1105	6214	-543
-3192	340	326	1647	6458	-1224
-3055	588	312	1635	6442	-1510
-3025	512	503	1299	6355	-1591
-3398	41	869	1310	5185	-1868
-4281	-630	1274	1782	2609	-2524
-4633	-83	1041	1273	-155	-3320
-5341	-1411	1102	2231	-2161	-3998
-3270	-37	542	1672	-4360	-5277
-2769	353	322	728	-6957	-4921
-4703	365	107	1195	-10162	-2658
-5403	637	-1671	2032	-11103	1648
-5148	-289	-895	748	-7910	2580
-3688	-222	-788	-293	-8018	549
-3550	-272	-1019	-2367	-8078	-2520
-4117	-815	-1016	-4344	-7304	-6251
-5048	-1377	-1028	-4751	-6795	-8343
-5088	-2111	-1191	-3849	-5832	-8255
-4706	-2313	-1360	-1017	-5345	-6254
-3236	-1174	-1942	165	-3929	-2965
-3618	-1446	-1739	-853	-756	-353
-15798	-17754	6084	-10396	6747	-2206
4975	-1186	-6779	-6213	6889	-278
-6558	-5464	1242	660	7746	-1346
-5636	-2035	270	-1684	8579	-6559
-5870	-2268	917	-1313	5298	-9741
-4132	-2107	384	-1435	2477	-11698
-1863	-2497	-260	-1025	545	-12120
-481	-2559	-221	-523	155	-12473
-2600	-5069	56	1071	530	-10979
-1572	-4484	161	1169	800	-1395
-197	-3586	241	41	3450	977
-1046	-3214	764	263	3282	-52
-691	-3729	700	191	1391	-2389
967	-2815	498	-1594	1705	-3476
1683	-6024	414	-1025	2607	-2895
1506	-4238	44	434	2360	-987
977	-4214	-1	205	422	-519
283	-3969	-95	229	-1006	-608
-449	-3920	-140	376	-1602	-786
-399	-3988	-168	319	-1399	-782
-48	-4101	-132	346	-674	-402
-72	-3722	-10	139	-337	-528
-19	-4390	112	312	-133	-715
312	-3819	-71	280	-33	-623
558	-4276	-70	219	-155	-276
669	-4215	113	190	-259	-231
505	-4079	260	99	-102	-143
365	-4149	159	198	-17	120
79	-4032	249	114	-19	389
-79	-3984	202	10	11	243
-12	-3940	209	-65	26	-9
45	-4001	191	-138	47	-19
-59	-4244	184	-147	36	-15
55	-4041	135	-125	28	-1
87	-3991	129	-54	29	178
-89	-4137	169	-21	29	158
-6	-4091	119	-31	27	45
0	-4039	171	-55	29	51
-5	-4093	156	-4	38	125
-60	-4119	143	0	15	205
14	-4059	200	3	9	37
-2052	238	4177	-428	797	803
-1905	424	4017	-201	312	1094
-1777	334	3444	11	-85	1232
-1609	-10	3067	124	-67	1030
-1445	-314	2914	123	344	688
-1463	-347	3167	138	865	302
-1703	-120	3741	216	1095	-159
-1945	357	4181	342	1048	-453
-1894	810	4371	495	833	-278
-1775	841	4242	570	357	84
-1592	610	3746	489	-41	215
-1348	405	3184	365	-137	133
-1128	238	2831	271	78	-53
-967	146	2754	172	555	-296
-1002	197	3147	164	1066	-558
-1167	250	3859	199	1234	-699
-1330	293	4551	164	859	-708
-1328	279	4680	81	43	-735
-1129	405	4205	-34	-495	-1000
-1052	744	3794	-78	-663	-998
-897	944	3211	0	-379	-761
-677	840	3151	143	177	-569
-662	512	3494	368	93	-413
-814	100	3405	666	-409	-251
-841	-339	2957	827	-832	-458
-770	-169	2308	752	-1071	-1053
-844	621	1883	548	-885	-1493
-1010	1135	1881	515	-493	-1327
-1081	1359	2431	557	-82	-898
-1236	1925	3467	363	8	256
-1207	212	3973	378	-180	1373
-760	-611	4380	102	111	251
-381	-255	4557	-7	121	-379
-780	451	4592	76	-27	-30
-867	785	4341	120	-350	519
-1234	695	3428	44	-530	1144
-1167	206	2205	246	398	2037
-412	-356	1799	594	2098	2167
-208	-938	1990	1186	4016	1270
-1062	-798	2427	1343	4800	1060
-1964	-808	3735	1531	4916	817
-3421	161	4231	887	2162	-84
-3438	960	2989	70	-936	-458
-2657	977	1866	-800	-2696	-425
-1725	315	1354	-1564	-3356	-899
-1349	83	837	-1936	-2587	-1245
-877	-122	439	-1514	-885	-504
-798	76	416	-571	1197	287
-803	263	593	-208	2050	605
-1109	487	628	-69	1686	1002
-6419	1562	2178	-348	-1197	2778
-19491	-2149	-7442	-5095	-3703	4687
-14307	-336	1322	2599	22123	-3257
-9332	3563	6267	2199	18852	-5888
-7956	6208	23056	758	13926	-157
-5809	3052	12314	-111	-619	331
-2383	1630	2576	-706	-5311	611
-693	-368	-921	-1499	-2491	2214
-813	-849	-938	-2087	1926	1416
-1424	-1560	-700	-1924	5862	-187
-2680	-2268	-425	-167	9757	-1291
-4982	-1754	721	1535	10370	-583
-5059	-321	1014	979	9122	590
-4532	-267	1264	1846	10572	457
-4076	964	3547	2551	12005	-1125
-6003	2755	4147	2057	10837	-2558
-5500	2887	3117	276	7982	-1242
-4014	915	2220	288	6792	-525
-3338	-379	1590	1268	5441	-692
-2670	-742	1018	1832	3897	-1326
-2900	-613	877	1900	1790	-2181
-3257	53	864	718	-738	-2748
-4629	1280	970	-664	-4692	-1591
-3981	988	-21	-340	-7052	1950
-4895	683	279	1752	-7092	4501
-5070	-629	-544	860	-9215	2539
-5186	-1052	-983	-671	-8269	-2457
-5432	-260	-897	-1295	-7893	-5878
-6799	-509	-843	-1181	-7993	-6381
-7045	1304	-3209	-4444	-3460	-923
-7744	-1448	-132	-6997	-6225	2695
-6261	-2195	-2524	-2980	-11469	-4957
-5204	-1013	-2056	-1213	-8574	-12351
-4143	-1525	-2625	127	-6921	-13180
-981	375	-4965	3040	-4992	-5555
-2715	-381	-3491	813	-1099	292
-3524	-2235	-1766	-658	2789	1539
-3892	-2157	-733	320	3471	587
-4038	-1883	-469	639	3436	-1037
-12228	-12335	6864	308	1582	-3808
-1908	-3544	1013	1849	2635	-2177
1279	997	-1168	1201	5028	-4623
-4896	-2835	1785	2830	3434	-2409
-5529	-3018	2408	2377	1343	-1188
-3151	-351	1192	466	-1583	-250
-3850	-2566	1530	-334	-2957	-543
-3421	-2459	1430	-1	-3222	-1416
-2676	-1943	1479	125	-3126	-2361
-2422	-2407	1756	264	-2815	-2824
-2061	-2649	1722	626	-2387	-2790
-1952	-2568	2026	966	-1697	-2619
-1883	-2645	2053	1003	-1372	-2123
-1774	-2573	2235	818	-1197	-1402
-1600	-2726	2248	597	-889	-539
-1631	-2730	2356	151	-627	188
-1875	-2676	2365	-202	-291	587
-2022	-2420	2238	-436	-62	712
-2183	-2570	2190	-399	177	532
-2125	-2593	2050	-170	381	284
-2144	-2798	2170	-56	577	101
-2086	-2586	2135	128	804	81
-2120	-2692	2124	134	946	231
-2214	-2500	2148	-10	949	412
-2249	-2668	2068	-134	982	520
-2333	-2473	2007	-195	961	571
-2395	-2490	1940	-282	909	512
-2428	-2536	1886	-275	891	397
-2447	-2609	1821	-162	845	369
-2453	-2571	1826	-69	745	482
-2463	-2598	1876	-64	621	649
-2515	-2350	1800	-14	565	813
-2709	-2428	1896	-149	459	692
-2660	-2551	1797	-189	404	539
-2646	-2482	1705	-42	384	484
-2724	-2507	1755	78	315	377
-2660	-2470	1773	147	272	349
-2698	-2385	1787	133	246	336
-2686	-2387	1792	75	236	289
-2652	-2416	1759	93	273	239
-2640	-2377	1755	124	333	226
-1557	482	3580	662	167	-72
-1469	348	3207	587	33	-120
-1371	318	2903	463	170	-263
-1321	415	2866	364	474	-413
-1291	448	3094	355	760	-437
-1331	409	3540	353	962	-471
-1427	287	4004	371	886	-539
-1385	125	4261	350	569	-699
-1260	163	4178	243	188	-931
-1096	395	3847	175	-37	-1098
-896	543	3566	188	120	-1004
-763	632	3557	189	401	-785
-838	795	3734	132	483	-545
-1093	980	3801	70	417	-193
-1346	1076	3764	19	215	117
-1406	946	3502	75	450	485
-1308	531	4042	168	806	650
-1374	338	4511	358	302	606
-1457	238	4251	551	-504	721
-1626	-189	3295	682	-1122	464
-1554	-392	2019	407	-802	-755
-1800	52	1416	-148	86	-1954
-1802	765	1225	-431	1724	-2886
-1558	1340	2410	-494	3413	-2527
-1789	1694	4700	-362	3347	-1282
-1957	1262	5952	-455	1361	280
-2022	-35	5346	-177	-497	1640
-1643	-1134	4048	121	-1353	1308
-1181	-1283	3220	345	-1486	62
-741	-560	2716	443	-1716	-869
-361	91	2475	311	-1500	-767
361	750	2943	149	-681	81
-183	1136	3878	112	-383	1067
-1322	982	3885	-53	-1580	1720
-2057	-178	2149	18	-671	1719
-1431	-624	1130	132	1420	1520
-528	-330	1500	-1108	2714	1529
942	-58	2734	-1616	3927	1879
-2260	-1210	3611	448	3217	1807
-2957	418	2326	145	-516	1593
-1232	-248	1756	-1068	1099	827
-2951	149	3216	-875	2421	-337
-3108	617	3177	-1190	-289	317
-2620	621	1870	-1430	-2445	1312
-1818	468	653	-1676	-3055	1932
-1051	442	164	-1201	-1075	2344
-1704	977	470	-1164	376	2590
-1281	374	265	-1083	-70	3142
-1657	878	320	-758	-301	3438
-4663	335	1099	-446	-1906	3824
-25551	-2113	-5910	2125	-6278	2915
-8901	1703	54	2752	17247	1687
-7794	3687	4869	3157	16273	4519
-3647	10493	21600	9311	21706	-976
-11384	5389	14577	864	200	3799
-5605	-32	2366	-923	-8077	7534
-2086	-1509	-612	-2310	-5908	6249
1243	-2397	-1167	-2565	1642	4618
797	-4026	179	-957	10059	3885
-3261	-2165	2535	1416	15749	2086
-6176	2035	4116	4824	10377	3593
-3629	1842	5034	4147	7926	4709
-3842	1390	4546	3824	6836	4468
-2902	1405	2645	2979	5343	4638
-1968	1486	1699	1264	4373	5107
-1535	1102	1012	340	3018	5799
-1699	842	548	143	1422	6330
-2325	996	550	289	35	6536
-3455	1472	906	532	-2458	7851
-5102	3146	1239	996	-5216	8942
-3328	5042	169	987	-6726	6971
-1189	6582	-1076	-2235	-4301	2872
3981	20862	-5268	-2939	3428	10738
5796	5926	-2026	-3964	135	7165
-1407	3714	-1549	-3789	-2240	2703
-3029	2243	-656	-1118	-4402	-1130
-1943	2411	-1330	3504	-2962	-3545
-2217	2719	-864	6253	-115	-3445
-1228	3925	-199	2747	325	-2490
109	3219	-320	-267	-416	-1610
470	4421	-683	151	1053	2409
-57	3117	11	1643	966	3891
-765	1777	133	-547	-636	4067
-1857	911	376	-2657	-5340	637
-1086	283	-182	-4053	-8050	-6152
-973	1305	-722	-4001	-7456	-12059
-4722	32767	-3563	14959	603	11663
4797	-481	-2923	-3087	444	10799
3488	-2930	-234	-566	3756	-3643
736	14419	-525	1581	1578	-2317
-964	1836	130	838	-639	1242
23	3996	-725	-1344	-812	-1843
-445	4888	-557	-886	-1684	-86
108	3591	-510	-1697	-2149	-938
-218	4042	175	-940	-1905	455
519	4088	176	-1292	-982	943
943	4352	582	-1495	-290	1019
241	3078	1260	-897	-141	296
-373	3982	834	383	-48	-194
-447	4273	323	505	-75	-43
-383	4300	144	0	-91	39
-436	4205	327	-559	-210	24
-268	3875	524	-664	-242	-40
-251	3810	687	-510	-147	-211
-350	3969	725	-239	-3	-82
-338	3961	664	100	-68	-35
-367	4111	621	145	-30	-142
-382	3863	529	116	-1	-46
-297	3932	734	239	69	-199
-262	3835	702	630	122	-402
-245	4108	450	813	114	-123
-520	4022	541	848	198	-262
-431	4102	385	819	256	-89
-286	4231	311	760	257	-33
-228	4231	165	472	402	-75
-631	3912	349	517	107	-147
-582	4138	264	380	179	-192
-208	4354	155	255	294	61
-734	3776	323	264	46	-153
-569	4207	269	270	63	-64
-408	3940	159	235	-2	128
-553	4127	212	83	23	-106
-422	4068	161	-23	-16	-171
-418	4072	191	-137	-30	-246
-409	4076	279	-147	-51	-254
-248	4112	191	-126	1	-2
-499	3947	352	-111	42	-364
-687	3754	388	66	6	-24
-729	4209	299	101	34	-408
-510	3999	261	136	14	-287
-1720	-74	2816	487	144	-295
-1607	151	2840	548	423	-415
-1564	208	3151	523	721	-470
-1602	86	3695	470	817	-515
-1639	-2	4122	450	586	-584
-1634	-64	4262	441	120	-737
-1448	110	4005	407	-315	-844
-1300	255	3636	381	-449	-766
-1150	389	3459	321	-356	-749
-1131	363	3403	275	-75	-624
-1347	477	3540	259	68	-466
-1763	650	3576	286	40	-153
-2867	924	3278	261	-397	196
-3088	22	2607	607	444	451
-2030	295	3745	882	1524	249
-2163	356	4722	971	914	968
-2468	-763	4444	484	-264	588
-2624	-818	3065	-64	-1146	-580
-1958	179	1771	-319	-712	-1319
-1501	1099	1380	-557	402	-1230
-1656	1488	1563	-724	1527	-724
-1744	1176	2502	-779	2536	569
-2103	-329	3960	-702	2484	1225
-2739	-1275	5096	-694	1463	417
-2802	-1300	5331	-598	-216	-468
-2085	-868	4092	-465	-1481	-794
-1483	-639	2918	-239	-1688	-685
-1076	-533	2200	1	-1077	-457
-1008	-347	2460	104	-290	-368
-1311	22	3323	86	-110	-36
-1610	385	4157	14	-642	340
-1509	622	4350	-107	-1421	708
-1350	447	3804	-275	-2115	1190
-1109	-256	3016	-399	-2206	1413
-1080	-659	2157	-270	-1242	1353
-1670	-469	1510	404	273	2209
-1073	-751	1467	782	1340	2901
-440	-1461	2242	1240	2179	1956
-1606	-547	2275	959	2297	566
-2119	299	2334	658	2816	1281
-2121	395	3539	812	3069	997
-3217	58	3837	-206	715	444
-3180	319	2196	-298	-1868	735
-1928	276	870	-528	-3660	1079
-1421	-85	461	-1382	-4337	505
-925	-178	-57	-1700	-3839	-134
-1316	-362	-351	-918	-1009	-437
-2196	629	80	-325	502	109
-2028	736	33	161	725	1252
-5993	1937	509	742	98	2940
-27341	2808	-3061	2158	2543	5724
-8262	-577	-1746	2414	16948	-2166
-11634	5912	15369	4419	26862	-2483
-10598	6488	20016	386	10094	1049
-5879	2313	11266	1039	592	4314
-2941	409	3758	1226	-4531	4187
-1540	-851	271	282	-6929	4017
-139	-1479	-1539	-1173	-4293	1165
760	-1864	-1247	-2355	1457	-3255
377	-1683	-1080	-616	6650	-2692
-1237	-2152	-996	1170	12727	-1719
-4156	-1500	-566	4759	17389	-313
-7739	2399	2354	2389	11381	1462
-4759	1307	2753	3176	9659	638
-5376	2843	3968	6184	9880	-368
-5623	4734	3600	3306	7699	-265
-3770	2131	1730	157	6642	555
-4124	1054	1585	-100	5849	1159
-3985	434	1074	110	3203	1365
-3743	1037	645	285	1276	2158
-2684	1003	262	62	243	3424
-2094	624	309	-308	-746	3957
-2916	207	501	-1145	-3563	3257
-5147	443	268	-1869	-7635	1266
-7740	2080	-1138	-1832	-8542	-1228
-7841	2385	-623	-2304	-8778	-1788
-6798	2241	-1008	-2007	-10581	-335
-5997	2318	-1274	-2048	-11466	1877
-5038	2241	-1471	-1969	-10970	3577
-4988	2433	-1385	-2252	-9712	4204
-4668	3119	-2313	-4041	-8750	2092
-5053	4194	-4694	-8347	-9619	-3007
-4995	4050	-7262	-4142	-7092	-3649
-4665	5612	-5235	4163	3685	2958
-4860	3195	-2099	2554	9987	7584
-7125	1471	590	-678	7490	7426
-4334	-1059	291	-260	2418	4495
-2171	99	-207	910	2604	2134
-1530	835	-234	1345	3980	2116
-1491	1127	-290	2021	5690	3030
-1727	1323	-252	2275	7431	3732
-2555	1667	444	2501	8737	3906
-6943	1774	6870	2618	4745	4490
-13444	12533	11419	8607	-9392	11012
2625	8363	-396	5743	-4898	13621
3923	1067	-261	220	4493	6651
-2393	5262	-143	-248	4650	3788
-3148	5649	-150	128	2827	3992
-1663	4059	290	-339	2406	4225
-2670	803	451	-420	4396	-1208
-3549	2639	508	-91	3123	-7246
-2492	3307	320	-139	942	-5332
-1419	3763	145	459	508	-765
-882	3290	333	841	-26	4611
-782	4849	-534	639	142	9215
-364	3983	-609	-61	838	12217
2388	5547	-830	-1823	479	3177
1795	5353	-650	174	-64	1354
158	3955	-320	113	-355	-574
-839	4240	-218	-540	-380	-1174
-1239	3909	257	-286	-164	-1219
-1408	3869	323	280	-291	-691
-1451	3576	106	-153	-430	75
-1370	3931	135	253	-1026	2198
-1049	3843	41	399	-1718	3162
-199	3809	-502	289	-1899	2895
1459	4174	-1119	418	-855	1875
1551	4938	-732	386	347	854
648	4393	-242	298	60	-301
-229	3574	-178	0	232	-2235
-381	4116	-455	-523	327	-2000
-897	4093	145	-680	-18	-402
-745	3820	-29	-15	-881	1087
-374	3948	-177	122	-750	1891
286	4238	-383	429	-523	2263
887	4347	-332	459	-304	1391
705	4121	-231	280	-81	149
619	4480	-324	92	-151	-503
-43	3915	-193	-17	-133	-858
-226	3977	-189	-2	-109	-656
-964	-175	3917	47	-102	530
-861	-146	3776	67	-33	633
-782	-78	3752	84	106	727
-837	-67	3852	85	234	792
-907	-139	4043	76	216	749
-981	-309	4062	97	75	678
-845	-471	4073	36	134	479
-699	-340	4312	-92	211	301
-837	-199	4631	-176	-85	353
-944	-131	4738	-211	-337	478
-896	-203	4637	-301	-116	474
-1124	-543	4613	-286	-247	314
-1381	-949	3974	-204	-804	105
-1603	-1031	3152	-284	-531	-283
-1874	-711	2802	-540	396	-764
-2179	90	2962	-663	1125	-994
-2198	875	3232	-451	1198	-476
-2182	929	3636	32	905	432
-2164	149	4159	347	535	792
-2056	-548	4731	335	366	115
-2005	-627	5130	344	-183	-776
-1729	-208	4476	625	-834	-707
-1224	182	3562	856	-719	-545
-962	502	3162	931	-238	-378
-914	584	3151	846	53	-208
-1014	349	3100	682	119	-193
-1075	-142	2979	478	387	-421
-1134	-394	3115	306	912	-902
-1293	-205	3674	357	1262	-1186
-1502	154	4361	435	1177	-1202
-1559	471	4891	478	622	-1050
-1469	396	4914	504	-242	-806
-1172	226	4365	412	-1005	-867
-867	261	3676	257	-1228	-1009
-766	388	3074	139	-970	-1036
-660	584	2757	77	-392	-979
-670	734	2871	58	330	-740
-1060	872	3434	46	778	-376
-1336	859	3936	10	839	36
-1844	663	4669	-11	415	251
-2094	338	4427	194	-46	251
-2188	152	4411	448	836	295
-2063	396	4619	438	397	528
-1700	167	3842	307	-390	676
-1338	-405	2799	72	-754	191
-1252	-688	2012	-134	-552	-783
-1330	-215	1509	-371	152	-1544
-1285	795	1505	-427	1541	-1247
-1122	1233	3004	-438	3234	-44
-1561	722	5528	-483	3346	781
-1639	-507	7030	-312	1528	974
-1385	-1595	6540	-266	-1643	242
-622	-1830	4187	-151	-3555	-1163
-338	-1237	2245	263	-2955	-2115
-154	-678	1580	481	-1351	-2508
-37	-220	1791	460	6	-2581
-188	276	2396	310	759	-2102
-892	697	3275	434	1151	-1431
-2238	1048	3517	392	375	-596
-1885	907	3047	-31	-632	654
-718	225	3292	205	-203	1564
-724	-842	3307	755	241	2700
-976	-1171	2972	910	1235	2264
-1216	-408	2592	206	2518	1033
-1467	-1105	2177	134	3688	177
-1144	-174	2482	433	4797	-1269
-1567	580	2623	-164	3989	-2110
-1418	960	2277	-677	3224	-1175
-1549	587	2789	-637	4413	265
-2608	255	3768	-37	3433	1208
-3448	-647	3711	-22	799	1090
-3177	-955	2452	223	-1575	211
-2125	-188	1359	89	-1975	-640
-1572	-89	814	-391	-1776	-971
-937	-95	655	-332	-1200	-1134
-697	62	703	77	189	-1222
-1265	964	940	-387	613	-790
-1148	895	972	-530	457	399
-1717	800	779	-607	-15	2010
-10740	2099	2500	-1221	-6334	3421
-12663	-1641	-19313	4854	-7516	5542
-18964	1172	2717	326	27611	501
-5512	-927	20120	1946	22955	-4533
-10112	-977	21204	928	8860	-432
-7383	2305	9004	-768	-4796	-2389
-2772	1745	1576	-2067	-10618	-2902
-68	220	-1732	-1531	-7105	-1693
902	143	-1891	494	-800	-27
11	-352	-1571	-499	5290	-516
-565	-1068	-1024	-1463	10802	-1415
-5169	-1468	735	-1203	14926	-1795
-7520	483	2340	-1392	8406	168
-4466	275	4756	-18	10387	60
-6595	1826	6966	-66	7503	12
-5428	-106	4932	-282	3976	602
-3443	-80	2353	-157	2821	17
-2451	-200	576	-107	3467	-515
-2149	-409	-194	-165	4383	-761
-2219	-689	-282	359	5078	-959
-3519	-973	220	1123	4539	-1243
-4368	-994	290	1257	2352	-1865
-4390	-1753	14	1190	2051	-3124
-3055	-1390	3	1899	2374	-4603
-2339	-611	169	2513	2294	-4806
-1991	-447	199	2700	1099	-4168
-1893	-643	121	2966	-121	-3660
-2716	-831	109	3306	-1350	-3413
-3348	-883	-66	3324	-2407	-3185
-3686	-1082	-162	2796	-3107	-3168
-3910	-1145	-129	1917	-4463	-3655
-6300	-560	-1856	526	-6164	-3113
-4386	-1987	-4652	-2449	-2985	830
-4470	-5585	-4989	-56	3623	-4311
-4712	-5178	-1972	3645	6541	-12127
-777	-14287	-8087	2599	8845	-12897
1091	-5130	114	-2908	885	-442
-3522	-6807	-646	1232	959	2820
-4836	-3650	-1443	5582	203	-4256
-4712	-307	-691	6453	-561	-9957
-3118	631	-949	2549	-2613	-10613
-2611	-4490	-102	-336	-1311	-11439
-2484	-2125	930	1162	-2073	-9892
222	-4736	707	-1487	-1707	-1013
482	-5117	816	-1708	-345	399
-462	-3696	659	-645	-604	1748
-375	-4012	202	256	-1917	443
-374	-3420	87	-127	-3621	-2122
5	-2216	-181	124	-5538	-422
752	-3906	-1651	592	-4998	2017
458	-7723	-2530	854	694	-4850
-2646	-834	3824	157	1211	-254
-2639	-836	3772	-124	650	-729
-2392	-164	3555	-295	440	-654
-2230	343	3576	-388	518	-144
-2208	440	3586	-490	710	207
-2119	11	3647	-641	795	342
-2005	-430	3536	-706	686	188
-1798	-643	3420	-693	541	-70
-1645	-628	3229	-670	469	-287
-1613	-502	3022	-632	528	-438
-1554	-211	2864	-536	797	-410
-1624	-45	3086	-373	1131	-90
-1833	-230	3584	-283	1253	143
-1893	-291	4092	-253	960	116
-1796	-131	4361	-234	434	122
-1722	-175	4257	-159	-146	170
-1459	-237	3846	-57	-470	13
-1117	-143	3572	-9	-586	-42
-984	-420	3345	55	-469	-6
-933	-654	3342	115	-204	-103
-1093	-597	3494	148	-284	-255
-1177	-414	3351	116	-378	-460
-1370	-345	3279	71	-302	-650
-1437	-348	3203	25	-378	-855
-1324	-421	3058	191	-560	-855
-1325	-481	2975	514	-678	-957
-1400	-290	3100	599	-467	-1404
-1401	216	3222	641	-319	-1589
-1237	492	3192	748	-366	-1302
-1245	340	2853	942	-445	-757
-988	-87	2606	1165	-182	-575
-805	-250	2703	1101	193	-993
-1107	-183	2896	976	513	-1604
-1422	61	2878	995	840	-1629
-1179	320	3087	882	1075	-1380
-1348	665	3153	914	1205	-1125
-1332	876	2607	890	1556	-738
-1134	932	2520	558	2254	-361
-1322	384	2609	505	2011	-95
-1152	-27	2910	190	1306	575
-1656	-295	2708	303	711	250
-1975	318	2275	375	558	-313
-1841	436	2007	132	709	-215
-1998	-25	1671	183	453	-31
-2055	301	1496	14	-222	292
-1984	-285	1408	-313	-1241	624
-1592	-667	1270	263	-1479	691
-1386	-140	947	162	-1906	703
-1148	-387	477	-607	-1479	412
-4050	-872	607	-519	-1480	441
-24841	3822	-2964	-3572	-1776	2295
-12167	5483	232	1936	19163	4993
-11780	-4542	16653	-1053	18854	965
-8591	-7060	15706	-113	7186	-1046
-4697	-1369	9215	-749	778	-2770
-2645	1008	3748	-1750	-5229	-3527
-1211	744	-847	-626	-4364	-4442
393	1288	-1649	779	687	-3289
477	1341	-1469	-248	6425	-1637
-1283	-198	-287	-2940	12097	-1049
-5455	-1985	2016	-4217	13897	-114
-6142	-3052	4570	-821	7893	847
-4756	-1180	3122	-224	6167	-276
-4046	-12	3161	-307	6214	-645
-2925	-289	2661	-339	5601	239
-2413	-636	1652	-472	6097	205
-2875	-108	834	-736	7366	152
-3702	676	684	-1327	7653	1406
-4669	457	992	-1810	5775	3402
-4833	51	724	-2059	3812	4792
-4125	-1013	508	-1745	3547	4341
-2875	-840	511	-1705	2887	2760
-2590	-201	595	-1833	606	1656
-3449	1072	760	-2997	-2771	2224
-4111	721	245	-2918	-6341	4939
-5864	1285	11	-624	-7065	8601
-8198	954	-410	-977	-9057	10198
-8819	381	-909	-2764	-9658	6231
-8200	878	-991	-4206	-10350	505
-7188	1746	-993	-4584	-11707	-1681
-6617	1927	-1678	-3520	-13189	-271
-5394	2103	-2254	-2772	-13317	2252
-2353	1663	-4982	-3909	-13273	3403
2362	1689	-8287	-3740	-7178	672
711	2963	-5241	77	4967	213
-1712	2279	-1950	2146	11460	1879
-3474	1743	192	1080	9831	2940
-4511	1574	548	428	6667	2135
-20781	21248	13170	-1955	2781	-1691
-1402	3309	1250	-3820	2602	-6779
695	-884	-802	1220	3644	5659
-3720	-2133	309	-1947	4552	-255
-6893	1194	2241	-1676	2016	-3073
-5844	-13	1850	1269	-2062	-2071
-3573	1625	1298	2185	-2420	378
-3031	1902	1251	1496	-910	1719
-2542	1881	1222	1020	-64	1613
-2320	1859	1260	799	584	797
-2400	1976	1251	820	1081	-601
-2733	1982	1167	776	1519	-2062
-3014	1944	883	460	1956	-2932
-3363	1441	753	-13	2344	-2864
-3643	1281	862	-218	2571	-2465
-3796	1053	890	51	2593	-2268
-3998	1037	695	368	2441	-2231
-4193	1343	392	451	1930	-2132
-3938	1087	389	151	1581	-2038
-4032	935	473	63	1442	-2065
-4003	864	351	29	1342	-1998
-4040	841	318	-2	1261	-1913
-4487	751	332	-49	1126	-1854
-3957	577	187	-9	1128	-1102
-3972	642	150	16	1014	-1096
-4085	948	146	45	751	-879
-3803	716	148	22	679	-845
-3908	203	35	17	656	-915
-4099	472	64	68	488	-511
-3997	385	2	35	430	-406
-4035	345	29	-14	383	-477
-4149	658	95	-58	255	-222
-4018	65	-113	-23	229	-233
-4054	236	-26	2	214	-242
-4023	147	-29	-2	171	-131
-4063	329	-11	-25	109	14
-3962	118	-74	-1	105	-75
-4004	345	-32	6	78	48
-3983	349	-46	6	66	111
-4020	365	-47	2	19	193
-3972	378	-41	2	-6	259
-3962	389	-26	2	0	312
-1747	-222	4113	351	808	-1228
-1628	362	4155	587	738	-697
-1437	538	3977	635	174	-246
-1230	444	3441	540	-327	-28
-965	118	2799	360	-270	-89
-787	-155	2469	164	302	-371
-813	-337	2746	26	1074	-607
-1010	-264	3398	86	1357	-847
-1097	-205	3964	273	1279	-875
-1156	-140	4423	414	1105	-806
-1174	23	4788	373	603	-780
-1112	286	4591	230	-215	-829
-816	458	3859	149	-497	-682
-707	493	3501	154	-286	-445
-690	507	3428	246	36	-135
-958	382	3688	363	125	105
-1673	358	3857	299	-522	150
-2117	601	2959	304	-873	223
-1794	450	2386	836	1185	603
-1385	-90	3884	1017	2186	592
-1725	-1003	4791	839	978	373
-2024	-1301	4029	214	-886	-655
-1460	-563	2571	-393	-1458	-2309
-1148	1034	2121	-579	-982	-2854
-545	1893	2287	-329	-28	-1371
-733	824	3234	-17	1074	1120
-1327	-1183	4403	240	784	1547
-1667	-1899	4824	164	-199	134
-1827	-1466	4398	10	-1075	-1387
-1407	-1048	3528	269	-1185	-1811
-1053	-971	2983	612	-769	-1667
-943	-912	2792	823	-338	-1480
-923	-703	2720	892	144	-1283
-1103	-224	2712	1124	860	-1170
-925	385	2837	1063	1414	-903
-810	1042	3007	807	1366	-227
-1078	1071	2772	276	1489	935
-1271	927	2160	-350	2748	1803
-2151	651	1931	-1141	3817	2326
-923	-250	1767	-2549	4030	1880
-1561	-983	3041	-1091	5103	1331
-2652	-713	4463	-358	3242	1909
-3622	-1120	4120	-846	-34	788
-3193	-701	2287	-608	-1929	-31
-2100	-254	1209	-601	-1753	-147
-1656	-74	869	-702	-945	205
-1371	-33	726	-632	-550	746
-1215	83	733	-674	-408	990
-1137	-110	731	-1060	-1053	1246
-2038	144	775	-1238	-2253	1567
-11910	98	3432	-1686	-11084	3010
-11626	-536	-11225	-5684	-5554	5685
-17450	470	4468	3778	24547	2820
-1134	-2955	10399	2221	17331	-1476
-9172	661	23325	356	12327	232
-7878	698	9283	175	-6696	379
-2268	-305	270	122	-10240	-184
1016	-707	-2420	75	-169	-696
-735	-1241	-955	164	7109	386
-1670	-1238	1497	181	11252	-107
-6451	148	5572	1193	11418	-726
-5063	408	4415	447	4653	-136
-3145	-421	2872	59	4107	711
-3396	-553	2906	334	4885	364
-3340	316	1806	269	4872	294
-3329	455	849	-564	5907	706
-3404	47	896	-1115	7061	1124
-3605	-23	1048	-991	7177	1297
-3508	193	781	-1258	6951	1447
-3234	92	406	-1751	7204	1613
-3320	-9	269	-1717	7392	1824
-4201	-192	566	-1358	6265	1992
-6104	144	1209	-1637	1801	1977
-5876	372	1151	-2559	-4748	3332
-2502	357	-522	-1617	-4566	5879
-2366	493	-301	-1599	-396	8038
-2605	456	281	-1911	-469	8507
-1750	368	63	-2676	-1838	7488
-2278	451	89	-3553	-2982	5770
-4980	1204	320	-3499	-4312	3590
-6314	2323	-53	-2182	-5289	2534
-4482	2364	-205	-2127	-5003	3066
-3165	1851	-306	-3132	-5324	3514
-2348	1583	-516	-3895	-5649	3818
-1765	1224	-613	-4095	-5792	3785
-1548	4994	-2265	-40	-3613	5372
1928	16624	-5254	14066	3250	18330
510	8454	-2480	4556	6236	11474
-2462	5117	347	2447	5021	7082
-5007	6646	-360	1209	1748	6420
-4064	7844	-1684	-1013	-1676	10522
-3577	4637	-210	-2257	-2262	11682
-1720	-392	-960	-410	-260	-4672
-285	-17	-561	695	5629	-9440
2374	1796	116	500	8315	-7777
-376	2483	1073	-45	9009	-3508
-1655	2789	1411	-1090	5508	159
20	1896	852	-2070	2895	1212
316	2382	585	-1275	1584	-1832
91	4222	648	350	-235	-3920
-2681	22682	42	1275	-1504	11358
135	2033	754	390	-1552	1705
-21	2246	449	427	-2298	-2839
-230	2993	519	234	-2117	-2030
-496	3111	619	574	-1438	181
-809	2980	737	1053	-1978	645
-651	2820	695	887	-3588	90
-533	3345	235	175	-4954	-764
-1283	9307	-2597	1659	-1855	3463
493	3934	-750	-721	121	3895
1195	2289	249	-1385	-26	457
-636	4100	675	-560	-354	-1395
-1124	5246	293	-336	-116	105
-486	3173	720	-424	-162	1143
-558	3849	164	156	-399	-52
-1392	4265	231	-16	-140	136
-526	3674	256	97	-314	292
-505	4046	388	298	-175	17
-635	4166	239	426	-208	187
-655	4234	-64	171	-298	22
-944	3965	-70	-215	-514	-440
-876	4131	129	-612	-628	-500
-687	3750	341	-695	-602	-373
-646	3753	617	-358	-414	-169
-602	3896	581	40	-147	-118
-694	3956	441	241	121	-5
-675	4002	338	316	222	82
-629	3995	291	302	221	43
-633	4019	241	252	105	14
-624	4110	213	102	46	-28
-1961	151	3568	770	299	-471
-1755	542	3231	844	424	-331
-1633	774	3016	797	616	-133
-1635	534	2935	668	795	65
-1636	213	2996	458	936	32
-1669	-42	3129	298	955	-51
-1790	-55	3190	228	911	-289
-1861	70	3225	272	906	-384
-1805	-11	3366	388	1002	-388
-1676	-67	3733	462	1057	-500
-1619	-21	4126	444	781	-670
-1661	89	4180	386	281	-697
-1550	205	3829	359	-122	-576
-1335	278	3483	346	-173	-497
-1056	277	3289	402	-108	-446
-966	51	3197	589	61	-329
-1463	-322	3465	615	-2	-761
-2415	-227	3105	432	-789	-1198
-2598	-201	2048	630	-135	-1135
-1824	30	2404	649	893	-1691
-1638	201	3277	584	1284	-1615
-2180	12	3957	346	720	-1403
-2067	245	3775	88	-131	-1506
-1917	322	3651	69	-420	-967
-2110	-218	3467	-34	-240	-732
-1809	-317	3558	-39	-34	-937
-1482	-396	3679	130	-42	-1005
-1671	-819	3697	335	-254	-1018
-1881	-1019	3423	376	-503	-1345
-1762	-1010	2981	287	-548	-1596
-1426	-848	2626	202	-393	-1934
-1001	-238	2528	206	38	-1962
-791	384	3032	277	382	-1449
-866	710	3433	406	169	-570
-1239	1057	3814	411	-506	36
-1085	880	3761	169	-1161	441
-933	392	3153	-89	-1042	868
-1375	-192	1839	-325	-282	1352
-1284	-385	1152	-228	1170	1716
-546	-416	1615	-38	2727	1777
-1032	-598	2118	86	3188	1528
-2528	-619	1804	18	2034	2076
-2557	-934	1707	563	-22	2586
-2392	-455	1733	292	322	1575
-2893	50	1906	-818	133	-317
-2089	138	1370	-1354	-898	-1250
-1363	243	827	-1163	-724	-1039
-1071	167	473	-737	-559	-202
-996	576	189	-826	108	537
-5937	1471	1411	-1103	-935	1469
-21094	5989	-4975	2919	3009	6263
-11247	-935	1131	1418	15159	4000
-7243	-5024	7980	-1297	17627	-4961
-7268	-5165	20563	1105	15628	-1832
-6476	929	10322	-558	-1151	-1874
-2514	1165	1452	-947	-4872	-3441
81	641	-1275	182	-1284	-2309
-145	778	-1275	1539	5144	-321
-1059	34	-765	51	10309	-549
-2016	-466	-343	-2287	13577	-1976
-3759	-1510	761	-2449	12602	-3493
-3623	-1006	523	-839	12005	-4158
-4878	39	1221	-103	12605	-3379
-5919	-753	1940	316	10487	-2194
-6758	-2323	2438	2361	7490	-3088
-5298	-2947	3330	2169	2932	-7095
-2170	-2031	2577	1005	-1356	-8306
-2641	-1368	849	3712	-4080	-5873
-2272	-420	283	4501	-6220	-3772
-3377	-940	373	4341	-9205	-2978
-5388	-1247	-19	4139	-13037	-2888
-6869	-3050	-6404	57	-10279	-2977
-5530	-16048	-11783	-13302	6386	-9607
-10272	-7417	-7098	-12071	14142	-15314
-3204	-3907	-4067	-6079	14972	-11912
-6540	499	1857	3002	7019	-13681
-4835	69	256	8584	-9622	-11487
-2434	-2243	-3465	14568	-16267	-9377
444	-1777	-4050	17479	-17094	-9173
3711	-2438	-5058	13461	-11287	-3756
3409	-4895	-3162	-2275	-2825	-4327
1788	-5190	-1274	-7138	-547	-86
1322	-4129	-948	-2891	-1423	2385
854	-2432	-428	-2126	-508	2170
517	-2087	-237	-1625	-289	1451
622	-392	-224	-150	73	2511
1248	-36	-72	545	-218	5436
1353	-1169	-67	1488	-1079	10525
2790	-27625	-2641	868	-44	624
1636	-7726	532	-833	624	-9252
1916	-249	799	-2711	1610	1234
60	-2021	164	-2266	1334	3609
-814	-4754	-829	-303	762	1124
-1716	-5625	-1053	329	843	-3524
-1315	-3533	-251	1437	374	-3565
604	-2224	-369	1763	1281	-899
625	-3956	1125	584	1726	-1694
2278	-3550	779	-1376	-514	265
955	-2541	79	-1688	-1334	2560
-11	-6394	-2023	838	419	695
35	-5377	-408	1958	-220	-1548
1907	-2228	872	1111	-403	1025
-72	-4770	318	270	-302	1670
28	-4559	40	220	-491	1160
-165	-3888	124	241	-510	1190
-233	-3993	-119	469	-616	909
-282	-4105	14	952	-290	700
-185	-3850	251	1110	-128	576
-209	-4022	355	890	10	486
-341	-4091	422	553	124	236
-306	-3957	434	321	175	375
-301	-3857	409	169	220	504
-245	-4097	342	5	177	461
-208	-4187	258	55	268	426
-316	-4091	294	145	319	738
-341	-4099	312	212	404	813
-492	-4033	322	160	267	929
-494	-4015	313	11	-5	976
-487	-4008	267	83	-14	850
-517	-4018	312	84	-41	725
-542	-3962	328	70	-38	611
-579	-3990	340	67	-37	507
-576	-4002	314	60	-37	431
-586	-3960	330	68	-38	338
-587	-3961	344	66	-40	272
-568	-4007	334	68	-46	276
-584	-4012	343	72	-46	335
-655	-4043	335	86	-46	324
-699	-3945	361	108	-49	226
-699	-3952	375	99	-45	59
-1466	251	4243	311	284	-579
-1260	335	3962	300	39	-575
-1016	327	3665	294	43	-547
-966	307	3546	308	298	-526
-1059	307	3646	361	580	-468
-1154	249	3872	425	676	-361
-1210	270	4040	438	533	-453
-1213	348	3891	429	319	-622
-1252	304	3747	429	299	-768
-1265	221	3675	466	408	-923
-1203	177	3808	526	404	-1005
-1483	274	3926	518	-30	-966
-2084	621	3460	342	-694	-1101
-2192	1305	2494	325	-117	-809
-2145	1635	2656	530	1792	323
-1984	600	3960	205	2174	596
-2265	-416	4762	-158	1225	-254
-2419	-796	4326	-306	-270	-1242
-1895	-238	3070	-354	-802	-1678
-1430	687	2318	-254	-179	-1046
-1195	831	2189	-105	708	146
-1481	230	2770	-119	1654	835
-1717	-483	3810	-48	1735	715
-1956	-873	4556	-41	916	-113
-1787	-605	4367	-141	-444	-1079
-1387	-72	3402	-76	-1082	-1350
-1074	292	2628	62	-718	-964
-966	312	2511	172	36	-385
-1032	144	3105	145	664	-223
-1120	25	3970	36	582	-248
-1118	-213	4528	33	-145	-178
-1120	-267	4378	99	-960	-292
-1105	-169	3499	203	-1394	-153
-1354	-33	2795	332	-1278	21
-1756	199	2226	395	-700	304
-1203	-65	1935	421	1262	731
-846	61	2511	580	3319	1243
-1186	-89	2812	199	3167	1829
-1981	-41	2167	144	2409	1187
-1990	111	1715	-322	2067	547
-1917	-3	1315	-1167	-1044	444
-1306	-114	693	-1872	-3290	590
87	-272	130	-2572	-1795	1111
-2379	-82	1168	12	3501	1840
-3529	394	3042	-284	3211	1781
-1907	-360	4119	-515	575	512
-1710	154	2742	-457	-1153	53
-1429	-38	1316	-388	-1263	574
-941	-260	332	-225	-884	670
-3859	160	974	72	-1119	680
-24550	5205	-1956	-1129	-9623	2554
-12713	3220	-1226	3835	16491	6109
-10746	1336	2868	1177	18551	2190
-1618	-2711	16244	1577	20724	-476
-6782	2152	17699	2618	10816	-687
-5334	2168	6595	-324	-3217	1331
-1849	-635	-281	-1240	-5824	1501
-51	-1241	-1035	251	823	1179
-319	-1026	-863	1354	7433	-166
-1270	-1216	-439	1558	10993	-2177
-3317	-505	108	2332	12087	-3556
-5373	1999	1025	1408	8792	-2655
-3703	1521	-114	1359	9003	-383
-5681	1440	1101	1773	10911	970
-6555	776	1829	2000	8510	642
-7095	-1693	2027	3400	5618	-2488
-7026	-2184	1984	4296	1899	-7412
-4620	23	1189	4067	-1750	-9253
-2759	912	595	3151	-5111	-6915
-1888	863	127	2481	-7939	-4428
-2598	282	-11	2204	-10519	-2537
-5266	40	-1672	1261	-11871	-337
-6271	10	-929	-730	-7362	1239
-4400	1398	-878	-941	-6610	1536
-4379	568	-931	-1772	-7108	-347
-4245	-501	-1040	-2321	-6346	-3600
-4019	-1003	-929	-1736	-5796	-6804
-4353	-1992	-1283	-1394	-5392	-7677
-4254	-1655	-1681	127	-5159	-5522
-3223	-1500	-1969	-266	-2800	-1861
-3738	-2416	-1484	-145	14	1033
-4237	-2498	-910	1015	1774	2666
-4923	-2124	-361	1863	2152	3532
-11656	-11906	3752	-656	4340	3698
-2689	-4821	5	-3839	4137	822
-281	-125	-1318	-3055	3362	-2899
-5819	-3815	572	-368	1090	91
-4821	-2615	1197	43	-412	810
-3297	-1239	482	131	-1090	123
-4175	-1577	1041	0	-2057	-836
-4047	-2327	1098	-200	-2831	-1358
-3670	-2253	665	698	-2861	-2319
-3062	-2025	867	1786	-2928	-3420
-3189	-2181	1529	2516	-2073	-4557
-1990	-1499	1337	2203	-1262	-3694
-1147	-2199	1662	2227	419	-1214
-1903	-2369	2542	1512	361	767
-2149	-2791	2414	806	-274	1523
-2336	-2043	1985	501	-34	2314
-2626	-1743	1897	151	210	2934
-3063	-1819	1855	-75	248	3079
-3200	-1639	1747	-61	292	2796
-3248	-1433	1750	-121	347	2065
-3062	-1814	1814	-137	719	1383
-3000	-1742	1752	31	1335	1163
-3041	-1557	1683	146	1820	1289
-3196	-1751	1546	202	2111	1527
-3291	-1458	1357	270	1947	1894
-3600	-1433	1292	349	1543	2028
-3671	-1060	1353	320	1043	1953
-3661	-1220	1447	132	742	1700
-3353	-975	1420	-56	871	1555
-3391	-1009	1374	-236	1126	1400
-3557	-851	1379	-468	1380	1209
-3599	-1011	1217	-703	1537	1084
-3664	-1138	959	-671	1571	1175
-3964	-1218	785	-351	1361	1371
-4082	-1205	732	194	923	1337
-4088	-761	1032	427	584	1175
-4031	-699	1025	246	497	923
-3955	-721	956	166	424	679
-3924	-723	933	133	314	554
-3865	-717	935	107	247	482
-3794	-690	901	99	225	439
-3784	-668	896	87	252	386
-3833	-635	896	60	262	305
-3839	-628	869	32	259	199
-3897	-635	863	8	231	116
-3898	-641	867	-5	184	56
-3847	-645	855	-5	157	23
-1902	-784	4159	-87	1297	-889
-1991	-164	4476	159	958	-1183
-1827	579	4347	490	682	-626
-1586	748	4029	658	312	106
-1419	584	3580	621	25	465
-1314	351	3110	460	-21	463
-1176	39	2819	296	353	216
-1132	-218	2797	280	965	-159
-1166	-289	3269	412	1463	-433
-1229	-185	3828	595	1563	-479
-1327	6	4477	667	1204	-430
-1355	52	4729	555	299	-482
-1222	205	4406	287	-581	-788
-986	431	3635	84	-1009	-886
-1053	379	3021	36	-920	-729
-1512	89	2477	-26	-795	-812
-1893	-246	2247	-50	163	-1253
-1868	-581	2899	-24	1178	-1519
-1965	-598	3572	268	1628	-1084
-1954	-122	4134	381	1101	-1008
-1839	551	4099	249	-28	-986
-1863	855	3649	25	-492	-148
-1821	465	3426	-201	-46	689
-1565	-282	3624	-310	58	890
-1531	-866	3781	-363	-147	211
-1513	-782	3812	-364	-430	-446
-1404	-499	3554	-213	-568	-342
-1223	-289	3150	-92	-388	-58
-1143	-71	2946	-92	-84	167
-1164	78	3068	-193	109	195
-1148	230	3283	-302	148	286
-1045	161	3498	-274	-15	546
-1118	76	3474	-173	-260	633
-1119	73	3276	-154	-449	814
-1076	-161	3080	-153	-447	867
-1157	-392	2999	-154	147	569
-1039	-486	3196	-12	857	471
-1095	-401	3325	146	905	487
-1410	-407	2398	365	1069	606
-803	-486	1610	492	2602	999
-486	-712	1710	471	4321	831
-1379	-329	1970	470	4292	-240
-2103	523	1859	34	3754	-1368
-1901	461	2004	-579	3851	-1534
-2203	338	2687	-694	3384	-531
-2469	286	3035	-344	700	752
-2133	84	2121	-75	-1520	1282
-1468	159	1484	-113	-2348	1230
-1044	264	940	-545	-2899	1192
-1547	217	487	-902	-3937	1639
-13490	1273	3726	-1821	-12796	3648
-14537	-3751	-8952	-1698	4405	11148
-11953	1904	612	5732	21096	4570
-8753	1252	3803	2694	18041	-2026
2939	-1071	12289	1558	19900	-2774
-9362	4623	19134	2538	12716	108
-6361	1587	5996	-860	-3663	4330
-2046	-1450	-551	-1275	-1753	3414
-1850	-2250	-21	-932	6325	1021
-2130	-1704	368	136	8925	-1688
-2153	-787	191	1598	10310	-2569
-4050	1237	1160	2528	11577	-1448
-3878	1616	1508	501	10024	-473
-3248	1182	1863	393	10494	146
-3026	997	2277	-341	10133	1234
-5099	245	2603	-639	7386	2167
-9237	-1341	3675	1999	-1344	1672
-4930	2656	1104	499	-4281	1581
-3436	1841	1134	-2022	-2213	4460
-1870	974	360	-2351	-5194	6346
-1487	739	18	-3180	-6541	6795
-1478	404	-167	-3450	-8657	6491
-2251	823	-287	-3820	-10736	5675
-6068	724	-3439	-4266	-11585	3102
-15523	8310	-1706	4722	-3646	-5910
-7892	4273	144	2658	-11126	-3354
-5369	2497	-2203	-2405	-14246	3456
-5001	1132	-1814	-171	-11420	13905
-5481	1030	-1650	2724	-8508	18353
-3598	2561	-3285	-287	-7541	9657
-2057	825	-2617	-4572	-4581	-6969
-3081	445	-2039	109	1663	-11129
-5673	3396	-1520	3977	6782	-8986
-9771	16725	6541	4005	1266	4515
-542	2993	78	4341	-833	13380
600	-419	-761	980	4356	4075
-1545	304	482	97	4451	-3667
-4480	6704	3665	1751	21	-2473
-3082	4892	1805	4844	-5900	7319
179	1382	-786	2474	-2398	4732
-1587	4195	1208	409	-1252	2071
-1512	4273	919	1008	-2218	5457
-1671	2605	696	674	-596	4855
-2186	3172	1321	1242	-492	4328
-1207	3485	964	1871	-757	4466
-736	3752	1298	1926	-408	4770
491	5083	1165	1618	-299	5258
150	5017	1039	989	1344	5026
1048	5009	963	392	1461	6515
173	3641	765	1017	2395	5697
777	4091	366	1062	2849	3988
1828	2036	206	-420	5303	1252
1458	2553	987	787	7548	-1217
1283	4264	2306	1177	6756	-1365
862	4022	2398	1277	4458	-577
-117	2962	1978	1764	2101	-1680
-756	3604	1816	2650	-560	-1987
-45	3310	1329	3608	-2876	-539
691	3561	865	4193	-3917	-81
1189	4113	598	5323	-4576	-189
1606	5541	-1320	5765	-4079	-563
-136	5290	-2300	3113	227	585
120	3742	-1162	-227	1323	862
289	4291	-233	-1045	1508	420
315	4066	216	-105	594	60
86	3879	-155	377	295	-607
-301	4231	-439	-198	773	-637
-256	4143	-263	-656	970	-255
263	4351	-102	-635	981	33
528	4032	-200	-379	258	0
538	4199	-338	-401	-297	-8
198	4052	-233	-717	-353	-360
22	4250	-96	-828	-259	-230
126	4062	54	-728	-229	-203
123	4087	97	-537	-231	-282
137	4021	148	-380	-466	-97
167	4104	-12	-208	-387	-52
188	4259	-10	-176	-202	-148
92	3901	26	-224	-85	-338
250	4205	-20	-204	-207	-302
-1090	218	3806	499	802	-960
-1107	383	4190	547	634	-1019
-1117	236	4425	528	300	-1005
-1085	175	4372	417	-84	-1150
-1089	354	4181	316	-545	-1158
-1009	468	3739	242	-790	-1002
-1030	615	3462	214	-587	-940
-1209	807	3551	287	-444	-674
-1252	602	3433	495	-295	-170
-1718	141	3762	607	-396	-261
-2617	-3	3482	316	-1378	-805
-2429	739	2230	659	680	-441
-2015	583	4296	821	2470	701
-2057	-58	5623	241	1193	296
-2137	-230	4746	-251	-740	-668
-1541	162	3283	-474	-1032	-1417
-1038	549	2413	-464	-151	-1289
-914	530	2597	-354	1504	-497
-1378	-246	4175	-142	2490	-27
-1985	-1277	5645	196	1690	-371
-2276	-1639	5647	471	-9	-1346
-1959	-1415	4308	546	-1460	-2362
-1493	-1028	2725	576	-1716	-3216
-1224	-505	1924	713	-1130	-3561
-1161	-11	1866	989	-577	-3447
-1370	417	2377	1215	-111	-2808
-1351	505	3144	1533	-30	-1570
-1261	421	3792	1717	-454	-821
-1430	621	3622	1578	-1307	-729
-1429	909	2677	1355	-1503	-642
-1044	867	2201	839	-618	-20
-421	384	2534	502	1162	343
-860	398	3304	879	2243	424
-1451	332	3515	806	1367	813
-1902	-263	2613	474	324	842
-1669	-549	1807	698	-91	595
-951	-390	1714	263	790	516
-1042	-896	2156	-39	1544	874
-1556	-1029	2498	579	1536	286
-2138	-417	2639	1051	671	-1341
-2035	403	2152	-13	8	-2704
-1397	481	1791	-372	531	-2655
-1371	990	1651	-45	1459	-2137
-1128	1075	1922	-435	2166	-1237
-1423	383	1697	-514	2304	-36
-1668	-28	1310	-444	2237	281
-1069	-70	1334	-571	2292	274
-773	-83	1933	-684	2095	98
-912	-219	2009	-945	972	317
-2049	55	1670	-1077	115	258
-12689	2211	4145	-2496	-6759	-58
-14582	-22	-13046	1265	-12731	3716
-18920	5529	1683	4369	32182	3427
-1662	-5296	13397	-3441	17780	-4573
-6954	-4514	22666	735	10514	-143
-6784	1692	9915	-2705	-4378	-2954
-1477	654	120	-3033	-7724	-3624
540	160	-1342	-84	-2360	-2312
119	386	-1161	1266	1732	-1154
-599	93	-912	624	6517	-280
-1968	144	-461	-1536	10865	19
-3837	-175	-243	-4863	13012	0
-6989	-1414	1526	-1930	9727	-572
-4675	1412	1504	-2038	11041	-205
-2942	649	3510	-1641	12769	328
-4850	1265	5263	-1853	11332	899
-4081	-156	3084	-2469	7422	1324
-4484	-1368	2162	-1926	4266	389
-4428	-1061	1602	-1722	1034	-1293
-4572	469	1131	-1544	-1075	-1121
-3163	-613	782	24	-1608	-126
-2475	-859	593	579	-3695	-1281
-2482	-1173	341	947	-6026	-3048
-2464	-926	-89	737	-7708	-4836
-2986	-1143	-505	61	-8142	-6168
-8216	2047	-6886	-1928	-5592	-3943
-4754	-1618	-5053	-8103	7869	844
-6911	-3828	-3915	-3018	5773	-1222
-6834	-4024	-4976	1552	10637	-3002
-4805	-2310	-2736	4356	9677	-4985
-3214	-1337	-629	7113	-97	-10585
-6055	-343	-6189	4423	-7444	-12599
-7204	-9547	-9732	-5897	1584	-12206
-394	-1897	-960	-1369	-5	-10446
-3213	-3437	-2335	3276	-410	-8567
-5826	-1687	32	6532	-6817	-8826
-5393	-829	-407	4750	-15368	-6177
-1075	-2358	-1783	-1680	-12563	-4298
-1366	-5244	-856	-3409	-4890	-2163
-984	-3540	-425	-871	-3408	-1605
-441	-2839	-313	352	-3877	-1228
655	-3578	-824	1148	-4535	-3374
1282	-6552	-2446	34	-4669	-8490
1835	-4819	-2530	2127	-2205	-5821
945	-4105	-1157	1153	1369	-2561
-5	-3489	-308	667	3779	-1562
-354	-2327	87	521	4736	-1141
-738	-1059	294	1208	3775	1540
-263	-3361	1043	2291	2495	3791
-1949	-8201	1691	-3280	-2214	-9564
1280	-1450	-112	-1204	779	-3410
1219	-1573	111	-758	1080	271
817	-7363	985	-4412	-859	-1716
412	-4212	32	-1770	-2039	614
479	-4731	-788	1388	-2304	1147
441	-3250	-553	-404	-1377	62
731	-4363	-613	-823	-191	-757
1029	-3939	-728	-238	552	-1529
2032	-4261	-454	255	556	-797
2456	-4242	-448	-47	132	406
347	-4714	-455	348	-34	968
266	-3760	-102	570	-140	356
436	-4169	-79	519	-356	281
320	-3947	-42	308	-418	445
-153	-4060	-3	276	-299	576
236	-4117	-137	404	-169	583
172	-4099	-16	463	-255	703
87	-4075	-13	424	-390	666
-3	-4022	29	425	-358	488
90	-3938	135	339	-257	133
237	-3903	156	40	-188	-68
189	-4062	159	-240	-213	-2
289	-4047	4	-386	-234	42
-101	-4006	-25	-241	-69	188
-13	-4181	47	-150	16	-30
237	-3938	52	-278	16	-136
312	-4216	-21	-301	10	-200
-125	-3918	-38	-248	8	-49
76	-4157	-57	-188	6	-169
280	-4131	-23	-205	62	-125
-1697	539	3423	885	186	-1164
-1622	868	3177	1036	450	-688
-1609	932	3001	967	641	-346
-1577	805	2987	784	772	14
-1542	517	3103	532	799	183
-1605	288	3295	343	724	33
-1638	220	3525	262	707	-255
-1606	263	3790	329	684	-291
-1554	130	3951	415	612	-149
-1541	60	4102	374	448	-285
-1504	265	4080	249	88	-576
-1339	473	3765	177	-67	-608
-1138	465	3592	148	92	-493
-1034	526	3649	109	227	-402
-1099	686	3742	120	177	-107
-1414	582	3851	137	-70	314
-1734	282	3552	58	-233	267
-1713	-24	3439	135	97	18
-1423	-246	3684	402	233	-332
-1358	-155	3778	708	-20	-437
-1675	54	3254	841	-427	-675
-1752	134	2286	756	-352	-1216
-1635	301	1699	514	366	-1928
-1531	728	1788	170	1139	-2149
-1524	847	2483	87	1431	-1259
-1549	758	3303	198	1147	-63
-1633	542	3943	141	163	440
-1795	132	3811	-24	-384	462
-1767	-319	3682	10	-56	365
-1445	-463	3610	20	187	-140
-1340	-241	3467	-88	-34	-711
-1322	177	3162	-234	-220	-960
-1180	349	3018	-166	5	-511
-1182	-30	3171	-146	230	384
-871	-105	3630	-278	14	747
-1285	673	3895	-540	-1022	1068
-1477	117	2532	-356	-1240	1642
-1199	-218	1968	-262	363	1199
-579	144	2278	-433	2525	803
-888	185	2472	-861	3942	1427
-2023	-220	2211	-770	4487	2236
-2180	-507	2243	109	4218	2380
-1998	223	2457	-302	3839	1991
-2587	-500	2424	-962	2199	1879
-2635	-626	1739	-148	-214	1698
-1882	-511	1053	210	-2602	1656
-1360	-113	554	529	-4391	1405
-1248	-58	230	159	-6523	1295
-10	-34	-568	-251	-5816	1248
-3887	-91	128	-1389	-1299	1432
-30361	3733	-3771	384	-4006	3509
-8277	1261	-2197	3738	18404	552
-11053	3420	2577	1682	22353	-178
-1867	726	14405	2576	23567	1279
-10081	4388	21398	1493	13747	-1017
-6174	2356	7478	-818	-1872	3387
-2484	-2161	437	-2617	-3779	2652
-50	-2554	-847	-1929	1539	139
-723	-3379	-879	-1158	7939	-3026
-1210	-2086	-977	-561	12721	-6000
-5139	-425	814	670	12164	-3633
-5237	1655	1068	2605	7332	1815
-4346	1286	642	3698	6627	4474
-5862	2697	991	4223	7498	4500
-9384	4194	1827	2371	5222	621
-7752	3467	1725	1369	4108	-3813
-3396	1817	1073	896	395	-1489
-1163	820	433	1051	-1733	884
-613	234	99	755	-3523	1751
-716	113	19	540	-5205	1918
-1008	89	-69	327	-7186	1288
-6700	-586	919	-1910	-9952	-1763
-10562	-3598	-2653	-1860	-10488	-12557
-10397	105	-856	-565	-10159	-14061
-6430	1110	-1264	-739	-12257	-6494
-4938	920	-2204	-1291	-12834	-340
-3823	730	-4088	-4094	-9251	863
-4704	256	-5320	-5384	-5647	-4046
-3801	315	-4790	48	-251	-7276
-4341	2009	-2084	3621	5902	-6403
-4084	2298	-281	2007	4942	-3806
-2656	624	-88	238	3393	-1750
-5672	-4997	1442	-1109	4768	-905
-9487	-9568	4332	-721	3550	-904
1615	-3531	1360	-818	2807	1019
-1294	318	1455	-1472	7229	360
-2803	-1357	-199	-2923	6608	-34
-4307	-1141	-843	-1737	5490	-1565
-6033	-415	-112	-404	3177	-3099
-5041	-1530	-59	9	1568	-5254
-3352	-3396	-138	-237	1141	-6048
-3441	-3354	-290	-458	681	-4794
-4086	-3326	-580	-425	-217	-3568
-3565	-2928	-535	6	-680	-3415
-2602	-2948	-278	237	-683	-3178
-2477	-3075	-85	-1	-573	-2294
-2368	-3088	-293	-127	-642	-1289
-2262	-2972	-114	-29	-683	-700
-2328	-2814	-124	23	-541	-163
-2365	-2845	52	-61	-404	193
-2380	-2849	135	-274	-288	195
-2517	-3083	283	-375	-79	91
-2680	-3049	265	-414	175	-79
-2836	-3089	107	-551	84	-589
-2878	-3135	151	-839	-167	-861
-2692	-2947	-277	-937	-297	-958
-2661	-3130	-339	-774	-429	-803
-2623	-2892	-460	-602	-475	-670
-2686	-3290	-290	-367	-508	-369
-2792	-3201	-231	-87	-379	-404
-2508	-2977	-325	53	-439	-591
-2658	-3213	-85	63	-276	-523
-2490	-3135	-165	107	-166	-550
-2632	-3311	73	78	-213	-603
-2436	-3165	-145	-91	-317	-697
-2456	-3147	-74	-41	-369	-821
-2386	-2974	-164	32	-192	-442
-2535	-3203	-14	22	-229	-536
-2483	-3296	-12	42	-154	-545
-2527	-3121	12	-59	-258	-750
-2316	-3199	-146	-12	-84	-641
-2351	-3339	-129	41	-113	-682
-2378	-3442	-175	147	-187	-797
-2360	-3368	-26	183	-173	-712
-2384	-3307	-48	124	-178	-614
-2219	-3269	-119	117	-187	-542
-2236	-3377	-115	299	15	-399
-2243	-3200	0	274	-43	-474
-2194	-3166	-31	219	-19	-504
-2189	-3394	32	120	19	-470
-1536	201	3712	123	206	-578
-1490	168	3645	44	190	-624
-1445	116	3609	6	207	-600
-1384	104	3534	12	265	-556
-1380	198	3540	70	366	-440
-1411	298	3587	134	422	-276
-1487	282	3588	130	431	-207
-1492	179	3611	131	522	-222
-1511	46	3683	149	498	-319
-1893	31	3872	122	311	-550
-2381	341	3529	25	-85	-553
-2236	712	2850	298	762	-225
-1959	535	3348	623	1543	274
-2020	-106	3725	628	1083	132
-2027	-609	3595	381	465	-266
-2025	-656	3000	88	78	-1029
-1965	-118	2430	-114	248	-1736
-1789	614	2312	-135	868	-1609
-1700	1015	3022	-178	1379	-700
-1955	856	3865	-208	1117	327
-2213	200	4223	-239	216	890
-2116	-489	3852	-418	-275	648
-1788	-769	3553	-527	-338	-130
-1550	-678	3123	-431	-336	-590
-1487	-596	2835	-244	-163	-699
-1622	-349	2730	-66	189	-755
-1692	-104	2871	33	465	-627
-1756	-17	3103	-61	513	-511
-1740	107	3259	-320	370	-432
-1639	463	3397	-454	229	-168
-1661	792	3481	-368	97	503
-1804	830	3673	-197	-163	1494
-1765	359	3401	-202	-189	2039
-1437	37	3694	-522	158	1756
-1221	-334	4026	-587	-132	1537
-1211	-537	3596	-570	-842	1469
-1112	-482	2862	-534	-990	1432
-955	-590	2318	-390	-527	1460
-1328	-601	1498	-229	535	1441
-1071	-87	1242	-498	2149	1639
-1124	119	1473	-646	3542	2154
-1181	154	2388	-412	4125	2733
-2324	-297	2915	-65	3671	2836
-3237	-381	2353	742	1200	2998
-2349	-481	1669	158	66	2879
-2082	-720	1226	-399	-371	2032
-1355	-386	677	-1204	-1352	1197
-769	-258	290	-1416	-2375	590
-331	200	4	-1750	-1859	336
-1218	468	219	-1640	-1483	953
-18870	5777	4586	-2275	-7052	3789
-17805	1127	-7052	8297	9266	12934
-8733	2851	2393	2103	17061	5614
-8457	2757	6030	2293	17975	-233
-5772	5288	20727	3226	18894	1158
-8302	1929	11002	115	301	6854
-3394	-2409	929	-2526	-4605	6609
-1939	-2807	-243	-957	2718	4250
-2264	-2969	194	1533	7682	1348
-2403	-1726	328	3111	10899	-1365
-5397	927	2019	3835	10735	-1313
-3819	3079	1756	2986	7457	-85
-3054	5308	3678	855	5938	4073
-2474	2005	2642	2236	4147	7220
-4719	192	1443	2701	3112	5641
-5062	-736	1016	924	578	1420
-2572	1449	295	36	-945	-21
-1942	1214	390	-120	-2274	1350
-1714	935	231	108	-4900	2599
-2991	1521	193	-132	-8031	3198
-4867	3211	-949	-2646	-9956	2171
-4988	4117	-1380	-5044	-5473	-1644
-4436	2881	-548	-7146	-3139	-4081
-3807	2178	-259	-7780	-4977	-5946
-3048	1240	-412	-6212	-6142	-6458
-3805	2129	-423	-3221	-5393	-5739
-5133	5229	-300	5631	-2047	-2518
-7255	8255	-1900	12862	2740	-2819
2555	11219	-6672	7961	2348	-2546
-2544	5243	-2861	326	7776	3918
-5960	3054	1807	-543	4560	1289
-5206	2060	350	-274	3264	4459
-6039	2568	-818	5	2921	6474
-6825	3924	-229	-81	2789	5937
-6468	4330	-214	-203	753	4680
-4996	2714	485	-1245	-1220	5304
-2489	2625	430	-1474	-1731	6487
-1156	2620	392	-898	-779	6832
-428	2900	163	-19	266	6047
-643	3263	-63	542	1143	4250
-1062	3464	-224	819	1275	3052
-1411	3328	-237	623	1002	3024
-1438	3388	-132	-118	1000	3660
-933	3524	160	-778	605	4218
-533	3760	457	-1044	257	3691
-681	3942	554	-602	-69	2595
-917	4176	387	-201	0	2036
-1369	4055	373	-249	296	1982
-1217	3973	474	-255	223	2346
-913	3699	704	90	524	2493
-594	3623	722	534	761	1914
-825	3711	631	627	472	1012
-426	4178	74	285	-631	270
-42	4247	-132	-14	-889	5
122	4145	-119	30	-355	104
70	4185	57	112	35	132
-305	4047	231	310	183	130
-385	3969	236	317	160	-83
-495	4063	170	270	82	-300
-537	4051	155	147	20	-430
-536	3974	224	114	21	-500
-543	3980	201	124	17	-537
-549	4006	182	79	17	-620
-577	4078	195	94	50	-703
-718	4161	153	63	154	-754
-844	3994	196	48	92	-711
-763	4055	142	-6	87	-586
-763	3908	235	-51	25	-619
-843	3891	220	-13	-27	-540
-806	4072	165	-41	-1	-520
-810	4097	161	-112	25	-727
-768	4015	182	-52	3	-879
-889	4043	175	-49	66	-918
-1067	3892	244	-56	85	-1029
-1075	3950	171	-25	-4	-829
-1064	3977	211	-61	79	-661
-1226	3690	292	-32	134	-531
-1156	3920	176	23	119	-234
-1182	3908	211	24	127	-80
-1173	3909	201	59	114	86
-1305	139	3905	197	105	-363
-1506	401	3701	153	-55	-255
-1467	542	3599	149	2	-128
-1472	483	3802	227	270	-127
-1578	153	4093	307	186	-200
-2414	96	4143	226	-458	-203
-2758	427	3015	604	3	478
-2432	72	3153	711	1057	945
-2264	-171	3349	396	1274	245
-2285	-103	3312	35	1179	-387
-2182	-10	3241	-108	1060	-697
-2165	1	3371	-198	976	-814
-2239	274	3452	-289	892	-687
-2210	368	3398	-348	855	-20
-2028	-46	3508	-445	1064	370
-1856	-713	4069	-425	941	383
-1800	-1061	4337	-303	216	-229
-1671	-925	3667	-164	-642	-797
-1456	-621	2715	30	-627	-1126
-1332	-361	2312	156	17	-1380
-1354	-307	2462	271	575	-1373
-1420	-301	2938	275	757	-1435
-1446	-158	3467	232	423	-1394
-1508	-52	3748	243	-172	-1132
-1493	-4	3760	261	-770	-883
-1343	65	3469	300	-1187	-551
-1343	-119	3008	416	-1403	-171
-1267	-498	2480	468	-1111	80
-1168	-751	2731	415	-617	-81
-1414	-764	3132	355	-167	-596
-1583	-614	3743	331	259	-1160
-1647	-223	4112	320	-65	-1470
-1465	248	3839	262	-409	-968
-1191	-8	3277	305	-429	34
-979	-176	3034	149	-266	166
-901	-196	2707	-372	-223	188
-678	-99	2480	-390	251	444
-905	37	2075	-457	1032	800
-944	118	1734	-448	2217	1434
-762	269	1871	-663	3187	1876
-1320	-224	2077	-792	4176	2103
-2876	-106	2473	-263	4271	2197
-3222	-211	2554	-556	1947	2528
-2683	-92	2089	-575	-80	2730
-2338	167	1503	-1066	-1248	3288
-1965	147	969	-1938	-2428	3462
-1498	212	574	-2834	-3204	3065
-839	88	39	-2636	-2544	2947
-999	794	-186	-1872	-930	3764
-2641	1207	317	-1353	46	5229
-27696	2663	1821	1031	-4885	6984
-10124	-2290	-671	-849	15967	-6418
-7945	-596	4513	1456	14048	-4900
1915	-1124	11436	2828	18088	3693
-10784	10594	16754	5100	12421	283
-6847	1968	6186	-480	409	4310
-3037	-497	1415	-1950	85	1887
-645	-600	89	-720	4745	157
-1816	8	613	1451	9513	-1223
-4133	908	1407	3764	11817	-1994
-4477	1771	2438	3237	9741	-2151
-4130	1425	2679	1793	8803	-1600
-5207	1143	1989	1494	7605	-1178
-5043	1540	1476	1585	5593	-1110
-5626	2353	1581	464	2616	-1049
-3961	754	606	210	2425	-936
-3566	488	853	1653	3135	-1042
-2536	601	819	2188	1111	-852
-1470	311	362	2386	-250	-643
-932	-144	39	1991	-524	-1071
-1067	-409	86	1474	-430	-2155
-2111	-546	403	1326	-2283	-3849
-5385	-1559	1030	1726	-6491	-6128
-7187	-749	-908	1814	-9532	-7472
-6195	-568	-576	3268	-6202	-4492
-3224	-368	-650	3713	-6876	-2352
-2986	-792	-732	2804	-7661	-2028
-3156	-1147	-1076	2024	-8193	-3235
-2976	-984	-1371	1027	-8603	-5234
-3178	-2794	-2868	965	-8129	-6145
-2876	-4845	-6954	4184	-5911	-919
-3301	-7996	-7682	428	1342	-1194
-13589	-13564	5280	-2974	4975	-11990
-4156	-5814	1311	-2750	641	-10080
-5903	-2423	3472	-4136	2117	-9728
-7065	-3193	3512	-7383	3184	-14415
-3049	-1171	150	-8065	1356	-16783
-3356	-2120	53	-4388	2214	-15588
-3351	-1171	539	-1706	5804	-2689
-1785	-580	608	-585	3530	6127
4	-454	-142	-703	1408	8572
1359	-917	-451	-66	1881	12332
-433	-1366	75	-1346	584	13188
-1430	-10029	917	-9688	-1546	4237
-3359	-7879	-1782	-19796	-2338	-10966
-1095	-10163	-2797	-1477	-7014	-1770
-182	-2245	-2325	4054	-12237	5678
759	-2052	-3629	3582	-9065	1562
-1861	-3069	-2718	-1750	1142	-5946
-1667	-2842	-2595	-696	1202	-5203
-1584	-4653	-1688	-311	2303	-1831
-1321	-4549	-1323	330	3294	-1428
-1196	-3185	-697	-254	4068	-790
-1456	-3712	339	-212	3635	110
-2290	-3472	1555	-45	1374	36
-1567	-3743	754	-708	-922	-762
-1863	-3761	-438	-979	-2003	-250
-1938	-4328	-1382	-765	-1353	-169
-992	-3683	-1238	-363	-490	-513
-730	-2733	-1366	-387	401	-534
-1497	-3336	-1111	-480	932	-137
-2432	-4444	-451	-273	639	-115
-1727	-4069	-1031	-104	247	-462
-997	-3588	-1275	16	779	-474
-1277	-3570	-846	17	1132	-287
-1727	-3685	-336	59	565	18
-1713	-3916	-711	69	-137	17
-1290	-3508	-887	155	-94	-76
-1160	-3405	-873	65	1	-32
-1556	-3829	-830	29	-25	143
-1431	-3910	-928	211	-179	232
-1311	-3533	-856	325	-88	144
-1282	-3570	-728	220	16	189
-1453	-3727	-848	139	-26	280
-1545	-3779	-847	241	-23	421
-1502	-3531	-655	262	32	284
-1552	-3453	-673	74	109	101
-1601	-3814	-759	-78	151	36
-1582	-3828	-832	-29	106	150
-1655	-3842	-743	25	9	210
-2075	-269	4101	-279	29	-763
-1767	317	3904	-177	-20	-330
-1587	599	3873	-186	236	206
-1715	487	3852	-266	534	491
-1691	65	3884	-334	664	523
-1593	-407	3827	-387	383	276
-1460	-596	3452	-426	82	-169
-1365	-383	3044	-367	186	-421
-1270	-161	2825	-235	623	-310
-1366	-107	2916	-140	1127	-89
-1507	-104	3357	-134	1476	3
-1720	-9	3957	-151	1420	44
-1783	121	4335	-131	956	130
-1630	158	4329	-78	331	258
-1378	-26	3918	-59	-61	329
-1106	-213	3558	-85	-69	197
-1027	-264	3365	-85	-1	-34
-977	-207	3107	-92	128	-95
-894	29	3040	-194	495	-130
-1076	421	3305	-234	253	25
-1666	305	3000	-279	-424	424
-2150	-94	2193	-244	-713	739
-1990	-595	1473	-128	117	861
-1532	-582	1675	167	1727	911
-1203	-69	3122	287	2704	520
-1692	554	4659	258	2112	-7
-2282	879	5273	230	366	-6
-1989	563	4378	298	-1017	487
-1191	255	3285	361	-1420	646
-516	224	2414	255	-1326	537
-309	294	1978	170	-717	568
-448	387	2220	238	-162	596
-487	250	2797	238	132	613
-501	156	3601	36	-37	276
-558	313	4115	-321	-759	-276
-1075	738	3818	-540	-881	-303
-1422	779	3369	-627	-624	147
-1338	728	2414	-719	338	745
-1196	515	1826	-880	2007	1775
-1154	267	2015	-948	4081	3062
-1418	86	2761	-994	5180	4056
-2448	-915	3861	-663	4814	3677
-3468	-756	4199	-505	3122	2039
-3548	-109	3378	-975	1864	1527
-2432	-237	3269	-1201	1052	1250
-2222	5	2893	-1213	-712	1221
-2086	140	2108	-1351	-1880	1693
-1265	-112	1481	-1277	-1954	2151
-246	-374	1046	-656	-879	2405
-1238	401	681	-1120	-1015	2626
-9547	1724	2756	-1692	-7613	2358
-13060	-4953	-11718	138	-3823	-5138
-13677	-3530	1071	527	18220	-8342
-7646	2790	4553	3680	16925	-363
-6089	11345	21333	7583	20367	-2566
-8782	4776	12929	729	1046	-1361
-4280	797	2257	-2203	-4016	-444
-1125	350	-927	-1018	87	1850
-1824	-78	-828	-180	4640	1943
-2189	-1404	-626	349	8119	384
-3834	-1518	579	1398	11107	-1247
-3797	-725	2677	1497	11627	-1739
-4621	324	3466	1996	10005	-2706
-5621	1662	2482	2147	8533	-2694
-5175	1986	1729	1599	7341	-2214
-4314	1533	865	1219	7366	-3298
-3773	633	-249	2361	8860	-4554
-4915	-3	358	3648	7532	-3789
-5520	-1129	777	4079	-286	-309
-3450	-1128	-379	5262	-4941	755
-1493	-327	-1294	5178	-3463	-153
-3294	-928	-397	3083	-510	190
-3337	-1056	-111	3304	-2403	2581
-2605	-567	-163	2793	-3909	3988
-3429	-710	-152	1428	-5375	4020
-5413	-1041	-529	-862	-6386	2009
-6770	-703	-1056	-1821	-5049	-2011
-6402	1294	-990	-973	-5031	-2729
-6216	1327	-1087	-661	-5521	-1220
-5078	664	-1098	359	-5960	152
-3784	19	-1036	791	-5869	413
-3044	-593	-998	903	-5370	-247
-2330	-1089	-1024	468	-4355	-1548
-1893	-1041	-1001	-39	-2658	-2714
-2308	-1222	-997	-552	-1010	-2721
-3287	-1487	-943	-842	699	-1549
-4254	-1627	-754	-985	1903	693
-4537	-1762	-573	-1035	2685	3114
-4281	-1972	-234	-358	2862	4092
-3739	-1775	-53	420	2619	3282
-3447	-1618	4	836	2617	1465
-3782	-1560	92	949	2994	-571
-4394	-1210	350	972	3364	-1945
-5461	154	736	602	3082	-1147
-7283	-2292	1017	57	1685	-519
-6704	-2780	657	-427	787	-2794
-4267	-1222	275	-151	444	-2118
733	184	224	-237	1127	-1386
-1659	-1182	221	-224	1846	-1637
-4134	-1637	238	-59	1972	-649
-4658	-1181	100	155	1703	-663
-3927	-973	246	277	1580	-1468
-3772	-1039	47	305	1884	-1846
-4231	-1191	-190	232	2126	-1642
-4305	-1253	-418	140	1970	-1336
-4474	-1264	-526	138	1539	-1297
-4546	-1196	-515	150	1233	-1490
-4371	-1370	-463	167	1147	-1622
-4308	-1545	-574	176	1260	-1625
-4191	-1534	-688	74	1117	-1385
-4107	-1734	-786	14	808	-1271
-3683	-1664	-635	-4	427	-1166
-3623	-1815	-658	-3	204	-1190
-3538	-1777	-606	20	-7	-949
-3442	-1891	-607	60	-142	-819
-3307	-1674	-470	69	-230	-748
-3270	-1876	-467	110	-222	-721
-3267	-1872	-429	138	-150	-779
-3446	-1906	-470	173	-99	-768
-3616	-1965	-517	165	-67	-656
-3556	-1987	-519	148	-26	-535
-3638	-2024	-545	94	42	-302
-3787	-2055	-577	32	164	-153
-3684	-2085	-599	1	174	-114
-3549	-2090	-577	-16	122	-20
-3392	-2028	-537	-38	64	175
-3357	-1967	-522	-64	-8	353
-3354	-1889	-500	-59	-58	372
-3310	-1864	-487	-46	-68	334
-3356	-1859	-502	-30	-41	259
-1202	-359	3458	-112	97	778
-1264	-442	3639	-86	184	717
-1357	-460	3808	-55	87	668
-1420	-479	3710	-17	-37	687
-1401	-541	3571	33	-1	682
-1383	-555	3497	57	132	624
-1437	-534	3566	19	256	529
-1329	-408	3900	-66	377	482
-1256	-221	4486	-155	363	479
-1444	-250	4785	-213	-95	560
-1600	-99	4452	-293	-524	711
-1467	-146	3858	-352	-502	944
-1424	-259	3598	-357	-293	850
-1963	-713	3269	-233	-184	899
-2563	-1243	2630	-266	275	551
-2484	-1023	2683	-530	1513	-621
-2452	-9	3494	-319	1615	-724
-2551	500	3869	215	1019	-34
-2688	526	3953	635	282	113
-2573	230	3891	698	-229	-130
-2251	73	3600	594	168	-450
-1920	236	3666	630	638	-420
-1754	439	3432	657	467	-206
-1884	493	2879	704	309	-111
-1800	380	2503	670	528	-224
-1571	291	2327	639	866	-429
-1282	187	2449	671	1257	-446
-1163	48	2840	637	1391	-469
-1191	-49	3328	531	1084	-693
-1482	-41	3718	389	258	-954
-1753	122	3572	175	-765	-1259
-1130	383	2873	51	-1035	-1149
-281	490	3399	175	-763	-718
-306	483	4052	265	-1319	-514
-1175	351	3862	443	-1738	174
-1365	58	3121	171	-1847	137
-1110	460	2449	-264	-1122	-644
-1018	779	3157	-275	-206	-299
-1465	608	4284	-18	-265	425
-1842	248	4538	-97	-910	956
-1866	237	4128	-238	-954	1035
-1655	32	4254	-354	-568	827
-1539	-179	4562	-403	-408	448
-1408	24	4377	-465	-528	411
-1341	205	3728	-484	-459	774
-930	-161	3108	-373	-135	1104
-1090	-537	2706	-539	946	1048
-1669	-287	2158	-629	2363	1408
-1250	-625	2592	-377	4097	1640
-866	-248	4806	-9	4511	889
-2815	358	6005	-845	2583	239
-3820	784	4705	-1608	-274	724
-2329	142	3205	-1549	-1000	1745
-1494	-386	2872	-1499	-983	1951
-1550	-452	2097	-1393	-926	1739
-1631	-226	1495	-1187	-360	1908
-1735	-119	1482	-1202	126	2180
-1862	-195	1635	-1234	239	2334
-2122	90	1361	-1297	-466	2159
-1616	51	829	-1809	-1613	1751
-899	31	310	-1865	-1933	1489
-735	192	29	-1383	-1568	1917
-798	500	-72	-585	-469	2804
-1848	497	215	176	220	3796
-10551	-1132	1865	1273	-2734	3968
-17347	-3164	-4787	196	7216	-3300
-8843	-361	1158	1166	17072	-5430
-3829	3124	16749	2389	20752	461
-9415	4214	20018	2629	7575	2372
-6676	1785	8465	702	-5346	1162
-2382	428	1038	781	-7430	2798
175	-667	-1457	-66	-4279	3183
669	-1200	-1940	457	956	1409
-296	-117	-1684	930	7286	142
-2329	92	-567	1244	12755	1682
-6224	412	2446	3043	13101	1683
-6861	806	5893	2299	10417	1195
-5427	585	6197	1293	5248	580
-3690	1177	4357	1053	3090	292
-2609	1066	1611	757	3572	323
-2454	971	-35	951	5980	-268
-2705	1269	-357	1204	8948	-144
-3539	946	-89	646	9848	540
-4094	451	131	12	9048	913
-4039	60	268	-65	6990	730
-4906	11	489	-319	4069	1028
-6747	1304	766	-358	-1678	2806
-3868	1075	-428	-1979	-6586	6138
-1367	425	-875	-857	-3936	7824
-1607	749	-460	240	-1494	8241
-2317	1234	-39	13	-2047	6923
-3620	2514	-74	-2469	-3899	4236
-3912	1554	-767	-5460	-4908	-592
-3746	1584	-676	-4245	-3310	-4449
-4328	2194	-444	-3680	-3303	-4622
-3601	2116	-512	-3670	-3817	-1934
-2599	1797	-531	-3201	-4151	554
-4959	7181	-4032	-2653	-2374	2546
-4952	16797	-5415	6991	4605	10552
656	3942	-1740	2667	7658	3432
654	1777	443	1391	6206	-1248
-4373	3723	-2298	515	5113	-3439
-6773	2450	-2111	-1647	3285	-289
-6724	519	-2098	-3431	2276	4342
-5768	3793	-1053	-2732	496	7117
-4207	3742	-424	-1960	190	7527
-2620	3239	-592	-2591	160	8287
-1971	3255	260	-3153	-42	8312
-1367	2280	219	-3158	-1214	7995
-632	3185	-204	-2617	-1445	6239
-736	3499	-371	-2833	-636	5862
-711	3515	-232	-3292	-454	6866
-301	3606	109	-3800	-332	8121
392	3312	1496	-2682	-513	6904
364	4315	1132	-964	-1082	3153
431	4457	660	-1133	-749	603
-16	3476	681	-942	-453	500
-534	3482	1298	-570	-5	1081
-243	3695	1312	-33	121	1378
20	3353	1403	215	407	1344
247	3560	1194	375	316	1226
727	4316	911	497	12	822
826	4552	695	-16	-127	1089
366	3924	701	-506	-345	674
-108	4034	743	-612	-503	403
153	3403	941	-138	-145	-240
176	3566	1339	476	474	-1073
421	4096	1284	433	-200	-822
984	4468	876	140	-1157	120
1091	4391	456	-410	-1718	285
-1995	-247	3307	-239	663	-507
-1816	98	3328	-150	518	-374
-1702	69	3255	-84	539	-35
-1690	-196	3444	-66	617	207
-1699	-334	3780	-87	489	208
-1730	-254	4013	-63	189	277
-1794	-228	3997	10	-146	336
-1625	-245	3760	45	-354	260
-1425	-259	3555	-3	-316	162
-1322	-235	3494	-83	-180	63
-1511	-393	3462	-82	-153	76
-1814	-672	3317	-85	39	-96
-1811	-662	3451	-47	80	-357
-1627	-102	3575	-182	161	-349
-2205	-33	3791	-178	69	-48
-2718	-226	3507	-77	-80	-84
-2432	-253	2914	200	35	-39
-1861	-489	2503	586	437	48
-1628	-806	2753	930	857	-139
-1769	-661	3360	1057	868	-1128
-2005	-176	3913	1155	561	-2129
-1866	507	4052	1314	225	-2397
-1459	851	4018	1449	-101	-1875
-1100	816	3619	1411	-498	-1538
-866	530	2987	1208	-577	-1553
-709	187	2653	1042	-466	-1689
-662	162	2453	935	-544	-1775
-617	119	2129	837	-530	-1885
-649	57	2144	726	-425	-1986
-905	200	2342	704	-435	-1780
-973	357	2550	797	-317	-1429
-1168	342	2760	682	-250	-1448
-1304	716	2871	370	-405	-1531
-1114	1393	3029	159	-157	-902
-1248	1749	3513	-140	280	466
-1742	1174	4067	-16	234	1734
-1885	297	4120	7	-379	1834
-1445	-452	3824	-318	-425	1607
-1101	-1147	3446	-351	311	1699
-1264	-1595	3179	-36	1014	1845
-1372	-1404	2804	842	1634	1054
-1726	-342	2607	853	2167	681
-1807	69	3423	1335	2617	-72
-2554	373	3798	811	857	-1235
-2815	1064	2641	761	-706	-1184
-1876	831	1873	163	-1037	-709
-1390	306	1244	347	-548	-268
-1042	-190	963	143	-1149	145
-950	-175	544	90	-1987	379
-1810	-477	425	11	-3007	284
-15017	596	697	1466	-5763	708
-15590	1959	-2296	-1189	11100	-1397
-6711	-419	1430	1593	16478	-4163
-7647	1221	19068	109	16996	-4201
-8268	991	17298	-249	3063	-1197
-4707	2056	6028	-1922	-3688	-2261
-1131	1739	376	-1933	-3916	-2171
945	1130	-1947	-1090	-213	-246
198	260	-1608	-1575	4792	-152
-948	-989	17	-1976	10166	727
-5184	-2196	3628	-1667	12550	2377
-6067	-2384	4871	-184	7831	700
-4165	-511	4652	420	6052	-1884
-3936	1418	5339	844	5106	-1590
-3569	647	2776	915	3431	-1133
-3829	495	400	-117	3274	-1550
-3409	-403	-188	-159	4576	-1797
-3804	-613	645	765	6449	-2657
-4900	-849	1019	581	5595	-3088
-4814	-1359	883	782	3392	-3568
-4610	-1486	764	1125	712	-4077
-2890	-1006	-263	1079	-5	-3765
-3115	-469	47	2017	849	-3004
-2906	191	197	1665	-495	-2361
-2013	131	-176	1476	-1924	-1537
-2348	-734	63	1249	-2823	-2276
-2608	-1099	-234	1208	-3772	-3922
-3002	-1134	-513	682	-3533	-5295
-3505	-1484	-581	653	-3561	-5987
-3410	-1630	-585	1053	-3577	-5691
-3120	-1801	-675	1653	-3419	-4421
-2592	-2078	-724	2884	-2884	-1936
-2400	-2360	-664	4376	-2257	1192
-4380	-6996	-1399	3168	1005	2551
-5571	-8232	-1586	4586	2520	2527
-3934	-8284	-108	6977	2973	-1318
-3419	-2806	2284	8712	1829	-9505
-3951	-2548	3962	2914	-1846	-8331
-5551	-5013	1769	-329	-2865	-6809
-4117	-3078	1954	-322	-3584	-6848
-1297	-2253	823	-1538	-2684	-6598
-436	-1363	566	-3582	-572	-6776
-820	-2059	675	-2348	405	-6087
-931	-1689	729	-266	2513	-2206
-1163	-999	781	305	3773	2283
-754	-405	1266	624	3623	5508
-269	-1154	1787	-1118	2843	6973
-1675	-2861	2722	-1160	1616	7383
-5153	-13492	4803	-4914	-3304	-3171
-3641	-8007	1792	-4401	425	-5898
-693	-2346	629	-2937	-1486	-8078
-1300	-1597	-99	-395	-2272	-5116
-1614	-3488	-546	-582	-1746	-2700
-1948	-5590	1186	-1029	-322	-3757
-1629	-3582	996	379	263	-4027
-1115	-2760	1093	575	490	-2337
-1077	-3995	1386	-428	544	-2170
-1271	-3874	1484	-803	-261	-2168
-1081	-3545	1323	-870	-867	-1601
-609	-2688	991	-827	-713	-137
-247	-3232	944	-1848	-942	204
-234	-4440	717	-2662	-1069	-1461
-1091	-5127	322	-2886	-1112	-4249
-717	-3794	822	-1871	-1907	-4392
417	-3695	684	-1506	-3007	-1128
39	-5291	-252	-954	-2502	-268
438	-4350	-292	-423	-2181	-426
466	-3955	-196	-486	-2012	66
586	-4554	-650	-151	-1595	-6
426	-4225	-570	195	-1056	-74
492	-4293	-317	718	-585	372
534	-4708	33	957	-232	442
196	-3972	544	1073	-4	578
-97	-4035	557	631	-185	1052
-171	-4019	450	435	-297	1058
-251	-4113	387	485	-371	1118
-258	-4067	587	582	-346	999
-400	-3893	584	387	-380	681
-690	-3966	543	239	-351	474
-500	-4054	505	316	-303	262
-1334	-585	4022	-206	410	-191
-1338	-427	3981	-199	295	-453
-1321	-225	3888	-195	202	-499
-1332	-158	3730	-208	132	-457
-1388	-108	3694	-276	127	-418
-1368	108	3644	-394	134	-310
-1360	182	3567	-593	282	-380
-2428	-529	3513	-560	73	-255
-2633	-874	2920	-355	487	-303
-2094	-260	3065	28	1109	-74
-1940	145	3217	332	1301	256
-2211	247	3376	587	1295	367
-2361	229	3747	683	1163	138
-2429	-76	4060	706	704	-238
-2338	-27	3875	766	321	-680
-2058	443	3706	854	588	-665
-1575	901	3996	841	679	-411
-1567	1155	4034	732	285	-185
-1644	898	3587	653	-182	177
-1340	542	3170	566	-221	324
-1007	319	3053	397	-113	180
-886	191	2968	249	-7	-120
-1075	101	3089	236	26	-343
-1267	90	3120	224	-269	-409
-1193	164	3041	183	-380	-528
-1115	287	3367	167	-428	-720
-1272	472	3751	364	-565	-563
-1418	332	3910	621	-723	-297
-1272	242	3760	495	-1408	-508
-1186	234	2946	299	-1750	-975
-1214	563	2395	189	-1280	-1159
-1028	651	2594	168	-500	-878
-1004	449	3163	170	-61	-642
-1198	231	3452	228	238	-560
-1233	83	3430	162	198	-437
-1397	-2	3008	96	274	-103
-1496	-123	2363	-43	763	-24
-1282	-102	1808	-263	1314	-174
-979	-24	1874	-416	2186	-116
-1877	-43	1917	-580	2556	126
-2052	283	2465	-413	2353	599
-3557	740	3271	-172	2659	1323
-3585	388	3498	-563	1182	1870
-2742	151	2930	-664	-709	1257
-2133	196	1788	-983	-1311	1260
-1260	-318	1113	-1287	-933	1550
-777	-447	1037	-1243	-307	2026
-380	-495	1180	-1130	-424	2150
-560	82	786	-1153	-124	1640
-3105	850	849	-1272	-98	1732
-18199	4779	-1957	747	-3152	5755
-14436	1739	1352	2536	13542	7992
-8505	-3672	6963	-88	15587	-507
-9656	-3196	23937	-505	12996	-3712
-7117	1360	11704	1152	-2389	977
-2361	1350	934	522	-7065	139
1116	517	-2615	849	-1931	554
616	442	-2291	1161	3991	1054
96	472	-2076	1579	9783	-469
-2916	1075	-1434	1601	17751	-1400
-7879	215	2089	1995	16869	-2342
-6693	751	4223	1597	12842	-1194
-6093	1501	4770	1499	9745	-592
-5557	1498	3715	1125	7498	-171
-4134	1133	1552	546	6351	-431
-3311	824	242	417	6259	-572
-3935	358	124	538	4967	-1241
-4554	44	331	948	1199	-2105
-3796	851	-10	721	-2534	-2270
-3110	1235	-333	-1025	-4108	-1289
-2485	882	-316	-1325	-3884	488
-3700	409	-288	-380	-3527	3051
-4571	-553	-565	-315	-3203	3814
-4042	-1212	-406	-1047	-3416	1336
-3006	-453	-429	-1468	-3758	-1450
-3021	65	-627	-1945	-4050	-3460
-4759	790	-915	-2389	-3962	-4517
-8016	858	-881	-970	-2859	-3838
-8121	2404	-665	923	-4332	-1325
-5997	2520	-634	833	-5798	1808
-4452	1827	-828	-30	-6825	2492
-3610	731	-953	-566	-7066	1181
-2948	-208	-1255	-1416	-6379	-1863
-2698	-890	-1427	-1330	-4844	-3811
-2668	-1384	-1583	-119	-2326	-3093
-2683	-782	-1366	1183	381	-165
-2664	-611	-781	1044	1744	3081
-3075	-266	-390	798	2000	5086
-3477	242	-370	1279	2395	6772
-5324	-2892	-2578	1275	5799	1936
-10139	2515	2303	207	7733	-5133
-8304	1358	1877	-169	5772	-3714
272	-4331	-135	-569	5775	4778
-721	313	-219	117	4712	6068
-4240	1625	-26	607	6627	4437
-5729	2008	-42	-105	6136	3109
-5034	1536	-697	-315	5798	2767
-4750	951	-1310	-748	4861	3406
-4981	1405	-1336	-1077	3706	3806
-5072	1804	-1390	-1121	2875	3500
-4686	1882	-1759	-732	2016	2812
-4029	1801	-1762	-670	1051	2349
-3643	2208	-1467	-744	463	2309
-3480	1959	-1463	-542	196	2101
-3159	2284	-1301	-448	-31	1345
-2900	1798	-1328	-552	-218	1021
-2932	1735	-1186	-304	-238	1042
-3070	1861	-1151	-285	-107	1109
-3050	1952	-1110	-142	-8	1098
-3045	2331	-1046	-215	177	1023
-3096	2018	-1134	-211	374	809
-3161	1970	-1156	-157	414	724
-3003	2452	-1110	-129	492	596
-3027	2272	-1155	-204	458	432
-3021	2450	-1234	1	435	228
-3065	2322	-1312	24	377	256
-3056	2527	-1175	41	216	66
-3060	2255	-1433	111	195	-235
-3169	2310	-1340	151	92	-361
-3146	2284	-1315	120	36	-394
-3124	2249	-1301	110	0	-380
-3107	2232	-1296	103	-7	-365
-3153	2226	-1306	95	13	-335
-3158	2210	-1322	87	40	-292
-3161	2194	-1318	88	53	-251
-3172	2188	-1313	70	31	-209
-3229	2176	-1344	44	0	-155
-3261	2193	-1346	17	-49	-98
-3232	2180	-1324	-2	-85	-48
-3218	2170	-1309	-13	-82	6
-1230	14	3401	276	-98	-830
-1252	172	3407	331	230	-939
-1580	382	3691	411	337	-800
-2108	769	4099	404	319	-460
-2736	1468	4373	429	147	96
-2458	1554	4027	675	904	1092
-1977	625	4017	328	1007	1298
-1891	-100	3550	-5	315	718
-2133	-490	2809	-175	-269	-116
-2095	-414	2128	-464	119	-800
-1997	313	2050	-552	1270	-1468
-2221	983	2913	-730	2029	-1360
-2382	1141	3993	-716	1804	-160
-2589	212	4993	-508	1050	1627
-2642	-1134	5407	-417	-231	1894
-2200	-1679	4459	-381	-1496	373
-1521	-1009	2959	-312	-1654	-1156
-1133	-99	2132	171	194	-1181
-1133	-99	2132	171	194	-1181
-1442	51	2793	300	715	-974
-1771	156	3537	264	533	-771
-1851	309	4026	65	-88	-536
-1776	490	4260	-77	-831	-93
-1424	221	4130	60	-1417	521
-1109	-196	3772	200	-1900	625
-991	-481	3096	285	-2283	254
-1053	-357	2141	347	-1863	56
-1098	-52	1624	394	-528	131
-1208	440	1901	213	905	77
-1130	309	2275	53	1986	345
-1152	-184	2813	135	3040	799
-2144	-658	3356	341	3171	883
-2474	-252	3659	86	2089	665
-1791	129	3580	-373	1151	507
-1226	206	3612	-172	304	444
-1610	446	3049	-183	-480	310
-1542	357	2311	-391	-322	397
-1700	111	1675	-771	786	808
-1646	-241	1472	-749	2177	935
-1628	-82	2004	-730	3807	1022
-2301	-248	3395	-870	3520	1570
-2845	-817	4204	-507	1195	2187
-3301	-1082	2957	-389	-1395	977
-2339	-491	1545	-664	-1933	-590
-1602	-265	1164	-890	-1304	-1122
-1529	-124	1265	-743	-1224	-695
-1565	122	1249	-842	-3010	355
-1424	114	634	-1087	-5848	1247
129	-23	-440	-345	-4551	2018
205	409	-698	1119	1198	3204
-6773	2314	1901	-704	3560	4483
-20253	-873	-3327	1436	-4446	5837
-14007	2378	3644	389	18518	1404
-3108	1072	18813	-208	17285	811
-8837	3727	20619	666	3793	2139
-7321	-1297	6597	1120	-7191	3897
-1362	-987	-198	1608	-9683	2765
1915	-1674	-2909	399	-1826	1736
1270	-1566	-2521	538	5440	976
-549	723	-1171	1113	12597	1312
-5350	2555	1677	3800	17925	3214
-7107	2455	5055	3246	13067	3566
-5657	-520	6140	543	8267	2638
-5338	49	5310	1114	4183	1574
-3340	641	2729	1506	2510	1139
-2321	1271	967	1405	3343	1022
-2725	1349	-89	1451	5012	1532
-3068	1159	-378	2485	6758	1541
-3403	2419	381	2652	7630	2004
-3812	1567	230	2545	6700	2473
-3812	1567	230	2545	6700	2473
-3845	907	29	2262	5096	1756
-3085	1885	-291	446	3178	2126
-2573	1487	-501	-2045	1421	4049
-2443	1108	-584	-2784	207	5714
-3550	1443	-162	-3050	-1349	6375
-6373	2975	161	-4624	-7186	4764
-5187	3416	-959	-6926	-12525	417
-1049	638	-2044	-4016	-5893	-5158
-2428	1579	-298	-2115	-873	-8398
-2450	1778	-29	-3672	-2472	-9269
-2314	1038	-167	-4624	-4187	-7983
-2090	923	-330	-2691	-4957	-5480
-2374	1149	-603	-636	-3759	-3275
-4356	2174	-317	710	-966	-2054
-5098	2387	343	-181	-593	-1415
-5640	5843	-1676	9003	7924	-3428
-9803	13981	-2157	14426	8988	1642
6805	8432	4090	2607	155	-2273
-2826	3546	-4911	179	1582	1889
-6081	2238	-2266	-2353	1072	4499
-6335	2644	-680	-1820	1567	2643
-5121	2554	-399	-1323	2002	2365
-5215	3027	-34	-1502	2103	2784
-3489	1664	-894	-1602	3037	2652
-3225	2103	-871	-1765	4894	2001
-3539	2118	-839	-2002	6276	1742
-3630	2412	-844	-1986	7291	1886
-3521	2284	-1150	-2096	6937	2134
-2474	2378	-1263	-2880	6469	1959
-2432	2431	-759	-2540	4602	1656
-2163	2643	-1199	-2015	2686	1320
-2311	2487	-1157	-2242	1804	525
-2492	2703	-918	-1844	896	217
-2404	3016	-1034	-1137	274	-73
-3065	2951	-1259	-746	-31	-137
-3031	2789	-1251	-774	-137	307
-3104	3003	-1305	-624	-67	754
-2805	3001	-1098	-503	92	684
-2520	2907	-1274	-411	105	375
-2482	2716	-1026	-527	155	144
-2344	2562	-881	-647	72	261
-2344	2989	-999	-448	-98	60
-2537	2867	-1016	-449	-18	-391
-2388	2769	-1240	-223	-221	-199
-2704	2850	-990	-267	-239	196
-2584	2786	-842	-126	-251	349
-2596	2918	-1148	84	-144	129
-2733	2967	-1210	-118	-196	76
-2633	2965	-971	-154	-371	110
-2487	2846	-885	24	-334	58
-2644	2888	-970	63	-105	72
-2617	2980	-975	50	-6	123
-2594	2897	-929	93	10	99
-2510	2875	-910	116	107	98
-2624	2900	-962	175	244	95
-2674	2944	-1082	176	314	157
-2715	3011	-1095	133	325	202
-2669	2945	-1126	45	296	269
-2633	2998	-1115	19	237	345
-2540	-88	3570	463	-64	648
-2206	-316	2766	39	-40	299
-1973	-476	2359	-225	412	-117
-2066	-135	2428	-368	1097	-267
-2248	247	2901	-390	1574	83
-2374	618	3598	-543	1596	570
-2518	368	4219	-789	1447	1054
-2479	-192	4797	-1019	937	925
-2168	-723	4658	-1049	81	447
-1656	-965	3772	-925	-574	-109
-1218	-774	2792	-701	-502	-401
-1086	-565	2289	-350	213	-294
-1251	-405	2539	-4	1108	-192
-1546	-528	3306	160	1469	-312
-1649	-674	3954	146	1323	-665
-1522	-665	4502	94	760	-1016
-1427	-377	4645	151	-114	-1101
-1374	-320	4259	381	-868	-904
-1244	-123	3753	504	-1345	-807
-855	-29	3142	492	-1400	-663
-685	-124	2633	306	-1190	-598
-1068	-166	2287	203	-1015	-615
-1449	58	2190	181	-624	-387
-1703	-352	2526	409	52	37
-1944	-687	3419	527	600	-110
-2111	-646	4202	450	304	-558
-2003	-231	4518	305	-345	-978
-1679	-62	4457	235	-1035	-943
-1393	-102	3830	231	-1481	-793
-1264	-301	2981	270	-1299	-716
-796	-420	2515	326	-953	-982
-557	-418	2108	284	47	-847
-527	-309	2315	357	1350	-502
-674	-75	2722	339	2359	-225
-1272	-264	2984	367	3025	-87
-1690	-390	3152	485	3111	-374
-1717	-5	3545	265	2741	-865
-1748	450	3728	99	1710	-565
-1857	455	3231	108	630	-57
-2089	-67	2408	109	-14	-279
-1896	-221	1878	367	-506	-328
-1667	70	1369	472	-624	482
-1490	20	1292	435	-355	1694
-2023	-302	1449	852	-216	2244
-2235	-26	1287	-113	-796	1529
-1860	-341	1102	-1347	-1152	-644
-1447	-87	726	-1316	76	-2246
-1165	323	932	-540	1367	-1998
-629	146	1052	-589	1451	-895
-4043	1305	1280	-574	1144	1339
-24342	7255	-2235	1961	110	9639
-7186	-2338	6038	2637	13349	2630
-9446	-3880	12530	-892	13262	-3241
-7308	-3684	15027	1646	5279	-1306
-4448	393	8429	-319	-3146	-107
-2174	1106	1012	-731	-5044	-3752
-718	1125	-842	193	-1964	-4057
700	168	-1440	452	2272	-2677
254	-712	-1119	-894	7779	-1873
-1631	-1478	36	-1934	14918	-1726
-7853	-1196	4348	277	11604	-1793
-5099	1451	3553	56	6110	-2146
-4555	1416	6053	112	7636	-1032
-4701	378	6050	65	3318	317
-3262	-326	2659	-1	1425	60
-2741	-343	794	-292	2214	-865
-2961	-362	181	-730	3372	-1388
-3406	-842	72	-503	3893	-1888
-4124	-1197	153	159	4044	-2633
-4737	-1868	411	544	3954	-3961
-4027	-1723	446	520	4023	-5380
-3052	-1359	371	993	3197	-5627
-2366	-408	188	1378	2141	-5110
-1947	18	226	888	956	-4043
-1890	-731	141	910	-411	-3313
-2525	-1165	74	1580	-1734	-3092
-3164	-938	-166	1876	-2323	-2367
-3788	-1499	-94	1711	-2881	-1816
-3899	-1726	-159	1917	-3926	-1909
-4158	-1956	-395	2293	-4667	-1575
-4455	-11570	-6525	-516	-220	-3536
-12413	-12670	-5355	-5813	11979	-17636
6307	-793	74	-3117	6276	-11949
2929	-1018	-390	-747	6236	-5390
-3583	-7244	-2561	1386	7485	-2006
-3384	-4703	-1536	2556	7078	-2812
-3068	-3303	-1601	2660	4755	-3855
-1978	-4437	-1760	2933	2785	-4223
-747	-5112	-1187	3336	1901	-3650
-1054	-3920	-762	4563	1249	-2773
-3030	-1836	229	5558	-1952	-745
-1405	-3167	-48	5095	-2910	1065
-118	-3083	478	4170	-1420	156
331	-3809	1129	2351	-2188	-1559
121	-4169	533	1003	-3620	-3119
10	-3847	-23	1262	-4312	-3317
-223	-3654	27	1985	-3900	-2158
-230	-3728	514	1968	-3145	-1061
-149	-3855	558	1831	-2460	-376
-423	-3672	660	1223	-1385	265
-675	-3542	876	622	-734	660
-410	-3514	1011	137	-491	772
86	-3394	1169	-217	-462	959
293	-4155	1244	-54	-32	1219
-277	-4295	1387	495	364	981
-410	-4346	1308	578	72	880
-181	-3995	1273	460	-325	485
-89	-3885	1314	288	-273	328
-114	-4201	1343	172	26	269
-665	-3741	1382	7	171	211
-802	-3733	1522	0	-185	193
-686	-3521	1516	-190	-787	-1
-170	-3468	1199	-144	-1342	-482
-59	-3941	735	-118	-1374	-1068
-528	-3776	955	-174	-1383	-846
-670	-3485	1219	-226	-1479	458
-105	-3821	1037	-18	-1628	1282
-403	-4000	860	909	-1591	-660
-426	-4041	1152	376	-543	-1956
-184	-4039	1456	-201	-914	-1257
-1102	-3122	1854	-352	-1441	-185
-593	-1837	1471	-391	-2635	3017
-508	-2264	1019	924	-4055	3606
124	-2010	590	2363	-4827	3259
605	-2564	235	476	-2383	2669
-4191	-11242	2776	-7152	-2309	-9107
3175	-3226	852	-6117	-7192	-1676
2052	-4152	-1568	-3151	-4248	1309
-154	-5798	-1226	-1119	447	-695
-103	-4085	-64	1229	684	-562
-1537	-22	3995	250	458	-456
-1447	45	3857	266	234	-595
-1289	126	3661	266	207	-645
-1166	113	3615	228	305	-747
-1156	183	3676	190	441	-875
-1133	287	3864	218	538	-785
-1130	345	4043	263	464	-620
-1120	452	4175	248	268	-501
-1141	591	4131	226	-7	-363
-1118	525	3955	219	-110	-205
-1072	412	3748	218	-155	-259
-1120	81	3555	322	-69	-350
-1345	-310	3425	583	151	-480
-1630	101	3474	877	375	-509
-1438	513	3507	1049	279	-254
-1329	290	3366	964	-35	-294
-1571	92	3070	640	-323	-857
-1706	495	2729	246	-96	-1393
-1643	545	2799	90	672	-1274
-1533	335	3329	135	1122	-1162
-1480	178	3458	157	896	-1042
-1424	195	3569	38	595	-1020
-1578	430	3966	-87	81	-513
-1701	59	3760	-122	-308	-70
-1429	-540	3652	-115	-198	-434
-1200	-823	3586	-62	-371	-1023
-1084	-715	3319	86	-716	-1347
-1134	-578	2995	185	-861	-1458
-1255	-468	2932	209	-664	-1453
-1122	-209	2893	313	-371	-1445
-981	264	3039	493	-62	-1242
-727	622	3612	614	-187	-427
-796	0	3891	462	-272	-113
-969	-499	3972	195	-538	-690
-1567	-611	2531	53	-444	-737
-1122	-681	1559	571	841	-157
-370	-645	2056	1280	2235	183
-711	419	2751	1993	2735	154
-1795	828	3056	774	3197	507
-1827	618	4328	207	4084	395
-2884	499	4511	-419	2776	405
-3279	328	3413	-493	1056	227
-2572	448	2496	-766	100	165
-1829	287	2096	-788	-307	591
-1915	105	1606	-477	-690	1509
-1500	-163	1241	64	-1506	2448
-925	-71	901	246	-1072	2778
-863	-197	758	-197	196	2348
-1082	-416	645	-479	565	1731
-2882	156	992	-903	-485	764
-13444	1625	-635	-2044	-4462	-609
-15289	4739	-1584	1397	11345	-893
-7235	603	4542	768	14941	825
-7619	-1671	18659	705	11419	-1488
-6300	1734	14398	1689	2264	-133
-3516	1804	4969	269	-5294	524
-139	330	-1735	-474	-5747	679
-39	406	-2632	115	682	1653
-430	86	-2107	-92	7200	1304
-2053	-787	-1220	1515	13104	-563
-6862	1120	1980	3135	13905	-859
-7290	1265	7263	3568	12972	-1139
-6594	1105	6588	669	5496	-1090
-4473	1579	2915	-122	3196	-728
-3039	1427	1042	233	4530	-187
-2533	588	482	407	6486	93
-3047	-84	286	479	8005	325
-3630	-753	247	689	8153	19
-4912	-1042	516	1187	5970	-706
-5155	194	118	750	2686	-1423
-5133	1688	56	-2585	878	-979
-3426	1012	-121	-2929	1852	1261
-3605	992	264	-1650	2133	3078
-3060	967	303	-1478	883	3566
-2719	-438	181	-1400	-126	2733
-2727	-696	149	-1141	-1820	297
-2858	-795	-41	-1100	-3230	-1731
-4146	-392	-207	-1648	-4486	-2878
-4912	-296	-625	-2153	-5635	-2305
-5499	978	-970	-1577	-5860	1113
-6245	1528	-1010	-1717	-5409	4840
-6880	1755	-835	-2991	-5412	5436
-6124	1738	-576	-3600	-6556	2938
-4364	1643	-742	-3423	-7824	-642
-3271	1491	-868	-3053	-7817	-3254
-2983	1743	-1099	-2695	-6937	-4749
-3423	1994	-1269	-2488	-5429	-4771
-3779	1864	-1432	-2323	-3976	-3357
-3427	1375	-1663	-1171	-4003	-771
-2443	1496	-2028	-358	-3072	1359
-3307	1868	-1023	-851	-308	1457
-5448	3517	854	-1854	2600	3415
-3959	1124	445	-2200	6544	2793
-3113	248	1438	-326	9454	-1584
-5233	621	2760	-455	9127	-906
-5407	580	1825	-600	7357	158
-5557	197	1213	-1109	5143	1815
-5685	240	353	-1247	3588	1654
-5471	303	213	-882	2262	1171
-4995	68	-109	-390	1049	688
-4691	422	208	-98	447	539
-4439	609	513	-30	306	761
-4190	705	254	35	342	1013
-4061	844	61	268	347	1048
-3962	939	-66	394	85	954
-3587	968	-101	335	-422	815
-3439	1163	-94	376	-454	668
-3562	1174	88	220	-371	432
-3488	1042	148	14	-185	181
-3606	1035	198	68	-37	155
-3557	967	245	-18	80	113
-3574	973	219	-33	293	135
-3879	1074	310	-49	361	118
-3995	1096	288	-79	283	78
-4024	1071	213	-105	187	31
-4031	1045	179	-85	119	-14
-4100	1064	230	-37	106	-50
-4095	1018	257	-25	57	-14
-4061	1029	215	-8	19	4
-3983	1036	217	-2	-29	2
-3908	997	178	9	-66	7
-3813	1002	180	18	-55	12
-3699	1017	158	23	8	13
-3740	1023	153	20	114	-9
-3799	1025	160	-4	149	-42
-3789	995	148	-8	159	-33
-3825	1002	137	4	179	-6
-3857	1029	117	15	181	10
-3875	1028	117	4	135	2
-3907	1029	131	-6	75	-21
-1357	-714	3976	-89	231	-162
-1296	-539	3922	-99	88	-68
-1162	-307	4081	-195	-28	24
-1320	-85	4222	-207	-275	320
-1671	-300	4174	-133	-764	842
-2135	-762	3572	-79	-785	877
-2281	-1106	2944	-151	-180	538
-2111	-1033	2718	-219	874	-105
-1856	-284	3280	-68	1362	-84
-1920	143	3883	270	905	311
-2334	155	4137	563	160	546
-2237	-235	3882	591	-71	290
-2014	-376	3828	497	166	-314
-1752	-56	3750	376	318	-564
-1608	208	3692	379	589	-177
-1678	282	3644	391	522	105
-1533	311	3395	352	253	145
-1240	262	3082	242	114	296
-960	-7	2836	178	159	538
-970	-423	2730	165	471	413
-1104	-624	2999	103	835	-197
-1337	-402	3514	38	646	-688
-1273	-173	3664	68	206	-788
-930	-152	3668	73	299	-583
-649	-153	4202	58	-220	-764
-577	97	4145	199	-1510	-704
-710	410	3165	246	-1856	-399
-939	312	2117	193	-1744	-464
-957	515	1318	-108	-883	-692
-1244	558	1851	-345	361	-152
-1477	439	3259	-193	908	786
-1285	318	4849	-148	1011	1192
-1520	206	5851	-66	343	1449
-1654	-91	4666	10	-895	1424
-1267	63	2572	-191	-1058	1674
-473	38	1358	-455	358	2372
124	-23	1494	-646	1800	1959
53	530	1948	-1353	3021	1591
-1410	763	2494	-2273	4033	2697
-3001	-237	2366	-1912	3034	4871
-2784	-860	1955	477	2281	6677
-2429	-1450	2762	2386	3159	6836
-3358	-1337	3971	1199	2596	3607
-4596	-108	3110	-919	34	512
-2968	177	1629	-2032	-1519	-194
-2284	326	1086	-1856	-2880	-476
-1442	149	326	-2515	-5709	-653
-400	-112	-248	-2435	-5911	-520
13	-205	-556	-2005	-3159	76
-5086	809	801	-115	-1155	1978
-21233	-5	-4760	3718	2055	9138
-8334	-838	-921	2098	16325	2203
-9493	1445	6669	4322	16153	-1473
-8259	10025	25587	5089	15711	-1425
-8854	4132	12948	1888	-2381	2392
-3773	939	2292	-731	-7782	4426
-111	-1013	-1485	-2020	-4551	3273
468	-1198	-1703	-1766	2279	1425
-648	-652	-1295	-1989	8243	804
-3477	-352	-26	297	11076	2677
-5574	1221	1370	3816	10798	4109
-5219	181	3581	5373	10857	1403
-6217	311	6528	1642	9317	187
-5466	-23	5511	1329	4464	-87
-3788	749	2610	1479	2438	-537
-2752	1147	629	1629	2783	-924
-2354	1229	-147	2525	4373	-640
-2361	1219	-282	3268	6215	-359
-2690	979	-132	3188	7225	-325
-3286	644	235	2232	6851	-727
-3809	316	597	1408	4653	-886
-3771	294	406	1367	2267	-775
-5915	717	934	313	-1500	345
-4583	1480	296	-1626	-6968	3492
-1994	746	-559	-526	-5419	6723
-3643	1467	61	525	-3357	9589
-5693	2575	231	-972	-5521	9054
-4105	2148	-800	-3474	-5513	3779
-3888	2156	-388	-5151	-4200	-2168
-3828	2075	-261	-6254	-4867	-6233
-4658	2322	-361	-6004	-5969	-7088
-5694	2529	-633	-4252	-6742	-5042
-5592	2821	-717	-1993	-6552	-1895
-4628	2685	-837	-1737	-7249	-964
-3109	1728	-1005	-1681	-5851	-739
-2570	1406	-899	-163	-3625	-2036
-2652	1082	-457	951	-2471	-4256
-2243	1347	-343	1282	-2248	-4883
-2060	1275	-356	1768	-2126	-4315
-1542	1646	-315	2499	-1118	-2515
-1456	2397	-349	1441	1248	-408
-2105	2685	-134	-1697	3676	1369
-12030	6604	4758	-5074	4982	421
-11971	2262	6253	-7916	3805	-9993
2287	1556	-1360	3909	-8897	9402
-8137	-2317	2349	997	-2404	2706
-4827	-560	1933	2482	-4326	6807
-3047	-83	1861	2079	-3053	9124
-1534	985	2275	3163	-3371	8370
-1012	2497	2271	3420	-2752	4269
-1366	2316	2247	2519	-1336	2231
-2138	2731	2368	1700	-579	1468
-2538	2022	2386	1257	-41	1791
-2151	2332	2729	1274	484	2581
-2475	2073	3283	1359	949	3215
-2508	2196	3269	2031	1371	3741
-2309	2251	2813	2805	2044	3846
-2095	2142	2258	3518	2351	3636
-2018	2917	1884	3682	2676	3462
-2112	3085	1570	3468	2867	3458
-2661	2927	1500	3417	2620	4175
-1841	3216	790	3063	2284	4816
-1601	3256	812	2448	1989	5080
-1518	3939	930	2065	1646	5142
-1362	4025	904	1813	1337	4777
-1083	3442	907	1917	1142	4614
-683	3714	832	2278	1226	4479
-690	3732	783	2664	1191	3934
-945	3805	580	3224	655	3628
-1587	3212	593	3578	-474	3405
-999	4354	190	2565	-1598	2335
-190	4778	84	387	-136	1945
-327	4019	178	735	640	788
37	4083	73	736	895	1041
195	4535	-106	67	1019	141
-378	3182	60	130	907	253
463	3757	-114	1164	-335	463
100	4407	-259	862	-588	757
289	4638	-560	522	-645	722
-76	3695	-199	364	-351	321
-2399	-458	3396	714	1255	677
-2584	-1318	3815	210	893	-629
-2646	-1144	3952	-132	409	-1275
-2400	-239	4045	-119	67	-1025
-2106	445	3918	-101	63	-461
-1981	412	3896	-221	394	-226
-1855	-50	3798	-345	345	-313
-1817	-488	3412	-385	164	-429
-1765	-652	3169	-403	163	-698
-1591	-623	3055	-350	340	-835
-1498	-286	3130	-240	686	-867
-1463	85	3334	-105	952	-591
-1483	66	3574	-68	1067	-214
-1484	-49	3842	-175	873	-150
-1387	-175	4052	-269	394	-211
-1338	-385	4171	-234	-224	-225
-1082	-501	3947	-80	-705	-299
-842	-478	3660	174	-762	-376
-927	-715	3315	310	-745	-538
-1057	-770	2815	178	-653	-843
-1009	-297	2581	-213	-616	-1281
-1560	155	2511	-495	-721	-1354
-2156	83	1811	-314	-492	-798
-1313	-181	1843	337	968	47
-960	-32	3693	719	1788	-166
-1600	196	5159	912	1025	-775
-2319	133	5488	946	201	-953
-1770	-22	5165	1049	-853	-993
-1074	-189	3740	1069	-1764	-1029
-447	-170	2365	992	-1733	-993
-98	-238	1775	956	-1008	-1239
-33	-155	1905	980	-287	-1896
-613	-8	1950	1199	327	-1956
-1430	296	1840	1247	815	-2108
-1684	702	1576	859	1149	-2397
-1278	1122	2006	261	1872	-2146
-716	1733	4351	-107	2218	-1662
-1567	1269	5678	-361	871	198
-2165	39	5029	328	-470	1383
-1764	-890	3435	388	-1131	1128
-1010	-1069	2002	307	-1186	663
-108	-1182	1495	102	-134	108
-619	-1040	1840	431	1395	-365
-2128	-218	2203	191	2020	-1012
-2366	380	1892	-388	1205	-1111
-1657	657	1665	-550	1838	-615
-1930	439	1773	-633	1802	-43
-1913	-92	1625	-332	704	734
-1540	-282	1217	-61	-619	1270
-2245	157	1061	-300	-451	1476
-10940	-548	2409	-319	-4353	654
-20541	-283	-3152	-1355	8863	-2849
-5119	-272	4282	-293	16586	-1581
-10216	-3471	17287	-1127	10693	67
-5334	-2975	12485	-1896	2589	-2479
-3707	377	8471	-2850	-2114	-3954
-938	1164	2472	-1852	-4751	-4089
600	1145	-1431	-1257	-1209	-1180
496	-97	-1273	-1714	3801	722
-1331	-1727	-21	-1266	8702	1056
-4600	-1279	2555	-900	9202	540
-5616	-2381	4121	-955	7491	-130
-4230	-700	4363	-950	5312	-1823
-3830	33	4003	-1011	4600	-1137
-3443	-239	3569	-945	4352	-596
-3035	-538	2582	-1003	4143	-505
-2821	-699	1563	-1314	4168	-451
-2543	-617	1138	-978	3675	-441
-2227	-272	699	-1093	3921	-628
-2648	-898	474	-1251	4844	-1172
-3460	-1120	588	-863	5256	-1777
-3777	-1113	603	-902	4612	-2423
-4139	-1763	684	-456	3544	-3327
-4215	-1703	807	302	2705	-3529
-3351	-1648	681	514	1894	-3277
-2719	-1069	479	1356	221	-2801
-2357	-1224	353	1631	-910	-2212
-1957	-1128	106	1990	-1619	-2104
-2344	-1256	87	2469	-2543	-1941
-3115	-1562	-94	2868	-3430	-1635
-4636	-2101	-56	2585	-3670	-1210
-5885	-2750	275	2537	-4614	-898
-5959	-2665	-775	3182	-6915	-312
-4908	-2504	-2127	1010	-4234	3753
-3683	-2454	-1309	1585	-3006	8797
-3167	-6030	-3272	3613	1272	6193
-3973	-5476	-1737	3073	4872	-5327
-2518	-2658	-769	2791	5179	-14008
-6163	-13486	-2593	-3980	3373	-13885
1191	-7261	-1444	-4482	379	-2659
-3371	-3620	-1254	-248	881	1324
-3946	-3204	-227	1145	-1907	651
-4194	-1529	135	918	-2764	-1249
-7647	193	1147	-2039	-7428	-3573
-3497	-2615	153	-4512	-11266	-6928
-715	-3536	-304	-1886	-6889	-11611
-2303	-3126	-12	744	-1409	-13416
-2137	-2684	471	3443	-706	-7425
1830	-3780	1132	3599	-1180	-1293
1656	-3876	1924	-42	-2477	-1468
510	-3156	1358	-833	-1414	-188
-1066	-2714	895	-611	-519	-40
-1854	-4260	1905	-801	-463	-486
-1857	-3747	1749	-1938	-1119	-3990
-1065	-2519	1222	-1605	221	-2472
-1005	-3736	1564	-2465	69	-3168
230	-3088	1211	-3154	-766	-3998
818	-3836	1307	-3715	-1006	-1898
1366	-4455	802	-3944	-1390	-2356
475	-3746	564	-3378	-1904	-1937
138	-4153	280	-3102	-2671	-919
52	-4326	68	-2900	-3017	-817
419	-4331	-252	-1215	-2250	-298
263	-3919	-286	-444	-1789	-423
972	-3592	-520	-461	-1323	-169
1385	-4447	-556	-472	-393	121
1782	-4300	-542	415	-396	1586
2189	-4470	-575	-92	-383	1496
1711	-4305	-1018	-623	-472	874
42	-4232	-497	233	-161	1055
278	-3882	111	517	-197	744
961	-4276	61	152	-165	241
317	-3994	103	-38	-118	-420
54	-4258	-41	-111	-199	-295
49	-4408	-106	-188	-272	-75
177	-4234	-202	-50	-472	128
79	-4105	-180	225	-505	345
46	-3973	-39	420	-479	432
-156	-3943	-19	402	-310	444
-165	-4117	-26	294	-376	571
-1737	-91	3835	-496	258	-119
-1476	-241	3311	-576	109	-248
-1248	-145	2991	-535	264	-422
-1237	-86	2928	-372	575	-325
-1263	-87	3016	-234	857	-158
-1368	-64	3332	-178	1104	52
-1454	-66	3788	-156	1195	223
-1504	-139	4210	-151	972	198
-1382	-223	4304	-172	525	192
-1294	-218	4207	-175	186	116
-1221	-90	4086	-104	-8	150
-1145	-125	3970	-37	-162	192
-1000	-185	3781	-29	-243	182
-1055	-380	3639	-88	-282	148
-1323	-589	3376	-202	-340	-41
-1252	-449	2705	-405	-214	-238
-1397	-156	2457	-533	294	-117
-1750	-258	2540	-474	509	-36
-2233	-180	2502	-124	739	6
-2132	-46	2939	461	1146	390
-1824	-420	3911	721	1294	246
-1744	-225	4673	691	740	-1045
-1844	601	4510	717	130	-1731
-1435	917	3989	921	-79	-1315
-510	857	3709	1029	-360	-706
-94	878	3285	892	-516	-530
-58	796	2984	722	-411	-478
-75	454	2832	726	-255	-583
-154	97	2615	786	-206	-771
-148	-58	2430	806	-117	-961
-261	311	3135	615	-335	-1064
-952	1408	3703	540	-963	-625
-1719	1064	4146	752	-887	92
-1567	778	3916	443	-832	-158
-1056	543	2922	261	-183	173
-690	373	2557	-115	569	762
-1097	61	2862	-366	1145	1521
-1437	-123	2989	-190	1239	1876
-2274	-323	2462	-106	1841	1691
-1707	-893	2096	-45	1729	1500
-1258	-1708	2871	-134	2160	95
-2715	-480	3948	-286	2060	-1398
-3245	775	4821	-552	1094	-803
-3276	1053	3898	-459	-697	535
-2417	115	2025	-387	-1311	1302
-1698	-291	1029	-398	-852	1021
-1282	61	405	-476	-457	675
-923	469	148	-678	456	878
-1207	631	326	-978	1698	1370
-2751	572	1064	-1381	2332	1949
-11138	985	2517	-1833	-642	2856
-17101	2750	-618	-179	8988	2850
-7098	-1048	6090	902	13888	91
-7366	-2666	12785	418	8902	-236
-3831	-1759	11534	517	2602	67
-2705	144	6572	146	-1710	-2036
-1758	979	1175	533	-3501	-2779
-516	828	-1059	1739	-599	-1873
-630	1182	-1276	1172	3845	-1072
-1676	1405	-805	27	8119	-630
-3999	794	480	-1461	12040	-123
-7121	-1217	3404	-313	11477	-711
-6705	179	6498	-449	10050	-305
-5726	490	5198	-41	4737	73
-4247	283	2731	307	3591	14
-3235	435	1294	635	4370	-259
-2965	308	361	420	5929	-431
-3058	265	-147	181	7900	-673
-3575	-24	34	2	9112	-929
-4163	-175	558	66	8909	-1107
-4219	36	1068	155	7565	-758
-3631	-103	1102	811	5680	-246
-3742	297	1185	2030	3302	422
-3122	722	642	1432	1846	1249
-3244	1213	800	163	1193	2541
-3638	772	872	-109	-873	3527
-3455	-574	602	811	-2891	2320
-3986	-969	474	1272	-4178	-1113
-3681	-605	198	757	-5066	-4489
-4284	-242	104	701	-6542	-5557
-5144	43	-314	270	-8124	-4642
-6098	-302	-791	354	-8524	-1610
-6507	-1294	-703	1419	-7894	871
-6058	-1192	-660	1628	-8721	419
-6569	-903	-838	554	-11059	-1195
-6368	-396	-1338	-962	-12199	-2889
-5151	-889	-2082	-1758	-11330	-3801
-4116	-1893	-3408	-1210	-9869	-4103
-2685	-2190	-6033	99	-7555	-2707
-3557	-1960	-5594	-2139	-2047	-3016
-3782	-2350	-2852	-2585	4757	-3839
-4087	-2070	-707	-885	6094	-4223
-9355	-4937	5659	2096	4837	-2174
-9165	-10503	6078	10360	3877	4967
3304	3609	-1094	5189	6353	-689
-5833	-212	3325	3940	6214	-301
-5112	1250	2554	147	4179	-1413
-4652	-1399	1393	-1615	2304	-2556
-4423	-1751	1085	-1405	785	-2017
-4553	-1767	1208	-1059	-569	-1687
-4007	-1983	1069	-631	-1573	-1596
-3494	-2029	1090	135	-2086	-1429
-3127	-1803	1382	513	-2389	-1004
-2836	-1729	1609	536	-2481	-294
-2529	-1611	1824	621	-1498	770
-2529	-1611	1824	621	-1498	770
-2619	-1411	2060	466	-778	1051
-2712	-1295	2027	75	-158	1270
-2913	-1376	1893	-142	315	1345
-3126	-1426	1870	-151	668	1305
-3129	-1354	1781	-130	963	1220
-3245	-1349	1753	-85	1141	1233
-3318	-1311	1707	-67	1225	1291
-3472	-1243	1637	-31	1261	1304
-3540	-1147	1629	-64	1211	1230
-3621	-1109	1597	-133	1153	1142
-3659	-1066	1514	-189	1027	1052
-3699	-1074	1469	-226	873	938
-3757	-995	1398	-202	694	717
-3690	-1012	1364	-171	500	470
-3669	-1033	1353	-103	352	321
-3673	-1028	1341	-46	233	258
-3651	-1006	1356	-4	140	217
-3608	-980	1355	22	95	148
-3657	-970	1386	30	85	93
-3669	-979	1372	24	52	55
-3637	-976	1370	23	9	15
-3620	-961	1389	21	-12	-20
-3609	-973	1403	14	-21	-40
-3577	-961	1379	-4	-5	-87
-2415	-856	3043	-213	358	0
-2610	-835	3276	-190	1091	-511
-2623	-186	3733	-85	1372	-875
-2564	408	3973	204	950	-580
-2611	864	3781	475	330	-62
-2547	826	3313	726	-29	462
-2327	425	3074	692	36	268
-2236	295	3085	494	201	-358
-2158	427	3047	452	549	-586
-1986	590	3235	524	874	-376
-1876	643	3286	532	848	-147
-1972	653	3214	467	759	-43
-1991	517	3069	396	717	48
-1911	248	3039	353	737	6
-1783	-114	3065	345	805	-244
-1716	-180	3134	405	825	-645
-1595	-130	3212	493	739	-677
-1580	-71	3342	543	459	-718
-1509	214	3343	464	165	-888
-1493	550	3180	329	-124	-799
-1111	516	3041	300	47	-516
-883	371	3319	226	-353	-471
-903	165	3162	333	-986	-86
-994	51	2884	362	-1066	-91
-1121	112	2719	312	-1006	-289
-1336	315	2381	77	-956	-642
-1699	883	2384	-164	-639	-678
-1774	1244	2940	-269	-225	405
-1602	565	4054	-79	-35	1654
-1496	-521	4983	-53	-719	1581
-1407	-1000	4773	-131	-1805	604
-1187	-539	3622	-128	-2134	-290
-1534	-5	2557	-4	-1280	-531
-1451	220	2330	30	-16	-422
-1064	365	2649	-130	1087	-85
-1029	524	3131	-447	2183	381
-1435	19	3488	-805	3282	635
-1771	-158	3708	-815	4256	547
-1866	-73	4297	-942	3934	632
-2594	-8	4405	-1286	2183	650
-2945	394	3418	-1512	309	409
-2581	426	2277	-1968	38	442
-2154	-173	1572	-1832	546	1006
-2141	-599	1412	-1869	815	1810
-2410	-957	1141	-1834	410	1984
-1964	-562	995	-1556	-357	1814
-1685	-350	1016	-1660	-431	1577
-1314	-258	760	-1793	-1041	1409
-1305	-92	496	-1661	-1551	1572
-2465	234	823	-1606	-3325	1995
-17273	-656	2498	-1372	-16243	3459
-9824	-781	-5919	-1629	14098	2884
-9693	-849	4586	1169	12532	1624
1335	-4797	16984	5213	14815	-1009
-8824	535	18342	856	3101	-375
-4899	1156	3957	-541	-8753	-708
-477	264	-1645	-487	-5119	-399
160	460	-2023	629	1433	214
-325	1179	-1779	821	6875	1082
-3265	2597	-185	38	14037	2450
-7540	-1117	4965	2230	12858	846
-6347	-65	7773	280	7116	647
-4824	-588	5583	210	2384	1285
-3648	-240	2086	491	1766	464
-2842	3	140	359	3450	-83
-2661	333	-172	116	5970	-322
-3110	411	406	347	7589	119
-3696	708	790	61	8676	942
-4280	347	1015	-291	8834	740
-4737	-190	1091	-135	7982	280
-4681	-524	912	-10	6524	-373
-4677	-422	985	-81	4420	-601
-4750	359	1208	-1196	1063	333
-3264	-174	522	-1079	-1747	2761
-1558	-333	-422	552	-942	4773
-2075	-607	-145	590	863	4654
-2878	-798	168	465	-626	3323
-3403	-391	47	-509	-3024	1237
-3959	-224	-278	-2360	-4092	-159
-5165	692	-289	-2788	-4665	373
-5523	1316	-616	-1353	-4261	2928
-5360	1855	-374	-1845	-5554	4092
-4678	1876	-766	-2184	-6259	3754
-4221	2093	-735	-2376	-6441	2465
-3633	1891	-815	-2794	-6576	911
-2894	1861	-928	-3101	-5824	-659
-2879	1912	-890	-3491	-5020	-1882
-3097	1962	-971	-2985	-4295	-2826
-3137	2522	-1012	-2459	-3350	-3467
-3112	2431	-1056	-2677	-1930	-2304
-3293	1558	-640	-148	-1025	1333
-2991	1868	-483	1324	-883	3667
-3885	2867	-686	1691	1468	3638
-8752	8349	4404	1329	3883	844
-2312	2497	1730	442	4536	839
260	217	224	1047	5201	965
-4491	2480	1124	590	4634	-159
-6979	1692	528	248	2784	1641
-6632	1733	266	-157	-121	5083
-5382	2228	749	-430	-1379	5691
-5572	2565	1202	-597	-1347	5111
-5382	2439	1399	-771	-1270	6406
-4292	2643	1351	-682	-1862	7439
-2573	2498	992	-1172	-2018	7176
-1834	2395	1046	-1270	-2043	7187
-1392	2145	1162	-1105	-2163	6692
-1269	2554	1177	-665	-2291	5890
-1543	2744	1191	-129	-3186	4801
-1540	3312	1193	232	-4361	3686
-1567	3514	1274	-39	-4977	3200
-1188	3592	1473	-519	-4570	3609
-718	3548	1795	-953	-3275	4639
-251	2739	1905	-774	-2178	4762
-126	2233	1713	435	-667	2914
-382	3036	2083	1378	1	898
-378	3810	2235	1738	-76	703
-2	3777	1852	1629	-67	719
175	3747	1615	1279	59	801
23	3565	1658	1153	181	774
116	3577	1693	1327	305	870
179	3617	1728	1581	365	1173
144	3632	1784	2071	269	1149
270	3723	1544	2564	-105	1047
158	3720	1166	2071	465	1031
83	4066	1215	2315	345	1415
305	3888	1125	2683	-262	1103
389	4124	638	1927	422	1006
74	4191	867	1670	799	1469
111	4030	869	1659	650	1612
342	4088	715	1599	512	1452
-1503	-155	2999	32	719	-917
-1597	-49	3241	74	972	-585
-1744	-96	3575	26	1036	-384
-1823	-167	3932	-44	885	-276
-1762	-280	4172	-83	539	-272
-1608	-299	4208	-66	119	-305
-1407	-326	4002	-5	-234	-259
-1235	-494	3629	98	-457	-192
-1108	-645	3341	175	-400	-338
-1023	-723	3254	256	-174	-480
-1139	-654	3350	317	121	-702
-1239	-433	3449	330	194	-757
-1455	12	3385	325	92	-624
-1756	449	3162	308	-275	-219
-1823	493	2896	337	-473	458
-1901	35	2883	425	-349	960
-1833	-282	2927	380	-143	662
-1561	-181	3330	549	42	218
-1382	-65	3822	610	-148	-332
-1580	308	4201	505	-482	-805
-1503	559	4181	505	-712	-521
-1471	349	3935	604	-863	48
-1282	136	3490	640	-803	-73
-1060	69	3293	625	-329	-411
-896	167	3399	554	-209	-730
-910	233	3327	514	-373	-763
-755	129	3142	501	-451	-656
-726	-66	3445	528	-360	-707
-776	-43	3752	469	-778	-993
-1046	56	3842	672	-741	-724
-961	-100	3751	725	-779	-696
-1269	-4	3146	548	-695	-1332
-1388	37	2564	422	311	-1706
-916	246	3101	314	1835	-1845
-999	-17	3888	323	2287	-745
-1268	-271	3764	758	1828	-181
-1437	-318	3077	505	1573	-666
-1369	-248	2507	586	1874	-942
-1050	135	2346	828	2491	-826
-960	404	2865	792	2574	-824
-1925	358	3125	469	2245	-652
-2648	180	2876	102	1695	-298
-2567	62	2498	-13	1108	-130
-2112	407	2035	-202	811	-313
-1655	618	1722	-398	976	-99
-1370	571	1795	-203	1569	458
-1344	374	2189	-346	1778	756
-1314	-50	2398	-632	1229	812
-1322	-86	1768	-943	-118	991
-1347	480	940	-1065	-1494	829
-8400	2549	2827	-2011	-5927	1568
-18234	-5445	-9656	2583	-20365	3504
-10214	5136	-1565	5165	26352	-3312
-6010	-930	5153	1313	16891	-4180
-6009	765	25110	879	14558	-1842
-7856	918	13523	660	-3927	-428
-3051	2024	1110	-412	-6615	-1862
-1108	1069	-1172	-421	-90	-1068
-682	615	-874	-308	4180	-410
-1050	-39	-266	-146	6389	-730
-3591	70	1616	453	7198	-413
-3759	-1083	2593	303	5807	235
-4080	-696	4166	412	5605	-1331
-4254	950	4164	-82	4091	-1848
-3995	902	3011	-310	3218	-1021
-3983	515	2090	-270	3620	-512
-3761	602	1477	-95	3958	-175
-3760	-259	1418	-71	4631	-409
-3691	-978	1263	-30	4061	-1106
-4032	-886	1236	683	2892	-923
-4118	-901	996	929	1974	-825
-4437	-1154	673	1166	1849	-2115
-4156	-1757	468	872	2589	-4479
-3691	-1533	480	1359	2444	-6222
-2861	312	352	1752	1311	-6007
-2013	1242	323	1628	428	-3577
-1822	970	284	1770	-199	-1170
-2445	1159	498	1483	-1787	780
-3107	-466	268	1090	-3138	1074
-4354	-911	68	381	-4121	-1760
-4115	-1482	-169	-945	-3322	-5303
-3467	-1373	-220	-586	-3576	-7037
-3149	-1159	-342	-10	-3745	-6787
-3244	-1155	-320	400	-4201	-5249
-3335	-1261	-551	472	-4539	-3074
-3200	-1335	-987	-313	-3840	-1048
-4119	-6372	-2015	-7683	1787	-2739
-5732	-14989	-3044	-10462	3367	-11859
-5957	-8041	-2878	-2926	7678	-13764
220	-2377	293	-1031	5367	-9829
189	-2828	446	-1299	5324	-7459
-2353	-4481	-614	-1097	3855	-6573
-2896	-5258	-1392	167	1707	-7454
-1725	-5263	-1392	1914	532	-8561
-1685	-4170	-370	3734	525	-6911
-1881	-3198	76	4176	-1274	-2151
-367	-3647	-154	3779	-585	872
-194	-3714	-154	4277	875	1164
561	-1810	287	4273	2472	54
685	-999	724	2213	3332	1027
782	-1006	1192	781	3580	3966
588	-2787	1298	422	3808	6767
-1328	-2047	1788	1307	2418	8429
-3136	-2906	2217	2378	-1789	9145
-4412	-16842	3454	-3180	-4172	-7504
-1095	-5686	1220	-1021	1291	-12759
473	-9	1625	984	-2774	-6224
134	-1118	677	-465	-3163	-634
6	-5114	-88	-3262	-3267	-1959
-922	-5946	661	-2641	-2239	-6949
789	-3097	355	291	-2132	-2870
538	-3805	724	-1787	-1463	-1150
207	-4355	758	-1904	-1093	-955
-5	-3832	949	-1606	-1088	-761
353	-3934	741	-1796	-1481	-238
608	-4674	404	-1670	-2145	-679
483	-3478	396	-1338	-2687	-561
527	-1074	455	-1060	-3728	1914
2939	-7952	-3249	-2970	-1470	-2391
2045	-3599	-687	-2409	-1488	-2064
619	-4841	-1057	553	-475	347
813	-3891	-400	1323	-149	-73
1055	-3698	494	1036	-150	421
603	-4274	162	249	-209	676
571	-3881	103	354	-303	498
518	-4326	41	132	-803	1099
645	-4085	-50	501	-388	1567
107	-4110	323	456	-197	1897
466	-3874	410	-19	-15	1350
146	-3777	313	-369	145	449
-1539	-168	2869	-319	-76	-86
-1410	-73	2722	-102	309	-111
-1496	-19	2842	44	748	-109
-1721	-34	3172	75	1033	-34
-1918	-106	3689	-3	1030	-72
-1956	-6	4141	-82	701	-141
-1840	254	4435	-134	197	-64
-1528	303	4431	-174	-346	135
-1447	40	4268	-189	-935	84
-1694	-70	3773	-135	-1501	-1
-1559	-119	3066	-176	-1686	-32
-1275	156	2305	-488	-1168	6
-1563	378	2307	-630	-613	359
-2260	593	1925	-341	6	386
-2261	389	2174	321	1100	800
-1812	-327	3041	826	1700	890
-2103	-477	3965	969	1715	68
-2668	103	4927	875	1368	-898
-2558	713	5600	833	536	-1268
-2053	1194	5343	875	-637	-1062
-1434	1037	4111	889	-1531	-594
-796	716	2924	739	-1521	-327
-627	574	2236	520	-1086	-380
-561	635	1764	452	-532	-532
-589	318	1683	402	99	-756
-727	66	2062	355	543	-1185
-1084	216	2726	528	720	-1109
-1397	134	3392	593	279	-1007
-1763	100	3558	358	-494	-1203
-1669	746	3251	35	-1040	-1248
-1321	1640	2903	-38	-904	-790
-1254	2170	2841	74	-491	138
-1179	1086	3302	180	-250	1047
-1256	-82	3721	119	-176	1014
-1175	-380	3930	64	-99	901
-986	-275	3962	106	38	547
-1155	271	3552	181	257	-9
-1005	819	3240	3	878	86
-849	853	2848	-115	2307	1128
-929	347	2939	-84	4454	1476
-1555	-72	3752	94	4994	425
-2365	483	4318	-23	2663	-5
-2571	472	3269	-383	30	482
-2498	278	1842	-456	-689	943
-2168	-181	1251	-333	-1227	865
-1880	-340	986	-87	-2104	164
-1924	-192	884	-434	-3678	-601
-901	-426	68	-1083	-3760	-1050
-1089	-827	-339	484	-394	-949
-2971	456	328	323	1654	-452
-10939	2468	1137	-460	-185	1181
-16148	4091	-3429	1622	6368	4023
-7771	131	2516	1704	13151	1341
-3789	-3445	9522	20	14005	-3909
-6337	1934	21238	665	7872	-2428
-5684	3564	7874	-1364	-7218	1509
-2400	838	-214	-968	-5701	2414
-1524	-3	-995	-1556	-1313	1069
-1150	-124	-1047	-1952	3163	496
-1283	-1698	-422	-1989	7165	-324
-2867	-2715	1262	1253	12378	-1321
-7338	-1007	5903	387	9255	-791
-4570	572	4854	602	4123	-1891
-3851	510	3299	343	4345	-1254
-4016	75	2995	-610	5772	-984
-4276	447	2388	-331	6155	-496
-4382	-88	1941	38	6390	-128
-4208	-209	1849	-721	6331	-334
-4289	-368	1357	-1864	6079	-350
-3982	-551	471	-1226	5305	-409
-3723	-336	5	-248	4654	-593
-3348	749	-17	-375	3757	238
-3324	553	81	-1490	2497	1958
-3422	145	272	-1127	548	3534
-2620	-734	-412	-805	1128	4231
-3156	-599	73	-1633	1760	3339
-2943	-785	32	-2205	863	2305
-3652	-1306	147	-1931	-115	1298
-4379	457	146	-1978	-1885	1261
-4360	1094	-253	-2147	-2924	3373
-3658	1139	-377	-1710	-2757	4865
-3478	1024	-393	-2474	-3654	4831
-3649	1033	-517	-2916	-4311	3667
-3900	1258	-621	-2983	-4439	2056
-3984	1845	-741	-2935	-4271	540
-3631	1773	-563	-3015	-4362	-107
-2840	1607	-556	-2987	-4697	82
-2205	1450	-558	-2475	-4356	337
-1997	1662	-565	-1822	-3378	362
-1967	1711	-558	-1774	-2306	170
-2497	2340	-1208	-2183	-526	-963
-9817	11775	-344	7461	7550	-1100
-3136	8207	-1098	7087	5322	679
3853	613	-917	1760	5458	-141
-5411	3591	-292	319	3989	-440
-6288	1654	-1024	-1079	3091	2832
-7335	1301	-1157	-1838	1332	6133
-7555	2491	-763	-1475	-663	6022
-6868	3812	276	-1014	-1001	5147
-5338	2746	416	-1099	-1203	5228
-3094	2395	258	-1766	-1408	6578
-1227	2049	413	-2091	-633	8579
-413	1892	739	-1087	-440	8300
-824	3130	413	281	-678	5854
-1124	3986	-116	-77	-961	3856
-1394	3673	108	-781	-1561	2796
-1500	3672	257	-1340	-1885	2621
-1491	3608	454	-1691	-1901	2784
-1710	3509	968	-1625	-1799	3168
-1357	3620	1368	-1220	-1674	3656
-933	3416	1638	-273	-1300	3790
-736	3387	1391	812	-1061	3532
-592	4169	1042	1407	-741	3311
-529	4064	852	1588	-693	2974
-140	3894	662	1429	-822	2440
188	3779	468	1125	-732	1997
-127	4081	753	969	-299	1695
-294	3808	957	1026	-35	1265
-325	4164	1003	1642	-302	782
-573	3772	833	896	760	125
-548	3989	743	1008	684	462
-294	4013	572	1164	574	680
-151	3967	308	971	308	749
-40	4094	20	678	-61	907
-179	3985	8	348	-186	1167
-61	4056	153	214	-241	1310
91	4194	120	216	-167	1344
-443	4358	295	83	-211	1355
-105	4166	381	-77	-206	1080
217	4191	393	-230	-95	507
-1134	-185	4260	130	-117	-617
-955	-26	3835	83	-205	-670
-778	100	3569	33	-58	-700
-757	227	3553	-2	80	-657
-829	322	3496	-43	207	-542
-1038	222	3560	-35	448	-389
-1201	-195	3796	21	351	-497
-1505	-296	3545	230	382	-562
-1659	-267	3493	553	641	-578
-1631	-301	3423	789	501	-510
-1788	-380	3135	784	82	-566
-1743	-190	2694	443	62	-853
-1520	-40	2743	34	915	-1036
-1420	-9	3709	-142	1591	-957
-1347	-27	4693	-133	1142	-774
-1352	0	4934	-83	-108	-473
-1248	-274	4134	-100	-1054	-156
-1140	-696	3123	-239	-520	-142
-1012	-757	3118	-234	337	-415
-1035	-582	3371	-110	395	-547
-1232	-629	3382	56	103	-529
-1434	-723	3270	148	38	-664
-1505	-619	3357	145	185	-870
-1367	-345	3632	108	204	-928
-1196	-194	3824	94	49	-754
-1094	-298	3883	179	-198	-570
-1004	-421	3715	293	-489	-446
-859	-332	3519	367	-524	-354
-834	-204	3424	409	-550	-231
-818	-302	3214	372	-357	-251
-743	-399	3418	315	52	-537
-641	-264	3953	289	125	-835
-586	-83	4415	250	-79	-789
-705	-71	4674	202	-455	-509
-629	-342	4536	126	-1088	-420
-941	-613	3645	134	-1288	-741
-1342	-534	2236	173	-199	-579
-820	-636	1952	414	1193	-287
-102	-604	2214	712	2245	-829
-270	-260	2315	692	2443	-1683
-1202	179	2201	272	2322	-1541
-1604	-304	1934	621	2113	-705
-1587	-290	2075	1326	2333	-54
-1495	-405	2465	1217	2441	-12
-1646	-316	2334	578	1110	-681
-1379	-122	1642	279	256	-992
-850	36	1160	164	217	-1074
-564	62	838	-44	520	-1027
-594	214	627	-174	651	-854
-1438	714	614	-400	-44	-615
-17768	1857	4769	-1628	-8659	-88
-12281	-4	-5921	696	15603	1125
-11657	-4148	4454	547	18868	-2391
-5136	-5386	24576	2137	20000	-5614
-8917	2356	19233	695	2739	-1538
-6591	1987	5434	-2240	-10945	-3748
1258	1829	-3460	-1273	-11632	-2580
316	2532	-2818	-983	-973	-1902
-913	1007	-1783	-1994	6894	125
-1921	-1827	-1338	-3111	12576	35
-8152	-3275	2322	-1455	12855	-149
-5290	-2944	2495	-1007	9517	-724
-4686	-1039	4112	-841	11294	-2373
-4997	189	7575	-936	9114	-1652
-4613	-999	4601	-939	4457	-822
-3759	-1198	1435	-1459	3860	-2187
-3176	-1584	580	-1538	4360	-3645
-3285	-1305	707	-1276	4221	-4714
-3284	-1264	750	-1300	3139	-4656
-2411	-724	514	-884	2272	-3190
-3091	-210	820	117	1170	-511
-3046	-1212	677	1320	-297	1411
-2951	-1103	534	944	-873	847
-2419	-1014	434	-78	-1995	-699
-2562	-1235	290	-504	-3750	-2284
-2930	-1460	13	-314	-5685	-3959
-3597	-1657	-447	-121	-6496	-5488
-4478	-1955	-563	-198	-5814	-5447
-4210	-2000	-609	431	-5538	-3575
-3262	-1618	-684	840	-5848	-1343
-2270	-1491	-1120	603	-5569	421
-1477	-4729	-4027	-6745	443	-2012
-5102	-14496	-7158	-7610	6327	-9838
-3598	-6604	-4302	-5189	11982	-13019
374	-2772	377	-3373	7690	-8925
-1605	-3105	-219	-3175	5088	-6390
-2162	-4943	-1955	-2062	5309	-6208
-1836	-4686	-1792	119	6708	-8008
-950	-4179	-1676	932	6594	-9381
-14	-4919	-2321	1539	5999	-8358
956	-5046	-2368	3104	5835	-5987
-804	-2771	-372	3711	2672	618
-92	-4312	-549	3363	540	5640
-1272	-3774	-554	4278	-851	5919
-859	-2423	-376	5266	-2370	3554
-113	-2219	-214	6250	-2233	1421
1594	1032	1099	3909	413	2507
593	-69	1880	-1865	1968	6722
-22	-1060	995	-5291	689	9910
477	-4132	1852	-8381	-1776	10645
722	-24017	-6747	-4979	-2586	2061
-3255	-6922	-1597	-3147	-722	-4167
-1890	-1841	1580	1174	-2140	-7507
-1943	-2287	1011	704	-6181	-4758
-801	-1502	297	493	-8600	-1481
-758	-1834	96	-768	-9477	1465
-655	-2519	-347	-1797	-9268	3158
-500	-3930	-941	-1801	-8327	3583
-372	-3904	-1475	75	-6427	891
-2647	-9325	-4104	-3910	-682	-2404
1854	-6182	-2118	-374	-1258	-3153
295	-1898	-1538	1900	750	-2379
-3035	-4211	553	1600	1526	663
-713	-3655	0	1201	470	-602
69	-3355	70	254	1644	-1076
-1218	-4210	1286	364	1046	-77
-969	-3833	565	-418	433	316
-903	-4087	-217	-768	442	315
-874	-4154	-332	-19	234	-67
-853	-4036	-234	357	361	-547
-902	-3901	43	173	351	-745
-802	-3809	25	42	313	-516
-920	-3810	35	-127	261	-407
-779	-4043	-110	-177	162	-94
-752	-4060	-133	-45	123	-88
-795	-4057	-115	26	20	-102
-742	-4001	-79	52	-76	-112
-687	-3997	-75	73	-65	-159
-683	-3947	-38	29	-91	-78
-700	-3998	-59	28	-76	-38
-953	-176	3814	14	304	-30
-961	-314	3937	53	234	-64
-977	-401	3941	68	64	-145
-982	-472	3767	34	-110	-211
-994	-382	3562	-4	-151	-214
-1056	-175	3512	-41	-152	-59
-1302	-146	3370	-198	278	81
-1954	-482	3767	-288	658	250
-2131	-952	3744	-508	754	-24
-1995	-508	3819	-488	809	-232
-1884	-72	3800	-216	391	144
-1810	8	3428	73	44	435
-1734	3	2995	309	146	472
-1566	-343	2767	358	587	372
-1592	-613	3019	298	1134	-174
-1697	-348	3589	351	1118	-681
-1740	218	3743	489	941	-667
-1701	710	3832	546	829	-387
-1551	834	3846	543	527	-5
-1438	724	3497	515	107	350
-1234	644	3074	430	-210	625
-1151	495	2618	331	-325	781
-1065	154	2336	242	9	675
-1031	-72	2548	245	378	370
-1096	-137	2870	259	184	80
-1190	-165	2958	149	-116	-152
-1181	-196	3062	87	-114	-441
-1190	9	3247	255	-219	-591
-1042	324	3241	560	-313	-172
-1095	291	3283	721	-461	260
-1025	171	3108	538	-722	27
-894	463	2879	355	-540	-157
-1007	766	3049	297	-204	91
-1124	712	3370	184	-164	434
-1142	317	3531	40	-319	516
-1142	182	3488	0	-454	468
-969	-68	3582	-71	-386	562
-1076	-291	3717	-62	-160	612
-1390	-299	3614	85	86	762
-1768	-437	2913	249	573	724
-1812	-138	2225	283	1933	648
-787	409	2453	73	3729	1007
-1211	517	3247	-351	5318	1376
-2354	-272	2890	-101	5402	1348
-2769	17	3581	334	4728	1188
-3097	-113	4592	-400	3052	780
-3239	-227	4213	-284	766	443
-2198	80	3263	-440	-452	208
-1619	230	2719	-970	-1041	343
-3885	594	2370	-1476	-2652	1002
-9805	62	727	444	-11207	2818
-13136	-3549	-1868	-1952	11083	2894
-6562	-39	1156	584	14086	-2778
-4325	2470	13244	957	16527	-3539
-7102	4648	13764	-322	6297	527
-3880	479	5941	-874	451	2157
-1350	-1192	1565	-1359	869	1986
-79	-1345	-270	-1910	2758	852
-597	-1464	-567	-1755	5948	-172
-1889	-915	-170	-331	8827	-427
-3739	278	614	661	9791	-16
-4971	227	1264	1219	8365	-398
-4764	479	1191	1313	8052	-1526
-5217	1033	1442	943	9209	-2415
-5476	1292	2400	675	9078	-2087
-4843	1394	2710	1003	7396	-1278
-4751	1102	2047	1153	4927	-1085
-4860	276	1400	1656	1959	-1445
-4852	1154	991	1814	-625	-1622
-4162	1555	639	869	-2415	-46
-3331	598	341	803	-3550	2177
-3169	-333	212	712	-5138	2499
-2711	-411	-105	-1156	-6020	712
-2886	-627	-202	-2447	-6929	-1125
-3357	257	-573	-2105	-7563	-1499
-4796	-1442	-1082	-1743	-6230	-2668
-4796	-1442	-1082	-1743	-6230	-2668
-4796	-1442	-1082	-1743	-6230	-2668
-4264	-1397	-1093	-1870	-5224	-4406
-4137	-957	-1279	-1537	-3700	-4661
-4985	-204	-1061	-1100	-1522	-3278
-5153	613	-698	-700	-1167	-1073
-4589	655	-536	-185	-746	473
-4175	351	-361	513	-616	68
-3677	217	-407	700	-567	-1700
-3405	-115	-637	325	179	-3134
-5667	-3509	-401	-4841	5671	-848
-7153	-6768	816	-7361	6645	-1351
-1363	-2101	-1730	-3699	8409	193
-2006	-594	-341	-1448	7065	702
-3758	-1262	-113	-1393	4441	848
-5601	-1965	-442	-721	3880	-1615
-5639	-1862	-233	372	3249	-4397
-4384	-1775	-738	452	2470	-4558
-4302	-2343	-947	333	2573	-4037
-4174	-2097	-1164	419	2026	-3479
-4143	-2276	-1381	446	1407	-2867
-4013	-2373	-1011	622	920	-2847
-3714	-2477	-927	830	625	-2983
-3300	-2490	-652	617	344	-2723
-3080	-2009	-483	800	141	-2745
-2858	-3379	-499	340	117	-2192
-2598	-2210	-540	-59	54	-2066
-2380	-3217	-693	-34	220	-1594
-2301	-2317	-711	-122	101	-970
-2433	-2869	-785	-72	183	-199
-2513	-2867	-746	-16	126	97
-2712	-2871	-786	24	63	135
-2679	-2894	-781	-14	-23	310
-2713	-2872	-770	1	-75	598
-2757	-2818	-713	-4	-164	830
-2966	-2675	-679	-38	-244	810
-2892	-2715	-673	-32	-287	684
-2852	-2687	-625	-8	-266	798
-2940	-2573	-557	-16	-215	931
-3016	-2625	-617	-73	-164	840
-3015	-2536	-581	-93	-119	870
-3093	-2545	-600	-107	-53	731
-3103	-2511	-627	-103	-12	685
-3167	-2490	-650	-100	15	578
-3214	-2474	-665	-94	20	379
-3206	-2470	-669	-71	23	258
-3209	-2455	-664	-57	57	120
-3143	-2468	-693	-32	63	-7
-3142	-2473	-686	-10	44	-73
-3123	-2482	-683	19	32	-145
-3060	-2480	-674	33	8	-172
-3084	-2500	-688	46	-17	-169
-3043	-2506	-670	56	-34	-150
-3048	-2517	-663	51	-44	-110
-927	-184	3875	-99	-271	577
-869	-424	3640	-101	-258	656
-770	-514	3596	-178	81	591
-799	-554	3850	-321	284	526
-1047	-773	4079	-423	80	544
-1272	-123	4090	-366	-433	254
-1788	217	3679	-298	-652	725
-1919	208	3189	-207	-93	1199
-1680	100	3034	-234	695	1076
-1741	-300	3266	14	1204	1154
-1726	-999	3618	343	1264	799
-1729	-1247	3970	506	1256	-227
-1843	-626	4389	586	976	-1241
-1819	270	4423	706	290	-1693
-1641	981	3997	860	11	-1491
-1350	1495	3782	820	239	-960
-1068	1660	3733	609	262	-223
-956	1169	3324	426	-35	509
-772	393	2823	302	-63	735
-630	-65	2604	234	195	369
-792	-182	2749	217	570	18
-1003	-288	3102	250	749	-256
-1038	-293	3484	265	645	-531
-926	-145	3708	248	47	-731
-851	132	3479	249	-634	-848
-628	421	3296	278	-1191	-744
-452	675	3009	349	-1574	-528
-584	927	2772	375	-1377	-241
-653	993	2866	368	-870	84
-785	1067	3134	317	-375	269
-933	905	3423	199	-77	550
-886	508	3593	44	61	557
-972	220	3736	-65	223	129
-1157	151	4041	-81	214	-148
-1028	112	4282	-103	-89	294
-805	52	4271	-214	-577	1068
-965	163	3584	-396	-683	1391
-1289	-361	2805	-512	-25	1137
-856	-271	2260	-515	1250	666
-574	-310	1874	-358	3164	139
-465	79	2204	-831	5391	121
-1320	-486	3310	-269	5546	1034
-3152	-63	3682	-301	3526	1455
-3125	-502	3341	-545	1589	659
-2845	-161	2711	-248	657	-385
-2070	-241	2116	-451	51	-545
-845	-319	2002	-156	-127	129
-479	-96	1654	-255	-666	1046
-759	108	1086	-618	-861	1447
-3074	710	1233	-1163	-1354	1078
-16304	-249	3985	-1909	-17322	1719
-4907	1107	-7029	3574	9570	2189
-18566	577	6551	350	24093	-32
4872	-76	16232	1701	18903	-974
-9648	235	21264	-286	4357	1516
-7160	-903	4729	-1310	-12775	1264
232	-870	-2524	-450	-7077	-316
-105	-63	-1698	-459	3389	108
-817	178	-977	739	8670	-116
-4482	1434	361	1030	13613	-1383
-6036	-140	3534	-468	10852	-929
-4659	-1157	6585	-605	8058	-855
-4092	-210	5893	-279	4298	-1210
-3422	95	2920	-520	3418	-617
-3040	-489	780	-365	4705	-550
-3097	-280	-46	97	6421	-1029
-3595	434	-44	291	8329	-916
-4150	745	300	-129	8890	-243
-4207	775	532	-664	8590	293
-4191	246	632	-523	8014	908
-4556	267	852	-185	6816	908
-5368	463	1269	-736	3858	844
-5531	-104	1375	-487	-1218	1475
-2433	354	52	680	-1472	3148
-2055	196	-37	-100	122	3250
-2282	-497	261	-713	-743	2570
-2504	-719	170	-1029	-1753	855
-2803	-784	141	-1851	-1961	-798
-3993	273	311	-1881	-2561	-1214
-4392	1490	259	-1175	-3434	1874
-4053	1749	174	-796	-4309	5683
-4203	1746	-17	-1448	-6351	7927
-5491	1917	-539	-2204	-7931	8392
-6030	2494	-1035	-2457	-7337	4967
-4800	2455	-824	-3596	-6318	-159
-3685	1410	-726	-3484	-6189	-2337
-3319	1573	-698	-2465	-6163	-2049
-2714	1365	-1019	-1436	-5520	-68
-3295	626	-3933	2487	727	-591
-10766	9279	100	12584	12765	-3593
-2982	5333	-3232	7179	9376	-4056
-1732	1918	-2579	2934	1905	749
-4325	142	-2468	-1004	1254	476
-6388	489	182	-2400	457	119
-5978	527	989	-701	836	3848
-5021	1674	110	-226	1103	5704
-4604	2323	-51	-546	1006	5542
-4102	2671	-65	-518	829	5073
-3641	2714	-194	-702	622	4659
-3360	2692	4	-767	199	4234
-2902	2504	89	-815	-138	3805
-2646	2777	38	-790	-189	3467
-2516	2597	100	-814	-97	3519
-2532	2973	32	-980	7	3330
-2477	3243	27	-1220	43	3226
-2588	3028	161	-1465	131	3288
-2679	3061	244	-1573	-16	3510
-2655	3174	391	-1526	-307	3931
-2339	3309	491	-1439	-481	4556
-2022	3229	643	-1328	-674	5136
-1734	3373	638	-1284	-878	5461
-1923	2950	876	-1602	-218	5443
-1355	3707	783	-1248	-1011	5464
-1023	3932	993	-1174	-1209	4428
-658	3724	1061	-1150	-1239	1850
-488	3725	950	-723	-908	342
-539	3735	791	-554	-688	353
-633	3667	850	-364	-277	807
-876	3817	999	-445	-128	1117
-827	3667	975	-696	-194	1395
-474	3635	1093	-857	-327	1128
-475	3428	1346	-283	-158	1175
-668	4310	1436	9	-125	930
-617	3779	1362	203	-278	479
-577	3672	1151	227	-529	195
-339	3825	907	279	-645	594
-297	4068	911	127	-435	1020
-480	3795	1141	134	-326	1104
-283	3933	1141	495	-46	1124
-10	3915	1061	500	-78	875
-1281	315	3944	57	-22	-484
-1263	294	3896	69	-120	-404
-1318	412	3701	61	-199	-369
-1306	364	3569	37	-69	-358
-1404	301	3653	23	59	-461
-1750	181	3836	73	56	-532
-1921	231	3704	287	426	-188
-1734	117	3883	550	684	32
-1744	-57	3558	555	462	-138
-1798	-377	2892	458	380	-548
-1910	-658	2373	351	589	-848
-1982	-453	2159	283	1061	-1573
-1912	74	2504	250	1543	-1887
-1812	591	3265	250	1770	-1480
-1716	929	4194	125	1508	-692
-1903	577	4808	-90	788	123
-1929	-287	4640	-215	238	198
-1661	-767	4217	-184	-277	-272
-1292	-746	3452	-108	-538	-935
-819	-452	2911	107	-392	-1206
-801	-347	2668	333	13	-1143
-1043	-267	2657	417	389	-1155
-1150	-109	2911	438	677	-1157
-1257	139	3356	459	640	-1068
-1223	251	3773	509	247	-921
-1463	250	3821	588	-452	-609
-1390	3	3416	686	-890	-248
-1301	-256	3372	825	-1041	-35
-1314	-739	3305	841	-738	-274
-1225	-1082	3563	719	-331	-896
-1151	-521	3758	778	-506	-1392
-1356	-491	3540	996	-901	-1374
-1161	-857	3171	1116	-970	-1734
-860	-934	3025	1126	-735	-2243
-781	-787	3000	1210	-566	-2657
-805	-501	2916	1234	-408	-2994
-915	-245	2810	1079	-205	-2836
-1286	251	2490	1069	461	-2484
-1304	492	2585	1149	1260	-2273
-1182	956	3276	1177	1589	-2980
-1451	1459	3781	794	1320	-2221
-1666	901	3794	781	1081	-372
-2223	163	3212	830	811	-503
-2532	-156	2328	414	392	-914
-1600	-52	1860	287	458	-1309
-1142	647	1852	-23	505	-1839
-1069	786	1563	-252	809	-1316
-984	400	1577	-320	1287	-25
-923	-206	1612	-353	1498	809
-2267	-112	1678	-313	1055	853
-10242	1916	3218	-2089	-4400	557
-16908	2933	-3960	2000	5252	776
-6940	-1439	2191	753	15046	-2320
-4543	-3614	16243	307	12092	-5333
-6079	-2563	14366	312	3067	-2644
-4208	1070	6130	-1139	-2567	-3922
-26	1956	245	-1566	-2164	-4455
394	1953	-1342	-1854	2031	-1606
-150	208	-766	-1803	6458	-699
-2270	-1768	1215	-1090	8796	-723
-4323	-2221	2476	-1195	8264	-1817
-4315	-2366	3186	-1620	7080	-3020
-4257	-999	4634	-1220	6515	-3175
-3717	-117	5020	-1206	4466	-2931
-2691	-100	3913	-1434	3073	-2650
-2586	-403	2420	-1974	2169	-2599
-2401	-429	1151	-2061	1210	-2537
-2103	-810	281	-2028	1531	-2461
-3136	-1234	523	-1857	2461	-3448
-3310	-1720	768	-1871	2586	-5102
-3899	-2246	1238	-1432	1751	-5231
-3631	-2389	869	984	-557	-4340
-2693	-936	388	1970	-1599	-3336
-2067	-844	192	1295	-2297	-2618
-1662	-959	-14	1220	-3658	-2182
-1249	-922	-213	1561	-5033	-1911
-326	-4267	-4976	-1228	-3333	-2618
-14321	-21198	-1252	-11957	10501	-21018
1441	-6339	-1645	-6827	5644	-15865
1707	-3719	177	-5425	6389	-5864
-1038	-5728	-2816	-1639	8381	-418
-2581	-5683	-2569	351	7057	-784
-2485	-4485	-1756	1701	4038	-3769
-1525	-3529	-281	2549	2620	-4223
-635	-3047	44	3491	1881	-2123
33	-3867	5	3289	2118	-1273
-279	-3786	123	3130	1572	-1106
-377	-3696	98	2956	247	-1031
-426	-4014	-54	3225	-1063	-1547
-1220	-3507	78	3104	-1752	-1913
-1876	-3469	635	903	-3129	-1182
-868	-4172	387	206	-3004	-1111
-38	-3862	48	1083	-2780	-2681
-301	-2878	-199	2008	-3851	-2496
264	-2960	-793	3673	-5252	-282
741	-3246	-1371	5302	-4929	2217
336	-4790	-912	5085	-4012	3531
899	-5482	-82	2279	-4206	1753
3576	-5393	-355	1925	-1448	1678
2425	-3375	913	2352	2291	4132
1341	-3954	2406	1126	3488	6121
89	-4957	3688	903	2057	2972
-1110	-4148	3029	726	-1180	-1765
-1117	-2679	1679	367	-2852	-3180
98	-1489	687	8	-3223	-2846
1254	-1605	718	-413	-3143	-1902
1684	-4165	334	16	-2140	-2290
558	-5571	483	1102	-759	-4237
671	-4777	1449	734	-512	-2153
811	-4817	1756	-464	134	334
1110	-4318	2048	-215	634	136
902	-3308	2109	-778	8	-993
507	-3748	1412	-747	-159	-1256
539	-3108	1541	-1003	-272	-1219
751	-3977	1738	-856	-851	-180
595	-3407	1564	-588	-1907	340
863	-4553	635	-739	-2055	47
1164	-4056	429	-207	-1533	-116
1436	-3688	359	-76	-923	115
1040	-3755	567	-34	-112	476
447	-4065	1131	99	16	587
512	-4121	1147	106	-25	440
708	-3879	1138	133	-189	486
612	-3805	1123	192	-208	612
436	-3844	1194	159	-109	456
559	-3806	1255	50	-40	317
622	-3770	1254	15	-15	320
465	-3876	1191	-30	11	227
451	-3954	1192	-40	64	69
572	-3858	1182	-54	79	34
-1473	424	2570	451	414	-303
-1503	259	2707	334	821	-390
-1669	249	3134	367	1138	-312
-1786	186	3671	407	1199	-277
-1827	155	4103	390	935	-347
-1853	192	4255	325	496	-461
-1727	218	4137	273	56	-567
-1570	230	3889	265	-132	-660
-1420	268	3589	236	-162	-782
-1224	233	3472	200	-31	-857
-1103	249	3562	200	57	-910
-1147	340	3700	293	56	-866
-1072	346	3781	407	-19	-822
-1592	345	3646	581	-299	-732
-1941	212	2763	709	-431	-654
-1997	-29	2360	689	-115	-1036
-1882	-141	2226	734	347	-1264
-1823	-123	2529	819	901	-1166
-1620	-216	3056	581	1028	-1428
-1615	230	3547	368	608	-1592
-1451	769	3826	347	154	-1147
-1399	1049	4150	286	-342	-355
-1460	667	3920	-20	-764	125
-1217	69	3581	-166	-935	280
-930	-298	3175	-125	-819	156
-810	-303	3137	17	-613	112
-1003	-264	3187	108	-481	99
-1381	-262	3131	121	-522	92
-1477	66	2967	46	-593	56
-1317	647	3116	80	-680	523
-1137	97	3154	-23	-247	818
-920	-437	3992	-95	158	442
-778	-233	4598	-118	-128	70
-1292	-338	4731	16	-791	19
-1296	-206	4061	22	-1384	223
-1246	-538	2301	-865	61	145
-1215	-387	1947	410	174	3
-374	13	1987	494	1380	-185
-403	380	2706	509	2155	-197
-983	286	3014	152	2155	219
-2131	-83	3530	331	2990	404
-2826	-228	4043	779	2232	451
-2849	410	4023	322	858	-208
-2897	738	3497	-160	-789	-640
-2356	505	2460	-164	-1424	-328
-2103	172	1554	-355	-1142	-178
-1494	-22	967	-480	-355	-401
-576	-50	961	-416	844	-539
-557	561	1486	-589	1326	-470
-3358	1646	1538	-931	-179	623
-18106	5144	-1698	815	-3088	7510
-9691	-2159	1798	1872	11275	5670
-7281	-212	7862	-343	14584	-6339
-4668	-2975	15430	-1015	9189	-782
-4065	-870	11834	739	167	341
-2197	702	3945	498	-3420	-93
-1494	732	-390	886	-2630	-786
-1016	479	-1207	896	1426	-201
-1210	116	-859	79	6323	489
-1840	-709	-32	-606	8026	-854
-5005	427	1243	367	8547	-1824
-4452	-493	2688	422	8533	-1120
-6179	1390	6638	752	7709	-1254
-4661	1465	5549	120	3297	-143
-3727	448	3366	-45	2092	307
-3343	74	1559	-419	2464	398
-2945	195	168	-1153	4062	417
-2819	-229	-233	-1999	6123	632
-3647	-1027	424	-1369	7049	284
-4216	-800	1021	-134	5744	-35
-3514	-276	473	72	5321	14
-4175	-6	818	-507	6577	-9
-4457	438	1064	-905	5944	-102
-4068	661	908	-1035	5023	443
-4759	584	1370	-1083	3038	1600
-4201	691	906	-665	890	2472
-2772	880	494	-1435	-163	3520
-1614	133	332	-1034	-1328	3952
-1546	-298	281	-685	-2931	3478
-3087	-462	310	-965	-5308	1757
-4158	-824	-740	-2482	-6323	-1719
-4301	-1349	-785	-2628	-3829	-3156
-3963	-19	-217	-720	-3451	-1289
-5238	907	-390	-421	-4857	1975
-7390	561	-713	-941	-5416	4944
-7723	553	-840	-2083	-5588	4203
-6096	1090	-675	-2684	-6285	1669
-4746	1355	-906	-2553	-6872	-723
-4032	575	-1974	-1604	-5450	-3731
-3762	-40	-3670	198	-602	-9061
-5302	4332	-5771	3787	9663	-8255
-7096	5949	-2660	2681	14470	2408
-2527	1370	-2406	879	6889	2234
-2223	918	98	25	1868	1378
-4046	1338	-1406	-222	706	309
-5145	753	46	-386	1413	756
-5087	916	-176	-143	2194	516
-4807	813	-623	51	2386	279
-5064	660	-889	20	1939	139
-4895	626	-936	-6	1099	56
-4546	588	-842	-50	308	51
-4380	649	-761	-81	-185	243
-4141	713	-640	-113	-392	434
-4164	775	-615	-139	-510	506
-4117	838	-592	-143	-660	463
-3921	859	-473	-121	-787	320
-3729	835	-409	-95	-783	213
-3653	869	-385	-83	-731	142
-3654	894	-337	-64	-669	1
-3679	892	-329	-51	-586	-168
-3686	856	-278	-46	-493	-254
-3688	801	-223	-42	-358	-272
-3732	801	-205	-25	-168	-271
-3897	800	-232	3	15	-286
-3977	783	-242	12	139	-312
-3917	759	-262	16	221	-345
-3878	768	-272	16	275	-363
-3904	738	-277	27	311	-369
-3914	713	-321	35	349	-338
-3994	724	-370	33	332	-252
-4084	681	-414	36	264	-290
-4053	663	-438	34	160	-281
-3959	663	-431	24	61	-249
-3938	660	-421	16	-6	-222
-3939	639	-388	6	-42	-186
-3906	638	-382	-1	-59	-151
-3944	633	-367	2	-56	-145
-3973	625	-369	-2	-45	-128
-3910	616	-361	-3	-42	-93
-3918	622	-349	2	-48	-57
-2215	487	3479	214	486	871
-2178	86	3707	205	429	764
-2100	-220	3998	67	379	140
-2112	-174	4073	83	189	-400
-1991	14	3744	332	250	-475
-1795	313	3589	543	402	-275
-1677	400	3320	604	441	-114
-1621	393	3069	568	511	-17
-1545	236	2901	467	568	50
-1450	41	2822	347	689	-82
-1453	-20	2901	241	892	-304
-1526	66	3169	213	983	-464
-1639	138	3384	301	858	-497
-1559	143	3496	395	638	-535
-1352	248	3662	323	200	-742
-1351	560	3589	196	-406	-823
-1355	772	3127	-21	-678	-769
-727	835	3160	64	-396	-488
-442	668	3543	68	-523	-122
-989	72	3399	313	-514	336
-1126	-338	3275	386	-618	98
-1035	-84	2949	338	-572	-458
-1182	439	2709	168	-444	-828
-1453	898	2823	-41	-238	-721
-1315	773	3410	94	-57	79
-1344	161	4009	259	-232	542
-1457	-336	4247	345	-649	413
-1511	-640	3985	363	-897	-269
-1179	-322	3800	285	-906	-1004
-1063	24	3612	270	-767	-1336
-994	475	3600	219	-635	-1262
-1047	560	3583	95	-521	-542
-1173	159	3444	6	-295	-130
-788	78	3719	-33	-31	41
-781	24	3916	-86	110	244
-1227	-222	3744	-49	500	205
-1305	-189	3650	-87	1157	-108
-1237	27	3248	-66	2256	268
-838	239	3595	-28	3151	711
-605	-265	4168	-46	3058	527
-1602	-371	4185	40	1665	-145
-2608	328	3234	-370	838	-289
-2014	-137	2970	-321	1039	-65
-1735	-249	2644	-454	810	-594
-1807	-76	1860	-820	109	-664
-1617	260	1355	-981	-507	-231
-1051	237	1015	-1080	-665	311
-944	258	757	-940	-311	788
-1027	149	559	-1024	-770	1239
-1707	-17	568	-1685	-1928	1462
-12158	-2651	2227	-734	-6621	1520
-17273	-163	-3829	-1838	7340	5894
-8381	1077	2193	457	15684	6155
-2933	-4719	14242	1355	16528	-2700
-7775	-1607	16152	-2764	2673	-3814
-5165	-1600	7798	-1040	-1509	177
-1495	212	1205	-632	-2777	-1083
-730	926	-574	-847	-454	-1151
-1006	13	-907	-396	5173	568
-2514	-1335	291	-205	9860	322
-5763	-2387	2604	-26	10365	-1214
-5808	-188	3939	-1103	7274	-1369
-4871	-104	5325	-585	6512	-691
-3835	-381	4592	-346	3714	-110
-2900	-411	2658	-287	3339	47
-2654	21	1115	-950	4587	307
-3049	-241	265	-1801	6332	558
-3733	-775	222	-2282	7679	795
-4545	-1636	639	-2150	8096	512
-4562	-1651	985	-1003	7042	336
-4167	-843	1091	-628	6151	748
-4022	-275	1273	-787	5383	1380
-4099	-2	1418	-775	3722	2462
-5034	674	1545	-865	766	4341
-3872	570	780	-802	-1099	6366
-2788	-505	424	-968	-1723	6197
-2433	-824	260	-833	-3372	4434
-2142	-391	-97	-1544	-4921	2205
-3309	-397	-213	-2650	-5763	-218
-4393	-1237	-418	-3075	-5893	-2337
-4735	255	-411	-1699	-5766	-1612
-4612	936	-493	-505	-6333	1913
-4853	1048	-726	-130	-7140	5619
-5181	1165	-1087	659	-6707	8193
-5518	1574	-947	467	-6184	7976
-4752	2099	-966	-971	-6450	5221
-3458	1934	-1197	-2524	-6540	1841
-2541	1737	-1348	-3057	-5229	-463
-2507	2015	-1368	-2669	-2908	-1278
-2779	2192	-1034	-2532	-621	-810
-3589	2484	-569	-1062	1235	263
-7432	8391	1777	3274	3812	1601
-7268	6937	3686	2611	3254	2064
-854	142	117	1173	3943	3054
-2473	1398	298	711	4102	4100
-4969	3121	861	299	2201	2991
-5356	2496	866	-382	873	4662
-5172	2146	1069	-700	-472	6578
-4497	2805	1196	-732	-1464	7898
-3787	3056	1462	-999	-2148	9161
-2929	2906	1536	-1125	-3459	10024
-1808	2718	1585	-943	-4404	10685
-48	2886	1407	-1547	-4145	10102
869	3929	1831	-1980	-2436	8404
-7	1720	1841	544	503	4382
-619	2253	1477	2277	1468	-591
-406	3040	1469	2391	1013	-867
88	4010	1694	1991	-314	746
277	4850	1598	1499	-1027	2072
118	4561	1258	684	-839	1532
-161	3326	1112	375	-256	1003
-263	3320	1544	605	0	963
18	3873	1815	943	-28	1346
342	3848	1786	1090	289	1671
461	3825	1701	1287	428	1289
337	3833	1536	1566	292	952
247	3712	1328	1828	-159	855
215	3811	1188	2011	-302	982
243	3970	1071	2266	-416	1290
203	3935	981	2261	-484	1397
374	4006	808	2173	-339	1506
419	4174	744	2060	-290	1576
381	4272	592	1456	354	1492
140	4010	699	1148	165	1199
168	3906	630	863	-86	1160
254	4078	605	730	0	1192
269	3951	620	937	-171	889
198	4002	555	934	-112	492
461	3939	293	825	-282	346
612	3959	251	705	-77	444
-1221	-534	3890	-46	244	-94
-1250	-563	4040	-7	133	-198
-1336	-547	3866	33	-117	-221
-1308	-464	3591	62	-172	-174
-1240	-417	3344	67	-101	-79
-1092	-167	3378	19	65	2
-1389	-147	3654	-100	134	236
-2208	-789	3772	-149	300	218
-2454	-753	3927	-214	506	-339
-2260	-53	3712	-61	338	-134
-1847	121	3200	129	235	385
-1677	240	3068	285	372	518
-1873	248	3255	408	539	575
-1983	-82	3477	419	594	350
-2040	-329	3825	394	502	-138
-1911	-39	3910	454	345	-564
-1587	364	3939	594	471	-372
-1365	566	4094	614	346	-86
-1358	769	3868	537	-47	193
-1219	679	3417	414	-370	515
-1099	550	2964	262	-406	654
-1001	282	2715	131	-141	601
-992	121	2594	107	107	441
-1074	75	2541	127	74	470
-1062	67	2356	170	45	525
-998	-391	2823	176	194	30
-1327	-178	3597	192	-338	-572
-1564	27	3481	273	-757	-492
-1427	172	3018	325	-1029	-521
-1132	424	2634	244	-918	-861
-1248	823	2752	94	-529	-952
-1349	912	3387	62	-178	-416
-1090	213	4162	8	-445	696
-865	-767	4308	68	-1167	994
-757	-1055	3876	137	-1462	468
-764	-961	3515	327	-1229	-118
-971	-744	3029	530	-590	-1134
-990	-637	2652	1055	261	-1718
-732	-14	2307	1577	1153	-1445
-290	263	2143	492	3361	-915
-1084	107	2259	-72	4977	-1347
-1643	458	2822	159	5073	-1474
-2735	556	4020	722	4639	15
-3952	-279	4365	1464	1927	1247
-3194	-437	2993	1616	-1730	1080
-2095	24	1582	1287	-2960	866
-1412	170	1087	720	-2969	556
-466	-100	882	982	-1023	-203
-856	500	1443	127	594	-380
-3711	1038	1639	-372	-849	-326
-16763	-737	-771	527	-9876	-45
-15450	1285	1014	444	16381	-5693
-5238	332	12814	4355	15479	-6531
-5973	3547	17157	2137	5560	-2056
-5259	2001	9194	1212	-2976	-907
-2399	2235	1659	-85	-5529	-1904
955	1103	-1917	-497	-1367	-1236
453	542	-1765	-1492	4541	-1503
-792	-604	-775	-1659	8481	-2232
-2865	-1352	1858	-711	10495	-2489
-5914	-222	4919	-786	8740	-1105
-5501	-616	4655	-36	4299	-212
-4071	-165	3956	-611	3800	-668
-3854	-510	3806	-725	3176	-962
-3264	71	2448	-673	2679	-612
-3488	-570	896	-777	3163	-308
-3157	-893	86	-403	4584	-757
-3036	-53	580	-519	6180	-742
-3668	-129	1503	-1412	6941	-686
-4081	-1077	1734	-1703	6433	-358
-4027	-1769	1342	-952	5697	-463
-4018	-1213	850	-363	5000	-1076
-3913	-912	549	-202	4576	-730
-4498	-949	902	239	2483	-167
-4658	-1512	719	2438	-477	577
-4346	-1108	433	3287	-550	-820
-4022	-489	465	2280	-32	-2961
-3455	-891	426	1946	-735	-4083
-2519	396	313	1734	-1635	-3188
-2023	481	255	1514	-2998	-1524
-1877	57	21	1048	-4488	-389
-2655	-650	-198	412	-5036	-448
-3589	-1089	-487	-577	-5041	-1892
-4027	-1363	-406	-946	-5250	-3382
-3751	-1286	-583	-1422	-5100	-4351
-3987	-1416	-598	-1887	-4987	-4573
-3982	-1603	-661	-1897	-4883	-3926
-4111	-1620	-1333	-1570	-4095	-2145
-3896	-480	-5215	-8535	6262	4313
-9474	-11785	-3073	-12274	9962	4663
-3903	-7091	-4295	-6373	10429	2585
-1372	-171	-2471	-2132	9035	-1031
-2894	-966	-2288	2401	7473	-2514
-4460	-2893	-2544	3587	4810	-2754
-5378	-2927	-2294	4445	3114	-3193
-4689	-2572	-1785	4692	2034	-3224
-4370	-2625	-1254	5111	1602	-4245
-4234	-2326	-1255	5220	1039	-5445
-3448	-2577	-1183	4481	1092	-5709
-2378	-2394	-1004	4004	1606	-6027
-1715	-2607	-747	3222	1788	-6278
-1283	-3192	-756	3765	1960	-5925
-1446	-3238	-403	3194	1436	-5194
-1295	-3789	-277	2772	229	-5030
-1114	-3759	-130	2783	-487	-4353
-970	-3640	2	2866	-1554	-3343
-815	-4077	31	2486	-2305	-2857
-847	-4165	-128	3000	-2333	-2693
-832	-3336	-7	2492	-3002	-2562
-517	-3618	-33	1896	-2794	-2830
-574	-4387	39	2200	-2733	-3088
-516	-3513	309	2193	-3292	-2393
93	-4122	311	2010	-2840	-1892
30	-3951	486	1795	-2616	-1768
332	-3942	559	1666	-2397	-1627
672	-3626	716	1593	-1692	-1420
542	-3763	1141	848	-613	-700
211	-3816	1173	321	-456	-119
53	-3682	1066	115	-802	65
255	-3758	1068	-131	-936	-63
435	-4078	923	-239	-843	-343
227	-3641	940	-159	-543	-301
642	-4208	784	3	-172	-297
344	-3826	1013	-43	-165	-59
369	-4004	958	-196	-310	-192
340	-3819	919	-332	-284	-149
412	-4040	705	-139	-15	-139
560	-4032	808	-18	99	-200
432	-3807	887	24	63	-104
291	-3919	937	-43	65	85
-1441	373	3905	92	489	-379
-1426	368	3985	57	260	-363
-1375	289	3865	21	-3	-409
-1344	269	3624	-75	-132	-608
-1334	378	3567	-155	4	-765
-1545	447	3719	-172	2	-856
-1643	326	3766	-29	291	-655
-1584	250	4180	147	440	-530
-1466	228	4305	301	181	-368
-1439	-66	4121	322	-399	-326
-1411	-241	3500	322	-764	-630
-1405	-208	2847	310	-653	-1084
-1382	4	2398	365	-141	-1472
-1378	320	2241	456	533	-1447
-1441	417	2459	510	1054	-1117
-1615	333	2942	418	1261	-1189
-1847	348	3639	222	1167	-1334
-2112	94	4222	152	795	-1154
-1869	-119	4475	83	218	-1102
-1578	-144	4143	110	-89	-1164
-1502	-22	3845	227	-145	-1181
-1372	29	3499	325	-231	-1278
-1292	150	3239	388	-259	-1366
-1169	134	2990	443	-268	-1338
-956	-60	2801	513	-225	-1199
-932	-147	2748	543	-124	-1094
-1140	-151	2914	674	-46	-699
-1269	-109	3078	816	-18	-512
-1077	9	3707	880	-142	-406
-1101	15	4144	682	-350	-660
-1088	256	4272	422	-545	-936
-944	558	4039	310	-1113	-695
-860	588	3337	323	-1442	-66
-851	384	2682	183	-1061	333
-914	105	2312	91	-88	791
-1123	-519	2146	77	1029	972
-1096	-676	1977	34	2308	781
-576	-751	2516	140	3495	143
-957	-194	2941	246	3616	-643
-2441	904	2895	-647	2505	-412
-2347	-261	2582	-1644	893	161
-1967	-1118	2528	-226	1526	-435
-3342	-73	3079	332	1714	-155
-3106	-22	2967	-261	174	45
-2724	286	2484	-396	-777	172
-1860	118	1987	-389	-832	391
-1598	-103	1640	30	289	398
-1206	-77	1405	-43	989	605
-1014	143	1679	-444	1239	214
-944	354	1125	-1561	-1049	-239
-11231	812	3615	-1690	-5403	1565
-15433	2583	-7717	1528	4086	12030
-10734	-72	2941	836	16873	7243
-5216	-2496	13758	4772	18407	-5481
-4712	168	17807	6	9207	-2431
-5497	934	9509	149	-2258	229
-2138	350	1461	-1421	-4828	-771
-265	-444	-838	-276	-2142	-1193
-211	-947	-1006	920	1709	-1597
-626	-542	-858	1373	6695	-2499
-1886	955	-266	997	12580	-1803
-8140	917	2654	-2700	11523	-1009
-5561	727	1920	-980	6922	-143
-5023	1433	2637	-52	8341	451
-5011	873	3996	-574	9036	-129
-4749	313	3904	-812	8271	756
-4417	-785	2925	-1134	7061	546
-3979	-1036	1617	-696	5157	-397
-3226	-475	798	-142	3570	-371
-5145	8	1331	-272	2188	39
-6385	-1382	1524	1790	-2341	479
-5020	-180	553	4405	-6108	-414
-3310	1929	-36	1013	-4971	-623
-2920	772	188	-334	-5521	994
-3362	565	-8	769	-7825	2758
-3625	-61	-986	988	-8733	2626
-3785	-347	-984	96	-6955	-32
-2894	226	-880	-1008	-5670	-1763
-3186	432	-866	-1975	-4545	-2179
-3916	-352	-854	-2563	-3957	-1936
-4111	-1283	-951	-2121	-3569	-2269
-3897	-1464	-1011	-1402	-2761	-2336
-4295	-1578	-1312	133	-1533	-1630
-4569	-476	-1143	1438	212	-659
-5258	959	-642	1440	1100	587
-4986	986	-769	527	410	1187
-5390	13	-5749	-1118	6629	2469
-10492	-1831	808	-59	10639	480
-6130	-726	-18	-270	6458	114
-2883	-183	1095	91	7493	-967
-2938	-839	594	-367	5975	1302
-4395	-256	-895	-359	3811	1791
-5273	320	-846	437	3362	688
-4544	572	-909	606	3151	-633
-4555	55	-1144	356	2765	-752
-4363	-375	-1408	341	2619	-419
-4177	-283	-1314	302	2318	-33
-3946	-134	-1245	261	1775	40
-3987	-81	-1258	222	1223	-32
-4005	-169	-1394	107	978	6
-4093	-78	-1583	145	815	-123
-4095	-103	-1385	111	602	-84
-3956	-126	-1397	100	325	-146
-3991	-86	-1438	115	-3	-248
-3943	-85	-1331	107	-286	-349
-3904	-171	-1238	99	-365	-426
-3964	-220	-1210	96	-345	-431
-3944	-233	-1239	104	-294	-427
-3934	-235	-1187	104	-249	-394
-3949	-249	-1190	113	-179	-367
-3942	-303	-1206	126	-113	-353
-3905	-296	-1192	123	-138	-315
-3883	-315	-1167	110	-170	-273
-3892	-337	-1139	91	-135	-218
-3895	-367	-1160	78	-110	-162
-3939	-361	-1180	73	-129	-124
-3949	-349	-1175	64	-152	-97
-3869	-373	-1134	42	-162	-66
-3835	-370	-1136	8	-166	2
-3906	-346	-1165	-2	-212	53
-3872	-323	-1120	-6	-278	70
-3761	-342	-1085	-11	-307	40
-3761	-341	-1042	-18	-285	32
-3811	-338	-1048	-32	-247	77
-3823	-311	-1017	-53	-205	136
-3804	-325	-988	-45	-119	141
-3830	-323	-1023	-36	-44	119
-3863	-323	-1029	-36	-8	140
-3878	-304	-1056	-44	-20	166
-3889	-299	-1094	-44	-41	160
-1546	806	3152	524	562	-185
-1585	687	3173	424	648	5
-1540	441	3122	304	656	47
-1523	153	3121	245	697	111
-1499	-87	3122	283	827	54
-1570	-60	3207	246	974	-301
-1653	109	3398	206	1005	-580
-1623	187	3721	236	700	-598
-1542	223	4016	348	65	-434
-1421	356	4058	333	-615	-472
-1188	562	3772	176	-933	-614
-966	694	3413	56	-902	-443
-867	780	3134	-47	-678	-153
-855	703	2945	-91	-236	152
-854	474	3102	-85	114	286
-1096	126	3538	78	354	416
-1650	-129	3848	256	29	418
-2050	-110	3275	363	-463	234
-1989	150	2494	372	-556	-75
-1782	8	2169	318	7	-241
-1624	-390	2711	214	738	-246
-1602	-801	3563	245	926	-365
-1603	-784	4165	174	498	-712
-1834	-66	4197	-94	-300	-1296
-1720	452	3467	-170	-513	-1043
-1393	406	3281	-136	123	-150
-1312	-96	3587	45	340	501
-1373	-562	3946	67	215	279
-1410	-706	4194	-2	-55	-281
-1320	-276	4277	-82	-437	-681
-1300	573	4213	-90	-1149	-368
-998	721	3686	172	-1692	510
-724	265	3230	98	-855	889
-887	-420	3200	12	-169	866
-1053	-915	3245	8	64	373
-1188	-1128	2957	38	398	-286
-1179	-903	2628	308	1483	-1130
-1173	-436	2847	485	2708	-2096
-1285	265	3338	614	3366	-2258
-1507	626	3835	547	3071	-1457
-2302	101	3372	884	2285	-970
-2163	492	2904	580	1711	-914
-1807	831	2877	-145	1281	-307
-2202	571	3043	0	779	258
-2751	598	2541	-76	-111	149
-2124	176	1685	-660	97	-73
-1518	63	1290	-850	733	-203
-1029	6	1069	-867	814	125
-521	37	958	-882	757	749
-491	24	1007	-1309	945	1654
-6259	471	2399	-1788	-1269	2267
-20828	-3762	-828	654	-26791	2994
-4107	427	-4933	-79	21273	-2846
-13506	395	5556	-788	18196	-1958
1284	131	20674	2479	19048	141
-9202	373	16496	-1018	5598	-886
-5052	1435	4814	-240	-6749	-1148
-312	513	-1091	199	-3078	323
208	-433	-1099	969	4168	461
-1219	-548	78	900	7729	258
-4367	-1807	1971	742	8431	-252
-5294	-1775	2509	1435	5981	-762
-4812	141	2667	-59	5425	-1421
-4652	1727	3246	-706	5114	-1142
-4952	1496	3772	-797	5260	291
-4630	213	3229	-1110	4360	1055
-3559	53	1832	-1612	3575	1229
-2848	-423	1005	-2128	3907	1139
-2614	-883	794	-1835	4310	963
-2710	-952	755	-1519	4126	363
-3622	-1515	932	-1416	3478	-524
-4659	-1913	1152	-1079	2840	-1396
-5195	-1766	1129	-657	1704	-1708
-5578	417	970	-889	-23	-389
-4567	1648	751	-1119	-1235	4810
-3634	1260	706	-405	-1738	8678
-3087	1165	622	-843	-4116	9702
-2974	603	249	-1476	-7033	8816
-3560	555	-564	-1928	-9227	6394
-4345	1093	-1396	-1772	-6577	1594
-4248	1573	-1043	-2420	-3356	-850
-4942	427	-736	-2892	-2544	52
-5310	-938	-731	-1670	-3493	1370
-4418	-880	-915	185	-3856	3178
-3689	-220	-966	800	-3552	5063
-3619	1241	-924	330	-2545	6498
-4277	1878	-729	-278	-1174	7147
-4226	1971	-638	-1360	-566	5029
-3043	1658	-515	-2131	-31	1241
-2874	1979	-839	-1533	1693	-2028
-4599	7605	-354	1040	3643	-1681
-5726	10110	-114	1281	2675	8796
-4189	5012	816	-210	-1	7446
-1234	2738	1767	-1786	173	4821
-1776	2762	1941	-2047	462	3242
-2712	2897	1556	-746	37	2166
-2827	3026	1106	-206	-455	1277
-3117	3257	1055	-293	-530	2143
-3014	3465	1242	-529	-551	3602
-2723	4091	961	-1310	-553	4789
-2337	3736	1128	-2194	-417	5559
-1852	3657	1186	-2701	124	6381
-1665	3125	1886	-1945	293	7172
-1211	2667	2364	-640	724	6505
-313	1894	1987	842	2093	5534
-612	2923	2179	1700	3084	5385
-1431	2748	2371	1451	2399	5619
-882	3468	2082	1600	1630	4647
-840	3555	2065	1653	1816	3661
-46	3838	1706	916	1305	2526
128	3413	1542	736	1775	1864
789	4104	1488	553	2416	1838
525	3786	1637	783	2648	1297
133	3642	1637	669	2093	863
-31	3835	1541	645	1617	941
108	3894	1487	591	1313	1331
319	3833	1361	598	1051	1350
503	3969	1294	560	925	1095
501	3880	1258	559	864	774
401	3978	1222	609	829	366
135	4029	1160	656	706	269
2	3892	1056	847	885	335
-21	3821	938	1038	1284	338
199	4037	837	1072	1767	355
-443	4604	1006	847	2061	445
-70	4182	1132	242	1974	750
-139	4067	1411	307	1638	883
-189	3757	1315	426	963	653
362	3656	1038	748	369	-48
501	4413	432	540	633	-38
-1352	50	3925	254	267	-349
-1267	38	3864	211	111	-583
-1136	151	3792	124	117	-817
-1143	256	3846	91	192	-856
-1385	214	3946	104	85	-780
-1617	103	3797	162	-75	-748
-1742	110	3651	286	161	-635
-1883	290	3464	506	333	-350
-1826	92	3219	803	724	25
-1854	-380	3416	850	593	-177
-2043	-677	3387	728	215	-723
-2101	-433	3111	403	354	-1555
-2001	148	3261	210	807	-1904
-1781	638	3720	117	1040	-1551
-1545	821	4155	-27	829	-845
-1495	616	4213	-222	255	37
-1634	49	3720	-359	-262	603
-1614	-587	3172	-425	65	496
-1377	-929	3218	-361	388	-82
-1329	-984	3242	-219	461	-651
-1284	-807	3181	-57	363	-1032
-1332	-507	3057	86	289	-1196
-1313	-179	2928	122	218	-1219
-1313	195	2841	123	29	-1088
-1199	453	2791	171	-233	-667
-1139	199	2847	232	-302	-64
-1136	-68	3124	213	-252	-7
-1155	-103	3543	223	-274	-57
-1156	-157	3620	337	-561	85
-1094	-30	3596	423	-634	133
-1128	-35	3598	486	-852	260
-1126	-340	3620	432	-158	142
-949	-504	4470	309	163	-241
-941	-420	4908	310	-678	-486
-1031	-362	4361	383	-1825	-433
-994	-552	3267	482	-2000	-433
-743	-458	2105	694	-826	-734
-303	-128	1741	1046	1351	-764
-95	193	2167	1267	3251	-388
-741	439	2793	1075	3481	-327
-1878	78	2557	913	3720	-750
-2499	515	2920	833	4481	-955
-2480	1089	3937	363	3786	-1058
-3438	739	3580	-11	877	-180
-3108	55	2045	22	-1224	979
-1814	-480	1140	157	-1707	1263
-776	-512	817	325	-502	949
-549	-454	749	17	-15	856
-626	-656	533	-221	47	709
-1359	-70	601	161	-370	321
-9733	1862	3104	-1479	-6905	-475
-13647	-1225	-9848	5284	-4983	1296
-14953	3114	2852	-947	19595	1628
-8961	-1548	7832	-1879	15612	-1867
-8331	-1856	26729	-332	12754	-678
-6849	1351	9455	-781	-6303	22
-1625	-204	-836	-400	-6554	-305
244	-239	-2272	518	2187	461
-1013	-382	-1603	-811	7848	-362
-3550	-743	-267	-969	11289	-2103
-5960	-117	2306	-509	11117	-1842
-5892	-365	4969	-812	9211	-1202
-4894	393	5079	-33	5524	-683
-4099	367	4052	22	4488	-108
-3729	42	2150	-496	4203	83
-3534	611	705	-999	4087	332
-3098	17	291	-1454	4267	683
-2935	-402	56	-1483	5120	807
-3701	-1072	430	-793	5977	387
-3804	-713	570	90	5963	-469
-3963	-316	667	-404	5847	-1244
-4249	-182	920	-739	5339	-1667
-4166	472	1028	-792	4148	-1293
-3261	1625	864	-1210	3243	528
-2350	1202	683	-1708	1936	2924
-2042	1248	600	-2104	469	4261
-2337	229	643	-2338	-1774	4952
-2751	-764	529	-1598	-4451	4605
-3353	-975	247	-1057	-5797	3069
-5413	-1437	106	-1253	-6115	274
-8458	-1147	-243	-1661	-6790	-2881
-9100	-924	-248	-1746	-6991	-2016
-8146	-195	-677	-2292	-8470	-237
-7260	1277	-1079	-2963	-8752	2383
-6463	1454	-1156	-2928	-8797	3741
-5420	1181	-1459	-1781	-7104	684
-5018	2003	-508	-3144	-10333	-2103
-3395	2450	-2665	-2695	-9906	-4238
-2972	2679	-3744	-1692	-6019	-6375
-2817	2748	-4013	792	-2832	-4473
-2557	2246	-2515	1521	1108	-473
-3150	1293	-1105	440	3724	2388
-3840	583	-247	-418	4412	3321
-3998	241	17	-225	4186	2667
-4081	345	481	600	4731	1014
-4879	1205	3163	59	4800	-855
-6507	-357	7750	-2739	6808	-1254
-5962	-2143	2491	-450	4343	-916
-5375	1281	43	940	8790	-2024
-2880	-195	-443	-1505	3381	1276
-5823	-231	940	-241	2276	-757
-4183	-156	413	-71	1068	-316
-4195	573	341	258	1468	197
-4860	278	226	0	789	-838
-4376	3	312	-42	477	-733
-4216	19	278	-8	511	-555
-4090	14	237	-5	478	-548
-3993	3	267	-2	490	-454
-4032	16	214	-11	548	-456
-4101	15	172	-36	549	-571
-4018	-46	140	-46	501	-641
-3927	-101	123	-33	430	-643
-3954	-135	112	-24	326	-607
-3964	-175	77	-31	235	-548
-3984	-228	77	-27	151	-427
-4021	-237	68	-23	81	-285
-3995	-246	91	-13	38	-162
-3981	-211	81	-10	39	-94
-4045	-227	95	-8	43	-75
-4017	-217	84	-4	30	-17
-4024	-215	64	-2	27	27
-4015	-206	80	1	5	37
-3987	-213	75	2	11	52
-3977	-213	85	5	7	85
-3995	-207	80	4	4	125
-3993	-206	83	2	-16	157
-3962	-183	76	3	-25	175
-3951	-162	83	7	-31	184
-3964	-173	93	6	-19	191
-3974	-163	93	7	-9	214
-979	179	3411	-66	557	-514
-1153	202	3467	-78	601	-462
-1313	59	3528	-72	744	-429
-1448	-249	3807	-24	784	-485
-1716	-529	4068	42	528	-781
-1984	-604	3935	7	115	-1111
-1971	-435	3375	320	89	-1128
-1887	-467	2758	545	266	-949
-1912	-303	2285	651	261	-1189
-1841	81	2011	290	840	-1640
-1842	600	2680	53	2166	-1493
-1781	550	4131	10	2858	-677
-2031	41	5285	-22	2052	23
-2281	-535	5309	-137	-25	288
-1911	-754	4142	-272	-1180	-108
-1405	-798	3164	-225	-761	-455
-1116	-908	2841	-3	41	-667
-1139	-989	2750	172	417	-1020
-1295	-770	2656	233	497	-1410
-1462	-497	2698	228	566	-1501
-1522	-276	2955	284	571	-1388
-1449	-78	3338	376	414	-1201
-1406	-31	3643	553	117	-747
-1325	27	3809	712	-379	-383
-1046	110	3845	783	-901	-199
-928	75	3669	868	-1223	153
-991	-131	3430	776	-1340	326
-1051	-286	3200	674	-1456	244
-996	-293	2974	599	-1254	-12
-1101	-260	3344	547	-472	-94
-1041	-416	4196	598	-10	56
-1239	-621	4977	644	-338	-9
-1223	-818	5127	552	-1328	-284
-911	-846	4387	426	-2228	-693
-614	-517	3313	495	-2232	-1009
-641	-164	2547	731	-1237	-1045
-827	15	2403	876	214	-796
-795	-21	2745	1229	1842	-643
-1106	-60	3105	1512	3559	-561
-1792	-301	3650	1262	3846	-1279
-1900	-27	3638	767	2689	-2056
-1424	271	3191	535	2565	-1624
-1404	485	3080	892	2768	-510
-2048	282	2803	931	1466	-200
-1996	125	2152	558	65	-906
-1479	136	1480	39	7	-1240
-1163	201	1144	-304	587	-906
-1015	134	995	-447	1039	-266
-976	116	917	-570	982	147
-1107	412	986	-701	1071	123
-6316	1006	2607	-1297	-879	304
-18748	-1181	3409	-245	-23118	2359
-2044	-336	-5625	609	16271	77
-16140	-3736	4501	116	21483	-2730
-973	-1606	22982	1229	17262	-4504
-9310	1926	17288	573	2498	-1816
-4965	1728	4720	-1789	-6610	-3011
305	635	-1419	-1879	-2551	-1210
-789	-565	-1221	-1126	3629	878
-1913	-1767	-156	-509	7017	-137
-3709	-2461	1950	465	8328	-1414
-4346	-1118	4133	-62	7172	-2273
-3892	1289	3661	-17	5068	-1929
-3709	1294	3353	-601	4254	-430
-3304	386	2853	-1085	3841	675
-3254	-222	1906	-1536	3844	1392
-3303	-836	1197	-1719	3601	1225
-3237	-1272	902	-1404	3196	642
-3291	-1285	691	-1346	4059	-733
-3627	-1028	785	-1208	5553	-796
-3581	-897	959	-1068	6267	-1291
-3455	-755	1075	-813	6345	-1747
-3686	-777	1177	-606	5954	-1976
-4006	-840	1239	-645	4563	-2371
-4686	-1312	1383	-908	2565	-2868
-4334	-1736	995	-703	1489	-3861
-3242	-1325	606	-48	1409	-4371
-2375	-954	492	646	513	-4299
-2087	-568	517	1244	-1351	-3676
-1716	-333	373	1147	-2964	-2656
-2554	-712	479	1151	-5060	-1495
-3956	-958	138	666	-7311	-23
-5733	-1637	-474	-789	-8532	1757
-6492	-2662	-1062	-1631	-7776	2184
-5783	-2454	-642	-775	-6954	138
-4638	-1751	-673	-554	-7759	-2073
-3745	-912	-2524	-1168	-7004	-2898
-2919	-202	-6410	-11336	3676	707
-6384	-8767	-5889	-17911	12465	1564
-4095	-4651	-2479	-6596	8735	254
-126	-83	-1922	148	3302	-3405
-2268	-1259	-3876	181	4016	-2988
-3982	-3895	-4522	349	6235	-3704
-4306	-3656	-2322	1216	7099	-4605
-4177	-2480	-1156	1199	4882	-5050
-2944	-2636	-2041	1245	2799	-5282
-2623	-2926	-2470	1434	2102	-5063
-2460	-3303	-2129	1071	1487	-4538
-2411	-3531	-1779	900	925	-4564
-2161	-3639	-1602	1118	439	-5131
-1895	-3708	-1444	1158	-313	-5216
-1613	-3812	-1266	1141	-1580	-4679
-1613	-3819	-1108	1436	-2858	-3886
-1608	-3919	-1157	2440	-3538	-3767
-1329	-3869	-1101	3504	-3798	-3419
-801	-3776	-1007	3997	-4144	-2782
-292	-3645	-821	4249	-4106	-1603
-223	-3277	-521	4131	-3644	-375
-584	-2956	-264	3538	-3152	578
-1056	-2678	148	2815	-3571	1313
-1287	-2534	0	1713	-3327	1905
-1641	-2723	-3	991	-2437	2425
-1600	-2729	-3	1761	-1632	3244
-1490	-2465	-96	3441	-1578	4596
-1216	-1351	-136	3809	-1291	6144
-1455	-2063	-280	2574	303	7045
-2685	-4265	1203	20	671	3921
-3207	-10573	1346	-5072	-190	-4651
-3182	-10613	819	-4516	-1638	-8230
844	-1426	-1192	1998	-2059	-294
-176	-1095	-598	913	-816	4323
-1226	-3868	-443	-1776	-362	4514
-2410	-7437	-1348	-2024	-83	-2124
-1556	-2833	-4	509	1009	-3201
-1729	-2546	443	-12	845	-1031
-1878	-4305	667	-506	323	-557
-1644	-3850	504	-241	161	-863
-1263	-3447	323	-63	-30	-714
-1299	-3696	220	-237	-49	-1020
-1259	-4176	201	-101	-138	-1022
