-1957	496	3483	-312	-86	-81
-1844	524	3528	-313	-34	-79
-1814	593	3597	-223	74	66
-1804	634	3744	-183	111	223
-1747	597	3828	-233	65	281
-1617	357	3842	-305	-110	199
-1630	226	3750	-352	-256	24
-1659	164	3615	-354	-339	-105
-1682	243	3593	-339	-320	-171
-1706	438	3726	-327	-229	-121
-1655	598	3887	-328	-219	4
-1604	656	3899	-345	-328	142
-1586	534	3710	-362	-451	223
-1457	345	3521	-358	-471	270
-1367	223	3408	-315	-469	281
-1515	170	3375	-257	-401	312
-1747	157	3361	-204	-277	277
-1790	193	3457	-142	-148	263
-1795	239	3695	-104	-97	299
-1961	187	3792	-168	-92	336
-1947	-89	3868	-343	-105	146
-1597	-203	3875	-522	-203	-124
-1379	-184	3832	-680	-239	-241
-1249	-60	3868	-745	-239	-171
-1216	-5	3884	-730	-201	-40
-1286	64	3926	-626	-110	132
-1254	81	3910	-497	-128	377
-1268	52	3759	-479	-20	528
-1288	-107	3751	-507	97	508
-1185	-279	3831	-483	90	358
-1082	-373	3840	-408	75	177
-1053	-77	3785	-284	-89	28
-1053	-77	3785	-284	-89	28
-999	90	3584	-260	-172	147
-910	222	3395	-253	-255	372
-809	383	3212	-243	-227	688
-837	432	3092	-271	-221	1008
-769	438	2943	-272	-280	1286
-581	221	2814	-195	-433	1495
-525	-174	2645	-91	-672	1577
-426	-580	2432	3	-866	1491
-406	-720	2367	169	-741	1287
-371	-957	2639	387	-460	1009
-421	-1019	3275	521	-419	561
-817	-739	3561	485	-683	432
-952	-466	3589	458	-814	475
-1574	-70	3666	398	-968	568
-2736	403	3496	181	-862	683
-2974	899	3733	32	288	1307
-3419	250	5167	-265	104	735
-2872	202	5980	-418	-75	-548
-1783	-17	7315	-147	-651	-1000
-2252	537	7056	-241	-1226	-1220
-1686	447	5400	7	-1172	-1102
-733	1169	3953	333	-313	-717
-952	2138	4012	93	1189	-85
-1345	1664	4525	-1	1265	702
-1457	948	4115	60	766	1068
-1345	303	3608	150	627	1080
-1088	-185	3228	313	627	828
-899	-254	2990	382	662	414
-759	-164	2915	248	755	75
-750	-68	2980	107	667	-128
-701	93	2997	-16	432	-261
-517	-2	3003	-185	132	-303
-320	-177	3283	-435	-43	-451
-234	-27	3423	-561	-397	-569
-291	295	3443	-705	-591	-526
-623	366	3805	-807	-1112	-658
-640	443	3426	-894	-2195	-882
-151	116	2505	-841	-2197	-1157
104	216	2229	-536	-1101	-1136
-441	574	2863	-375	255	-473
-1867	917	4226	-94	460	86
-2967	-678	4608	344	232	135
-3577	60	5343	569	268	-787
-2965	578	5816	580	-208	427
-1949	168	5234	200	-773	669
-1803	-355	5732	-21	-868	-63
-2755	-396	6188	207	-869	-346
-1209	157	5023	336	-861	-295
-503	57	3741	261	221	162
-1399	-383	4120	36	1229	-61
-1714	-633	4522	-259	989	-736
-1591	-579	4017	-366	364	-1059
-1215	-141	3234	-285	363	-1077
-950	224	2856	-188	815	-687
-867	205	2936	-118	1159	-453
-953	230	3167	-4	1050	-201
-976	262	3305	87	660	126
-672	255	3391	170	278	396
-468	243	3499	308	-10	575
-510	102	3598	439	-435	675
-596	-247	3462	591	-1036	696
-474	-605	2824	711	-1444	568
-411	-714	2350	761	-1258	452
-272	-483	2331	702	-593	541
-224	-609	3015	629	357	469
-957	-801	4127	508	573	26
-1503	-784	4490	409	-374	-279
-1393	-182	3967	330	-1176	-348
-1747	672	3436	182	-1276	44
-1989	972	2971	15	131	835
-2182	1458	4398	-233	833	934
-3274	942	5400	-393	-4	683
-2463	-459	5531	-478	-550	-217
-1230	-687	6530	-253	-837	-787
-2207	178	7106	-308	-832	-1027
-1384	345	6097	-81	-994	-1634
-637	1325	4608	263	-913	-1581
-622	1901	3991	312	-392	-922
-562	1558	3394	260	-261	-51
-742	941	2706	179	-177	537
-503	209	2118	96	493	532
-361	-259	2302	95	1498	88
-497	-302	3024	152	1970	-393
-828	-478	3850	171	1756	-799
-990	-585	4483	185	947	-1231
-897	-426	4559	80	-177	-1556
-816	172	4041	-60	-1308	-1546
-573	699	2897	-325	-1898	-1429
-276	1070	2230	-456	-1777	-1178
146	1221	1635	-466	-1090	-849
164	1298	1826	-440	407	-399
-482	848	3178	-301	1275	141
-1113	509	4407	-248	911	367
-1375	435	4839	-220	0	548
-1473	345	4589	-186	-827	529
-1507	-341	3998	-192	-796	328
-1770	-641	3798	-184	-67	-742
-1131	-149	4135	6	-364	-430
-1131	-149	4135	6	-364	-430
-1381	-45	3984	99	-439	-401
-1304	180	3836	140	-389	-346
-1182	396	3767	137	-367	-260
-1162	497	3696	104	-266	-131
-1178	405	3669	80	-171	-14
-1217	198	3663	77	-85	47
-1210	100	3749	56	-45	-3
-1234	169	3871	-13	-70	9
-1178	165	3895	-64	-82	84
-1144	179	3932	-82	-80	67
-1174	189	3981	-100	-143	101
-1143	151	3871	-104	-208	152
-1064	83	3752	-103	-149	180
-1021	-10	3720	-86	-33	129
-1046	-61	3838	-72	35	50
-1100	49	3889	-86	9	37
-1125	233	3789	-123	4	141
-1209	387	3680	-180	44	290
-1324	520	3583	-246	171	474
-1297	340	3633	-273	347	595
-1167	80	3773	-244	535	545
-1059	-179	4127	-128	601	524
-1066	-425	4368	-12	446	309
-957	-375	4291	85	269	3
-982	-198	4122	178	189	-260
-991	46	3915	247	252	-471
-938	348	3801	318	399	-453
-993	536	3586	362	424	157
-993	536	3586	362	424	157
-993	536	3586	362	424	157
-1000	392	3373	330	431	167
-835	378	3304	333	538	207
-742	376	3354	326	568	201
-724	481	3187	324	469	176
-682	444	2957	285	401	257
-695	227	2723	146	235	139
-287	10	2556	-135	155	-100
47	-81	2728	-464	236	-365
-90	159	3158	-690	272	-498
-549	251	3750	-834	-157	-436
-801	257	4012	-961	-885	-504
-658	423	3734	-1117	-1661	-620
-453	504	2888	-1000	-1729	-600
-369	422	2118	-597	-842	-431
-590	238	2392	-231	21	36
-1848	410	3382	134	17	164
-2928	-299	3088	398	-89	-598
-3407	-122	4775	649	854	-1157
-4748	-744	8611	655	-773	-177
-4790	-174	9176	1228	-1123	1156
-80	375	7680	899	-2419	2081
-1563	-196	5138	292	-2211	903
-540	904	3782	-449	-787	-198
-1001	129	3895	-1038	628	-369
-1271	-800	3827	-1055	1452	-209
-1172	-915	4051	-811	2112	-245
-1579	-551	4322	-624	2106	-421
-1679	-265	4266	-541	1389	-351
-1441	-188	3713	-402	530	-161
-1014	-167	2869	-314	95	-86
-723	-127	2398	-224	244	-56
-593	-26	2419	-132	546	-14
-599	122	2768	-12	612	219
-480	102	3188	151	400	436
-588	74	3412	320	-139	572
-579	-143	3407	518	-929	703
-576	-527	3201	731	-1631	660
-457	-662	2730	840	-1782	643
-273	-745	2274	822	-1363	763
172	-504	2393	893	-564	672
-99	-291	3261	801	456	664
-1008	-712	4408	680	378	173
-1554	-592	4523	447	-551	-323
-1303	-158	3739	246	-1094	-407
-1252	128	3215	2	-908	-69
-2105	878	3077	-280	24	113
-2571	1131	4038	-359	1254	1005
-2698	705	5386	-388	506	792
-2971	-488	5646	-503	-357	-250
-2268	-858	5725	-432	-982	-813
-1629	51	6068	-347	-1112	-508
-1634	586	5806	-270	-94	-539
-953	648	5688	168	-107	-871
-1164	1629	4739	341	35	-534
-1089	1469	4191	254	264	449
-1167	889	3801	65	188	822
-1067	238	3124	-14	63	706
-823	-165	2629	61	461	327
-845	-170	2772	153	794	-87
-841	102	2943	206	689	-264
-796	304	2999	134	536	-330
-822	334	2970	20	341	-403
-603	203	3064	-154	298	-428
-615	247	3410	-373	-22	-506
-716	564	3414	-530	-561	-303
-770	543	3107	-715	-1155	-167
-466	474	2626	-707	-1145	-322
-231	480	2509	-615	-600	-350
-398	532	3002	-449	106	-92
-819	570	3786	-330	307	407
-1049	551	4214	-203	115	644
-1173	317	4409	-88	-218	672
-1584	148	4195	76	-508	620
-1822	-904	3942	110	-134	126
-2285	-833	4508	202	420	-652
-2825	-647	5503	254	63	-695
-1928	-347	4853	210	-781	-547
-1331	-813	5625	240	-878	-1001
-2631	94	6264	765	-379	-336
-1013	742	5822	673	-591	404
-618	523	4988	227	-91	126
-1409	316	5258	-328	64	-233
-1452	-315	4584	-728	-387	-490
-1013	-498	3535	-728	-270	-584
-782	-409	3032	-558	348	-566
-704	-283	3031	-389	851	-528
-858	-113	3077	-301	1024	-350
-963	-122	3082	-300	985	-113
-937	-10	3196	-337	820	74
-945	256	3369	-254	553	401
-752	457	3347	-51	164	830
-453	184	3176	177	-195	1035
-333	-390	3169	395	-585	818
-455	-625	2889	539	-866	513
-596	-528	2529	615	-846	418
-275	-335	2290	562	-560	560
-119	-358	2736	485	218	654
-579	-345	3788	362	405	498
-1295	-83	4504	160	568	286
-1295	-83	4504	160	568	286
-1295	-83	4504	160	568	286
-1230	-469	4529	81	268	33
-1166	-492	4318	-77	-66	-330
-974	-299	3908	-217	-294	-566
-783	24	3537	-279	-309	-520
-584	299	3312	-303	-196	-330
-517	484	3203	-263	-53	16
-535	397	3179	-141	-63	391
-514	170	3145	12	-314	629
-464	7	2870	165	-576	785
-992	-198	3914	460	-762	171
-992	-198	3914	460	-762	171
-992	-198	3914	460	-762	171
-992	-198	3914	460	-762	171
-992	-198	3914	460	-762	171
-992	-198	3914	460	-762	171
-1070	-116	3779	215	-911	111
-1119	220	3684	5	-853	194
-1605	246	3888	-158	-623	567
-2503	230	4105	-209	-395	785
-2467	142	4114	-333	-262	1189
-2945	443	4553	-490	-295	898
-3236	142	5146	-487	-644	158
-1886	-161	5135	-151	-1010	-262
-1360	196	5503	-59	-857	-410
-1749	86	5611	-115	-233	-853
-1228	627	5440	238	-209	-557
-1291	1390	4857	295	109	-186
-1077	1574	4451	217	228	500
-1090	1022	3953	175	107	946
-984	486	3220	127	84	1065
-869	11	2845	68	494	975
-760	-260	2817	86	775	665
-937	-313	2876	110	837	293
-1063	-180	2823	142	748	-77
-954	-66	2768	154	669	-303
-634	-278	2932	80	469	-511
-399	-405	3069	-92	222	-970
-436	250	3266	-304	-107	-1098
-856	498	3305	-439	-892	-826
-750	647	2628	-601	-1816	-1048
-48	563	1902	-554	-1571	-1166
265	688	1899	-363	-661	-1025
-314	850	2380	-137	235	-234
-1108	499	3320	-85	451	218
-1764	438	4217	-74	-96	-100
-2795	-492	3956	161	-376	-529
-4110	-292	4688	518	316	-1584
-3561	-287	6230	592	-327	-299
-2815	-1305	6968	396	-1024	277
-2649	-94	7937	807	-569	50
-1023	784	6691	499	-1512	378
-705	828	4953	-14	-551	-228
-1049	552	5048	-696	580	-642
-1559	-303	4930	-1144	697	-570
-1160	-624	4029	-1127	595	-520
-1020	-537	3356	-855	1066	-448
-923	-457	3217	-552	1271	-337
-741	-372	2935	-372	1075	-246
-622	-197	2584	-302	776	-233
-480	285	2332	-207	611	23
-219	619	2373	-48	642	523
-108	589	2727	125	497	980
-184	221	3191	411	105	1337
-574	-413	3533	688	-540	1423
-622	-649	3328	894	-1404	1429
-396	-666	2514	945	-2028	1469
89	-744	1953	801	-1483	1096
38	-864	2103	438	-265	217
-590	-653	2778	130	587	-334
-1092	-531	3829	-79	624	-511
-1554	-264	4429	-8	-320	-342
-2717	138	4390	4	-1284	335
-3716	621	3774	-130	161	839
-2979	-152	5716	-321	258	647
-2348	16	5225	-266	-665	-742
-2097	1399	6287	-546	-709	-671
-2987	-225	8488	-1109	324	-627
-508	-141	7158	-448	-2146	-1443
-19	1166	4990	3	-1135	-1003
-724	1433	4471	186	-126	311
-833	1213	3900	223	-170	880
-545	936	2689	52	28	1126
-279	307	2160	30	918	1241
-375	35	2407	135	1832	1097
-920	-237	3011	135	1990	763
-1030	-480	3266	176	1402	303
-864	-481	3438	120	719	-219
-382	-367	3414	67	88	-528
-306	21	3289	-27	-339	-677
-526	369	3125	-220	-911	-702
-588	626	2800	-477	-1630	-918
10	856	2090	-418	-1625	-935
289	1181	1921	-279	-590	-599
-244	1174	2606	-197	340	296
-788	791	3348	-37	277	694
-1109	519	3698	51	-64	747
-2100	-234	3932	111	-113	150
-3120	-851	4527	203	469	-680
-3516	-738	5749	533	199	-560
-2818	-129	5022	356	-267	-306
-2141	-405	5698	163	299	-312
-2421	-152	8042	257	405	-105
-1330	323	6736	61	-1133	619
-318	15	4777	-305	-707	390
-1206	-492	4873	-557	190	-277
-1404	-823	4417	-753	-110	-665
-911	-778	3256	-640	-16	-752
-790	-434	2697	-329	796	-552
-983	-104	2950	-64	1345	-149
-877	-58	3195	50	1096	229
-672	70	3007	13	818	451
-562	345	2848	-61	645	720
-458	357	2708	-116	387	1048
-526	124	2684	-60	-88	1101
-655	-54	2355	25	-593	1094
-252	-355	2065	439	-715	1297
59	-684	2247	693	-379	1375
-358	-961	2559	499	-113	973
-654	-717	3157	354	38	414
-725	-622	3825	355	-130	189
-1367	-111	3856	304	-780	224
-2716	-578	5718	-465	957	506
-2716	-578	5718	-465	957	506
-2716	-578	5718	-465	957	506
-2710	-1025	6411	-255	85	-1153
-1623	-400	7299	-116	-391	-1213
-3067	543	8178	-102	-803	-803
-1842	-278	3754	-83	-150	523
-1842	-278	3754	-83	-150	523
-1842	-278	3754	-83	-150	523
-1704	-233	3725	-136	-153	407
-1591	-144	3615	-144	-128	361
-1586	-63	3569	-114	-61	345
-1549	68	3609	-78	-11	345
-1607	106	3708	-61	-15	382
-1595	127	3678	-64	-35	441
-1565	161	3679	-87	-31	460
-1583	236	3670	-113	-40	508
-1594	246	3616	-171	-62	475
-1532	254	3492	-231	-76	414
-1461	175	3424	-305	-86	313
-1490	101	3490	-348	-24	178
-1647	136	3724	-311	60	142
-1714	175	3911	-159	124	131
-1569	162	4045	33	110	91
-1474	151	4018	162	55	16
-1454	258	3974	212	-66	-44
-1342	320	3903	279	-69	-24
-1325	411	3902	352	-25	-10
-1293	449	3803	369	71	-52
-1336	480	3882	390	210	-29
-1410	437	3925	390	148	-14
-1399	318	3702	379	83	-22
-1292	268	3577	364	184	-66
-1220	236	3678	232	333	-323
-1220	236	3678	232	333	-323
-1220	236	3678	232	333	-323
-1220	236	3678	232	333	-323
-1185	255	3650	193	219	-413
-1029	359	3679	118	153	-392
-987	447	3799	29	61	-360
-944	449	3759	9	-137	-343
-828	395	3527	19	-342	-309
-728	262	3137	0	-517	-364
-692	214	2670	-99	-646	-485
-433	178	2219	-299	-623	-546
-158	110	2010	-546	-354	-589
-114	194	2079	-775	115	-639
-472	245	2530	-937	502	-579
-759	313	3163	-1026	486	-497
-1037	396	3547	-978	7	-410
-985	450	3584	-779	-451	-129
-942	409	3370	-478	-688	37
-1221	241	3270	-203	-760	81
-1953	136	3350	-78	-1072	41
-2782	-646	2425	124	-609	-372
-2442	-86	3804	442	537	-607
-3961	-1513	7582	446	-801	-352
-4864	903	9202	1739	1235	1220
-91	1770	9313	1010	-531	2618
-3198	152	7663	98	-2022	1231
-1028	537	4249	-681	-2031	-63
-1044	-355	3450	-1451	-503	-632
-972	-1106	2788	-1594	341	-720
-791	-998	2321	-1378	1606	-1075
-1053	-471	3159	-840	2755	-652
-1615	-35	4197	-430	2367	-80
-1749	23	4026	-236	1177	475
-1266	174	3323	-39	321	768
-933	245	2923	-78	-32	845
-512	603	2794	-111	-215	938
-373	723	2968	-87	-340	1177
-348	344	3050	-47	-855	1508
-528	-318	2646	65	-1581	1654
-421	-703	2025	332	-1959	1650
-407	-939	1510	742	-1764	1716
310	-1334	1385	886	-479	1386
-318	-1217	2641	834	1326	108
-1505	-545	4574	644	1264	-169
-2130	-280	5134	408	-202	-121
-2259	208	4052	101	-1507	49
-2981	983	3002	-60	-1346	827
-2804	824	3102	-61	148	1719
-2885	138	4789	-86	470	847
-2817	-288	5932	-124	-67	-207
-2518	-85	7364	-319	-637	-49
-2888	-901	8224	-429	-551	-1590
-561	283	4736	311	-1189	-1902
-783	2068	4044	490	836	-1301
-1252	2314	4859	166	1104	-103
-1480	1478	4206	0	32	655
-1116	417	2917	-119	-191	890
-714	-367	2255	-67	243	611
-477	-749	2050	104	880	107
-546	-752	2467	169	1331	-445
-616	-633	3255	66	1090	-972
-749	-403	3830	11	345	-1297
-854	73	3757	-8	-702	-1328
-1077	356	3171	-206	-1552	-1408
-822	631	2290	-612	-2139	-1626
-11	723	1556	-690	-1801	-1743
40	1061	1463	-671	-352	-1214
-680	1300	2251	-500	720	-229
-1251	802	3276	-404	779	294
-1907	560	3959	-228	193	185
-2988	234	3913	45	-472	233
-2666	-759	3986	192	-55	-190
-2436	-160	4805	175	-132	128
-3309	-524	7010	-158	-834	433
-3216	173	8068	396	-102	573
-85	728	8010	260	-945	1472
-1977	-252	5707	110	-1222	1088
-840	-33	4621	-315	-242	-262
-1349	-412	4507	-620	364	-134
-867	-736	3829	-631	580	-49
-765	-519	3382	-428	1342	-145
-1163	-149	3695	-409	1751	-210
-1187	41	3694	-369	1317	7
-987	188	3262	-258	630	290
-719	309	2669	-303	250	467
-511	469	2368	-253	253	583
-268	647	2473	-54	223	838
-164	395	2619	321	56	1246
-577	6	2847	280	-413	1591
-745	-419	2762	447	-1021	1978
-559	-1031	2642	675	-1443	1926
-268	-1388	2409	837	-1301	1086
-456	-894	2590	716	-382	248
-755	-661	3273	448	243	-225
-1003	-206	4007	158	292	-435
-1834	49	4234	-42	-150	-330
-3041	390	4061	-51	-361	-154
-2546	635	3656	-25	-17	590
-2772	459	4053	-68	108	265
-3461	713	5041	-236	218	-243
-3686	-346	7810	-691	1170	-169
-2062	-971	8465	-193	-864	-1524
-1900	-230	3551	-526	-322	457
-1900	-230	3551	-526	-322	457
-1900	-230	3551	-526	-322	457
-2101	-308	3690	-550	-513	193
-2193	-307	3616	-487	-723	-112
-2038	-84	3446	-372	-756	-181
-1869	128	3386	-303	-638	-73
-1836	151	3428	-282	-563	37
-1818	79	3427	-296	-528	71
-1828	67	3440	-324	-520	87
-1925	126	3459	-344	-515	124
-1915	116	3432	-366	-472	175
-1840	89	3427	-357	-374	195
-1762	68	3431	-349	-305	239
-1830	-32	3439	-352	-303	239
-1875	-118	3383	-364	-329	165
-1850	-206	3434	-358	-282	80
-1865	-258	3586	-304	-242	70
-1854	-356	3656	-199	-232	158
-1723	-336	3784	-126	-137	84
-1681	2	3912	-170	-141	83
-1595	203	3765	-315	-208	209
-1506	145	3560	-482	-96	247
-1582	23	3638	-586	59	220
-1608	-141	3663	-545	81	274
-1583	-398	3696	-465	52	193
-1594	-508	3661	-352	-26	121
-1470	-504	3528	-272	-2	73
-1356	-300	3522	-256	143	44
-1131	89	3503	-242	29	445
-1131	89	3503	-242	29	445
-1131	89	3503	-242	29	445
-1131	89	3503	-242	29	445
-1131	89	3503	-242	29	445
-1012	181	3362	-220	-6	665
-957	199	3141	-224	-66	895
-789	278	2936	-221	-92	1030
-647	387	2839	-174	-146	1283
-455	-134	2876	-89	-338	1489
-409	-645	2922	-33	-609	1174
-449	-687	3038	75	-764	874
-600	-659	3170	202	-1008	812
-535	-457	3233	349	-1202	735
-357	-496	3408	474	-1259	837
-575	-577	3399	403	-1188	623
-1033	-120	3475	200	-997	466
-2079	148	3611	72	-909	1083
-3800	-80	2974	-25	-851	1136
-3580	180	2886	-289	149	1135
-3882	-18	4911	-267	664	485
-3156	-514	6360	-93	-45	-1014
-2250	-85	7290	-48	-700	-1795
-3030	1550	6775	-51	-1864	-1445
-2338	1050	4943	19	-1175	-358
-1208	954	4348	341	-5	49
-1064	1024	3896	369	922	34
-1417	813	3877	316	1350	39
-1722	409	3851	294	1096	226
-1687	24	3119	333	578	120
-1127	-197	2137	418	495	-80
-658	-317	1504	446	794	-365
-138	-380	1383	431	1175	-582
253	-479	1853	376	1556	-772
126	-315	2748	279	1472	-1005
-473	188	3453	218	703	-1035
-1137	242	3971	-26	-641	-925
-1001	4	3749	-463	-1946	-1433
-1090	634	3225	-883	-2760	-2197
-743	1511	2167	-1012	-2945	-1955
-500	1168	1512	-220	-1355	-344
-2192	428	1966	493	405	332
-3868	-945	2833	777	1648	-335
-3959	21	6925	689	2114	-121
-4514	-205	9241	129	-417	618
-3472	-430	8642	-127	-3134	138
-2329	-306	5920	213	-3099	-25
-456	202	3642	64	-1795	438
-859	-407	3323	-235	618	124
-1741	-558	4215	-541	1507	-463
-1939	-329	4293	-707	1076	-605
-1513	-185	3641	-588	651	-411
-1214	5	3011	-380	753	-79
-1125	119	2918	-274	1000	269
-930	326	3112	-223	868	592
-609	488	3241	-201	436	950
-601	381	3216	-192	-42	1185
-699	-234	2701	33	-1811	1273
-699	-234	2701	33	-1811	1273
-408	-659	2054	276	-2154	1387
-233	-1193	1708	713	-1448	1472
-420	-1136	2363	790	-295	831
-1098	-1052	3532	658	254	547
-1598	-830	4165	346	-139	-29
-2036	-505	3745	2	-610	-251
-2685	602	3371	-176	-155	-12
-2394	807	3851	-7	469	1003
-2676	844	4489	114	248	10
-2829	445	4604	-41	-173	-282
-2368	402	5970	-403	-169	-56
-2433	-147	8219	-472	387	-618
-1222	607	6443	66	-1208	-310
-690	1310	4926	266	-164	-6
-1630	1079	5181	281	372	758
-1420	660	3990	281	-56	1001
-879	232	2889	253	380	938
-729	-116	2447	324	1069	738
-825	-243	2275	501	1512	426
-1011	-261	2338	562	1577	7
-938	-392	2399	439	1357	-561
-692	-383	2587	240	1100	-1207
-512	-67	3043	0	907	-1545
-709	237	3614	-185	360	-1582
-1038	539	3758	-310	-652	-1586
-1031	942	3293	-487	-1509	-1378
-550	728	2813	-532	-1431	-1165
-433	915	2681	-350	-915	-1024
-796	956	2777	-218	-410	-190
-1161	658	2917	-142	-52	281
-1917	505	3399	52	67	406
-2781	-671	3192	237	281	364
-3163	-240	4288	311	1065	-542
-3444	323	6068	171	211	311
-2587	50	5594	-17	-626	698
-2527	-837	7112	-100	-1081	-78
-3197	-313	7218	156	-1510	-326
-991	-32	5403	-16	-1732	64
-1013	-266	4322	-253	-725	-202
-1469	-389	4550	-367	51	-658
-1566	-486	4243	-403	-25	-776
-1217	-367	3485	-257	232	-728
-1546	18	3835	7	-95	-106
-1521	70	3848	-2	-147	-92
-1521	84	3836	-15	-203	-69
-1468	95	3794	-39	-237	-22
-1413	107	3780	-65	-241	34
-1385	109	3835	-75	-236	96
-1390	-7	3924	-60	-290	102
-1492	-64	3862	-9	-420	75
-1489	-134	3652	60	-462	51
-1499	-191	3520	132	-404	-5
-1464	-156	3469	192	-303	-38
-1499	-59	3581	215	-203	23
-1655	64	3771	185	-199	41
-1729	83	3853	105	-197	137
-1655	-41	4050	9	-116	95
-1640	-79	4020	-80	-248	63
-1604	-258	3734	-161	-336	-69
-1509	-250	3417	-202	-213	-119
-1439	-142	3239	-231	100	-57
-1454	-75	3323	-269	495	11
-1566	-33	3641	-319	714	30
-1600	-56	3799	-347	636	84
-1576	-104	3883	-381	535	128
-1551	-151	3899	-378	402	182
-1452	-245	3897	-364	298	184
-1342	-320	3837	-321	146	157
-1204	-273	3652	-254	166	107
-1109	-86	3785	-156	276	140
-1109	-86	3785	-156	276	140
-1109	-86	3785	-156	276	140
-1051	-33	3818	-138	222	221
-999	4	3808	-146	132	307
-956	91	3791	-155	19	413
-857	135	3724	-133	-118	607
-774	124	3599	-102	-217	775
-785	68	3467	-85	-282	931
-712	-6	3271	-88	-297	1023
-585	-184	3062	-100	-261	1129
-572	-328	2895	-171	-145	1104
-646	-321	2679	-249	-32	1039
-701	-174	2452	-268	107	1061
-636	-362	2495	-168	213	1191
-670	-563	2765	-1	243	1103
-730	-601	3246	167	204	986
-1097	-680	3499	264	-203	945
-1148	-529	3289	177	-635	816
-1490	-135	2634	10	-866	1029
-2451	273	2048	-126	-963	1445
-3658	852	1059	-69	-648	2014
-3413	-199	2018	-267	1514	2277
-3056	-1778	6285	90	1868	-137
-3422	-942	9061	490	-137	-2194
-4296	728	8313	144	-2840	-2434
-1713	349	4375	373	-2295	-2094
-699	1528	3534	580	-18	-1105
-1659	2380	4890	101	1910	-239
-2593	1461	6013	-106	1578	459
-2618	608	5709	-50	747	945
-2317	92	5030	170	337	830
-1997	-100	4222	364	34	499
-1586	-52	3347	412	-114	173
-1224	-28	2601	354	149	-25
-982	-118	2183	367	501	-208
-825	-38	2038	453	787	-369
-818	-248	2280	465	1021	-513
-594	-534	2725	414	1020	-865
-545	-249	3195	386	712	-1250
-782	273	3514	262	-113	-1298
-993	351	3411	29	-1476	-1328
-832	528	2747	-320	-2262	-1794
-867	879	2284	-520	-2246	-1813
-202	1095	2090	-491	-1459	-1463
-672	1332	2538	-395	-93	-707
-1572	1166	3553	-131	397	179
-2794	819	4023	194	-44	681
-3178	-1364	3381	560	-189	230
-3429	-652	3809	548	393	-440
-3247	-741	4858	338	100	-145
-3649	-491	5976	132	-507	-477
-3717	517	7341	609	-435	-543
-1521	1263	6604	406	-1313	590
-1311	176	4551	-12	-973	516
-1670	-666	4659	-452	-34	-405
-2080	-1089	4572	-659	26	-1055
-1425	-730	3541	-637	78	-1272
-1155	-184	2980	-471	809	-1205
-1386	45	3079	-337	1284	-826
-1464	95	3157	-199	1073	-346
-1319	-140	2896	-98	615	-37
-1181	-325	2544	-120	361	-4
-1010	-208	2519	-92	385	71
-803	92	2765	76	421	278
-626	128	3088	298	343	530
-686	-179	3347	438	-40	635
-975	-359	3176	615	-761	636
-859	-332	2549	625	-1163	691
-502	-388	2256	574	-786	719
-438	-478	2610	484	-207	611
-756	-638	3310	448	194	450
-1280	-426	4131	293	202	60
-1642	-162	4215	150	-466	93
-1608	333	3431	39	-1017	341
-2353	777	2790	-57	-979	813
-2769	450	2276	-341	74	1079
-2632	50	4435	-647	1042	731
-4115	73	6327	-396	80	50
-2843	-860	6756	-7	-1066	-343
-1853	-399	6083	176	-1707	-1222
-1679	715	4619	344	-1437	-1076
-1505	1421	4233	343	-58	-441
-1602	1396	4673	256	470	205
-1410	1128	4204	61	512	268
-1413	625	3965	-88	606	368
-1604	167	3746	-45	510	452
-1471	-234	3349	36	370	308
-1203	-433	3000	88	347	-110
-827	-441	2924	100	397	-478
-665	-418	3112	60	346	-778
-854	-33	3241	15	-2	-1012
-1056	494	2928	-40	-568	-943
-916	701	2309	-218	-978	-942
-517	698	1770	-360	-797	-1055
-20	766	1732	-365	104	-765
-400	770	2658	-328	1012	-146
-1296	734	3989	-364	954	242
-1778	580	4226	-325	-227	421
-1630	242	3410	-247	-931	350
-2059	147	3025	-111	-843	322
-2456	-686	3044	64	165	-103
-3051	-8	4654	326	754	69
-1816	95	3549	80	14	-121
-1816	95	3549	80	14	-121
-1816	95	3549	80	14	-121
-1791	99	3481	53	21	-59
-1805	39	3522	69	61	-90
-1868	9	3616	110	102	-108
-1863	-8	3696	140	67	-117
-1804	21	3669	135	5	-105
-1754	37	3670	96	-25	-97
-1741	20	3660	68	-10	-122
-1798	11	3720	78	-23	-120
-1809	0	3652	127	-64	-124
-1779	-46	3555	156	-87	-135
-1730	-29	3429	150	-33	-149
-1716	51	3437	106	100	-139
-1760	141	3507	54	142	-112
-1792	163	3574	1	103	-100
-1842	191	3583	-22	39	-71
-1878	175	3444	-69	-12	9
-1855	113	3321	-143	5	36
-1863	152	3259	-249	70	58
-1921	249	3314	-301	200	153
-1740	338	3512	-271	382	335
-1574	76	3998	-185	490	331
-1730	-160	4462	-88	257	150
-1655	-137	4481	30	-85	-22
-1592	96	4184	202	-249	-46
-1583	233	3703	319	-254	-11
-1525	496	3572	418	25	132
-1405	747	3641	494	150	465
-1308	716	3601	504	56	675
-1214	447	3356	444	-101	642
-1086	241	3043	330	-121	517
-988	136	2919	148	49	391
-919	84	3068	-21	277	253
-1004	-71	3413	-134	333	25
-1086	-249	3739	-203	17	-335
-1080	-251	3695	-295	-634	-724
-805	85	3322	-346	-1150	-861
-690	301	2797	-371	-1337	-783
-651	417	2300	-410	-1241	-718
-368	409	1899	-426	-926	-564
-215	528	1967	-414	-158	-361
-514	696	2595	-390	376	16
-1065	356	3319	-335	269	217
-1273	-11	3681	-183	-192	-20
-1788	-42	3841	-79	-670	-337
-3284	-357	3566	-52	-1116	-451
-3259	-427	3092	126	-338	-1202
-3147	112	4589	378	251	-868
-3974	-75	6282	236	-288	154
-4432	-555	8130	523	-1113	512
-1373	659	7046	602	-1401	1026
-1254	100	4283	180	-665	815
-1892	-307	4889	-122	799	-227
-2114	-521	5390	-618	536	-831
-1773	-764	4318	-865	54	-1032
-1389	-351	3157	-807	551	-1004
-1387	-213	3066	-640	1312	-563
-1370	-15	3259	-523	1334	-225
-1372	178	3150	-496	756	88
-906	379	2659	-551	236	347
-433	632	2590	-523	265	664
-224	491	2887	-482	-6	848
-988	-38	2632	-175	-1678	1330
-988	-38	2632	-175	-1678	1330
-901	-450	1962	128	-2130	1938
-421	-1031	1360	439	-1898	2444
167	-1526	1215	713	-1051	2267
88	-1863	2136	771	713	1138
-1368	-1428	3848	579	1100	-6
-2513	-669	4447	277	291	-157
-3516	572	3890	-108	-938	125
-3160	1080	2199	-424	-639	683
-2538	208	3395	-615	811	493
-3062	-301	5819	-283	738	-523
-3046	-419	7682	-86	-387	-654
-4207	-167	9760	-224	-2023	-2
-1848	-875	6464	150	-2592	-1413
-466	1052	3742	935	-1297	-1454
-1183	2443	3782	829	926	-414
-1836	1801	4583	371	1509	312
-1812	803	4218	136	727	641
-1329	47	3114	62	517	457
-1065	-296	2627	155	1097	133
-1122	-348	2634	332	1293	-238
-1274	41	2588	445	1084	-545
-1154	139	2479	510	708	-725
-909	-86	2511	475	636	-878
-720	-149	2924	341	530	-1225
-584	298	3112	79	6	-1414
-655	609	3005	-218	-713	-1431
-598	823	2564	-571	-1149	-1562
-367	951	2251	-594	-1029	-1485
-222	1239	2211	-448	-349	-938
-866	746	2878	-247	229	244
-1359	471	3467	-94	-2	673
-1948	293	3857	-107	-579	839
-3096	-503	3559	-221	-344	457
-3305	-41	4969	-211	844	-219
-3402	197	6018	-49	-219	688
-3115	-349	5375	-89	-797	1270
-2511	-1506	6363	3	-890	846
-2345	-1151	6185	420	-786	611
-1112	-401	5346	217	-428	-61
-1568	-76	5193	-47	120	-579
-1887	12	4794	-423	149	-742
-1621	-85	4211	-575	292	-859
-1345	93	3708	-556	394	-730
-1234	73	3198	-514	547	-389
-1197	98	2841	-494	644	-153
-1012	166	2465	-407	608	102
-812	148	2259	-325	585	422
-624	142	2394	-244	666	744
-588	230	2907	-132	643	974
-641	81	3259	4	250	1065
-641	-261	3527	174	-559	1008
-972	-558	3145	408	-1718	1079
-839	-1323	2673	458	1079	-175
-839	-1323	2673	458	1079	-175
-839	-1323	2673	458	1079	-175
-839	-1323	2673	458	1079	-175
-2050	-663	3735	287	817	-396
-2654	520	3990	-8	-292	-100
-3655	1530	2804	-167	-679	1137
-3039	361	3241	-464	617	1176
-3256	-189	5072	-309	656	303
-3339	-1111	6413	-97	61	-899
-2610	-1011	8458	86	-810	-991
-2583	353	6969	323	-1708	-1306
-1700	-35	3593	-148	-125	486
-1700	-35	3593	-148	-125	486
-1700	-35	3593	-148	-125	486
-1652	-93	3473	-107	-92	527
-1657	-133	3519	-65	-12	503
-1566	-19	3614	-27	16	499
-1611	57	3695	-19	7	590
-1684	194	3875	-56	-36	671
-1847	189	3952	-159	-144	745
-1890	4	3959	-270	-291	655
-1604	-73	3493	-486	-459	508
-1604	-73	3493	-486	-459	508
-1736	-50	3178	-661	-355	534
-1781	65	3004	-828	-193	561
-1934	223	3071	-968	-72	532
-2146	63	3284	-962	-141	473
-2248	-161	3351	-817	-133	354
-2381	-206	3637	-501	3	450
-2030	-112	3905	-158	71	588
-1901	-110	4088	96	59	663
-1763	-164	4193	259	-11	543
-1740	22	4105	297	-209	336
-1681	328	3841	300	-196	329
-1675	469	3505	268	13	327
-1663	528	3496	276	323	399
-1598	477	3486	317	459	548
-1623	302	3589	343	493	660
-1660	159	3615	333	371	719
-1590	160	3541	250	239	706
-1506	162	3429	179	183	617
-1412	165	3383	87	209	463
-1311	232	3404	10	324	373
-1333	139	3545	-88	405	262
-1331	-18	3824	-164	321	60
-1198	-70	3911	-196	20	-127
-1038	-164	3753	-211	-225	-283
-905	-159	3445	-194	-352	-515
-838	-76	3092	-224	-421	-711
-745	41	2735	-246	-485	-864
-604	283	2433	-280	-423	-922
-568	224	2245	-257	-347	-861
-530	137	2119	-244	-209	-891
-587	298	2366	-303	74	-816
-840	373	3019	-405	-64	-699
-1040	554	3226	-302	-526	-544
-975	394	3058	-30	-883	-301
-948	59	2899	179	-1037	-417
-1852	164	2957	242	-1171	-844
-3410	-411	2301	448	-1457	-934
-3665	-664	2678	729	107	-1408
-4258	-333	5120	789	-28	-937
-6811	-229	7055	725	-779	-336
-398	2731	9531	627	454	1261
-2855	202	7669	83	-1399	2853
-2198	-380	4767	-741	-1810	586
-1503	-654	3782	-1263	-726	-339
-1082	-1473	3370	-1437	-148	-635
-870	-1395	2628	-1150	667	-888
-1261	-836	2772	-618	2011	-714
-1807	-458	3983	-274	2374	-582
-2106	-181	4611	-49	1416	-228
-1748	-354	4029	5	319	-31
-1392	-265	3188	-87	39	-107
-1025	-39	2682	-82	164	-41
-805	133	2442	-79	343	35
-670	203	2345	-63	412	262
-626	135	2598	115	586	664
-731	-50	3246	231	518	981
-842	-464	3735	306	-94	983
-1054	-456	3698	241	-1034	777
-836	-355	3109	330	-1867	886
-347	-429	2616	514	-1789	1013
-150	-463	2988	527	-869	958
-1025	-436	4073	408	-330	676
-1364	-45	4118	151	-849	432
-2056	307	2740	-114	-1282	655
-2806	315	1545	-119	-706	1161
-3147	-120	2420	-141	1116	1622
-4035	-725	5973	-106	1435	823
-3854	-380	6990	151	-919	-214
-2473	-99	5843	-14	-1689	-705
-2737	757	5660	-449	-1233	-695
-2308	656	6053	-354	-274	-258
-1318	285	4852	247	90	297
-1364	732	4248	339	1072	327
-1578	463	4258	344	1277	891
-1859	-19	3766	336	786	995
-1571	-397	2893	378	424	602
-993	-325	2070	468	553	228
-882	-299	1869	453	1013	-98
-1060	-97	2108	423	1259	-438
-1094	-61	2533	340	1316	-587
-972	-114	3048	212	1151	-701
-878	92	3253	0	533	-786
-1023	574	2963	-256	-408	-672
-842	839	2428	-433	-948	-406
-543	821	2158	-600	-935	-230
-334	376	2405	-566	-424	-224
-858	453	3062	-540	-248	-41
-1168	494	3402	-489	-251	594
-1351	171	3548	-360	-213	720
-1568	-318	3742	-189	-359	268
-2632	-149	3979	66	-885	20
-3522	-1229	3293	429	-587	-226
-3025	-191	4133	623	112	-364
-3291	386	5134	524	-189	420
-3769	183	6218	404	-417	792
-3377	460	7610	465	-159	294
-2297	583	7497	-53	-782	945
-1678	-257	5596	-687	-1067	682
-1874	-727	5048	-1105	-891	-195
-1657	-1104	4091	-1181	-1019	-694
-1100	-1055	2853	-1012	-670	-946
-608	-618	2079	-749	309	-994
-682	-210	2207	-546	1324	-785
-976	92	2655	-396	1544	-313
-935	308	2940	-286	1185	167
-891	299	3075	-135	800	658
-843	153	3228	84	438	953
-848	64	3445	284	-229	965
-741	-226	3142	416	-1161	912
-620	-556	2272	583	-1592	758
-187	-807	1501	738	-1211	536
69	-861	1891	743	4	337
-566	-1048	3355	731	764	-3
-1329	-986	4812	612	498	-546
-1611	-533	4818	415	-842	-738
-1271	-123	3333	280	-1525	-674
-1713	195	2584	149	-1279	-321
-2664	682	2142	-168	-214	556
-1910	-224	3689	-152	172	-49
-1910	-224	3689	-152	172	-49
-1910	-224	3689	-152	172	-49
-1910	-224	3689	-152	172	-49
-1862	-177	3598	-154	111	-74
-1815	-230	3610	-115	116	-114
-1927	-247	3753	-55	92	-198
-1983	-127	3757	-10	30	-191
-1923	70	3702	-19	-31	-81
-1861	172	3555	-95	-117	56
-1803	73	3372	-167	-137	139
-1742	-102	3254	-200	-34	144
-1276	20	3348	-236	287	125
-1276	20	3348	-236	287	125
-1276	20	3348	-236	287	125
-1276	20	3348	-236	287	125
-1276	20	3348	-236	287	125
-1276	20	3348	-236	287	125
-1276	20	3348	-236	287	125
-1276	20	3348	-236	287	125
-1276	20	3348	-236	287	125
-1276	20	3348	-236	287	125
-1276	20	3348	-236	287	125
-1276	20	3348	-236	287	125
-1276	20	3348	-236	287	125
-1276	20	3348	-236	287	125
-1276	20	3348	-236	287	125
-1276	20	3348	-236	287	125
-1276	20	3348	-236	287	125
-1276	20	3348	-236	287	125
-1276	20	3348	-236	287	125
-1276	20	3348	-236	287	125
-1284	0	3535	-200	372	242
-1298	-99	3697	-157	272	341
-1190	-83	3760	-141	124	398
-1126	77	3701	-151	-124	574
-951	170	3422	-227	-411	801
-786	274	2942	-298	-555	1037
-663	360	2565	-260	-593	1303
-481	-27	2443	-154	-625	1551
-486	-490	2397	-54	-694	1547
-578	-657	2599	72	-699	1387
-831	-695	2815	219	-811	1457
-757	-876	2995	347	-935	1346
-1094	-789	3015	247	-1082	1029
-1171	-403	2585	-27	-1159	870
-1845	339	2295	-269	-933	1258
-3330	783	1893	-462	-1115	1916
-3341	157	1745	-700	320	1841
-3047	-1148	4892	-618	1113	595
-4155	-2002	7381	-72	213	-1367
-6049	-1073	9800	92	-1262	-1381
-1979	273	6831	1084	-2015	-2221
-797	1948	4204	1663	-1134	-2010
-1367	3687	4459	924	78	-621
-1656	1874	4281	312	-372	1170
-1628	411	3057	-2	-374	1409
-891	-390	2616	27	494	1162
-874	-783	2859	270	1436	352
-1368	-605	3611	368	1760	-496
-1768	-43	4091	360	1163	-907
-1597	-37	3928	429	442	-792
-1094	-532	3589	521	-77	-925
-569	-587	3194	463	-314	-1373
-506	-27	3008	341	-670	-1444
-817	593	2512	112	-1394	-1299
-538	1037	1860	-255	-1784	-1267
-167	1157	1310	-350	-1126	-1581
-50	1691	1858	-216	397	-1183
-958	1124	3191	-175	1093	-71
-2194	986	4479	-102	452	567
-3446	15	4631	13	-864	1019
-3883	-1183	3447	131	-998	-104
-3477	-488	3402	235	-140	-33
-2903	-367	4690	15	254	546
-3375	-1017	7522	-27	52	117
-2852	266	8383	484	-1383	158
-1304	946	5421	327	-1917	107
-1317	763	4051	48	-256	15
-1893	160	4794	-495	886	-31
-2178	-491	4659	-878	823	-221
-1742	-481	3777	-958	576	-376
-1445	-496	2954	-916	781	-504
-1357	-386	2658	-767	1088	-615
-1355	-156	2668	-555	1113	-557
-1170	-102	2551	-396	694	-332
-501	315	2797	42	439	462
-501	315	2797	42	439	462
-501	315	2797	42	439	462
-501	315	2797	42	439	462
-454	-23	3488	326	-44	658
-806	-466	3869	629	-1239	760
-965	-724	3377	883	-2296	850
-563	-676	2520	946	-2431	869
-78	-644	1735	794	-1648	691
-32	-290	1818	360	129	-52
-851	235	3191	66	1050	44
-2127	382	4352	-242	539	385
-4181	595	4222	-291	-531	989
-2909	117	3529	-181	-119	1522
-3297	-495	4968	-99	286	738
-3727	-1158	6083	-133	-269	-391
-2181	-1252	6424	-31	-1023	-1252
-2022	672	5996	123	-1305	-1655
-1780	1905	5126	138	-710	-582
-1011	1624	4851	231	469	263
-1255	1498	4556	-11	991	513
-1708	1203	4448	-311	1264	790
-1863	490	4338	-312	1070	1214
-1649	-42	3841	-167	716	1196
-1295	-392	3133	-20	549	801
-1002	-633	2466	110	646	334
-887	-748	2218	213	831	-5
-761	-1180	2222	231	805	-427
-570	-1140	2424	135	726	-1448
-662	-165	2715	42	477	-1893
-1063	627	2951	-75	-174	-1914
-887	882	2859	-279	-971	-1795
-543	939	2770	-545	-1026	-1961
-351	1626	3177	-476	-433	-1536
-838	1831	3626	-409	-140	164
-1594	707	3722	-190	-318	799
-2060	318	3423	-8	-563	801
-2527	-366	3203	258	-633	904
-3266	-1401	3215	391	293	-5
-3355	-414	4626	515	570	-36
-2738	427	5078	344	44	733
-2726	233	6087	72	-147	831
-3530	-275	7708	296	-467	371
-1855	396	6942	69	-1203	904
-1238	358	3919	24	227	-225
-1243	329	3976	-4	144	-233
-1287	328	3996	-20	33	-240
-1096	308	3932	-80	-63	-324
-1096	308	3932	-80	-63	-324
-1096	308	3932	-80	-63	-324
-1059	310	4007	-125	-134	-323
-1024	379	3893	-181	-205	-314
-1016	394	3851	-230	-212	-305
-1076	352	3843	-251	-191	-351
-1175	380	3844	-202	-151	-328
-1285	383	3900	-100	-104	-258
-1402	306	3957	28	-129	-206
-1442	233	3912	194	-240	-176
-1383	147	3607	395	-350	-196
-1313	15	3266	597	-396	-305
-1268	16	3035	705	-398	-412
-1441	130	2962	656	-197	-434
-1603	300	3095	473	324	-424
-1468	362	3708	309	948	-380
-1332	403	4487	123	887	-328
-1228	418	4871	-145	430	-290
-1160	396	4773	-361	-61	-121
-948	280	4424	-451	-297	73
-845	112	4079	-519	-93	211
-1009	-168	4006	-634	180	111
-1074	-377	3983	-640	237	-89
-984	-394	3839	-608	203	-267
-898	-301	3614	-577	147	-369
-842	-92	3339	-522	157	-312
-761	24	3159	-414	294	-172
-635	111	3225	-284	413	-18
-655	202	3359	-185	345	181
-708	332	3383	-120	77	467
-615	329	3279	-84	-198	799
-524	238	3088	-66	-363	1081
-449	86	2902	-65	-485	1216
-304	-148	2693	5	-474	1262
-217	-410	2692	124	-197	1170
-446	-630	3132	171	100	874
-841	-588	3536	208	33	645
-1129	-473	3576	170	-214	580
-1120	-448	3297	95	-485	517
-1283	80	2943	-75	-488	655
-2181	517	2852	-377	-269	1003
-2989	476	2698	-616	226	1701
-2770	41	3701	-780	707	1432
-2615	-217	5209	-431	248	459
-1578	-689	6049	39	-243	-721
-1145	-238	6346	334	-1028	-1286
-2129	672	6332	82	-1384	-744
-1959	393	6226	108	571	-695
-1097	1076	5915	323	-90	-895
-1149	2035	4739	370	348	-589
-1301	1413	4821	227	630	131
-1565	826	4378	46	-155	353
-1107	314	3035	-10	-673	396
-508	-146	2014	2	-201	189
-343	-433	1824	105	548	-94
-280	-626	2177	141	798	-327
-264	-514	2484	186	505	-787
-565	302	2618	186	8	-984
-1002	616	2819	31	-698	-968
-840	838	2689	-287	-1358	-1162
-400	1285	2359	-386	-1309	-964
-42	1793	2204	-331	-599	-131
-385	1148	2710	-50	429	878
-1701	473	3828	17	486	749
-3344	-468	4066	74	-127	344
-3635	-1104	4075	272	244	-796
-3081	-969	5331	494	189	-539
-2839	-919	6080	530	-64	-131
-2387	-1077	8006	585	-581	-749
-2307	1768	8368	846	-926	152
-684	1619	5660	-42	-1498	791
-769	896	4802	-537	-81	222
-1642	-97	5136	-1079	140	-246
-1324	-1050	4183	-1329	-518	-366
-729	-1081	2783	-1144	-343	-646
-467	-604	2013	-741	537	-498
-329	-368	1943	-833	1485	-301
-374	0	2046	-325	1627	-10
-388	416	2143	-197	1553	205
-306	503	2381	-154	1343	569
-723	543	2686	10	761	1032
-667	91	2880	177	-371	1419
-380	-346	2665	465	-1056	1593
-140	-1101	2439	926	-965	1533
-184	-1427	2870	1114	-388	559
-936	-1235	3631	874	16	-350
-1345	-449	3927	547	-390	-611
-1215	414	3336	57	-643	-455
-2204	1305	3047	-355	-539	208
-3452	1347	2804	-467	484	1620
-3128	233	5349	-405	1208	1869
-3538	-224	6577	-44	225	730
-2543	-949	8052	115	-492	-175
-1890	-451	7165	210	-1718	-1365
-859	372	4796	533	-1528	-1319
-585	1301	4242	565	45	-595
-1519	1541	4542	473	709	18
-1577	1308	4281	199	845	239
-1381	528	4255	32	790	181
-1253	299	3896	73	642	-51
-1117	291	3528	194	622	-169
-957	212	3176	259	524	-208
-756	-54	2845	281	366	-313
-512	-223	2667	256	359	-505
-414	-43	2820	195	360	-680
-721	319	3016	25	-59	-836
-1178	637	2775	-206	-1041	-1107
-885	846	1984	-377	-1599	-1179
-280	931	1385	-416	-1073	-1166
-37	1137	1577	-251	21	-802
-419	1569	2287	-270	655	312
-693	1045	3203	-295	917	1083
-1382	551	4126	-309	506	986
-2287	412	4539	-294	-621	689
-3153	-912	3868	-56	-642	447
-2873	-1252	4536	180	-130	-474
-2727	-274	5437	301	-454	244
-1802	-458	5274	281	-249	1033
-1830	-911	7425	373	-267	-50
-3352	798	8126	635	-431	296
-836	809	5805	-6	-1134	559
-1086	391	5051	-332	31	328
-1815	-268	5126	-713	174	-11
-1537	-777	4281	-872	-327	-308
-1103	-818	3123	-734	-161	-550
-813	-461	2567	-494	644	-549
-1603	99	3381	-105	-98	163
-1603	99	3381	-105	-98	163
-1603	99	3381	-105	-98	163
-1612	228	3507	-151	11	237
-1685	240	3616	-205	51	352
-1761	167	3661	-237	14	421
-1771	140	3651	-250	-32	483
-1779	87	3618	-228	-69	470
-1713	80	3555	-184	-54	448
-1716	105	3534	-151	-50	457
-1683	90	3461	-156	-59	474
-1703	83	3510	-197	21	414
-1805	85	3729	-213	116	334
-1865	122	3943	-154	85	309
-1834	201	3885	-51	-60	327
-1751	330	3634	9	-169	435
-1776	527	3255	34	-113	639
-1745	669	2973	28	143	881
-1554	668	2987	-9	456	1021
-1483	401	3309	-58	724	979
-1599	68	3872	-90	781	776
-1693	-148	4367	-26	581	529
-1745	-239	4659	87	273	256
-1625	-21	4530	170	-191	-2
-1463	292	4041	217	-422	-116
-1328	600	3608	241	-268	-59
-1263	798	3537	190	-87	54
-1235	757	3458	126	45	167
-1218	551	3403	91	159	239
-1213	285	3425	94	251	217
-1203	126	3435	104	243	87
-1124	69	3478	118	218	-62
-1107	51	3572	101	110	-233
-1127	162	3615	60	-164	-403
-1116	298	3380	61	-508	-482
-1022	346	2910	97	-801	-530
-737	299	2418	54	-957	-587
-263	379	2134	-111	-848	-618
62	721	2292	-368	-392	-451
-453	957	3253	-661	71	-199
-1000	862	4198	-846	-304	57
-1150	487	4460	-915	-1078	-5
-841	150	3888	-843	-1564	-160
-672	231	3258	-587	-1271	-217
-747	169	3103	-236	-741	-16
-1179	-4	3209	84	-388	-173
-2731	-307	3222	170	-276	-418
-2825	-793	3088	130	-4	-1303
-2782	-367	3999	125	344	-1371
-2596	554	4941	80	-118	-462
-1286	-747	4168	-821	18	-383
-1286	-747	4168	-821	18	-383
-1286	-747	4168	-821	18	-383
-1286	-747	4168	-821	18	-383
-1286	-747	4168	-821	18	-383
-1286	-747	4168	-821	18	-383
-1200	-648	3442	-802	224	-741
-1021	-19	2890	-590	812	-571
-1013	136	2983	-537	1292	-30
-1020	109	3101	-567	1333	186
-1120	322	3140	-636	1013	395
-1012	507	3029	-755	587	759
-634	501	2827	-744	232	1225
-342	337	2844	-529	-119	1588
-466	-121	2959	-119	-699	1740
-605	-545	2687	215	-1233	1616
-573	-800	2289	576	-1283	1604
-365	-890	2001	655	-993	1583
-315	-902	2180	418	-239	1260
-839	-659	3043	148	520	518
-1409	-373	4072	2	349	354
-2146	-135	4136	-255	-461	364
-3147	974	3112	-333	-780	944
-2978	38	3016	-412	506	1315
-2774	-153	4841	-253	877	296
-2512	-327	6148	-181	187	-1055
-2062	254	7205	-321	-455	-804
-3343	874	7385	-377	-1747	-223
-1467	430	5798	20	-623	-59
-748	1116	5479	537	-15	-55
-1411	1793	4928	711	211	417
-1528	1223	4424	493	360	1012
-1406	655	3729	315	16	1263
-1022	29	2761	215	157	1088
-563	-438	2247	212	762	637
-631	-308	2306	266	1321	117
-901	-98	2483	352	1189	-276
-804	-94	2452	353	928	-546
-445	-306	2564	168	769	-853
-221	170	3023	31	585	-1175
-611	814	3585	-155	-70	-979
-1125	1000	3799	-440	-1356	-719
-845	857	3125	-722	-2429	-883
-50	952	2345	-632	-2060	-846
256	1225	2226	-293	-771	-64
-991	721	3016	93	100	792
-2720	204	3262	271	-73	753
-3272	-1304	3348	238	549	-506
-3541	-49	5017	496	1167	-746
-2742	244	5558	238	26	417
-2109	-172	5737	-25	-319	508
-3345	-1254	8538	450	-685	-718
-1979	972	7484	612	-1887	708
-67	336	4222	10	-1416	889
-998	-124	4318	-222	563	-20
-1885	-484	4983	-611	481	-753
-1418	-780	3968	-848	-326	-1045
-733	-499	2607	-742	-113	-957
-500	-190	2211	-467	789	-731
-536	121	2227	-350	1131	-533
-510	560	2210	-226	1090	-138
-353	673	2456	-118	968	518
-456	302	3002	-27	736	807
-846	132	3402	74	2	885
-757	-144	3471	277	-965	1038
-436	-477	2962	614	-1688	1060
-267	-1112	2415	896	-1569	723
-422	-1510	2453	908	-711	-79
-773	-620	2686	630	-3	-637
-1281	-11	2962	182	334	-571
-1911	385	3360	-167	172	-474
-2290	1206	3342	-292	174	476
-2973	971	4184	-246	760	1381
-3526	318	5636	-69	356	879
-3049	-831	6604	-48	-570	-396
-1834	-1342	7008	-5	-1360	-1194
-1960	606	5781	101	-1551	-1470
-1426	1037	5499	188	-115	-1136
-1200	1517	5578	378	409	-880
-1617	1986	5037	381	531	-385
-1107	126	3745	-7	-42	110
-1136	122	3805	-22	50	103
-1223	71	3983	-34	49	56
-1248	63	4041	-27	-57	3
-1213	71	3963	-9	-159	-37
-1164	84	3814	19	-173	-62
-1143	107	3758	41	-103	-62
-1169	112	3788	72	-78	-49
-1210	178	3728	90	-89	-43
-1223	375	3653	49	37	92
-1145	546	3749	-18	153	245
-1183	453	3894	-44	156	367
-1124	208	3981	-40	121	393
-1078	-26	4089	-58	113	357
-1111	-73	4147	-100	21	243
-1101	44	4113	-101	-55	162
-1035	86	3977	-54	-73	49
-989	20	3855	6	-18	-108
-942	-53	3759	101	118	-238
-1004	84	3848	160	234	-296
-1076	242	3909	186	227	-265
-1058	419	3876	188	167	-197
-992	502	3862	166	138	-104
-982	422	3877	145	73	-44
-924	285	3846	121	-14	-34
-846	261	3801	45	-88	-65
-832	267	3769	-66	-95	-94
-850	318	3728	-178	-122	-129
-893	234	3703	-256	-154	-208
-887	94	3645	-212	-148	-269
-879	-73	3608	-81	-98	-305
-813	-48	3616	17	-51	-379
-852	84	3556	80	-74	-405
-804	374	3383	65	-182	-391
-724	431	3186	29	-149	-348
-674	423	2985	11	2	-362
-618	295	2851	34	180	-299
-501	180	2841	-8	443	-323
-655	272	3082	-120	700	-286
-753	260	3384	-294	705	-159
-794	253	3675	-369	558	-231
-889	580	3778	-246	314	-83
-921	553	3618	-93	-40	59
-661	464	3280	-4	-406	178
-448	252	2768	21	-499	135
-801	5	2550	-33	-278	-61
-1612	-463	2894	-121	-141	-269
-2770	-1122	3095	-46	818	-1164
-2850	-147	4837	373	841	-1169
-1879	1043	5384	665	35	293
-2344	213	6723	492	-504	720
-3214	407	7427	755	202	181
-1347	728	8431	142	-857	1478
-1014	-523	5606	-347	-1256	996
-1508	-900	5121	-610	-815	-285
-1397	-897	4116	-759	-1158	-828
-783	-997	2684	-686	-769	-1014
-210	-641	1957	-461	658	-1157
-547	-263	2402	-318	2112	-943
-954	-101	3320	-401	2379	-772
-1252	251	4047	-488	1716	-301
-1194	536	4036	-487	696	256
-1012	555	3615	-330	-151	737
-810	324	3136	-44	-896	998
-555	-108	2388	307	-1342	1175
-253	-695	1718	575	-1039	1099
-210	-931	1786	611	8	871
-704	-940	2594	383	838	383
-1061	-623	3681	182	863	57
-1338	-472	4497	110	153	-235
-1038	-394	4418	147	-846	-286
-903	-271	3723	127	-1344	-140
-696	-92	3353	28	-1180	121
-1525	151	3084	-118	-728	617
-1925	426	2768	-240	2	1150
-2531	580	3594	-493	805	1272
-3108	484	5136	-559	638	943
-2280	-63	5959	-359	-255	305
-1768	-511	6402	-150	-969	-208
-2321	-485	6780	-34	-1251	-745
-1907	-802	5834	244	-1212	-1313
-952	302	4293	757	-908	-1464
-1073	1306	3741	869	110	-1111
-755	1920	3660	688	833	-490
-1379	1796	3938	301	888	220
-1402	1036	3532	1	581	662
-1100	257	3356	-45	919	647
-1101	14	3517	51	972	352
-1111	-25	3384	145	671	86
-1011	-182	3239	226	482	-192
-880	-341	3344	209	227	-458
-783	-378	3402	91	-186	-653
-834	-75	3324	-160	-718	-870
-790	535	2899	-447	-1131	-947
-633	969	2517	-623	-1242	-900
-206	978	1925	-631	-1107	-846
67	939	1591	-391	-142	-283
-399	805	2459	-233	1139	357
-1074	627	4000	-313	1268	750
-1496	258	4901	-472	245	599
-1435	296	4440	-428	-989	143
-1668	331	3535	-219	-1080	224
-1969	-828	3552	-5	-218	-301
-2462	-553	4511	211	94	-137
-2893	-190	5233	257	-404	498
-2002	-190	4992	409	-377	847
-2120	-166	6846	456	305	376
-2485	396	7963	282	-698	531
-911	185	5709	-203	-1543	426
-943	-383	4692	-483	-729	121
-1088	-507	4676	-687	-325	-243
-986	-336	4033	-688	-266	-259
-799	-193	3314	-622	195	-112
-767	-162	3061	-537	795	46
-896	-235	3014	-489	1073	171
-989	-355	2913	-433	1088	231
-978	-353	2805	-414	978	218
-882	-348	2733	-324	948	203
-823	-224	2983	-158	951	244
-759	-130	3307	22	698	443
-633	-80	3445	180	283	687
-481	-29	3394	311	-80	779
-483	23	3255	376	-550	778
-376	-48	2777	428	-999	684
-151	-242	2386	519	-906	599
-137	-320	2522	496	-214	415
-350	-405	3163	474	348	354
-809	-559	4075	386	537	165
-1321	-607	4741	335	-102	4
-1211	-444	4439	302	-918	-123
-1322	195	3755	-115	2	443
-1446	-75	3714	-145	16	260
-1518	-187	3648	-135	31	188
-1540	-238	3608	-106	120	161
-1555	-162	3669	-94	214	170
-1624	-88	3773	-129	217	154
-1591	93	3846	-162	107	207
-1544	124	3827	-159	31	264
-1550	123	3800	-134	-7	274
-1581	64	3732	-122	-94	293
-1637	28	3589	-131	-146	295
-1652	-31	3557	-126	-119	295
-1620	-186	3592	-71	-63	268
-1640	-300	3739	-15	-24	165
-1695	-300	3862	5	-120	30
-1775	-300	3655	1	-211	-134
-1528	-361	3588	-21	227	-516
-1528	-361	3588	-21	227	-516
-1528	-361	3588	-21	227	-516
-1385	-104	3743	-10	242	-489
-1306	318	3938	-51	213	-267
-1338	411	4076	-120	142	-24
-1349	310	4100	-186	7	190
-1375	21	4100	-244	-74	343
-1338	-320	4009	-282	-147	302
-1285	-533	3859	-297	-171	171
-1278	-553	3721	-291	-214	25
-1157	-410	3574	-261	-198	-93
-1107	-236	3504	-240	-128	-154
-1031	-13	3473	-214	-85	-102
-905	120	3486	-142	-73	98
-890	157	3655	-117	-62	312
-876	182	3763	-102	-241	515
-828	140	3648	-109	-472	674
-704	73	3373	-116	-650	759
-506	-10	2993	-90	-755	870
-320	-216	2778	19	-650	914
-175	-504	2829	170	-357	800
-451	-458	3059	253	-156	679
-673	-286	3031	270	-262	682
-670	-124	2772	267	-375	736
-707	-277	2713	248	-376	654
-574	-201	2827	260	-310	513
-510	-350	3317	283	-152	503
-831	-347	3765	227	-359	647
-2084	-524	3732	52	-744	874
-3326	215	2900	-83	-581	925
-2479	543	3424	-358	459	1594
-2706	250	4672	-345	316	967
-2519	-1038	5389	-257	423	-782
-2311	-1129	7801	-209	134	-1641
-3260	-370	8400	43	-90	-1785
-1349	170	5968	825	-1571	-1746
-905	1544	4509	1006	-961	-1540
-730	2597	3836	558	-48	-441
-1098	1872	3724	111	295	615
-1113	826	3334	-182	741	1044
-965	60	3370	-110	1008	1024
-1080	-346	3336	108	1039	598
-1085	-375	3232	334	917	172
-1039	-181	3143	404	591	-172
-859	-63	2954	357	300	-369
-632	-141	2845	259	131	-557
-540	-170	2804	54	61	-800
-490	329	2910	-187	-167	-752
-895	815	3063	-448	-659	-555
-754	1041	2957	-590	-1293	-532
-329	950	2487	-516	-1263	-298
-40	608	2383	-284	-483	-47
-446	565	3092	-57	313	203
-1146	209	3991	-77	65	509
-1459	-63	4158	-54	-467	304
-2533	-242	3916	59	-749	32
-2824	-814	3744	158	-45	-974
-1787	-130	5044	201	30	551
-1787	-130	5044	201	30	551
-1787	-130	5044	201	30	551
-2566	-929	7083	322	-181	-512
-2406	438	7241	375	-759	-15
-664	324	5329	-25	-1113	79
-1001	199	4559	-272	-281	-74
-1365	-112	4478	-505	6	-267
-1359	-430	4056	-627	-53	-284
-1017	-569	3315	-539	89	-315
-878	-387	2871	-423	512	-356
-848	-136	2733	-382	812	-378
-825	-49	2776	-271	867	-249
-809	-84	2793	-171	744	-22
-777	-45	2919	-157	684	211
-749	236	3240	-96	486	521
-592	478	3429	-48	-13	837
-509	103	3351	251	-711	1046
-608	-445	2883	472	-1314	915
-511	-528	2270	561	-1422	823
-164	-690	1961	514	-705	918
-338	-698	2589	442	541	573
-985	-690	3995	360	788	164
-1564	-372	4710	278	-85	-24
-1562	-466	4421	204	-897	58
-2222	-154	3832	111	-954	-23
-1433	698	3205	-16	-306	529
-2442	1162	3955	-278	787	362
-3187	704	5514	-475	469	354
-1995	-253	5699	-555	-524	-249
-1426	-237	5855	-473	-478	-480
-2711	376	6907	-403	-460	-456
-1383	452	5914	-139	-888	-309
-671	635	4658	169	-263	-419
-1065	967	4366	344	228	-292
-1193	782	3931	348	293	94
-1155	330	3331	289	200	346
-786	32	2575	263	528	272
-678	-166	2457	267	1278	19
-917	18	2836	338	1605	-215
-1151	212	3149	350	1405	-290
-1185	197	3259	326	1023	-309
-1004	-62	3359	207	647	-462
-781	-102	3397	79	226	-821
-735	180	3293	-104	-370	-994
-681	351	2961	-222	-1036	-849
-552	530	2439	-288	-1397	-765
-141	796	2259	-410	-888	-696
-110	908	2785	-467	-147	-398
-649	955	3439	-339	226	-102
-1070	799	4028	-150	157	216
-1049	475	4177	-7	-202	356
-1481	183	4216	81	-623	215
-2249	-312	3765	145	-621	167
-2265	-996	4139	112	95	-816
-2982	-321	5449	388	224	-661
-1025	301	3903	69	186	-369
-1078	325	3968	68	172	-315
-1057	216	3947	74	109	-309
-1031	110	3853	57	81	-377
-1008	51	3790	24	116	-460
-988	49	3828	-7	141	-507
-913	47	3896	-67	138	-541
-806	86	4007	-138	80	-561
-910	76	4144	-188	-37	-599
-1190	21	4169	-155	-130	-644
-1217	-83	4062	27	-214	-723
-1264	-255	3741	256	-333	-741
-1275	-351	3331	397	-298	-776
-1087	-397	2992	528	-84	-892
-1025	-109	3121	543	352	-933
-1143	-29	3618	396	704	-944
-1210	8	4191	292	865	-936
-1055	100	4621	212	641	-873
-1125	185	4784	66	240	-708
-980	-32	4657	-73	-84	-544
-748	-174	4468	-186	-260	-563
-613	-90	4201	-316	-233	-427
-762	-170	4005	-417	-180	-279
-777	-232	3807	-487	-32	-333
-773	-228	3745	-510	32	-288
-659	-224	3564	-459	4	-240
-518	-143	3411	-333	68	-105
-574	-86	3481	-171	241	110
-710	-124	3655	-26	170	242
-831	-131	3626	77	-74	357
-780	-122	3544	144	-173	507
-732	-154	3571	159	-202	645
-646	-101	3525	123	-255	734
-543	-24	3420	52	-267	824
-550	-75	3294	-19	-316	903
-524	-235	3119	36	-401	884
-320	-451	2903	157	-365	843
-212	-569	2984	252	-92	779
-320	-515	3295	271	18	732
-459	-376	3592	244	-161	729
-432	-355	3696	250	-467	719
-491	-542	3616	276	-738	650
-438	-509	3439	279	-845	553
-592	-277	3206	152	-849	677
-1193	63	3266	-135	-793	1014
-2068	395	3190	-325	-430	1436
-2129	446	3996	-551	262	1774
-3052	-935	5137	-637	39	536
-2158	-1710	5604	-491	-199	-1116
-714	-1070	6105	312	-586	-1144
-1672	627	7217	401	-29	-1000
-1815	299	7822	451	-571	-1433
-635	1264	5033	672	-1848	-1332
-322	1980	3580	655	-647	-561
-493	1667	3733	163	542	240
-764	691	3782	-36	634	711
-647	49	3416	-26	791	685
-759	-378	3423	119	1121	309
-777	-259	3531	253	1024	-51
-751	-40	3474	309	795	-215
-754	-29	3379	331	526	-421
-585	-177	3200	306	272	-653
-368	-181	3119	148	69	-947
-362	227	3052	-105	-301	-1080
-477	657	2733	-407	-946	-1013
-353	973	2303	-542	-1114	-816
164	1158	1774	-668	-814	-545
434	1098	1779	-653	178	-38
-17	774	2724	-545	1204	553
-707	521	4038	-466	1147	769
-1016	37	4590	-391	278	674
-939	-253	4326	-358	-692	368
-879	-280	3890	-349	-1174	-15
-1460	-628	3537	-251	-952	-245
-2236	-1284	3720	-35	535	-1272
-2365	-492	5869	331	622	-1029
-2555	-395	6832	555	-613	5
-2755	-742	7984	1257	-388	287
-1393	628	7943	1020	-985	1337
-170	386	5601	138	-1247	653
-780	551	4937	-394	-516	47
-996	-262	4430	-998	-330	-176
-926	-1047	3327	-1121	-169	-333
-582	-898	2473	-860	626	-547
-553	-490	2584	-543	1595	-511
-953	-229	3240	-324	1871	-375
-1185	150	3629	-349	1658	-128
-1235	233	3815	-389	867	470
-934	172	3378	-488	164	765
-557	217	2942	-461	-15	925
-307	218	2861	-248	25	1182
-275	2	2967	81	-15	1465
-302	-485	3119	412	-183	1374
-394	-851	3072	554	-593	912
-453	-827	2513	477	-1027	580
-347	-260	2035	228	-1011	482
313	116	2070	225	-383	892
99	-540	2878	280	591	1129
-495	-1336	4125	347	657	387
-1020	-1077	4618	414	-187	-18
-1223	-567	4121	304	-1081	140
-1663	325	3522	97	-1280	446
-2244	824	2878	0	193	1184
-2279	352	4409	-297	1339	1091
-2433	-427	5672	-312	841	-103
-1833	-1279	6662	-298	424	-1204
-1882	-886	8550	-230	-252	-1145
-2320	60	8315	66	-934	-1277
-335	730	5618	742	-1661	-1370
-480	1926	4216	803	-406	-1085
-848	1845	4234	586	265	-76
-1019	1063	3681	327	86	588
-744	354	2877	147	315	887
-567	-314	2595	140	918	624
-663	-396	2755	221	1456	47
-864	-37	3133	269	1447	-325
-1010	112	3371	258	1056	-476
-946	-72	3439	200	575	-654
-572	-187	3335	6	208	-941
-534	-5	3390	-270	-63	-1096
-737	511	3394	-449	-788	-972
-810	960	2833	-561	-1564	-739
-258	1041	1857	-609	-1488	-520
109	936	1647	-530	-349	-380
-19	750	2579	-489	834	40
-542	457	3771	-463	951	375
-914	329	4322	-348	338	646
-845	14	4133	-205	-324	518
-1056	1	3805	-98	-769	238
-1776	-416	3358	27	-806	138
-1095	143	3814	70	204	-555
-1125	248	3940	4	155	-530
-1194	295	4056	-86	57	-478
-1321	316	4152	-133	-18	-320
-1399	301	4162	-118	-72	-119
-1361	128	4029	-39	-110	79
-1297	-60	3815	-17	-171	138
-1142	-262	3586	0	-149	137
-1044	-432	3500	47	-33	104
-943	-604	3648	130	106	-94
-1017	-358	3944	152	114	-243
-1138	-113	4205	91	-20	-247
-1257	8	4261	71	-294	-194
-1210	53	4044	81	-497	-74
-1070	58	3767	59	-483	90
-1026	27	3670	-10	-402	183
-1133	2	3673	-102	-307	193
-1264	-14	3688	-175	-264	210
-1330	20	3646	-213	-184	323
-1420	32	3645	-231	-83	437
-1438	220	3556	-225	120	664
-1384	368	3471	-237	370	960
-1257	154	3602	-278	487	1022
-1060	-188	3907	-283	399	847
-887	-574	4109	-182	369	541
-854	-723	4292	-25	347	148
-872	-420	4449	133	291	-164
-949	103	4455	252	129	-296
-946	631	4354	317	-3	-39
-858	882	3976	269	-160	276
-794	764	3597	193	-131	582
-781	455	3309	117	-87	740
-646	238	3109	64	-4	730
-547	61	2990	43	192	651
-501	-41	3056	7	311	508
-593	-114	3055	-51	357	275
-719	-198	2976	-140	313	50
-621	-235	2898	-215	-15	-219
-533	-272	2699	-357	-451	-484
-249	18	2543	-479	-598	-677
-95	292	2707	-493	-331	-589
-359	380	3296	-516	-103	-573
-625	387	3916	-496	-256	-513
-704	427	4113	-356	-567	-279
-1180	384	4098	-177	-923	-161
-1722	72	3543	94	-1187	41
-2163	-852	3112	293	-154	-814
-3280	-726	4388	535	802	-1020
-2859	84	5220	612	414	-267
-1517	74	5420	380	489	329
-2264	-886	7250	82	-182	-241
-3015	-268	7117	227	-868	-561
-895	727	6106	44	-660	308
-1116	192	4492	-247	101	644
-1549	-446	4595	-646	812	193
-1543	-675	4529	-967	406	-353
-1298	-638	3631	-1061	-117	-478
-784	-421	2737	-912	10	-405
-539	-202	2453	-716	545	-192
-454	181	2649	-552	866	196
-412	444	2968	-351	873	862
-554	363	3251	-185	639	1434
-774	78	3472	-36	64	1599
-739	7	3330	110	-920	1564
-617	-253	2661	360	-1505	1816
-401	-545	1858	554	-1503	1899
29	-649	1545	634	-932	1718
-225	-624	2169	579	-122	1341
-480	-813	3205	410	347	1010
-993	-870	4163	217	-24	409
-1143	-608	4151	177	-896	388
-1096	-461	3545	149	-1373	504
-1608	245	3107	96	-1208	876
-2390	1030	2732	-1	-160	1842
-2685	516	3975	-308	815	1857
-2707	-608	5345	-399	490	676
-1901	-1637	6062	-219	-141	-606
-1752	-730	8324	-265	-496	-639
-2812	-767	9295	-277	-498	-1398
99	488	5003	474	-2132	-2016
-566	2426	3734	553	116	-1560
-943	2570	4476	269	826	-133
-1261	1340	3969	-1	303	983
-1031	235	3179	-140	543	1072
-673	-465	2901	73	1111	647
-800	-412	3184	262	1714	127
-1056	-24	3641	318	1688	-172
-1269	202	3894	258	1074	-332
-1074	321	3350	194	247	-393
-637	135	2558	94	-9	-425
-271	-96	2256	-50	271	-561
-129	-80	2500	-348	577	-695
-335	223	3247	-638	380	-752
-490	619	3599	-666	-399	-539
-718	473	3310	-678	-1192	-361
-369	233	2869	-707	-1564	-753
132	81	2432	-569	-1290	-919
340	341	2609	-407	-328	-598
-408	377	3701	-142	194	12
-1312	472	4859	39	-299	44
-2475	98	4719	202	-1003	190
-2881	-1221	4658	204	-136	-1023
-2933	-408	5541	453	-179	-521
-2489	-141	4977	378	-564	435
-1503	-237	5471	330	16	573
-1944	-656	7365	263	-293	-122
-1930	-98	6838	202	-1181	-144
-685	189	5140	-11	-1005	-66
-931	3	4489	-273	-67	83
-1304	-358	4165	-613	346	-142
-1259	-308	3812	-744	524	-338
-1127	-240	3272	-706	577	-247
-923	-129	2793	-641	855	-98
-923	-87	2731	-599	1149	53
-996	-60	2901	-552	1196	194
-1068	-26	3107	-506	1042	452
-1087	-75	3335	-410	732	733
-968	-8	3472	-247	390	963
-632	134	3448	-24	146	1276
-438	-52	3446	203	-90	1537
-416	-150	3227	300	-467	1463
-452	-213	2707	337	-825	1414
-299	-407	2144	260	-988	1328
-185	-183	1804	185	-656	1234
-91	-31	2027	174	-3	1370
27	-706	3065	298	408	1302
-403	-1173	3874	404	150	627
-873	-875	3982	491	-260	557
-746	-233	4028	405	-673	748
-1415	387	3908	178	-1186	1176
-1386	-50	3867	62	-32	-14
-1318	-30	3757	66	-58	-32
-1318	-12	3732	66	-18	-28
-1313	-3	3803	65	1	-5
-1305	-13	3850	48	-36	33
-1265	-26	3830	35	-56	49
-1238	-39	3844	34	-65	38
-1257	-44	3887	38	-62	38
-1285	4	3953	18	-51	58
-1331	4	3995	-27	-97	78
-1325	19	3872	-70	-216	84
-1217	-38	3655	-109	-231	95
-1185	-112	3609	-131	-130	65
-1207	-163	3680	-131	-23	36
-1373	-148	3783	-136	-20	-6
-1514	54	3684	-144	-93	75
-1554	172	3476	-147	-18	270
-1347	265	3363	-140	235	450
-1132	208	3592	-170	445	552
-1034	-43	4027	-200	461	501
-1036	-307	4409	-168	298	299
-990	-320	4532	-71	61	140
-968	-226	4417	71	-51	22
-909	-65	4122	203	-48	-151
-903	67	4048	296	73	-191
-925	311	3954	341	92	-72
-970	466	3824	357	107	170
-941	473	3601	291	35	327
-870	402	3390	176	78	382
-757	287	3370	44	246	349
-802	142	3620	-60	408	283
-862	10	3915	-106	331	177
-857	-13	4011	-102	58	55
-831	-117	3669	-61	-327	-118
-679	-168	3098	-18	-564	-386
-412	-142	2621	-3	-573	-576
-286	-46	2270	26	-375	-727
-538	101	2026	7	-153	-878
-463	279	2092	-99	77	-852
-219	497	2542	-285	305	-707
-408	803	3382	-445	451	-453
-742	657	4210	-474	89	-146
-980	469	4762	-356	-552	-98
-1138	277	4500	-134	-1039	-17
-1234	-291	3960	81	-1094	-330
-1223	-460	3809	222	-750	-547
-2063	-772	3964	328	-299	-1110
-2589	134	4246	459	-6	-1098
-2334	525	5051	436	-205	-204
-2159	72	5342	149	-527	328
-2328	-1088	6977	221	-726	-330
-1913	298	7275	465	-790	521
-639	194	5000	5	-978	736
-1547	-274	4706	-312	-74	363
-1638	-754	4877	-666	-66	-365
-1208	-724	4157	-783	-408	-599
-857	-335	3231	-641	-47	-524
-878	-19	2979	-545	728	-286
-1007	94	3282	-508	1105	75
-1070	121	3463	-490	844	408
-1070	26	3358	-500	408	662
-845	-48	3090	-570	66	788
-587	163	3041	-502	-72	942
-426	216	3254	-275	-242	1198
-457	-112	3356	39	-711	1353
-516	-449	3026	273	-1196	1360
-334	-633	2505	373	-1472	1371
-156	-609	1908	368	-1086	1375
30	-690	1860	271	-354	973
-28	-438	2630	253	572	687
-571	-540	3931	230	628	541
-999	-612	4450	294	-158	437
-870	-540	3878	384	-860	512
-674	-344	3088	378	-849	463
-1216	-121	3585	171	-279	500
-2250	446	4191	-48	260	1147
-2400	-131	4593	-178	352	1134
-2244	-76	4811	-301	315	356
-2222	-911	5292	-420	14	-433
-1524	-777	5993	-194	-115	-519
-1992	167	7121	-98	-223	-639
-1475	451	6484	295	-347	-781
-311	773	5164	731	-340	-790
-803	1300	4430	617	286	-481
-1039	1305	3964	450	365	174
-989	775	3328	234	375	640
-785	90	2798	120	658	697
-695	-351	2712	157	1159	333
-790	-518	3001	270	1494	-157
-985	-385	3340	351	1241	-604
-941	-73	3241	396	706	-809
-686	-205	2936	172	351	-1016
-475	-170	2959	4	320	-1193
-372	144	3314	-190	108	-1246
-575	650	3444	-314	-474	-1153
-602	997	3166	-447	-1095	-922
-332	782	2716	-622	-1279	-769
161	682	2620	-539	-674	-668
-70	469	3090	-375	0	-353
-836	417	3896	-230	248	20
-1507	195	4410	-195	-113	228
-2110	-16	4344	-49	-611	172
-2212	-1234	3759	105	-172	-393
-2544	-350	4189	243	572	-1054
-2178	155	4898	258	164	-73
-1682	208	4573	99	-262	634
-1732	-1079	6402	207	-224	44
-2321	251	7931	587	445	402
-879	363	6485	140	-928	682
-1140	-260	4993	-282	-613	353
-1530	-995	4806	-555	-366	-381
-1257	-1116	4122	-659	-534	-955
-835	-942	3158	-538	-151	-1259
-708	-344	2951	-361	752	-1283
-887	199	3499	-332	1182	-850
-965	460	3697	-364	858	-246
-933	500	3324	-405	332	329
-854	336	2848	-437	29	719
-676	282	2507	-346	-40	927
-417	256	2429	-40	51	1263
-327	-256	2621	346	114	1453
-363	-663	2934	533	-95	1261
-645	-748	2849	581	-619	1008
-628	-531	2450	372	-932	788
-261	-352	2228	224	-599	728
-125	-275	3022	226	226	706
-412	-867	4137	331	245	470
-986	-1028	4516	317	-422	40
-1025	-824	4185	289	-1031	-23
-1190	-535	3650	177	-1155	10
-907	214	3985	223	362	27
-891	179	3959	227	300	-13
-923	210	3864	205	222	-5
-877	244	3729	136	230	2
-805	265	3712	57	335	-15
-741	252	3887	-12	424	-76
-795	198	4174	-70	358	-138
-859	224	4337	-133	160	-138
-770	136	4439	-216	-125	-159
-775	30	4302	-249	-421	-235
-896	-25	4095	-178	-490	-325
-1207	-55	4020	-18	-342	-371
-1449	-89	3886	242	-238	-335
-1577	-294	3651	502	-219	-509
-1723	-317	3338	647	-251	-837
-1740	-88	3189	636	-217	-943
-1750	281	3304	384	332	-869
-1726	540	4047	29	717	-856
-1400	588	4369	-216	418	-747
-1266	514	4282	-342	48	-557
-1276	114	3963	-425	-220	-341
-1099	-119	3504	-467	-101	-235
-1073	-261	3660	-472	437	-119
-1206	-442	4162	-467	659	-164
-1262	-430	4470	-467	443	-352
-1221	-379	4360	-495	75	-445
-1091	-242	3950	-498	-248	-514
-916	-94	3456	-454	-204	-437
-826	-93	3190	-337	136	-302
-923	-62	3306	-232	449	-185
-953	36	3517	-178	525	5
-911	152	3731	-160	385	224
-740	178	3846	-171	60	427
-662	161	3781	-190	-284	615
-712	83	3581	-172	-569	798
-765	56	3231	-116	-769	1011
-634	-171	2847	-117	-799	1196
-405	-478	2634	-15	-792	1228
-323	-695	2549	-66	-640	1021
-383	-764	2667	-58	-508	792
-459	-659	2908	123	-435	645
-441	-778	3230	377	-500	585
-626	-767	3428	504	-745	315
-633	-356	3393	508	-907	466
-660	-162	3239	377	-840	780
-657	37	3311	159	-698	928
-1161	380	3400	-50	-609	1263
-2715	408	2850	-199	-174	1693
-2637	-74	3618	-478	847	1590
-2610	-550	5413	-556	660	528
-2418	-1083	6338	-383	389	-1079
-2043	-566	7379	-159	-135	-1435
-2253	-86	7424	-6	-80	-1822
-1179	506	6506	370	-945	-1689
-896	1889	5190	281	-963	-1144
-905	1820	4282	224	-635	186
-1119	800	3513	187	-152	887
-998	109	3308	252	539	848
-768	-248	3439	424	911	589
-799	-306	3622	515	937	151
-850	-104	3659	489	553	-290
-687	57	3208	442	117	-608
-424	-126	2770	327	48	-808
-302	-410	2888	39	229	-1112
-493	94	3361	-243	-39	-1225
-794	369	3189	-595	-819	-1041
-814	771	2422	-624	-1537	-1275
-61	1030	1687	-491	-1370	-1057
601	776	1519	-363	49	-686
-210	789	2951	-233	1256	-172
-985	738	4306	-244	677	596
-1293	502	4376	-285	-558	823
-1053	48	3487	-183	-1188	534
-1018	151	3053	-9	-887	32
-1829	-1196	2965	190	349	-422
-2815	-701	4348	424	1041	-1026
-2779	-274	5410	483	534	-191
-2150	121	5921	463	292	785
-1795	-669	7705	369	197	465
-1972	11	8531	402	-417	698
-761	233	6529	-70	-1518	825
-870	10	4906	-453	-933	545
-1152	-329	4302	-697	-380	281
-829	-594	3542	-715	82	105
-615	-570	3168	-599	715	-65
-729	-324	3232	-496	1146	41
-805	-312	3340	-443	1211	306
-773	-244	3136	-249	1103	161
-883	-122	3047	-357	651	235
-778	58	2892	-369	287	648
-385	94	2921	-246	132	937
-140	96	2974	-50	98	1054
-247	-202	3071	258	-48	1163
-193	-450	2875	551	-328	982
-701	-623	2657	667	-646	796
-266	-606	2465	645	-760	693
-156	-543	2431	518	-460	659
-191	-379	2832	450	-2	498
-693	-466	3517	512	162	351
-803	-826	3973	584	-183	43
-1186	-649	3913	481	-623	-250
-1767	-504	3868	153	-659	-324
-1822	756	4016	-26	320	106
-1903	408	5439	-72	638	512
-2322	207	5608	-193	-120	-325
-2180	-556	4910	-390	-418	-1330
-1590	-89	5614	-366	-28	-1307
-2735	799	7133	-569	376	-808
-1890	598	7543	-273	-414	-797
-754	755	5478	289	-856	-916
-934	748	4379	513	-462	-572
-953	475	3639	584	-114	-15
-915	41	2947	530	44	320
-576	-446	2297	489	541	125
-532	-536	2405	547	1472	-212
-839	-274	3168	671	1698	-611
-1034	250	3518	668	1138	-933
-1097	536	3259	587	577	-1153
-891	324	3055	343	284	-1052
-419	102	2944	130	118	-1164
-228	236	2883	-82	64	-1157
-99	381	2652	-292	-33	-1002
-474	684	2550	-430	-14	-850
-738	755	2819	-729	-513	-663
-213	732	2744	-744	-668	-405
-65	326	2995	-545	-227	-284
-575	217	3729	-341	32	-304
-1014	647	4397	-115	-190	24
-1317	515	4375	39	-761	261
-1498	274	3708	198	-919	93
-1289	-11	3884	39	99	-40
-1262	55	3811	37	51	-58
-1242	98	3727	22	57	-78
-1259	128	3745	38	142	-71
-1287	37	3834	65	188	-76
-1317	32	3886	86	165	-81
-1279	64	3922	88	112	-96
-1288	69	3902	82	70	-123
-1267	74	3822	69	47	-161
-1278	85	3770	61	57	-171
-1243	105	3706	93	104	-143
-1253	154	3714	123	184	-133
-1298	204	3781	101	235	-109
-1362	242	3802	55	212	-63
-1307	256	3721	1	143	-5
-1347	255	3629	4	186	14
-1381	218	3706	59	371	54
-1441	246	3865	109	473	51
-1566	431	3750	142	440	241
-1480	504	3499	165	476	442
-1205	561	3531	144	605	519
-1068	333	3826	60	703	466
-1176	143	4139	-1	673	299
-1211	-16	4387	32	551	59
-1354	51	4518	87	280	-159
-1304	270	4191	171	41	-203
-1156	469	3785	252	103	-84
-1052	544	3552	312	292	74
-1059	543	3490	342	430	205
-1087	460	3465	312	550	254
-1064	355	3541	226	580	238
-996	319	3593	111	606	131
-936	375	3819	-8	601	45
-969	423	4028	-127	412	26
-963	203	4120	-205	45	-105
-852	65	3881	-232	-404	-336
-683	-5	3349	-229	-667	-469
-607	6	2850	-230	-730	-588
-443	35	2412	-301	-735	-723
15	384	2186	-451	-563	-776
123	730	2367	-639	-323	-490
-266	891	2638	-792	-215	-135
-678	640	2844	-878	-168	107
-899	415	2934	-887	-400	152
-762	455	2880	-650	-841	295
-422	217	2734	-379	-1042	518
-570	-260	2700	-82	-872	108
-1908	-251	3017	43	-788	-738
-3497	-536	2635	155	-367	-1136
-2930	-470	4148	477	210	-1128
-4247	-1362	6869	465	-113	-994
-3679	3101	10893	1759	2167	2027
-1869	1859	10391	751	-1193	3908
-2688	459	6902	-347	-3288	1912
-862	166	4035	-1298	-2322	90
-1061	-1222	3596	-1868	-670	-469
-463	-1693	3066	-1903	234	-995
-404	-830	2479	-1382	1685	-1164
-668	-495	3127	-746	2905	-726
-1525	-223	3958	-233	2782	-466
-1652	-52	3874	-144	1451	-130
-1361	117	3285	-318	616	103
-950	259	2712	-514	165	247
-520	474	2487	-629	184	212
-237	575	2740	-396	282	523
-103	295	3014	30	-26	1005
-699	-9	2976	225	-508	1707
-968	-956	2749	248	-1872	1581
-336	-946	1960	395	-2429	1276
410	-1005	1630	697	-1864	1481
305	-1351	1964	863	-764	1177
-635	-1083	2430	786	-36	385
-1408	-265	3022	568	258	122
-2285	239	3694	43	220	376
-3690	733	3565	-291	-99	761
-2740	18	3771	-505	302	1197
-3019	318	4896	-316	415	79
-4827	1189	8224	-310	834	-233
-2726	-1808	9978	224	-1063	-2148
-423	263	4883	992	-2458	-2395
-629	2018	3679	836	-261	-1060
-934	2223	4413	34	1424	336
-1836	1406	4595	-260	995	1005
-1323	383	4049	-286	1189	897
-1181	99	4091	-90	1386	241
-1254	156	4195	81	1002	64
-1195	172	3849	92	339	-84
-981	67	3301	45	-186	-9
-517	-329	2636	74	-347	44
-96	-579	2288	-58	165	-286
-289	-319	2671	-276	547	-735
-789	363	3081	-716	86	-1051
-976	886	3345	-868	-823	-1222
-372	964	2714	-899	-1374	-987
-320	562	2553	-601	-388	-928
-618	589	3190	-191	-166	-422
-916	353	3150	-31	-795	4
-817	485	2610	33	-1000	173
-869	393	2429	153	-712	199
-1794	-74	2995	310	-312	-137
-3227	-1060	3428	524	161	-793
-2962	-848	4863	897	242	-636
-3126	63	5517	971	-341	-92
-2296	77	6310	559	-312	14
-2497	1123	9203	733	201	173
-1246	1072	7535	239	-1883	1719
-724	-107	4398	-240	-1259	1415
-1028	-643	4322	-627	528	522
-1224	-1067	4324	-856	587	169
-1034	-1032	3517	-770	788	-138
-996	-634	3078	-699	1260	-124
-1032	-475	2887	-480	1472	94
-1120	-510	2705	-234	1170	108
-1005	-246	2450	-227	798	102
-834	-20	2150	-220	674	288
-575	17	2119	-112	754	519
-535	-142	2593	100	775	533
-598	-324	3161	437	355	566
-921	-318	3392	803	-601	710
-997	-156	2789	775	-1483	976
-243	-20	2021	445	-1470	1066
254	-230	2200	314	-162	1019
-466	-426	3520	226	805	639
-1352	-518	4724	172	306	387
-1711	-542	4709	26	-887	330
-2491	295	3443	-96	-1279	510
-2147	120	2701	-113	130	1512
-2507	-217	4282	-226	1232	681
-3247	-705	5873	-246	804	-935
-2680	-638	7021	10	-240	-1112
-1600	201	3873	98	235	-152
-1572	245	3825	75	177	-189
-1523	182	3828	64	68	-299
-1427	92	3783	43	-15	-416
-1300	27	3764	15	-48	-540
-1344	143	3783	-10	-68	-577
-1339	182	3762	-39	-100	-532
-1198	133	3778	-75	-109	-590
-1075	55	3804	-122	-85	-660
-1031	-81	3949	-161	-103	-795
-1256	39	4124	-189	-232	-901
-1494	324	4315	-164	-454	-834
-1633	575	4146	-11	-650	-502
-1431	512	3770	210	-633	-293
-1405	395	3509	396	-556	-176
-1478	108	3259	400	-559	-212
-1474	-70	3058	337	-488	-313
-1641	-170	3119	275	-79	-395
-1922	-231	3429	167	429	-582
-1761	-303	4029	52	596	-794
-1581	-122	4440	-11	245	-908
-1298	235	4274	-96	-156	-786
-1152	328	3992	-195	-225	-499
-1129	245	3856	-230	-147	-246
-1153	108	3940	-329	106	-77
-1235	-114	4045	-370	137	-43
-1176	-225	4096	-418	108	-73
-1120	-333	3996	-465	-78	-130
-1000	-334	3667	-448	-201	-213
-852	-234	3374	-353	-81	-221
-835	-177	3225	-212	208	-172
-793	-137	3389	-90	501	-62
-857	-8	3780	-11	503	104
-902	163	3995	26	183	323
-871	279	3819	-11	-179	562
-735	302	3466	-129	-359	793
-614	295	3051	-225	-399	993
-645	171	2653	-227	-357	1270
-470	-287	2444	-171	-234	1404
-320	-580	2465	-121	-84	1181
-435	-460	2669	-42	-73	1036
-562	-442	2782	96	-89	1073
-542	-584	3005	253	-175	987
-536	-671	3197	345	-308	851
-562	-580	3384	393	-470	768
-989	-443	3349	263	-697	899
-1912	-116	3007	-24	-960	1169
-2855	657	2075	-374	-583	1468
-2466	537	2645	-737	600	1947
-4024	-1802	9399	-187	983	-663
-4024	-1802	9399	-187	983	-663
-4024	-1802	9399	-187	983	-663
-2549	-1829	9587	475	-1847	-2169
-1040	832	5151	939	-2878	-2625
-550	2964	3535	843	-1225	-1562
-668	2649	3727	461	141	-227
-1003	1525	3057	163	450	1350
-727	25	2974	150	1317	1519
-635	-369	3459	214	1754	804
-1084	-397	3984	44	1342	-81
-969	-402	4004	290	565	-293
-1045	-10	3601	396	-13	-334
-751	-291	2842	325	-558	-435
-339	-341	2339	244	-583	-760
-367	-357	2183	615	-687	-941
-1016	667	2415	-608	-1301	-1496
-430	660	1929	-342	-1895	-1460
-47	1059	1470	-124	-872	-1489
-635	1823	1707	115	505	-994
-1248	1252	2500	-78	946	858
-1934	-459	3415	14	675	937
-3052	-1742	3511	5	158	-260
-3131	-936	4013	177	542	-1609
-3481	-633	6060	246	274	-630
-5147	-537	9447	1118	853	-131
-711	1496	9226	925	-1738	2016
-1315	155	5486	114	-1850	1035
-924	906	4813	-575	-17	-924
-1715	197	5296	-1192	826	-485
-1235	-990	4631	-1271	837	-300
-1073	-846	4008	-936	1385	-368
-1180	-744	3764	-682	1671	-317
-1184	-408	3479	-500	1466	-429
-1041	-153	2928	-516	811	-462
-686	113	2350	-393	186	-284
-265	393	1983	-217	51	-64
214	720	1981	-156	273	12
187	473	2352	116	378	776
-581	-231	2618	518	22	1402
-1008	-573	2600	666	-763	1591
-582	-708	2404	859	-1679	1731
-71	-635	2127	907	-2145	1849
-159	-1438	2108	757	-1423	1104
-708	-1980	2238	460	-297	-91
-1437	-830	2862	52	148	-1095
-2495	483	3313	-483	-251	-645
-3039	825	3132	-661	454	135
-2913	276	5408	-637	756	-32
-4654	584	6919	-277	161	-594
-5233	-1061	9811	-90	112	45
-1179	-1225	7883	731	-2354	-2672
-560	2170	4616	1044	-1276	-2468
-304	2554	4365	606	142	-1059
-1162	1709	4315	215	638	172
-1643	643	3335	-18	702	386
-973	203	3367	-100	1553	-230
-1118	63	3911	102	1684	-449
-1090	178	3875	353	1049	-439
-971	627	3404	345	616	-302
-965	421	2856	259	317	50
-777	-15	2404	178	273	72
-509	-224	2481	5	673	-276
-669	4	3072	-154	778	-668
-771	616	3635	-348	147	-898
-1286	941	3634	-531	-1111	-988
-968	1104	2968	-765	-1917	-992
-381	993	2390	-712	-1636	-646
11	597	2182	-413	-733	-103
-586	685	2634	-216	56	250
-1241	975	3234	-145	255	795
-1916	749	3657	-197	-30	858
-2595	-1243	3347	-8	138	314
-3388	-1210	4254	231	495	-685
-3630	-370	5556	393	-287	159
-2497	-150	5223	491	-598	1485
-2434	-523	7435	481	22	851
-2435	306	7850	251	-1302	1161
-1005	179	5488	-273	-2034	1297
-961	-446	4247	-622	-1306	797
-1087	-829	3740	-820	-610	90
-1571	285	3566	33	210	-242
-1622	328	3820	-3	334	-191
-1654	364	4006	-13	288	-52
-1724	256	4036	-31	109	96
-1652	45	3919	-39	-63	78
-1654	-61	3766	-32	-121	0
-1722	-124	3604	-5	-87	-99
-1691	25	3512	30	6	-136
-1722	257	3477	44	80	-89
-1731	418	3441	41	95	25
-1720	383	3577	-400	773	691
-1720	383	3577	-400	773	691
-1720	383	3577	-400	773	691
-1720	383	3577	-400	773	691
-1720	383	3577	-400	773	691
-2029	14	4072	-448	632	611
-2106	-131	4239	-350	341	480
-1938	27	4061	-179	110	497
-1805	269	3758	-95	-1	521
-1750	509	3506	-58	132	630
-1585	549	3465	-36	306	762
-1570	450	3572	-18	431	811
-1648	313	3691	-11	381	809
-1676	238	3712	-31	278	779
-1572	255	3692	-55	182	754
-1501	196	3645	-70	192	734
-1401	245	3734	-115	276	683
-1432	341	3952	-184	232	678
-1497	297	4002	-253	7	647
-1381	253	3760	-302	-203	561
-1273	125	3583	-334	-215	457
-1240	-69	3580	-325	-201	281
-1121	-159	3562	-298	-242	74
-1021	-174	3512	-273	-344	-115
-967	-111	3386	-257	-554	-337
-798	53	3115	-198	-755	-420
-717	202	2707	-151	-935	-423
-487	429	2289	-172	-1022	-389
-229	592	2127	-383	-851	-270
-167	759	2530	-746	-336	-120
-716	883	3356	-940	-348	224
-972	751	3645	-955	-799	550
-974	345	3564	-819	-1167	478
-831	165	3368	-566	-1335	222
-723	221	3176	-283	-1193	105
-1237	135	3342	-60	-925	-82
-2695	-287	3096	224	-524	-137
-3613	-961	3907	583	235	-989
-3516	-718	4832	878	-125	-903
-3267	-738	4909	719	-343	-336
-3657	-480	7837	857	545	-757
-2226	2399	9617	800	-739	1100
-1887	1223	6523	20	-1905	1349
-1704	470	4742	-531	-1195	496
-1438	-679	4163	-1211	-470	77
-1093	-1359	3256	-1430	-225	-239
-896	-1175	2270	-1291	386	-627
-877	-741	1873	-951	1161	-634
-939	-460	1853	-639	1564	-572
-920	-235	1743	-437	1770	-291
-751	64	2080	-317	2206	168
-685	323	2941	-255	2264	541
-941	624	3565	-337	1458	988
-1017	338	3816	-233	-89	1150
-1052	245	3678	75	-1674	1371
-708	-228	2776	381	-2396	1815
-233	-645	1894	403	-2114	1836
134	-493	1542	353	-1527	1699
109	-602	1654	361	-795	1604
-376	-780	2398	406	224	1507
-1505	-1031	3411	488	316	1374
-2348	-181	3690	-19	145	776
-3518	1249	3566	-574	466	1778
-3681	-260	4523	-833	697	1368
-3430	-1188	6101	-560	652	-36
-3019	-1317	8450	-158	-346	-832
-3086	-228	8677	-97	-2187	-1185
-2619	565	6566	-38	-2303	-914
-406	1600	3989	508	-1107	-1048
-921	2763	3970	279	1255	-433
-1673	1987	4788	82	1599	451
-1869	593	4215	43	720	953
-1542	-421	3066	124	402	637
-1240	-901	2470	213	604	40
-1092	-1008	2130	383	730	-579
-1130	-511	2001	447	996	-1199
-993	-208	2062	405	1060	-1403
-557	-116	2392	346	1164	-1495
-641	-209	2753	371	1058	-1665
-846	122	2974	329	226	-1849
-805	602	2900	76	-1161	-1945
-939	1029	2455	-402	-2206	-1923
-368	1349	1823	-480	-1909	-1345
-71	1055	2055	-705	-932	-848
-97	1247	2697	-540	-97	-371
-1181	898	3491	-129	193	491
-2694	446	3982	54	-686	645
-4082	-1128	3538	212	-136	654
-2938	-576	5192	422	297	309
-3047	-198	5925	229	-343	894
-3252	-1018	7532	17	-460	230
-2258	825	9454	454	-569	768
-1302	429	6968	-22	-2037	1082
-1323	-353	5358	-373	-1264	325
-1348	-352	4780	-646	-521	-206
-1023	-501	3947	-943	-161	-117
-589	-621	3035	-947	642	-103
-666	-450	2844	-734	1613	-44
-866	-319	2870	-687	1899	164
-1058	-141	2647	-699	1555	262
-1025	130	2247	-733	1005	556
-738	334	1998	-640	1014	1034
-460	506	2375	-437	1337	1512
-483	293	2849	-278	920	1833
-651	-128	2996	1	-421	2110
-591	-697	2655	313	-1762	2169
-545	-747	2225	605	-2427	2181
-213	-1117	1665	796	-1888	2147
-34	-1483	2172	792	-691	1807
-632	-1423	3208	460	340	-11
-1509	-28	4020	194	211	12
-2885	463	4032	-80	-817	569
-3404	957	2330	-246	-666	1137
-2390	-193	3237	-390	811	1101
-3425	-540	4916	-117	1362	-336
-3457	-798	7504	255	998	-1255
-3803	-450	9844	215	-94	-979
-2479	367	8350	340	-1989	-1503
-618	1712	4779	698	-1657	-1023
-1344	2123	4331	490	97	-295
-1603	215	3655	-51	-164	192
-1603	215	3655	-51	-164	192
-1605	152	3691	-61	-142	171
-1597	142	3722	-72	-151	136
-1612	149	3692	-73	-171	147
-1533	127	3601	-74	-138	155
-1497	124	3650	-74	-87	92
-1512	142	3741	-63	-83	57
-1544	173	3807	-56	-131	27
-1561	205	3759	-53	-196	30
-1588	197	3720	-50	-219	46
-1550	135	3684	-43	-180	47
-1495	88	3686	-41	-110	3
-1534	164	3758	-60	-114	-20
-1561	297	3652	-78	-167	33
-1505	369	3519	-70	-84	89
-1553	340	3571	-60	58	129
-1649	311	3701	-81	130	176
-1621	312	3769	-96	141	283
-1551	296	3754	-99	138	357
-1490	312	3689	-117	157	373
-1476	248	3667	-121	215	377
-1371	114	3758	-78	311	312
-1359	-78	3908	-8	325	183
-1369	-43	4003	84	264	37
-1391	171	4002	165	220	23
-1399	386	3894	207	108	67
-1317	512	3684	211	114	134
-1231	534	3612	196	185	200
-1203	478	3584	155	243	285
-1139	403	3615	116	292	329
-1141	262	3700	62	274	290
-1112	141	3816	-3	195	154
-1089	41	3951	-71	84	-12
-1137	19	3972	-133	-143	-195
-1057	-31	3656	-151	-381	-349
-936	-105	3284	-134	-502	-582
-860	-95	2851	-54	-547	-808
-710	-19	2368	97	-501	-949
-567	20	1834	238	-372	-1002
-377	179	1405	257	-208	-1039
73	525	1298	44	168	-1007
-5	940	1943	-286	862	-704
-664	1141	3355	-626	897	-244
-1495	837	4303	-780	91	-50
-1393	640	4486	-719	-930	99
-1298	201	3770	-358	-1765	129
-1582	-288	3096	79	-1919	-164
-2760	-905	2239	400	-715	-781
-3112	-294	3904	827	853	-600
-3023	-123	5942	969	233	173
-3664	-1548	7429	823	-596	-91
-2622	1436	9912	1136	873	870
-2307	978	8233	190	-1803	1006
-2147	343	5211	-439	-2163	412
-1497	-88	4365	-795	-1200	-564
-956	-496	3741	-1105	-651	-732
-571	-638	3028	-1068	181	-717
-657	-480	2807	-904	1189	-713
-959	-277	3095	-777	1528	-660
-1136	-157	3106	-841	1246	-459
-955	105	2920	-697	750	-67
-686	483	2880	-647	595	437
-593	649	3156	-491	406	1005
-693	317	3593	-19	-270	1321
-867	-121	3605	252	-1330	1124
71	-692	1646	188	-649	857
71	-692	1646	188	-649	857
71	-692	1646	188	-649	857
-104	-511	2269	153	506	731
-638	-681	3326	258	906	462
-1107	-1085	4579	342	399	-4
-1274	-917	4643	421	-673	2
-1020	-824	3774	254	-1300	-36
-886	-557	2773	125	-1237	-176
-1008	92	2717	-67	-612	-171
-1983	848	3054	-247	252	613
-3193	467	4271	-225	963	1070
-3266	-177	5302	-125	135	734
-2704	-556	5445	-60	-329	35
-1577	-764	6206	239	-529	-249
-1722	684	6697	394	-1007	-757
-1892	911	6603	199	-546	-794
-1180	698	5496	280	-736	-907
-1122	1001	3953	464	-416	-661
-685	1561	3384	481	335	-85
-918	1323	3275	364	688	623
-1146	648	2816	267	588	941
-983	102	2233	163	876	705
-1009	-78	2550	61	1604	327
-1215	-149	3230	75	1665	-37
-1328	-191	3735	143	1182	-488
-1225	-100	3802	209	387	-803
-898	-19	3562	128	-297	-910
-753	434	3430	-153	-896	-921
-734	927	2985	-488	-1392	-714
-304	931	2588	-561	-1198	-409
-247	1015	2337	-560	-692	-281
-313	954	2491	-354	81	147
-723	650	3197	-253	524	514
-1004	532	3841	-248	449	675
-1281	338	4046	-245	1	810
-1138	-5	3954	-218	-407	733
-1663	-746	3652	-175	-475	245
-2205	-1205	3482	-76	-120	-832
-2950	-830	4085	297	424	-663
-2562	-492	4860	653	395	-254
-1846	-584	5130	632	310	-417
-2095	-897	5969	447	221	-1038
-2786	-131	7237	598	203	-1113
-2242	1207	7041	445	-456	-127
-1234	1081	4794	-173	-580	95
-1130	531	4044	-548	158	-81
-1286	-129	3619	-800	72	-325
-1042	-640	2797	-857	-229	-428
-645	-849	2074	-687	114	-521
-498	-637	1971	-351	946	-570
-741	-226	2465	-96	1544	-486
-981	96	3135	74	1634	-169
-1091	508	3769	112	1171	317
-854	818	3909	57	288	925
-597	615	3560	85	-507	1351
-652	-979	2717	282	-777	917
-652	-979	2717	282	-777	917
-652	-979	2717	282	-777	917
-652	-979	2717	282	-777	917
-547	-984	2684	197	-368	681
-750	-991	2916	41	-1	247
-944	-645	3345	1	76	-15
-1298	39	3717	0	-125	186
-1597	-165	3834	52	-4	-16
-1597	-165	3834	52	-4	-16
-1597	-165	3834	52	-4	-16
-1723	-253	4024	-54	-28	-172
-1536	-239	3880	-99	-213	-287
-1305	-100	3637	-84	-274	-251
-1237	54	3465	-66	-170	-88
-1284	110	3533	-35	-4	122
-1327	58	3645	-34	100	274
-1416	13	3909	-42	100	333
-1473	-97	3990	-69	-52	382
-1422	-183	3837	-81	-182	345
-1385	-289	3717	-40	-138	251
-1462	-417	3715	7	-115	77
-1436	-500	3646	94	-109	-138
-1400	-493	3563	174	-67	-284
-1350	-395	3565	210	28	-361
-1393	-148	3633	156	166	-323
-1446	58	3863	66	309	-194
-1466	153	4000	-8	324	-23
-1385	49	4000	-50	296	89
-1363	-65	3954	-62	244	78
-1316	-187	3851	-82	175	-9
-1286	-281	3730	-134	209	-128
-1216	-271	3590	-177	269	-245
-1179	-133	3571	-219	395	-223
-1188	-23	3716	-240	522	-129
-1178	32	3868	-228	517	-23
-1193	-14	3992	-206	403	55
-1166	-60	3962	-184	251	66
-1047	-67	3870	-150	102	78
-915	16	3656	-144	27	141
-863	107	3490	-152	71	250
-812	169	3373	-163	109	400
-755	392	3172	-191	78	634
-498	393	2900	-239	115	971
-506	337	2697	-288	159	1162
-577	199	2588	-283	72	1422
-538	-143	2646	-184	-214	1618
-358	-587	2881	-4	-397	1455
-446	-878	3306	259	-418	1192
-791	-976	3930	400	-633	827
-1015	-995	4021	434	-1160	794
-1019	-835	3442	221	-1380	553
-1059	-426	2920	47	-1055	465
-1851	-320	2856	-170	-613	361
-2681	-56	5006	93	230	-177
-2681	-56	5006	93	230	-177
-2681	-56	5006	93	230	-177
-2681	-56	5006	93	230	-177
-3051	107	7108	132	-131	-160
-3279	163	8166	-255	121	-1183
-1848	-192	6841	-90	-780	-1425
-1941	1132	4795	597	-452	-1062
-1502	1755	4102	898	123	362
-1367	1225	3397	830	395	937
-1203	610	2697	664	984	953
-1104	195	2600	580	1566	704
-1180	22	2612	627	1945	394
-1450	-78	2936	543	1968	-43
-1574	-237	3195	406	1364	-519
-1398	-196	3053	268	625	-899
-1131	-138	2918	200	301	-997
-819	-144	3024	97	193	-1114
-654	-17	3134	23	-18	-1217
-617	315	3114	-50	-541	-1088
-870	603	2936	-128	-1348	-883
-779	755	2407	-354	-1576	-768
-416	701	2124	-694	-1311	-782
59	474	2164	-749	-858	-914
-77	742	2856	-571	2	-839
-1121	746	3989	-395	72	-184
-1883	129	4572	-142	-441	188
-2806	-141	4528	59	-1333	-18
-3232	-1819	3282	250	-1106	-713
-3214	-1202	3700	489	-116	-1855
-2987	-42	4959	589	-256	-816
-2820	60	5819	505	-566	166
-2662	248	7227	514	-298	-188
-2144	641	7871	373	-844	344
-1477	465	5779	-79	-1358	354
-1629	-78	4529	-359	-709	25
-1491	-469	3847	-640	-182	-385
-1248	-516	3274	-618	354	-595
-1225	-433	3084	-529	917	-618
-1240	-352	3212	-517	1147	-627
-1320	-202	3348	-551	833	-487
-1150	-11	3030	-557	261	-181
-939	134	2530	-500	79	342
-781	321	2396	-465	270	715
-669	572	2669	-332	372	1119
-509	397	2932	-10	241	1552
-502	-161	3088	230	42	1490
-411	-554	3212	378	-155	1090
-691	-421	3166	344	-538	915
-824	-425	2723	104	-938	950
-517	-91	2343	-140	-1030	642
-10	9	2277	-86	-439	741
-66	23	2862	97	386	640
-1009	31	3895	184	456	766
-2194	-96	4318	108	-343	1036
-2906	6	3954	-101	-1051	1023
-2778	-265	3498	-105	-155	1622
-2626	-1258	4221	-13	154	987
-2443	-1160	4975	109	541	-453
-2061	-800	6803	208	491	-780
-2647	529	7171	233	-701	-1104
-2137	1395	6404	128	-999	-500
-1815	1455	5145	248	-380	117
-1660	1083	4685	286	508	618
-1582	638	4529	235	747	789
-1797	417	4336	232	609	841
-1682	112	3929	310	423	981
-1447	-150	3403	374	347	807
-1204	-217	2869	361	412	430
-964	-86	2538	233	620	-7
-899	115	2363	134	801	-296
-901	153	2250	130	775	-342
-830	43	2229	119	706	-434
-536	-102	2264	66	547	-562
-362	125	2370	-27	535	-588
-566	484	2728	-188	322	-430
-999	653	3028	-388	-553	-302
-867	556	2852	-655	-1229	-463
-246	117	2715	-635	-861	-760
-373	358	3146	-524	-437	-918
-623	744	3584	-252	-317	-323
-1103	489	3990	8	-457	105
-2241	528	4017	90	-959	-85
-2977	-676	3334	244	-420	-233
-1541	158	3780	-346	275	905
-1541	158	3780	-346	275	905
-1541	158	3780	-346	275	905
-1474	119	3803	-404	199	720
-1424	138	3941	-462	85	591
-1382	112	4034	-501	-85	462
-1357	159	4160	-539	-333	361
-1397	203	4023	-540	-595	284
-1147	135	3859	-512	-741	165
-920	-64	3659	-414	-768	26
-1280	-210	3475	-257	-789	-308
-2048	162	3318	-56	-751	-278
-2079	13	3113	359	-460	133
-1932	182	3274	652	-277	39
-2161	387	3508	540	-141	6
-2108	257	4076	87	43	-196
-1800	140	4363	-159	-253	-310
-1597	300	4140	-214	-548	-210
-1420	167	4048	-261	-652	-66
-1288	187	3862	-340	-594	45
-1263	17	3778	-413	-360	194
-1271	-262	3765	-430	-95	103
-1322	-427	3756	-455	11	-143
-1375	-484	3749	-428	-25	-392
-1251	-348	3609	-354	-106	-544
-1153	-127	3520	-238	-48	-494
-1035	55	3499	-38	257	31
-1035	55	3499	-38	257	31
-1035	55	3499	-38	257	31
-1023	43	3820	-16	221	102
-1013	169	4053	16	-2	311
-956	217	4030	52	-216	490
-945	199	3913	37	-471	598
-820	171	3389	-68	-654	702
-612	104	2883	-190	-490	764
-550	61	2582	-221	-226	826
-381	-187	2494	-178	115	816
-455	-268	2720	-114	421	684
-665	-104	3027	-88	452	674
-782	26	3281	-24	137	819
-841	-33	3296	135	-292	958
-564	-296	3215	318	-430	953
-534	-536	3105	329	-366	747
-767	-310	3143	230	-221	577
-749	-118	3269	128	-186	607
-1105	21	3425	-27	-423	649
-2217	27	3275	-87	-788	652
-3038	698	2769	-168	169	1214
-3219	-393	4242	-263	671	1342
-3306	-821	5100	-283	260	-114
-2873	-821	6650	-182	535	-983
-3028	-131	8078	95	43	-1499
-2344	212	7595	543	-1018	-1464
-1380	871	5653	937	-1739	-1076
-970	2122	3959	843	-1202	-24
-823	1937	3201	454	-141	843
-1003	941	2867	168	753	1156
-1109	286	3106	98	1658	990
-1278	-133	3812	171	1885	640
-1489	-149	4179	230	1379	156
-1445	-158	3995	273	551	-179
-1215	-184	3449	246	-45	-485
-882	-363	2779	214	-337	-760
-348	-474	2460	55	-163	-1169
-385	227	2870	-198	-2	-1317
-774	937	3238	-447	-442	-951
-988	1257	3017	-688	-1071	-557
-707	1144	2510	-829	-1086	-249
-308	725	2339	-732	-431	-135
-296	318	2767	-610	226	11
-868	98	3454	-469	494	94
-1229	112	3895	-431	12	252
-1139	-59	3536	-384	-610	175
-695	-171	3141	-302	-613	-95
-639	-336	3120	-159	-333	-516
-1152	-410	3617	-25	-31	-968
-2129	-713	4214	103	75	-1335
-3183	-385	5067	435	410	-1682
-3242	294	5818	840	-266	-936
-2852	542	5357	957	-998	331
-1855	-165	5903	538	-176	101
-1855	-165	5903	538	-176	101
-1399	199	5803	75	-218	23
-1115	265	5029	-214	-119	-389
-1481	46	4806	-362	55	-720
-1507	-167	4142	-385	98	-676
-1177	-189	3585	-377	479	-531
-1039	-147	3343	-447	776	-446
-1049	-161	3197	-509	797	-414
-998	26	2928	-539	583	-327
-747	215	2596	-518	533	-74
-630	330	2615	-375	770	204
-607	483	3063	-144	847	596
-592	450	3510	6	472	977
-618	266	3522	73	-135	1139
-517	93	3306	77	-877	1030
-348	-191	2850	106	-1434	1149
-90	-663	2421	208	-1535	1001
124	-854	2555	305	-958	624
33	-757	2945	565	-145	483
-618	-655	3572	634	423	116
-1185	-447	4150	425	172	-79
-1127	-297	3990	159	-552	-249
-1214	-195	3381	-61	-833	-345
-1603	-256	3464	-226	-483	-342
-2046	89	4101	-178	463	130
-2771	-398	5347	40	221	414
-2796	230	4741	63	-267	25
-2614	587	4868	-3	-246	102
-2695	795	6541	-155	212	419
-2468	31	8628	-533	188	-752
-1074	-102	5556	-55	-1487	-895
-922	720	4518	400	-908	-313
-883	933	3976	526	-751	560
-774	731	2962	427	-184	901
-741	353	2599	240	792	760
-790	171	2860	117	1581	504
-1125	180	3350	133	1808	174
-1384	251	3558	215	1400	107
-1341	20	3411	235	847	61
-921	-213	3082	88	470	-192
-519	-395	2790	-187	378	-489
-322	-400	2954	-414	586	-763
-567	3	3446	-501	541	-822
-1070	383	3470	-502	-111	-733
-1119	504	2921	-450	-953	-709
-502	462	2091	-478	-1409	-654
226	576	1690	-377	-513	-684
30	770	2550	-379	892	-356
-1040	890	4178	-360	1112	114
-1617	-137	3607	63	73	33
-1617	-137	3607	63	73	33
-1617	-137	3607	63	73	33
-1668	-170	3728	90	143	14
-1716	-191	3839	122	98	11
-1704	-160	3780	130	-26	-6
-1668	-127	3635	122	-80	-21
-1635	-61	3491	86	-39	-37
-1613	-47	3500	65	46	-35
-1654	-78	3674	84	130	-23
-1689	-95	3844	111	111	10
-1700	-66	3805	123	-30	22
-1687	12	3584	96	-125	51
-1630	98	3381	16	-69	109
-1632	151	3333	-62	35	138
-1680	194	3410	-135	148	210
-1666	157	3519	-205	165	288
-1722	88	3557	-275	107	295
-1834	47	3521	-345	63	302
-1886	74	3492	-361	146	344
-1803	203	3595	-299	305	496
-1682	191	3852	-183	420	593
-1701	118	4079	-53	368	632
-1663	37	4148	84	243	609
-1575	22	4108	183	57	549
-1470	122	3904	225	-17	532
-1405	114	3830	227	53	505
-1474	277	3853	193	207	491
-1516	297	3918	114	268	471
-1467	300	3873	62	206	459
-1395	224	3680	23	80	456
-1290	128	3364	-18	30	444
-1203	61	3111	-26	196	372
-1152	-58	3156	-13	410	207
-1154	-131	3399	10	511	-14
-1155	-133	3681	26	340	-193
-1126	-58	3571	41	-69	-389
-1080	47	3047	30	-454	-567
-768	83	2428	-33	-644	-699
-409	146	1917	-136	-702	-802
12	302	1604	-334	-461	-803
-20	480	1850	-582	138	-581
-529	433	2828	-737	576	-307
-971	421	3769	-824	152	-167
-1236	108	4135	-733	-755	-92
-1066	43	3711	-507	-1653	-190
-952	41	3149	-261	-1663	-354
-2053	349	3311	-7	-1188	-428
-3618	-450	3191	349	229	-360
-3381	-203	5292	655	642	-221
-3803	-730	5639	797	-571	180
-3848	-1259	6082	949	-421	152
-2226	896	8087	840	-31	1060
-2181	553	7067	186	-1322	743
-2191	436	5124	-305	-1693	38
-1601	202	3968	-665	-923	-323
-1290	-350	3433	-927	-8	-161
-995	-582	3152	-950	1007	-298
-1193	-660	3326	-916	1644	-377
-1436	-683	3410	-839	1523	-440
-1405	-472	3132	-710	992	-400
-1098	-240	2565	-540	587	-150
-934	-35	2237	-398	605	162
-730	310	2290	-287	703	481
-498	550	2806	-81	759	908
-628	407	3401	139	209	1358
-900	1	3350	215	-810	1513
-868	-331	2691	151	-1662	1441
-458	-532	2182	10	-1902	1297
-41	-680	2086	47	-1856	1418
-122	-1441	2159	146	-1198	1285
-403	-1507	2410	408	-156	471
-1537	-562	3524	407	485	491
-3220	-61	3794	114	-266	578
-4442	1225	3095	-292	-18	956
-3448	-112	4214	-453	519	1355
-3026	-464	4711	52	202	-122
-2361	-278	6195	315	641	-807
-2411	-112	8305	296	-365	-592
-3079	657	7789	170	-2238	-616
-1696	785	5104	237	-1525	-117
-1104	1231	4621	301	36	227
-1383	1400	4445	188	630	306
-1552	1073	4225	216	709	699
-1536	388	3642	266	514	947
-1333	-227	2982	224	558	656
-1020	-666	2535	158	782	145
-924	-778	2402	183	929	-493
-692	-574	2296	217	697	-1112
-457	-330	2167	206	527	-1540
-584	-26	2414	134	505	-1712
-966	417	2982	-55	138	-1614
-1091	939	3185	-367	-1182	-1410
-755	1125	2428	-576	-1973	-1135
-92	1266	1791	-472	-1528	-811
-46	1461	1952	-349	-375	-112
-844	1149	2920	-272	193	819
-1438	380	3572	-158	-185	1095
-2942	-440	3661	46	-951	746
-3224	-1764	3005	244	68	-263
-2748	-1329	5527	454	611	-521
-3182	-70	6015	489	-630	74
-3466	-177	7096	644	-736	338
-2289	1565	8370	553	-165	1183
-1490	355	6567	-260	-1405	1384
-1234	-440	4977	-642	-828	541
-1568	-770	4844	-815	-454	-118
-1359	-739	3816	-829	-543	-143
-794	-471	2888	-673	210	29
-715	-185	2740	-536	1272	214
-948	-104	3047	-531	1635	265
-1235	-132	3261	-480	1433	391
-1223	-279	3132	-479	718	488
-910	-288	2700	-509	249	446
-627	119	2531	-412	277	564
-406	432	2732	-180	358	897
-367	229	3105	134	135	1230
-622	-286	3395	352	-637	1300
-792	-608	2978	406	-1608	1232
-588	-711	2206	159	-1997	1152
-163	-863	1802	-11	-1428	839
-34	-1006	2059	41	-381	299
-480	-1183	3025	247	298	-212
-1261	-480	3766	380	106	-221
-2589	162	3935	262	-245	338
-3782	-26	4162	48	403	708
-2804	-612	4943	35	232	6
-2482	110	4610	333	-145	-768
-1674	635	5399	469	248	-233
-2013	594	6841	511	-72	-328
-1310	287	3833	-5	44	-192
-1310	287	3833	-5	44	-192
-1310	287	3833	-5	44	-192
-1286	226	3772	11	43	-129
-1299	118	3727	20	76	-86
-1292	37	3904	-5	55	-136
-1293	26	3927	-17	-56	-136
-1267	-18	3807	5	-178	-200
-1317	-55	3570	58	-193	-267
-1406	-136	3362	131	-69	-324
-1501	-169	3283	200	155	-332
-1493	-203	3434	232	496	-330
-1352	-75	3745	197	703	-401
-1315	271	4048	153	663	-365
-1452	556	4430	10	421	-135
-1327	567	4527	-114	113	234
-1210	248	4465	-325	-96	407
-1151	-66	4211	-483	-221	397
-1062	-342	3951	-590	-199	304
-1009	-517	3757	-599	-85	134
-988	-513	3632	-503	37	-17
-974	-369	3549	-359	136	-154
-1039	-185	3639	-247	320	-197
-1081	-70	3757	-147	361	-117
-1133	-48	3857	-133	325	-72
-1175	-29	3925	-131	229	-11
-1122	28	3947	-143	69	89
-1031	61	3877	-162	-125	225
-914	59	3713	-173	-242	348
-868	-3	3695	-140	-211	468
-900	-163	3683	-107	-178	501
-938	-157	3716	-104	-266	481
-927	-202	3554	-114	-373	508
-803	-279	3264	-146	-400	425
-825	-244	2946	-177	-345	444
-734	-334	2771	-173	-145	493
-637	-392	2720	-118	62	459
-651	-422	2781	-22	208	457
-653	-468	2898	60	183	411
-559	-529	3135	172	42	347
-611	-480	3127	305	-91	316
-724	-309	3209	333	-174	284
-710	-62	3227	275	-293	267
-616	6	3321	248	-304	446
-810	-25	3519	169	-396	623
-1426	-180	3755	10	-877	831
-2835	-21	3163	-106	-1130	1026
-2779	-541	3367	-143	233	1064
-2303	-844	4733	-158	470	133
-2072	-1191	5424	27	126	-1201
-2125	580	7096	253	-762	-1226
-2305	454	7042	22	333	-1207
-1651	826	8279	33	-66	-1436
-1636	1613	6049	395	-1033	-419
-1283	1316	4510	406	-640	593
-1232	662	3633	360	-145	1060
-1002	200	3163	278	674	1113
-888	-51	3168	319	1442	962
-1137	-57	3456	478	1764	637
-1366	-22	3415	614	1431	443
-1448	-26	3492	533	1111	26
-1254	72	3302	449	528	-353
-995	66	2825	436	246	-471
-887	77	2595	258	338	-678
-875	263	2807	26	523	-803
-889	419	3113	-128	359	-799
-753	569	3168	-169	10	-678
-672	622	2991	-158	-381	-438
-614	541	2555	-270	-618	-380
-273	434	2249	-443	-507	-390
91	570	2316	-626	-329	-403
-35	869	2731	-649	-126	-1
-489	572	3354	-665	-293	468
-752	290	3671	-674	-467	506
-738	-143	3644	-533	-476	389
-853	-744	3735	-255	-656	-19
-1826	-612	3789	-36	-1034	-461
-3263	-1005	3253	386	-669	-397
-3143	-914	5000	447	726	-1584
-2793	475	6549	517	-314	-612
-2699	159	6183	399	-977	-19
-2445	-793	7297	557	-1119	-727
-2201	193	7256	574	-727	-274
-888	239	5077	110	-684	-205
-1411	-90	4490	-119	413	-634
-1653	-365	4541	-428	600	-1049
-1398	-546	3948	-527	312	-1029
-1191	-465	3036	-434	482	-901
-1043	-250	2488	-337	928	-756
-921	-17	2376	-277	1171	-624
-854	211	2326	-180	1112	-299
-999	383	2606	-154	1191	312
-884	491	2970	-115	816	732
-603	432	3207	53	405	1004
-641	104	3513	210	-134	1057
-973	-152	3417	336	-1090	1022
-776	-325	2525	281	-1793	1208
-183	-414	1771	104	-1705	1431
326	-617	1686	37	-1141	1455
171	-985	2182	132	-311	1200
-759	-1360	3000	159	3	414
-1060	-775	3363	99	-124	-48
-1569	10	3188	50	-377	399
-2620	1050	2902	-84	-894	1067
-3259	878	2547	-385	636	1411
-2725	-152	5360	-357	1099	742
-2686	-1522	6669	-222	130	-562
-2444	-1312	9167	-269	-720	-807
-3119	-732	9927	-269	-1195	-1260
-511	777	7572	31	-1951	-2077
-1019	2243	5052	676	-1439	-1351
-985	2456	4216	654	-359	129
-830	1253	3534	585	46	1297
-723	9	2832	506	712	1457
-604	-886	2574	517	1564	753
-824	-919	2971	607	2065	-158
-1037	-87	3235	579	1802	-692
-1288	398	3035	450	1053	-854
-1077	480	2484	473	251	-908
-549	270	1944	431	132	-866
-302	194	2151	115	519	-1176
-516	566	2826	-277	364	-1385
-808	880	3168	-585	-440	-1364
-693	869	2810	-827	-1079	-1250
-181	881	2587	-716	-862	-951
-11	841	3009	-503	-312	-160
-708	633	3794	-337	-136	529
-1081	411	4114	-312	-500	859
-1127	-30	3945	-264	-860	784
-1288	-143	3697	-162	-885	485
-1473	292	4137	-112	-320	106
-1406	322	3953	-90	-449	197
-1322	328	3805	-74	-448	242
-1335	345	3724	-89	-398	281
-1386	357	3586	-97	-331	335
-1443	394	3530	-80	-156	407
-1487	311	3645	-44	47	488
-1463	210	3871	-24	113	493
-1571	173	4043	-23	-16	468
-1427	-45	4020	-35	-156	346
-1401	2	4017	-30	-179	218
-1413	21	3992	-23	-311	166
-1397	61	3802	9	-342	66
-1313	137	3557	56	-243	20
-1350	285	3436	83	-79	70
-1390	403	3370	102	89	176
-1376	483	3389	100	258	305
-1342	433	3574	61	415	400
-1356	343	3828	6	424	410
-1396	267	4047	-5	320	404
-1376	134	4043	-47	171	302
-1377	-5	4051	4	148	218
-1271	19	3927	52	132	72
-1230	155	3764	124	203	52
-1218	249	3698	169	305	44
-1238	422	3739	178	415	109
-1246	486	3762	165	407	230
-1255	449	3760	133	373	268
-1184	347	3726	110	367	266
-1150	281	3698	89	320	228
-1041	272	3693	37	260	218
-965	306	3761	-42	261	205
-948	379	3848	-113	178	210
-964	415	3734	-116	-13	254
-852	404	3507	-66	-134	233
-868	304	3073	-50	-297	156
-788	108	2550	-109	-415	42
-450	138	2092	-347	-361	-203
-141	267	1839	-546	-99	-267
-209	216	2042	-654	305	-128
-406	437	2719	-829	445	-165
-864	518	3488	-900	373	74
-1163	127	3991	-837	-108	150
-1021	38	3936	-612	-732	118
-833	-195	3566	-262	-1110	115
-659	-406	3257	28	-1095	-181
-1690	81	3519	146	-1297	-352
-2902	-580	2723	323	-1261	-551
-2555	-710	3251	410	163	-1728
-3445	-468	5133	648	-88	-1169
-4122	-952	7217	1276	-432	-220
-1931	1484	10196	1153	1117	858
-1361	989	8387	-107	-1463	1151
-1819	498	6109	-797	-2468	493
-1231	27	3654	-1372	-2122	-756
-568	-548	2469	-1639	-874	-850
-79	-1066	1920	-1250	618	-699
-295	-923	2414	-656	2407	-748
-897	-682	3688	-380	2727	-816
-1504	-141	4360	-277	1757	-605
-1405	346	4076	-292	529	-88
-771	576	3505	-325	-163	352
-131	861	3211	-173	-359	767
-156	701	3290	-13	-839	1205
-322	105	2728	232	-1800	1440
-556	-379	1724	407	-2010	1507
-293	-739	1076	311	-1204	1374
-6	-795	1320	212	-247	1022
-191	-821	2304	323	326	771
-623	-907	3514	354	572	473
-1242	-724	4839	366	189	261
-1595	-367	4778	285	-1183	405
-2444	100	3775	18	-2063	710
-2449	600	2341	-253	-723	1258
-2859	384	3878	-220	907	1311
-2893	-69	5438	-248	699	389
-1940	-893	6596	-375	131	-595
-1848	-545	7917	-131	-960	-774
-2249	-72	7380	-158	-1042	-925
-711	165	6281	268	-476	-867
-924	939	4923	819	-52	-781
-1037	1470	4194	926	438	-252
-1071	1294	3766	811	332	446
-1001	630	2877	687	243	1068
-737	-33	2134	576	785	940
-587	-279	2071	512	1679	393
-857	-96	2665	418	2180	-105
-1274	218	3215	383	1859	-358
-1261	349	3169	370	1215	-439
-986	291	3011	243	803	-519
-622	368	2795	-3	577	-585
-342	344	2754	-269	642	-501
-287	76	2912	-481	459	-487
-307	347	3116	-763	-64	-677
-285	604	3224	-870	-580	-461
-510	290	3312	-779	-1202	-130
-384	-455	3198	-884	-1354	-796
-90	41	3343	-696	-1040	-1056
-471	597	3643	-297	-803	-157
-1371	758	3897	158	-624	354
-2630	208	3950	439	-441	381
-3091	-610	4975	253	471	-687
-3377	-183	6128	155	-189	230
-3240	-794	5838	42	-1238	572
-1036	242	4593	-263	-253	-537
-1036	242	4593	-263	-253	-537
-1036	242	4593	-263	-253	-537
-1036	242	4593	-263	-253	-537
-1313	-45	4412	-446	-154	-363
-1260	-398	3615	-544	259	-317
-1022	-287	3286	-514	957	-415
-1096	-8	3266	-485	1376	-361
-1261	13	3212	-354	1250	-146
-1229	-99	3121	-240	894	-24
-1079	-150	2889	-191	542	-13
-947	-137	2781	-174	399	-19
-737	5	2760	-118	321	16
-620	151	2820	50	290	280
-397	111	3026	208	142	632
-372	-76	3393	250	-164	814
-606	-361	3680	213	-785	732
-631	-344	3550	160	-1652	613
-367	-162	2812	185	-2439	938
89	-357	1969	128	-2243	1314
375	-764	1700	116	-1289	1273
163	-1205	1922	311	121	1051
-1242	-404	2923	239	843	810
-3156	878	3682	22	711	1525
-3443	182	5321	-246	1792	1409
-3830	-446	7182	-409	409	17
-1545	119	3695	66	167	-127
-1547	169	3771	61	194	-110
-1523	176	3869	67	180	-89
-1513	172	3901	80	86	-64
-1478	143	3860	71	-11	-48
-1464	139	3752	59	-53	-32
-1452	162	3686	50	-8	-10
-1455	183	3683	48	65	28
-1472	181	3744	39	105	52
-1499	194	3743	25	83	74
-1545	232	3679	9	39	134
-1547	222	3648	3	81	153
-1538	198	3700	7	138	147
-1578	206	3716	1	162	167
-1638	299	3610	0	154	262
-1527	295	3486	12	209	316
-1346	321	3556	21	334	312
-1336	188	3807	34	412	321
-1451	-73	4113	56	296	171
-1568	-223	4223	94	72	-90
-1503	-119	4047	149	-84	-290
-1377	154	3807	245	-170	-344
-1218	398	3543	337	-123	-297
-1090	597	3538	355	62	-155
-1155	675	3772	302	127	-12
-1201	667	3940	205	92	156
-1202	441	4012	88	13	237
-1194	269	3962	-23	-137	155
-1118	144	3821	-103	-195	109
-1091	36	3714	-157	-155	-24
-1114	-3	3614	-159	-140	-165
-1035	21	3461	-122	-151	-281
-989	64	3261	-84	-143	-395
-935	145	3042	-28	-112	-444
-933	211	2810	-21	-103	-477
-844	274	2568	-39	15	-530
-847	285	2419	-69	175	-528
-750	280	2417	-71	195	-474
-580	310	2671	-158	306	-408
-772	349	3366	-338	337	-393
-899	422	4049	-488	-58	-225
-935	349	4215	-594	-663	-152
-941	337	3813	-589	-1047	-229
-602	128	3357	-408	-1024	-156
-551	41	3496	-202	-693	-237
-765	247	3877	-61	-439	-187
-1827	260	4213	-72	-434	-29
-2562	-134	3875	-18	-508	-431
-2585	-202	3758	354	-157	-384
-2717	-556	4670	569	-164	-173
-2513	-1618	6889	677	-980	-249
-2876	-401	8414	1007	-229	439
-813	861	6552	333	-1541	-196
-1287	1032	4915	-201	-1010	-849
-1358	1179	4548	-759	-670	-926
-903	312	3654	-1200	-308	-373
-592	-407	2997	-1131	566	-298
-711	-704	2798	-973	1346	-393
-1019	-633	2853	-789	1713	-471
-1276	-396	2973	-650	1570	-351
-1351	-114	3010	-495	1174	69
-1138	49	3087	-422	848	571
-657	394	3268	-384	638	909
-278	553	3626	-309	258	1211
-438	260	3853	-31	-944	1503
-584	-239	3100	267	-2302	1626
-557	-607	1781	305	-2742	1611
-203	-773	850	70	-1917	1546
352	-1082	1024	3	-495	1403
349	-1341	1860	356	903	843
-779	-1079	3547	401	1445	130
-1745	-581	4875	448	743	179
-2630	157	4752	151	-881	502
-3469	1046	3344	-181	-1830	1101
-2992	723	3127	-597	-43	1553
-2769	-145	4631	-512	210	1026
-2464	-878	5543	-371	532	-610
-2430	-526	8891	-99	-90	-873
-2754	-473	8855	-55	-621	-1627
-883	595	6697	504	-1441	-1819
-834	1828	4628	904	-924	-652
-880	2229	3747	849	18	579
-729	1446	3184	659	467	1453
-804	356	2888	378	1038	1394
-835	-274	2891	221	1477	839
-869	-516	2980	225	1597	249
-917	-547	3173	227	1277	-310
-782	-540	3141	208	669	-860
-518	-692	2882	205	262	-1353
-387	-522	2905	125	194	-1956
-668	3	3113	-126	-328	-2190
-879	650	2746	-446	-1334	-2174
-482	1112	2069	-542	-1813	-2093
262	1395	1801	-8	-1063	-1607
179	2003	2313	-246	240	-646
-801	1450	3563	-306	652	800
-1248	704	4244	-357	-55	1017
-1878	232	4315	-229	-832	795
-2442	-494	3723	-23	-937	718
-2704	-1514	4064	127	412	-315
-3122	-521	5222	524	245	-65
-2375	109	4703	626	-315	876
-1749	-250	5891	508	-198	975
-2595	-387	8340	632	307	644
-1430	655	7430	-138	-913	385
-709	476	4849	-690	-952	360
-1148	-84	4295	-774	-123	231
-1129	-682	4142	-748	-8	22
-884	-789	3369	-575	131	-60
-815	-539	2737	-398	730	-119
-846	-180	2746	-399	1379	-116
-910	132	2896	-445	1420	50
-975	202	2835	-425	1053	470
-842	120	2633	-470	622	875
-654	206	2509	-527	451	1055
-484	307	2670	-389	466	1293
-226	-95	3021	-103	96	1438
-402	-392	3176	36	-684	1457
-575	-402	2767	-72	-1596	1630
-330	-635	2055	-459	-1641	1898
-330	-1614	2239	126	-973	1600
-426	-1515	2724	153	-148	371
-1148	-743	3352	195	122	192
-2769	181	3815	-25	-199	349
-3461	149	3931	-230	388	771
-2578	-105	5389	-37	149	-1
-2514	324	5781	72	-208	-696
-1989	423	7448	-113	-368	-510
-3016	493	8411	-220	-895	-375
-985	105	6770	-90	-1224	-673
-1588	-206	3678	-82	-4	112
-1592	-176	3625	-74	17	123
-1607	-198	3667	-51	45	141
-1645	-209	3713	-27	55	154
-1649	-203	3696	-26	45	158
-1642	-153	3698	-40	3	167
-1624	-150	3668	-37	-9	195
-1586	-136	3663	-23	20	228
-1610	-142	3703	-14	50	263
-1627	-128	3738	-38	29	272
-1616	-100	3698	-80	11	287
-1603	-105	3677	-99	10	312
-1619	-121	3665	-102	16	325
-1660	-181	3682	-74	29	345
-1722	-393	3632	-39	52	270
-1837	-530	3562	-25	50	38
-1826	-657	3411	-29	139	-196
-1681	-649	3452	-32	271	-416
-1596	-351	3633	2	395	-460
-1593	-120	3879	25	344	-418
-1618	89	3891	60	154	-266
-1645	275	3898	6	98	-23
-1512	292	3870	-90	34	231
-1437	52	3911	-182	-5	364
-1471	-229	3866	-246	9	318
-1486	-428	3841	-262	3	265
-1483	-513	3750	-260	-17	161
-1424	-475	3613	-248	2	54
-1369	-348	3524	-229	89	-25
-1329	-202	3534	-185	170	-6
-1303	-68	3568	-127	226	117
-1326	40	3630	-107	217	296
-1341	119	3701	-121	165	526
-1294	93	3821	-145	70	719
-1296	80	3888	-177	-84	876
-1131	42	3712	-231	-290	1007
-985	68	3299	-332	-417	1092
-817	102	2885	-487	-389	1183
-695	118	2556	-666	-386	1242
-503	-42	2227	-654	-331	1318
-480	-200	2269	-463	-227	1420
-214	-714	2609	-118	-329	1520
-438	-1042	3119	265	-633	1310
-721	-1098	3284	431	-982	913
-941	-629	3208	312	-1203	655
-776	-158	2919	86	-1358	619
-979	137	2670	-58	-1524	780
-2307	186	2307	-156	-2264	1149
-3323	365	925	-330	-1136	1458
-2406	117	3587	-497	1384	1489
-3202	-1157	6357	-306	559	277
-3174	-2033	8496	-313	317	-1359
-4107	-958	9802	-49	-1084	-1588
-1533	-253	7194	344	-1691	-2181
-632	1125	4570	1007	-1230	-1856
-722	2517	3744	898	-54	-951
-637	2726	3543	499	637	457
-856	1243	3201	238	1069	1868
-1004	-56	3206	205	1617	1516
-1002	-150	3065	300	1245	-74
-1002	-150	3065	300	1245	-74
-1002	-150	3065	300	1245	-74
-786	-296	2900	217	870	-243
-463	-648	3016	244	610	-527
-459	-546	3168	122	235	-1066
-844	98	3246	-278	-709	-1573
-772	959	2651	-439	-1914	-1703
-498	1178	1752	-448	-2139	-1430
59	1302	1698	-130	-994	-940
-267	1106	2448	-68	484	-33
-1283	642	3993	157	717	731
-2330	63	4832	240	-492	802
-3648	-1204	4263	367	-1083	116
-3872	-1491	4297	460	-398	-1140
-3201	-280	4901	602	-492	-499
-2549	-161	5016	459	-663	270
-1868	-223	6592	517	-247	256
-2154	246	7675	429	-240	378
-1226	469	6051	-115	-899	-74
-1423	41	4746	-498	-265	-385
-1510	-416	4253	-826	362	-696
-1277	-666	3796	-814	532	-663
-1249	-565	3401	-648	845	-584
-1121	-406	3125	-534	906	-512
-1005	-185	2830	-443	727	-455
-898	72	2417	-319	419	-201
-617	141	1943	-199	354	258
-463	180	1895	-204	785	537
-413	279	2598	-116	1153	777
-496	282	3414	40	612	1123
-343	-190	3665	296	-483	1433
-705	-834	3497	279	-1631	1365
-654	-892	2826	314	-2378	914
-451	-709	2266	191	-1983	802
-239	-1020	2327	58	-1091	628
-688	-986	2508	136	-615	22
-1398	-451	2686	87	-339	-116
-2990	974	2711	-16	-99	750
-3294	719	3428	-156	1376	1583
-3160	-278	5920	107	805	939
-2989	-1155	6297	185	-25	-744
-2417	-1078	8062	-124	62	-1383
-3111	435	8499	-111	-1349	-1547
-1347	991	6242	98	-1135	-1475
-993	1580	4721	491	-370	-963
-1257	2027	4065	473	465	-130
-1202	1377	3868	331	686	729
-1375	521	3478	223	361	1128
-1110	-219	2681	240	320	1031
-834	-666	2341	197	1120	469
-930	-643	2715	168	1516	-336
-809	-264	2811	214	1232	-933
-676	-196	2803	341	825	-1169
-487	-418	2760	432	434	-1342
-508	-363	2967	267	157	-1657
-846	-7	3219	-126	-542	-1828
-917	760	2899	-467	-1536	-1952
-339	1036	2241	-498	-1864	-1902
266	1020	1860	-118	-1127	-1718
-233	1763	2564	121	313	-971
-1133	1597	4058	101	592	1011
-2043	734	4994	97	-577	1256
-2917	-318	4458	307	-1245	1178
-2634	-1114	4980	236	-280	-68
-2625	-628	5016	441	-814	387
-3219	-727	4768	636	-973	664
-2910	-856	6523	1191	410	551
-1524	1007	8106	549	-150	819
-696	113	5705	-258	-915	624
-1052	-90	4848	-710	-644	-400
-1315	227	3987	44	89	30
-1296	156	3928	32	-7	51
-1275	7	3762	29	-47	1
-1357	-57	3689	22	-50	-56
-1391	-76	3562	25	-58	-108
-1384	-5	3493	58	25	-152
-1400	63	3596	112	151	-137
-1455	-21	3851	135	196	-160
-1563	-182	4041	75	142	-346
-1595	-298	3941	-3	88	-596
-1527	-224	3759	-85	160	-808
-1400	24	3752	-154	195	-782
-1224	238	3835	-145	161	-619
-1129	394	3946	-161	181	-466
-1054	564	4136	-159	189	-129
-1138	486	4266	-205	126	251
-1214	144	4240	-321	22	364
-1201	-104	4042	-413	-56	292
-1172	-273	3840	-433	-71	182
-1153	-325	3673	-420	7	81
-1128	-314	3579	-381	105	-5
-1110	-249	3590	-332	232	-73
-1124	-95	3706	-273	320	-58
-1177	-18	3831	-236	290	17
-1190	-16	3922	-233	207	94
-1177	-36	3828	-218	114	175
-1051	-185	3694	-175	173	174
-995	-130	3803	-135	190	139
-953	-61	3804	-103	102	204
-931	-64	3788	-74	11	236
-887	-44	3715	-67	-31	243
-827	-6	3629	-102	15	283
-742	94	3591	-164	35	375
-736	109	3412	-197	-27	499
-627	-108	3220	-171	-124	558
-623	-220	2970	-163	-204	449
-676	-228	3017	-95	-239	578
-439	-483	3076	88	-271	664
-470	-699	3361	236	-279	539
-649	-620	3641	278	-464	288
-627	-445	3685	335	-607	212
-768	-203	3472	420	-647	343
-651	-209	2927	378	-624	439
-793	-112	2575	172	-392	396
-805	-103	2516	-38	-283	403
-738	-58	2573	-189	-239	349
-1262	-32	2867	-265	-385	631
-2605	280	3003	-230	-682	1110
-3263	98	3352	-79	58	1539
-2675	-634	5133	-136	245	671
-1429	-1482	6279	-35	57	-1032
-2165	202	8820	116	-1409	-1635
-2040	645	7055	-135	-901	-1457
-853	339	7594	-73	-397	-2336
-1208	1931	5596	383	-826	-1286
-1090	1996	4366	506	-257	441
-1068	1085	3950	534	261	1151
-992	271	3543	485	808	1207
-862	-121	3413	538	1342	984
-959	-198	3298	577	1418	704
-1026	-308	3130	568	1437	180
-1232	-322	3179	602	1142	-400
-1237	-275	2884	617	529	-745
-918	-467	2367	588	157	-1017
-591	-650	2241	376	232	-1462
-528	-76	2343	28	91	-1989
-544	353	2143	-252	-343	-2263
-625	681	1704	-336	-736	-2433
-294	982	1415	-110	-653	-2330
306	1483	1978	-517	-50	-1718
63	2211	3171	-545	534	-266
-743	1394	4314	-518	234	1410
-1039	200	4932	-516	-370	1122
-1514	-6	4978	-397	-1172	641
-2927	-409	4372	-81	-1867	783
-3175	-2000	3399	177	-483	-107
-2664	-970	5161	525	686	-741
-2040	-208	5662	489	-310	57
-1806	-547	6390	211	-717	-314
-2122	125	7173	379	-350	-424
-1414	892	6490	112	-477	75
-1140	699	4922	-268	76	108
-1716	59	4880	-563	623	-6
-1575	-569	4575	-796	496	-130
-1150	-809	3866	-741	450	-278
-1034	-684	3138	-559	640	-340
-927	-458	2633	-456	876	-390
-730	-293	2456	-385	1017	-437
-754	-162	2497	-375	891	-405
-561	37	2495	-328	687	-138
-388	233	3002	-144	660	272
-426	327	3481	119	338	561
-490	186	3707	378	-167	818
-582	-87	3618	515	-1058	899
-485	-396	2816	461	-1835	928
-387	-585	2034	321	-1954	914
-29	-590	1877	145	-1217	687
162	-674	2552	295	-259	511
-412	-765	3433	378	139	276
-1070	-401	3874	335	-1	149
-1926	39	3969	177	-467	510
-2924	840	3612	-140	-571	907
-2961	219	4054	-306	682	1221
-2704	-319	5386	-249	345	383
-2506	-400	5544	-113	-155	-232
-1875	-571	6809	23	-19	-392
-2468	552	8035	-10	-973	-579
-1337	738	6193	-91	-671	-671
-998	647	5216	124	-135	-386
-1257	962	4442	296	316	4
-1086	1000	3842	345	521	498
-1118	780	3355	274	655	904
-1013	252	2924	195	712	1013
-854	-133	2638	198	934	789
-836	-233	2656	141	1318	436
-981	-191	3028	93	1327	21
-1071	-165	3238	108	935	-347
-1017	-286	3275	205	548	-598
-821	-418	3189	233	273	-875
-467	-75	3164	-5	-76	-1218
-456	504	3053	-278	-676	-1233
-598	991	2611	-475	-1275	-1113
-243	1184	2042	-495	-1183	-806
32	998	2022	-409	-373	-246
-399	924	2852	-241	474	172
-873	742	3913	-132	409	771
-1009	467	4374	-31	-249	1037
-1319	147	4408	14	-931	787
-2374	-324	3953	186	-1565	497
-2256	-1835	3542	356	-490	-505
-1321	69	3951	22	0	111
-1369	-6	3835	90	21	121
-1378	-190	3894	163	174	-23
-1438	-252	4027	209	222	-284
-1399	-187	4038	258	103	-466
-1327	-67	3821	293	25	-580
-1255	48	3615	342	98	-623
-1287	88	3580	390	258	-629
-1270	122	3567	419	333	-577
-1343	183	3681	373	380	-549
-1435	304	3753	298	327	-540
-1410	337	3741	265	267	-515
-1383	391	3736	269	262	-491
-1445	537	3745	233	263	-389
-1551	733	3747	169	234	-109
-1494	678	3693	134	208	119
-1367	510	3663	100	273	255
-1286	311	3737	36	342	345
-1250	183	3857	-10	326	383
-1284	164	3987	-70	284	344
-1279	163	4079	-97	196	330
-1182	95	3962	-69	179	290
-1114	57	3904	-13	274	271
-1213	113	3937	3	367	238
-1284	213	3944	25	382	205
-1328	290	3899	62	327	209
-1295	245	3772	81	288	234
-1250	159	3681	105	272	238
-1149	66	3600	124	326	210
-1090	39	3597	115	428	152
-1087	95	3792	67	457	0
-1066	163	3946	23	302	-70
-952	124	3913	-25	109	-171
-850	155	3798	-75	-44	-244
-804	144	3559	-149	-171	-309
-706	138	3219	-229	-194	-367
-687	58	2793	-282	-122	-518
-660	-16	2327	-261	-28	-675
-428	-167	1952	-216	111	-841
-221	-250	1781	-209	258	-1024
-103	-235	2024	-300	500	-1220
-401	206	2809	-407	440	-1296
-722	656	3556	-429	88	-940
-996	914	4099	-408	-413	-520
-1014	830	4197	-300	-1167	-285
-1435	677	3741	-110	-1966	-245
-2517	392	3089	176	-2126	-21
-3758	-629	2864	461	-432	-521
-3249	-249	5039	584	736	-191
-2096	-366	5520	687	207	814
-2326	-701	6899	394	-257	549
-3108	-429	8719	482	-399	91
-1393	1461	7543	-23	-1615	482
-762	666	4681	-391	-1461	768
-1116	-258	3824	-643	-153	310
-1209	-795	3702	-910	320	-45
-953	-979	3315	-784	429	-52
-795	-832	2795	-535	760	-136
-681	-315	2694	-442	1083	-235
-745	361	2926	-360	1214	77
-698	872	3020	-333	780	610
-343	1033	2829	-312	204	1291
-586	530	2961	-184	-468	1943
-783	0	2622	9	-1608	2255
-545	-448	1878	124	-2029	2560
-378	-971	1499	118	-1591	2777
-122	-1415	1788	34	-500	2346
-611	-2181	2970	302	352	1339
-1224	-1451	3959	454	77	-174
-1850	-141	3853	211	-637	16
-2664	870	3466	-183	-1151	471
-3024	1420	2659	-420	-334	1305
-2489	684	4098	-489	676	1187
-2233	-432	5424	-220	223	587
-1952	-1613	7078	-291	300	-478
-2518	-1217	9424	-251	-542	-776
-2077	-466	7904	109	-1241	-1200
-759	702	5233	639	-1189	-1398
-492	2209	4004	715	-161	-741
-823	2405	3778	463	414	-52
-933	1727	3165	220	389	1245
-1059	99	2609	204	710	1732
-826	-521	2420	175	1110	1207
-889	-981	2397	296	1495	619
-933	-997	2433	391	1421	-275
-802	-673	2482	298	921	-1164
-320	-364	2561	-10	492	-1725
-431	44	2713	-31	443	-1735
-786	362	2934	-169	95	-1795
-755	576	3124	-387	-639	-1948
-3223	-1580	4153	-99	403	0
-3223	-1580	4153	-99	403	0
-3223	-1580	4153	-99	403	0
-3223	-1580	4153	-99	403	0
-3223	-1580	4153	-99	403	0
-3223	-1580	4153	-99	403	0
-3485	-278	5618	-44	390	-257
-2689	-397	5978	116	-550	1164
-1702	-1273	6739	290	-1036	778
-1830	-458	6914	541	-491	163
-862	375	5658	-40	-578	-247
-1237	337	5021	-349	-156	-491
-1553	14	4904	-450	-58	-480
-1666	-268	4327	-442	-81	-492
-1229	-320	3674	-264	227	-358
-1195	-235	3408	-185	783	-190
-1293	-116	3346	-244	1041	-51
-1319	28	3255	-370	916	37
-1117	76	2858	-441	584	173
-916	62	2447	-486	372	378
-748	111	2309	-488	262	604
-460	57	2457	-255	390	847
-403	-284	2980	65	542	937
-594	-493	3541	303	218	937
-899	-381	3467	255	-654	1021
-858	-301	2766	91	-1395	1253
-502	-262	2036	-69	-1538	1311
105	-605	1759	6	-980	1226
-74	-1106	2474	39	-26	786
-434	-1377	3353	195	-91	391
-1040	-534	3524	169	-479	43
-2535	664	3391	201	-747	659
-3067	859	3546	71	662	1201
-2923	359	5938	-242	803	605
-3309	-731	6047	-264	-323	-347
-2014	-1323	6726	-279	-71	-765
-2349	-746	8010	204	-907	-1247
-1846	764	6528	576	-1435	-1260
-567	1249	5254	790	-363	-1046
-870	1679	4946	785	225	-568
-201	-531	4352	-537	-123	2148
-170	-566	4089	-435	-363	2107
-195	-686	3882	-282	-559	2137
-250	-666	3837	-190	-761	2076
-432	-640	3818	-170	-959	1841
-465	-568	3704	-170	-662	1488
-413	-527	3838	-163	170	1222
-328	-536	4125	-416	606	1100
-673	-469	4269	-488	900	823
-941	-359	4486	-365	1162	680
-1126	-161	4789	-128	1057	742
-1406	-20	4934	166	238	674
-1522	-129	4599	194	-902	924
-1029	262	4206	321	-1570	919
-589	162	3590	276	-1473	1054
-485	87	3465	89	-1017	1537
-275	53	3474	-83	-314	1826
-408	-166	3706	-199	425	1935
-563	-121	4008	-207	672	1840
-513	-92	4152	-232	646	1613
-481	39	4020	-62	667	1334
-437	131	4115	-157	699	1105
-463	-34	4153	-263	540	1008
-466	0	4041	-76	343	914
-479	-37	3896	223	7	940
-552	-133	3984	344	-414	1035
-448	-159	3845	300	-488	928
-262	-256	3717	259	-231	842
-131	-323	3609	209	196	854
-82	-317	3589	15	749	860
-111	-338	3555	-54	1046	581
72	-314	3436	-122	1069	369
57	-339	3420	-98	1159	289
39	-371	3413	-134	1263	97
-89	-372	3460	-194	1145	-153
-261	-345	3433	-93	739	-409
-480	-406	3353	97	-69	-637
-356	-223	3183	272	-768	-958
-61	-12	2972	180	-1169	-1229
206	66	2845	55	-1143	-1303
316	103	2732	66	-811	-1240
401	192	2823	265	-327	-997
312	104	2954	320	17	-765
153	307	3403	351	164	-669
-84	306	3862	272	62	-706
-2660	-384	4243	847	-438	-1536
-2660	-384	4243	847	-438	-1536
-2660	-384	4243	847	-438	-1536
-2592	-421	5132	1257	798	-2277
-2244	-546	5864	1079	634	-1336
-1713	-269	6411	1116	1475	42
-370	217	6650	482	3152	337
-1434	-46	6667	-60	2209	901
-1685	79	5984	-214	298	762
-1586	-80	5408	-629	-170	328
-1223	-642	4637	-798	-319	503
-921	-773	4133	-552	-99	665
-794	-766	3589	-449	299	331
-976	-1051	3142	-220	710	-225
-536	-338	2863	133	787	-499
-579	-332	2659	451	1114	-98
-514	-64	2539	754	1279	-57
-790	-8	2724	607	1458	64
-584	-4	2962	803	1320	76
-133	12	3362	610	1257	239
137	167	3397	414	1377	467
52	254	3250	84	1734	654
-833	-176	3596	357	879	943
-1073	-131	3747	122	-418	465
-570	-68	3171	110	-1429	988
-230	-476	2660	92	-1362	1073
-260	-755	2360	229	-754	946
-660	-734	2791	251	280	503
-1126	-476	3709	177	437	359
-2156	-37	4529	-11	-338	383
-3319	719	3526	-259	-835	958
-3073	198	3879	-297	465	1085
-3121	436	4708	-367	435	469
-2522	-371	5398	-406	291	-377
-1581	-787	6498	-255	203	-736
-2066	383	7324	-24	-846	-739
-1896	552	6166	-13	-1054	-506
-1293	714	5221	40	-111	-609
-1243	1169	4865	151	231	-385
-1140	1167	4127	292	234	175
-1031	878	3472	506	132	809
-959	222	2819	593	108	1022
-803	-336	2345	495	426	680
-637	-523	2289	377	924	81
-659	-482	2482	260	1201	-579
-675	-377	2809	177	1175	-1147
-701	-363	3305	102	837	-1620
-872	69	3479	36	109	-1898
-915	459	3313	-63	-976	-1669
-679	658	2634	-265	-1758	-1543
-382	881	2100	-470	-1469	-1418
104	997	2292	-414	-564	-917
-149	985	3184	-313	170	-397
-900	790	4170	-89	248	141
-1130	384	4538	50	-300	187
-1270	70	4293	35	-715	-113
-1897	100	4046	71	-929	-284
-2586	-115	4248	461	199	-483
-2586	-115	4248	461	199	-483
-2586	-115	4248	461	199	-483
-2361	313	4795	506	377	20
-2175	-367	7248	707	-95	-419
-2677	1042	8858	878	488	496
-1345	1079	7257	4	-1272	884
-942	699	4852	-618	-1112	865
-1303	-66	4069	-886	-776	467
-1112	-702	3103	-1044	-815	28
-605	-865	2004	-913	-340	-114
-370	-579	1523	-606	978	-159
-618	-188	2139	-359	2255	-104
-1067	51	3154	-326	2504	76
-1347	268	3921	-477	1856	407
-1292	378	4121	-575	678	1014
-721	164	3556	-448	-356	1242
-411	-55	3106	-49	-810	1280
-141	-476	3018	371	-1145	1249
-338	-788	2609	488	-1324	1022
-429	-625	2032	264	-946	796
-356	-266	2053	-54	-202	637
-236	-60	2866	59	356	773
-504	-300	4001	305	288	674
-945	-493	4575	402	-169	553
-1370	-376	4385	322	-817	675
-1809	12	3920	86	-1096	726
-2190	333	3492	-75	-416	1374
-1526	142	3577	-19	204	-260
-1526	142	3577	-19	204	-260
-1526	142	3577	-19	204	-260
-1606	188	3628	-20	264	-313
-1668	190	3695	-8	269	-318
-1705	229	3730	-2	232	-270
-1798	355	3773	-22	168	-155
-1852	310	3692	-36	181	-47
-1864	194	3820	-52	266	-171
-1824	120	3854	-74	115	-196
-1830	54	3605	-83	-72	-188
-1805	184	3369	-78	310	-90
-1805	184	3369	-78	310	-90
-1805	184	3369	-78	310	-90
-1805	184	3369	-78	310	-90
-1849	155	3389	-119	328	-60
-1793	-14	3413	-164	330	-112
-1861	-93	3444	-218	267	-180
-1906	-228	3407	-225	226	-267
-1911	-383	3419	-163	176	-393
-1906	-422	3380	-63	161	-491
-1865	-400	3392	86	275	-537
-1845	-286	3522	217	370	-570
-1846	-76	3728	295	393	-574
-1853	90	3883	266	417	-541
-1730	216	4078	204	370	-525
-1641	391	4044	176	220	-301
-1595	529	4053	45	135	-46
-1510	371	3935	-132	13	183
-1499	183	3709	-288	51	241
-1530	-66	3606	-344	164	285
-1504	-327	3649	-331	204	216
-1405	-415	3640	-318	147	76
-1312	-384	3586	-331	86	-85
-1199	-200	3511	-304	-21	-123
-1134	-16	3255	-298	-54	-36
-977	109	2947	-318	52	82
-742	206	2838	-337	92	235
-622	391	2703	-373	-35	462
-468	474	2699	-328	-229	874
-500	283	2866	-211	-664	1382
-579	-89	2991	-150	-1196	1600
-623	-360	3031	9	-1511	1668
-686	-630	3070	199	-1499	1647
-803	-695	3087	148	-1483	1541
-645	-632	3036	-221	-1358	1257
-1166	-110	3018	-415	-1607	1336
-3325	-122	2837	-561	-1777	1646
-4397	58	2129	-687	-542	1738
-3276	-421	4539	-632	1096	1179
-2961	-808	6567	-417	352	-589
-2245	-731	7579	-36	-574	-1503
-2373	396	7525	130	-1811	-1498
-2439	968	6222	101	-2450	-372
-889	551	4880	97	-387	-313
-1204	930	5245	208	695	-289
-1630	1358	4640	323	670	-379
-1637	1277	4325	464	554	314
-1551	591	3769	506	63	923
-1106	-255	2690	523	-213	827
-600	-636	1974	386	399	157
-520	-734	2020	360	972	-518
-537	-744	2211	460	1050	-1088
-634	-521	2568	405	894	-1565
-888	-136	2782	236	432	-1864
-1295	289	2907	11	-249	-2081
-1256	575	2488	-201	-1571	-2330
-241	647	1363	-198	-1983	-2505
-1687	763	4565	-160	-379	1442
-1687	763	4565	-160	-379	1442
-1687	763	4565	-160	-379	1442
-1687	763	4565	-160	-379	1442
-3013	19	4431	13	-1844	594
-3209	-1268	3315	343	-1082	375
-3102	-1144	5311	558	59	-663
-3246	3	5331	651	-727	728
-1600	493	4942	471	-157	542
-1665	125	7477	136	219	154
-2728	-327	7842	16	-682	218
-1121	-120	5720	-319	-588	98
-1338	-347	4567	-513	147	109
-1606	-526	4286	-657	837	-243
-1569	-391	4414	-782	816	-464
-1481	-227	3913	-690	682	-323
-1165	-143	3494	-528	826	-101
-966	-121	3223	-459	962	59
-926	-235	3005	-443	902	207
-898	-241	2674	-520	639	253
-786	-73	2262	-566	506	438
-616	113	2277	-472	713	808
-316	161	2685	-214	894	1149
-191	24	3168	74	660	1321
-539	-318	3397	320	-199	1400
-816	-598	3059	415	-1220	1304
-554	-618	2545	329	-1470	1075
-237	-336	2566	241	-976	1060
-115	-471	3032	269	-672	1241
-552	-878	3109	214	-565	908
-937	-484	3042	-7	-298	354
-1387	221	3535	-211	-135	431
-2890	723	3815	-196	-767	1024
-3207	265	3211	-258	33	1582
-3056	-699	4919	-349	295	755
-3368	-971	5426	-104	-348	-392
-2163	-1370	6127	114	-7	-1196
-1796	-358	7149	540	-606	-1350
-1734	1416	6407	776	-1615	-847
-1105	2260	5167	585	-840	-78
-1301	2117	4954	263	-33	634
-1504	1145	4519	-79	558	983
-1598	406	4709	-21	954	1100
-1675	65	4663	167	697	1035
-1440	-156	3928	367	271	872
-1194	-265	3063	501	281	577
-911	-119	2473	494	483	264
-859	-35	2125	459	702	27
-823	35	1869	431	842	-163
-866	42	1921	348	1118	-408
-800	-44	2582	123	1400	-720
-815	-91	3255	-41	1207	-1026
-543	192	3429	-204	550	-1202
-481	454	3438	-327	-473	-1122
-443	749	2992	-453	-1485	-976
-208	908	2477	-724	-1742	-681
294	688	2384	-571	-1118	-333
-74	570	3057	-488	-309	-198
-728	556	3937	-417	-121	228
-1562	298	4419	-315	-738	379
-2732	29	3909	101	-1288	541
-2895	-1263	3888	434	261	-408
-1224	158	3834	82	146	-530
-1265	215	3861	28	192	-479
-1326	190	3916	4	186	-402
-1029	-219	4259	-371	-341	151
-1029	-219	4259	-371	-341	151
-1029	-219	4259	-371	-341	151
-1029	-219	4259	-371	-341	151
-1029	-219	4259	-371	-341	151
-1029	-219	4259	-371	-341	151
-1029	-219	4259	-371	-341	151
-1029	-219	4259	-371	-341	151
-1029	-219	4259	-371	-341	151
-1029	-219	4259	-371	-341	151
-1029	-219	4259	-371	-341	151
-1029	-219	4259	-371	-341	151
-1029	-219	4259	-371	-341	151
-1029	-219	4259	-371	-341	151
-1029	-219	4259	-371	-341	151
-1029	-219	4259	-371	-341	151
-1029	-219	4259	-371	-341	151
-1029	-219	4259	-371	-341	151
-1029	-219	4259	-371	-341	151
-1029	-219	4259	-371	-341	151
-928	-329	3908	-470	-400	22
-890	-371	3683	-458	-386	-100
-786	-387	3505	-365	-345	-149
-715	-387	3341	-228	-180	-68
-692	-320	3466	-119	143	17
-820	-173	3842	-87	280	110
-887	-50	4137	-111	109	234
-851	14	4229	-72	-212	410
-720	-27	4077	-24	-454	533
-622	-58	3806	10	-602	594
-505	-128	3475	2	-645	666
-443	-171	3186	-70	-593	754
-453	-136	2882	-197	-447	841
-300	-205	2454	-206	-133	979
-304	-30	2225	-155	427	1112
-217	-217	2494	-187	531	1253
-176	-754	3014	-199	160	1204
-184	-1054	3476	19	-226	881
-522	-1016	3639	328	-498	764
-678	-890	3636	402	-742	495
-560	-391	3503	243	-1003	389
-436	-329	3309	124	-1005	671
-647	-300	3321	-17	-942	799
-1601	-136	3654	-170	-987	948
-2928	-19	3177	-376	-473	1262
-2552	-427	3800	-372	587	1065
-2089	-776	4904	-101	534	184
-2080	-1000	6222	405	426	-650
-2223	-81	8024	353	58	-821
-1824	-615	7864	-118	511	-2033
-1175	733	6372	334	-666	-2029
-1265	2061	5071	434	-525	-798
-1053	2011	4345	491	-174	761
-1114	1166	3627	413	140	1438
-1139	362	3318	225	794	1462
-1111	-163	3682	199	1290	1094
-1124	-410	3755	356	869	626
-1056	-460	3184	489	359	160
-885	-336	2441	527	191	-252
-716	-122	1966	500	441	-475
-538	-107	1964	356	796	-533
-396	-123	2454	55	1162	-675
-314	119	3106	-257	1098	-984
-294	422	3283	-379	670	-945
-435	363	3335	-329	46	-782
-429	619	3276	-405	-835	-731
-45	759	2863	-538	-1443	-564
250	525	2644	-583	-1076	-315
149	289	3264	-531	-184	-357
-808	827	4265	-489	-121	-150
-1335	558	4404	-241	-1009	478
-1941	-102	3795	249	-1487	421
-3054	-1751	3065	706	-474	-531
-3427	-1115	4340	680	985	-1438
-2491	-370	5507	500	535	-504
-1388	78	5895	156	273	-346
-1674	-296	8057	-14	-644	-1008
-2184	268	7397	180	-1520	-674
-895	672	5785	-166	-937	210
-827	-23	4158	-499	-31	539
-983	-527	3939	-648	886	46
-1131	-793	3983	-715	772	-351
-1239	-714	3530	-596	334	-509
-1017	-416	2829	-405	356	-382
-787	-125	2586	-286	779	-207
-790	-37	2728	-208	1138	72
-886	86	2931	-193	1121	450
-780	198	2832	-363	814	727
-614	330	2566	-429	536	885
-263	367	2423	-272	257	1092
-96	-90	2540	78	-24	1363
-274	-527	2930	376	-368	1369
-437	-718	3161	498	-689	1418
-616	-742	3344	413	-980	1372
-530	-805	3477	191	-1278	989
-471	-1115	3201	112	-1240	432
-929	-488	3152	174	-872	38
-1143	257	3191	20	-640	585
-2264	841	3386	-136	-252	1252
-2720	89	4315	-200	769	1372
-2534	-599	5887	-4	367	578
-2111	-667	6319	-87	-407	-421
-1592	-293	7324	-261	-586	-487
-1928	729	7561	-372	-1068	-389
-1130	616	6380	-148	-566	-81
-1183	508	5164	237	-189	281
-1282	442	4373	415	265	513
-1191	259	4139	436	407	666
-1097	-16	3627	518	237	773
-1028	-269	3012	554	350	517
-814	-151	2653	524	668	144
-768	-3	2599	408	1048	-137
-804	37	2592	352	1140	-399
-683	-113	2631	414	999	-546
-517	-437	2598	295	772	-704
-327	-439	2628	63	488	-1045
-328	-143	2820	-142	170	-1380
-845	626	2906	-249	-520	-1636
-870	865	2770	-516	-1213	-1497
-479	577	2457	-605	-1160	-1147
125	387	2624	-297	-412	-935
-172	890	3418	50	312	-562
-1120	733	4204	237	182	54
-1755	649	4450	166	-729	2
-2581	-618	3538	426	-923	54
-2762	-1538	3494	425	-111	-1123
-2555	-911	4413	465	92	-867
-783	283	3868	-118	-262	378
-758	204	3902	-170	-176	465
-749	157	3979	-154	-142	508
-809	129	3995	-132	-135	522
-743	148	3907	-96	-7	565
-673	179	3883	-4	171	671
-659	99	3929	40	237	632
-637	160	3908	-25	188	387
-574	197	3949	-55	261	242
-624	242	3999	-91	205	106
-686	257	4069	-112	160	16
-690	224	4081	-120	90	-29
-814	193	4045	-85	-31	-43
-866	222	3900	-46	-108	-26
-829	253	3804	-33	15	-27
-764	284	3887	-59	136	-24
-769	293	3951	-94	190	37
-607	240	3826	-68	479	142
-728	406	3958	-64	562	200
-775	435	3826	-19	665	320
-808	486	3816	41	714	346
-596	511	3629	17	855	294
-813	184	4251	-31	1091	276
-755	49	4164	-23	783	202
-767	175	4074	-33	828	200
-636	268	3836	-91	1048	234
-884	22	3770	14	1188	118
-794	314	3688	-4	1159	-51
-208	780	3211	-531	1859	-83
-1377	-22	3894	-280	2286	34
-1409	113	4616	-74	1077	-34
-969	188	4284	-41	179	49
-738	46	3839	-58	90	82
-621	15	3779	-129	-31	-168
-577	-62	3592	-177	-148	-279
-570	-129	3226	-233	-233	-428
-522	-90	2931	-230	-217	-561
-372	0	2611	-160	-248	-704
-268	98	2265	-96	-213	-735
-96	130	2275	-156	-22	-705
-96	296	2733	-348	137	-657
-239	655	3490	-648	275	-549
-759	834	4205	-685	-168	-72
-885	401	4086	-509	-948	95
-770	154	3283	-236	-1287	-120
-486	-44	2688	17	-912	-140
-934	-141	2828	219	-315	-202
-2462	-418	2824	347	-471	-202
-3092	-1043	2428	375	-89	-1102
-2810	-612	3299	720	581	-1462
-3638	-600	5976	789	-128	-1032
-3246	1000	8855	1617	1731	292
-1316	1904	10806	725	-655	1335
-2217	416	6352	-210	-2644	1606
-1046	-47	3792	-898	-1823	-406
-493	-603	3561	-1259	-501	-724
-465	-1315	3150	-1144	346	-617
-482	-1124	3082	-736	1722	-865
-952	-501	4013	-464	2630	-1029
-1530	86	4560	-433	2073	-841
-1368	330	4129	-364	1069	-286
-1089	355	3649	-359	586	144
-837	405	3337	-409	184	510
-419	625	2984	-339	-163	831
-181	563	2802	-258	-458	1135
-206	139	2530	-27	-973	1414
-343	-382	2172	228	-1190	1518
-310	-785	1980	296	-955	1517
-457	-1162	2315	237	-347	1322
-635	-1265	3034	165	-14	930
-901	-1000	3579	311	-277	760
-1295	-773	3664	313	-646	591
-2285	-59	3416	146	-1266	738
-2780	935	2499	-177	-919	1140
-2665	488	3104	-205	602	1669
-2455	-50	4430	-136	633	872
-2010	-780	5397	-137	554	-540
-1633	-544	7051	-11	389	-828
-2523	366	8011	-1	-762	-472
-2014	47	6590	76	-1068	-280
-1196	857	5355	200	-90	-409
-1104	1378	4500	284	304	-132
-1041	1453	4091	222	442	348
-1117	935	3686	116	167	704
-984	333	2829	138	-131	937
-680	-344	2045	157	228	756
-575	-862	2024	96	939	171
-472	-1070	2437	97	1204	-541
-350	-1096	3004	62	996	-1314
-556	-508	3505	-9	453	-2001
-1019	262	3700	-67	-536	-2062
-920	733	3201	-240	-1659	-1855
-421	991	2560	-440	-1951	-1657
213	1270	2013	-410	-1318	-1352
142	1534	2356	-233	-194	-336
-677	1137	3461	-147	382	435
-1651	930	4527	-207	-7	785
-2362	-574	4240	277	-69	699
-2362	-574	4240	277	-69	699
-2362	-574	4240	277	-69	699
-2362	-574	4240	277	-69	699
-1384	-719	4324	327	442	767
-1578	-635	5871	231	482	29
-2233	-590	7109	379	250	-201
-1852	489	7693	138	144	-222
-1443	113	5990	-249	-860	207
-1249	-308	4202	-621	-769	-144
-956	-531	3353	-775	-443	-519
-913	-546	2775	-605	-172	-559
-660	-355	2256	-302	397	-339
-529	-57	2234	-168	1201	-57
-557	325	2619	-251	1581	195
-720	641	3036	-439	1307	626
-730	684	3236	-431	641	1209
-660	469	3233	-212	30	1662
-374	-83	3219	35	-482	1793
-420	-597	3008	179	-1027	1725
-534	-915	2654	96	-1337	1483
-321	-1158	2513	-36	-1081	1162
-374	-1222	2979	77	-378	711
-710	-1031	3640	127	-113	207
-1086	-354	3834	32	-357	174
-1632	187	3927	-76	-677	504
-2389	462	3575	60	-482	1199
-2442	-88	4222	105	212	914
-2433	-344	4796	59	66	248
-1573	-739	5185	-136	65	-501
-1874	390	7095	-214	-422	-397
-2444	822	7601	-387	-250	-335
-793	474	6895	-133	-668	-493
-1540	-111	3820	119	266	125
-1540	-111	3820	119	266	125
-1540	-111	3820	119	266	125
-1559	-105	3831	87	269	131
-1582	-62	3856	38	251	141
-1625	27	3871	8	180	182
-1653	38	3867	10	141	226
-1570	4	3861	-3	165	184
-1511	-5	3811	-10	96	152
-1468	-29	3647	-9	16	135
-1487	-21	3490	-8	47	129
-1532	66	3404	-25	174	154
-1518	119	3501	-39	271	213
-1546	95	3678	-36	270	225
-1535	93	3804	-46	257	248
-1536	142	3895	-91	172	308
-1596	237	3766	-178	-24	409
-1616	270	3513	-313	-188	475
-1624	228	3279	-466	-176	478
-1682	73	3260	-502	1	461
-1696	-117	3506	-407	331	384
-1624	-200	3974	-221	472	367
-1512	-122	4222	-64	258	394
-1357	-8	4153	74	46	326
-1329	18	4050	202	-44	226
-1279	175	3979	285	7	176
-1258	224	3926	312	131	142
-1342	303	3969	314	147	60
-1238	511	3833	330	133	102
-1119	465	3626	355	120	232
-1026	340	3431	358	77	264
-909	244	3276	281	43	245
-810	144	3278	171	49	145
-788	27	3280	73	13	-2
-776	-19	3258	-5	-83	-201
-710	-105	3148	-107	-286	-433
-594	-61	2910	-226	-531	-652
-395	322	2668	-344	-642	-695
-469	663	2705	-449	-733	-432
-561	720	2753	-624	-688	-230
-534	793	3067	-741	-537	-103
-617	707	3257	-713	-646	137
-3597	-1245	4118	490	-15	-1949
-3597	-1245	4118	490	-15	-1949
-3597	-1245	4118	490	-15	-1949
-3597	-1245	4118	490	-15	-1949
-3597	-1245	4118	490	-15	-1949
-3597	-1245	4118	490	-15	-1949
-2894	143	4743	822	-102	-1064
-1852	846	5061	815	149	411
-1743	151	7502	378	-393	101
-2759	531	7926	258	-632	515
-1385	991	6368	-208	-1366	1074
-1191	83	4415	-481	-934	992
-1051	-631	3773	-664	-290	402
-927	-919	3515	-691	25	40
-839	-958	3121	-519	276	-87
-773	-483	2863	-378	665	-247
-795	16	2955	-346	946	-48
-676	436	3190	-339	810	285
-511	638	3233	-331	483	747
-594	507	3198	-375	47	1131
-633	230	3017	-325	-645	1424
-539	-96	2479	-132	-1288	1669
-251	-483	2002	-55	-1305	1675
-198	-958	1777	187	-821	1480
-348	-1513	2196	353	203	839
-638	-1284	3375	393	827	158
-1233	-834	4498	229	367	-65
-1252	-388	4529	12	-758	-189
-1289	-116	3783	-76	-1319	28
-1922	321	3386	-125	-950	483
-2424	220	3426	-151	176	1044
-2493	335	4402	-131	217	983
-2398	242	4817	-133	58	529
-1806	-354	5885	-39	172	105
-2108	182	7395	-64	-512	-326
-1923	36	7721	-240	-50	-940
-1088	-64	6074	201	-769	-1080
-1123	743	4345	680	-266	-800
-871	1037	3954	619	229	-267
-869	832	3294	592	158	277
-895	289	2410	508	360	474
-581	-1	1769	502	1003	112
-679	-119	1982	507	2034	-271
-988	-257	2697	580	2169	-683
-970	-343	3161	490	1562	-1141
-779	-374	3347	376	960	-1369
-759	-260	3531	268	322	-1509
-1024	234	3557	-35	-693	-1689
-998	636	3126	-430	-1766	-1819
-307	991	2380	-558	-1725	-1792
350	1122	2140	-412	-673	-1105
-102	842	2729	-163	184	-389
-908	906	3440	-99	198	-72
-1424	578	3706	-123	-64	209
-2247	3	3985	-126	-442	70
-2841	-1066	3476	9	15	-382
-2852	-782	4680	270	489	-985
-2796	125	4996	400	-513	125
-2181	119	5051	567	105	969
-1684	-81	7942	507	311	160
-2809	216	8870	214	-418	419
-1268	116	6202	-364	-1672	467
-1035	-517	4365	-531	-1089	209
-1062	-918	3760	-641	-497	-422
-847	-773	3114	-622	-82	-829
-818	-394	2692	-394	590	-767
-796	-3	2808	-180	1399	-463
-906	237	3310	-91	1617	-52
-1051	334	3550	-154	1088	413
-941	389	3218	-362	386	784
-685	417	2698	-460	89	1056
-507	282	2510	-393	-52	1210
-377	-21	2401	-179	-494	1342
-128	-434	2152	232	-932	1567
-158	-804	2001	354	-857	1578
-313	-1117	2221	259	-419	1236
-658	-1229	2934	96	-49	568
-783	-949	3731	100	47	131
-1089	-550	4403	106	-221	9
-1822	-81	4508	-116	-1288	204
-2711	230	3086	-434	-1309	547
-2045	49	3427	-324	468	941
-2566	427	4256	-155	475	615
-3187	116	5256	-203	773	-265
-2387	-581	7354	-296	793	-308
-2210	-1100	9095	-201	841	-1938
-1569	654	7329	387	-1185	-1514
-1264	1680	5616	635	-1533	-435
-1662	268	3738	53	-287	237
-1671	338	3949	51	-329	365
-1596	280	3967	62	-492	450
-1549	134	3879	65	-648	417
-1570	70	3736	51	-729	368
-1602	275	3486	46	-639	524
-1497	390	3392	89	-355	718
-1399	377	3498	131	-111	672
-1334	188	3676	103	-48	540
-1308	-15	3836	57	-74	414
-1324	-26	3978	40	-160	326
-1336	39	4065	85	-227	248
-1414	137	3995	139	-283	103
-1421	211	3814	267	-190	-20
-1341	229	3646	342	-144	-53
-1235	317	3539	360	-73	-63
-1184	446	3547	337	14	13
-1137	520	3600	265	57	89
-1081	549	3559	176	102	162
-1141	431	3704	75	190	191
-1238	208	3815	-6	169	82
-1194	72	3760	-36	170	-61
-1168	10	3786	-56	279	-204
-1155	43	3851	-56	297	-315
-1169	130	3777	-31	251	-334
-1145	199	3710	-16	220	-329
-1134	320	3684	-42	234	-301
-1113	438	3698	-72	252	-193
-1063	481	3705	-100	308	-88
-1001	469	3888	-120	317	-20
-1011	490	3910	-135	125	75
-984	371	3724	-159	-71	119
-894	306	3403	-162	-131	95
-832	233	3085	-142	-20	118
-795	244	2807	-98	114	103
-796	174	2469	-30	263	113
-644	-80	2426	-23	424	4
-589	67	2719	-203	385	-279
-528	372	3080	-435	200	-172
-654	455	3615	-626	-73	-50
-800	675	3855	-785	-526	-12
-679	534	3833	-823	-841	71
-654	350	3671	-756	-1076	-70
-647	421	3418	-587	-1041	-19
-810	177	3479	-367	-821	74
-1580	216	3724	-167	-784	78
-2545	-554	3182	13	-518	-31
-2689	-948	4107	261	422	-981
-2931	-484	5439	476	-368	-619
-3127	-387	5575	434	-931	439
-2138	-428	6315	603	-458	427
-1974	655	7752	529	353	1102
-1507	342	6117	-39	-661	822
-1799	-185	5046	-449	-703	270
-1563	-657	3978	-869	-502	-359
-1070	-855	3180	-980	15	-721
-901	-653	2751	-695	853	-902
-973	-322	2967	-457	1534	-738
-1130	-28	3349	-436	1440	-453
-1228	183	3410	-489	845	0
-1107	186	3001	-573	293	442
-819	192	2514	-642	134	764
-528	371	2456	-591	300	1051
-313	333	2663	-350	410	1466
-181	-63	3007	-60	272	1551
-390	-375	3290	192	-287	1390
-641	-512	3143	236	-1287	1237
-527	-401	2695	158	-1660	1133
-54	-531	2697	194	-1488	1241
-105	-834	3070	216	-734	1095
-798	-754	3885	159	-305	702
-1049	-477	3822	41	-732	625
-1497	-417	3755	-42	-883	854
-2677	-228	3789	-123	-469	951
-2763	-340	4379	-83	294	1243
-2649	-309	4815	-28	-97	264
-2376	85	4921	4	-160	-299
-1920	143	6095	26	-137	-373
-2032	718	6761	-109	-762	-301
-1437	680	6249	-270	-303	-298
-1168	653	5636	52	-295	68
-1312	1031	4647	251	-98	519
-1071	924	4198	281	87	919
-1074	424	3719	266	44	1271
-971	-157	3148	275	239	1132
-779	-398	2646	370	677	763
-818	-339	2541	390	1113	287
-918	-151	2458	286	1180	-160
-810	10	2322	171	1018	-470
-639	50	2393	96	969	-499
-404	-252	2831	117	981	-415
-552	-403	3318	44	647	-718
-806	43	3552	-131	-220	-1109
-1028	579	3382	-456	-1626	-1359
-303	853	2509	-598	-2129	-1408
331	1030	2262	-416	-1070	-905
-295	1342	3223	-207	213	-27
-1460	968	4447	-67	62	813
-2082	576	4658	125	-722	729
-2649	-772	4556	429	-177	259
-3293	-426	5454	466	32	-41
-2910	-1121	5491	330	-843	300
-1650	-1465	4735	214	-783	-313
-1564	-1464	5571	318	-536	-1267
-2012	-681	5953	552	-621	-1361
-1050	724	5110	451	40	-926
-1023	1097	5201	87	728	-583
-1655	597	5209	-434	757	-496
-1594	-3	4683	-785	247	-447
-1190	-382	3704	-797	-20	-414
-886	-590	2912	-619	159	-460
-700	-536	2373	-418	573	-473
-668	-377	2150	-251	913	-372
-661	-38	2072	-178	1078	-144
-504	326	2399	-191	1140	248
-438	350	2885	-129	955	618
-430	197	3160	-15	355	758
-511	192	3273	178	-473	1006
-538	-249	3014	389	-1159	1339
-596	-586	2649	372	-1430	1365
-352	-861	2458	188	-1292	1068
-335	-1161	2668	178	-722	674
-626	-1412	2978	203	-175	190
-1191	-631	3357	20	-86	-205
-2256	435	3575	-181	-105	278
-2856	483	4195	-142	999	857
-3265	126	5659	-15	434	567
-2955	-418	5130	-170	-49	-528
-2149	-250	6075	-152	219	-501
-2221	465	7459	55	-264	-187
-1171	-63	3829	34	155	-250
-1171	-63	3829	34	155	-250
-1171	-63	3829	34	155	-250
-1180	-27	3832	100	223	-186
-1142	4	3742	123	233	-153
-1181	99	3726	133	255	-93
-1158	84	3700	141	291	-24
-1102	73	3755	110	288	-55
-1199	115	3833	79	296	-26
-1281	137	3946	37	239	43
-1286	147	3966	-23	153	128
-1272	99	3915	-73	95	227
-1274	57	3887	-76	67	303
-1177	246	3718	-120	275	599
-1177	246	3718	-120	275	599
-1177	246	3718	-120	275	599
-1089	246	3834	-100	403	725
-1120	23	4235	-44	429	780
-1067	-233	4352	-17	243	635
-1062	-279	4335	24	73	420
-1136	-268	4223	118	-67	240
-1037	-52	3923	212	-65	154
-1001	53	3827	293	67	164
-934	177	3680	331	87	191
-943	218	3656	335	175	227
-934	219	3692	290	239	221
-928	181	3774	249	277	230
-930	137	3874	203	254	217
-884	58	3957	178	191	158
-823	52	3917	163	36	65
-698	-5	3850	145	-70	1
-667	-46	3776	120	-136	-149
-635	75	3645	120	-163	-200
-555	143	3326	141	-146	-182
-501	203	2892	192	-134	-277
-490	147	2129	244	-131	-377
-333	23	1704	215	338	-470
-334	-93	1998	27	828	-764
-304	68	2301	-273	866	-1187
-319	300	2959	-396	886	-1124
-514	269	4051	-419	585	-737
-1117	416	4915	-529	-196	-696
-1170	327	4938	-636	-950	-615
-747	274	4384	-553	-1471	-534
-666	337	3687	-159	-1432	-325
-935	227	3370	198	-1038	-215
-1662	-329	3171	501	-474	-217
-2988	-676	3206	461	81	-1225
-3205	-480	3787	658	331	-1029
-3432	-596	4966	640	159	-446
-2555	-697	6763	790	537	-258
-1922	-51	9172	845	1171	671
-2497	17	8542	344	-1388	129
-2041	226	5791	-132	-2531	-233
-1141	63	3526	-661	-1715	-746
-418	-98	2567	-945	-241	-839
-363	-209	2237	-852	1170	-825
-691	-204	2486	-689	2113	-765
-1158	-149	3179	-549	2238	-469
-1303	14	3511	-530	1544	-111
-1264	24	3346	-634	757	188
-858	-116	2816	-490	476	424
-759	-217	2892	-278	622	485
-668	-230	3333	-97	574	539
-653	-264	3681	99	358	637
-622	-186	3909	183	-40	621
-537	-71	3902	147	-592	546
-440	25	3447	38	-1154	475
-509	-735	3056	86	-411	732
-509	-735	3056	86	-411	732
-509	-735	3056	86	-411	732
-509	-735	3056	86	-411	732
-509	-735	3056	86	-411	732
-699	-879	3180	128	-453	568
-962	-810	3259	114	-507	444
-1723	-314	3287	-1	-742	623
-3017	557	3201	-302	-588	1166
-3559	-51	4147	-411	580	1512
-3220	-593	5391	-355	63	534
-2665	-957	5728	-141	-46	-331
-1913	-1197	7357	343	46	-706
-1743	112	6634	688	-990	-1279
-1069	1076	5282	782	-965	-945
-900	1812	4587	603	-208	-260
-1062	1758	4086	287	495	393
-1270	1095	4016	-12	991	624
-1469	540	4208	-59	997	644
-1468	137	3989	87	747	578
-1188	-50	3508	155	568	257
-909	-40	2920	157	518	-5
-693	-53	2338	170	598	-117
-598	-249	2046	204	735	-292
-346	-628	2228	165	960	-552
-346	-730	2937	22	1123	-1103
-594	-113	3364	-198	286	-1733
-900	595	3280	-261	-459	-1804
-693	999	2866	-307	-1586	-1501
-89	1024	2175	-395	-1379	-1268
64	1282	2571	-321	-278	-485
-650	819	3373	-183	69	555
-1287	267	3926	-243	-258	553
-2010	382	4055	-282	-889	343
-2447	-786	3849	-116	-627	153
-2772	-967	4739	-144	198	-442
-2532	-921	5372	-73	-343	324
-2516	-1313	5833	173	-710	301
-2606	-1186	7956	914	-197	-69
-1704	326	8034	888	-985	209
-818	691	5492	191	-1216	-96
-1097	467	4830	-102	-325	-236
-1308	343	4406	-516	-89	-198
-1210	-267	3793	-660	237	-85
-1145	-468	3254	-658	657	-67
-1183	-482	3072	-593	1110	-93
-1353	-297	3094	-577	1259	-44
-1281	-114	3061	-577	1019	217
-1146	-17	2820	-652	661	494
-984	32	2638	-655	497	672
-900	8	2576	-597	403	756
-726	2	2783	-404	462	973
-640	-122	3022	-196	474	1243
-560	-373	3113	-29	298	1273
-547	-563	3131	77	-181	1085
-545	-671	2927	173	-669	846
-349	-566	2595	239	-799	809
-142	-499	2638	287	-589	863
-183	-687	3100	376	-471	785
-327	-921	3470	393	-482	388
-788	-625	3691	369	-421	72
-726	-178	3742	340	-386	265
-1501	40	3310	39	-138	-265
-1501	40	3310	39	-138	-265
-1501	40	3310	39	-138	-265
-1539	193	3399	64	-26	-54
-1637	45	3637	98	149	125
-1618	-161	4041	113	143	108
-1596	-219	4123	101	-106	82
-1533	-204	3941	60	-325	0
-1498	-101	3720	53	-385	-64
-1474	-49	3583	105	-335	-46
-1436	-30	3527	144	-209	1
-1457	-38	3613	150	-133	42
-1533	-59	3643	140	-135	53
-1619	-142	3650	129	-194	45
-1710	-209	3592	129	-235	34
-1649	-346	3528	142	-199	-14
-1603	-365	3566	164	-117	-127
-1755	-438	3673	186	-96	-228
-1809	-591	3663	191	-42	-459
-1631	-677	3582	189	45	-700
-1358	-469	3611	183	194	-862
-1190	6	3783	234	228	-730
-1126	359	4065	253	217	-521
-1279	577	4349	209	88	-208
-1270	615	4313	83	-74	192
-1189	302	4037	-54	-138	457
-1181	-102	3769	-154	-82	499
-1181	-405	3656	-226	15	351
-1138	-449	3595	-252	53	173
-1033	-289	3567	-241	109	75
-989	-166	3586	-199	145	106
-903	-137	3687	-173	207	93
-884	-21	3808	-171	126	180
-927	45	3849	-212	-71	361
-893	73	3632	-294	-312	508
-856	180	3212	-379	-433	659
-661	144	2826	-413	-521	961
-354	-268	2644	-406	-493	1043
-389	-458	2750	-340	-422	959
-370	-563	2964	-164	-456	956
-557	-556	3106	109	-615	1021
-582	-729	2964	357	-808	964
-734	-746	2851	366	-833	662
-794	-562	2729	228	-832	540
-661	-581	2728	195	-645	629
-1020	-487	3038	113	-488	622
-2518	-512	3377	-117	-812	617
-3371	743	2929	-402	-475	924
-2938	478	3792	-300	14	1460
-2626	-374	4777	-219	-71	287
-1718	-1363	6572	-180	429	-842
-2489	-1029	8988	136	-470	-970
-2405	-654	8597	339	-928	-1298
-1124	217	6256	717	-1646	-1822
-1013	1882	4270	763	-1228	-1238
-658	2379	3459	547	-166	-71
-846	1715	3253	380	414	991
-1022	602	3070	190	938	1318
-907	-144	3178	115	1459	803
-1101	-350	3474	161	1624	245
-1293	-399	3557	326	1184	12
-1119	-589	3116	434	355	-283
-642	-680	2342	414	-60	-733
-433	-550	2081	342	103	-1112
-830	-227	2447	138	-82	-1435
-901	306	2526	-158	-608	-1779
-532	552	2270	-216	-943	-1962
-174	900	2067	-155	-797	-1877
-1983	771	5235	-363	-972	879
-1983	771	5235	-363	-972	879
-1983	771	5235	-363	-972	879
-1983	771	5235	-363	-972	879
-3001	125	4120	-126	-1296	868
-2781	-966	3569	50	-349	367
-2997	-1363	4549	266	280	702
-2092	-1305	4777	344	50	868
-1642	-1710	6155	245	-297	-11
-2461	-735	7127	557	-107	-389
-1203	534	6605	151	-513	-977
-1068	730	5280	-236	-302	-532
-1300	166	4662	-592	172	-477
-1389	-286	4460	-795	399	-528
-1338	-552	3953	-655	436	-413
-1147	-614	3304	-483	718	-380
-991	-573	2848	-384	1171	-396
-1048	-349	2729	-361	1554	-450
-1006	-163	2626	-427	1505	-383
-909	-34	2452	-497	1279	-155
-717	40	2427	-523	1078	25
-364	253	2649	-355	1038	301
-201	446	2923	-57	818	750
-291	245	3156	237	243	1286
-599	-80	3259	458	-708	1660
-606	-395	2868	445	-1601	1632
-603	-559	2478	377	-1858	1564
-442	-1019	2510	173	-1553	1561
-458	-1739	2586	182	-940	1021
-994	-1493	3022	316	-606	164
-2813	167	3451	35	-832	40
-3492	586	3257	-248	425	560
-2582	270	5580	-221	762	355
-2774	329	5870	11	-277	-240
-2858	783	7670	-178	-131	-276
-3245	52	8563	-420	-907	-42
-1779	-566	6962	-247	-1225	-726
-787	308	4779	399	-1108	-292
-1016	1215	4074	617	-206	233
-1282	1347	3738	501	217	691
-1208	1052	3173	224	412	1121
-1008	224	2966	64	932	1172
-986	-275	3308	-7	1430	675
-1223	-263	3683	-4	1290	230
-1278	41	3623	-1	527	-127
-1123	153	2950	95	-86	-192
-803	-59	2409	148	-40	-281
-424	-257	2367	90	373	-441
-329	-339	2884	-151	700	-750
-577	-38	3447	-477	351	-1125
-563	582	3616	-842	-535	-1126
-652	1085	3119	-791	-1403	-919
-283	1125	2458	-702	-1709	-415
96	461	2072	-369	-1227	-180
21	422	2571	-276	-422	-340
-413	695	3319	-213	-247	515
-3498	-572	5977	644	674	-74
-3498	-572	5977	644	674	-74
-3498	-572	5977	644	674	-74
-3498	-572	5977	644	674	-74
-2552	161	4946	650	-337	1100
-1711	-364	5001	271	-310	1023
-1812	37	4793	-98	1107	-170
-1812	37	4793	-98	1107	-170
-1812	37	4793	-98	1107	-170
-1207	73	4267	-255	412	-464
-854	631	3917	-439	319	-548
-1232	483	3877	-574	497	-422
-1440	332	4068	-342	120	-321
-1146	402	3937	-309	-236	-256
-1228	195	3904	-310	-221	-221
-1473	58	4108	-294	-294	-295
-1651	1	4095	-210	-476	-401
-1518	-11	3792	31	-573	-359
-1812	115	2768	393	355	-455
-1812	115	2768	393	355	-455
-1812	115	2768	393	355	-455
-1812	115	2768	393	355	-455
-1607	510	3656	190	1012	-167
-1606	520	4738	-238	1271	-77
-1842	368	5299	-442	549	-163
-1824	188	5158	-381	-589	-21
-1569	-113	4516	-442	-1128	65
-1331	-384	3766	-471	-1115	89
-1045	-516	3151	-461	-644	14
-992	-442	2836	-388	8	-83
-1104	-289	2974	-326	624	-158
-1267	-213	3419	-315	916	-170
-1452	-172	3917	-266	774	-118
-1388	-207	4043	-189	355	-30
-1215	-192	3799	-133	32	8
-1065	-77	3493	-114	-23	138
-945	31	3409	-129	55	324
-855	95	3501	-134	99	468
-829	90	3541	-143	48	550
-797	107	3415	-157	-54	603
-691	46	3191	-135	-132	679
-620	-36	2988	-92	-161	748
-549	-192	2816	-28	-201	811
-523	-354	2782	61	-166	717
-370	-504	3055	242	-152	666
-556	-623	3395	434	-250	559
-798	-521	3438	461	-386	410
-1016	-158	3268	391	-370	444
-911	-205	3264	255	-410	499
-925	-276	3424	119	-476	298
-914	136	3665	41	-601	353
-1110	198	3826	-77	-888	665
-2416	533	3600	-100	-825	956
-2485	449	3648	-196	60	1591
-2399	-168	4202	-416	-90	1159
-2218	-266	4654	-568	-540	318
-2543	1155	7405	-680	-1921	1182
-955	-398	7681	-1262	619	-221
-1376	-988	8403	-659	-539	-912
-1112	53	5276	428	-1419	-592
-1021	828	3898	624	-1530	570
-691	1055	2476	662	-1253	1269
-608	664	1526	584	-258	1392
-131	212	1342	362	1559	1336
-452	-256	2443	214	3532	894
-2078	-1018	4388	456	3875	133
-2270	-747	5251	910	1727	-573
-1599	-989	4368	891	-414	-1261
-575	-739	2965	576	-967	-1842
-473	146	2863	166	-700	-1851
-698	776	2995	-149	-1004	-1601
-653	1003	2429	-263	-1478	-1533
-369	1098	1504	-257	-1386	-1639
167	1277	1342	-88	-318	-1172
-82	972	2316	3	830	-172
-651	519	3717	-55	1021	42
-1017	65	4647	-140	284	134
-1175	-275	4678	-246	-703	-83
-1916	-208	4038	-256	-1526	-535
-2377	-1040	3283	-166	-1077	-1470
-2876	-767	4299	143	137	-1751
-2475	-198	5493	386	-371	-821
-2339	-289	6233	785	-549	70
-2578	236	7738	974	-9	-152
-1594	927	7026	108	-530	-135
-994	748	5058	-512	-640	-2
-1175	128	4652	-601	-210	27
-1157	-403	4132	-604	-172	-169
-1020	-468	3320	-489	106	-246
-1020	-348	3009	-321	843	-238
-1156	-228	3258	-279	1364	-50
-1273	-145	3524	-340	1330	123
-1250	-167	3430	-462	904	135
-1033	-254	3022	-526	484	48
-810	-240	2642	-500	371	-10
-636	-66	2707	-313	519	118
-546	43	3084	-26	585	385
-511	0	3510	198	363	585
-599	-119	3627	293	-222	706
-596	-198	3146	154	-935	596
-360	-198	2396	-66	-1293	568
58	-139	2060	-122	-1044	808
260	-551	2453	46	-322	967
-283	-1190	3390	255	162	504
-851	-1133	3748	377	-46	184
-999	-452	3660	252	-215	202
-1969	404	3721	22	-435	499
-2790	549	3354	-46	212	1130
-2980	117	4482	-110	707	849
-2856	-321	5476	-220	376	-53
-2090	-725	6010	-260	81	-483
-1621	-794	6635	26	-491	-813
-1732	721	6497	323	-1054	-817
-1460	1222	5663	382	-155	-426
-1111	1155	5297	534	91	-162
-1060	1303	4348	506	49	114
-1117	1059	3512	274	355	483
-1181	504	3295	198	618	825
-975	-11	2893	136	596	723
-771	-212	2569	129	955	409
-768	-250	2760	183	1337	40
-945	-194	3062	240	1243	-334
-953	-279	3120	242	681	-670
-643	-521	2997	193	288	-1078
-441	-170	3104	31	177	-1451
-628	488	3405	-142	-365	-1247
-689	899	3088	-421	-1135	-1046
-365	1026	2644	-620	-1125	-974
-69	1013	2701	-557	-598	-793
-268	949	3252	-235	-4	-234
-943	731	3962	-60	81	265
-1546	698	4468	17	-325	573
-2469	545	4325	142	-1025	805
-2405	-1284	3745	355	-96	74
-3045	-851	4942	426	255	-740
-2806	-744	4872	389	-585	-53
-837	360	4063	36	115	-719
-857	400	4108	11	29	-738
-929	437	4083	30	-2	-705
-1043	463	4013	90	43	-629
-984	463	4016	149	123	-548
-967	467	4066	199	32	-440
-952	375	3953	211	-119	-378
-955	282	3836	179	-217	-458
-1008	296	3833	168	-174	-507
-1125	392	3934	163	-151	-458
-1200	473	3914	119	-238	-356
-1165	456	3811	64	-227	-270
-1216	395	3879	-18	-85	-240
-1284	186	3949	-77	-41	-282
-1308	-104	3837	-63	-71	-389
-1255	-401	3638	-38	16	-622
-1286	-504	3435	82	64	-770
-1111	-382	3359	75	283	-888
-870	45	3407	-32	667	-846
-1066	191	3721	-248	1349	-543
-1170	387	4388	4	1232	-287
-1273	526	4852	-213	764	-38
-1227	178	4839	-376	108	68
-1049	-206	4381	-498	-328	-10
-872	-447	3827	-535	-370	-162
-739	-510	3433	-509	-199	-296
-727	-252	3253	-373	129	-354
-824	52	3263	-263	508	-210
-934	219	3525	-160	625	6
-931	190	3717	-152	651	173
-1073	188	3975	-202	561	354
-1031	68	4201	-243	170	452
-910	10	4055	-256	-192	600
-810	79	3726	-271	-424	690
-649	85	3461	-265	-507	793
-549	-24	3212	-222	-414	903
-551	-162	3098	-161	-262	1041
-527	-279	2970	-134	-114	1090
-428	-357	2895	-128	117	1029
-540	-317	2969	-142	304	1004
-374	-513	3216	-162	189	907
-480	-699	3396	-113	-55	734
-564	-753	3514	-16	-291	470
-604	-637	3357	75	-596	433
-553	-556	2907	117	-809	398
-516	-397	2491	120	-821	360
-960	-108	2521	-25	-723	329
-1928	426	2809	-243	-956	659
-2954	445	2888	-316	212	1310
-2781	-494	5075	-177	1035	801
-2477	-1356	6122	-163	340	-975
-1657	-1448	6727	-47	30	-2026
-2007	147	7288	308	-803	-1742
-2177	1161	6689	272	-1488	-1126
-1105	1059	5933	30	-146	-1322
-815	1692	5506	151	-106	-913
-1092	1993	4422	272	374	-132
-1379	1343	4495	208	919	442
-1492	637	4421	345	558	895
-1225	-77	3717	432	301	925
-918	-326	3190	426	500	492
-817	-242	3003	418	617	141
-728	-25	2780	385	509	-129
-769	255	2556	357	544	-313
-831	393	2588	373	673	-352
-839	294	2887	328	703	-398
-610	265	3184	161	498	-547
-344	370	3273	-64	179	-629
-145	530	3277	-228	-167	-512
-377	556	3069	-429	-705	-305
-192	688	2632	-737	-1180	-234
11	796	2417	-870	-1064	45
-166	604	2478	-965	-517	196
-192	372	2959	-809	195	379
-416	443	3738	-519	455	530
-880	243	4281	-194	37	659
-1318	204	4172	-64	-721	445
-2166	-219	3826	140	-1178	395
-2575	-1354	3585	340	-25	-765
-3282	-438	5346	558	701	-700
-2479	663	5226	621	-107	575
-1776	625	5740	357	50	921
-1753	-221	7321	45	-89	324
-1811	-130	7555	-221	-419	199
-980	-64	5817	-554	-933	464
-1105	-468	4341	-657	-489	299
-1139	-643	3730	-754	102	-269
-1038	-671	3489	-734	389	-643
-950	-488	3226	-524	648	-610
-1009	-250	3056	-398	955	-486
-1072	-121	3091	-337	1089	-199
-1008	-87	3094	-336	966	-19
-831	60	2982	-382	745	207
-807	213	2979	-429	476	502
-572	333	3031	-306	127	836
-522	104	3124	1	-115	1023
-566	-194	3134	290	-484	982
-423	-474	2613	394	-912	1021
-414	-738	2175	297	-861	954
-418	-702	2222	215	-389	731
-340	-611	2951	296	144	556
-669	-543	3840	366	93	236
-825	-376	4046	278	-390	35
-660	-51	3859	156	-793	69
-1210	51	3646	185	-1069	445
-2099	244	3424	146	-805	733
-2557	124	3919	25	281	941
-2499	-437	5104	150	97	562
-2158	-1143	5464	165	-245	-704
-1637	-993	6336	66	-342	-1487
-1732	493	6638	76	-928	-1586
-1455	1458	6257	106	-809	-917
-1233	1386	5311	299	-105	-285
-1395	1040	4996	370	404	91
-1284	804	4465	337	619	257
-1228	530	4131	341	516	469
-1131	253	3711	385	411	623
-998	-1	3150	465	257	673
-755	-196	2562	470	510	481
-690	-203	2654	306	1135	128
-867	-53	3019	130	1335	-272
-999	160	3198	129	1110	-453
-935	169	3148	188	703	-528
-642	-55	2942	171	322	-642
-336	71	2861	2	205	-752
-243	328	3010	-198	30	-648
-435	669	3184	-398	-467	-640
-445	821	3002	-508	-925	-507
-175	469	2850	-464	-682	-361
-171	314	3408	-354	-209	-508
-1124	400	3819	-111	-183	-66
-1212	383	3741	13	150	-32
-1271	522	3982	161	304	171
-1224	680	4146	271	149	556
-1323	513	4119	331	-127	784
-1533	181	3938	375	-387	671
-1730	-141	3671	352	-395	312
-1936	-240	3563	265	-319	-56
-1889	78	3534	93	-180	-318
-1870	263	3620	-117	221	-486
-1764	239	3780	-163	288	-572
-1565	261	3691	-117	93	-571
-1568	286	3604	-119	10	-434
-1598	255	3630	-166	-18	-242
-1501	286	3732	-246	17	-63
-1489	293	3855	-383	221	192
-1566	171	3999	-491	244	330
-1506	-59	3992	-601	195	286
-1478	-368	4056	-690	6	44
-1351	-537	3837	-644	-224	-235
-1247	-539	3613	-527	-220	-428
-1171	-506	3516	-363	-118	-516
-1205	-319	3534	-223	57	-574
-1315	-55	3683	-169	157	-512
-1374	100	3792	-195	142	-372
-1383	203	3855	-266	53	-204
-1270	237	3810	-354	-96	-2
-1094	164	3733	-402	-212	175
-969	18	3674	-393	-263	271
-953	-83	3711	-351	-325	344
-913	-161	3670	-292	-410	424
-858	-174	3599	-248	-485	476
-834	-98	3524	-243	-558	576
-860	39	3354	-299	-599	753
-848	84	3161	-336	-579	928
-696	-148	3079	-274	-509	1022
-701	-412	3151	-160	-398	1033
-803	-532	3192	-123	-393	946
-770	-474	3157	-158	-523	816
-618	-493	3010	-217	-639	681
-509	-583	2903	-200	-587	532
-471	-624	2954	-68	-382	499
-516	-580	3289	115	-89	534
-685	-557	3640	182	-202	549
-868	-354	3438	92	-676	600
-1038	12	2908	-131	-1039	659
-1800	526	2207	-310	-1028	1240
-2575	581	1974	-120	-162	2138
-2729	450	3413	0	859	1974
-2293	-919	5331	-2	1021	889
-1704	-2359	7426	266	1038	-947
-2890	-651	8068	573	-1022	-1767
-2714	607	6829	390	-1514	-1730
-1313	1058	6481	189	-291	-1613
-1268	1747	5387	479	-651	-1194
-992	2268	4217	548	-40	-379
-1190	1593	4262	324	571	850
-1409	298	4138	392	377	1178
-1021	-131	3555	524	456	738
-842	-202	3138	692	900	495
-815	1	3071	801	1248	252
-854	193	2958	784	1268	3
-818	156	2683	680	1019	-181
-838	71	2483	616	810	-197
-657	-312	2493	328	685	-436
-503	-166	2786	-78	782	-775
-387	19	3011	-382	674	-999
-703	597	3014	-412	189	-1185
-568	908	2859	-487	-713	-1062
-236	787	2550	-510	-971	-592
-75	332	2722	-674	-407	-472
-113	338	3623	-794	37	-657
-431	670	4549	-640	-254	-166
-891	426	4744	-437	-1180	317
-1123	368	3873	-203	-1779	404
-1504	202	3074	137	-1393	649
-2053	-1224	2839	281	-29	-124
-3304	-896	4105	457	1009	-1049
-3207	84	5451	570	504	-290
-2109	59	5968	342	-205	376
-1958	-310	7618	365	-430	187
-2156	192	8045	212	-1121	382
-757	547	5681	-363	-2161	68
-717	339	3822	-619	-1268	67
-746	-470	3273	-704	185	-221
-995	-698	3561	-529	1130	-471
-1244	-421	3802	-337	1311	-656
-1396	-140	3722	-312	1028	-540
-1257	11	3475	-396	701	-527
-990	189	3032	-466	249	-271
-677	106	2462	-431	99	146
-451	92	2124	-455	508	329
-469	299	2433	-426	977	493
-646	448	3212	-196	905	895
-466	-253	3591	167	136	1323
-377	-839	3469	279	-584	809
-652	-848	3045	303	-1079	446
-686	-727	2757	222	-1087	285
-125	-426	2757	23	-686	385
-379	-441	2994	-112	-322	535
-536	-499	3252	-193	-371	294
-691	-501	3483	-108	-457	235
-1474	-213	3565	32	-609	681
-2651	403	3025	24	129	1349
-2739	139	4074	-68	864	1341
-2452	-617	4801	-129	422	103
-1928	-997	5667	-250	493	-1455
-1797	-787	7107	-98	365	-1616
-2620	170	7715	170	-351	-1477
-1879	948	6151	448	-814	-1248
-1169	1587	5020	746	-201	-821
-855	1949	4410	782	168	-288
-868	1668	4098	392	467	485
-1176	748	3986	176	428	1090
-1114	-111	3387	145	87	1141
-718	-511	2658	105	358	661
-665	-616	2536	94	954	118
-672	-10	2570	135	1198	-400
-692	422	2613	176	1170	-479
-680	451	2678	196	979	-401
-647	105	2757	141	728	-285
-336	-228	2972	-202	634	-568
-316	313	3290	-591	341	-824
-532	815	3482	-646	-185	-791
-727	773	3430	-690	-1324	-523
-355	245	2706	-648	-1714	-1015
-379	560	2350	80	-644	-1025
-980	823	3051	367	224	5
-2029	138	3627	497	-259	637
-2738	-496	3339	530	36	-270
-1685	-67	3583	130	96	-32
-1685	-67	3583	130	96	-32
-1685	-67	3583	130	96	-32
-1619	31	3482	141	91	-8
-1724	116	3540	146	123	100
-1875	129	3718	128	223	183
-1918	132	3916	73	306	180
-1878	103	3926	46	186	120
-1851	94	3701	39	3	46
-1751	107	3385	38	-24	25
-1611	89	3182	54	67	15
-1898	534	3639	24	349	534
-1898	534	3639	24	349	534
-1898	534	3639	24	349	534
-1898	534	3639	24	349	534
-1873	509	3894	-74	294	620
-1798	420	3923	-191	168	607
-1754	328	3854	-334	1	466
-1796	195	3709	-387	-190	410
-1776	97	3471	-305	-115	418
-1614	83	3444	-180	208	457
-1513	131	3701	-102	437	468
-1504	320	3951	-64	389	531
-1504	439	4024	-66	278	600
-1506	396	4027	-67	161	604
-1518	292	3897	-47	71	524
-1462	306	3690	-8	134	492
-1380	242	3629	30	241	486
-1329	250	3612	46	252	479
-1262	265	3553	46	210	509
-1188	215	3483	16	156	501
-1101	176	3472	-19	92	406
-1018	137	3335	-38	31	283
-971	20	3074	-51	-31	183
-796	-141	2872	-94	-130	-68
-579	-198	2709	-102	-190	-357
-309	-92	2713	-101	-211	-528
-340	46	2893	-213	-319	-596
-707	410	3119	-481	-538	-707
-736	817	3468	-858	-731	-530
-739	1088	3912	-1034	-1047	-181
-816	920	3724	-800	-1372	-9
-643	444	3376	-363	-1448	125
-614	51	3038	-34	-1072	-28
-1465	0	3079	109	-762	-113
-3008	-560	2737	302	-797	108
-3496	-1367	2915	462	153	-1247
-4052	-403	4700	733	409	-1302
-3220	951	5162	727	-331	83
-1925	1166	5966	210	-270	636
-2278	5	7454	-243	-853	503
-2476	-50	7144	-280	-1130	365
-1410	-271	5466	-425	-1210	706
-1209	-1018	4070	-513	-239	331
-1189	-904	3926	-759	441	-501
-1285	-545	3879	-846	603	-738
-1293	-334	3577	-814	381	-690
-896	-30	3057	-625	295	-398
-486	221	2823	-451	367	80
-231	456	2801	-386	340	532
-242	542	2655	-404	101	1011
-416	392	2440	-521	-174	1310
-932	76	2388	-474	-688	1508
-734	-130	2133	-238	-1315	1950
-505	-649	1885	-46	-1246	2150
-667	-1875	3270	293	178	-175
-667	-1875	3270	293	178	-175
-667	-1875	3270	293	178	-175
-1688	-939	4214	358	-267	-341
-2815	-64	3573	52	-1220	-183
-2537	1025	3123	-187	-545	612
-2995	1135	4648	-166	201	1243
-3012	868	5568	19	-226	688
-1993	-352	6954	-274	-166	-169
-2255	-1072	7256	-289	-1284	-1184
-2026	-259	5657	-116	-1400	-1180
-1046	83	5433	250	110	-1068
-1339	954	5253	738	658	-888
-1387	1531	4803	678	805	-673
-1395	1422	4323	396	736	-65
-1270	523	3595	333	350	537
-881	-28	2667	501	352	433
-600	-189	2289	570	1138	145
-692	-212	2538	585	1625	-144
-795	-150	2607	579	1511	-452
-735	-353	2445	626	1374	-621
-527	-551	2632	404	1271	-978
-472	-201	3209	40	948	-1509
-674	473	3321	-248	213	-1723
-957	761	3043	-452	-992	-1668
-500	896	2307	-736	-1578	-1439
-67	839	2113	-749	-831	-1240
-486	1165	2564	-360	115	-680
-1315	1091	3450	-40	300	646
-2226	635	4235	160	-429	841
-2958	-100	3786	252	-647	899
-3300	-935	4529	306	111	-614
-3576	-396	5565	387	-308	-20
-2687	-550	4975	420	-539	1356
-1781	-728	6655	390	-297	915
-2489	-77	8295	314	-287	635
-1350	493	6590	-206	-1505	785
-882	105	4898	-498	-1199	455
-1197	-285	4236	-730	-541	194
-1060	-461	3511	-833	-157	141
-702	-431	2914	-704	359	147
-682	-268	2575	-553	863	254
-786	-36	2475	-458	1149	476
-823	304	2548	-397	991	769
-718	398	2474	-338	567	1386
-682	179	2456	-290	469	1760
-793	75	2701	-272	255	1766
-712	-7	2824	-215	-466	1815
-418	-326	2612	-80	-1072	1972
-363	-926	2392	-13	-1107	1980
-617	-1756	2620	127	-1087	1097
-654	-1770	3002	137	-654	-183
-858	-1492	3883	294	-69	-320
-1556	-909	4395	268	-516	-461
-1993	213	3701	34	-837	-424
-2223	944	3266	-51	63	432
-1951	-612	7252	-36	431	-366
-1951	-612	7252	-36	431	-366
-1951	-612	7252	-36	431	-366
-1951	-612	7252	-36	431	-366
-2047	205	7359	106	-253	-865
-2132	395	6501	354	-525	-596
-1717	845	5569	608	-448	-214
-1099	1164	4375	587	-333	-24
-958	889	3678	442	87	276
-1157	105	3619	-53	-13	-462
-1157	105	3619	-53	-13	-462
-1157	105	3619	-53	-13	-462
-1157	105	3619	-53	-13	-462
-1245	176	3680	-33	61	-432
-1374	211	3765	20	64	-368
-1436	187	3855	91	-14	-306
-1385	229	3848	164	-114	-197
-1423	287	3840	216	-184	-114
-1323	387	3828	249	-224	-55
-1342	435	3845	246	-186	126
-1354	383	3923	128	-8	190
-1150	-245	3491	-144	133	12
-1150	-245	3491	-144	133	12
-1150	-245	3491	-144	133	12
-1150	-245	3491	-144	133	12
-1220	-422	3471	-101	190	-132
-1225	-441	3664	-39	357	-224
-1247	-294	4030	54	394	-150
-1227	-100	4271	69	359	-44
-1175	41	4435	-46	231	52
-1162	162	4424	-177	25	151
-1133	23	4203	-273	-108	192
-1066	-179	3931	-356	-82	82
-1022	-365	3686	-401	128	-71
-1083	-335	3614	-416	380	-236
-1143	-145	3693	-398	557	-224
-1217	-1	3801	-388	582	-105
-1257	41	3821	-396	490	-6
-1184	-104	3792	-369	319	54
-1061	-257	3704	-282	165	56
-1009	-307	3646	-183	133	81
-960	-255	3632	-112	134	108
-936	-118	3639	-86	100	157
-900	-48	3454	-99	23	246
-836	3	3173	-144	-3	356
-816	37	2913	-233	44	488
-747	81	2663	-343	177	652
-703	19	2408	-396	334	761
-465	-71	2033	-409	408	783
-208	-274	2245	-310	490	918
-10	-633	2919	-176	135	777
-167	-882	3465	84	-672	685
-703	-994	3501	366	-1295	559
-874	-451	3258	515	-1102	537
-1098	149	3448	382	-1021	897
-1805	962	3442	8	-1543	1692
-2877	1118	2283	-223	-1135	2538
-2780	163	3197	-324	221	2289
-2346	-1864	4565	-238	905	-95
-1731	-3032	6914	-169	2322	-2428
-3254	-1047	9706	517	986	-2493
-3024	871	8472	1053	-1313	-1928
-1736	2196	6009	1156	-1443	-1314
-933	3378	4813	848	-732	-219
-822	2684	4005	332	113	1034
-1093	1127	3815	24	754	1477
-1189	147	3894	18	1056	1316
-1115	-574	3689	152	937	1006
-902	-823	3122	227	845	492
-632	-709	2698	134	891	-211
-268	-702	2477	157	1003	-755
-148	-771	2459	230	915	-1121
-238	-438	2099	210	295	-1546
-690	95	1634	-81	-537	-2053
-1163	479	1314	-148	-1377	-2359
-616	969	758	-214	-1530	-2542
153	861	993	-159	-174	-1888
323	802	2596	-159	1402	-981
-727	1396	5091	-252	1127	-167
-2036	1174	6364	-333	-985	618
-2199	-943	4092	378	733	185
-2199	-943	4092	378	733	185
-2199	-943	4092	378	733	185
-2199	-943	4092	378	733	185
-2206	-849	6204	380	898	66
-2389	-233	8827	645	598	-695
-2568	1156	9640	324	-702	-636
-1373	811	6456	-248	-2150	-307
-1110	62	4279	-747	-1278	-610
-1008	-323	3608	-1083	-467	-901
-800	-531	3026	-883	218	-847
-915	-447	2746	-471	1210	-768
-1165	-317	2859	-351	1929	-655
-1328	-38	2948	-473	1886	-613
-1181	400	3038	-540	1642	-177
-994	631	3156	-465	1029	745
-526	520	3066	-317	400	1415
-238	413	2909	-260	-202	1533
-238	266	2647	-159	-769	1591
-432	-24	2189	56	-1367	1788
-396	-421	1868	241	-1570	2068
-364	-790	1935	320	-1252	2037
-337	-1196	2528	274	-536	1636
-730	-1452	3546	254	-173	876
-1310	-589	4013	140	-596	306
-2851	580	3482	96	-1259	707
-3113	824	2743	15	-127	1442
-2364	595	4653	-47	777	929
-2074	147	6085	74	300	353
-1703	-130	7567	-126	-246	42
-2204	-110	7479	-322	-1353	-263
-1715	-120	6363	-225	-1297	-83
-1270	292	5257	60	-48	13
-1178	804	5026	323	531	39
-1234	974	4747	285	630	154
-1320	765	4336	160	418	432
-1112	182	3531	190	150	605
-776	-241	2557	213	113	345
-445	-383	1889	206	475	-65
-293	-296	1648	297	973	-399
-337	-234	2012	341	1540	-595
-343	-417	2714	362	1651	-793
-652	-299	3283	227	1100	-1303
-1178	228	3502	-41	-424	-1676
-1120	630	2941	-413	-1858	-1855
-395	747	2121	-660	-1726	-2126
232	974	2126	-451	-487	-1763
-90	1408	2988	-110	618	-604
-1070	1125	4030	132	456	466
-1909	957	4785	170	-326	660
-2949	58	4471	491	-882	901
-3215	-1263	4457	614	-49	-66
-3080	-758	4677	639	-442	-265
-2145	-181	3795	520	-488	480
-1780	-347	5529	383	-70	96
-2180	48	7291	458	307	-266
-1629	902	7723	-10	43	368
-912	569	6002	-612	-1009	372
-1264	-225	4745	-790	-707	79
-1668	-99	3653	-42	-30	165
-1642	-146	3660	-40	-31	169
-1649	-193	3671	-30	-24	150
-1676	-196	3684	-23	-40	138
-1679	-179	3664	-31	-84	122
-1659	-192	3649	-31	-96	94
-1618	-181	3645	-4	-56	64
-1644	-218	3650	24	12	51
-1639	-141	3790	35	49	5
-1657	-15	3850	13	-38	63
-1637	-6	3723	-5	-154	101
-1607	-18	3563	-13	-170	121
-1582	-75	3490	-34	-85	119
-1563	-143	3583	-41	-1	110
-1534	-293	3719	4	-30	24
-1627	-402	3749	104	-119	-104
-1697	-369	3662	188	-178	-204
-1740	-347	3532	207	-136	-293
-1814	-354	3435	180	-42	-403
-1853	-409	3367	156	124	-554
-1708	-463	3430	175	348	-745
-1582	-307	3741	149	562	-801
-1543	-37	3931	159	503	-698
-1466	325	4020	110	356	-481
-1361	420	4062	5	167	-210
-1337	354	3923	-180	47	-55
-1267	240	3695	-374	-7	103
-1133	-52	3509	-452	148	195
-1053	-397	3682	-413	315	83
-1110	-627	3876	-306	323	-103
-1159	-610	4055	-190	121	-249
-1081	-362	4030	-143	-211	-297
-953	7	3688	-172	-418	-155
-813	287	3163	-247	-350	114
-638	-43	3460	-51	-587	1095
-638	-43	3460	-51	-587	1095
-638	-43	3460	-51	-587	1095
-638	-43	3460	-51	-587	1095
-638	-111	3327	24	-890	1203
-520	-197	3119	112	-1217	1330
-277	-486	2844	149	-1430	1315
-426	-721	2515	122	-1402	1215
-511	-619	2424	30	-1096	952
-603	-538	2649	-26	-809	1093
-788	-804	3069	58	-833	1012
-2252	-857	3563	12	-1166	930
-3526	-115	2679	-107	-779	1056
-3203	209	3495	-105	115	1575
-2736	253	4709	32	-336	734
-1418	-612	5574	142	-2	-681
-1929	466	7881	303	-1039	-1261
-2238	506	6594	-75	-1492	-547
-1016	-44	6939	-132	-296	-954
-981	1251	4818	379	-430	-386
-1067	1908	4191	483	578	659
-1190	1409	4646	355	908	1433
-1369	492	4648	263	662	1697
-1125	-112	4035	367	481	1306
-961	-247	3231	429	417	769
-699	-212	2382	395	491	415
-578	-225	1889	322	811	134
-506	-533	1922	325	1161	-114
-390	-857	2611	279	1432	-620
-492	-811	3478	140	1165	-1201
-760	-247	3867	-138	170	-1629
-971	606	3548	-447	-1404	-1771
-646	1031	2542	-519	-2520	-1769
128	1350	1771	-405	-2211	-1404
480	1086	1869	-384	-434	-642
-595	987	3130	-165	779	134
-1857	743	4174	16	213	660
-3055	-261	3971	244	-464	513
-4033	-1038	4089	418	354	-558
-3436	-342	5766	434	372	172
-3054	-794	6387	229	-824	442
-1983	-640	6914	346	-414	-8
-1199	304	7062	384	-911	-125
-1384	267	5163	105	-1017	-414
-1361	301	4375	-244	37	-714
-1406	61	4079	-609	990	-669
-1492	-225	4039	-648	1431	-550
-1581	-334	3808	-554	1499	-374
-1631	-387	3585	-524	1320	-378
-1432	-191	3124	-491	927	-318
-1209	83	2629	-400	697	-111
-914	142	2188	-311	609	158
-728	128	2006	-279	549	368
-331	101	2053	-231	635	533
-84	-66	2494	-44	879	720
-277	-328	3131	105	569	826
-837	-567	3603	199	-550	893
-1018	-490	3276	316	-1936	787
-814	-491	2664	448	-2307	1085
-211	-717	2430	554	-1789	1154
-103	-548	2706	513	-760	908
-733	-363	3360	177	-111	699
-1977	126	3813	-142	-554	683
-3402	894	2966	-242	-739	1133
-2996	37	3366	-243	796	1336
-2878	-150	5013	154	507	648
-2119	-792	5461	223	649	-629
-2521	84	8421	164	170	-762
-3052	524	8075	-27	-1034	-812
-1403	538	6847	57	-1223	-1055
-1181	1734	4950	346	-1212	-417
-1031	2133	3895	305	-414	535
-1044	1335	3611	153	259	1193
-1051	487	3452	-13	579	1341
-898	-137	3303	24	956	1178
-875	-473	3337	86	1120	730
-980	-539	3144	134	928	206
-820	-509	2857	119	644	-340
-660	-484	2617	118	252	-758
-325	-601	2501	74	140	-1002
-289	-345	2792	-171	196	-1522
-584	467	2945	-418	-183	-1620
-681	1048	2880	-636	-934	-1416
-477	1165	2365	-718	-1335	-953
-19	753	2300	-598	-555	-714
-362	565	3329	-334	331	-285
-942	629	4424	-151	-28	353
-1136	473	4449	-63	-839	825
-1394	281	4130	22	-1266	674
-2080	-137	3585	173	-1010	452
-2236	-1177	3879	177	374	-850
-2975	-45	4937	395	519	-482
-3433	-367	5972	619	-935	294
-2409	-30	5650	1387	459	1216
-859	1192	7685	868	746	1281
-1302	445	6626	-158	-313	460
-1259	26	3850	82	63	-497
-1257	141	3869	103	57	-422
-1216	122	3827	89	37	-396
-1235	91	3809	60	5	-363
-1211	24	3809	17	12	-349
-1206	-21	3919	23	32	-313
-1208	13	3908	55	18	-266
-1184	55	3835	61	25	-211
-1163	51	3726	52	60	-181
-1135	39	3722	27	118	-163
-1122	59	3680	4	149	-120
-1165	8	3688	-22	190	-89
-1186	-9	3738	-42	242	-67
-1243	59	3876	-89	275	-21
-1183	30	3966	-164	217	52
-1120	-44	4125	-211	139	24
-1255	-135	4209	-218	-54	-18
-1358	-132	4071	-155	-155	-36
-1371	4	3830	-5	6	130
-1239	133	3712	157	173	389
-1140	118	3559	239	165	573
-1054	120	3518	155	322	562
-1107	207	3628	37	396	586
-1064	288	3773	-52	364	642
-928	351	3914	-127	268	571
-812	193	3906	-144	311	593
-853	-142	4138	-90	437	529
-1031	-459	4395	-10	336	398
-1120	-325	4387	60	86	212
-1031	-23	4039	138	11	209
-867	212	3757	185	8	263
-689	252	3442	205	132	351
-616	154	3367	169	294	309
-635	-1	3525	67	411	202
-602	-68	3631	3	236	56
-643	-151	3499	-18	-19	-174
-590	-217	3036	-13	-154	-524
-572	-345	2445	28	-237	-874
-371	-51	1948	11	-121	-1300
-253	327	1985	52	-22	-1283
-11	487	2061	58	-92	-922
-25	569	2713	-206	93	-920
-370	1216	3750	-426	-62	-480
-944	1294	4257	-451	-711	426
-1355	704	4329	-340	-1231	545
-1634	366	4094	-20	-1847	437
-1824	-1060	3189	378	-1054	54
-3147	-814	3845	391	74	-1070
-3684	-611	4507	402	213	-617
-2048	-75	5055	558	800	438
-1251	-169	6989	214	711	339
-2502	-612	8254	54	-655	158
-2287	418	6922	-91	-897	179
-1235	270	5471	-484	-555	520
-1165	-282	4553	-739	199	304
-1197	-549	4216	-989	390	-70
-1071	-788	3732	-1056	356	-332
-871	-740	3063	-764	469	-422
-709	-588	2477	-518	706	-318
-489	-498	2046	-362	1000	-261
-459	-118	1957	-340	1332	-108
-468	245	2129	-369	1358	389
-429	351	2713	-249	1311	1088
-387	108	3166	-130	798	1285
-601	-87	3362	44	-160	1231
-795	-95	3236	279	-1248	1193
-612	-431	2896	390	-2044	1218
-371	-976	2393	388	-2224	1069
-256	-1301	2486	189	-1606	635
-516	-904	2705	174	-919	529
-1495	-334	2995	315	-934	807
-2970	673	2537	442	-1174	1185
-2707	538	2839	111	117	944
-2339	-204	5932	-133	858	216
-2118	-788	7809	-118	204	-1031
-2157	-167	8919	-27	-1049	-1269
-1951	580	6778	67	-2380	-1029
-1098	1604	4908	345	-1452	-123
-909	1851	4395	538	-242	1267
-802	645	4485	158	1342	1202
-1303	-26	5129	22	1450	744
-1501	-280	4784	211	642	442
-1103	-299	3759	414	131	290
-658	-331	2960	401	202	122
-385	-520	2416	409	346	-158
-101	-743	2086	308	713	-608
-117	-858	2088	254	1036	-952
-566	-522	2406	232	978	-1343
-1168	37	2570	90	107	-1926
-724	387	2105	-1	-1028	-2865
-77	757	1678	13	-740	-3128
191	1473	2189	5	477	-2068
-810	1665	3609	-74	980	-414
-1222	815	4399	0	-108	349
-1501	477	3802	32	-1269	17
-2444	-152	2918	239	-1470	36
-2570	-872	2890	338	8	-802
-2475	-194	4760	629	483	0
-2647	443	5113	777	227	797
-2009	232	7313	512	222	252
-2603	250	9778	193	397	459
-1115	-53	7321	-500	-1703	771
-901	-885	4529	-794	-1363	510
-875	-1390	4093	-833	-201	-457
-797	-902	3704	-788	150	-897
-583	-392	3062	-532	900	-805
-721	15	3067	-396	1897	-520
-793	81	3535	-310	2206	-232
-984	-194	3830	-192	1754	60
-1065	-402	3461	-165	845	144
-977	-203	2688	-212	282	201
-713	138	2249	-230	431	431
-475	353	2644	-65	751	888
-271	140	3295	115	304	1090
-411	-225	3454	249	-745	1291
-489	-544	2806	266	-1500	1326
-387	-830	2570	155	-1289	1134
-418	-1050	2827	127	-805	794
-535	-1032	3148	139	-406	405
-881	-569	3253	112	-524	199
-1704	311	3320	-20	-578	390
-3009	1081	2754	11	-394	1540
-3148	886	3532	8	711	1647
-2991	34	4989	26	416	952
-1778	-1558	5739	-185	661	-1122
-2228	-488	7994	-35	-366	-1585
-2587	395	7375	131	-390	-1328
-1297	539	6879	480	-673	-1342
-974	1786	5136	791	-989	-826
-777	2324	3738	806	-373	523
-1775	-299	3746	-88	-242	164
-1635	-252	3522	-104	-175	154
-1587	-134	3558	-84	-59	105
-1596	-141	3683	-5	-33	159
-1626	-155	3714	24	-86	108
-1677	-149	3696	0	-111	48
-1704	-111	3646	-40	-115	50
-1645	-116	3601	-39	-63	81
-1614	-142	3615	-12	-3	63
-1583	-199	3648	5	18	11
-1555	-224	3677	0	-16	-67
-1519	-193	3627	-20	-82	-126
-1449	-105	3503	-68	-88	-150
-1351	-44	3514	-123	-9	-131
-1370	-190	3922	-8	124	-126
-1627	-335	4287	161	38	-149
-1736	-353	3997	218	-274	-259
-1617	-320	3299	149	-335	-356
-1494	-314	3011	83	9	-430
-1405	-296	3334	167	500	-475
-1547	-318	3922	263	670	-528
-1523	-198	4232	218	483	-622
-1523	74	4127	115	223	-555
-1450	236	3788	17	75	-396
-1356	146	3602	-43	190	-251
-1316	71	3652	-37	434	-130
-1357	-28	3781	-43	545	-22
-1315	-213	3829	-97	517	-101
-1316	-280	3837	-166	395	-248
-1329	-116	3661	-216	252	-283
-1094	-6	3526	-205	280	-172
-990	88	3497	-156	330	28
-855	65	3516	-128	369	193
-825	122	3479	-181	354	306
-824	200	3364	-335	262	431
-876	424	3175	-417	115	617
-587	405	2993	-396	-226	1092
-328	-20	2702	-314	-515	1358
-405	-325	2518	-266	-819	1300
-320	-469	2559	-206	-1190	1161
36	-981	3077	146	-1116	1388
-672	-1408	3672	419	-1041	1079
-1021	-1262	4008	354	-1028	519
-1017	-460	3901	34	-1228	419
-1254	124	3703	-228	-1325	773
-1882	297	3230	-313	-1532	1305
-2976	232	2328	-348	-1119	1519
-2906	-45	2621	-335	99	1728
-3148	-215	4249	-133	292	1206
-2369	-1292	5809	37	608	15
-2599	-474	8101	233	-298	-1196
-2929	655	7259	262	-1193	-1211
-1714	858	6432	460	-594	-1010
-1252	1512	5134	691	-669	-178
-870	1829	3845	607	-161	838
-973	1074	3728	450	568	1402
-1344	412	3766	314	818	1349
-1272	-109	3723	268	1011	924
-1287	-220	3415	326	907	417
-1161	-178	2905	378	638	-49
-861	-138	2398	402	462	-413
-571	-269	2096	457	523	-669
-171	-639	2011	497	677	-976
-194	-474	2373	324	829	-1476
-546	139	3006	-54	223	-1658
-895	714	3238	-360	-1037	-1493
-817	1005	2822	-537	-1976	-1192
-91	674	2331	-326	-1763	-784
57	704	2727	-32	-909	-604
-742	952	3415	171	-541	12
-2456	687	3745	241	-837	548
-3596	-728	3061	336	-494	-104
-3730	-478	4042	353	848	-712
-2899	-644	5236	258	667	127
-1810	-857	6315	203	597	19
-2541	-1107	8470	204	-382	-851
-2962	-399	7585	395	-2128	-1272
-1491	949	5225	202	-1274	-919
-1077	884	4207	-315	151	-475
-1308	548	4013	-732	989	-539
-1480	155	4004	-916	773	-261
-1356	-413	3495	-779	356	-70
-930	-679	2811	-616	144	-308
-632	-462	2194	-431	272	-565
-587	82	2009	-276	617	-376
-369	447	2127	-62	957	219
-266	332	2596	96	939	893
-487	85	3064	61	318	1239
-683	-175	3032	-12	-722	1330
-638	-396	2806	45	-1089	1224
-557	-585	3011	235	-853	1014
-611	-669	3591	262	-689	901
-1057	-912	3577	10	-1239	762
-1313	-802	2752	-196	-1637	526
-1436	-357	2165	-289	-1023	591
-2349	711	2798	-328	812	1060
-3123	651	4690	-151	1011	1264
-3240	380	5593	-89	393	743
-2108	-732	6500	-96	-21	205
-2024	-442	7529	-118	-1097	-397
-1974	171	6313	47	-1899	-322
-1504	267	4979	270	-1028	-300
-972	984	4842	429	385	-408
-811	1632	4689	537	771	-362
-1146	1892	4555	325	729	73
-1213	1177	4039	227	209	917
-843	206	2927	265	-28	1210
-489	-394	1964	222	449	841
-297	-690	1692	131	1219	433
-163	-894	2000	195	1674	-130
-352	-786	2797	75	1764	-1005
-554	-308	3654	36	1327	-1494
-1067	348	4214	-50	217	-1503
-1165	641	3791	-262	-1480	-1422
-660	727	2748	-470	-2222	-1239
43	941	2140	-401	-1578	-1020
274	1252	2392	-207	-292	-78
-531	900	3452	-44	315	797
-1498	490	4199	-55	-126	891
-2368	153	4354	-155	-652	563
-2556	-911	3827	-48	-632	-217
-3023	-730	3545	64	43	-1084
-2834	165	4299	198	111	-120
-1942	473	4675	241	284	815
-1831	-162	7020	382	259	716
-2692	-240	8264	426	212	704
-1376	311	6933	-300	-1190	385
-1069	-68	4832	-698	-1296	149
-984	-424	3941	-817	-686	-356
-855	-544	3362	-785	-160	-623
-1306	175	4014	-5	58	-318
-1306	175	4014	-5	58	-318
-1306	175	4014	-5	58	-318
-1330	191	4045	107	-31	-62
-1325	20	3937	205	-142	26
-1431	-64	3682	251	-317	-75
-1340	-54	3444	313	-323	-146
-1302	-185	3368	441	-4	-144
-1228	-201	3858	480	229	-268
-1398	-208	4250	369	103	-289
-742	-1159	4218	620	-573	692
-742	-1159	4218	620	-573	692
-742	-1159	4218	620	-573	692
-742	-1159	4218	620	-573	692
-742	-1159	4218	620	-573	692
-742	-1159	4218	620	-573	692
-742	-1159	4218	620	-573	692
-742	-1159	4218	620	-573	692
-742	-1159	4218	620	-573	692
-742	-1159	4218	620	-573	692
-742	-1159	4218	620	-573	692
-742	-1159	4218	620	-573	692
-742	-1159	4218	620	-573	692
-742	-1159	4218	620	-573	692
-742	-1159	4218	620	-573	692
-742	-1159	4218	620	-573	692
-742	-1159	4218	620	-573	692
-742	-1159	4218	620	-573	692
-742	-1159	4218	620	-573	692
-742	-1159	4218	620	-573	692
-742	-1159	4218	620	-573	692
-742	-1159	4218	620	-573	692
-742	-1159	4218	620	-573	692
-742	-1159	4218	620	-573	692
-742	-1159	4218	620	-573	692
-742	-1159	4218	620	-573	692
-742	-1159	4218	620	-573	692
-742	-1159	4218	620	-573	692
-742	-1159	4218	620	-573	692
-742	-1159	4218	620	-573	692
-742	-1159	4218	620	-573	692
-742	-1159	4218	620	-573	692
-920	-773	4164	571	-903	703
-681	-278	3881	328	-1108	489
-592	162	3611	157	-1252	565
-1135	277	3271	-42	-1376	793
-2268	721	2747	-308	-1176	1032
-2495	1256	2454	-437	11	2135
-2677	138	3623	-433	488	2403
-2322	-1353	4485	-278	213	1246
-1683	-2994	5617	-159	663	-456
-2341	-2446	8053	-16	292	-1511
-2609	-508	7727	143	-1232	-1681
-1911	670	6076	600	-724	-1590
-1241	2095	4983	985	-332	-1072
-1121	-93	2708	84	302	1486
-1121	-93	2708	84	302	1486
-1121	-93	2708	84	302	1486
-1121	-93	2708	84	302	1486
-857	-876	2535	127	1097	929
-928	-1212	3135	256	1646	182
-812	-1148	3381	368	1296	-709
-743	-1003	3268	445	449	-1481
-410	-433	2658	317	-262	-2082
-523	297	2278	158	-776	-2165
-776	743	2140	2	-1292	-1957
-515	1293	1993	-289	-1422	-1934
0	1685	2104	-542	-495	-1497
-191	1285	3063	-210	409	21
-691	513	4179	-47	280	423
-1382	294	4557	78	-671	470
-2103	147	4054	92	-1780	365
-2708	-842	2798	161	-1330	169
-3017	-1927	3607	193	336	-718
-2656	-609	5116	301	642	-315
-1773	-60	6029	374	745	277
-1850	-348	7908	427	238	-48
-2543	81	8227	379	-592	-46
-1649	444	6639	-46	-1182	141
-1219	154	4595	-476	-797	-13
-1058	-165	3770	-752	4	-220
-1010	-369	3490	-773	460	-223
-1077	-536	3268	-612	681	-193
-1170	-474	2960	-484	912	-132
-1058	-278	2659	-434	1161	-4
-833	-32	2455	-403	1301	177
-621	227	2348	-441	1213	402
-384	472	2545	-439	954	751
-178	439	2797	-245	394	1189
-207	120	2819	-19	-213	1364
-578	-89	2824	164	-663	1284
-692	-150	2945	376	-1055	1510
-525	-540	3146	420	-1260	1814
-466	-975	3205	347	-1463	1639
-519	-1533	2992	276	-1249	1205
-702	-1713	2892	274	-529	179
-1591	-520	3298	30	-124	-582
-2326	828	3540	-241	15	-153
-3042	964	4126	-260	440	837
-2702	41	4745	-117	2	397
-2419	-685	5308	-81	-67	-169
-1711	-1477	7576	-80	178	-543
-2287	-198	8000	159	-1222	-1288
-1353	993	5888	380	-959	-1030
-984	1465	5042	579	-192	-789
-1173	1723	4353	642	247	-292
-1118	1597	4059	297	533	435
-1187	356	3601	208	330	1320
-1161	-613	2929	158	322	936
-861	-832	2509	199	765	190
-779	-735	2433	330	1182	-387
-746	-607	2723	383	1348	-944
-503	-508	2766	295	1026	-1363
-334	-210	2808	246	807	-1633
-446	139	2948	197	176	-1902
-841	853	2809	-68	-1105	-2208
-622	1063	2277	-654	-1677	-2355
-208	1341	2193	-466	-838	-1296
-174	1094	2999	-201	363	47
-978	802	4277	-24	559	493
-1825	639	4918	88	-278	576
-2267	652	4464	39	-1138	475
-2610	-450	3466	165	-848	314
-2759	-1113	3682	181	439	74
-2122	-401	4418	64	419	387
-2043	-509	4935	-139	52	635
-1561	-1490	6760	348	-91	-7
-2304	-22	8038	737	418	101
-1363	759	6924	51	-744	-219
-1271	532	5250	-327	-921	-118
-1577	48	3674	55	-16	155
-1569	9	3675	39	-19	176
-1534	-17	3665	27	-11	182
-1526	-36	3697	13	1	165
-1547	-11	3773	-15	-44	153
-1541	9	3763	-30	-70	168
-1526	-12	3762	-23	-49	182
-1487	-54	3829	-21	-56	161
-1484	-65	3853	-23	-112	128
-1458	-56	3791	-26	-174	110
-1453	-52	3708	-42	-171	80
-1437	-30	3708	-53	-136	51
-1416	11	3740	-59	-110	46
-1428	84	3734	-69	-123	104
-1478	153	3688	-86	-154	163
-1525	219	3556	-127	-167	244
-1624	333	3324	-206	-87	355
-1662	473	3168	-293	114	593
-1650	500	3349	-358	306	739
-1581	330	3715	-358	425	788
-1503	-6	4115	-299	400	747
-1453	-213	4296	-165	271	687
-1362	-243	4359	-1	128	600
-1182	-165	4222	107	-44	408
-1195	59	4036	184	-110	277
-1220	351	3804	200	-21	294
-1194	465	3710	182	88	361
-1146	486	3688	147	107	431
-1128	377	3621	114	124	498
-1037	207	3594	82	175	470
-970	57	3677	61	188	331
-920	21	3816	34	120	183
-876	34	3815	-10	-20	67
-868	81	3657	-102	-200	-58
-877	31	3385	-242	-385	-221
-672	80	2975	-367	-480	-406
-619	94	2615	-359	-403	-529
-424	120	2374	-252	-229	-497
-494	112	2435	-182	-76	-494
-657	161	2471	-175	-202	-516
-480	226	2646	-248	-217	-522
-416	227	3191	-257	-150	-527
-705	456	3820	-215	-378	-456
-854	572	4253	-173	-787	-218
-1121	449	4511	-102	-1216	-283
-2008	467	3991	37	-1669	-474
-2621	-707	2905	272	-1052	-699
-3058	-693	2974	555	218	-1085
-2701	-439	4167	740	756	-423
-2001	-26	5004	496	619	-55
-2654	-216	6607	35	197	-354
-3270	-355	7770	103	-909	-661
-1792	586	6784	48	-690	229
-1397	69	4724	-405	-316	531
-1367	-814	4216	-542	664	97
-1389	-966	4617	-756	631	-689
-1443	-918	4015	-903	-279	-1012
-1000	-519	2754	-752	-202	-1003
-656	-79	2343	-465	645	-641
-650	392	2580	-276	1322	-72
-792	548	2882	-160	1313	590
-837	381	3000	-191	1088	1148
-776	210	2943	-328	768	1338
-766	172	2881	-380	125	1446
-496	-10	2502	-292	-663	1538
-376	-250	2142	-48	-774	1672
-610	-498	2101	57	-731	1732
-617	-676	2242	56	-662	1583
-569	-772	2775	112	-474	1477
-630	-1109	3327	174	-646	1279
-765	-926	3507	83	-783	744
-1482	128	3585	-98	-1269	861
-3436	764	2688	-255	-1911	1538
-3025	546	2373	-560	74	1729
-2981	12	5062	-633	784	1255
-2413	-830	6539	-556	545	-3
-1885	-1149	8268	-223	92	-166
-2753	122	7792	-5	-1451	-387
-2435	705	5750	165	-1214	-88
-1456	876	5034	395	471	46
-1290	1045	4778	377	800	178
-1505	1015	4523	273	798	472
-1554	479	4055	215	608	721
-1427	-134	3311	246	349	734
-1010	-470	2591	208	471	415
-847	-482	2152	266	600	30
-840	-184	1875	359	843	-320
-1008	-12	2119	323	1035	-721
-769	-190	2375	304	1024	-944
-498	-317	2588	191	1071	-1385
-409	172	2931	-116	681	-1760
-577	753	3376	-404	-594	-1765
-692	926	2947	-676	-1728	-1445
-569	829	2524	-566	-1483	-975
-450	444	2785	-190	-730	-398
-700	312	3575	30	-153	-255
-1418	561	4321	134	-888	-111
-2816	128	3417	450	-1256	133
-3068	-1123	3401	798	33	-770
-3420	-684	4849	524	360	-507
-2246	-1228	5315	328	253	-282
-1578	-874	7048	536	302	-612
-2519	-334	7870	780	-996	-924
-2047	1300	5931	674	-1014	-308
-1263	1290	5432	32	-132	-253
-1179	-1052	2802	-557	468	-295
-1179	-1052	2802	-557	468	-295
-1179	-1052	2802	-557	468	-295
-1179	-1052	2802	-557	468	-295
-1006	-825	2648	-437	1027	-430
-1003	-368	2673	-530	1316	-387
-915	81	2598	-667	1234	-143
-777	298	2541	-683	836	304
-607	430	2553	-454	380	776
-278	364	2478	-112	301	1235
-286	227	2680	190	349	1378
-361	150	3111	329	-83	1343
-566	174	3308	308	-810	1511
-612	144	3112	217	-1395	1781
-407	-137	2872	114	-1477	2050
-155	-728	3056	164	-964	1855
-639	-929	3558	60	-745	1308
-1536	-739	3737	-148	-1002	1089
-2946	220	2918	-452	-1109	1070
-3460	178	2709	-316	314	2186
-3321	-449	4484	-190	963	1061
-2623	-808	5718	19	827	263
-2075	-1540	8199	85	573	-460
-3091	-142	8735	79	-1498	-1073
-2071	534	5536	133	-2134	-479
-1125	-354	4110	-149	164	362
-1125	-354	4110	-149	164	362
-1125	-354	4110	-149	164	362
-1115	-439	4181	-95	-1	401
-1115	-476	4165	-34	-224	384
-948	-392	4013	62	-427	393
-749	-238	3798	153	-505	504
-640	-44	3703	207	-382	623
-922	15	3879	175	-290	724
-1464	-152	3903	18	-251	746
-1558	-175	3690	-343	-79	646
-716	-28	4045	-169	-639	-690
-716	-28	4045	-169	-639	-690
-716	-28	4045	-169	-639	-690
-716	-28	4045	-169	-639	-690
-716	-28	4045	-169	-639	-690
-716	-28	4045	-169	-639	-690
-716	-28	4045	-169	-639	-690
-716	-28	4045	-169	-639	-690
-716	-28	4045	-169	-639	-690
-716	-28	4045	-169	-639	-690
-716	-28	4045	-169	-639	-690
-716	-28	4045	-169	-639	-690
-716	-28	4045	-169	-639	-690
-716	-28	4045	-169	-639	-690
-716	-28	4045	-169	-639	-690
-716	-28	4045	-169	-639	-690
-716	-28	4045	-169	-639	-690
-716	-28	4045	-169	-639	-690
-716	-28	4045	-169	-639	-690
-716	-28	4045	-169	-639	-690
-716	-28	4045	-169	-639	-690
-716	-28	4045	-169	-639	-690
-716	-28	4045	-169	-639	-690
-716	-28	4045	-169	-639	-690
-716	-28	4045	-169	-639	-690
-716	-28	4045	-169	-639	-690
-716	-28	4045	-169	-639	-690
-716	-28	4045	-169	-639	-690
-716	-28	4045	-169	-639	-690
-716	-28	4045	-169	-639	-690
-716	-28	4045	-169	-639	-690
-716	-28	4045	-169	-639	-690
-586	125	3970	-113	-808	-596
-805	166	3738	14	-896	-400
-1343	314	3456	104	-964	-324
-2084	-432	2983	223	-654	-643
-2602	-785	3013	300	197	-1280
-2965	-668	3758	508	180	-716
-2372	81	4372	779	111	305
-2304	-433	6421	761	-71	525
-2604	389	8664	928	756	1001
-2100	724	8479	137	-1008	1638
-1311	450	4899	-665	-1618	1525
-1007	-467	3863	-1006	-766	611
-719	-994	3612	-1255	-637	-116
-799	-49	2746	-201	2194	-79
-799	-49	2746	-201	2194	-79
-799	-49	2746	-201	2194	-79
-799	-49	2746	-201	2194	-79
-1274	37	3777	-165	2013	382
-1337	-29	4265	-402	964	602
-993	154	4103	-547	24	630
-629	312	3784	-395	-488	869
-333	152	3514	-114	-896	1030
-274	-311	2964	140	-1256	1053
-196	-678	2245	212	-1319	888
-97	-661	1603	34	-966	788
121	-700	1725	-50	-9	798
-214	-984	2930	93	710	516
-863	-1293	4161	297	424	7
-1068	-1145	4788	437	-390	-329
-869	-888	4475	460	-1158	-483
-918	-402	3573	417	-1254	-534
-1524	63	3087	282	-721	-455
-2199	429	3331	35	194	160
-2415	-237	4356	84	541	222
-2682	-330	4980	172	55	-242
-1790	-239	5106	202	-220	-348
-1772	214	6084	422	-472	-339
-2268	1108	6630	-1	219	-406
-1295	249	6890	10	218	-233
-1418	275	5037	430	-95	-324
-1130	848	4215	528	320	263
-906	748	3947	368	449	904
-1021	255	3357	182	512	1044
-1007	-184	2947	111	1005	809
-1009	-355	3092	196	1617	435
-1216	-146	3383	313	1538	124
-1321	18	3250	352	1109	-165
-1159	-46	2825	398	717	-336
-616	-378	2464	349	530	-523
-143	-560	2447	169	648	-824
-408	-52	2998	-65	638	-977
-946	524	3346	-321	-53	-997
-995	682	3052	-526	-1073	-1009
-314	728	2431	-700	-1364	-1193
134	804	2202	-306	-811	-1009
-162	1109	2746	-130	-34	-410
-943	884	3320	-22	82	415
-1904	181	3822	-34	-404	522
-3008	-936	3242	125	-979	274
-3115	-2390	3432	400	433	-328
-3413	-1282	5611	308	124	-1207
-2333	-13	5601	454	-270	447
-1364	572	6813	477	344	643
-2391	-249	8135	104	-934	379
-2132	-521	6275	32	-1198	416
-1443	-873	5193	-213	-407	237
-1410	-1020	4625	-319	148	-291
-1419	-778	4396	-363	481	-587
-1393	-616	4213	-437	432	-823
-1209	-246	3786	-396	245	-867
-496	533	2563	-548	791	547
-496	533	2563	-548	791	547
-496	533	2563	-548	791	547
-496	533	2563	-548	791	547
-425	429	2795	-420	506	1157
-421	-166	2827	-182	-249	1458
-555	-575	2512	17	-979	1254
-403	-560	2099	324	-1101	1273
-242	-723	2235	616	-486	1411
-382	-1177	3063	570	-52	1031
-672	-1271	3689	395	-194	95
-888	-706	4164	259	-208	-298
-1179	-478	4074	104	-847	-341
-1219	-197	3237	-37	-1371	-349
-1192	185	3091	-195	-1001	-276
-1770	449	3606	-95	286	716
-2757	-22	4904	6	430	1001
-1335	-354	3607	-183	-171	-220
-1364	-83	3672	-156	-98	-271
-1485	55	3825	-122	-12	-233
-1541	63	3935	-66	-58	-143
-1514	-8	3883	-22	-147	-73
-1523	-90	3752	-40	-248	-59
-1462	-148	3615	-86	-271	-70
-1463	-115	3596	-117	-233	-29
-1453	-56	3627	-115	-183	68
-1474	19	3657	-105	-123	109
-1541	56	3779	-91	-147	140
-1521	45	3748	-96	-262	167
-1521	-121	3610	-73	-344	200
-1551	-431	3434	-34	-388	105
-1555	-640	3326	19	-291	-97
-1549	-796	3404	100	-71	-210
-1554	-796	3690	168	142	-296
-1535	-627	4169	181	238	-427
-1575	-200	4441	94	-61	-541
-1439	66	4076	-31	-373	-461
-1240	120	3685	-155	-345	-288
-1141	106	3612	-255	-130	-71
-1136	17	3662	-309	117	106
-1173	-113	3809	-312	258	210
-1255	-316	3974	-313	183	222
-1300	-418	3902	-327	39	203
-1237	-359	3713	-326	-50	190
-1122	-392	3475	-294	32	193
-1011	-360	3557	-243	233	130
-1003	-251	3724	-190	289	177
-993	-155	3854	-171	206	256
-936	-62	3842	-184	80	357
-852	69	3793	-251	-38	484
-740	163	3652	-329	-139	694
-738	228	3487	-365	-200	895
-619	124	3282	-374	-335	1140
-507	-165	3047	-410	-378	1201
-389	-388	2829	-466	-374	1205
-291	-526	2791	-476	-431	1145
-184	-764	2771	-337	-525	1094
-245	-1003	2858	-105	-391	896
-432	-912	2989	68	-297	678
-634	-805	3248	64	-343	569
-558	-463	3475	84	-543	592
-801	-432	3651	67	-729	779
-1475	-451	3467	-216	-1130	781
-2472	305	2828	-594	-932	855
-3182	452	2755	-622	-1	1636
-3069	-131	3888	-485	304	1502
-2340	-1091	4948	-134	440	558
-1544	-2074	6663	355	790	-140
-2648	-1308	7912	414	-264	-1286
-2693	-158	7195	495	-1377	-1586
-1689	1214	5266	736	-588	-1251
-1316	1680	4535	810	395	-581
-1224	1707	3986	665	602	-157
-1238	1307	3713	516	718	371
-1191	451	3442	472	589	840
-1015	-169	2800	373	428	730
-742	-433	2131	280	662	414
-686	-671	1969	336	1144	201
-763	-888	2160	359	1270	-277
-308	-807	2506	347	1077	-933
-112	-482	2905	437	787	-1332
-590	-46	3241	576	58	-1504
-1024	358	3341	301	-1539	-1750
-993	773	2646	-74	-2496	-1835
-465	1056	2047	-381	-1784	-1528
87	1259	2371	-91	-661	-1156
-1338	1967	3042	271	-98	-87
-3639	113	2870	614	61	686
-4094	-1200	3435	304	809	240
-3412	-1276	5663	8	942	295
-2572	-1794	7157	173	194	552
-2100	-1401	8189	465	-666	-171
-2350	-325	7012	245	-1904	-964
-1472	806	5145	185	-1222	-758
-1272	823	5126	-118	320	-137
-1727	57	5060	-578	845	230
-1874	-585	4843	-731	662	260
-1487	-718	4256	-752	222	64
-1056	-524	3333	-651	-21	-54
-789	-202	2455	-505	67	-48
-460	149	1866	-436	338	13
-149	405	1637	-468	698	116
-113	589	1849	-533	1044	301
-439	688	2334	-477	990	906
-934	246	2611	-156	-90	1900
-786	-188	2280	27	-1259	2355
-597	-278	1711	-9	-1530	2500
-689	-662	1554	-77	-1051	2548
-445	-1098	2097	-36	-350	2468
-938	-2308	3107	152	-113	1381
-1972	-1504	3431	-8	-214	-254
-3006	-143	3595	-147	-37	220
-3333	61	4764	-189	142	44
-2927	200	5560	31	-182	-962
-1845	885	6840	-315	21	-1618
-2079	838	7941	-502	-881	-431
-2464	335	6954	-279	-1716	101
-1155	-135	5612	36	-364	399
-1013	377	5810	356	257	330
-1535	1076	5253	527	347	453
-1533	1044	4383	451	387	756
-1325	338	3653	394	568	1081
-1089	-262	3056	370	767	894
-870	-407	2719	407	1159	534
-910	-405	2690	535	1420	133
-1116	-261	2644	630	1180	-388
-1080	-170	2411	619	692	-849
-727	-287	2358	466	621	-1213
-499	-229	2740	287	574	-1598
-500	134	3032	106	47	-1808
-773	699	2965	10	-983	-1930
-633	938	2466	-427	-1588	-2030
-271	1016	2113	-280	-1041	-1798
-110	1583	2535	-52	-268	-1146
-745	1318	3437	21	-59	380
-1360	525	3983	50	-472	793
-2678	-47	4054	-62	-1072	422
-2747	-1057	3444	-17	-417	-165
-2892	-715	4533	295	57	-492
-2373	420	4750	475	-442	1035
-2562	-130	6060	540	-612	1904
-1845	-359	7420	614	279	976
-1773	-73	8276	20	-215	1291
-1201	-474	6114	-610	-1280	489
-1383	-583	4876	-813	-938	-212
-1220	-598	4157	-897	-761	-423
-746	-338	3343	-756	-152	-390
-1294	-176	3599	-213	79	-28
-1319	-281	3756	-153	53	-74
-1278	-273	3802	-171	-75	-148
-1285	-195	3747	-204	-128	-182
-1225	-79	3809	-189	-30	-214
-1244	125	3931	-123	-82	-118
-1241	138	3800	-19	-145	46
-1263	108	3682	21	-93	33
-1279	56	3764	-5	-20	16
-1298	23	3903	-71	-70	-21
-1303	5	3849	-83	-201	-28
-1316	-53	3698	-30	-209	-58
-1378	-142	3582	69	-174	-93
-1421	-240	3506	169	-154	-126
-1405	-282	3413	246	-145	-189
-1550	-321	3459	251	24	-237
-1645	-537	3519	227	272	-408
-1369	-572	3579	196	588	-745
-1180	-315	3913	196	700	-853
-1099	90	4258	190	522	-796
-1049	394	4461	175	250	-435
-1108	570	4499	62	112	-51
-1105	481	4285	-122	37	309
-1086	15	4049	-326	132	351
-1016	-302	3837	-428	222	165
-952	-367	3729	-384	239	-13
-967	-333	3634	-318	210	-192
-905	-179	3627	-263	269	-251
-865	54	3737	-230	248	-110
-808	164	3682	-185	190	168
-712	198	3705	-146	182	443
-719	228	3806	-107	5	668
-775	178	3890	-150	-191	874
-722	84	3659	-272	-476	1001
-688	54	3296	-390	-661	1088
-568	2	2801	-421	-652	1243
-317	-304	2601	-405	-468	1305
-236	-738	2771	-372	-414	1074
-315	-1033	3197	-225	-365	740
-475	-921	3569	46	-546	633
-622	-678	3515	261	-901	767
-712	-605	3021	278	-1181	766
-520	-486	2705	86	-1000	463
-365	-528	2787	-15	-722	447
-642	-717	3302	-87	-644	421
-1769	-846	3712	-253	-909	503
-2863	195	3439	-562	-609	650
-3171	507	4387	-437	107	1303
-3102	38	5400	-446	-210	488
-1924	-795	5938	-471	96	-657
-1530	-859	7332	123	-340	-944
-1618	279	7133	391	-1220	-760
-1558	20	5975	471	-445	-849
-1479	760	5306	678	-433	-888
-1246	1548	4151	655	150	-270
-1073	1322	4057	548	708	379
-1350	805	3977	499	553	723
-1301	330	3386	536	423	986
-1093	-21	2951	547	545	832
-791	-136	2549	427	728	478
-797	-131	2445	388	1013	60
-959	0	2550	299	1156	-333
-1072	93	2845	269	1110	-476
-876	-36	2939	250	815	-546
-579	-244	2834	168	522	-706
-336	-274	2815	-26	304	-1021
-311	123	3222	-331	-20	-1285
-631	601	3472	-583	-682	-1214
-494	702	3176	-651	-1245	-937
-34	726	2472	-648	-1124	-963
146	838	2561	-473	-123	-745
-232	1123	3615	-350	573	-181
-935	1002	4621	-193	249	630
-1580	402	4780	-106	-642	946
-2487	-45	4026	24	-1474	768
-2278	-1707	3142	161	-857	-99
-3249	-1567	4244	367	266	-1340
-3146	-67	5149	453	-82	-466
-1967	547	5449	319	69	357
-1621	192	7340	205	-16	242
-1953	-24	7586	-30	-588	521
-1100	-159	6086	-360	-1112	410
-1126	-558	4382	-425	-773	155
-1012	-565	3664	-395	82	-279
-957	-438	3514	-275	625	-392
-997	-246	3448	-217	887	-384
-1052	-43	3309	-327	990	-267
-1040	35	3254	-413	911	-36
-1028	26	3137	-401	658	205
-886	-14	2976	-365	395	407
-690	52	2778	-373	339	506
-650	273	2971	-307	399	724
-664	396	3157	-102	238	1134
-406	95	3248	162	-59	1438
-227	-292	3296	349	-559	1521
-539	-604	3057	223	-771	1374
-317	-570	2590	0	-970	1010
-25	-650	2475	-53	-645	855
-56	-814	2827	50	-154	661
-536	-818	3451	244	76	288
-614	-514	4069	429	-53	168
-1391	-297	4304	380	-678	295
-2307	24	3848	46	-984	162
-2221	678	3429	-53	-93	678
-2269	-228	4354	187	204	681
-2164	-787	4521	246	-86	-375
-1848	-1278	5315	182	154	-1127
-1755	-515	6320	245	-277	-1351
-1776	1094	6481	359	-476	-1015
-1154	1668	5976	537	-261	-600
-1218	2090	5438	470	42	-32
-1442	1631	4921	142	208	784
-1475	537	4550	-64	249	1243
-1392	-87	4268	-47	110	1214
-1135	-616	3526	93	54	830
-878	-672	3025	273	420	170
-897	-449	2873	409	659	-204
-778	-393	2564	488	517	-548
-598	-390	2377	424	434	-898
-419	-365	2315	217	491	-1216
-376	34	2485	-4	541	-1543
-678	522	2845	-61	229	-1613
-784	1022	2905	-185	-502	-1528
-598	1013	2728	-414	-898	-1169
-293	658	2681	-296	-301	-616
-179	527	3276	-173	418	-315
-600	719	4159	-100	212	37
-919	590	4296	-167	-563	381
-1183	669	4009	-321	-985	441
-1790	206	3647	-186	-847	641
-1921	-241	3668	-18	-13	-117
-1863	-280	3687	15	-57	-98
-1835	-320	3655	50	-112	-122
-1719	-262	3562	71	-152	-127
-1645	-246	3444	109	-108	-57
-1628	-363	3452	169	-22	-38
-1700	-437	3550	207	28	-106
-1723	-374	3656	224	94	-101
-1720	-315	3814	224	65	-76
-1717	-227	3825	279	-39	-19
-1654	-290	3815	352	-123	-13
-1593	-279	3901	406	-219	-72
-1605	-175	3873	376	-341	-45
-1550	-98	3777	285	-452	-55
-1520	0	3664	215	-541	-19
-1545	14	3453	150	-616	103
-1577	-11	3259	0	-582	207
-1558	72	3080	-268	-394	329
-1727	53	3051	-574	-389	398
-1936	-56	2817	-852	-537	402
-1820	-287	2719	-806	-316	507
-1633	-420	3342	-598	381	658
-1502	-204	4408	-480	573	532
-1456	-179	4788	-321	112	352
-1346	177	4894	-93	-170	193
-1327	128	5037	247	-484	205
-1038	278	4770	398	-609	297
-884	296	4395	389	-568	446
-894	438	4002	328	-309	540
-878	515	3806	309	17	638
-898	430	3716	306	236	720
-879	351	3590	290	313	744
-838	234	3342	283	284	737
-822	96	3059	206	271	566
-826	60	2951	150	281	356
-862	19	2952	97	196	179
-897	-80	2797	59	-33	-38
-687	-162	2409	5	-155	-345
-538	-96	2329	-64	-131	-566
-578	334	2249	-146	-104	-629
-481	583	2624	-132	8	-355
-602	460	3330	-194	-149	-309
-880	874	3758	-309	-784	-292
-984	964	3576	-292	-1186	300
-1494	712	3514	-265	-1301	347
-2204	-240	2771	117	-1010	476
-3055	-1181	2698	270	-233	-643
-3447	-810	3297	311	207	-687
-2352	-338	3796	371	544	233
-1694	-146	5327	401	921	474
-2677	-203	7868	125	11	56
-3498	-210	8269	82	-1205	-69
-2029	273	6716	-58	-1130	383
-1364	-419	4990	-408	-775	491
-1194	-847	4252	-665	9	-106
-1328	-753	4039	-858	267	-630
-1257	-603	3471	-869	114	-919
-900	-221	2760	-598	514	-822
-703	93	2710	-372	1148	-347
-613	269	3016	-244	1337	196
-530	464	3011	-336	877	696
-477	464	2710	-469	269	1171
-739	325	2525	-548	-551	1607
-822	167	1930	-459	-1333	1968
-658	-246	1348	-223	-1311	2210
-285	-846	1498	163	-693	2043
-458	-1317	2253	500	42	1440
-1121	-1664	3480	454	-151	565
-1170	-1467	3567	316	-921	55
-1750	-609	3194	194	-1578	73
-2866	877	2129	11	-1682	427
-2763	1435	2574	-17	325	1241
-2595	849	5220	-65	444	866
-2276	-292	6768	-292	-44	-702
-2168	-641	8876	-391	-386	-750
-3052	-598	8518	-132	-1728	-678
-1332	22	5771	490	-1251	-645
-957	1238	4909	1017	28	-224
-1423	1702	4934	785	421	16
-1433	1353	4446	483	408	439
-1256	395	3879	373	332	931
-1019	-359	3297	347	499	605
-778	-643	2947	362	873	7
-791	-527	2639	418	939	-620
-677	-365	2256	411	943	-1169
-564	-444	2194	428	1001	-1483
-396	-588	2449	396	1012	-1780
-640	-278	2949	263	610	-2265
-964	329	3028	182	-577	-2425
-939	973	2477	-281	-1777	-2480
-418	1088	1876	-318	-1698	-2239
241	1381	1950	-148	-678	-1902
-46	2105	2895	-320	357	-643
-961	1187	4024	-54	-56	1015
-2138	692	4238	-79	-761	798
-3237	-217	3784	116	-886	794
-3046	-1530	4027	98	173	203
-2769	-100	4825	68	-46	411
-2089	86	4287	106	-203	1316
-1807	-69	6158	-74	345	803
-2666	-294	8678	45	448	717
-1585	-173	7823	-254	-1169	524
-1152	-568	5057	-514	-1256	337
-1165	-759	4142	-644	-424	-233
-1019	-365	3912	-706	-16	-521
-921	-107	3505	-556	415	-350
-1006	37	3285	-456	874	-95
-936	69	2992	-436	1093	134
-998	24	2796	-466	1070	363
-868	-83	2460	-479	791	524
-755	-180	2063	-514	572	648
-667	-14	1881	-556	719	724
-578	273	2292	-429	1123	950
-486	185	3078	-149	881	1417
-444	-270	3712	144	4	1586
-820	-644	3851	214	-1125	1548
-768	-665	3034	112	-1963	1425
-328	-719	2412	-150	-1637	1214
-82	-914	2456	-344	-956	778
-369	-1171	2919	-297	-500	264
-1057	-726	3566	-106	-274	251
-2658	-65	3600	67	-319	932
-2962	54	3984	-21	829	1154
-3069	-77	5301	-81	373	597
-2453	-407	5401	-84	-86	-438
-2293	519	7519	-120	-612	-320
-2394	-104	7773	-193	39	-913
-1230	401	7004	231	-808	-941
-1168	1356	5573	688	-875	-153
-1331	1470	4391	622	-539	685
-1554	-457	4389	-564	376	790
-1542	-451	4386	-699	-19	508
-1527	-183	4260	-736	-262	490
-1736	133	4027	-570	-222	1018
-1783	201	3935	-381	46	1449
-1894	4	3783	-297	167	1630
-1853	-73	3578	-327	193	1519
-1765	-45	3273	-362	98	1339
-1647	-115	3165	-278	153	1044
-1670	-119	3413	-148	190	616
-1778	-30	3693	-2	242	373
-1738	253	3781	161	184	261
-1715	536	3799	328	144	381
-1660	713	3909	397	117	498
-1588	663	3982	334	58	587
-1552	568	3925	204	14	708
-1479	402	3808	127	-82	846
-1431	171	3621	106	-106	811
-1268	-84	3433	197	273	417
-1268	-84	3433	197	273	417
-1322	-53	3516	263	387	235
-1364	47	3644	277	406	62
-1410	66	3765	278	327	-89
-1440	119	3817	254	185	-242
-1415	104	3721	235	63	-346
-1263	93	3570	194	26	-476
-1119	276	3591	136	66	-512
-1085	447	3658	115	85	-358
-1040	486	3765	71	86	-228
-986	541	3998	-30	4	-98
-986	542	4035	-156	-188	24
-1030	354	3861	-275	-378	40
-901	197	3582	-388	-470	-82
-676	75	3354	-437	-374	-186
-767	-57	3231	-451	-193	-324
-778	27	3209	-440	-80	-438
-842	119	3137	-335	-28	-426
-878	109	2954	-229	-4	-491
-824	261	2826	-200	32	-547
-610	509	2854	-175	33	-307
-598	575	3014	-234	63	-20
-633	552	3261	-412	10	92
-797	409	3301	-525	-356	154
-810	310	2981	-536	-717	104
-621	160	2518	-394	-744	54
-439	-31	2585	-149	-287	103
-1016	-38	3247	87	-115	-63
-2176	391	4032	142	-755	-212
-3175	-32	3255	170	-795	-252
-3022	-608	4433	311	237	-942
-3846	-553	6083	500	-711	-207
-3708	-1003	6603	942	-710	950
-1525	888	8399	757	736	1795
-1903	-118	7211	63	-841	1670
-1859	-586	5206	-416	-1289	183
-1347	-476	4024	-854	-725	-789
-956	-793	3549	-965	37	-707
-702	-654	3137	-671	982	-682
-988	-353	3545	-375	1811	-563
-1224	-373	3959	-312	1548	-607
-1216	-195	3764	-370	710	-501
-919	-171	3031	-373	113	-232
-738	-107	2531	-330	243	-26
-620	-1	2589	-266	534	128
-423	254	3136	-157	575	351
-494	314	3697	108	248	784
-439	-23	3832	309	-418	924
-528	-180	3447	435	-1206	674
-364	-262	2574	466	-1598	620
-71	-513	2124	359	-1280	609
83	-471	2261	156	-549	503
-322	-577	2953	78	47	540
-732	-888	3676	141	-29	183
-690	-695	3991	298	-482	-44
-820	-543	3560	317	-856	120
-1528	-124	3207	79	-932	293
-2507	878	2768	-138	-748	1074
-3105	512	3278	-142	1013	1526
-3007	-310	5124	-180	797	993
-2225	-972	5477	60	-79	106
-1926	-1079	6119	465	-549	-69
-2111	339	6963	120	-837	-468
-1961	169	7547	-68	319	-1125
-1180	583	5756	500	-593	-1108
-1075	1412	4413	740	-327	-512
-820	1410	3982	660	37	352
-1072	962	3448	386	-170	1018
-972	53	2575	141	80	1160
-744	-366	2225	100	835	634
-779	-396	2607	160	1455	88
-958	-410	3143	258	1248	-383
-897	-258	3255	390	513	-721
-582	-83	2981	309	-3	-913
-581	318	2891	21	-530	-980
-652	738	2524	-339	-1055	-1031
-587	1033	2072	-606	-1100	-1279
93	1301	1921	-585	-267	-878
-151	907	2835	-206	880	280
-1081	761	4175	-58	771	600
-1205	633	4787	4	-91	938
-1352	96	4658	-25	-876	589
-2187	-246	3818	94	-1389	136
-2341	-1217	3098	145	-567	-715
-2622	-327	3986	259	393	-781
-1919	336	4591	332	277	376
-1935	-49	5340	272	297	826
-1996	-1079	7447	578	62	144
-2105	-77	8009	522	292	584
-1091	136	5976	-261	-679	222
-1221	-28	4837	-592	-194	-80
-1362	-392	4348	-833	-256	-667
-1047	-498	3516	-679	76	-839
-971	-446	3174	-356	700	-667
-971	-208	3146	-238	1123	-530
-986	65	3077	-251	1202	-326
-966	40	2905	-307	995	10
-918	-98	2609	-470	615	214
-833	-132	2462	-643	480	253
-642	212	2694	-554	643	436
-321	367	3008	-216	741	913
-325	-34	3444	160	387	1206
-640	-503	3736	305	-604	1103
-848	-535	3030	153	-1529	837
-461	-482	2258	11	-1365	869
30	-450	2615	-125	-683	631
32	-698	3398	-133	-289	570
-597	-974	3760	-56	-367	296
-1172	-293	4154	-46	-466	396
-2209	335	4156	-151	-664	995
-2819	202	4067	-228	-7	1314
-1537	-184	3694	-86	-90	132
-1459	-166	3678	-67	-85	-14
-1463	-34	3741	-6	-115	-15
-1475	90	3794	24	-120	64
-1516	131	3860	17	-144	138
-1548	98	3825	-17	-231	164
-1464	104	3731	-51	-270	174
-1482	52	3622	-56	-191	226
-1431	-92	3708	-29	-57	173
-1462	-152	3813	-2	-72	79
-1562	-172	3777	34	-165	-15
-1587	-24	3649	42	-186	-79
-1589	47	3581	31	-154	-24
-1603	-13	3560	8	-106	14
-1725	-156	3642	14	-70	-8
-1801	-373	3618	58	-49	-111
-1799	-517	3563	119	8	-275
-1684	-562	3520	161	55	-440
-1558	-455	3586	188	120	-609
-1483	-181	3661	226	188	-674
-1457	104	3786	267	208	-581
-1414	271	3916	247	161	-377
-1463	288	4016	184	82	-157
-1394	130	3899	105	36	-38
-1377	-69	3830	-14	136	-59
-1359	-170	3841	-90	184	-144
-1345	-193	3793	-146	176	-237
-1294	-198	3739	-187	150	-341
-1210	-143	3696	-201	155	-388
-1109	-132	3697	-179	185	-391
-1021	-116	3733	-118	173	-340
-1025	-47	3792	-59	149	-235
-966	38	3823	-29	75	-97
-921	154	3774	-66	-108	73
-805	276	3538	-155	-278	284
-580	257	3162	-225	-273	539
-625	174	2829	-287	-96	669
-591	197	2524	-365	-52	792
-424	60	2437	-337	-152	1067
-232	-325	2563	-155	-343	1258
-206	-729	2926	142	-367	1160
-676	-787	3390	304	-619	765
-748	-683	3637	376	-931	601
-951	-584	3540	228	-1140	556
-894	-226	2763	-55	-1246	590
-1387	-175	2310	-183	-1069	876
-2147	217	2459	-508	-237	729
-3122	468	3572	-584	432	1396
-3381	-173	4899	-393	196	1167
-2628	-734	5565	-201	-71	223
-1507	-1010	6680	-2	-238	-468
-1971	249	6856	179	-1010	-824
-1827	893	5878	80	-1395	-365
-1231	1284	4732	-145	-118	-7
-1262	1238	5058	-165	1166	383
-1720	1167	5051	4	1195	561
-1817	749	4654	235	765	842
-1528	287	3979	460	323	1046
-1147	-290	3058	533	182	966
-789	-623	2236	509	230	530
-431	-841	1801	369	396	-3
-197	-1030	1811	98	793	-750
-330	-732	2351	-18	1144	-1671
-775	-73	3036	-65	784	-2067
-1211	585	3244	44	-697	-2031
-1157	920	2597	-123	-2065	-1738
-375	1014	1862	-26	-1724	-1504
137	1808	2315	-30	-144	-998
-569	1593	3668	-242	612	280
-1798	716	4674	-191	-248	513
-2879	220	3989	17	-917	728
-3205	-1046	3664	191	-390	-82
-3181	-1331	4093	289	-158	-592
-2544	-1690	4461	416	-235	-12
-1298	-1367	5286	688	197	-104
-1634	179	6905	460	0	-473
-2198	753	7025	233	-533	-683
-1831	1680	6454	-209	-478	-359
-1234	720	4943	-592	-490	284
-1105	-211	3981	-780	-20	267
-1088	-748	3549	-835	305	134
-1143	-840	3202	-753	291	33
-993	-556	2648	-637	401	-91
-1007	134	2518	-527	726	122
-838	690	2702	-277	834	975
-442	560	2854	-163	690	1729
-239	153	2846	-199	262	1911
-277	-112	2720	-327	-375	1823
-629	-332	2493	-396	-1122	1826
-676	-607	2002	-268	-1489	1812
-630	-851	1838	-6	-1030	1623
-781	-1149	2308	242	-159	1316
-1698	-1017	2967	74	-248	827
-2385	355	2850	-233	-260	1085
-2903	-87	3167	-86	271	1420
-2566	-184	4580	201	556	526
-2221	-203	6121	69	455	-556
-1956	514	8385	-481	154	-546
-3018	796	8822	-525	-1091	-182
-2083	581	6379	-338	-1478	265
-1431	443	5449	-39	12	430
-1421	555	4754	397	268	551
-1319	770	3989	616	527	814
-1220	340	3606	555	735	979
-1007	-300	3026	536	733	991
-772	-734	2407	412	938	561
-805	-853	2233	489	1188	-45
-858	-664	2382	488	1224	-893
-830	-449	2686	468	1000	-1461
-801	-249	2915	387	468	-1910
-918	284	2677	267	-396	-2312
-893	518	2266	18	-1387	-2439
-482	723	1534	-14	-1485	-2558
75	1212	1816	-223	-236	-2039
-329	1740	3216	-44	514	-764
-1162	1282	4182	141	-211	561
-1570	464	3880	193	-1204	464
-2171	307	3203	262	-1296	242
-2966	-1003	3190	276	-409	-71
-3288	-1160	4837	321	40	-591
-2666	-116	5456	437	-404	596
-1910	-222	6235	474	-380	496
-2597	-264	8641	614	-27	14
-1565	924	7979	88	-1335	-46
-959	397	5000	-403	-1500	87
-1046	-159	4115	-660	-344	-162
-961	-223	4106	-912	188	-193
-925	-327	3827	-879	307	-10
-901	-204	3323	-730	568	149
-700	-19	3043	-613	839	340
-996	76	3472	198	-282	-462
-905	136	3562	186	-120	-505
-1151	250	3997	245	-14	-441
-1228	326	4159	180	-198	-421
-1234	223	4163	101	-194	-403
-1307	5	4104	-21	-228	-462
-1268	-216	3868	-110	-274	-611
-1175	-355	3554	-96	-183	-803
-1179	-334	3432	-15	10	-952
-1213	-168	3456	71	128	-972
-1152	30	3545	93	179	-884
-1165	65	3776	71	241	-788
-1205	-73	3949	1	241	-778
-1155	-268	4069	-36	236	-733
-1018	-316	4139	-41	167	-693
-897	-188	4227	-15	115	-609
-813	-81	4345	21	6	-514
-750	-1	4291	-1	-127	-483
-798	-84	4015	-55	-99	-485
-765	-77	3818	-94	82	-601
-813	2	3828	-121	182	-599
-918	36	3879	-132	203	-555
-927	23	3889	-106	209	-516
-913	32	3935	-104	176	-439
-891	16	3948	-121	82	-277
-824	-9	3821	-133	-4	-125
-771	13	3730	-142	-74	-27
-654	-4	3694	-100	-116	110
-624	-53	3730	-5	-76	243
-674	-54	3801	69	-61	327
-716	-93	3757	55	-151	385
-651	-102	3491	-58	-233	351
-517	-33	3216	-195	-250	341
-469	56	2997	-204	-197	481
-249	-227	2964	-91	-27	567
-221	-435	3310	31	18	475
-306	-480	3588	104	-26	402
-451	-282	3632	121	-211	380
-420	3	3412	142	-418	468
-278	-37	3216	171	-582	644
-107	-245	3138	180	-514	668
-237	-185	3346	97	-229	682
-500	-197	3602	-58	-190	820
-584	-245	3475	-253	-517	877
-602	-147	3060	-407	-865	994
-1098	39	3113	-496	-980	1169
-1994	187	3187	-464	-535	1727
-2497	-24	4198	-474	410	1943
-1761	-428	5047	-549	395	1302
-1154	-747	5959	-121	470	517
-1219	639	7960	174	-654	127
-1209	-564	6919	-261	805	-766
-717	45	7073	-43	-261	-1265
-1001	1060	4966	326	-1284	-418
-616	1321	3470	411	-520	683
-544	1116	3291	362	508	1177
-660	706	3497	282	1123	1354
-794	316	3754	380	1463	1361
-786	-65	3566	445	1455	1101
-821	-500	3409	514	1177	535
-792	-666	3262	520	911	-111
-600	-745	3070	402	643	-596
-452	-771	3037	195	434	-1002
-153	-248	2719	-108	134	-1425
-304	542	2672	-289	-79	-1495
-487	1175	2868	-326	-224	-1091
-404	1218	2908	-217	-515	-598
178	772	2711	-120	-323	-460
-136	483	3529	4	214	-357
-727	409	4385	-74	-41	-149
-830	172	4535	-141	-717	66
-1073	-12	3927	-76	-1368	-223
-1895	-281	3255	242	-1587	-423
-2320	-1312	2602	349	-403	-1875
-2638	-650	4187	487	704	-1958
-2134	367	5151	553	73	-667
-1704	408	5825	652	10	143
-1225	186	7543	480	-205	-280
-1518	413	8168	263	-102	-12
-1026	330	6411	-400	-1164	6
-921	-385	4478	-733	-927	-163
-650	-701	3677	-902	-415	-661
-557	-729	3130	-777	-3	-835
-497	-478	2500	-475	710	-831
-663	-61	2344	-320	1610	-581
-508	361	2355	-303	2092	-38
-547	588	3070	-419	2235	512
-520	529	3705	-385	1629	970
-836	175	3935	-238	262	1327
-853	-175	3140	-38	-992	1387
-619	-362	2239	228	-1370	1522
-431	-804	1832	493	-936	1640
-358	-1080	1878	502	-212	1212
-518	-1246	2555	384	529	519
-833	-1099	3561	231	359	-91
-1018	-430	3572	124	-321	-374
-1544	118	3255	72	-664	-2
-2469	1012	3254	65	-469	818
-2834	1086	4010	-55	345	1276
-2096	320	5437	-11	351	1122
-1106	-321	6213	-151	366	228
-1707	-136	7575	-91	-170	-215
-2435	350	7508	-219	-1303	-456
-1445	-127	6374	-380	213	-994
-947	434	5904	31	-168	-835
-852	985	4391	373	-255	-281
-983	974	3775	514	273	283
-1109	674	3425	449	328	731
-908	208	3026	298	613	846
-755	-66	3066	258	1091	603
-794	-188	3237	329	1138	251
-862	-299	3081	429	676	-186
-851	-334	2808	424	366	-710
-617	-349	2641	280	282	-1130
-408	-260	2821	-12	373	-1369
-418	180	2991	-370	198	-1668
-567	779	3157	-583	-181	-1585
-451	1151	3062	-648	-711	-1187
-224	1005	2522	-494	-805	-596
-188	601	2582	-381	-301	-413
-446	594	3330	-355	-39	-102
-765	511	3958	-329	-100	407
-903	321	4277	-264	-290	626
-1304	72	4810	-146	-880	480
-2206	-788	4436	199	-1150	266
-2622	-1149	4313	388	-174	-837
-2147	-105	4587	591	-73	-243
-1601	352	4135	442	-153	508
-1563	-509	5517	294	-203	326
-2037	-584	6424	604	304	-178
-1330	109	3985	-53	187	-90
-1270	83	4095	-6	148	-100
-1245	51	4028	17	20	-78
-1227	-48	3789	6	-32	-62
-1242	-71	3657	-33	8	-108
-1263	-66	3697	-53	92	-120
-1257	-11	3828	-44	142	-91
-1239	61	3919	-39	85	-57
-1182	111	3831	-31	-3	-32
-1168	144	3714	-36	-11	1
-1201	209	3665	-119	56	42
-1217	252	3660	-248	120	114
-1201	286	3712	-317	147	222
-1194	152	3786	-325	120	270
-1210	-45	3921	-303	88	217
-1246	-121	4091	-277	59	146
-1299	-78	4249	-257	-9	111
-1327	78	4188	-210	-96	152
-1351	192	3916	-109	-195	272
-1341	310	3480	-10	-70	387
-1212	391	3366	26	192	484
-1045	340	3516	-25	396	597
-996	205	3849	-85	463	644
-1029	-10	4225	-71	430	604
-1008	-34	4416	-2	218	419
-1095	-76	4343	66	39	275
-1083	63	4141	107	-134	108
-941	322	3883	98	-94	157
-763	382	3786	91	-96	302
-704	335	3598	90	-77	366
-690	182	3499	45	-3	319
-679	27	3494	10	67	211
-660	-53	3423	2	72	62
-679	-148	3375	-32	-28	-167
-420	-11	3238	-88	-169	-411
-316	53	3005	-65	-278	-541
-301	181	2749	-58	-336	-660
-384	298	2618	-146	-470	-695
-134	580	2463	-246	-532	-650
-39	763	2606	-187	-196	-158
-250	556	3346	-185	-33	174
-664	691	3997	-231	-314	360
-920	826	4057	-175	-786	699
-806	409	3584	-7	-956	686
-868	309	3683	209	-990	289
-1901	-203	3912	605	-867	-198
-3169	-276	4700	700	-338	-832
-3188	-505	5292	857	-596	-641
-2514	-118	4929	698	-858	-170
-1703	-135	5629	156	-480	-238
-1504	-387	7316	-71	-723	-63
-1074	-93	6342	-179	-890	135
-716	-127	4727	-521	-435	3
-1223	-366	4435	-650	374	-84
-1244	-522	4481	-826	506	-381
-911	-445	4053	-855	390	-618
-886	-182	3382	-723	509	-608
-840	-11	2961	-583	885	-336
-834	-11	2889	-496	1228	-65
-912	-100	2870	-420	1225	217
-910	-256	2759	-468	1188	391
-916	-157	2772	-597	1044	465
-841	249	3018	-546	773	736
-597	428	3198	-272	530	1303
-424	140	3368	32	203	1495
-516	-192	3404	290	-538	1492
-499	-503	2845	475	-1204	1595
-434	-741	2451	453	-1008	1514
-303	-782	2760	519	-436	1470
-127	-945	3500	472	-88	1208
-831	-917	3786	357	-150	766
-1519	-471	3635	146	-609	540
-2236	624	3049	-124	-739	492
-2764	1696	2988	-231	-108	1641
-2825	1004	4285	-214	171	1745
-2423	-657	5388	-375	-8	222
-1878	-1792	6589	-606	461	-1039
-2512	-1565	7845	-129	-85	-1282
-2045	-310	6294	483	-1146	-1382
-1334	1071	4849	909	-608	-1115
-1239	2020	4543	822	227	-464
-1173	1958	4144	470	622	21
-1167	1202	3774	215	781	271
-1245	367	3708	172	880	339
-1174	-215	3702	289	739	167
-1002	-569	3391	430	488	-158
-818	-652	3028	505	363	-620
-663	-527	2790	511	339	-1118
-535	-442	2721	439	344	-1427
-399	-280	2886	190	272	-1786
-389	397	3153	-164	-16	-2055
-533	1084	3346	-363	-530	-1796
-817	1427	3046	-523	-1142	-1324
-400	1350	2460	-674	-973	-885
29	1040	2699	-649	-222	-298
-378	779	3468	-476	-19	169
-950	647	3843	-379	-398	654
-1016	307	4115	-347	-608	1031
-1043	42	4286	-303	-789	773
-1719	247	4169	-132	-986	524
-1765	-734	3806	230	-664	362
-2417	-556	4312	270	93	-488
-2450	-64	4511	273	-190	172
-2076	-191	4186	103	-409	514
-1603	-1263	5498	248	-582	101
-2083	-1000	6345	703	261	15
-1234	25	6885	342	93	92
-958	329	5933	-143	-509	-256
-1294	204	5432	-473	-832	-562
-1026	-70	4196	-697	-992	-796
-689	-210	3197	-631	-415	-680
-494	-236	2767	-460	372	-513
-541	-162	2762	-348	955	-428
-760	61	2736	-343	1087	-327
-757	337	2578	-424	918	21
-545	570	2771	-412	856	706
-578	568	3202	-339	716	1232
-636	412	3416	-263	208	1459
-489	162	3303	-61	-464	1594
-566	-206	2841	37	-993	1818
-522	-732	2315	3	-936	1908
-307	-1075	2394	-129	-243	1443
-464	-1247	3152	-184	116	966
-582	-1489	3725	-141	93	568
-687	-1048	3825	-74	-116	206
-1202	-354	3951	-82	-359	305
-2031	389	3981	-236	-384	703
-2341	217	4391	-220	259	1087
-2278	-76	4954	-353	60	840
-2037	-93	4855	-498	-23	464
-1186	105	3710	-104	326	403
-1233	9	3882	-133	358	407
-1330	-54	3925	-151	287	388
-1430	-46	3988	-126	232	384
-1337	-219	4034	-56	265	349
-1334	-192	4081	16	276	251
-1316	-150	4012	77	160	272
-1285	-123	3790	98	76	225
-1283	-52	3630	109	139	176
-1378	69	3640	114	239	159
-1523	299	3601	140	306	270
-1450	504	3536	119	400	427
-1304	598	3579	41	541	578
-1280	429	3832	-16	594	718
-1291	192	4015	-68	599	709
-1294	-14	4164	-51	494	673
-1344	-147	4209	-10	261	559
-1383	-54	4021	63	154	516
-1280	36	3825	152	270	599
-1197	103	3814	200	379	581
-1165	139	3858	252	367	624
-1182	122	3814	246	289	538
-1167	125	3723	237	256	473
-1161	131	3679	198	282	395
-1144	130	3698	145	372	317
-1101	124	3793	91	387	220
-1060	147	3867	53	317	120
-1033	133	3941	-12	166	54
-961	89	3924	-113	23	-27
-866	75	3848	-206	-57	-110
-878	14	3723	-296	-181	-217
-789	93	3460	-404	-283	-376
-758	134	3258	-405	-329	-423
-722	130	2973	-281	-310	-433
-755	133	2685	-80	-168	-406
-713	58	2483	61	-67	-396
-414	135	2513	95	114	-452
-484	192	2778	129	125	-381
-746	264	3153	39	-46	-383
-799	238	3556	-130	-213	-315
-697	313	3851	-274	-476	-340
-735	543	3931	-283	-767	-302
-698	535	3808	-98	-973	-194
-650	412	3836	91	-880	-286
-672	328	3953	208	-658	-397
-2155	466	4396	370	-950	-357
-2733	-378	3353	566	-961	-551
-2765	-582	3371	659	-222	-1011
-2511	-291	4129	744	29	-540
-2589	-350	5208	504	-27	-10
-1928	18	6575	380	436	-311
-1865	578	8108	138	662	607
-2111	265	7314	-424	-1402	472
-1828	-420	4937	-715	-1790	-24
-1132	-636	3773	-819	-1157	-523
-629	-492	3058	-757	-341	-757
-711	-191	2818	-552	651	-761
-946	-12	3078	-461	1292	-512
-1084	-49	3227	-440	1344	-247
-1104	-147	3245	-477	1166	42
-881	-282	3028	-681	753	203
-807	-8	2791	-802	511	248
-526	386	2817	-588	453	607
-432	316	3048	-169	92	1118
-568	-76	3121	234	-726	1323
-631	-407	2638	373	-1493	1397
-537	-667	1975	189	-1657	1345
-332	-857	1774	-19	-1033	1134
-172	-883	2509	50	-11	960
-586	-1205	3863	193	86	553
-1225	-1035	4372	188	-496	107
-1633	-684	4149	137	-1149	196
-1988	97	3362	-73	-1149	389
-2296	242	3379	-76	90	659
-2598	291	4471	3	130	219
-2258	-23	5108	-173	158	-602
-1702	-557	6915	-167	193	-722
-2394	464	7819	54	-761	-836
-1324	552	6903	18	-576	-813
-970	907	5691	299	-501	-527
-1120	1289	4673	492	-234	-1
-879	979	4092	461	94	659
-951	202	3534	386	186	1001
-763	-460	2912	330	539	706
-624	-629	2886	348	1257	120
-749	-458	2986	495	1392	-412
-873	-262	2929	539	1109	-911
-790	-171	2814	561	825	-1171
-602	-247	2849	539	690	-1198
-528	-47	3319	266	436	-1506
-1028	568	3473	-75	-498	-1693
-794	1020	2573	-349	-1477	-1740
-153	1092	1402	-318	-1446	-1855
357	1012	1277	98	-526	-1500
415	1843	2140	-27	990	-479
-697	1047	3805	-385	1448	1117
-1478	484	5050	-415	221	866
-2307	154	5075	-366	-1058	587
-2732	-809	3988	-58	-1498	300
-2882	-1564	3734	253	-257	-623
-2671	-467	4630	501	-193	-447
-2075	535	4204	613	-223	1126
-1353	215	5305	419	739	1184
-1909	-507	7999	112	253	730
-2099	-82	7878	-264	-433	321
-1165	9	6344	-580	-1189	365
-947	-289	4559	-743	-1100	191
-772	-508	3689	-842	-615	-33
-682	-663	3166	-810	-127	-273
-554	-564	2817	-531	515	-251
-553	-317	2802	-256	1108	-53
-664	-125	2814	-176	1181	146
-682	40	2697	-217	1035	367
-724	64	2845	-234	937	631
-671	-42	3198	-144	688	887
-660	-123	3547	-63	183	1017
-559	-172	3319	-15	-645	1047
-493	-204	2687	31	-1052	1192
-344	-565	2550	102	-756	1214
-298	-773	2852	206	-465	1038
-582	-1063	3147	191	-211	796
-809	-1130	3300	49	-58	311
-917	-688	3664	-82	-150	-80
-1429	-343	4157	-107	-588	126
-2221	88	3974	-129	-649	356
-2561	211	4219	-127	275	592
-2246	411	4600	-92	35	655
-1592	156	4382	-89	-10	249
-1328	99	5159	-136	-61	-32
-1920	726	6421	-161	-763	301
-1488	384	3636	-224	68	172
-1519	260	3631	-248	69	111
-1501	215	3705	-276	135	63
-1490	191	3852	-290	56	62
-1484	198	3793	-295	-62	39
-1590	230	3685	-332	-109	-42
-1717	366	3513	-371	-164	-36
-1764	478	3357	-357	-38	49
-1738	514	3431	-299	289	283
-1807	412	3641	-255	366	504
-1988	211	3753	-194	250	612
-1803	-87	3742	-104	233	629
-1590	-288	3688	27	201	643
-1495	-363	3380	118	-3	608
-1541	-385	3190	61	-153	364
-1580	-278	3105	-26	-49	68
-1649	-157	3470	8	156	-85
-1921	-229	3847	103	70	-199
-2108	-562	3778	166	-53	-454
-1767	-773	3691	115	59	-709
-1625	-741	3971	50	84	-831
-1527	-160	4104	32	-40	-767
-1459	408	4186	-60	-170	-568
-1371	668	4036	-158	-295	-305
-1395	617	3843	-266	-193	-6
-1285	56	3656	-321	27	130
-1263	-376	3716	-349	171	75
-1347	-734	3839	-356	194	-158
-1377	-665	3787	-309	20	-442
-1294	-302	3555	-229	-100	-554
-1232	120	3392	-144	-57	-375
-1056	296	3289	-77	59	-74
-1047	324	3385	-99	167	171
-1083	338	3547	-173	73	430
-1046	355	3600	-212	-137	694
-997	307	3469	-211	-388	971
-884	119	3074	-257	-642	1158
-761	23	2505	-377	-814	1257
-432	-186	2201	-424	-842	1346
-94	-498	2127	-335	-616	1369
-349	-652	2757	-145	-302	1204
-764	-675	3427	11	-459	1024
-841	-816	3645	99	-761	850
-1082	-428	3530	-99	-1231	547
-980	-146	2676	-218	-1362	884
-1444	-313	2531	-354	-1006	1132
-2301	-99	2769	-598	-379	903
-3112	222	3882	-476	351	1731
-3393	-487	4741	-275	-161	1173
-2714	-500	5065	-230	-38	-90
-2271	-218	7267	-97	-131	-483
-2671	587	7730	-207	-244	-933
-1426	917	6968	-81	-990	-552
-1423	1332	5527	237	-804	200
-1316	1305	5009	190	-123	1041
-1378	486	4697	109	229	1347
-1434	105	4431	96	577	1158
-1267	80	4207	207	766	902
-1151	60	3621	376	647	715
-981	6	2926	436	553	535
-856	-171	2384	438	574	281
-710	-363	1979	436	626	-34
-577	-719	1808	384	813	-474
-486	-821	1995	255	1040	-1035
-740	-385	2348	123	850	-1539
-1290	210	2445	-17	-52	-1849
-1221	576	1862	-208	-1368	-2134
-549	621	1019	-98	-1360	-2122
416	583	1140	-86	-73	-1885
568	979	2968	-16	1243	-1271
-827	1587	5351	-37	191	-67
-2184	1014	5587	-10	-1915	675
-3548	312	4015	33	-3437	565
-2711	-1615	1728	277	-2067	75
-2339	-1943	2935	768	651	-1474
-2505	237	4708	827	1336	15
-1891	552	6835	693	1459	313
-3128	194	9979	547	-143	-246
-2506	1010	8260	216	-1272	213
-950	364	5369	-458	-1418	345
-1106	-391	4176	-827	-279	-82
-1318	-637	4001	-1053	268	-464
-1286	-818	3591	-921	424	-594
-1060	-683	3348	-536	950	-597
-967	-287	3287	-346	1179	-565
-858	76	3088	-442	900	-399
-654	383	2902	-504	529	32
-319	390	2569	-594	101	556
-221	205	2308	-490	34	921
-442	90	2460	-326	-116	1103
-484	-122	2499	-110	-714	1480
-430	-368	2239	45	-1064	1832
-394	-732	2080	136	-1005	1942
-479	-1119	2341	38	-458	1456
-840	-1396	2851	-127	-286	741
-1585	-1059	3174	-273	-775	63
-2500	129	2600	-434	-1171	465
-2556	619	2246	-502	555	1362
-3199	139	4450	-233	1009	1299
-2815	-612	5575	-19	556	-162
-2063	-969	7778	-1	490	-874
-3245	-327	8797	190	-857	-1006
-1881	135	7592	308	-859	-1505
-1201	1212	5714	826	-1123	-1128
-1199	2187	4244	984	-419	-352
-1085	1969	4101	796	491	586
-1482	945	3913	455	725	1135
-1407	73	3849	228	955	800
-1152	-276	3562	208	1005	299
-1117	-249	3252	300	943	-63
-959	38	2707	337	623	-370
-675	301	2029	290	507	-512
-587	312	1679	242	785	-458
-368	-72	1990	234	1228	-422
-214	-355	2704	131	1348	-743
-430	54	3354	-54	704	-1121
-947	466	3889	-302	-598	-1117
-1042	527	3537	-555	-2052	-1111
-574	424	2482	-663	-2475	-1358
270	447	2060	-163	-1532	-1219
-152	928	2438	401	-335	-470
-1368	886	3133	604	-366	293
-3157	-112	2981	548	-770	119
-3684	-1159	3844	581	911	-1164
-3902	-15	6574	836	234	-73
-3426	219	5828	625	-848	901
-2067	-129	6854	407	-269	357
-1732	240	8755	-2	-607	349
-1033	-269	5901	-439	-1869	494
-687	-723	4373	-633	-948	-412
-1207	-97	3919	-41	-203	16
-1171	-126	3923	-46	-229	20
-1171	-105	3918	-68	-225	14
-1166	-129	3856	-83	-170	0
-1136	-233	3760	-77	-119	-16
-1179	-322	3679	-65	-9	-120
-1170	-355	3667	-83	86	-259
-1222	-295	3755	-81	153	-297
-1210	-320	3763	-29	143	-362
-1185	-357	3705	30	145	-455
-1236	-390	3705	59	220	-548
-1225	-528	3699	68	381	-626
-1116	-524	3959	79	427	-671
-1086	-280	4223	95	324	-649
-1089	-6	4295	77	113	-529
-1021	73	4171	1	-55	-381
-920	37	4010	-82	-108	-242
-846	-24	3891	-143	-38	-75
-892	-105	3754	-198	109	40
-956	-177	3731	-183	303	83
-1006	-214	3747	-168	382	136
-1044	-279	3726	-164	385	119
-1030	-274	3695	-169	431	79
-1009	-289	3722	-143	493	95
-1041	-298	3852	-101	511	152
-1066	-269	3950	-71	453	207
-1049	-193	3983	-69	324	289
-1005	-164	3926	-77	205	346
-979	-149	3862	-83	162	397
-924	-138	3797	-103	145	480
-867	-130	3767	-134	150	554
-815	-117	3726	-177	129	605
-768	-87	3613	-237	86	661
-769	-67	3419	-334	51	743
-783	-58	3021	-457	70	854
-695	-70	2406	-556	124	901
-521	-52	2135	-511	465	1066
-245	-435	2527	-364	534	1285
-245	-1021	3157	-236	50	1042
-506	-1185	3441	54	-279	682
-623	-1010	3606	500	-203	723
-708	-591	3962	592	-387	563
-730	-287	4046	302	-806	381
-800	-103	3853	23	-1063	388
-698	-405	3489	-54	-1048	483
-1123	-470	3335	-142	-839	539
-2348	-181	3146	-223	-561	429
-2482	81	3220	-204	1	964
-2344	-143	4278	-47	190	879
-1834	-178	4910	319	85	497
-2017	-521	6649	548	152	-56
-2517	-132	7517	96	-509	-948
-2083	-316	7808	-179	-87	-1480
-1453	596	5997	278	-831	-1214
-1182	1541	4498	419	-578	-102
-964	1161	3957	365	-91	729
-1179	691	3619	207	73	1006
-1153	283	3147	119	207	1137
-994	-88	2843	144	658	1003
-968	-559	3025	289	840	536
-902	-1036	3217	431	597	-258
-629	-1251	3016	536	238	-1151
-550	-872	2723	642	-31	-1692
-673	-554	2585	632	-544	-1807
-868	72	2287	283	-1264	-2172
-573	758	1860	-183	-1554	-2469
-132	1128	1639	-247	-965	-2459
213	1772	2067	-201	308	-1894
-791	2459	3410	-79	737	-245
-1071	1170	4064	227	12	1359
-1076	501	4016	170	-468	1226
-1238	148	4067	32	-931	1061
-1735	-512	3727	179	-1377	811
-2805	-1519	3529	228	-453	83
-3190	-974	5008	464	425	-492
-2308	255	5744	743	195	818
-1488	-201	6454	540	108	713
-1548	-773	7857	6	-556	-80
-1362	-714	7740	-256	-1055	-744
-701	-182	5852	-452	-1438	-691
-645	-191	4027	-503	-688	-732
-780	-49	3603	-474	260	-681
-764	-90	3506	-507	737	-562
-801	-221	3225	-484	836	-361
-813	-252	2722	-495	1004	-138
-835	-121	2627	-524	1286	123
-786	164	2639	-731	1093	213
-717	567	2583	-731	718	485
-532	677	2718	-359	442	1239
-477	133	2877	37	-90	1929
-533	-477	2710	258	-612	2199
-468	-771	2377	73	-1077	2027
-302	-1099	1916	-21	-953	1613
-119	-1413	2240	133	125	1009
-534	-1522	3617	401	749	274
-1138	-1011	4125	438	30	-76
-1368	-349	3405	232	-817	-207
-1826	274	3068	29	-747	-96
-2676	887	3404	-21	173	843
-2602	502	4851	-57	327	893
-2101	144	5559	42	-66	325
-1620	-437	7528	-113	-432	-410
-2599	-280	8838	-491	-1270	-1112
-561	-169	7555	-341	-1104	-1172
-356	153	5155	318	-804	-1204
-631	1133	4367	663	199	-875
-688	1272	4227	676	402	193
-613	618	3188	529	587	777
-503	-82	2681	346	1295	716
-770	-335	2898	368	2016	426
-1258	-307	3515	502	2008	178
-1472	-109	3572	568	1123	-164
-1369	48	3240	532	426	-584
-954	-91	2713	514	165	-769
-488	-272	2477	396	226	-910
-313	-98	2640	62	282	-1381
-417	517	2862	-223	-160	-1840
-541	1043	2786	-409	-1002	-2021
-500	1562	2344	-403	-716	-1512
-258	1220	2668	-88	104	-285
-446	740	3605	112	502	435
-647	540	4385	188	1	890
-967	160	4473	112	-762	848
-1476	46	3942	-97	-1210	252
-2134	-490	3453	-147	-1302	-263
-2645	-1192	2933	26	-205	-1133
-3009	-618	4278	248	635	-1568
-2160	319	4753	321	494	-293
-1846	-555	6043	328	328	267
-1768	-509	7073	472	308	158
-1594	125	3522	-54	157	311
-1655	181	3513	-58	251	384
-1705	66	3578	-43	298	445
-1729	-51	3664	-53	326	448
-1739	-182	3708	-59	280	427
-1704	-266	3722	-37	206	356
-1684	-262	3734	0	118	253
-1668	-161	3687	28	52	190
-1592	-12	3593	50	40	200
-1581	68	3581	44	76	244
-1533	167	3590	14	123	310
-1609	243	3644	-18	107	417
-1617	320	3633	-78	70	543
-1577	271	3604	-162	111	638
-1429	199	3549	-299	181	644
-1386	81	3743	-445	87	579
-1455	-101	3875	-543	-158	546
-1628	-145	3917	-569	-302	379
-1894	1	3873	-514	-261	363
-1846	135	3765	-353	-81	437
-1608	256	3762	-128	136	515
-1463	202	3827	23	133	633
-1394	61	3836	77	44	699
-1410	-61	3892	103	-30	643
-1382	-107	3795	140	29	477
-1389	143	3805	181	121	318
-1383	273	3816	203	227	303
-1362	405	3877	199	185	316
-1353	473	3732	191	134	425
-1356	440	3653	139	145	496
-1286	402	3554	93	104	539
-1123	307	3433	11	140	537
-1076	216	3517	-84	191	468
-1035	186	3582	-140	96	394
-995	135	3461	-156	-49	290
-827	41	3254	-130	-147	163
-759	-81	2993	-106	-268	-69
-539	13	2616	-128	-408	-298
-229	168	2314	-172	-443	-298
-120	295	2122	-233	-450	-179
-374	700	2236	-512	-359	-319
-374	1144	2839	-804	-344	-66
-520	1012	3624	-837	-487	354
-936	497	3989	-693	-977	377
-886	117	3653	-446	-1356	368
-1634	-239	3504	-109	-1593	323
-3615	-797	2450	265	-1762	201
-4128	-1761	2087	567	41	-1246
-3405	-229	4439	740	1192	-630
-2562	669	5948	480	986	608
-2973	372	8493	24	-75	563
-3383	655	8924	-4	-675	741
-1673	634	6231	-476	-1465	1029
-1529	-526	3966	-600	-429	929
-1361	-1106	3836	-665	875	183
-1431	-1190	4015	-741	952	-379
-1435	-1160	3736	-509	845	-741
-1479	-717	3566	-314	965	-906
-1316	-319	3412	-226	760	-843
-1098	3	3020	-198	367	-705
-872	166	2382	-172	98	-378
-591	-10	1976	-227	290	1
-589	34	2412	-279	758	95
-470	382	3252	-273	688	300
-592	511	3912	-59	89	730
-843	383	3968	115	-1027	1050
-661	46	3135	173	-2047	1302
-337	-366	2231	177	-2280	1640
-87	-716	1937	30	-1796	1649
-15	-1084	2185	20	-939	1130
-498	-804	2780	187	-385	486
-1227	-794	3031	153	-361	542
-2099	-446	2982	-84	-691	485
-3162	653	2723	-477	-767	784
-3242	107	3546	-452	634	1249
-3210	-663	5480	-210	-11	100
-2933	-1377	5794	12	-443	-894
-2422	-1294	8011	59	-637	-1098
-2529	345	7707	130	-984	-1566
-768	1256	6326	541	-797	-1182
-1112	2661	5102	602	-346	-535
-1276	3110	4586	310	277	879
-1352	1421	3989	-25	319	2199
-1205	80	3624	-242	818	2113
-1067	-700	3640	-197	1126	1543
-993	-862	3346	1	954	910
-945	-538	2933	133	944	333
-959	-281	2609	195	768	-118
-822	-249	2203	257	550	-491
-517	-386	1991	253	559	-776
-302	-393	2241	127	746	-1132
-487	216	2791	-98	527	-1480
-765	868	3154	-352	-552	-1538
-705	1049	2757	-599	-1456	-1462
-332	1189	2343	-694	-1183	-1252
-65	1241	2595	-569	-346	-525
-718	991	3526	-369	-63	432
-1593	563	3917	-291	-568	833
-2700	144	3580	-160	-1178	1020
-2847	-1510	3031	192	-258	557
-3200	-1312	4639	452	848	-462
-2879	-458	5318	429	-43	461
-2548	-343	5364	397	151	728
-2277	-519	7376	616	188	103
-2229	535	7947	585	203	454
-1515	382	6730	-20	-624	375
-1653	-530	5163	-323	-527	-214
-1577	-844	4370	-555	-103	-1007
-1277	-528	3712	-534	234	-1156
-1026	-277	3151	-432	641	-1071
-859	62	2856	-438	855	-932
-843	322	2666	-402	800	-490
-809	379	2370	-464	436	128
-625	328	1980	-542	263	699
-357	427	1967	-521	647	1176
-412	481	2730	-394	765	1628
-526	192	3302	-187	118	1926
-674	-309	3204	63	-811	2065
-513	-774	2715	170	-1486	1979
-147	-1243	2396	32	-1703	1767
-241	-1562	2405	-26	-1230	1106
-516	-1290	2552	-12	-667	297
-743	-700	2811	-141	-334	-118
-1064	-141	2992	-263	-457	-34
-1786	240	3262	-308	-869	377
-2794	460	2867	-204	-287	1206
-2853	-346	4874	-116	1086	1105
-2905	-1180	6070	-8	341	-280
-2774	-614	7225	-182	-389	-1638
-2437	612	8202	-354	-541	-655
-1109	-452	3722	-131	606	454
-1208	-295	4100	-103	544	476
-1204	-183	4370	-115	342	550
-1068	-140	4355	-114	53	611
-924	-233	4150	-54	-179	608
-817	-360	3826	13	-268	528
-775	-409	3598	92	-167	454
-782	-395	3555	153	47	433
-767	-206	3692	169	230	462
-882	1	3882	131	316	615
-1237	188	4149	-20	199	750
-1675	268	4072	-280	11	873
-1847	-65	3652	-559	2	851
-1542	-318	3397	-720	29	738
-1421	-384	3452	-667	2	699
-1654	-223	3740	-401	89	833
-1651	-1	3900	-113	336	1064
-1332	-17	4208	67	370	1056
-1000	-83	4252	124	123	759
-930	-226	4255	161	-41	467
-1030	-290	4387	219	37	272
-1119	-81	4352	303	64	186
-1117	97	4186	429	127	159
-1044	443	3984	555	175	220
-941	649	3847	594	252	451
-1036	552	3644	506	200	567
-1051	374	3372	392	170	635
-1008	162	3313	242	200	590
-950	4	3275	118	237	403
-932	-125	3305	36	328	156
-883	-122	3474	-6	304	-79
-728	-60	3493	-6	125	-211
-677	0	3490	-1	-116	-314
-700	138	3340	-82	-378	-439
-731	137	2954	-193	-529	-485
-552	123	2629	-341	-434	-590
-306	380	2638	-411	-253	-593
-339	476	2832	-374	-159	-406
-640	431	3297	-315	-47	-288
-775	339	3725	-394	-27	-343
-702	232	4213	-541	-185	-415
-678	30	4390	-547	-498	-368
-672	-233	4246	-341	-763	-429
-628	-279	3939	-125	-831	-660
-654	-419	3639	8	-781	-834
-1244	-247	3295	49	-904	-1154
-2213	-391	2659	320	-615	-1142
-2560	-741	2462	341	304	-1921
-2739	-75	3614	502	821	-1606
-2667	1334	5427	633	686	250
-2414	779	6850	767	230	1362
-2209	279	8326	499	965	1493
-2045	24	8113	-280	-579	1378
-1535	-554	5611	-812	-1643	847
-976	-1333	4061	-1003	-1543	-250
-657	-1399	2948	-970	-1071	-1079
-533	-825	2148	-679	-33	-1426
-504	-62	2128	-323	1424	-1223
-684	306	2674	-138	2035	-692
-972	534	3511	-159	2281	1
-1153	513	3953	-389	1448	521
-1224	512	4265	-517	972	981
-973	597	4038	-516	-138	1173
-465	200	3323	-193	-564	1480
-394	-511	3100	126	-715	1349
-502	-852	2694	220	-855	981
-568	-771	2246	104	-689	763
-296	-554	2044	-94	-346	485
-175	-303	2436	68	19	591
-341	-625	3236	370	104	569
-719	-703	4097	578	-190	213
-806	-454	4309	570	-708	135
-860	-104	3908	394	-1049	331
-982	94	3554	205	-969	447
-1742	57	3533	-1	-700	372
-2336	521	3611	-92	-134	811
-2566	-390	4174	13	157	1050
-2327	-547	4724	138	-250	141
-1613	-705	5263	86	-158	-485
-1502	-299	6542	203	-441	-766
-1874	943	6728	9	-881	-743
-1096	625	6858	28	-167	-410
-1045	474	5437	255	-586	-478
-1095	1025	4104	367	-290	-107
-789	831	3630	410	140	750
-866	275	3194	421	205	1117
-874	-293	2704	387	497	711
-772	-594	2576	420	1073	131
-859	-642	2763	548	1412	-333
-973	-629	3100	496	1348	-1024
-895	-321	3199	305	799	-1644
-832	64	3212	227	477	-1659
-705	425	3127	98	-31	-1443
-795	876	2983	-147	-501	-1245
-631	1232	2556	-443	-788	-1152
-123	1423	2150	-567	-428	-899
84	1173	2335	-351	224	79
-355	488	3191	-283	504	414
-1048	544	3893	-386	119	422
-1262	213	3982	-403	-175	660
-1529	-74	4032	-382	-600	385
-2303	-939	3635	43	-900	316
-2947	-1282	3357	341	-93	-482
-2450	20	4462	543	287	-15
-2173	991	5144	480	87	1264
-1920	193	7232	490	-71	1575
-2476	168	9228	403	454	1406
-1295	-96	8277	-259	-1354	1242
-1142	-655	5498	-629	-1943	906
-926	-1028	4092	-794	-1248	73
-597	-818	3338	-846	-485	-603
-396	-545	2793	-642	359	-680
-430	-330	2578	-489	1228	-552
-668	-176	2812	-418	1653	-376
-845	-135	2984	-379	1451	-256
-852	-150	2893	-378	1004	-78
-844	-109	2657	-406	659	160
-768	85	2715	-337	592	474
-622	220	3172	-48	653	895
-316	-124	3727	306	304	1210
-310	-509	4115	555	-598	1098
-419	-594	3454	542	-1450	788
-436	-449	2420	262	-1437	481
23	-288	2451	-72	-594	26
-286	-183	3068	-138	-164	46
-440	-709	3442	-35	-155	-136
-613	-1034	3861	162	-266	-589
-867	-686	4169	333	-596	-506
-1778	-207	3893	322	-969	36
-2146	390	3380	252	-280	634
-1728	-150	3898	-21	208	-98
-1718	-115	3799	-71	71	-121
-1619	-30	3543	-102	14	-107
-1567	-11	3452	-76	115	-78
-1570	-88	3590	-5	247	-31
-1577	-139	3799	42	191	-186
-1577	-139	3799	42	191	-186
-1577	-139	3799	42	191	-186
-1577	-139	3799	42	191	-186
-1577	-139	3799	42	191	-186
-1577	-139	3799	42	191	-186
-1564	-153	3769	45	98	-224
-1544	-159	3659	48	28	-304
-1615	-207	3638	84	38	-364
-1704	-281	3626	119	57	-441
-1733	-354	3557	139	82	-554
-1837	-445	3445	166	101	-739
-1750	-402	3390	211	172	-884
-1650	-133	3581	275	314	-860
-1596	166	3981	262	363	-716
-1566	482	4191	157	168	-614
-1457	784	4072	65	25	-142
-1504	812	4009	-107	-64	310
-1475	545	3873	-279	-49	710
-1495	54	3766	-433	101	877
-1400	-461	3729	-537	270	720
-1454	-541	3863	-578	211	525
-1409	-523	3751	-560	53	392
-1350	-410	3629	-496	-82	295
-1259	-297	3502	-353	-67	316
-1136	-247	3529	-215	50	410
-1101	-160	3679	-133	147	494
-1135	-53	3882	-143	83	581
-1151	150	3843	-229	-161	709
-1021	275	3593	-334	-420	916
-873	293	3220	-465	-521	1087
-711	178	2823	-638	-526	1198
-516	-33	2549	-659	-504	1315
-292	-461	2556	-554	-598	1251
-267	-925	2904	-313	-727	1033
-327	-1287	3357	67	-906	789
-482	-1391	3330	453	-959	591
-746	-814	3147	426	-760	428
-767	-144	3021	52	-600	380
-843	168	2852	-252	-852	538
-646	68	2712	-387	-977	492
-1276	-92	2770	-237	-1113	757
-2673	-13	2540	-65	-823	1164
-2720	122	3239	-30	588	1575
-2732	-543	5221	-55	89	1275
-2398	-1409	6185	-161	-375	-349
-1782	-1155	7389	-50	-467	-1239
-2331	80	7722	35	-1166	-1652
-1762	422	6421	220	-680	-1567
-1169	1153	5075	753	-137	-893
-1002	1751	4317	995	560	62
-1001	1203	4237	839	768	627
-1239	374	3897	707	478	930
-1088	-130	3132	586	332	726
-898	-458	2471	469	511	299
-760	-731	2248	311	863	-368
-622	-811	2307	235	877	-1071
-323	-621	2426	188	732	-1727
-284	-256	2441	332	510	-2144
-750	233	2497	465	-224	-2180
-859	654	2355	136	-1268	-2183
-504	860	2265	-69	-1082	-1932
59	1511	2818	-368	-379	-1533
-427	1984	3675	-169	-181	-428
-2103	1093	3817	56	-866	916
-3022	-342	3038	-43	-985	425
-3064	-1215	3330	16	-60	-240
-3159	-1215	5197	170	231	-70
-2377	-1018	6246	341	-126	592
-1859	-542	7411	208	-437	129
-2048	124	7206	254	-962	-186
-1390	938	6145	-118	-714	86
-1135	198	4994	-447	-220	233
-1221	-461	4553	-630	184	-96
-1223	-485	4245	-659	279	-92
-1200	-380	3726	-633	61	-32
-1182	-131	3106	-570	266	57
-1003	51	2705	-433	606	265
-876	156	2547	-347	889	531
-682	368	2742	-220	853	1006
-354	227	2988	-179	743	1399
-588	74	2993	-334	365	1414
-622	-20	2705	-430	-351	1302
-573	-72	2462	-328	-1009	1373
-630	-373	2085	-8	-1350	1975
-382	-487	1631	80	-1208	2238
-484	-949	1587	11	-369	2462
-1078	-1754	1987	197	118	1898
-1711	-1196	2845	-247	334	-79
-2882	189	3570	-487	457	-219
-3264	427	5154	-229	401	585
-3128	-46	6406	10	-26	-458
-2197	597	7264	-289	-160	-782
-2732	253	8518	-403	-910	-501
-2309	-221	6887	-325	-1190	-549
-1371	-296	6188	68	-177	-764
-1379	450	5365	583	143	-586
-1267	1187	4402	743	553	-228
-1328	1166	3913	478	831	175
-1295	607	3366	256	843	394
-1103	99	2783	300	819	448
-953	-30	2533	378	1119	307
-1057	56	2831	381	1292	-15
-1071	217	3023	379	755	-401
-976	249	2653	426	190	-519
-775	-160	2377	460	189	-635
-514	-421	2681	304	493	-1096
-467	-242	3231	62	486	-1469
-622	155	3489	-210	-192	-1721
-548	598	3102	-439	-1338	-1856
-236	761	2321	-463	-1901	-1716
150	906	1943	-209	-1491	-1400
16	1364	2208	-315	-506	-636
-778	1020	3089	-5	135	685
-1080	406	3723	119	-160	818
-1420	71	4023	212	-751	605
-3034	-857	4175	385	-1408	164
-3070	-1079	4202	497	-106	-765
-2705	378	6127	833	-101	-48
-2599	878	5380	784	-895	1065
-2165	-660	6926	730	-984	771
-1920	8	7845	698	-54	718
-1020	-419	7245	21	-1135	1198
-768	-760	5767	-565	-1270	-82
-978	-555	5079	-1006	-1373	-879
-1059	-63	3882	-68	-243	227
-1059	-63	3882	-68	-243	227
-1059	-63	3882	-68	-243	227
-1017	-21	3843	-60	-165	214
-1012	42	3817	-34	-97	211
-1048	45	3835	-1	-27	184
-1099	52	3858	32	29	162
-1109	22	3870	69	64	145
-1143	47	3932	70	59	141
-1210	161	3888	29	4	170
-1319	376	3763	-3	21	307
-1277	466	3676	3	158	557
-1216	-107	3938	-72	250	560
-1216	-107	3938	-72	250	560
-1216	-107	3938	-72	250	560
-1244	-244	4025	-27	243	516
-1172	-301	4122	76	276	345
-1112	-254	4209	191	167	97
-1077	-160	4072	329	118	-3
-1033	2	3920	406	86	-75
-1022	165	3725	420	118	-58
-957	333	3631	413	224	-12
-934	430	3622	390	398	96
-976	394	3808	356	514	146
-1033	370	3969	304	438	153
-1057	369	3991	239	333	183
-1013	366	3906	186	297	230
-974	298	3833	142	305	240
-909	237	3800	78	309	195
-853	169	3784	3	317	119
-851	81	3823	-46	307	56
-775	51	3817	-91	217	-30
-774	-54	3598	-241	285	-142
-824	-200	3369	-232	217	-345
-691	-157	3064	-201	178	-654
-625	-200	2663	-97	167	-1034
-469	-89	2504	27	410	-1261
-454	28	2263	213	455	-1342
-458	34	2195	362	529	-1356
-512	106	2696	137	478	-1353
-377	598	3394	-319	143	-1418
-649	991	4001	-570	-459	-956
-915	727	3904	-544	-778	-487
-700	369	3890	-505	-624	-624
-820	-50	4166	-173	-691	-663
-1452	-453	4195	182	-1188	-892
-2906	-1181	3377	454	-1683	-1047
-3045	-1408	2417	622	-396	-1716
-2609	-685	3967	762	388	-1578
-2102	677	5022	602	301	-829
-1853	999	7205	499	672	-181
-2727	1116	8933	348	811	833
-2473	688	8364	-183	-1335	1103
-1671	-445	5349	-558	-2316	920
-939	-1404	3574	-680	-1685	46
-604	-1466	2657	-629	-814	-825
-607	-892	2124	-366	356	-1249
-891	-259	2476	-118	1719	-1040
-1206	257	3359	-33	2215	-541
-1176	598	3585	-105	1724	47
-1206	635	3941	-458	1159	652
-960	867	3957	-764	325	985
-602	929	3219	-689	-476	1611
-554	393	2638	-376	-949	1989
-669	-126	2233	11	-1387	2056
-430	-541	1680	293	-1392	2153
-476	-818	1272	341	-877	2368
-303	-1244	1558	73	-6	1976
-1637	-298	4004	-76	-1439	47
-1637	-298	4004	-76	-1439	47
-1637	-298	4004	-76	-1439	47
-1637	-298	4004	-76	-1439	47
-2089	782	3127	-390	-1422	302
-2447	869	2930	-363	-540	1111
-2302	737	4207	-285	246	1111
-1775	-359	5491	-126	527	611
-1541	-1005	7666	-350	193	-256
-2327	-1055	8413	-261	-1103	-568
-1591	-361	6538	15	-2084	-772
-1014	889	4509	345	-1221	-500
-936	1647	3930	434	80	76
-1060	1525	3893	283	843	463
-1372	935	3889	131	1048	780
-1553	205	3873	75	1122	711
-1331	-279	3669	218	976	475
-1035	-688	3138	560	799	187
-722	-945	2670	733	746	-344
-432	-962	2544	612	721	-981
-355	-537	2645	306	564	-1591
-497	79	2711	34	-21	-2083
-631	618	2150	-311	-805	-2391
-556	1022	1989	-268	-600	-2222
-30	1100	2082	-104	-240	-1609
-325	922	2708	-10	586	-1039
-869	767	3651	-58	629	-414
-983	455	4333	-70	72	4
-1347	398	4428	-79	-718	-61
-2059	400	3924	3	-1111	82
-2374	-822	3601	77	-170	-139
-2804	-571	4732	59	278	-145
-2466	-247	4786	299	-94	559
-1844	-119	5026	551	509	729
-1624	-443	6870	427	376	150
-2352	-399	7896	379	-581	-52
-1649	221	6637	204	-1300	-165
-1255	-4	4986	-32	-857	-93
-1080	-289	4295	-249	-149	-193
-1031	-281	4006	-461	203	-428
-1002	-146	3519	-592	225	-473
-888	32	2864	-623	361	-281
-761	239	2292	-575	594	43
-560	371	1948	-530	850	352
-541	598	1924	-553	1189	664
-607	583	2328	-472	1373	1214
-661	296	2813	-166	1088	1925
-468	-204	2926	103	637	2399
-1060	-638	3444	-5	-149	2111
-779	-762	2677	-221	-1205	1624
-598	-853	2060	-132	-1120	1373
-218	-1189	2132	72	-510	936
-297	-1326	2996	300	9	387
-764	-1005	3770	269	-49	63
-2002	-388	4385	44	-864	110
-3208	397	3592	-135	-1027	426
-2667	657	4092	-233	396	967
-1830	-79	7355	-285	-404	-424
-1830	-79	7355	-285	-404	-424
-1830	-79	7355	-285	-404	-424
-2637	-86	7493	-374	-991	-687
-1347	-214	6632	20	-219	-504
-1258	127	3834	-71	127	-214
-1251	112	3848	-68	133	-228
-1240	106	3886	-46	105	-264
-1248	97	3888	-30	68	-263
-1233	200	3905	-49	80	-206
-1204	253	3982	-80	91	-121
-1200	190	3998	-102	12	-91
-1122	182	3976	-103	-53	-75
-1152	183	3905	-120	-156	-33
-1195	62	3762	-120	-166	-27
-1252	-63	3684	-104	-77	-80
-1340	-217	3649	-85	-63	-190
-1357	-253	3458	-59	-55	-322
-1328	-344	3381	26	108	-402
-1392	-302	3530	126	222	-486
-1475	-235	3840	162	260	-522
-1429	-30	4102	128	322	-475
-1297	301	4346	47	246	-253
-1149	462	4337	-80	144	-7
-1066	396	4345	-203	6	138
-1000	174	4215	-306	-187	239
-963	7	3953	-385	-189	311
-1014	-176	3887	-434	-88	345
-1097	-284	3852	-451	-52	298
-1050	-324	3720	-409	-58	233
-1005	-294	3632	-325	-29	181
-1010	-253	3593	-246	32	155
-1024	-193	3593	-170	100	158
-1014	-152	3688	-105	165	186
-1038	-119	3809	-61	148	236
-1029	-57	3905	-45	2	297
-997	40	3821	-45	-162	407
-982	130	3574	-52	-231	573
-768	68	3387	-52	-132	725
-700	137	3292	-109	-104	866
-751	126	2964	-246	-158	1059
-782	54	2595	-357	-189	1171
-709	-97	2319	-361	-108	1244
-387	-382	2375	-248	-10	1246
-146	-686	2779	-96	58	1154
-358	-864	3256	46	-164	974
-527	-769	3501	211	-438	759
-670	-613	3788	332	-671	719
-824	-360	3767	304	-1066	653
-891	-267	3526	216	-1224	729
-1308	-276	3390	22	-1282	841
-2131	245	2860	-289	-685	1011
-2242	223	3241	-378	178	1480
-2139	433	4204	-312	72	1004
-1812	-184	5143	-199	553	125
-1928	-600	7825	-185	322	-533
-2647	-777	9013	-404	477	-1291
-1526	-743	7559	77	-1568	-1757
-1269	1076	4639	538	-1459	-1606
-794	2027	4193	669	-510	-453
-669	1616	3881	637	-365	647
-734	702	3144	528	-156	1227
-659	77	2672	518	507	1018
-666	-337	2631	537	1218	487
-669	-543	3032	517	1409	-135
-683	-632	3529	481	929	-765
-587	-472	3694	366	310	-1341
-584	-67	3571	329	-303	-1367
-754	65	3233	329	-945	-1135
-847	499	2610	32	-1546	-1468
-257	904	1739	-381	-1407	-2128
282	1208	1636	-172	-380	-2086
118	1860	2179	97	1044	-966
-883	1508	3666	-90	1589	781
-1610	413	4815	27	763	1222
-1723	-5	4620	-135	-694	394
-1504	-82	3506	24	-1265	262
-1301	-882	2951	179	-686	-384
-2503	-1169	3533	508	535	-1296
-2628	-35	4850	650	549	-1069
-1996	432	5149	559	-187	-112
-1577	-566	6708	699	-860	-80
-2013	598	7549	926	190	-211
-791	787	7106	66	-716	-212
-1005	294	5387	-379	-453	-283
-1316	-172	5017	-620	24	-813
-1163	-450	4512	-738	90	-1104
-966	-439	3721	-594	330	-1137
-879	-217	3251	-569	818	-1110
-941	83	3030	-606	1188	-949
-969	132	2903	-640	1198	-636
-868	201	2749	-625	962	-246
-735	388	2671	-649	747	129
-545	584	2612	-376	858	439
-633	779	2856	-161	779	987
-711	122	3022	84	-40	1555
-684	-226	2707	232	-515	1691
-596	-488	2267	221	-593	1878
-420	-601	2002	-22	-202	1804
-360	-794	2627	-251	38	1298
-501	-888	3488	-268	-174	724
-609	-1006	3976	44	-822	414
-784	-1108	3668	200	-1285	189
-911	-260	3034	69	-1263	63
-1199	396	3277	-108	-978	674
-2122	779	3201	-366	281	1391
-2975	264	4953	-465	838	1433
-3115	279	5507	-491	-78	655
-2226	-674	6273	-669	251	-723
-1915	-437	7823	-307	-441	-1332
-1591	636	7149	-6	-809	-1247
-917	582	6414	423	-773	-827
-873	1128	5213	609	-1023	-542
-878	1374	4024	385	-581	-166
-736	1037	3356	194	41	518
-895	429	3230	85	605	805
-851	91	3305	174	895	786
-930	-90	3435	311	1085	471
-1116	-343	3597	575	716	129
-905	-574	3160	712	-87	-333
-492	-652	2451	557	-450	-741
-205	-584	2279	313	-196	-1102
-372	187	2553	-110	-273	-1577
-529	557	2557	-241	-698	-1622
-216	790	2229	66	-803	-1898
-252	1483	2125	155	-146	-1932
-163	1896	2582	-52	445	-1002
-1074	582	4186	-63	-745	1088
-1074	582	4186	-63	-745	1088
-1074	582	4186	-63	-745	1088
-2214	201	3830	-11	-926	693
-2243	-1002	3485	141	-80	22
-2731	-933	4504	480	667	-513
-2364	276	4900	741	357	398
-1151	700	4738	600	715	1306
-1578	69	3607	-23	79	-551
-1539	210	3635	29	96	-390
-1476	217	3613	40	98	-189
-1434	273	3704	9	107	6
-1377	215	3822	-17	123	215
-1450	66	3973	-23	108	363
-1530	-38	4118	-46	-1	460
-1481	-173	4131	-95	-156	504
-1430	-233	4067	-125	-314	498
-1339	-269	3906	-125	-396	458
-1301	-314	3797	-77	-391	389
-1304	-302	3675	-3	-421	346
-1263	-239	3543	69	-431	367
-1242	-120	3539	117	-371	464
-1388	-11	3681	132	-322	623
-1494	74	3853	104	-307	770
-1484	99	3955	8	-338	818
-1657	124	3751	-151	-477	808
-1659	202	3227	-323	-522	837
-1636	270	2839	-488	-275	915
-1741	261	3052	-588	90	1010
-1798	85	3354	-594	403	1104
-1783	-47	3852	-447	713	1227
-1619	-17	4067	-324	450	1182
-1404	-42	3990	-188	153	1045
-1156	-25	3891	-28	121	795
-992	-12	4084	118	348	594
-1054	7	4541	208	494	368
-1298	48	4760	277	190	183
-1316	369	4480	303	-72	129
-1132	668	3977	294	-249	287
-937	761	3391	290	-179	433
-814	674	3002	222	71	559
-814	466	2835	156	311	599
-959	231	2842	25	405	496
-817	38	3013	-178	384	257
-736	-163	3305	-280	269	-100
-771	-308	3361	-301	-59	-561
-724	-276	3090	-270	-456	-817
-707	-69	2695	-246	-823	-903
-433	284	2310	-255	-967	-979
-220	406	2394	-197	-511	-886
-497	477	2807	-134	-207	-1001
-785	876	3186	-55	-303	-763
-928	653	3472	77	-548	-281
-2160	334	3601	276	-1031	-413
-3302	-1131	2858	621	-893	-1001
-3652	-1264	3557	910	135	-1907
-2781	22	4510	1095	130	-934
-1933	929	4839	1096	569	701
-1884	1030	6984	355	418	248
-3557	997	9096	245	-164	-200
-2127	1087	7350	-189	-1642	933
-952	-484	4215	-534	-1464	935
-938	-1119	3651	-551	-215	280
-926	-962	3726	-773	-146	-419
-784	-540	3196	-710	-335	-659
-540	189	2723	-416	224	-401
-392	688	3021	-268	892	217
-508	892	3297	-357	926	644
-605	802	3186	-540	245	1016
-780	353	2717	-505	-524	1468
-420	-849	1798	60	-136	1680
-420	-849	1798	60	-136	1680
-420	-849	1798	60	-136	1680
-333	-925	2258	77	593	1516
-863	-1040	3075	-200	552	785
-1353	-669	3584	-266	3	364
-1673	-556	3446	-143	-724	450
-1998	88	3183	-383	-1201	467
-1998	809	3014	-500	-358	1507
-2958	934	4772	-567	-45	2180
-3117	319	5763	-630	-570	1897
-2132	-661	7135	-658	-721	838
-2224	-497	7459	-392	-1699	-495
-1581	-89	5973	-231	-839	-785
-844	-8	5654	421	88	-1104
-1209	1240	4790	777	302	-938
-1157	1980	4313	547	763	-337
-1315	1365	3917	332	794	504
-1207	565	3271	335	639	831
-1036	13	2848	406	1030	651
-1002	-137	3158	440	1497	208
-1245	-223	3406	533	1287	-312
-1162	-384	3216	640	556	-787
-836	-533	2749	608	82	-1228
-427	-507	2372	483	73	-1618
-522	-155	2522	172	107	-1943
-570	397	2720	-254	-356	-2104
-543	775	2545	-483	-960	-2210
-318	1050	1977	-548	-780	-2243
-123	1205	2003	-364	-110	-1831
-291	965	2808	-56	536	-752
-951	909	3738	-112	336	-507
-1363	930	4045	-147	-284	124
-2085	576	4207	-101	-1037	307
-2432	-625	3663	228	-654	103
-2869	-189	4700	444	496	-684
-2702	785	5420	713	-232	532
-2687	702	4993	771	-362	1835
-1701	-993	6931	820	83	1205
-2412	210	8631	378	459	494
-977	143	6681	-481	-1239	201
-978	-104	4934	-684	-1023	-362
-1219	-255	4569	-684	-672	-638
-980	-96	3623	-573	-418	-632
-817	128	3073	-338	385	-330
-829	285	3109	-332	888	-62
-927	281	2997	-413	832	285
-1030	201	2831	-377	558	613
-911	6	2556	-388	281	857
-769	-46	2360	-344	344	1057
-628	289	2534	-470	454	1166
-536	348	2842	-422	460	1330
-486	163	2883	-118	-145	1658
-234	-278	2725	165	-673	1681
-235	-804	2634	168	-738	1304
-508	-576	2548	-97	-483	883
-546	-310	2782	-394	-153	916
-358	-597	3324	-457	-55	910
-656	-864	3998	-387	-329	604
-1219	-855	4196	-168	-1004	560
-1929	-275	3944	-132	-1276	791
-2388	-92	3674	-206	301	1104
-2934	6	4771	-332	326	846
-2664	449	4663	-440	333	187
-1860	130	6161	-321	644	25
-2110	129	7080	18	39	-757
-1959	461	6568	301	-397	-732
-1532	568	5757	592	-137	-591
-1198	231	3899	76	482	18
-1198	231	3899	76	482	18
-1198	231	3899	76	482	18
-1185	327	4112	39	471	13
-1144	344	4214	-6	366	17
-1105	224	4246	-7	211	7
-1063	123	4070	18	65	-41
-1029	57	3817	59	118	-115
-1042	39	3720	104	331	-177
-1045	169	3941	107	460	-218
-1000	229	3893	45	319	-229
-1059	283	3900	-49	223	-290
-1170	353	3958	-183	10	-298
-1188	204	3758	-243	-95	-258
-1079	-40	3678	-173	189	-295
-1081	-329	4081	-9	300	-360
-1496	-322	4074	139	-6	-384
-1554	-350	3488	297	-231	-414
-1380	-434	2831	547	-75	-509
-1244	-397	2608	738	237	-667
-1257	-142	3068	687	477	-760
-1438	127	3986	446	850	-703
-1509	417	4945	136	997	-502
-1387	532	5391	-94	480	-340
-1203	288	5150	-218	-256	-101
-1105	7	4384	-372	-647	-85
-1025	-94	3878	-443	-438	-10
-903	-292	3479	-444	-75	19
-802	-396	3299	-433	321	-111
-880	-396	3451	-447	613	-283
-935	-283	3610	-471	672	-368
-1042	-148	3630	-443	528	-257
-961	-64	3576	-400	414	-75
-870	-24	3553	-317	328	129
-753	-72	3530	-232	197	315
-609	-81	3598	-203	58	381
-595	43	3587	-164	-198	528
-543	109	3319	-74	-418	753
-486	60	2960	-37	-548	882
-427	-71	2576	-61	-655	1013
-267	-322	2346	-60	-574	1058
-106	-578	2310	-103	-378	907
-114	-781	2692	-38	-113	732
-455	-848	3289	82	-165	634
-886	-613	3630	95	-517	632
-1049	9	3627	72	-835	809
-2414	499	3650	-14	-1539	1593
-3859	447	2353	-359	-1890	2050
-3085	-114	2192	-719	-200	1839
-2255	-800	4333	-511	779	814
-1426	-1604	6741	12	1350	-805
-2236	-719	8459	278	598	-2077
-2751	591	8281	499	-1173	-1703
-1747	1510	5916	551	-1004	-562
-908	1605	4949	468	-215	212
-937	1424	4227	302	235	525
-1091	1064	4149	219	603	995
-1269	442	4264	137	372	1269
-1112	-226	3744	118	-83	1048
-767	-572	2782	214	-325	618
-514	-802	2089	286	243	24
-598	-744	2142	288	741	-751
-491	-626	2387	332	819	-1315
-541	-466	2670	280	542	-1893
-781	27	2723	92	-164	-2327
-951	634	2571	-108	-1010	-2217
-536	846	2018	-262	-1456	-1949
47	1065	2008	-279	-676	-1894
-151	1723	2749	-192	222	-1281
-927	1612	3600	-69	277	-84
-1906	1162	3975	133	-516	306
-2490	34	3601	551	-1069	635
-3219	-1434	3767	563	12	-379
-3308	-1068	5532	423	-39	-272
-2609	-1236	5668	622	-527	827
-1763	-930	6676	525	-717	205
-1746	-375	7593	528	-773	-398
-1171	1115	6565	53	-689	84
-806	694	5285	-444	-365	404
-1325	-104	4675	-650	338	239
-1442	-620	4367	-763	452	168
-1148	-929	3852	-640	412	167
-1027	-770	3316	-437	622	17
-950	-435	2955	-330	844	-69
-926	-150	2624	-338	891	-68
-812	-17	2281	-382	921	122
-659	166	2179	-482	928	357
-580	476	2216	-572	796	593
-604	771	2638	-461	836	1061
-630	523	3032	-116	126	1666
-404	-19	2916	235	-751	2031
-370	-405	2592	189	-1398	2055
-441	-691	2158	73	-1402	2039
-327	-1088	2174	-5	-842	1755
-227	-1307	2688	89	-99	1038
-727	-1128	3254	34	-70	488
-1737	-753	3685	-249	-495	251
-2506	-16	3626	-438	-400	446
-2880	107	4870	-379	400	989
-3207	154	5201	-233	-217	246
-2565	-15	5884	-294	209	13
-1986	-195	7739	-151	-176	-208
-2079	608	7579	-72	-869	-772
-938	659	6113	285	-828	-274
-832	1025	5278	649	-362	170
-978	1135	4712	571	51	559
-1284	754	4293	217	338	803
-1298	191	3990	4	567	791
-1069	-266	3773	34	737	438
-1001	-285	3571	178	881	40
-986	-118	3328	344	774	-138
-916	-70	2952	494	604	-301
-823	-103	2459	573	434	-600
-663	-229	2068	551	497	-884
-326	-299	2194	415	825	-1178
-429	-25	2812	211	708	-1560
-772	586	2934	-12	-331	-1759
-618	855	2385	-161	-1313	-1816
-102	1040	1862	-486	-984	-1820
1	1263	2405	-324	113	-1216
-323	1070	3403	-143	338	-424
-793	845	4164	-95	-229	48
-1597	645	4294	22	-979	386
-2750	-88	3606	273	-1381	385
-2658	-1387	3289	420	99	-731
-2854	-531	5243	723	454	-700
-2557	876	5128	748	-305	903
-2157	831	5767	515	-60	1634
-1656	157	8053	329	163	938
-1829	162	8652	-126	-509	1079
-1452	176	3858	-475	-459	1110
-1653	186	3592	-413	-285	1443
-1761	174	3560	-398	-6	1539
-1871	107	3502	-433	12	1562
-1822	-20	3310	-436	-50	1362
-1781	59	3341	-379	-95	1089
-1847	137	3335	-273	-179	925
-1759	85	3567	-150	-56	727
-1725	165	4005	-5	9	583
-1742	369	4355	153	-196	559
-1761	457	4294	231	-487	581
-1727	539	3981	242	-647	631
-1524	550	3671	263	-515	746
-1415	500	3573	240	-328	832
-1357	405	3439	216	-287	845
-1303	226	3327	154	-126	743
-1342	72	3371	132	59	563
-1397	-18	3472	116	160	314
-1403	65	3559	153	211	113
-1400	135	3690	206	162	-9
-1357	203	3732	174	73	-136
-1312	204	3778	89	-23	-231
-1276	275	3795	-7	-138	-280
-1197	394	3673	-47	-264	-185
-1089	506	3452	-18	-251	-52
-1047	468	3399	10	-48	-24
-1051	419	3617	-4	142	-1
-1064	370	3872	-74	145	-10
-1037	412	3991	-174	13	-10
-1033	409	4003	-223	-154	39
-1001	262	3870	-261	-258	-1
-912	201	3682	-303	-258	-76
-784	270	3521	-305	-179	-100
-639	337	3329	-264	-39	-9
-614	276	3284	-213	174	-29
-593	323	3324	-213	202	-102
-650	312	3244	-177	125	-75
-716	165	3062	-197	113	-142
-818	233	2962	-260	8	-284
-579	396	2848	-271	-127	-188
-444	319	2897	-231	-187	-98
-532	284	3153	-225	-186	-253
-742	464	3338	-237	-322	-284
-827	373	3162	-187	-644	-217
-615	172	2921	-100	-691	-246
-895	280	2992	61	-614	-380
-2007	185	3307	253	-676	-403
-2759	-388	3107	452	235	-999
-3107	-321	4984	725	613	-890
-2808	439	5593	735	-383	262
-2457	-677	6734	547	-904	973
-1662	262	7557	471	901	1031
-1728	47	8212	140	-112	1265
-1738	-167	5972	-291	-940	664
-1728	-574	4742	-758	-605	-308
-1217	-523	3766	-1025	-251	-831
-860	-442	3112	-920	480	-838
-870	-276	3020	-773	1069	-738
-867	-227	3145	-689	1071	-626
-855	-167	2932	-573	740	-370
-806	-81	2525	-474	563	62
-637	75	2410	-488	808	381
-527	543	2752	-478	1041	756
-416	686	3400	-348	853	1297
-465	311	3859	-66	101	1611
-591	-191	3943	211	-927	1531
-552	-610	3276	357	-1923	1261
-301	-721	2186	288	-2165	1047
64	-743	1545	143	-1213	912
357	-520	2109	133	190	743
-258	-729	3761	235	666	592
-955	-848	4580	240	-69	185
-942	-701	4464	177	-732	35
-1354	-631	4199	156	-1200	202
-2258	-305	3819	-121	-1464	104
-2144	317	3177	-251	-254	579
-3067	-3	4439	-202	63	615
-2642	132	4743	-236	-270	10
-2299	-186	5906	-115	-444	-202
-2168	178	7095	-199	-911	-623
-1424	227	7372	-153	-134	-1216
-662	388	5869	373	-1129	-1387
-740	1401	4365	629	-799	-642
-727	1467	3711	652	-110	584
-710	1007	3285	418	418	1156
-636	478	3223	192	1067	1341
-765	51	3251	205	1373	1169
-946	-179	3070	305	1326	812
-997	-537	2815	447	1032	609
-759	-644	2953	500	692	221
-537	-921	3114	181	299	-545
-566	-448	3258	-47	-36	-1372
-676	121	3083	-54	-679	-1392
-737	416	2422	-101	-1448	-1517
-260	610	1466	-193	-1334	-1821
310	1096	1293	-73	208	-1913
275	1714	2789	-12	1838	-899
-964	1448	4766	-103	1537	575
-1484	613	5506	-239	115	666
-1592	555	4861	-328	-1102	403
-2090	416	3567	-74	-1459	491
-1918	-594	3145	47	-142	-6
-2927	-983	4134	402	629	-257
-2552	-390	4403	599	251	-88
-1974	-26	4617	575	161	425
-1575	-998	7018	760	86	-100
-769	531	4712	-373	-792	-198
-769	531	4712	-373	-792	-198
-769	531	4712	-373	-792	-198
-865	272	4137	-651	-73	-500
-794	-134	3775	-746	367	-511
-826	-341	3397	-572	772	-340
-837	-379	3006	-482	1111	-298
-848	-227	2827	-465	1411	-414
-925	-37	2864	-449	1373	-373
-917	3	2867	-444	1024	-25
-963	145	2794	-463	697	241
-872	493	2762	-394	450	664
-571	530	2890	-100	388	1350
-430	49	3202	243	28	1753
-413	-503	3182	322	-685	1595
-351	-604	2778	172	-1060	1265
-418	-492	2606	-20	-828	973
-293	-525	2828	-26	-462	848
-426	-663	3198	6	-173	559
-670	-616	3633	44	-124	302
-1008	-577	3852	20	-330	233
-1532	-540	4126	-1	-747	193
-2305	-297	4227	-150	-946	134
-2184	-76	4525	-108	-42	631
-1466	-9	3588	76	67	94
-1516	-63	3683	106	144	139
-1494	-128	3841	113	149	158
-1519	-147	3873	91	39	147
-1507	-249	3701	82	-8	142
-1430	-264	3682	91	88	75
-1370	-52	3903	61	-12	178
-1370	-52	3903	61	-12	178
-1370	-52	3903	61	-12	178
-1357	-41	3885	67	-56	250
-1382	-47	3883	89	-87	367
-1391	-122	3832	98	-115	455
-1350	-204	3774	104	-148	465
-1314	-239	3724	114	-152	427
-1364	-230	3719	132	-122	425
-1393	-302	3721	170	-129	383
-1377	-322	3695	192	-140	309
-1366	-236	3682	155	-144	244
-1419	-43	3541	60	-189	249
-1572	133	3317	-83	-144	311
-1631	272	3112	-286	-8	442
-1586	330	3125	-489	190	625
-1545	385	3541	-592	311	673
-1553	400	3934	-582	243	759
-1420	256	4174	-505	136	744
-1086	109	4390	-267	229	691
-993	73	4403	-56	104	485
-946	-73	4433	124	162	423
-1108	-125	4560	228	200	332
-1230	200	4536	307	4	296
-1142	484	4000	378	-80	414
-949	468	3649	437	-10	492
-774	418	3252	412	61	505
-807	252	3016	426	253	381
-851	153	2894	361	462	103
-712	52	2834	278	640	-181
-638	-130	2803	145	679	-596
-814	-195	3178	108	690	-890
-660	-175	3214	54	199	-975
-441	-18	2873	-32	-300	-1232
-406	326	2489	-79	-601	-1388
-291	498	2340	-83	-610	-1232
-234	404	2900	-256	-343	-1167
-461	658	3552	-482	-408	-1267
-787	698	3854	-358	-617	-794
-1422	491	3819	-297	-1142	-669
-2371	282	2931	-63	-1823	-497
-3321	-942	1641	242	-853	-896
-3846	-243	2661	563	1035	-1023
-2380	476	4868	682	1667	621
-1802	264	6824	462	1172	1306
-3263	-1138	9145	195	-410	635
-3697	-622	7933	359	-1925	-596
-1480	575	5500	-29	-1454	-92
-1055	-252	4131	-307	-21	-186
-1368	-476	4220	-475	1122	-819
-1938	-413	4611	-643	1079	-1081
-1767	-330	4232	-641	338	-1047
-1482	-78	3535	-491	323	-836
-1147	73	3062	-386	377	-395
-963	164	2741	-369	378	-55
-690	247	2384	-411	328	324
-577	269	2297	-413	500	821
-663	-137	2859	-222	-542	1055
-663	-137	2859	-222	-542	1055
-663	-137	2859	-222	-542	1055
-553	-238	2466	93	-1089	1298
-537	-573	2076	267	-1242	1705
-345	-876	2095	104	-1095	1622
-285	-935	2622	-160	-900	1158
-517	-1238	3086	-48	-658	908
-886	-952	3433	62	-645	457
-1321	-115	3423	-8	-1087	606
-2709	1081	2961	-239	-1832	1246
-3326	746	2121	-463	-563	1911
-3111	143	4508	-540	573	1269
-2639	-675	6025	-397	348	-301
-1754	-1370	8124	-148	712	-938
-2702	379	8548	115	-1049	-1391
-2051	866	6586	292	-1273	-849
-1178	1373	4999	545	-745	-288
-933	1916	4217	456	187	347
-1091	1551	4123	249	726	864
-1387	770	4021	198	678	1286
-1213	59	3591	180	521	1226
-953	-344	3286	114	702	765
-842	-514	3025	130	639	300
-706	-669	2577	196	428	-243
-469	-719	2220	227	417	-775
-260	-605	2363	231	633	-1215
-397	-39	2980	136	418	-1572
-999	660	3163	-34	-662	-1593
-817	1011	2706	-239	-1787	-1433
35	1004	1964	-275	-1650	-1356
240	1327	2290	-162	-480	-1066
-460	1415	3371	7	144	-107
-1536	919	4289	-23	-294	450
-2570	618	3668	16	-1317	485
-2709	-938	2557	236	-605	-75
-3128	-878	3836	244	567	-727
-2727	-468	5215	273	-8	135
-1919	-101	5859	358	-59	595
-1351	118	7605	188	-179	401
-1872	-53	8441	11	-1153	117
-1176	296	6684	-199	-1410	294
-695	-286	4857	-559	-832	245
-925	-586	4169	-717	4	-16
-916	-517	3785	-818	305	-254
-832	-474	3350	-709	473	-280
-841	-222	2837	-550	615	-210
-768	132	2353	-415	829	25
-599	408	2175	-458	1022	333
-558	524	2295	-472	1133	740
-756	389	2584	-451	877	1133
-664	153	2821	-357	140	1418
-740	-113	2656	-182	-620	1660
-504	-277	2232	95	-1032	2076
-268	-725	2166	47	-672	1997
-87	-1172	2374	202	-355	1586
-150	-1597	3057	199	95	643
-956	-1230	3947	183	205	-270
-1494	-421	4159	173	-33	-192
-2157	262	4069	-101	-383	145
-2516	624	3682	-102	-270	814
-2438	-168	4191	-27	154	842
-1917	-6	4790	14	-38	461
-1469	172	5792	-136	59	261
-1978	403	7742	-442	-712	-326
-2193	372	7467	-805	-252	-431
-904	-366	6643	-148	281	-397
-1556	632	3881	441	-323	891
-1738	475	4175	188	-161	752
-1841	-35	4447	-26	-297	335
-1871	-367	4069	-61	-635	-204
-1612	-292	3268	31	-685	-500
-1511	55	2973	47	-246	-585
-1447	517	3283	45	152	-239
-1521	519	3895	-16	366	199
-1624	151	4429	-215	209	221
-1662	-159	4659	-539	-164	-71
-1546	-423	4399	-723	-618	-346
-1225	-644	3838	-665	-796	-601
-926	-683	3378	-470	-682	-840
-796	-582	2978	-231	-354	-928
-859	-429	2986	-19	185	-999
-1055	-99	3249	96	564	-958
-1294	99	3657	132	735	-820
-1439	235	3968	96	656	-689
-1478	266	4210	6	441	-567
-1457	273	4313	-74	86	-375
-1260	269	3956	-81	-272	-108
-1023	157	3554	-93	-242	37
-880	-19	3460	-95	-35	72
-919	-185	3594	-69	128	8
-978	-236	3707	-14	184	-42
-1044	-158	3795	21	211	-25
-1070	34	3802	25	184	46
-1014	126	3694	9	159	146
-932	130	3575	-46	149	244
-936	101	3449	-104	188	380
-976	-36	3438	-114	299	522
-1107	-136	3450	-72	385	625
-1168	-150	3359	-42	390	656
-998	-169	3058	-67	415	615
-1036	-113	3109	-138	413	633
-1007	-200	3258	-213	247	634
-958	-364	3205	-128	121	571
-965	-360	3275	118	184	543
-693	-524	3398	351	150	575
-651	-522	3461	337	16	407
-635	-414	3242	157	-128	275
-661	-278	3173	-23	-246	193
-630	34	2939	52	-43	416
-554	70	3186	131	375	518
-816	-16	3560	-22	288	427
-1092	-102	3858	-210	-334	447
-1485	-33	3925	-350	-1084	460
-2152	-140	3300	-217	-971	1035
-2525	-381	3717	-4	-735	1067
-2202	-908	3951	-113	-492	17
-2147	-806	6352	-374	270	-1216
-2343	81	7548	-480	683	-1483
-2183	652	9138	-214	351	-1633
-2019	1734	7569	119	-1640	-1249
-1651	2151	5303	326	-2210	209
-1071	1259	3408	444	-1816	1270
-523	563	2257	440	-361	1590
-422	42	2422	348	1399	1522
-648	-179	3011	522	2033	1070
-1123	-328	3491	590	2070	486
-1127	-462	3387	580	1339	-106
-1275	-524	3344	591	970	-678
-1028	-558	3074	567	312	-1083
-778	-499	2802	351	-29	-1464
-728	-1	2878	56	-317	-1673
-840	696	2901	-286	-882	-1619
-867	1105	2419	-473	-1472	-1455
-384	1327	1678	-444	-1323	-934
361	1205	1581	-337	-416	-256
299	1042	2637	-354	823	208
-702	867	4252	-388	838	658
-1295	464	4639	-291	-40	883
-1096	-19	4029	-161	-785	739
-884	-491	3469	19	-1138	368
-1704	-615	3131	269	-1280	-252
-2757	-1316	2928	554	-455	-1059
-3193	-632	4474	885	442	-1499
-2521	684	5657	1049	-373	-347
-2522	705	6008	810	-823	524
-1660	201	7611	529	-308	26
-1578	692	8823	-116	-230	609
-971	389	5886	-795	-1617	632
-1017	-393	4262	-942	-824	160
-746	-698	3955	-979	-244	-300
-601	-774	3379	-827	190	-381
-480	-511	2929	-558	902	-320
-579	278	2940	-438	652	237
-579	278	2940	-438	652	237
-579	278	2940	-438	652	237
-579	278	2940	-438	652	237
-457	520	2874	-231	448	790
-370	374	3230	55	279	1340
-505	-137	3529	231	-542	1294
-225	-497	2951	307	-1114	1316
-258	-655	2245	257	-833	1315
-129	-753	2486	188	-9	841
-320	-686	3274	136	377	347
-752	-719	3858	60	61	34
-752	-549	3856	2	-456	-138
-721	-456	3308	99	-538	183
-1081	-506	3335	39	-355	242
-1944	-178	3447	-101	-257	401
-2308	8	3878	-117	429	730
-2825	-168	4841	-160	118	490
-2582	-561	4688	-179	-348	-61
-1913	-620	5180	-89	-195	-697
-2062	834	7237	-4	-944	-661
-1672	1279	6864	-88	541	-931
-711	889	7105	266	-98	-1095
-1147	1088	5466	622	-599	-720
-1120	862	4354	642	-404	217
-854	365	3339	592	-118	796
-460	7	2655	393	677	772
-494	-82	2667	409	1494	434
-679	42	2779	558	1907	62
-941	209	2992	581	1904	-183
-1215	154	3201	566	1390	-442
-1129	-149	3095	439	688	-748
-673	-325	2899	213	313	-1095
-386	-201	3109	-17	163	-1316
-552	256	3490	-179	-527	-1345
-867	694	3107	-419	-1636	-1405
-423	869	1991	-491	-1891	-1325
355	765	1829	-184	-639	-912
12	828	2953	-74	438	-827
-832	1418	4166	-45	325	-197
-1308	1229	4365	-57	-288	316
-2091	565	4395	94	-800	333
-2659	-1024	3621	534	-783	-198
-3162	-1200	4139	615	123	-1228
-1527	-234	3726	-18	-62	26
-1481	-285	3642	-25	-57	-1
-1441	-315	3609	2	20	-23
-1445	-374	3673	45	91	-49
-1425	-399	3731	71	116	-108
-1389	-386	3667	87	133	-162
-1367	-351	3640	93	186	-202
-1345	-244	3724	135	274	-180
-1388	-143	3901	191	328	-95
-1458	-99	4049	213	196	-21
-1457	-142	3926	203	8	39
-1377	-185	3653	178	-16	60
-1382	-208	3566	148	106	41
-1346	-242	3634	158	198	7
-1388	-285	3847	209	242	28
-1433	-241	3961	226	154	17
-1387	-72	3919	155	-19	44
-1425	231	3719	-41	-185	130
-1651	395	3378	-281	-331	319
-1634	469	2952	-499	-250	515
-1600	479	2953	-679	5	665
-1714	236	3215	-672	197	852
-1758	82	3468	-511	611	1073
-1674	46	3981	-333	629	1264
-1370	-10	4264	-163	365	1178
-1346	-94	4470	32	165	963
-1307	-291	4588	138	166	581
-1329	-88	4564	271	53	371
-1323	194	4206	328	-86	373
-1233	525	3726	351	76	484
-1076	702	3496	381	302	688
-915	710	3385	337	427	868
-860	527	3270	202	403	891
-909	268	3023	2	346	799
-939	80	2785	-205	367	588
-887	-144	2823	-333	383	395
-671	-357	2970	-383	143	5
-635	-351	2916	-345	-211	-477
-716	-251	2758	-258	-620	-601
-865	-228	2548	-292	-770	-756
-716	319	2755	-501	-561	-971
-513	838	3374	-627	-612	-742
-679	1079	3645	-497	-919	-179
-873	1025	3567	-335	-1158	242
-1098	395	3364	-185	-1203	384
-1957	-146	3191	-94	-1182	103
-2998	-779	2785	91	-579	-331
-3460	-941	3888	434	450	-771
-3065	-740	5051	574	310	-280
-2629	-530	5761	541	146	82
-2457	-1060	7428	590	-622	-451
-2704	-11	7744	783	-746	-37
-1864	485	6178	411	-1592	58
-1498	192	4588	-25	-903	-501
-1322	-190	4148	-483	-219	-950
-1227	-492	3684	-695	71	-1009
-1166	-601	3381	-580	516	-882
-1110	-459	3244	-455	867	-758
-1004	-146	3108	-401	962	-589
-876	509	2995	-429	776	-286
-630	1017	2820	-383	449	392
-541	978	2782	-272	110	1180
-630	525	2756	-200	-493	1507
-722	119	2411	-115	-1001	1568
-627	-167	2015	-19	-985	1732
-400	-382	1928	12	-808	1888
-402	-691	2000	82	-605	1921
-644	-995	2566	144	-23	1612
-709	-1049	3543	171	-145	1067
-1105	-917	3849	99	-610	679
-1690	-540	3437	-143	-1361	526
-2280	189	2740	-483	-1060	614
-2741	570	3335	-491	135	1384
-3113	456	4425	-487	-19	1261
-2237	56	5194	-479	-26	412
-1296	-463	6877	-586	69	-139
-2662	95	8587	-375	-1298	-120
-1783	-764	6994	-256	-679	-206
-702	-56	5884	191	-511	-789
-1327	1156	4632	591	-192	-739
-1048	1730	4186	676	175	-78
-1022	1373	4001	592	121	886
-905	334	3204	439	196	1239
-682	-307	2984	356	894	781
-669	-504	3001	439	1152	328
-754	-508	2854	456	913	-169
-729	-290	2625	268	678	-734
-607	-108	2689	174	567	-960
-508	16	3086	146	412	-1040
-784	305	3337	108	-220	-1094
-986	647	2986	-196	-1167	-1221
-366	719	2207	-564	-1265	-1464
24	1046	2075	-553	-537	-1148
-229	992	2502	-277	354	-130
-939	532	3495	-73	677	278
-1688	230	4137	65	73	311
-1984	60	3931	200	-623	166
-2275	-588	3600	289	-568	-266
-2790	-697	3923	203	12	-938
-2331	152	4856	312	-103	-248
-1938	219	4523	313	-604	298
-1808	-1036	5877	441	-669	-150
-2176	38	7794	920	842	153
-1027	785	7571	267	-379	208
-1041	640	5707	-313	-501	304
-1219	-147	4308	-934	-224	-283
-1219	-147	4308	-934	-224	-283
-810	-424	3542	-799	175	-132
-662	-537	3093	-618	708	14
-622	-464	2782	-553	1107	-114
-736	-137	2589	-559	1202	-130
-700	129	2382	-615	1053	150
-671	405	2336	-624	977	728
-674	521	2629	-560	1099	1179
-768	515	3338	-415	888	1484
-766	307	3733	-158	-309	1749
-673	-283	3258	145	-1605	2154
-580	-631	2303	145	-1971	2108
-489	-975	1935	-68	-1442	1785
-194	-1202	2153	-197	-706	1127
-428	-1310	2712	-35	125	726
-1037	-1198	3618	73	247	336
-1691	-586	4265	59	-211	373
-2534	99	3792	-91	-659	723
-3039	604	4061	-224	162	1062
-3263	860	4421	-299	-490	1076
-2540	564	4573	-417	-249	558
-1271	-794	5833	-211	400	-248
-1371	-729	6546	178	-33	-1104
-1243	120	6349	420	-607	-928
-1305	51	3832	-13	-5	54
-1309	14	3827	-12	9	3
-1317	11	3816	4	-4	-35
-1347	-10	3775	19	24	-64
-1333	22	3807	39	82	-87
-1300	57	3810	62	65	-87
-1248	126	3792	56	72	-81
-1204	187	3817	38	73	-52
-1254	193	3824	34	41	-15
-1259	128	3776	26	44	0
-1221	78	3820	0	100	-3
-1296	130	3898	-35	93	17
-1393	157	3945	-69	22	20
-1425	142	3888	-58	0	77
-1351	158	3839	-12	61	138
-1346	152	3836	38	101	180
-1328	243	3790	75	110	265
-1226	293	3772	69	136	376
-1148	266	3788	34	164	407
-1042	128	3769	20	231	406
-944	-46	3927	22	325	294
-1100	-129	4146	31	256	140
-1165	-19	4141	68	122	50
-1174	156	4072	93	46	29
-1149	279	3857	126	2	111
-1099	343	3715	163	106	219
-1075	324	3757	177	156	265
-1003	245	3835	147	156	254
-932	146	3872	96	39	225
-883	53	3912	57	-83	167
-825	7	3765	16	-225	51
-704	12	3370	-36	-314	-84
-706	-126	3015	-21	-270	-261
-491	-39	2876	-33	-242	-467
-318	46	2683	61	-163	-474
-413	117	2544	179	-58	-460
-349	140	2176	67	100	-706
-344	139	2736	-192	558	-894
-442	390	3652	-438	238	-644
-429	595	3890	-642	-211	-403
-820	360	3925	-614	-372	-214
-911	110	3732	-492	-625	-395
-695	33	3460	-261	-684	-499
-750	175	3427	-7	-664	-506
-869	118	3585	189	-695	-474
-1217	221	3927	206	-802	-691
-2311	51	3864	311	-700	-435
-2704	-486	4239	475	-65	-1023
-2922	-352	4994	715	-181	-901
-2776	-212	5115	721	-423	-268
-1768	-955	6531	589	-683	-528
-1767	63	7150	627	87	229
-1306	454	6835	122	-718	181
-1229	523	5361	-362	-899	-90
-1342	91	4492	-702	-502	-499
-1059	-314	3911	-859	-11	-584
-856	-508	3439	-785	526	-533
-912	-493	3268	-702	974	-513
-932	-340	3147	-691	1045	-556
-958	-139	3002	-677	934	-422
-895	61	2883	-704	794	-117
-787	328	2893	-714	670	291
-590	569	3144	-507	527	889
-595	396	3429	-158	61	1345
-625	-113	3327	141	-690	1425
-546	-541	2711	273	-1236	1358
-475	-761	2047	174	-1248	1162
-146	-753	2001	-33	-438	874
-274	-698	2969	69	306	929
-816	-1055	3963	301	195	675
-1013	-1059	4051	297	-663	108
-741	-789	3570	125	-1074	-138
-737	-605	3076	73	-1081	29
-550	-519	2924	223	-647	241
-1023	-377	3443	207	-136	301
-2071	290	4030	-80	98	607
-2699	370	4388	-198	310	1058
-2525	-92	4858	-153	-130	669
-1782	-447	5230	-160	-250	-377
-1461	-143	6634	3	-679	-672
-1715	1029	7198	-100	-1779	-567
-1250	6	6835	-302	-73	-742
-846	170	5838	100	-756	-951
-878	577	3971	458	-359	-627
-805	884	3581	610	523	51
-993	816	3561	556	657	590
-1082	595	3290	332	934	818
-1035	149	3562	238	1425	748
-1175	-178	3976	324	1287	311
-1177	-318	3700	539	620	-126
-896	-445	3144	617	92	-600
-471	-438	2565	544	-46	-886
-363	-203	2399	342	13	-1047
-455	305	2438	-17	-207	-1090
-573	792	2521	-446	-483	-1101
-392	1050	2271	-568	-528	-1070
40	908	2106	-277	-117	-743
-148	1141	2608	-115	459	-169
-586	623	3668	-29	582	611
-874	434	4478	-270	29	695
-934	194	4366	-373	-735	774
-1128	-111	3746	-230	-1111	605
-1424	-632	3494	133	-817	184
-2050	-1156	4095	346	-60	-866
-2714	-512	5080	456	20	-897
-2013	239	4884	399	-394	-121
-1651	-277	5419	445	-245	254
-1734	-389	7190	689	277	238
-1395	-61	7744	300	47	332
-878	-243	6117	-310	-638	-50
-1049	-564	4978	-561	-431	-638
-844	-510	4071	-679	-311	-1064
-649	-556	3370	-519	270	-1044
-733	-401	3122	-294	1000	-896
-760	-317	2974	-244	1324	-863
-916	-135	2900	-291	1449	-906
-963	48	2882	-397	1529	-803
-1001	263	2958	-535	1218	-503
-722	535	2878	-550	633	-116
-412	831	2901	-163	370	520
-277	417	2908	204	139	1313
-288	-241	2913	373	-182	1307
-318	-401	2809	320	-637	1114
-329	-476	2626	190	-916	1261
-361	-652	2555	86	-741	1278
-225	-747	2907	160	-24	1029
-2146	130	3114	-274	-996	601
-2146	130	3114	-274	-996	601
-2146	130	3114	-274	-996	601
-2146	130	3114	-274	-996	601
-1716	62	3635	-22	81	-296
-1680	89	3562	-22	51	-267
-1655	114	3491	-27	74	-226
-1656	116	3478	-22	132	-173
-1650	75	3553	-18	227	-116
-1672	67	3802	-28	288	-104
-1751	50	3933	-58	152	-130
-1688	21	3809	-93	-9	-154
-1595	11	3644	-101	-18	-198
-1636	18	3538	-67	71	-189
-1588	-42	3634	-40	243	-222
-1627	50	3796	-46	236	-247
-1674	57	3823	-66	65	-233
-1671	141	3635	-86	-32	-218
-1647	176	3555	-109	12	-141
-1630	101	3571	-128	30	-79
-1669	-80	3572	-130	47	-115
-1670	-276	3538	-117	40	-240
-1653	-426	3353	-83	50	-400
-1740	-554	3201	16	115	-560
-1755	-631	3173	184	219	-732
-1781	-488	3358	349	327	-764
-1739	-229	3750	337	570	-770
-1647	156	4387	223	467	-733
-1583	584	4389	153	97	-443
-1344	715	4258	-16	-100	-82
-1219	516	4131	-286	-148	147
-1294	96	3979	-468	-126	242
-1272	-339	3814	-439	-109	290
-1222	-676	3738	-337	-7	120
-1188	-629	3734	-228	28	-107
-1117	-357	3753	-144	-58	-180
-983	-35	3641	-105	-195	-78
-853	235	3499	-77	-288	196
-719	353	3318	-80	-303	546
-734	445	3181	-97	-256	875
-575	312	3066	-129	-286	1174
-540	141	3080	-176	-341	1303
-530	-91	3229	-184	-566	1449
-480	-375	3355	-184	-825	1403
-655	-561	3142	-187	-1110	1365
-753	-694	2706	-167	-1180	1205
-552	-749	2712	-205	-1042	907
-642	-772	2562	-162	-1059	843
-749	-606	2297	-173	-789	816
-1362	-236	2646	-203	-442	1123
-2459	358	3090	-221	-473	1504
-3220	177	3091	-159	-335	2159
-3431	-467	3784	-265	-33	1573
-2756	-1190	4613	-286	181	249
-1662	-1571	6599	-67	466	-1118
-2398	358	8388	130	-727	-1707
-2110	1471	7278	-40	-1425	-867
-1620	1099	6477	-1	-497	-668
-1459	1368	4914	192	-524	-94
-1159	1200	3914	204	177	612
-1307	612	4032	208	720	830
-1288	147	3754	278	502	743
-1031	-282	3008	429	455	547
-816	-478	2470	453	831	98
-834	-676	2416	438	1009	-432
-632	-880	2423	315	803	-1110
-1032	429	2601	29	-493	-2219
-1032	429	2601	29	-493	-2219
-1032	429	2601	29	-493	-2219
-824	628	2328	-249	-1154	-2201
-283	858	2084	-307	-787	-2074
-227	1268	2698	-356	-148	-1720
-933	1503	3429	-146	97	-376
-1251	669	3824	69	-247	444
-1644	246	3967	176	-949	265
-2437	-26	3349	348	-1325	304
-2665	-1373	3313	285	-251	-350
-2869	-1243	5197	179	153	-720
-2668	-906	5787	309	-510	-15
-1982	-1091	6981	645	-875	-341
-2182	490	7804	1023	-216	-178
-1353	1168	7013	381	-630	99
-1380	690	5647	-142	-623	166
-1478	92	4675	-610	-242	-30
-1283	-265	3926	-855	-231	-33
-1087	-425	3038	-724	104	107
-955	-448	2612	-605	789	226
-855	-369	2512	-562	1274	327
-875	-137	2441	-540	1461	595
-798	136	2462	-545	1409	938
-726	400	2727	-570	1085	1271
-725	571	2858	-523	435	1525
-529	359	2835	-295	-169	1777
-602	40	2780	-94	-703	1811
-720	-112	2476	6	-1183	2050
-740	-481	2096	76	-1485	2452
-395	-711	1910	95	-1083	2457
-221	-1279	2506	200	-345	2392
-871	-1777	3216	-37	-105	1206
-1398	-883	3639	-228	-324	494
-2333	79	3719	-310	-563	648
-2893	546	3706	-201	219	1418
-2936	237	5119	-138	64	1142
-2853	-640	5609	-330	-158	-187
-1898	-1101	7483	-512	501	-863
-2259	-178	8358	-32	-578	-755
-1675	881	6489	393	-1173	-461
-995	1336	5395	763	-422	99
-1228	1607	5033	663	125	474
-1228	1128	4336	273	207	778
-1114	284	3842	29	617	829
-1076	-255	3644	101	830	646
-1027	-658	3343	315	858	217
-1082	-650	3148	451	957	-375
-1025	-451	2795	523	666	-874
-849	-256	2252	541	328	-1259
-623	-179	1914	434	203	-1570
-315	-106	1716	419	252	-1705
-154	75	1859	347	489	-1801
-407	19	2428	335	385	-2085
-791	937	2909	111	-391	-2365
-558	886	3139	-501	-1231	-2275
-34	934	3513	-542	-1074	-1748
-456	1263	4111	-267	-1092	-1004
-769	1400	4170	55	-1151	-27
-1288	801	3934	161	-1223	268
-2531	-139	3349	344	-1176	291
-2745	-1340	2971	650	315	-201
-2919	-474	4638	474	693	-201
-2205	-228	5063	179	-162	195
-2112	-151	6296	233	134	64
-1854	88	7727	337	-278	-395
-1533	851	7287	69	-339	351
-895	274	5978	-396	-743	409
-1402	108	3771	69	173	-23
-1402	108	3771	69	173	-23
-1402	108	3771	69	173	-23
-1367	228	3776	62	185	61
-1330	248	3797	60	136	110
-1296	187	3746	49	127	98
-1255	156	3797	35	228	77
-1274	46	3981	19	210	26
-1217	0	4012	-18	146	-121
-1189	116	4001	-59	59	-226
-1168	171	3916	-122	-41	-252
-1500	-157	3870	19	-196	-144
-1500	-157	3870	19	-196	-144
-1500	-157	3870	19	-196	-144
-1500	-157	3870	19	-196	-144
-1500	-157	3870	19	-196	-144
-1500	-157	3870	19	-196	-144
-1451	-180	3636	124	-328	-224
-1449	-219	3347	211	-372	-271
-1487	-310	3103	248	-325	-373
-1501	-363	2987	259	-55	-500
-1367	-562	3145	199	485	-689
-1127	-544	3729	165	830	-844
-1109	-104	4219	164	560	-833
-1180	185	4735	78	269	-588
-1162	305	5086	-132	-78	-357
-954	154	4773	-311	-362	-70
-977	-164	4348	-458	-401	1
-969	-407	4005	-584	-288	-77
-863	-529	3681	-590	-158	-172
-714	-356	3532	-544	40	-278
-635	-7	3508	-447	126	-116
-571	200	3412	-345	219	261
-578	193	3250	-319	204	556
-702	130	3101	-350	140	802
-759	65	2996	-371	120	1072
-737	22	3088	-325	-49	1380
-729	-178	3047	-261	-341	1600
-634	-292	2850	-241	-563	1569
-493	-262	2771	-210	-708	1527
-373	-792	2763	-99	-701	1532
-398	-1083	2741	-81	-682	1247
-419	-906	2801	-88	-415	926
-696	-621	3291	-65	-91	888
-924	-373	3660	-88	-255	832
-1218	-280	3690	-71	-578	1089
-1902	-93	3542	-253	-898	1065
-2605	-127	3170	-255	-610	1757
-3066	-622	3954	-226	-116	1566
-2547	-1007	4723	-297	206	402
-1796	-1371	6299	-135	836	-879
-2182	-4	7824	51	-168	-1503
-1896	635	7326	25	-145	-1219
-1501	623	6802	272	-608	-653
-1420	1108	5024	355	-796	33
-1184	923	3776	358	-214	780
-1041	519	3360	314	478	1059
-1146	142	3417	279	1067	1004
-1085	-74	3370	429	1253	868
-1064	-346	3223	606	1265	587
-1058	-580	3045	685	1063	95
-926	-813	2805	690	759	-461
-635	-940	2671	577	377	-1184
-390	-631	2634	397	64	-1840
-468	155	2724	204	-264	-1961
-754	724	2675	6	-842	-1757
-759	963	2250	-249	-1411	-1616
-267	967	1717	-302	-950	-1520
74	976	2276	-87	254	-972
-506	1008	3550	-14	430	-435
-2682	-1469	3282	207	-483	-559
-2682	-1469	3282	207	-483	-559
-2682	-1469	3282	207	-483	-559
-2682	-1469	3282	207	-483	-559
-2758	-910	4831	459	459	-1055
-2690	-103	5667	447	-372	-8
-1919	7	5630	569	-228	985
-1748	-393	6616	340	-304	526
-1912	-581	6635	88	-694	-140
-1487	-146	5731	-182	-408	-154
-1366	-340	4856	-399	-6	-167
-1482	-589	4365	-569	401	-475
-1414	-654	4169	-646	485	-754
-1255	-587	3763	-557	435	-762
-987	-410	3325	-435	507	-663
-782	-161	2855	-403	539	-455
-637	91	2469	-416	601	-261
-585	318	2284	-441	716	45
-591	493	2331	-423	728	541
-465	596	2551	-333	656	1095
-376	490	2742	-112	429	1680
-316	-97	2840	206	-71	2003
-407	-605	3015	355	-729	1714
-532	-959	3166	321	-1225	1217
-429	-1052	3054	204	-1735	832
-133	-1091	3021	146	-1543	681
-460	-1154	2818	186	-1009	396
-1255	-478	2730	107	-502	220
-1719	95	3473	-114	-516	334
-2079	409	3867	-55	341	1125
-2877	-542	5983	168	490	1290
-3110	-1085	5633	195	-558	-91
-2026	-1463	5664	-120	-142	-1339
-2104	139	7302	-133	-843	-1403
-1669	956	6695	-82	-138	-1143
-617	1257	6355	342	-252	-1054
-1122	1963	5163	644	-265	-258
-1272	1542	4462	491	-97	820
-1231	382	4101	278	39	1303
-960	-352	3574	117	72	1209
-755	-635	3139	194	424	713
-836	-443	2811	358	678	183
-855	-126	2661	396	865	-230
-896	124	2541	295	812	-514
-689	220	2325	188	691	-628
-374	-28	2337	118	746	-558
-200	-342	2855	13	869	-717
-457	-64	3423	-143	585	-1075
-710	353	3577	-155	-232	-1068
-877	650	3434	-364	-1465	-1096
-456	686	2473	-544	-1941	-1370
368	525	2076	-324	-833	-1129
182	523	3007	15	306	-513
-940	732	3921	192	314	16
-1626	741	4553	134	-147	95
-2620	-256	4361	219	-306	-232
-3093	-611	4394	466	206	-547
-2890	-619	4669	523	-159	98
-1782	-143	4094	398	-149	600
-1463	-169	5510	252	524	525
-1364	-94	3815	-60	62	245
-1425	-328	3860	-52	-10	181
-1436	-359	3760	-77	-78	107
-1391	-425	3642	-81	-40	22
-1381	-406	3698	-43	88	-68
-1403	-341	3856	6	135	-103
-1355	-319	3918	28	55	-119
-1390	-246	3861	45	-8	-104
-1444	-193	3880	60	-32	-80
-1482	-158	3828	61	-123	-71
-1388	-276	3719	43	-108	-88
-1347	-224	3683	8	-23	-160
-1403	-124	3684	-23	-18	-146
-1410	-28	3681	-49	-37	-91
-1460	36	3637	-75	7	10
-1517	23	3668	-97	72	88
-1609	161	3627	-170	-11	197
-1614	224	3417	-275	-43	409
-1618	290	3248	-396	20	573
-1703	254	3276	-481	171	760
-1789	180	3456	-476	356	951
-1701	183	3613	-403	585	1212
-1563	170	3837	-358	595	1412
-1467	69	3858	-341	373	1444
-1297	-24	3808	-285	280	1256
-1203	-144	3936	-214	349	1042
-1163	-287	4155	-137	439	811
-1241	-157	4469	-18	561	633
-1365	114	4747	24	288	561
-1329	399	4435	-2	-147	614
-1134	486	3750	-38	-272	744
-902	427	3194	-93	-142	812
-752	263	3026	-157	182	829
-779	68	3155	-229	372	748
-882	-98	3315	-305	380	595
-966	-168	3385	-338	265	387
-859	-307	3376	-313	-12	151
-720	-430	3141	-275	-390	-240
-711	-401	2593	-242	-730	-581
-606	-252	1983	-280	-784	-806
-338	231	1794	-310	-586	-858
-204	480	2144	-300	-339	-701
-441	653	2854	-200	-319	-437
-662	644	3314	-55	-601	-50
-1533	452	3577	108	-871	-37
-2688	-238	3506	297	-1370	-132
-3289	-1689	2838	613	-543	-962
-3654	-872	4145	867	-16	-1468
-2916	368	4667	893	112	-81
-1636	921	6011	627	845	648
-1999	218	8605	87	444	309
-3055	-374	8800	-91	-1684	-161
-2256	-448	5757	-352	-1775	-68
-1208	-905	4445	-537	-362	-324
-1418	-823	4192	-607	582	-658
-1663	-659	4020	-786	949	-834
-1511	-447	3757	-909	597	-759
-963	-109	3191	-685	486	-422
-465	289	2729	-385	522	123
-77	565	2416	-267	567	372
208	645	2295	-231	309	564
-130	574	2210	-231	-325	808
-771	154	1971	-187	-1531	1340
-772	-261	1319	-37	-2164	2099
-633	-769	1117	8	-1682	2299
-172	-1123	1367	241	-902	2087
-395	-1769	1853	344	28	1730
-1186	-1209	2563	240	294	557
-2527	-290	2938	-40	-565	336
-3287	263	2414	-53	-715	1066
-3360	506	4122	-42	369	843
-3179	235	6336	82	356	7
-1794	-372	9246	19	765	-816
-3476	137	9483	105	-1145	-914
-2059	208	6486	309	-1579	-406
-843	962	5286	579	-317	187
-1185	1405	4687	530	516	442
-1189	1268	4412	435	994	720
-1309	577	4393	315	932	960
-1251	-97	3851	324	566	807
-1019	-423	3162	217	550	384
-781	-555	2469	179	368	-60
-480	-588	1987	137	248	-511
-155	-647	1876	133	485	-876
-297	-498	2442	119	837	-1339
-851	-377	2937	308	282	-1755
-1324	948	2772	17	-1253	-2468
-717	747	2028	-519	-1707	-2625
190	1306	1932	-265	-832	-2042
-136	1693	2849	-90	241	-640
-1579	1029	3882	136	-24	642
-2535	728	4037	181	-971	660
-2626	-303	3202	281	-650	500
-3150	-1422	3750	406	144	-417
-2956	-64	4624	283	-140	35
-1360	154	4716	443	41	1304
-1564	-353	7052	278	40	896
-2606	-381	8514	575	-548	-137
-1385	1524	8281	-47	-1137	255
-467	371	5317	-599	-1572	638
-772	-333	4108	-840	-655	302
-942	-702	3759	-1037	-126	46
-743	-871	3396	-838	243	-91
-611	-639	3146	-447	641	-264
-729	-70	2916	-303	785	-263
-921	380	2577	-427	505	-12
-761	589	2149	-555	183	260
-574	495	1894	-535	57	696
-556	153	1984	-324	-12	1386
-646	-260	2181	-272	-208	1778
-486	-585	2309	-224	-435	2005
-458	-985	2737	-281	-483	1767
-336	-1512	3110	88	-733	1391
-674	-2119	3260	233	-475	517
-1165	-1410	3371	180	-178	-717
-1564	88	3699	82	-272	-285
-2379	658	3472	47	-58	536
-2819	742	4074	134	432	881
-2571	330	4659	153	107	645
-1535	-748	5389	-22	498	-166
-1513	-759	7373	-126	69	-1160
-1934	4	7330	-208	-409	-1408
-1781	-154	7183	352	426	-1226
-1254	856	5783	1007	-161	-1068
-851	1280	4269	1065	-64	-898
-860	1360	3720	761	400	-961
-1002	1532	3463	240	608	155
-1085	240	3224	153	602	1290
-1033	-504	2870	228	803	908
-917	-589	2719	377	965	164
-1462	260	4207	-112	-291	194
-1462	260	4207	-112	-291	194
-1462	260	4207	-112	-291	194
-1280	91	3864	-97	-309	149
-1304	-54	3889	-38	-124	237
-1351	-144	4003	10	-158	272
-1274	-93	3799	-12	-309	201
-1184	-2	3544	-43	-254	100
-1187	38	3659	-46	-111	25
-1214	-10	3917	-43	25	-27
-1270	-27	4113	6	32	15
-1291	136	4002	51	505	611
-1291	136	4002	51	505	611
-1291	136	4002	51	505	611
-1291	136	4002	51	505	611
-1291	136	4002	51	505	611
-1291	136	4002	51	505	611
-1291	136	4002	51	505	611
-1256	-16	4199	-5	269	448
-1184	-17	4228	-3	198	341
-1075	-20	4169	41	149	212
-1077	31	4101	156	195	148
-1063	139	4067	262	235	141
-1090	252	4046	312	222	200
-1079	355	3915	314	119	248
-1024	450	3644	311	104	343
-915	422	3321	293	276	445
-819	318	3355	234	620	368
-880	182	3662	148	795	238
-982	86	3998	76	720	97
-1021	103	4186	-3	473	-27
-941	138	4179	-79	112	-92
-831	172	3818	-128	-181	-142
-752	97	3388	-149	-257	-203
-638	49	3121	-170	-218	-378
-507	102	2938	-156	-127	-452
-562	182	2607	-59	-3	-397
-527	188	2374	-3	75	-405
-570	259	2319	-91	-30	-494
-448	229	2272	-217	-83	-612
-223	114	2659	-394	10	-684
-291	115	3424	-540	-16	-791
-772	302	4057	-505	-353	-652
-1116	13	4298	-290	-684	-376
-1160	-63	4076	-36	-1053	-485
-1348	5	3690	258	-1289	-688
-2157	363	3281	534	-1457	-585
-2527	-629	2861	858	-762	-885
-2846	-237	3949	690	284	-1412
-2084	452	5477	500	-12	-528
-1833	-283	6808	381	-856	280
-1658	-225	7874	509	-384	-112
-1679	-171	8368	593	-937	485
-1590	-82	5782	122	-1885	-173
-1078	-344	3930	-307	-906	-765
-756	-200	3370	-644	114	-1273
-794	-71	3178	-734	976	-1250
-1111	255	3495	-703	1509	-866
-1217	617	3895	-820	1409	-285
-1041	977	3811	-897	647	295
-549	1085	3407	-765	91	1072
-399	646	3021	-440	-553	1789
-454	25	2305	-107	-1501	2091
-429	-744	1347	-9	-1992	2080
-400	-1193	537	123	-1385	1960
9	-1461	379	172	487	1587
-431	-729	1572	400	2289	1054
-1058	-1007	3365	127	2044	339
-1693	-856	5061	-84	796	-247
-1320	-590	4617	-69	-1069	-224
-995	-597	3803	43	-1668	-68
-1351	-185	3388	-149	-1592	41
-1904	454	3266	-220	-668	649
-2178	707	4486	-195	-10	1140
-1875	465	5226	-149	-324	805
-1543	215	6140	-141	-976	419
-1652	59	7073	-359	-1382	-155
-1246	-162	6979	-553	-655	-569
-457	-368	6726	56	-127	-893
-579	424	5250	704	-127	-827
-906	1073	4723	807	439	-433
-1126	985	4315	617	545	131
-940	642	3745	407	534	590
-844	419	3158	350	817	894
-1053	209	3039	386	1241	741
-1350	169	2833	425	1058	362
-1071	-54	2358	451	755	35
-534	-441	2122	413	749	-370
47	-621	2086	152	713	-918
-20	-315	2342	26	761	-1301
-448	98	2470	-301	25	-1806
-833	608	2400	-596	-208	-2120
-661	810	2727	-294	-121	-1607
-144	1172	2739	-206	113	-1266
-2813	-225	3998	-267	-811	743
-2813	-225	3998	-267	-811	743
-2813	-225	3998	-267	-811	743
-2813	-225	3998	-267	-811	743
-3257	-1341	4655	-21	-147	472
-2779	-1609	5053	325	-587	101
-2597	-1080	5173	651	-604	197
-2048	-1190	8039	1064	-634	-413
-1946	1081	8294	836	-847	-80
-417	1503	6015	-252	-1341	-169
-710	757	4607	-744	-522	-142
-842	99	4230	-1128	-51	-296
-644	-302	3752	-1108	258	-132
-643	-464	3418	-879	706	50
-696	-421	3015	-718	1160	29
-791	-303	2795	-587	1574	-57
-882	-100	2625	-542	1677	-28
-880	32	2484	-524	1590	194
-871	46	2707	-500	1477	486
-847	14	3240	-331	1174	838
-865	28	3746	-73	525	1206
-706	-162	3594	147	-224	1346
-601	-464	3241	347	-804	1300
-457	-726	2779	296	-1336	1125
-256	-786	2234	147	-1460	1037
-40	-687	2282	20	-801	647
-185	-829	2900	189	-276	490
-529	-1195	3492	376	108	179
-1052	-964	4215	425	74	-211
-2137	-346	4639	216	-667	-407
-2806	471	4081	54	-803	259
-3084	495	4358	145	-239	586
-2434	449	4696	118	-102	12
-1473	332	5624	-114	66	-553
-1622	483	6755	-100	-552	-654
-1719	457	6125	-40	-774	-497
-1341	-249	3883	-94	30	48
-1341	-249	3883	-94	30	48
-1341	-249	3883	-94	30	48
-1354	-248	3789	-58	1	-73
-1393	-219	3779	-15	29	-128
-1384	-119	3803	9	77	-127
-1402	-44	3871	12	98	-135
-1376	17	3899	-9	32	-163
-1305	118	3824	-28	-36	-117
-1310	98	3725	-24	-28	-56
-1310	81	3686	-28	10	3
-1377	43	3717	-31	35	71
-1596	-332	3647	154	-24	-145
-1596	-332	3647	154	-24	-145
-1596	-332	3647	154	-24	-145
-1596	-332	3647	154	-24	-145
-1540	-268	3467	181	8	-233
-1522	-326	3433	207	198	-386
-1466	-296	3653	208	394	-541
-1360	-172	3962	178	420	-643
-1318	36	4113	195	219	-573
-1202	278	4081	148	58	-410
-1112	446	4130	53	-21	-154
-997	443	4178	-97	-89	25
-926	371	4160	-243	-109	157
-973	78	4047	-305	-176	292
-913	-284	3883	-247	-146	292
-890	-375	3730	-208	-150	166
-789	-360	3639	-132	-84	37
-784	-192	3667	-74	-25	-83
-753	-29	3724	-29	-31	-2
-791	98	3870	-22	-41	148
-874	230	3949	-85	-156	358
-798	277	3805	-157	-283	573
-691	212	3423	-229	-356	696
-687	239	3051	-258	-322	819
-319	-156	2930	-167	-94	1009
-555	-416	3222	-122	49	1010
-727	-335	3317	-168	-192	941
-593	-127	2972	-213	-432	912
-452	-86	2658	-192	-492	942
-259	-411	2572	-139	-381	929
-465	-500	2741	-182	-312	786
-488	-517	2829	-142	-200	890
-812	-689	3117	-42	-77	949
-1315	-889	3595	-63	-350	827
-1959	-257	3297	-326	-658	792
-2556	401	3320	-433	64	1396
-3106	624	4215	-631	-60	1412
-2531	148	5121	-835	199	746
-1594	-1395	6839	-482	340	-172
-1974	-1004	7822	123	-274	-1266
-2279	-303	7314	457	-639	-1053
-1624	567	5817	854	-529	-911
-1318	1594	4319	992	-284	-498
-886	1974	3597	683	438	-8
-1017	1287	3567	443	856	563
-1090	482	3465	380	903	933
-1056	-387	3354	449	808	740
-966	-1034	3173	523	605	-12
-880	-1321	3234	455	517	-980
-798	-967	3271	388	212	-1635
-715	-258	3008	374	-266	-1951
-811	370	2528	314	-932	-2047
-710	879	1793	159	-1551	-2142
-519	1141	1070	172	-1359	-2060
-91	1706	1089	50	-229	-1647
60	2134	2140	-410	1435	-652
-1014	919	3930	-613	2019	812
-1490	388	5323	-327	400	754
-1684	-269	4960	-190	-1178	626
-2040	-630	3845	-260	-2085	146
-2255	-1252	2356	-179	-1544	-745
-2322	-1141	2796	170	333	-1406
-2237	-298	4838	566	855	-872
-1917	149	5905	851	483	331
-2093	-354	8125	848	-145	133
-2379	374	8314	692	-45	-21
-995	756	6555	-249	-710	120
-1007	237	4769	-864	-466	-21
-1102	-107	4221	-1131	-250	-165
-989	-496	3380	-1154	-348	-380
-938	-536	2529	-714	297	-291
-885	-359	2433	-363	1223	-67
-898	-37	2834	-211	1702	297
-964	221	3163	-229	1486	785
-891	222	3128	-379	786	1250
-667	156	2866	-581	59	1295
-491	284	2631	-519	-199	1354
-625	-35	2733	-243	-335	1496
-823	-368	2842	-112	-741	1372
-857	-323	2545	-17	-983	1437
-611	-443	2365	-6	-684	1641
-439	-515	2372	-171	-344	1619
-665	-818	2542	-362	-162	1525
-835	-829	2982	-410	61	967
-1943	-230	3839	-328	-395	966
-2841	-51	3835	-301	-406	1223
-3256	262	5213	-319	-559	1401
-3111	-259	5667	-646	-1088	626
-1863	-293	6932	-781	-761	-194
-1960	184	6978	-439	-1267	-924
-1034	508	5769	-65	-211	-661
-912	725	5798	468	385	-112
-1443	1115	5597	611	502	292
-1419	1037	5102	403	458	708
-1384	600	4399	201	216	1027
-1236	209	3903	47	431	904
-1116	39	3718	74	583	712
-985	112	3246	151	472	450
-885	201	2817	240	384	318
-772	115	2367	363	276	312
-574	-27	1840	415	288	269
-235	-331	1738	297	673	12
-56	-406	2359	-5	1106	-596
-313	159	3369	-263	928	-1078
-852	709	3894	-355	-134	-967
-882	635	3330	-475	-1361	-916
-191	530	2184	-610	-1339	-1310
489	595	2140	-260	3	-1043
-182	992	3514	-1	1006	-315
-1238	1092	4515	55	385	342
-2056	848	4627	265	-726	663
-2602	-479	3673	692	-837	423
-2791	-1162	4645	823	-100	-244
-3356	-422	5196	765	-1142	-556
-2837	672	3853	569	-946	237
-1604	111	6087	452	-154	408
-2226	-77	7826	569	-472	1090
-913	133	6010	39	-849	1012
-1401	-338	3686	33	268	23
-1401	-338	3686	33	268	23
-1401	-338	3686	33	268	23
-1510	-330	3807	97	254	-114
-1486	-179	3850	163	276	-95
-1470	-24	3864	145	213	-37
-1480	54	3803	65	136	22
-1462	18	3700	-5	143	36
-1377	-80	3609	6	206	25
-1446	-207	3629	62	278	-1
-1467	-378	3689	85	311	-115
-1553	-506	3738	76	339	-330
-1439	-56	3822	266	355	-663
-1439	-56	3822	266	355	-663
-1439	-56	3822	266	355	-663
-1439	-56	3822	266	355	-663
-1393	95	3849	217	273	-741
-1408	69	3588	159	179	-729
-1488	23	3385	92	207	-800
-1476	-150	3334	170	423	-820
-1458	-241	3633	317	732	-845
-1408	-237	4062	366	757	-835
-1390	-137	4366	321	477	-831
-1373	224	4371	231	132	-768
-1224	473	4208	133	-104	-582
-1122	479	4074	67	-168	-402
-999	310	3895	62	-142	-247
-990	107	3803	12	43	-181
-1040	-7	3788	-65	143	-148
-1031	-54	3720	-135	211	-186
-1026	-19	3696	-150	234	-198
-951	24	3654	-148	257	-159
-815	149	3693	-171	276	-52
-737	322	3782	-229	250	185
-804	495	3735	-298	63	502
-696	622	3476	-282	-228	873
-577	444	3134	-218	-497	1192
-540	137	2655	-171	-623	1406
-518	-29	2164	-214	-654	1485
-264	-351	2227	-244	-343	1481
-45	-726	2588	-199	-234	1366
-431	-777	3043	-62	-93	1133
-832	-610	3292	38	-151	974
-750	-533	3602	79	-334	817
-922	-411	3576	16	-750	828
-1336	-253	3104	-181	-1008	1022
-1761	14	2954	-513	-1076	1003
-2098	531	2875	-576	-459	1593
-3372	-299	4214	-269	-24	1934
-3329	-1273	5034	-267	-80	526
-1963	-1706	6656	-315	530	-1248
-2624	-342	8548	186	-657	-1753
-2295	1174	6872	617	-1743	-1338
-1324	1350	5737	866	-1017	-1074
-1273	1942	4788	942	-486	-558
-1193	2005	3959	759	167	210
-1278	1136	3910	458	577	803
-1248	445	3762	290	550	869
-978	-13	3252	340	505	688
-755	-123	2828	389	709	275
-660	-182	2655	434	917	-161
-510	-407	2868	517	952	-546
-485	-474	3039	444	576	-1039
-537	-147	3078	233	26	-1413
-869	436	3006	-45	-798	-1423
-803	926	2565	-399	-1593	-1303
-135	1153	1686	-581	-1827	-1053
616	1255	1445	-395	-703	-710
194	1578	2283	-341	1036	4
-2349	-605	3467	283	-1063	638
-2349	-605	3467	283	-1063	638
-2349	-605	3467	283	-1063	638
-2349	-605	3467	283	-1063	638
-3244	-1511	4017	263	-136	-474
-3063	-389	5022	540	-184	-317
-2089	1139	4547	601	-505	727
-1495	1331	5041	223	-113	1240
-1380	-177	6829	-87	-247	721
-1749	-424	7854	-40	15	631
-867	-458	6156	-333	-1005	571
-899	-780	4241	-411	-400	192
-920	-589	4080	-524	422	-543
-977	-189	4208	-641	497	-777
-922	50	3613	-531	365	-552
-734	67	2911	-434	580	-334
-597	207	2405	-444	779	-280
-468	350	2109	-444	755	-113
-264	325	1986	-319	834	310
-508	308	2320	-203	1055	656
-656	234	2865	-125	898	999
-732	13	3363	-19	296	1370
-654	-327	3299	44	-692	1639
-677	-609	2781	35	-1248	1574
-666	-737	2367	-12	-1202	1256
-478	-958	2367	-38	-549	636
-628	-1035	3060	-18	28	278
-1197	-762	3751	-108	-177	182
-2453	-65	3949	-277	-622	258
-2404	719	4377	-255	281	802
-3384	559	6144	-64	-225	1009
-3131	113	5818	-280	-1072	-229
-1957	-256	6175	-490	-421	-615
-2298	-47	6691	-278	-345	-1072
-1501	453	6313	182	136	-1408
-910	1045	5793	828	-10	-995
-1246	1769	4935	1016	-68	-307
-1225	1693	3849	749	10	452
-1100	965	3053	343	338	940
-865	252	2845	-1	942	802
-753	-68	2933	7	1259	396
-768	-90	2963	167	1239	40
-826	-77	2819	331	1014	-259
-859	14	2636	302	846	-622
-875	19	2550	240	832	-781
-575	-214	2828	93	813	-998
-397	-215	3418	-141	615	-1382
-490	241	3895	-336	-44	-1590
-730	797	3866	-404	-1200	-1380
-539	943	2943	-489	-2025	-1056
-137	861	1998	-427	-1702	-1063
163	715	2254	-111	-299	-718
-333	945	3354	61	500	-214
-1124	1034	4593	124	238	561
-2129	837	5052	164	-610	782
-3121	-723	4283	239	-396	43
-1871	263	3853	669	-520	727
-1871	263	3853	669	-520	727
-1871	263	3853	669	-520	727
-1534	28	4877	633	35	641
-1747	-425	6544	502	-156	-125
-516	313	2744	-629	-284	1609
-516	313	2744	-629	-284	1609
-516	313	2744	-629	-284	1609
-516	313	2744	-629	-284	1609
-516	313	2744	-629	-284	1609
-516	313	2744	-629	-284	1609
-516	313	2744	-629	-284	1609
-516	313	2744	-629	-284	1609
-516	313	2744	-629	-284	1609
-516	313	2744	-629	-284	1609
-516	313	2744	-629	-284	1609
-516	313	2744	-629	-284	1609
-516	313	2744	-629	-284	1609
-516	313	2744	-629	-284	1609
-516	313	2744	-629	-284	1609
-516	313	2744	-629	-284	1609
-516	313	2744	-629	-284	1609
-516	313	2744	-629	-284	1609
-516	313	2744	-629	-284	1609
-516	313	2744	-629	-284	1609
-516	313	2744	-629	-284	1609
-516	313	2744	-629	-284	1609
-516	313	2744	-629	-284	1609
-516	313	2744	-629	-284	1609
-516	313	2744	-629	-284	1609
-516	313	2744	-629	-284	1609
-516	313	2744	-629	-284	1609
-516	313	2744	-629	-284	1609
-516	313	2744	-629	-284	1609
-516	313	2744	-629	-284	1609
-516	313	2744	-629	-284	1609
-516	313	2744	-629	-284	1609
-516	313	2744	-629	-284	1609
-516	313	2744	-629	-284	1609
-516	313	2744	-629	-284	1609
-516	313	2744	-629	-284	1609
-516	313	2744	-629	-284	1609
-389	-86	2725	-688	-232	1578
-337	-490	3052	-599	-326	1465
-391	-776	3377	-420	-580	1304
-529	-844	3298	-185	-744	1157
-509	-586	3156	-36	-783	1015
-671	-342	2999	-101	-890	981
-765	-227	2598	-259	-841	966
-995	-240	2443	-327	-533	944
-1435	-497	2892	-378	-305	1029
-2790	5	2978	-603	-72	1148
-3424	115	3615	-609	536	1455
-3674	-342	4290	-568	99	823
-2853	-1230	4967	-473	648	-612
-2187	-1288	7140	244	704	-1188
-2662	589	7568	748	-332	-1525
-2118	974	6688	873	-806	-1287
-1827	1570	5680	831	-850	-1051
-1301	2315	4395	682	-399	-311
-967	1733	3909	371	265	373
-1171	963	3836	202	635	548
-1204	447	3645	251	600	602
-929	-119	3033	336	567	342
-825	-338	2801	351	826	-180
-670	-522	2727	420	866	-567
-574	-526	2666	447	706	-1007
-509	-254	2590	482	470	-1330
-931	53	2662	416	33	-1541
-1160	460	2563	219	-897	-1757
-701	770	2027	-122	-1459	-1895
-68	1047	1829	-193	-797	-1669
48	1318	2534	-175	-36	-1040
-559	1465	3610	-44	84	-131
-1221	1298	4239	4	-481	608
-1647	677	3979	-66	-1183	700
-2366	-97	3320	-5	-1394	377
-2605	-1264	3018	18	-256	-699
-3278	-798	4873	230	447	-1008
-2912	74	5573	387	-530	191
-2482	291	5822	522	-758	768
-2134	477	7068	614	48	507
-1856	551	7660	-38	-223	500
-1255	194	5731	-681	-572	245
-1373	-458	4850	-885	-95	-155
-1412	-561	4389	-992	-86	-629
-1110	-403	3371	-801	94	-652
-949	-137	2983	-546	866	-591
-967	29	2942	-483	1224	-404
-954	220	2847	-502	1267	-127
-861	259	2644	-511	1002	302
-744	221	2485	-589	695	571
-692	400	2519	-678	433	742
-623	675	2743	-526	440	1181
-651	476	3103	-290	283	1712
-693	39	3142	-6	-592	2123
-513	-398	2568	162	-1652	2403
-229	-615	1640	-157	-1710	2441
-96	-1137	1794	-474	-791	1623
-167	-1091	2730	-306	178	674
-674	-938	3913	-3	419	514
-1752	-142	4360	-121	-352	593
-2620	606	3933	-306	-803	1131
-2857	574	3989	-213	66	1779
-2835	20	4834	-143	-191	1656
-2866	95	4794	-256	-618	819
-2317	-166	5930	-429	-226	331
-2435	-246	7436	-587	-202	-370
-1885	-22	7391	-200	155	-1067
-1057	463	6443	644	-447	-653
-1138	1224	5216	1106	-553	-29
-1214	1402	4183	916	-538	737
-1008	791	3121	528	-84	1247
-923	186	2825	181	685	925
-805	32	2729	108	1168	435
-1033	-16	2701	131	1195	-79
-1148	-173	2523	218	943	-602
-771	-326	2397	303	852	-1161
-465	-370	2555	461	893	-1455
-368	-302	2964	538	632	-1516
-535	-16	3435	328	-97	-1590
-1014	693	3294	-251	-1554	-1943
-767	1134	2041	-554	-2408	-2067
-73	1152	1244	-141	-1540	-1371
276	1476	1463	317	25	-708
-383	1538	2837	546	1132	358
-1683	1029	4633	507	420	800
-3053	33	4732	390	-680	783
-3441	-1097	5123	268	435	-515
-3786	-991	6123	383	-125	-480
-2579	-519	4951	514	-582	-93
-1445	-70	5583	579	-67	-154
-1722	-270	7048	504	-894	-289
-1763	536	6484	448	-579	-571
-1305	1289	6159	-44	-171	-173
-1298	102	3781	19	59	12
-1271	108	3780	9	102	22
-1197	148	3838	-17	144	43
-1209	183	3918	-45	134	60
-1240	154	3981	-51	56	54
-1227	102	3881	-13	-30	48
-1180	94	3746	28	-20	30
-1133	155	3721	39	43	38
-1114	284	3752	25	66	111
-1073	401	3842	-11	37	258
-1346	-46	3605	-136	65	569
-1346	-46	3605	-136	65	569
-1346	-46	3605	-136	65	569
-1346	-46	3605	-136	65	569
-1346	-46	3605	-136	65	569
-1292	-4	3625	-65	263	557
-1246	136	3911	-73	398	585
-1274	224	4175	-98	246	663
-1177	175	4121	-52	13	712
-1108	-42	3925	38	-92	599
-962	-246	3813	94	6	333
-895	-310	3922	124	101	110
-901	-108	4026	139	153	-41
-973	210	4087	169	128	-96
-1017	471	4004	214	52	-11
-1040	628	3862	240	32	159
-999	628	3759	222	78	348
-946	475	3761	174	185	444
-939	321	3802	143	233	479
-929	214	3831	113	204	434
-851	108	3788	56	141	278
-796	32	3707	1	85	98
-758	-27	3648	-19	53	-78
-712	-58	3636	-28	9	-280
-626	37	3608	-42	-41	-465
-598	135	3412	-3	-159	-534
-577	108	2920	59	-380	-642
-360	84	2311	73	-107	-986
-302	155	2053	165	88	-1073
-336	158	1934	144	155	-1109
-162	75	2362	-42	374	-1172
-170	253	3175	-412	461	-1391
-535	730	4261	-625	247	-1283
-1054	539	4930	-466	-579	-699
-927	111	4322	-31	-1564	-570
-822	-280	3363	350	-1680	-883
-1732	-377	2955	517	-1407	-1301
-2599	-640	2410	554	-606	-1915
-2853	-53	3622	628	260	-1759
-2296	751	5060	680	213	-744
-2401	1012	6929	532	351	297
-2419	506	8730	314	-204	719
-1967	112	7972	-143	-1046	1134
-1406	-314	5519	-626	-1563	846
-1159	-1062	4163	-826	-840	-64
-837	-988	3781	-869	-186	-1010
-861	-451	3423	-680	361	-1379
-985	-60	3406	-489	1117	-1070
-1007	28	3535	-395	1422	-607
-944	10	3561	-378	1331	-128
-925	-143	3431	-453	1017	109
-796	-133	3091	-563	761	168
-603	125	2776	-655	585	144
-424	521	2658	-535	461	472
-381	543	2781	-198	316	1075
-575	193	3053	134	-12	1509
-627	-264	3012	245	-564	1604
-508	-524	2471	29	-1090	1519
-653	-1101	3406	188	-253	309
-653	-1101	3406	188	-253	309
-653	-1101	3406	188	-253	309
-653	-1101	3406	188	-253	309
-1088	-305	3451	159	-533	603
-1986	550	3255	-10	-1139	1052
-3155	1243	2595	-147	-572	1901
-3218	588	4217	-249	605	1675
-2738	-1058	6202	-309	446	-111
-1833	-1792	8128	-492	116	-1623
-1830	-1003	8470	-23	-1502	-1747
-1408	-1	6427	350	-2274	-1874
-1060	1236	4512	651	-1045	-1608
-839	2185	4123	808	488	-618
-986	2189	4031	530	1323	49
-1308	1229	4140	335	1604	493
-1458	407	4209	335	1362	573
-1171	-198	3671	542	796	622
-922	-675	2792	608	526	349
-668	-1014	2143	616	545	-160
-320	-1054	1917	480	779	-948
-153	-656	2218	328	930	-1655
-213	-125	2533	140	522	-2161
-518	443	2954	-147	-158	-2409
-947	1113	3190	-343	-1151	-2179
-395	1476	2397	-487	-1570	-1695
87	1653	2265	-359	-530	-1033
-434	1484	3122	-218	349	-57
-1193	790	3944	-65	129	504
-1763	435	4372	69	-640	508
-2664	-468	3690	305	-654	747
-2824	-812	4151	179	339	-328
-2743	-568	5254	24	-55	252
-2132	-607	5164	139	-356	861
-1771	-935	6978	378	-458	278
-1900	-168	7690	552	-516	35
-1423	547	7277	168	-1167	304
-773	432	5451	-243	-1397	252
-913	84	4351	-560	-992	104
-837	-320	3548	-808	-557	-63
-655	-476	3020	-649	225	-32
-663	-441	2997	-413	1135	75
-804	-354	3073	-370	1548	134
-1025	-129	2967	-441	1590	247
-1044	37	2688	-629	1306	491
-988	217	2440	-808	1037	694
-817	510	2464	-756	966	946
-630	534	2980	-379	819	1564
-458	97	3249	68	107	2177
-483	-328	3230	255	-744	2181
-786	-549	2942	173	-1446	2032
-498	-696	2482	14	-1685	1734
-204	-1002	2162	10	-1133	1392
-127	-1483	2426	47	-142	896
-643	-1169	3197	34	471	277
-2010	-574	4128	-24	194	150
-2942	340	4201	-272	102	414
-1978	380	6582	-384	58	520
-1978	380	6582	-384	58	520
-1978	380	6582	-384	58	520
-1611	-622	7751	-218	-539	-173
-1486	-374	6705	113	-1227	-506
-1625	-134	3681	33	155	-55
-1683	-235	3969	37	184	-85
-1671	-262	4013	22	11	-137
-1603	-193	3773	5	-180	-212
-1514	-70	3518	20	-195	-221
-1477	39	3422	61	-73	-106
-1535	-1	3533	77	105	-21
-1630	-112	3792	61	183	-7
-1657	-158	3904	42	82	-12
-1620	-126	3759	26	-57	-29
-1558	-59	3560	18	-84	-15
-1527	-73	3492	30	30	10
-1542	-180	3713	69	153	-30
-1616	-227	3934	78	115	-95
-1641	-219	3896	50	-47	-165
-1700	-285	3598	29	-172	-281
-1682	-517	3241	74	-94	-511
-1647	-624	3110	174	221	-766
-1552	-533	3356	296	523	-823
-1542	-343	3690	377	520	-836
-1511	-33	3849	362	373	-819
-1474	276	3954	321	257	-705
-1340	513	4095	311	163	-395
-1287	645	4367	259	77	-48
-1237	548	4353	125	-119	198
-1198	259	4198	-86	-290	240
-1123	-67	3836	-241	-346	199
-1126	-265	3653	-332	-275	129
-1009	-345	3523	-298	-171	65
-931	-364	3644	-222	-14	-44
-880	-283	3814	-152	-31	-115
-829	-68	3823	-102	-167	-52
-789	135	3745	-106	-283	166
-751	292	3564	-169	-343	406
-691	396	3294	-262	-351	664
-576	373	3022	-338	-353	979
-390	147	2750	-442	-325	1159
-312	-73	2712	-471	-200	1255
-353	-269	2991	-422	-247	1320
-296	-638	3089	-301	-479	1356
-393	-722	2982	-194	-598	1090
-419	-606	2850	-104	-587	932
-573	-670	3037	-108	-520	864
-648	-408	3154	-102	-561	868
-947	-493	3506	-106	-515	1086
-2165	-696	3948	-209	-958	1091
-3315	-152	3178	-540	-610	1164
-3427	-158	3797	-674	106	1422
-3288	-128	4099	-436	-35	827
-1888	-508	5027	-16	339	62
-1321	-634	6503	294	82	-751
-1996	100	6935	233	-791	-1063
-2194	323	6394	139	-1170	-792
-1778	655	5482	196	-284	-409
-1448	840	5059	405	355	-185
-1249	1236	4547	563	531	38
-1295	1239	4182	651	524	694
-1319	673	3687	592	386	1102
-1143	88	3091	468	351	995
-799	-247	2458	404	547	717
-588	-442	2054	447	906	282
-553	-550	1990	541	1168	-266
-522	-635	2324	571	1244	-885
-534	-543	2725	566	982	-1449
-726	-158	3010	460	124	-1746
-839	371	2937	83	-1286	-1903
-533	848	2171	-409	-2198	-2110
46	1289	1723	-489	-1485	-2009
171	2082	2517	-427	9	-1271
-652	2434	3857	-249	562	428
-2160	1396	4772	-99	-300	1114
-3333	-159	3672	402	-927	1369
-3273	-1749	3686	484	177	347
-3059	-2098	4892	260	337	-186
-2535	-1969	5664	78	-54	-83
-1756	-995	6673	298	-210	-431
-2065	-45	7401	432	-939	-597
-1901	709	6093	422	-872	-413
-1454	847	5372	-69	-203	-49
-1562	278	4682	-689	349	-32
-1580	-226	4245	-1075	493	-90
-1392	-419	3828	-1073	335	-43
-1097	-434	3113	-787	278	100
-768	-340	2543	-429	411	215
-516	-295	2135	-184	519	397
-373	-220	1906	-161	643	457
-394	-54	1929	-294	783	404
-600	283	2242	-419	894	531
-809	688	2709	-388	540	1074
-758	640	3022	-145	-142	2038
-529	340	3124	112	-679	2620
-481	-189	3239	156	-1260	2649
-707	-768	3071	-72	-1904	2279
-906	-1218	2559	-448	-2145	1795
-946	-1252	1661	-600	-1419	1428
-1515	-4	1729	-682	250	1110
-2989	1043	3229	-678	1717	1982
-3519	384	5724	-689	1261	2052
-3431	-658	7139	-697	-154	856
-2938	-1633	9220	-1029	-817	-23
-2363	-1358	8140	-695	-2457	-1088
-1053	-190	5236	-44	-2058	-1277
-600	973	4562	700	-16	-1074
-1015	1649	4749	961	709	-569
-1209	1688	4435	746	893	12
-1348	936	4225	508	799	585
-1251	102	3591	477	411	824
-919	-407	2716	541	318	510
-775	-435	2295	578	796	-32
-834	-130	2269	527	1036	-613
-767	94	2406	420	1002	-1026
-535	65	2721	328	894	-1286
-620	-39	3034	278	560	-1345
-727	27	3246	182	-3	-1445
-795	476	3302	-96	-990	-1556
-546	776	2416	-534	-1746	-1643
268	782	1972	-506	-1034	-1162
244	802	2707	-288	182	-620
-656	1346	3932	79	606	-254
-1601	1494	4797	229	77	338
-2264	774	4599	413	-807	738
-2479	-719	3519	453	-760	10
-3033	-953	3769	471	-115	-488
-2866	-1099	4036	516	-442	-330
-2773	-494	4567	597	-271	21
-2031	-472	7470	989	-416	-94
-1881	963	8338	850	-289	846
-915	922	6862	-49	-1468	970
-947	460	5133	-648	-1242	748
-916	-174	4192	-1195	-788	-9
-1453	-183	3872	68	45	-112
-1460	-189	3856	61	-58	-126
-1457	-187	3782	68	-124	-140
-1418	-182	3699	94	-105	-120
-1370	-118	3692	102	-38	-82
-1362	-97	3758	80	-5	-37
-1381	-66	3806	47	-39	-6
-1366	-84	3791	43	-69	65
-1317	-90	3744	33	-89	127
-1330	-133	3702	33	-82	242
-1308	-231	3781	37	-29	239
-1337	-225	3977	-3	-59	244
-1365	-340	4016	-57	-236	169
-1342	-349	3894	-117	-422	50
-1281	-292	3744	-150	-467	32
-1283	-245	3704	-147	-373	62
-1376	-178	3807	-117	-263	148
-1442	-38	3814	-70	-186	267
-1445	188	3661	-51	-142	472
-1400	366	3416	-38	-54	817
-1366	432	3164	-75	111	1127
-1107	267	3163	-136	352	1225
-807	-153	3623	-203	632	1056
-863	-548	4342	-126	739	771
-1149	-777	4867	21	582	450
-1288	-473	5194	158	111	166
-1180	127	4765	243	-598	75
-907	572	3996	321	-672	364
-637	700	3537	291	-522	676
-449	574	3172	164	-272	872
-391	296	3053	40	80	983
-487	47	3160	-105	275	915
-618	-127	3275	-231	487	690
-621	-387	3484	-272	459	337
-573	-541	3682	-242	233	-131
-700	-532	3752	-108	-239	-436
-684	-322	3340	-7	-906	-705
-429	192	2520	3	-1157	-862
-249	537	2229	-55	-663	-660
-282	533	2486	-246	-177	-552
-221	671	2980	-392	214	-263
-307	542	3730	-304	301	116
-653	292	4496	-133	161	117
-1022	262	4833	-18	-431	-65
-1134	163	4350	17	-1085	-216
-2064	-209	3396	238	-1531	-312
-2517	-1153	2298	288	-683	-1148
-3089	-1430	3059	456	226	-1724
-2979	-726	4173	635	275	-1686
-2103	-21	5169	631	511	-914
-1832	239	7294	248	-74	-310
-2580	-258	7653	249	-994	394
-1825	463	6242	-98	-1138	458
-803	231	4571	-578	-837	362
-697	-284	3730	-879	-245	154
-754	-862	3237	-1082	175	-174
-841	-1116	3116	-924	553	-495
-889	-893	3036	-533	943	-596
-860	-510	3103	-237	1245	-451
-828	-179	3207	-86	1177	-150
-691	174	3187	-147	1201	116
-571	404	3304	-189	794	406
-553	300	3403	-54	136	865
-630	-45	3244	58	-666	1026
-482	-232	2498	163	-1255	1107
-451	-390	1783	314	-1105	1419
-419	-806	1746	272	-28	1357
-721	-1068	2690	70	645	724
-1126	-1030	3241	-165	224	264
-1215	-561	3170	-279	-255	157
-1568	179	3412	-331	-653	408
-2600	441	3136	-346	-669	1269
-2966	637	3791	-421	127	1740
-2570	-9	5342	-395	450	1403
-1406	-666	6700	-546	420	42
-1966	-742	8285	-300	-608	-473
-2435	56	7260	-260	-1994	-244
-1114	-752	6609	-63	-210	-269
-841	211	5574	445	-683	-351
-1004	1130	4222	412	-165	-169
-1136	1152	4065	338	461	539
-1133	601	3639	268	396	998
-920	134	3106	226	634	1018
-948	-120	3045	264	997	819
-906	-294	2961	441	793	560
-852	-373	2660	456	541	162
-835	-490	2300	348	268	-308
-358	-549	2080	106	373	-702
-140	-402	2593	-157	658	-1022
-449	67	3283	-312	360	-1262
-930	581	3549	-396	-336	-1301
-757	656	3061	-334	-1176	-1159
-328	638	2379	-217	-1216	-1147
-123	836	2120	-16	-707	-876
-361	1290	2699	118	198	12
-1017	1193	3682	-11	390	945
-2003	143	4476	69	-175	974
-3100	-1448	4253	376	-427	259
-3217	-1438	4590	417	-111	-640
-2728	-253	4989	414	-538	-231
-1852	482	4793	423	-489	517
-1267	-219	6909	309	-405	198
-2062	-487	7985	406	-526	698
-658	-291	6149	-200	-928	698
-573	-860	4720	-515	-177	272
-1302	-981	4597	-671	161	-377
-1006	-655	3836	-719	73	-719
-803	-321	3128	-478	430	-593
-724	-156	2780	-206	868	-194
-707	-68	2556	-66	1177	55
-750	-27	2780	-84	1244	203
-540	98	2855	-325	215	524
-540	98	2855	-325	215	524
-495	77	2925	-270	-296	745
-552	-35	2680	-96	-731	1080
-318	-402	2492	17	-949	1278
-147	-792	2307	47	-943	1270
-348	-1067	2438	50	-647	978
-467	-1326	2850	71	-259	521
-767	-1434	3261	59	-72	128
-1471	-940	3396	-136	-195	-80
-2177	389	3379	-334	42	56
-2863	860	4296	-198	646	957
-3009	447	5361	-79	274	829
-2396	-768	5580	-41	-179	386
-1708	-1446	6493	-9	-414	-253
-2042	-257	7008	62	-1166	-1067
-1383	816	6080	-24	-699	-924
-1008	655	6103	63	261	-979
-1146	1059	5436	509	131	-671
-1669	-149	3625	-33	127	28
-1681	-120	3753	-33	153	-24
-1675	-74	3742	-52	67	60
-1628	-141	3620	-70	-11	68
-1596	-175	3533	-72	-11	68
-1628	-293	3571	-61	51	75
-1606	-310	3686	-22	110	84
-1601	-329	3794	16	92	85
-1632	-228	3867	19	-46	67
-1597	-110	3726	13	-155	126
-1589	-123	3586	-2	-93	187
-1604	-261	3609	-2	-21	180
-1665	-403	3618	14	-3	106
-1715	-559	3567	11	21	-16
-1772	-700	3459	23	68	-213
-1630	-761	3428	52	225	-412
-1476	-615	3660	153	323	-485
-1496	-303	3872	243	323	-395
-1570	-43	4057	253	180	-261
-1568	114	4006	173	24	-68
-1560	147	3868	27	1	133
-1468	3	3740	-116	100	213
-1371	-190	3782	-200	215	156
-1317	-446	3841	-214	246	48
-1312	-622	3889	-188	145	-82
-1299	-544	3744	-155	-5	-170
-1286	-388	3453	-130	62	-165
-1229	-221	3423	-109	275	-125
-1176	-137	3610	-28	411	47
-1233	-238	3885	38	420	144
-1281	-268	4117	63	258	144
-1262	-247	4142	36	-26	134
-1115	-123	3919	-22	-271	175
-954	41	3658	-70	-392	321
-783	92	3367	-91	-392	473
-726	131	3186	-101	-332	621
-648	41	2915	-178	-317	826
-680	-45	2502	-427	-295	953
-430	-201	2201	-582	-252	949
-112	-467	2440	-451	-310	873
-64	-934	3034	-41	-474	898
-381	-1629	3698	421	-913	647
-1036	-1220	3537	590	-1344	78
-982	-174	2884	361	-1322	162
-672	386	2642	-16	-1084	310
-1100	285	2815	-304	-1297	591
-2613	92	2595	-549	-1379	796
-3331	423	2600	-616	71	1510
-3114	-561	4588	-510	291	1485
-2610	-1370	5328	-283	-267	-369
-2073	-1908	6912	69	-64	-1285
-2841	-212	8128	364	-1024	-1566
-1993	60	6977	477	-633	-1349
-1350	880	5854	795	-734	-1318
-1376	1953	4652	976	-154	-556
-1217	1672	4425	894	163	456
-1243	943	3874	754	87	1171
-1156	192	3375	535	357	1279
-948	-359	3106	429	684	783
-809	-352	2849	375	880	218
-861	-312	2547	360	934	-79
-773	-282	2306	371	934	-372
-577	-339	2325	414	912	-602
-259	-670	2676	450	849	-804
-383	-581	3247	389	505	-1140
-813	11	3695	257	-444	-1446
-919	408	3369	61	-1796	-1735
-480	862	2363	-276	-2077	-2300
46	1215	1974	-125	-1123	-2012
-122	1812	2415	-142	-78	-853
-612	1161	3210	62	519	696
-2281	540	4550	223	254	645
-3630	-840	4776	434	-466	72
-3815	-1012	5450	536	-623	-454
-3167	-561	4895	575	-1341	372
-2197	-276	4352	329	-733	356
-1403	-700	6915	295	-421	-169
-1850	16	7611	131	-717	31
-649	412	4862	-342	-1074	208
-762	-313	4079	-489	332	-129
-1368	-568	4645	-654	883	-318
-1329	-644	4457	-813	391	-465
-1099	-187	3642	-717	255	-545
-973	109	3144	-525	516	-244
-817	132	2935	-292	732	117
-740	1	2761	-124	513	418
-551	-169	2418	-66	225	652
-555	-268	2134	-158	278	778
-624	-140	2233	-255	626	606
-559	134	3013	-101	706	819
-466	-24	3657	53	-173	1289
-562	-495	3425	59	-1349	1554
-573	-742	2635	44	-1761	1476
-268	-729	2393	-48	-1047	1047
-289	-957	2734	-67	-304	580
-822	-1209	3237	-144	37	68
-1250	-1040	3545	-85	81	122
-2329	-95	3917	-157	120	310
-2797	605	4291	-137	453	852
-3185	337	4877	-92	-93	949
-2536	-351	4795	-218	-264	60
-1573	-587	5969	-380	60	-641
-1892	-42	7653	-283	-965	-799
-1564	184	6988	-85	-134	-960
-996	367	6378	474	-447	-886
-1076	975	4815	893	-408	-514
-885	1148	3727	795	-102	48
-764	1064	3144	568	339	609
-835	541	2759	264	614	1027
-786	38	2547	161	846	942
-881	-295	2773	135	1116	484
-1001	-610	2998	157	781	-57
-858	-776	3000	114	351	-766
-641	-681	2872	121	-28	-1355
-396	-410	2882	142	-232	-1599
-398	69	2857	16	-786	-1766
-378	559	2426	-162	-1314	-1917
-236	867	1933	137	-747	-1751
-220	1361	2306	235	528	-1280
-641	1888	3292	441	1187	-640
-1268	1769	4244	-20	721	622
-1862	626	4820	100	-253	1384
-2738	-370	4298	202	-841	572
-2804	-1056	4310	241	-14	1
-3215	-1095	5027	324	-116	-82
-2100	-450	4478	391	34	179
-1450	-294	5665	160	419	-40
-1710	-1037	7611	447	-515	-208
-1584	536	6973	188	-78	-453
-648	704	5869	-375	-313	-268
-1522	-116	3849	-53	112	-111
-1522	-116	3849	-53	112	-111
-1522	-116	3849	-53	112	-111
-1519	-85	3867	-55	66	-120
-1524	-76	3783	-58	42	-153
-1510	-43	3704	-54	68	-166
-1495	7	3647	-39	101	-132
-1501	53	3689	-43	129	-79
-1516	36	3774	-64	125	-31
-1533	-17	3808	-75	81	-24
-1495	-95	3838	-62	22	-57
-1499	-113	3800	-38	-48	-95
-1523	-151	3719	2	-120	-133
-1559	-233	3676	30	-119	-230
-1572	-302	3621	86	-55	-331
-1528	-287	3624	150	-57	-394
-1554	-198	3668	162	-109	-474
-1618	-108	3639	140	-98	-522
-1570	-153	3533	176	41	-580
-1587	-167	3637	247	105	-652
-1509	-262	3685	237	-7	-707
-1206	-383	3583	258	18	-717
-1190	-171	3896	264	39	-746
-1220	108	4169	335	-14	-482
-1130	282	4417	259	42	-206
-1229	322	4520	-242	-21	178
-1229	322	4520	-242	-21	178
-1264	36	4271	-461	-210	109
-1160	-174	3917	-565	-353	-21
-932	-280	3486	-554	-385	-76
-716	-310	3251	-486	-220	-97
-609	-226	3265	-382	9	-56
-665	11	3458	-267	190	155
-692	162	3751	-167	190	441
-812	262	4046	-71	-23	755
-848	302	4053	-54	-392	1073
-730	214	3717	-133	-674	1312
-638	158	3208	-322	-816	1433
-571	120	2620	-463	-825	1582
-391	-105	2196	-487	-769	1698
-75	-599	2092	-389	-637	1501
98	-963	2449	-203	-411	1084
-68	-1076	2958	105	-410	937
-490	-971	3157	291	-605	867
-738	-481	2855	185	-830	785
-665	-280	2527	30	-807	825
-1067	-104	2538	-130	-779	986
-2301	107	3143	-427	-993	884
-3746	654	3233	-585	-521	1530
-3049	-764	5198	-360	134	1592
-2044	-1545	6049	-282	-414	-513
-1625	-1113	8703	-52	-848	-1119
-2359	80	8311	-168	-1136	-1236
-749	75	6526	21	-1196	-1373
-1067	1715	4433	331	-465	-1239
-1055	2471	4185	417	970	106
-1245	1678	4597	350	1214	1442
-1437	476	4482	192	981	1977
-1606	-150	4540	212	1081	1623
-1455	-428	4203	340	809	1111
-1232	-489	3515	504	389	749
-918	-403	2655	588	107	406
-777	-266	2103	628	250	96
-623	-132	1783	644	510	-192
-531	-139	1862	517	856	-544
-372	-114	2373	117	959	-1135
-331	208	2789	-220	822	-1602
-818	551	3654	-195	796	-1238
-947	863	3675	-171	-728	-939
-454	830	2828	-465	-1884	-1027
93	702	2064	-514	-1588	-1035
471	615	2504	-308	-149	-431
-367	385	3705	-78	466	-12
-1024	279	4442	4	-204	187
-2115	286	4300	18	-1240	-143
-2825	-1065	2908	405	-1134	-706
-3343	-1437	3748	662	611	-1466
-2993	-557	5629	757	126	-579
-2030	559	8208	361	-1049	291
-2030	559	8208	361	-1049	291
-2030	559	8208	361	-1049	291
-1076	789	5868	-328	-1768	49
-848	34	4283	-728	-1070	-327
-709	-466	3645	-943	-372	-687
-662	-682	3081	-761	136	-681
-664	-555	2731	-490	879	-616
-742	-270	2909	-280	1510	-439
-860	36	3222	-141	1494	-141
-893	306	3425	-206	937	214
-801	434	3146	-350	298	564
-627	532	2781	-350	103	730
-382	479	2762	-159	-19	966
-176	94	2667	127	-567	1350
-260	-305	2347	244	-917	1720
-298	-627	2022	151	-679	1765
-407	-934	2129	93	22	1312
-490	-1277	2939	128	653	580
-843	-1155	3887	188	619	-18
-875	-728	4274	219	-8	-116
-1330	-266	4190	90	-809	76
-1926	442	3615	-174	-1252	191
-2776	544	3370	-162	-237	862
-2540	-45	4692	-254	444	566
-2097	-784	5123	-368	414	-305
-1691	-527	6426	-326	406	-776
-1816	330	7100	10	-494	-977
-1492	894	6515	347	-819	-655
-1323	1131	5582	502	-737	-166
-1244	1095	4792	307	71	201
-1198	769	4512	118	425	218
-1141	605	4069	129	436	289
-1102	312	3752	238	435	478
-985	9	3198	372	291	562
-792	-192	2599	415	311	450
-680	-316	2344	407	580	165
-762	-311	2358	361	817	-176
-643	-379	2534	258	844	-569
-401	-343	2858	50	659	-1075
-422	229	3177	-118	178	-1407
-691	774	3350	-269	-665	-1411
-616	932	2861	-389	-1278	-1097
-61	768	2204	-319	-730	-906
134	791	2586	-73	266	-475
-413	934	3868	125	669	58
-1011	897	4847	166	-1	488
-1407	589	4952	30	-814	470
-2311	76	4412	110	-991	113
-2476	-467	4432	261	-211	-371
-2898	-659	4746	480	-149	-205
-2168	-809	4160	327	-418	-227
-1706	-46	3675	209	807	-605
-1692	42	4279	150	685	-399
-1623	146	4566	95	372	-104
-1420	179	4576	25	126	84
-1418	62	4321	-52	-306	102
-1283	-43	3768	-33	-422	139
-1113	-128	3504	77	-360	200
-1200	-193	3410	190	-267	275
-1544	-216	3489	247	-120	286
-1751	-174	3812	150	154	230
-1706	23	4071	-46	155	197
-1683	72	3903	-211	-168	181
-1545	236	3361	-334	-329	141
-1404	335	3045	-391	-203	235
-1368	207	3122	-437	22	357
-1455	-25	3457	-472	163	373
-1587	-198	3930	-434	108	280
-1772	-139	4129	-347	-94	198
-1764	274	4013	-233	-141	348
-1680	739	3843	-155	-143	693
-1452	877	3718	-146	-77	1015
-1337	499	3724	-220	97	1114
-1269	-157	3889	-192	399	1015
-1419	-763	4296	-17	613	671
-1598	-845	4483	223	447	152
-1528	-354	4291	436	117	-195
-1334	199	3789	558	-111	-291
-1208	550	3329	592	-82	-183
-1010	569	3013	532	150	-104
-956	538	3254	438	431	-49
-1071	395	3663	305	483	-20
-1179	243	3959	220	345	-59
-1212	126	4045	134	8	-162
-1058	188	3718	3	-389	-249
-925	272	3215	-70	-513	-281
-803	255	2794	-60	-366	-270
-675	97	2483	-36	-188	-299
-539	-7	2262	-121	40	-477
-545	17	2327	-269	211	-600
-665	-66	2609	-386	76	-603
-714	-72	2771	-518	-128	-875
-774	166	3032	-489	-258	-882
-815	91	3269	-290	-566	-746
-748	15	3343	-210	-821	-1019
-759	244	3564	-139	-908	-1092
-1280	255	3666	95	-1185	-913
-2654	259	3263	303	-1725	-939
-2991	-483	1698	408	-923	-872
-2712	-70	2884	519	953	-1334
-3204	853	5165	274	639	-197
-3105	471	6848	238	278	1049
-2304	621	9579	523	1438	1924
-3187	-206	9291	22	-1495	1438
-2020	-408	5496	-328	-2209	572
-1204	-552	3953	-537	-1293	-26
-953	-811	3302	-672	-150	-379
-975	-762	3272	-514	1043	-590
-1281	-610	3628	-404	1591	-667
-1379	-427	3799	-380	1455	-680
-1219	-243	3629	-368	942	-532
-1017	-91	3184	-337	482	-241
-744	81	2683	-368	120	7
-547	196	2475	-393	132	259
-389	204	2709	-270	377	615
-446	97	3194	-58	331	868
-539	-60	3405	96	-278	899
-323	-800	2522	286	-1519	774
-323	-800	2522	286	-1519	774
-323	-800	2522	286	-1519	774
-323	-800	2522	286	-1519	774
-500	-936	2264	31	-1068	419
-654	-484	2022	-54	-675	274
-763	-287	2256	7	70	387
-1777	2	3387	166	305	760
-3300	379	3702	110	-385	1092
-3427	359	4229	46	-153	1461
-3574	-64	5087	61	-958	849
-2299	-709	5745	-61	-428	-435
-1536	-736	7310	92	-246	-1042
-1753	358	6251	267	-978	-1367
-1167	1056	5152	451	-607	-793
-1478	1535	4649	501	-138	93
-1290	1148	3954	382	725	694
-1207	471	4521	215	1451	626
-1388	377	4649	242	1168	286
-1322	344	4134	317	490	165
-934	291	3224	219	56	157
-670	115	2429	45	-23	122
-405	-201	1952	-68	279	-54
-172	-631	1947	-89	809	-376
-192	-760	2620	-79	1085	-834
-601	-345	3410	-146	418	-1356
-1130	464	3358	-313	-927	-1785
-668	673	2594	-508	-1563	-1930
-147	772	2328	-215	-733	-1613
-496	811	3223	220	155	-838
-1103	995	3960	193	-204	-309
-1335	742	3728	56	-801	-203
-2187	156	3169	134	-820	-360
-3102	-1026	3010	313	266	-983
-2942	-533	4681	404	698	-753
-2161	-439	4753	156	-408	-58
-2095	-901	5558	160	-591	74
-2051	-141	7152	668	431	42
-1442	928	7383	149	-172	244
-1177	639	6071	-410	-774	94
-1400	-105	4945	-653	-562	-183
-1168	-569	4346	-891	-351	-382
-893	-796	3731	-763	-72	-368
-766	-659	3268	-524	557	-264
-797	-388	3081	-467	933	-287
-841	73	2861	-504	893	-193
-664	382	2443	-555	694	194
-468	512	2231	-541	834	759
-425	415	2576	-451	892	1249
-383	197	3086	-252	394	1550
-496	-211	3260	13	-495	1727
-551	-549	2825	102	-1138	1623
-637	-681	2309	55	-1285	1669
-433	-1000	2263	-111	-986	1505
-531	-1256	2509	-99	-659	936
-587	-1130	2769	9	-381	615
-1304	-724	3628	13	-276	641
-2776	412	3399	-199	-255	978
-3165	250	4563	-203	651	1610
-3586	248	5424	-217	-235	634
-2781	-218	5883	-566	-5	-696
-2419	-122	8137	-535	-550	-700
-1856	-169	7141	-16	-703	-670
-926	157	6274	607	-870	-366
-1490	-144	3753	-100	-149	-179
-1490	-144	3753	-100	-149	-179
-1490	-144	3753	-100	-149	-179
-1429	-80	3627	-58	-188	-120
-1375	-75	3546	-20	-114	-52
-1443	-78	3569	18	-26	4
-1463	-230	3560	64	87	4
-1482	-294	3727	103	211	-114
-1545	-230	3864	109	182	-137
-1594	-163	3851	122	4	-183
-1548	-108	3665	128	-66	-210
-1453	-69	3559	124	-27	-195
-1420	-41	3581	124	42	-144
-1406	82	3807	70	-28	162
-1406	82	3807	70	-28	162
-1406	82	3807	70	-28	162
-1379	115	3707	-16	-30	315
-1360	138	3582	-157	-72	420
-1335	158	3480	-331	-167	459
-1391	119	3465	-421	-180	474
-1530	72	3567	-411	29	478
-1455	-9	3968	-235	402	519
-1454	-114	4469	16	527	572
-1349	-225	4696	177	137	461
-1202	-238	4521	315	-267	311
-1116	-109	4171	381	-445	144
-1038	106	3847	458	-285	43
-1007	384	3675	441	50	142
-1054	476	3658	418	273	310
-1018	479	3587	384	348	431
-1023	410	3532	333	322	526
-1008	289	3458	235	217	544
-874	169	3448	101	152	422
-851	-4	3451	-1	109	292
-744	-169	3404	-65	87	55
-728	-301	3349	-131	-60	-245
-597	-184	3139	-162	-388	-511
-496	-62	2616	-108	-631	-621
-481	50	2098	11	-596	-609
-307	245	1989	-21	-511	-699
-99	683	2196	-258	-224	-768
-246	806	3041	-329	159	-367
-727	700	3895	-266	-35	-135
-1008	630	4264	-203	-685	-106
-1073	149	3959	-17	-1317	-38
-1676	-399	3490	173	-1563	-569
-2499	-964	2689	504	-1586	-746
-2659	-1364	2716	739	62	-1815
-3225	-246	5200	772	37	-1329
-2905	967	5697	697	-252	263
-1440	630	7747	328	345	81
-2367	536	9379	-183	181	694
-1755	24	6721	-595	-1681	790
-1034	-952	4449	-708	-1229	132
-821	-953	3652	-795	-455	-646
-631	-632	2936	-713	257	-729
-566	-140	2629	-570	1211	-619
-749	94	2809	-438	1778	-165
-730	192	3201	-476	1698	247
-596	407	3436	-597	1078	472
-530	603	3303	-543	239	784
-649	243	3053	-366	-667	1308
-556	-338	2443	-76	-1356	1474
-382	-561	1646	55	-1207	1521
-521	-641	1537	75	-593	1518
-238	-913	1788	0	-88	1232
-373	-1293	2554	14	491	744
-885	-959	3790	41	496	295
-1595	-662	4630	59	-303	502
-2302	-456	4671	-102	-1421	465
-2378	1068	4505	-211	-342	938
-2378	1068	4505	-211	-342	938
-2378	1068	4505	-211	-342	938
-1708	292	5834	-394	-43	562
-2274	-362	7959	-487	-659	-179
-1909	-902	7177	-458	-276	-761
-775	-854	6173	293	-521	-1248
-992	342	4745	1016	-308	-940
-796	1035	3841	1191	435	-282
-845	993	3555	935	827	76
-823	414	3092	619	948	267
-690	-129	2601	434	1359	16
-961	-250	2597	378	1938	-395
-1178	-404	2935	358	2011	-964
-1208	-533	3234	377	1505	-1611
-890	-440	3323	399	933	-2150
-678	-231	3250	481	19	-2264
-921	254	2873	314	-1341	-2355
-651	519	1997	-118	-2055	-2675
-157	934	1726	-181	-1233	-2573
227	1570	2106	121	-232	-2142
-587	2276	2763	-75	400	-679
-1377	838	3173	64	-162	393
-2861	-268	2834	-3	-479	-87
-3517	-1494	3004	-119	709	-517
-3186	-1332	5397	-10	818	-997
-2024	-216	5760	382	139	927
-1980	-700	8004	656	-79	1028
-3036	-160	8988	764	-831	180
-1656	751	7310	164	-1679	471
-1390	362	5188	-358	-1737	447
-1071	-82	3928	-766	-1003	194
-776	-387	3334	-937	-468	58
-608	-569	2650	-805	164	76
-659	-355	2519	-486	1273	187
-788	-96	2927	-400	1791	365
-884	-3	3186	-380	1675	760
-802	53	3300	-384	1359	1062
-877	122	3460	-451	833	1209
-823	154	3501	-502	146	1258
-658	154	3401	-343	-416	1437
-504	-78	3204	-8	-986	1697
-386	-444	2603	211	-1469	1897
-444	-806	2234	59	-1331	1664
-196	-1150	2156	-92	-803	1252
-407	-1422	2373	-57	69	763
-976	-1059	2965	14	403	270
-1578	-329	3609	1	460	264
-2188	266	4048	6	319	620
-3201	146	4912	101	321	1074
-3333	-37	5237	58	-516	673
-2650	49	5290	-294	-460	-398
-2059	146	6660	-491	-447	-711
-1673	666	6152	-255	-968	-783
-1378	811	5291	244	-722	36
-1325	313	4687	627	340	586
-1309	180	4599	633	948	579
-1081	540	3351	367	504	487
-1081	540	3351	367	504	487
-1081	540	3351	367	504	487
-1432	-354	3429	-208	232	298
-1498	-580	3648	-50	260	233
-1658	-650	3816	114	214	151
-1744	-531	3851	183	139	27
-1789	-315	3803	134	72	-109
-1862	-120	3697	50	67	-167
-1854	-55	3628	8	154	-138
-1805	-74	3735	17	265	-103
-1765	-92	3835	-28	206	-92
-1702	-81	3729	-106	29	-90
-1579	-126	3502	-165	-60	-76
-1484	-242	3348	-161	14	-58
-1497	-369	3447	-99	140	-92
-1575	-483	3583	-4	195	-181
-1713	-621	3689	94	188	-303
-1793	-593	3642	142	170	-464
-1875	-520	3440	156	196	-575
-1732	-440	3411	186	375	-728
-1631	-262	3612	221	500	-738
-1614	-111	3957	238	478	-757
-1617	55	4066	277	256	-632
-1634	156	4139	244	36	-431
-1486	281	4040	181	-164	-142
-1332	198	3856	78	-152	66
-1365	56	3795	-54	-32	114
-1371	-11	3786	-170	19	136
-1383	-55	3730	-257	67	174
-1374	-117	3677	-315	85	206
-1307	-148	3642	-328	84	239
-1214	-160	3609	-310	58	288
-1142	-148	3682	-259	104	338
-1114	-143	3822	-206	71	386
-1092	-12	3953	-176	-99	497
-1102	93	3914	-183	-337	697
-1044	141	3638	-240	-562	816
-828	48	3298	-352	-642	897
-762	49	2905	-569	-590	937
-653	102	2549	-799	-533	1015
-532	112	2309	-848	-534	1153
-286	-291	2350	-574	-579	1374
-365	-945	2704	-187	-652	1259
-543	-1139	2928	170	-735	1092
-707	-873	2945	291	-622	1094
-706	-562	3125	228	-616	1098
-773	-430	3034	-9	-787	1067
-936	-123	2894	-286	-847	1078
-1849	-45	3062	-370	-1260	1206
-2604	-60	2419	-278	-886	1325
-2460	-317	3615	-232	214	1493
-2870	-1226	5183	-229	-17	662
-2257	-1882	6658	-204	244	-769
-3197	-1163	8969	101	-1044	-1580
-2544	130	7779	306	-832	-1937
-1288	853	6177	980	-1357	-1736
-1421	2277	4423	1083	-884	-1019
-970	2326	3699	685	124	83
-1233	1067	3725	354	501	937
-1189	47	3146	287	696	1070
-934	-501	3015	387	1365	674
-1041	-508	3211	556	1710	84
-1187	-420	3119	673	1383	-480
-926	-473	2815	668	963	-958
-578	-526	2652	570	865	-1343
-433	-221	2784	434	688	-1616
-667	129	2873	354	-204	-1639
-819	578	2592	-127	-1736	-1853
-495	864	1679	-115	-2043	-2083
-60	1536	1472	-170	-1157	-1656
144	2078	2256	-1	84	-393
-1412	856	3262	47	582	1046
-2938	-270	3644	172	-421	509
-3430	-1170	3561	25	-50	-264
-3747	-1579	5680	118	-32	-743
-3706	-682	6709	454	-1041	280
-1948	-283	6597	675	-1030	662
-1579	312	7218	271	-969	193
-1550	373	6189	-67	-1094	-172
-1353	513	5465	-450	-397	39
-1150	-169	5017	-716	176	94
-1280	-380	4403	-828	547	179
-1098	-365	3876	-881	637	214
-1028	-267	3318	-941	550	254
-886	-168	2601	-880	430	498
-564	-90	1982	-794	476	796
-197	44	1614	-686	752	1018
-145	91	1587	-588	1099	1241
-270	84	1954	-450	1233	1466
-566	-12	2639	-192	794	1783
-613	-169	2969	-4	-193	2258
-564	-238	2890	-246	-1160	2693
-561	-926	2809	137	-1656	2722
-476	-1766	2841	-10	-1400	1713
-720	-2087	3145	208	-874	562
-1244	-814	3440	-7	-727	-330
-2169	406	3035	-45	-784	578
-2426	1158	2586	-79	693	1278
-3299	449	4632	-40	1196	1397
-3359	-613	6203	-352	732	-181
-2564	-1468	8654	-564	148	-1013
-2655	-620	8915	-274	-1635	-1550
-1460	542	6370	354	-1861	-1260
-651	1279	4882	984	-861	-690
-1004	1554	4276	1163	213	-147
-1146	1387	3998	816	744	240
-1129	351	3531	491	570	648
-1036	-415	2931	356	544	560
-919	-720	2517	381	1081	54
-1149	-572	2764	446	1461	-773
-1142	-408	2736	496	1174	-1480
-870	-393	2447	641	755	-1996
-531	-317	2179	670	639	-2106
-262	-29	2307	545	642	-2206
-500	373	2723	398	186	-2239
-1101	765	2734	21	-1284	-2380
-851	741	1941	-185	-1708	-2477
-238	1293	1824	215	-752	-2275
-142	1885	2933	468	329	-1289
-1748	1774	4041	352	-228	282
-3300	247	3354	319	-970	470
-3597	-712	3843	335	522	-95
-3017	-1158	5630	265	411	123
-2735	-1424	6358	326	139	778
-2405	-2527	8515	667	-366	-322
-2249	578	8470	668	-967	-574
-946	1156	5808	94	-1229	-404
-1026	1008	5118	-390	-159	-771
-1501	415	4839	-964	4	-838
-1248	-301	4121	-1070	-150	-471
-948	-601	3443	-745	95	-142
-802	-541	2950	-441	478	-70
-2152	-941	8247	381	-29	-79
-2152	-941	8247	381	-29	-79
-2152	-941	8247	381	-29	-79
-2152	-941	8247	381	-29	-79
-2152	-941	8247	381	-29	-79
-2152	-941	8247	381	-29	-79
-2152	-941	8247	381	-29	-79
-2152	-941	8247	381	-29	-79
-2152	-941	8247	381	-29	-79
-2152	-941	8247	381	-29	-79
-2152	-941	8247	381	-29	-79
-2152	-941	8247	381	-29	-79
-2152	-941	8247	381	-29	-79
-2152	-941	8247	381	-29	-79
-2152	-941	8247	381	-29	-79
-2152	-941	8247	381	-29	-79
-2152	-941	8247	381	-29	-79
-2152	-941	8247	381	-29	-79
-2152	-941	8247	381	-29	-79
-2152	-941	8247	381	-29	-79
-2152	-941	8247	381	-29	-79
-2152	-941	8247	381	-29	-79
-2152	-941	8247	381	-29	-79
-2152	-941	8247	381	-29	-79
-2152	-941	8247	381	-29	-79
-2152	-941	8247	381	-29	-79
-2152	-941	8247	381	-29	-79
-2152	-941	8247	381	-29	-79
-2152	-941	8247	381	-29	-79
-2152	-941	8247	381	-29	-79
-2152	-941	8247	381	-29	-79
-2152	-941	8247	381	-29	-79
-2152	-941	8247	381	-29	-79
-2152	-941	8247	381	-29	-79
-2152	-941	8247	381	-29	-79
-2152	-941	8247	381	-29	-79
-2152	-941	8247	381	-29	-79
-2152	-941	8247	381	-29	-79
-2152	-941	8247	381	-29	-79
-2152	-941	8247	381	-29	-79
-2152	-941	8247	381	-29	-79
-2152	-941	8247	381	-29	-79
-2152	-941	8247	381	-29	-79
-2152	-941	8247	381	-29	-79
-2152	-941	8247	381	-29	-79
-2152	-941	8247	381	-29	-79
-2152	-941	8247	381	-29	-79
-2152	-941	8247	381	-29	-79
-2152	-941	8247	381	-29	-79
-2152	-941	8247	381	-29	-79
-2152	-941	8247	381	-29	-79
-2152	-941	8247	381	-29	-79
-2152	-941	8247	381	-29	-79
-2152	-941	8247	381	-29	-79
-2152	-941	8247	381	-29	-79
-2152	-941	8247	381	-29	-79
-2152	-941	8247	381	-29	-79
-2152	-941	8247	381	-29	-79
-2152	-941	8247	381	-29	-79
-2152	-941	8247	381	-29	-79
-2152	-941	8247	381	-29	-79
-2152	-941	8247	381	-29	-79
-2152	-941	8247	381	-29	-79
-2152	-941	8247	381	-29	-79
-2152	-941	8247	381	-29	-79
-2152	-941	8247	381	-29	-79
-2152	-941	8247	381	-29	-79
-2152	-941	8247	381	-29	-79
-2152	-941	8247	381	-29	-79
-2152	-941	8247	381	-29	-79
-2152	-941	8247	381	-29	-79
-2152	-941	8247	381	-29	-79
-2152	-941	8247	381	-29	-79
-2152	-941	8247	381	-29	-79
-2152	-941	8247	381	-29	-79
-2152	-941	8247	381	-29	-79
-2152	-941	8247	381	-29	-79
-2152	-941	8247	381	-29	-79
-2152	-941	8247	381	-29	-79
-2152	-941	8247	381	-29	-79
-2152	-941	8247	381	-29	-79
-2152	-941	8247	381	-29	-79
-2152	-941	8247	381	-29	-79
-2152	-941	8247	381	-29	-79
-2152	-941	8247	381	-29	-79
-2152	-941	8247	381	-29	-79
-2152	-941	8247	381	-29	-79
-2152	-941	8247	381	-29	-79
-2152	-941	8247	381	-29	-79
-2152	-941	8247	381	-29	-79
-2152	-941	8247	381	-29	-79
-2152	-941	8247	381	-29	-79
-2152	-941	8247	381	-29	-79
-2152	-941	8247	381	-29	-79
-2152	-941	8247	381	-29	-79
-2152	-941	8247	381	-29	-79
-2152	-941	8247	381	-29	-79
-2152	-941	8247	381	-29	-79
-2152	-941	8247	381	-29	-79
-2152	-941	8247	381	-29	-79
-2152	-941	8247	381	-29	-79
-2152	-941	8247	381	-29	-79
-2152	-941	8247	381	-29	-79
-2152	-941	8247	381	-29	-79
-2152	-941	8247	381	-29	-79
-2152	-941	8247	381	-29	-79
-2152	-941	8247	381	-29	-79
-2152	-941	8247	381	-29	-79
-2152	-941	8247	381	-29	-79
-2152	-941	8247	381	-29	-79
-2152	-941	8247	381	-29	-79
-2152	-941	8247	381	-29	-79
-2152	-941	8247	381	-29	-79
-2152	-941	8247	381	-29	-79
-2152	-941	8247	381	-29	-79
-2152	-941	8247	381	-29	-79
-2152	-941	8247	381	-29	-79
-2152	-941	8247	381	-29	-79
-2152	-941	8247	381	-29	-79
-2152	-941	8247	381	-29	-79
-2152	-941	8247	381	-29	-79
-2152	-941	8247	381	-29	-79
-2152	-941	8247	381	-29	-79
-2152	-941	8247	381	-29	-79
-2152	-941	8247	381	-29	-79
-2446	-162	8685	479	-437	-216
-1386	572	6824	-23	-1263	-142
-1158	256	4716	-503	-602	-352
-1284	30	4260	-1007	67	-857
-1247	-242	3725	-1156	33	-857
-1686	127	3893	157	-371	-345
-1686	127	3893	157	-371	-345
-1686	127	3893	157	-371	-345
-1693	341	3855	160	-523	-202
-1645	391	3720	127	-622	-56
-1566	373	3551	74	-556	41
-1391	464	3479	0	-466	166
-1302	456	3400	3	-312	318
-1337	261	3401	77	-106	357
-1579	122	3729	44	75	280
-1715	-155	4076	-60	86	194
-1659	-242	4123	-109	-213	-5
-1417	54	3608	-21	-457	-24
-1417	54	3608	-21	-457	-24
-1417	54	3608	-21	-457	-24
-1408	176	3570	-49	-294	-48
-1415	326	3617	-88	-255	44
-1351	412	3432	-128	-300	173
-1347	423	3310	-214	-249	217
-1563	368	3355	-326	-200	247
-1730	250	3344	-370	-199	258
-1745	203	3395	-324	-52	263
-1463	149	3719	-251	174	306
-1359	117	4169	-223	270	327
-1430	272	4451	-189	165	411
-1457	541	4452	-159	-65	526
-1513	575	4316	-93	-168	561
-1412	520	4038	-6	-110	554
-1276	384	3795	43	33	520
-1212	316	3680	45	199	554
-1144	280	3709	45	262	605
-1092	395	3736	17	215	649
-1038	489	3648	21	160	721
-1066	357	3325	42	173	711
-1019	167	3278	24	374	513
-997	-23	3490	-101	368	224
-838	-75	3700	-271	140	-91
-735	51	3577	-357	-134	-254
-710	204	3252	-374	-388	-286
-689	369	2878	-405	-607	-260
-662	429	2400	-428	-613	-199
-453	422	2123	-517	-312	-181
-262	437	2194	-546	109	-169
-244	543	2368	-474	322	-52
-290	649	2758	-328	84	286
-534	770	2879	-216	-388	569
-1385	587	2712	-218	-641	641
-2733	-406	2439	-272	-1241	346
-2797	-1673	1652	-376	-597	-537
-3369	-1462	4149	-82	668	-1062
-3608	1069	7068	290	71	1142
-2334	678	9782	484	-590	1944
-2736	-383	9046	276	-948	2735
-1628	-583	5860	-370	-1457	2055
-978	-1527	4765	-657	-649	727
-756	-1507	4403	-795	58	-580
-749	-828	3776	-793	643	-1112
-958	-118	3705	-509	1461	-911
-1378	37	4122	-279	1837	-257
-1623	-57	4178	-308	1243	30
-1403	-313	3547	-416	349	75
-1081	-385	2699	-455	-25	52
-696	-263	2099	-595	162	18
-507	138	2038	-755	599	-13
-371	604	2617	-741	862	240
-359	615	3188	-488	650	798
-598	221	3403	-42	-268	1385
-549	-201	3123	246	-1500	1604
-414	-484	2329	194	-2055	1833
-453	-890	1989	-3	-1833	1848
-112	-934	2007	-22	-1249	1554
-6	-972	2421	168	-413	1391
-1424	-704	3073	164	-413	1304
-3552	249	2383	-206	-1170	1380
-4013	839	1709	-483	443	2059
-3598	-55	4737	-406	1744	1488
-3150	-891	8255	-272	1392	-510
-2744	-855	10735	37	-326	-1185
-2843	-50	8570	137	-2643	-1104
-1565	528	5169	394	-2240	-659
-751	1315	3939	647	-317	119
-1000	1374	3837	658	1033	451
-1218	954	3924	503	1660	428
-1276	450	4125	464	1642	362
-1111	87	3626	545	1044	424
-910	-358	2894	423	669	131
-652	-617	2191	387	319	-389
-329	-758	1538	378	274	-889
-27	-727	1316	418	667	-1378
-323	-514	1704	375	1039	-1801
-1134	28	2525	272	169	-2204
-1057	460	2577	-86	-1233	-2415
-793	615	2038	-466	-1548	-2801
-177	913	2116	-391	-578	-2920
-3096	997	3784	407	-2237	712
-3096	997	3784	407	-2237	712
-3096	997	3784	407	-2237	712
-3112	-916	2078	482	-769	238
-2720	-1138	4578	628	1095	-200
-2590	-747	5831	489	249	604
-2888	-859	7722	464	31	927
-2303	651	9026	463	430	707
-1560	811	7987	-117	-1278	940
-1092	180	5673	-504	-1264	570
-1239	-366	4774	-937	-591	41
-1199	-665	3983	-1151	-285	-144
-828	-690	3339	-945	317	12
-714	-586	3082	-643	840	89
-743	-361	2863	-452	1028	73
-794	-15	2629	-426	822	305
-602	205	2129	-431	444	725
-440	419	1727	-461	512	1030
-370	619	1872	-517	880	1288
-543	668	2497	-498	783	1652
-747	320	2971	-321	-142	2057
-629	-143	2791	-74	-1330	2549
-459	-375	2206	-245	-1595	2604
-368	-611	2176	-330	-1201	2806
-415	-1451	2534	-405	-980	2408
-666	-1385	2730	-527	-509	1279
-2082	-328	3044	-535	-614	1319
-2844	401	2597	-481	539	1831
-3039	-213	5001	-414	1203	1671
-2982	-1228	6255	-351	261	31
-2879	-1324	8903	-613	46	-881
-3304	-493	10233	-447	-1358	-1239
-983	274	6595	-50	-2055	-1757
-364	1672	4468	649	-766	-1114
-840	2425	4761	839	645	-73
-1196	1613	4810	642	595	1282
-1631	-160	3869	101	63	117
-1631	-160	3869	101	63	117
-1631	-160	3869	101	63	117
-1560	-199	3862	33	-90	-178
-1459	-151	3826	-63	-271	-430
-1384	-170	3727	-170	-442	-597
-1179	-130	3622	-276	-380	-723
-1456	-23	3768	-384	-458	-744
-1484	92	3663	-364	-279	-726
-1426	218	4112	-201	78	-581
-1571	377	4359	97	94	-7
-1595	357	4325	262	-218	309
-1180	-322	4461	251	374	224
-1180	-322	4461	251	374	224
-1180	-322	4461	251	374	224
-1180	-322	4461	251	374	224
-1180	-322	4461	251	374	224
-1180	-322	4461	251	374	224
-1180	-322	4461	251	374	224
-1180	-322	4461	251	374	224
-1180	-322	4461	251	374	224
-1180	-322	4461	251	374	224
-1180	-322	4461	251	374	224
-1180	-322	4461	251	374	224
-1180	-322	4461	251	374	224
-1180	-322	4461	251	374	224
-1180	-322	4461	251	374	224
-1304	-31	4388	279	32	56
-1104	310	3935	291	-72	110
-934	419	3583	296	17	219
-810	299	3323	279	158	329
-729	49	3280	226	309	293
-705	-121	3448	141	350	116
-758	-116	3651	41	234	-79
-890	-142	3626	-3	-1	-175
-758	-145	3441	-50	-208	-404
-640	-64	3144	-61	-425	-667
-623	37	2694	-52	-528	-818
-530	103	2201	-34	-544	-895
-357	238	1845	-90	-398	-966
-120	469	2019	-76	66	-941
-392	1133	2955	-244	372	-730
-855	1230	3896	-284	-83	189
-1130	534	4144	-133	-705	393
-1046	-68	3832	16	-1095	116
-1662	-807	3338	127	-1409	-529
-2532	-1190	2445	285	-1432	-1143
-2758	-1557	2277	516	-233	-1995
-2900	-664	4053	760	299	-1842
-2788	1090	5754	943	445	-208
-1886	1974	8144	371	624	346
-2947	977	9319	-86	-235	1165
-1951	78	7108	-497	-1186	1342
-1235	-1174	5296	-753	-950	938
-920	-1895	4272	-909	-501	-183
-654	-1446	3335	-984	-30	-1107
-680	-655	2799	-799	794	-1297
-734	-37	2808	-524	1498	-923
-627	440	3000	-452	1591	-290
-479	632	3100	-591	1140	193
-389	835	2945	-688	442	588
-459	802	2508	-633	-328	1187
-540	412	2133	-388	-779	1916
-536	-180	1880	-100	-1016	2356
-569	-473	1873	44	-844	2551
-421	-972	2251	249	-658	2610
-423	-1616	2797	255	-370	1825
-901	-1962	3348	181	-268	557
-991	-1260	3728	153	-492	-156
-1716	-737	3620	181	-1003	133
-2394	255	3141	50	-1175	474
-2901	751	3670	-75	254	1170
-3050	628	5516	-140	240	797
-2093	509	6224	-286	-471	94
-1972	332	8039	-343	-1165	-72
-1742	-348	7186	-560	-26	-752
-994	-561	6996	203	-213	-584
-1261	388	5704	856	-367	-256
-1186	891	4563	900	-100	289
-980	896	3635	700	144	628
-852	352	2981	354	496	801
-666	-47	2639	174	952	490
-589	-18	2374	241	1205	116
-754	-16	2240	230	1493	-181
-924	-203	2188	322	1371	-435
-764	-481	2204	250	1199	-900
-343	-447	2570	47	1257	-1349
-442	-32	3355	-147	1117	-1481
-929	558	3749	-190	-146	-1439
-795	648	2961	-491	-1769	-1673
-428	636	1914	-457	-1609	-1843
201	898	2030	3	-370	-1487
-374	1466	3232	310	356	-283
-1226	1067	3935	297	-219	850
-2529	235	3894	235	-872	692
-3220	-1398	3104	345	-337	-181
-3494	-1388	4323	499	861	-1481
-2879	87	5257	471	31	-323
-2361	504	5850	372	-31	771
-1835	-47	7895	444	-20	300
-1894	346	8416	109	-310	549
-1298	-76	6218	-413	-1256	701
-1172	-841	4690	-637	-562	-47
-1134	-923	4159	-827	-206	-601
-915	-693	3365	-758	17	-804
-803	-334	2858	-476	708	-645
-838	-61	2827	-282	1263	-285
-839	223	2967	-206	1122	163
-654	448	2882	-268	576	655
-386	286	2540	-330	211	1187
-438	88	2256	-402	-18	1217
-490	227	2279	-326	-194	1212
-489	82	2552	-52	-479	1694
-596	-309	2719	91	-802	2072
-540	-754	2511	60	-959	2079
-467	-1378	3001	-2	-747	1425
-616	-1923	3514	0	-603	366
-1379	-1517	3629	50	-621	-25
-2139	-84	3259	-147	-610	214
-2422	440	3327	-244	436	709
-3254	440	4851	-90	457	621
-2637	272	5425	12	-6	11
-1638	-85	6471	-52	-20	-54
-2061	257	7318	-95	-897	-459
-1632	212	6602	-182	-202	-496
-1222	160	6696	150	-87	-420
-1347	770	5217	606	-247	-77
-1236	867	4238	724	38	287
-1043	493	3421	686	149	560
-924	-18	2660	620	196	635
-1775	168	3850	-186	181	12
-1773	188	3899	-199	79	-38
-1721	78	3855	-162	6	-85
-1662	53	3744	-128	-19	-212
-1714	103	3664	-115	-108	-273
-1767	79	3545	-105	-130	-303
-1721	149	3546	-100	10	-352
-1760	213	3598	-73	93	-314
-1682	251	3647	-69	123	-322
-1704	330	3741	-99	55	-274
-1666	182	3720	-93	-56	-241
-1657	161	3648	-89	-116	-288
-797	-709	3347	293	-1193	962
-797	-709	3347	293	-1193	962
-797	-709	3347	293	-1193	962
-797	-709	3347	293	-1193	962
-797	-709	3347	293	-1193	962
-797	-709	3347	293	-1193	962
-797	-709	3347	293	-1193	962
-797	-709	3347	293	-1193	962
-797	-709	3347	293	-1193	962
-797	-709	3347	293	-1193	962
-797	-709	3347	293	-1193	962
-797	-709	3347	293	-1193	962
-797	-709	3347	293	-1193	962
-797	-709	3347	293	-1193	962
-797	-709	3347	293	-1193	962
-797	-709	3347	293	-1193	962
-797	-709	3347	293	-1193	962
-797	-709	3347	293	-1193	962
-797	-709	3347	293	-1193	962
-797	-709	3347	293	-1193	962
-797	-709	3347	293	-1193	962
-797	-709	3347	293	-1193	962
-797	-709	3347	293	-1193	962
-797	-709	3347	293	-1193	962
-797	-709	3347	293	-1193	962
-797	-709	3347	293	-1193	962
-797	-709	3347	293	-1193	962
-797	-709	3347	293	-1193	962
-797	-709	3347	293	-1193	962
-797	-709	3347	293	-1193	962
-797	-709	3347	293	-1193	962
-797	-709	3347	293	-1193	962
-740	-212	3147	0	-1340	951
-1162	-6	3186	-319	-1267	1240
-3014	-50	3000	-490	-1620	1429
-3022	-108	2492	-719	-220	1345
-2899	-341	4771	-592	471	1069
-2608	-519	5875	-291	115	-23
-2699	-906	7795	104	0	-996
-2928	37	8143	172	-724	-1257
-2002	-120	6841	426	-1471	-1062
-1187	1023	4629	530	-1501	-744
-798	1993	3550	447	-410	34
-920	1804	3549	317	403	792
-1110	835	3506	172	688	1204
-991	193	3462	116	983	1078
-914	-267	3370	216	1070	663
-898	-640	3158	382	915	148
-693	-899	2766	450	614	-465
-444	-743	2517	434	361	-1078
-540	-260	2295	341	-147	-1458
-1027	261	1951	230	-1064	-1677
-549	534	1331	-14	-1184	-2203
-360	1030	1393	-106	-436	-2208
29	1647	2010	-105	427	-1611
-681	1742	3459	14	902	221
-1935	579	4507	93	-31	851
-3124	4	4136	221	-1889	474
-2988	-1825	3028	216	-1360	-501
-3272	-2055	5240	374	-101	-1434
-2955	-478	6272	775	-904	119
-2017	106	6651	778	-876	-12
-1815	756	7637	669	-387	-228
-1395	1207	7183	46	-768	93
-806	561	5528	-451	-599	151
-1064	-263	4843	-769	156	-58
-1183	-499	4288	-964	207	-103
-934	-507	3426	-843	323	4
-797	-429	2822	-650	819	109
-748	-276	2487	-514	1222	172
-786	-90	2297	-462	1262	347
-594	200	2195	-440	1148	547
-492	407	2282	-446	1182	860
-515	507	2616	-372	1172	1203
-655	488	3015	-250	840	1534
-793	335	3258	-188	-188	1916
-566	-97	2880	-155	-1471	2323
-587	-485	2190	-98	-1906	2594
-613	-827	1940	-291	-1393	2372
-313	-1524	2105	-327	-826	1832
-829	-1864	2688	-275	-340	620
-2318	-211	2949	-513	-643	484
-2748	788	2554	-500	781	1637
-3373	524	5255	-369	1440	1778
-3369	-513	6670	-364	414	123
-2532	-1086	8522	-570	225	-692
-2809	-574	9339	-263	-1293	-1049
-1660	69	6280	-38	-1955	-1336
-712	878	4647	534	-841	-1083
-852	1797	4262	800	371	-432
-964	1561	3732	678	894	159
-1011	589	3244	526	1129	492
-996	-133	2836	507	1163	386
-879	-623	2474	501	1322	-26
-930	-737	2386	496	1431	-785
-916	-598	2425	415	1280	-1622
-685	-176	2587	396	1043	-2025
-537	113	2906	432	786	-2029
-738	244	3321	484	8	-1972
-1024	515	3290	170	-1297	-2157
-816	961	2596	-134	-1959	-2260
-382	1365	2380	-66	-1510	-1956
-169	1744	2594	190	-899	-1540
-815	2248	2901	168	-483	350
-2131	478	3158	179	-709	821
-2924	-832	2557	177	-375	240
-3217	-1320	3985	246	839	-226
-3107	-454	5515	470	278	932
-2522	-14	6239	484	259	1650
-1841	-429	8595	395	-398	594
-1861	828	8444	66	-658	484
-969	294	6425	-315	-1658	922
-1027	-367	4668	-708	-1054	462
-1016	-454	4090	-1063	-379	60
-682	-378	3629	-1160	-48	-69
-575	-213	3170	-910	441	179
-725	26	2883	-698	864	465
-805	192	2755	-537	864	811
-1161	167	4091	-79	-64	-432
-1161	167	4091	-79	-64	-432
-1161	167	4091	-79	-64	-432
-1199	181	4046	-51	-111	-429
-1130	136	4034	17	-118	-364
-1124	196	3966	39	-176	-254
-1139	207	3889	10	-139	-198
-1064	203	3898	-6	-122	-221
-1090	145	3898	2	-178	-249
-1130	3	3865	16	-245	-260
-1124	-211	3857	58	-277	-296
-1194	-340	3884	154	-309	-366
-1306	-435	3781	288	-380	-489
-1254	-426	3307	400	-429	-669
-1171	-458	2823	557	-246	-791
-1146	-343	2829	639	173	-939
-1202	14	3532	608	684	-771
-1298	280	4517	439	876	-528
-1328	440	5171	143	536	-426
-1288	399	5009	-143	-182	-309
-1012	222	4280	-334	-486	-161
-876	38	3961	-438	-341	-90
-817	-139	3829	-454	-188	-21
-783	-261	3721	-454	44	-29
-844	-287	3617	-451	264	-48
-851	-279	3506	-462	489	-137
-891	-222	3641	-489	599	-193
-946	-108	3851	-462	575	-113
-992	-86	3990	-371	360	79
-870	-63	3918	-264	107	249
-708	-17	3785	-156	-102	495
-598	58	3646	-115	-208	718
-538	148	3545	-152	-271	894
-501	180	3378	-135	-266	1064
-536	57	3206	-54	-204	1259
-382	-205	2990	-16	-130	1347
-280	-386	2823	-112	-42	1304
-258	-666	2953	-257	19	1156
-221	-786	3111	-237	54	993
-364	-800	3385	-53	196	945
-576	-746	3535	70	-44	781
-730	-706	3385	64	-391	560
-769	-553	3181	15	-373	517
-935	-494	3139	7	-224	672
-1111	-328	2903	-73	-249	713
-1488	200	2640	-266	-298	789
-2336	970	2570	-378	-768	1118
-2623	557	2245	-266	-600	1973
-2547	-678	3295	-39	374	1471
-1804	-2094	5130	161	1160	-284
-1676	-1982	7644	430	1607	-1804
-2362	72	9472	392	-362	-2415
-1813	1770	7129	320	-901	-1906
-1275	2339	5748	282	-453	-838
-996	2362	4536	265	-320	438
-897	1368	3808	196	278	1590
-1111	463	3978	126	844	1664
-1087	-188	4102	192	996	1423
-1004	-687	3962	273	844	774
-868	-855	3454	475	419	170
-567	-1092	2807	639	92	-423
-376	-1079	2303	582	-25	-1213
-434	-545	2129	345	-105	-1962
-676	185	2136	26	-357	-2344
-701	654	1961	-202	-446	-2424
-475	944	1834	-346	-170	-2564
-132	1041	2205	-124	702	-2251
-681	1361	3341	-144	912	-1101
-1226	638	4132	24	257	-118
-1251	51	4243	67	-628	-154
-1324	-394	3378	97	-1307	-589
-2109	-771	2861	180	-1306	-1166
-2291	-1531	2295	516	-289	-1819
-2669	-860	3768	746	784	-2340
-3113	35	5965	710	-163	-1219
-2503	37	6707	1318	-306	141
-1052	1664	9044	1029	1504	883
-1712	1104	8912	-31	-486	418
-1908	589	6468	-641	-1605	-34
-1407	-218	4472	-1021	-1266	-300
-663	-1158	3343	-979	-508	-365
-448	-1150	2737	-713	639	-547
-751	-850	2850	-478	1449	-558
-797	-387	2766	-428	1535	-683
-960	343	3050	-489	1372	-297
-737	799	2899	-460	711	384
-453	1027	2521	-560	215	923
-444	1094	2561	-422	-75	1549
-520	583	2639	-57	-671	2077
-643	-142	2607	339	-1284	2484
-667	-755	2326	391	-1329	2470
-537	-1096	2240	295	-1129	2203
-371	-1311	2574	26	-927	1336
-446	-1238	2571	-71	-640	723
-904	-1013	2898	-123	-151	386
-1282	-371	3326	-173	-90	460
-2368	135	3790	-216	-412	936
-2801	94	3922	-265	-6	1153
-3110	284	4873	-240	-409	1159
-2511	151	5057	-289	-410	569
-1450	-255	6913	-208	-85	168
-2051	852	8105	-188	-768	-511
-1500	232	7808	-272	-489	-339
-1168	183	6053	84	-927	-207
-1020	700	4302	418	-296	-32
-643	640	3543	481	499	243
-677	191	3116	528	931	302
-611	-146	2795	572	1291	162
-628	-246	2630	621	1576	-95
-911	-274	2691	608	1784	-454
-936	-207	2758	514	1465	-793
-678	-270	2756	358	1138	-1011
-548	-287	2855	328	825	-1235
-693	0	3081	160	-87	-1627
-658	512	2729	-288	-1396	-2107
-571	977	1956	-487	-1790	-2293
54	1068	1404	-479	-930	-1950
490	1116	2077	-274	592	-1066
-634	853	3780	-41	983	-36
-1924	730	4785	75	11	222
-3037	72	4429	222	-1052	52
-2855	-802	5013	436	265	-579
-2855	-802	5013	436	265	-579
-2496	-1384	5482	180	-236	-601
-2114	-2063	7633	442	-334	-728
-1931	118	8562	895	-588	-340
-1239	1384	6586	405	-1159	-194
-907	1517	5829	-32	-657	-270
-1306	714	4885	-636	-402	-63
-1014	-426	3874	-951	-7	-7
-1487	-42	3758	-17	12	-50
-1518	-24	3749	-8	21	-79
-1503	-14	3756	0	51	-107
-1500	50	3766	3	41	-126
-1470	82	3758	-4	9	-101
-1436	158	3701	-24	8	-39
-1446	244	3673	-34	43	90
-1395	144	3605	-54	167	179
-1408	66	3838	-68	221	166
-1436	1	3897	-58	74	210
-1434	-91	3824	-43	-33	158
-1406	-92	3752	-24	-68	125
-1321	-45	3686	-13	-76	124
-1310	47	3684	-56	-52	165
-1415	180	3662	-152	-99	178
-1423	322	3613	-272	-105	226
-1412	306	3641	-353	-110	273
-1424	121	3783	-371	-146	246
-1615	68	3918	-341	-167	254
-1758	185	3846	-213	-64	483
-1495	242	3728	-47	98	685
-1292	123	3696	84	218	691
-1181	-55	3771	133	365	624
-1169	-159	4122	185	449	563
-1251	-112	4369	240	303	376
-1229	167	4220	257	72	258
-1219	297	3904	269	25	220
-1153	338	3658	270	155	288
-1099	354	3611	267	357	348
-1104	258	3664	235	432	387
-1125	200	3724	190	369	363
-1191	178	3685	134	247	305
-1072	76	3510	78	195	165
-930	50	3519	70	116	-91
-805	76	3446	75	-50	-217
-754	12	3335	102	-223	-354
-787	-42	3045	58	-372	-584
-594	59	2749	-55	-497	-768
-359	246	2445	-69	-648	-726
-345	437	2153	-68	-721	-688
-216	541	2313	-191	-527	-646
-158	656	3172	-395	-302	-662
-511	711	4152	-466	-656	-453
-947	441	4120	-368	-1280	-218
-1244	-132	3518	-83	-1506	-220
-2231	-515	2708	201	-1475	-616
-2744	-1385	1682	433	-614	-1395
-3138	-1393	2544	718	891	-2272
-2944	86	4718	879	929	-1491
-1786	1340	5898	706	629	-215
-1995	1781	8128	165	120	206
-2925	807	8763	138	-1316	470
-1438	358	6664	-209	-1252	980
-923	-595	4338	-629	-710	906
-859	-1398	3841	-817	339	194
-873	-1092	4026	-1055	526	-713
-1041	-549	3763	-1144	174	-1014
-597	-40	3056	-919	247	-768
-342	561	2888	-785	647	-371
-285	1156	2932	-693	569	273
-297	1440	2694	-614	-81	1187
-516	754	2291	-320	-796	2529
-503	-23	1778	-157	-1289	3348
-542	-681	1628	-199	-945	3327
-432	-1269	2120	-92	-326	2948
-714	-1983	2959	92	-53	2175
-1357	-2099	3395	-34	-152	709
-1798	-1096	3092	-192	-714	48
-2280	6	2734	-388	-1115	190
-2917	894	2376	-376	-682	724
-2926	1511	3939	-264	-19	1553
-2058	-213	5715	0	-87	1097
-966	-845	7472	-81	-194	-389
-1962	41	8657	-163	-1748	-446
-1391	36	6427	-231	-1010	-396
-525	644	5645	135	-133	-250
-916	1497	4592	415	421	137
-1061	1160	4270	503	1100	636
-1355	426	4329	442	1372	837
-1516	-179	4286	432	1150	714
-1458	-618	3861	544	920	162
-1262	-735	3307	680	623	-613
-759	-806	2816	723	219	-1381
-334	-684	2397	580	95	-1908
-311	-215	2272	432	119	-2097
-486	111	2208	319	-236	-2223
-571	413	1949	134	-895	-2545
-359	791	1646	-135	-931	-2936
-11	974	1770	-7	-302	-2764
-208	1860	2510	120	428	-2023
-1085	1834	3615	65	502	-157
-1566	838	4307	32	-319	636
-2252	381	4078	100	-1249	539
-2756	-1000	3326	235	-451	142
-3253	-1165	4421	278	385	-918
-2175	-325	4544	432	-7	253
-1979	-123	5522	498	310	895
-2030	-560	7912	858	423	281
-2035	887	9126	505	86	50
-1037	1021	7377	-227	-1394	-28
-961	521	5317	-735	-1216	-77
-709	-55	3980	-1122	-694	-285
-467	-408	3282	-1160	143	-367
-534	-416	2980	-929	1047	-276
-816	-238	3029	-783	1537	-189
-1012	26	2810	-762	1385	-109
-878	151	2462	-751	1119	180
-775	266	2360	-735	956	604
-799	351	2349	-743	656	1151
-847	283	2540	-537	545	1739
-645	37	2567	-368	194	1960
-488	-262	2661	-115	-132	2116
-360	-474	2782	34	-437	2072
-396	-557	2898	44	-726	1987
-479	-899	2917	-192	-847	1747
-494	-933	3042	-237	-797	1073
-425	-747	3136	-170	-716	907
-633	-454	3201	-281	-752	659
-1422	117	3534	-284	-713	1078
-2520	506	3316	-225	-68	1862
-2876	25	4754	-257	545	1919
-2606	-530	5215	-344	-131	929
-1651	-1101	5903	-520	-316	-166
-1854	-751	7903	-474	-997	-703
-1768	693	7778	-367	-949	-715
-802	824	7103	170	-560	-406
-1037	1137	5307	728	-124	-401
-1132	1311	4678	791	494	174
-1289	664	4350	671	458	883
-1207	-97	3742	661	252	1104
-1280	-281	3741	153	353	-64
-1277	-213	3909	162	347	-3
-1241	-156	4021	192	296	69
-1203	-163	3984	184	225	108
-1141	-184	3882	151	156	140
-1078	-187	3753	113	210	159
-1128	-121	3759	78	294	180
-1215	-139	3916	53	267	213
-1158	-339	3926	-45	-98	-10
-1158	-339	3926	-45	-98	-10
-1158	-339	3926	-45	-98	-10
-1158	-339	3926	-45	-98	-10
-1209	-207	3830	-148	-225	-72
-1300	-116	3697	-234	-290	-139
-1334	-40	3594	-286	-288	-145
-1342	-64	3668	-286	-262	-59
-1434	-191	3806	-198	-263	22
-1481	-40	3754	-6	-60	201
-1416	196	3780	163	160	489
-1343	340	3949	286	163	690
-1228	270	4057	363	51	653
-1063	72	4085	333	83	415
-1073	-122	4259	327	156	266
-1205	-240	4396	365	53	46
-1261	-139	4380	513	-22	-35
-1139	91	4030	649	-20	31
-998	258	3854	720	69	129
-869	427	3615	706	-1	289
-816	366	3349	633	115	348
-871	246	3287	482	381	281
-950	123	3439	366	532	195
-903	31	3592	305	480	78
-847	39	3690	247	347	-49
-726	84	3727	199	127	-187
-698	87	3649	159	-90	-340
-669	102	3427	120	-314	-491
-640	94	3199	42	-595	-672
-398	337	2869	-72	-734	-794
-400	430	2580	-200	-702	-756
-310	387	2362	-164	-601	-675
-281	405	2515	-200	-289	-579
-375	523	3076	-301	-81	-267
-529	387	3539	-246	-280	-26
-803	358	3762	-144	-451	-124
-889	241	3803	35	-671	-161
-878	-36	3647	162	-944	-437
-1992	42	3345	346	-1228	-854
-2661	-744	2955	563	-424	-1670
-3347	-479	4392	643	370	-1579
-2732	-38	5569	767	-532	-674
-2441	-423	6490	799	-998	-259
-2150	368	8365	966	-375	-193
-1391	1052	7350	240	-1153	594
-648	747	4519	-490	-976	462
-919	-74	4162	-720	91	94
-939	-801	4286	-1078	432	-321
-991	-1012	3924	-908	342	-643
-1165	-321	3332	-612	700	-677
-1092	76	3198	-449	1145	-365
-1106	271	3228	-376	1315	-14
-1123	220	3062	-414	1008	291
-882	-31	2518	-581	618	487
-665	-179	2295	-761	774	425
-696	6	2835	-623	1039	472
-682	242	3603	-294	781	809
-511	169	4016	25	36	1252
-505	-74	3598	198	-878	1561
-339	-294	2676	44	-1467	1617
51	-280	1779	-326	-1352	1607
206	-189	1942	-552	-385	1609
149	-540	2598	-395	244	1853
-420	-1443	3617	-322	383	1171
-1052	-1367	4128	-218	5	733
-1834	-830	4199	-266	-897	775
-2667	192	3358	-362	-1251	1176
-2775	195	3954	-349	98	1654
-3662	-179	5457	-464	-523	807
-2835	-656	5781	-775	-524	-535
-2188	-934	7428	-563	-937	-1321
-1617	157	6788	-23	-1682	-1859
-716	762	5604	558	-920	-1312
-507	1399	5371	1005	-329	-651
-1075	1736	4660	892	225	-91
-1097	1261	4368	504	677	369
-994	574	3927	258	606	669
-881	18	3367	222	619	655
-744	-180	2805	373	844	286
-769	-242	2620	470	1191	-205
-676	-327	2535	591	1210	-502
-549	-424	2425	650	1058	-739
-451	-467	2442	568	899	-1035
-218	-202	2929	358	879	-1368
-454	272	3697	119	219	-1462
-876	858	3738	-133	-1163	-1327
-575	1012	2894	-546	-2218	-1346
58	1168	2008	-450	-1597	-1264
161	1430	2293	80	22	-483
-546	1630	3364	449	724	445
-1377	1259	4011	421	133	1016
-1789	448	4032	331	-508	1054
-2071	-999	3947	328	-355	321
-3063	-995	5038	269	-22	-417
-3200	-321	5352	436	-687	-358
-1934	317	4872	577	-479	112
-1785	-201	6900	598	-687	273
-1513	-656	7291	807	-1009	445
-707	98	6574	303	-746	833
-454	250	5246	-375	-516	497
-982	255	4754	-761	-131	148
-689	23	3970	-1102	-139	-196
-608	-62	3229	-1016	273	-75
-665	-351	2907	-660	944	215
-866	-504	2939	-415	1297	165
-1016	-396	2942	-370	1153	65
-954	-181	2734	-472	816	156
-797	47	2576	-599	606	357
-729	228	2580	-522	633	526
-430	191	2815	-289	675	840
-285	-164	3159	-15	353	1186
-467	-569	3038	105	-355	1456
-527	-639	2414	-59	-793	1293
-439	-395	1996	-308	-566	760
-248	-483	2100	-160	77	593
-239	-1120	3153	-9	814	203
-723	-1134	4366	7	605	-153
-1361	-789	4791	-51	-295	-181
-2247	-91	4537	-109	-939	105
-2277	12	3919	-110	-380	475
-2370	210	4245	-209	-242	323
-2239	282	4702	-474	-49	-146
-1508	-180	3658	-139	-55	76
-1508	-180	3658	-139	-55	76
-1508	-180	3658	-139	-55	76
-1542	-346	3721	-99	-2	23
-1503	-501	3726	-28	2	-118
-1489	-542	3694	16	-5	-290
-1544	-482	3629	25	-4	-423
-1572	-360	3542	17	27	-516
-1519	-293	3533	44	126	-552
-1470	-189	3599	86	257	-556
-1488	-2	3815	128	349	-394
-1501	133	4037	99	266	-234
-1418	185	4070	39	69	-95
-1333	125	4032	-34	-92	11
-1261	11	3899	-69	-96	145
-1311	-89	4022	-143	-35	140
-1274	-162	3950	-194	-96	137
-1302	-261	3892	-232	-133	81
-1289	-336	3806	-241	-192	-4
-1278	-335	3667	-209	-198	-38
-1291	-261	3598	-154	-158	-34
-1347	-232	3657	-92	-134	22
-1405	-125	3771	-62	-134	131
-1415	-164	3736	-63	-105	232
-1368	-148	3807	-76	-45	242
-1331	-199	3829	-112	-148	291
-1260	-320	3709	-98	-226	270
-1227	-398	3650	-59	-128	273
-1210	-353	3709	-60	-5	250
-1188	-234	3708	-112	38	248
-1124	-197	3635	-161	76	290
-1091	-205	3604	-188	127	287
-1057	-96	3653	-214	177	374
-1059	82	3610	-232	219	669
-1006	87	3551	-246	230	943
-961	-8	3466	-272	206	1087
-943	-207	3286	-346	245	1116
-940	-310	3060	-464	264	1056
-828	-346	2807	-552	228	1071
-800	-362	2395	-608	241	1096
-625	-314	2211	-508	307	1128
-233	-561	2520	-231	85	1165
-277	-956	2887	67	-147	1055
-559	-1168	3361	234	-425	742
-726	-777	3607	339	-589	528
-1133	-530	3449	348	-903	803
-1711	-120	2925	-19	-1373	874
-2516	611	1824	-491	-1056	1125
-2382	707	2160	-523	528	1780
-2382	-179	4121	-29	809	1589
-2446	-1346	6083	96	863	-190
-3598	-1813	11242	-264	2	-1141
-1057	636	2374	781	815	1652
-1057	636	2374	781	815	1652
-1057	636	2374	781	815	1652
-1057	636	2374	781	815	1652
-1057	636	2374	781	815	1652
-1057	636	2374	781	815	1652
-896	-263	2380	549	1383	1173
-506	-776	2738	676	307	-1768
-506	-776	2738	676	307	-1768
-506	-776	2738	676	307	-1768
-506	-776	2738	676	307	-1768
-506	-776	2738	676	307	-1768
-502	-546	2844	544	-24	-2099
-715	125	2959	138	-970	-2094
-686	707	2392	-208	-2127	-1988
-579	1087	1405	-367	-2610	-2028
-236	1203	777	-70	-1771	-1634
581	1533	1250	210	-23	-689
-302	1169	2528	-358	1581	154
-2337	841	4393	-116	488	722
-3266	85	4558	171	-862	707
-3845	-1375	4475	476	-97	-12
-4138	-1184	6074	478	-416	-532
-2708	-364	5446	571	-863	970
-1940	-259	6986	411	-686	505
-1923	138	8214	408	-466	-16
-1382	725	6965	67	-1303	42
-924	310	5040	-240	-742	66
-1274	-19	4628	-614	285	-143
-1288	-233	4557	-899	438	-254
-1197	-154	4160	-836	507	-267
-1109	-154	3769	-704	599	62
-1085	-178	3300	-628	562	150
-896	-63	2726	-582	578	190
-725	75	2234	-556	586	399
-559	18	1853	-614	693	657
-563	9	1989	-773	1094	788
-642	346	2773	-826	1312	1011
-532	394	3718	-631	891	1560
-599	74	4113	-524	-137	1881
-623	-523	3856	-38	-1531	1937
-427	-758	2904	-4	-2109	1866
-272	-699	2049	-256	-1674	1881
-101	-720	1565	-665	-1011	1447
-99	-804	1393	-681	-223	764
-390	-635	1851	-556	596	520
-1642	-119	3160	-322	977	951
-3516	401	4053	-137	-48	1900
-3770	69	4425	-219	-94	2122
-3581	-780	5680	-55	-1096	1858
-2561	-1514	6364	-196	-888	116
-1924	-1357	8150	-76	-997	-1601
-1883	495	7263	25	-1721	-2127
-779	579	6122	534	-461	-1339
-926	1287	5326	936	382	-663
-1302	1542	4972	974	1203	-216
-1341	991	4634	819	1159	179
-1196	411	3797	812	810	415
-967	46	2776	784	658	471
-1006	-250	2316	640	855	90
-954	-593	2134	462	835	-573
-619	-767	1958	296	578	-1139
-251	-801	1799	328	581	-1684
-379	-495	1922	400	563	-2294
-744	83	2019	441	-68	-2698
-673	559	1980	218	-968	-2872
-473	890	2069	76	-689	-2611
-264	1632	2619	-30	109	-2005
-598	2453	3711	191	310	-541
-1543	1980	4406	354	-497	1115
-2803	1277	4138	318	-1692	1205
-2483	-447	3037	413	-740	628
-3243	-1632	4570	199	621	-661
-3111	-255	5572	237	4	277
-2652	-471	6447	450	14	1352
-1938	-253	8243	423	-52	385
-2004	267	8728	29	-979	620
-1173	181	6245	-534	-1749	135
-1307	-69	3698	210	-47	-318
-1344	-135	3448	133	-100	-451
-1343	-263	3239	5	-73	-675
-1408	-303	3281	32	99	-800
-1537	-269	3507	130	235	-827
-1661	-192	3776	231	299	-821
-1678	-18	3970	240	152	-756
-1695	88	3888	240	-62	-613
-1621	175	3743	168	-124	-442
-1587	111	3730	78	14	-344
-1576	-31	3880	-25	181	-296
-1544	-126	4082	-128	167	-293
-1537	-78	4091	-288	-69	-242
-1389	-63	3866	-381	-197	-192
-1329	-80	3751	-374	-133	-34
-1289	-153	3722	-359	-42	47
-1307	-261	3728	-390	32	67
-1361	-363	3754	-426	56	10
-1358	-400	3710	-421	39	-57
-1324	-381	3687	-406	52	-95
-1289	-416	3676	-374	116	-88
-1289	-414	3760	-339	222	-165
-1282	-369	3862	-305	215	-193
-1275	-379	3917	-259	187	-185
-1258	-375	3872	-223	87	-144
-1185	-367	3735	-205	31	-116
-1115	-333	3703	-179	77	-123
-1059	-262	3708	-118	158	-84
-1012	-276	3798	-66	170	-43
-989	-250	3836	-60	108	2
-940	-134	3774	-70	28	112
-932	-1	3737	-36	-62	249
-833	6	3738	19	-162	399
-762	73	3584	31	-250	610
-800	30	3187	-30	-228	835
-760	75	2838	-209	-127	968
-687	120	2654	-401	-100	1167
-604	3	2496	-490	-158	1307
-437	-332	2509	-346	-256	1359
-291	-744	2701	-63	-431	1186
-274	-1239	3017	255	-585	821
-516	-1213	3326	395	-779	373
-663	-609	3269	394	-801	458
-699	-239	3197	314	-731	671
-569	241	3041	100	-762	760
-1192	519	3197	-44	-1015	1104
-2632	397	3140	-162	-1638	1126
-2469	-523	2794	-6	-330	1367
-2625	-1318	4831	179	-89	558
-2336	-1765	5666	273	86	-669
-2093	-851	7685	246	172	-1397
-2263	790	7765	353	-861	-1636
-1843	2075	6883	371	-542	-993
-1715	1896	6307	433	-179	5
-1796	1247	5290	390	-68	897
-1559	440	4791	360	303	1345
-1482	-157	4540	425	420	1219
-1416	-477	4096	533	326	860
-1242	-595	3370	648	280	497
-1020	-657	2868	658	426	-91
-913	-546	2520	612	501	-684
-745	-350	2166	613	463	-1024
-666	-313	2172	528	570	-1340
-495	-187	2540	400	613	-1613
-490	228	2812	264	328	-1653
-627	733	2862	17	-486	-1590
-679	898	2296	-230	-1488	-1361
-435	881	1490	-468	-1404	-1388
60	1006	1460	-419	-333	-1131
1	1124	2761	-277	588	-589
-614	1440	4261	-157	238	195
-970	1197	4570	-151	-484	845
-1222	390	4133	-198	-949	828
-1644	-567	3448	-42	-1139	209
-2228	-2269	2912	234	-234	-705
-3073	-1795	4372	467	902	-1685
-2609	-325	5473	697	309	-989
-1634	1026	5425	562	162	101
-1431	700	7181	180	54	-49
-1683	231	7800	89	-321	-48
-1632	204	7502	-52	-420	824
-1395	-555	5507	-373	-930	753
-1325	-697	4384	-587	-357	111
-966	-588	3987	-828	-3	-444
-853	-329	3593	-798	202	-520
-738	-101	3090	-661	533	-311
-661	38	2801	-538	856	-8
-602	100	2682	-433	952	282
-543	136	2575	-503	868	524
-538	139	2506	-603	708	843
-531	17	2745	-543	513	1155
-480	-195	3061	-270	136	1351
-501	-481	3226	96	-400	1436
-520	-675	2999	304	-945	1409
-402	-664	2520	273	-1124	1336
-168	-772	2373	69	-991	908
-265	-958	2387	42	-575	405
-565	-860	2753	97	-77	32
-859	-738	3363	91	-22	-69
-1054	-410	3700	36	-364	22
-1776	-391	3984	5	-801	342
-2399	300	3969	-168	-392	676
-2806	326	5032	-150	-264	1408
-2533	-151	4773	23	-583	530
-1234	-524	5613	-42	-43	-577
-1616	-222	7235	-116	-313	-1105
-1957	336	7256	-243	-732	-791
-1426	112	6307	97	-128	-645
-1437	572	5274	541	283	-463
-1370	900	4750	666	756	-215
-1259	876	4474	583	710	118
-1220	534	3857	492	547	526
-1076	181	3212	464	587	675
-986	-14	2890	434	882	494
-902	-102	2682	485	901	129
-812	-24	2336	530	845	-210
-730	-58	1986	573	851	-467
-501	-295	1822	586	945	-699
-332	-477	2091	415	1150	-1138
-377	-108	2652	112	891	-1706
-587	315	3223	-238	137	-2104
-832	690	3368	-429	-908	-2197
-281	667	3060	-614	-1388	-2123
272	822	3182	-359	-826	-1565
-102	1105	3936	-120	-329	-715
-788	1073	4419	40	-646	91
-1428	635	4108	55	-1090	259
-2251	-236	3460	136	-580	28
-2757	-950	3967	191	494	-703
-2712	-524	5076	319	254	-48
-1238	168	3880	44	-59	13
-1227	104	3821	16	-17	41
-1262	-11	3900	35	20	28
-1283	-109	3923	64	-38	-17
-1270	-88	3890	61	-108	-40
-1234	-33	3806	43	-114	-42
-1154	3	3726	19	-57	-54
-1162	-13	3784	19	-20	-67
-1228	-102	3850	35	-3	-143
-1387	-154	3927	68	-10	-188
-1366	-136	3858	98	-43	-225
-1398	26	3774	106	-28	-230
-1331	209	3753	108	75	-90
-1293	381	3797	74	102	63
-1236	462	3678	30	135	240
-1198	372	3619	14	261	336
-1232	187	3832	-2	423	335
-1236	93	4065	-8	405	337
-1159	68	4120	11	276	305
-1129	91	4041	51	225	236
-1158	89	3955	103	230	223
-1148	119	3700	154	310	186
-1110	193	3733	189	466	145
-1108	312	3828	223	514	270
-1097	444	3802	196	445	354
-1138	495	3825	141	404	477
-1122	458	3891	74	327	557
-1054	283	3874	-23	245	575
-996	104	3816	-86	203	518
-945	-69	3723	-122	220	348
-895	-137	3756	-139	222	147
-880	-75	3815	-174	162	-15
-883	111	3785	-220	45	-84
-911	253	3557	-278	-127	-97
-776	328	3210	-318	-260	-157
-646	355	2881	-292	-244	-180
-575	363	2646	-191	-217	-69
-484	335	2492	-111	-173	-5
-378	420	2453	-165	-61	13
-495	496	2674	-344	-89	131
-480	509	3256	-602	-320	346
-604	566	3807	-826	-679	457
-825	505	3877	-851	-1031	622
-898	378	3750	-665	-1171	702
-1083	219	3501	-438	-1186	778
-935	-91	3490	-259	-826	678
-1942	-607	3598	-82	-643	187
-2650	-809	3357	95	-421	-566
-2883	-1003	3733	386	-61	-542
-2499	-850	4399	468	69	-200
-2373	-1791	6891	503	-629	-628
-1232	-152	7979	953	462	138
-1490	457	8500	580	-377	667
-1312	626	6553	-130	-1275	54
-1227	130	5103	-828	-1154	-937
-623	-20	3648	-1236	-742	-1304
-446	-205	2977	-1107	102	-1070
-463	-189	2750	-831	865	-789
-689	-21	2781	-698	1116	-446
-865	308	2688	-584	887	89
-591	581	2476	-521	537	644
-430	617	2481	-337	466	1211
-565	233	2681	-97	-17	1679
-741	-370	2630	119	-889	1654
-516	-858	2106	189	-1313	1285
-361	-1165	1659	199	-878	951
-166	-1091	1863	186	31	561
-395	-804	2953	233	659	308
-828	-899	4210	249	163	-60
-789	-733	4345	233	-669	-324
-1054	-456	3900	172	-1054	-141
-1752	-250	3598	13	-1086	68
-2172	203	3242	-168	-223	564
-2532	141	4416	-197	204	714
-2441	578	4651	-94	-147	718
-1726	-14	5451	59	275	614
-1536	-227	6566	123	-119	-325
-1488	231	6851	43	-432	-537
-1271	230	6457	168	-93	-465
-1056	489	5407	423	142	-275
-971	676	4699	415	598	-136
-1090	795	4607	294	858	65
-1214	622	4324	319	535	444
-1093	306	3580	377	261	646
-999	8	3012	402	337	580
-906	-170	2575	412	454	291
-692	-380	2170	455	456	28
-399	-577	2295	339	588	-330
-185	-502	2799	77	374	-753
-411	-29	3202	-69	-126	-992
-839	399	3085	-173	-687	-1208
-747	775	2440	-324	-935	-1398
-151	992	2334	-262	-128	-1130
-134	1066	2996	-164	563	-390
-656	847	3679	71	480	273
-1157	552	4082	185	-120	586
-1688	301	4181	197	-674	536
-2255	-491	3722	287	-484	160
-2402	-666	4200	334	159	-201
-2584	-320	4574	523	-157	21
-2198	304	4428	533	-185	322
-1731	-627	6365	593	-334	119
-2265	-395	8095	699	-63	183
-1157	-48	7410	196	-1186	289
-617	-125	5072	-264	-1304	-10
-594	-45	4393	-539	-386	-619
-528	92	4027	-798	242	-1061
-467	82	3704	-700	817	-801
-516	-114	3436	-594	1260	-613
-772	-317	3321	-497	1491	-629
-1147	-326	3235	-390	1365	-625
-1207	-345	2968	-448	872	-614
-1054	-252	2416	-484	454	-624
-777	-9	2033	-553	521	-486
-677	423	2452	-319	758	239
-254	447	2825	-77	353	907
-244	147	3016	191	-232	1317
-154	-214	2971	286	-847	1384
-175	-275	2696	146	-1257	1308
-236	-415	2458	-87	-941	1207
-192	-814	2758	-209	-243	843
-322	-1063	3567	-237	83	525
-1081	-1113	4156	-205	-438	461
-2191	-708	4454	-191	-1149	402
-2547	49	3347	-123	-323	814
-2980	216	4568	-21	111	1157
-3128	324	4268	29	-239	622
-1887	-578	5269	-61	567	-417
-1949	-512	7627	-20	179	-1169
-1954	85	7505	183	-106	-1340
-1373	-236	3834	-68	-285	92
-1373	-236	3834	-68	-285	92
-1373	-236	3834	-68	-285	92
-1294	-239	3699	-50	-288	54
-1216	-201	3572	-34	-202	41
-1171	-176	3535	-30	-49	42
-1196	-239	3646	-40	137	27
-1236	-296	3866	-33	208	-53
-1324	-312	3972	4	111	-136
-1324	-246	3870	31	-32	-172
-1327	-122	3729	18	-46	-143
-1226	-31	3924	12	-39	9
-1226	-31	3924	12	-39	9
-1226	-31	3924	12	-39	9
-1202	-48	3790	21	-148	26
-1295	34	3590	10	-166	120
-1240	199	3309	-36	-16	264
-1221	338	3447	-34	159	499
-1221	339	3630	-63	239	658
-1272	336	3912	-140	444	819
-1455	183	4318	-131	486	873
-1404	-92	4592	-77	214	898
-1267	-408	4522	-6	-208	686
-1001	-576	4218	160	-305	341
-828	-452	4056	304	-174	67
-800	-137	4019	436	-75	28
-787	137	3892	533	33	143
-751	350	3773	536	189	265
-834	444	3765	476	327	364
-848	403	3764	386	373	425
-813	245	3631	294	392	394
-826	75	3593	223	489	310
-817	62	3588	203	575	243
-858	68	3681	122	514	147
-796	19	3709	63	291	1
-712	-14	3650	17	30	-176
-530	-54	3407	60	-149	-319
-429	-79	2977	212	-270	-454
-456	58	2514	309	-277	-527
-396	104	2171	216	-290	-610
-69	251	2215	-123	-177	-898
1	461	2562	-206	-45	-959
-325	734	3169	-263	43	-659
-777	302	3619	-280	-155	-230
-913	149	3913	-301	-524	-310
-846	222	3687	-128	-949	-253
-969	-218	3252	107	-967	-474
-1968	160	3378	285	-1175	-811
-2257	-739	2922	619	-1086	-1063
-3140	-905	3916	465	98	-2163
-3227	-611	5999	416	-246	-1380
-1805	-575	7640	1140	-77	196
-1343	839	8975	1198	324	1074
-1554	583	7759	448	-1885	811
-1425	290	4930	-179	-2401	-685
-363	-194	2905	-823	-930	-1319
-154	-469	2267	-1015	951	-939
-605	-117	2479	-832	2603	-638
-1402	349	3938	-716	3328	-213
-1587	608	5031	-680	2139	195
-1542	888	5252	-746	476	716
-821	660	4021	-614	-967	1333
-450	270	2740	-395	-1574	1725
-258	-101	1740	-205	-1868	1988
-47	-480	879	-238	-1877	2284
-29	-547	509	-431	-1216	2472
-79	-1419	633	-173	-82	2584
-140	-2196	1449	418	2148	1567
-1457	-907	3795	231	2694	-681
-1696	-177	5625	9	495	-258
-1496	-405	4779	-94	-1592	435
-2525	-70	3679	-257	-2435	569
-2320	348	2634	-326	-1154	993
-807	297	6338	-282	207	-29
-807	297	6338	-282	207	-29
-807	297	6338	-282	207	-29
-1333	525	7228	-197	-61	-192
-1973	287	7692	-22	-526	79
-1600	32	6326	188	-511	397
-1068	-7	5116	267	-177	92
-734	416	4204	353	48	-155
-806	611	3701	372	384	-181
-871	413	3391	372	592	-36
-890	91	3030	361	477	-8
-811	-126	2484	311	519	-202
-744	-441	2399	215	863	-570
-535	-697	2750	153	897	-1056
-488	-556	2840	153	443	-1625
-593	-52	2602	186	-240	-2111
-646	429	2204	86	-879	-2366
-351	728	1951	149	-743	-2381
-282	960	2249	230	118	-2079
-501	1532	3140	18	940	-1501
-924	1495	3814	194	286	-95
-1554	447	3651	377	-712	345
-2351	-137	3339	337	-1232	56
-2682	-786	2885	333	-188	-532
-2549	-366	4607	392	495	-224
-2418	1	5433	604	301	810
-2290	-1164	8229	966	-285	786
-2143	918	9658	942	523	600
-1056	736	7964	-103	-1628	919
-649	-20	5460	-536	-1619	353
-1059	-445	4554	-844	-961	-337
-674	-680	3580	-1123	-467	-661
-362	-628	2982	-828	420	-468
-391	-459	2735	-559	1253	-493
-722	-153	2847	-430	1710	-555
-978	93	2979	-408	1605	-315
-896	68	2818	-503	1082	-18
-833	78	2723	-504	813	364
-768	66	3003	-396	674	684
-622	107	3394	-195	343	891
-372	1	3497	47	-134	1112
-372	-89	3396	268	-743	1223
-324	-358	2988	296	-1376	1098
48	-481	2310	119	-1475	811
86	-351	2260	-103	-969	643
-219	-528	2430	-227	-530	675
-300	-691	2587	-156	-222	513
-525	-768	3219	-59	-131	422
-1202	-565	3974	-24	-551	616
-2583	187	3914	-88	-726	1017
-2721	236	4477	-159	305	1200
-3095	-94	5220	-248	-192	551
-2199	-500	5251	-470	91	-132
-1687	-1035	6800	-8	165	-523
-1880	257	6872	294	-494	-1202
-1090	806	6307	411	21	-773
-770	1210	5882	653	-70	-402
-1565	-125	3714	-96	52	29
-1548	-258	3616	-75	114	52
-1542	-238	3789	-56	172	-38
-1569	-210	3859	-50	91	8
-1582	-223	3738	-52	-1	-18
-1581	-212	3628	-41	1	-31
-1560	-248	3682	-12	43	-27
-1573	-259	3759	20	66	-26
-1578	-215	3815	28	34	-46
-1568	-171	3832	15	-46	-55
-1539	-154	3763	6	-117	-48
-1554	-166	3650	8	-134	-33
-1531	-227	3584	-1	-104	-20
-1511	-264	3544	1	-28	-45
-1545	-430	3530	42	-6	-138
-1579	-630	3477	116	35	-326
-1547	-660	3473	209	159	-453
-1492	-472	3613	280	291	-424
-1550	-129	3887	273	349	-377
-1577	39	4152	187	226	-363
-1464	109	4098	174	-15	-283
-1359	111	3937	188	-39	-61
-1328	132	3968	135	-21	85
-1387	40	4011	-13	-52	138
-1395	-38	3885	-177	-115	158
-1318	-119	3703	-264	-98	191
-1279	-269	3639	-266	2	194
-1198	-485	3590	-233	139	149
-1169	-515	3785	-251	230	-26
-1145	-307	3855	-272	176	-80
-1150	-80	3954	-301	5	-63
-1006	62	3836	-257	-156	98
-910	77	3750	-193	-218	304
-761	-11	3683	-127	-295	440
-711	48	3546	-121	-368	591
-692	186	3336	-167	-457	842
-686	323	2983	-232	-582	1083
-541	342	2709	-243	-732	1368
-190	-129	2542	-136	-784	1635
-257	-624	2594	3	-673	1578
-219	-827	2978	124	-696	1331
-371	-835	3463	233	-859	1130
-515	-746	3480	226	-1069	775
-589	-346	3209	16	-1224	457
-527	-324	2806	-86	-1244	623
-660	-627	2945	-48	-1032	758
-1972	-612	3349	-207	-844	823
-2679	182	3537	-331	13	1243
-3079	171	4374	-304	-30	1219
-3130	-182	4734	-506	-194	451
-1945	-1543	6289	-500	248	36
-2323	-1852	8212	183	-472	-1205
-2185	352	7162	387	-1521	-1572
-1197	447	5538	741	-488	-1231
-828	1224	4644	1271	123	-992
-831	1840	4232	1220	772	-538
-1019	1540	4110	905	810	217
-1012	467	3496	763	409	765
-733	-299	2609	658	480	548
-667	-619	2195	501	1132	-101
-819	-597	2412	368	1689	-760
-965	-388	2782	241	1687	-1303
-924	-223	3196	229	1370	-1689
-758	-99	3523	416	732	-1782
-695	34	3612	461	-51	-1829
-801	533	3394	170	-1122	-1763
-724	999	2721	-286	-2040	-1637
-121	1217	1974	-451	-1991	-1625
390	1631	1929	-312	-849	-1077
-100	1400	2608	-95	136	125
-909	1080	3608	-80	416	524
-1430	506	4333	-142	39	736
-2888	-289	4309	-97	-889	546
-3232	-1837	3326	98	-699	-158
-3451	-2222	3743	290	215	-1760
-2510	-89	4678	463	-24	-661
-1796	637	5584	598	116	923
-1498	588	7673	522	121	647
-2234	809	8244	87	-206	890
-1140	766	6205	-481	-1273	820
-987	-307	4560	-768	-620	601
-966	-775	4069	-915	-75	67
-958	-619	3536	-779	207	-341
-992	-182	3262	-552	749	-313
-1027	-91	3376	-444	964	-7
-955	84	3347	-392	785	305
-815	91	3045	-321	498	784
-736	-86	2659	-386	339	1018
-704	-4	2434	-528	427	1012
-542	278	2498	-546	478	1064
-218	520	2710	-335	236	1467
-277	68	2975	7	-436	2062
-638	-611	2796	92	-1177	2027
-439	-576	2536	-7	-1218	1677
-453	-420	2569	-34	-814	1807
-473	-727	2865	-152	-304	1485
-517	-798	3391	-242	-132	777
-1432	-807	4001	-253	-455	682
-2376	-511	3951	-291	-900	708
-1840	-167	3908	-214	324	1049
-2555	-270	4938	-5	-377	853
-2761	-202	4388	-149	-798	169
-2756	30	6802	-659	-588	-99
-2027	-623	8483	-832	380	-859
-980	-90	7908	-113	-1105	-1881
-571	1157	5494	805	-919	-1228
-589	1536	5008	1151	-505	173
-955	1208	3977	919	-728	1163
-753	491	2687	519	6	1348
-476	-46	2534	148	1222	813
-657	-228	2854	110	1779	240
-989	-190	2956	400	1531	-198
-1077	-130	2782	623	972	-420
-1100	-391	2642	621	694	-663
-712	-590	2880	275	715	-1057
-531	-457	3449	12	517	-1384
-593	153	3655	-117	-289	-1583
-742	577	3040	-220	-1316	-1779
-651	683	2088	-157	-1711	-1996
-31	668	1397	102	-737	-1973
257	914	1941	187	747	-1382
-298	831	3438	270	1179	-362
-875	639	4459	204	529	-88
-1558	546	4631	103	-473	-178
-2599	139	4026	257	-1215	-243
-2667	-847	3387	233	-355	-739
-2712	-573	4279	470	129	-711
-2116	500	4780	728	-154	94
-1818	721	6146	744	90	908
-2192	291	8735	471	353	852
-915	226	4087	-28	7	-114
-915	226	4087	-28	7	-114
-915	226	4087	-28	7	-114
-914	350	4101	-95	-106	-53
-999	403	4050	-112	-179	-13
-1042	374	3982	-59	-357	-17
-1147	177	3814	-43	-438	-162
-1279	121	3922	37	-272	-316
-1661	65	3950	171	-184	-246
-1784	-31	3900	339	-170	-246
-1784	-325	3998	408	-347	-490
-1403	339	3748	-78	220	-839
-1403	339	3748	-78	220	-839
-1403	339	3748	-78	220	-839
-1403	339	3748	-78	220	-839
-1403	339	3748	-78	220	-839
-1403	339	3748	-78	220	-839
-1536	16	4138	-189	254	-523
-1448	-180	4232	-309	49	-344
-1458	-88	4281	-503	-57	-385
-1372	0	4088	-606	-298	-353
-1249	-60	3680	-621	-328	-331
-1183	13	3316	-578	-256	-371
-1102	-110	3126	-536	30	-352
-1100	-275	3245	-476	352	-401
-1185	-262	3553	-413	552	-384
-1290	-209	3927	-427	472	-353
-1307	-70	4045	-397	161	-297
-1149	46	3934	-326	-80	-133
-1008	53	3819	-276	-200	43
-859	-17	3725	-227	-209	169
-788	0	3716	-163	-183	288
-720	-40	3573	-153	-256	379
-644	-97	3335	-189	-336	378
-502	-76	3099	-253	-311	442
-487	-137	2898	-348	-205	599
-446	-131	2799	-456	-73	609
-519	-93	2789	-583	-144	614
-338	-72	2818	-417	-307	948
-222	-483	3020	-82	-449	1218
-351	-907	3218	132	-596	1106
-473	-734	3196	140	-877	815
-453	-445	2956	116	-921	928
-595	-246	2932	30	-675	1027
-676	-216	3001	-50	-557	1058
-1437	-261	3370	-92	-792	1172
-2427	-436	3439	-155	-1194	1225
-2570	-672	4056	-144	18	1410
-2771	-1115	5644	91	-566	544
-1848	-438	5184	236	-673	-693
-1936	325	6694	224	-717	-1025
-1999	920	6850	-178	331	-1393
-906	755	7489	31	296	-830
-1707	1342	5872	424	-181	-124
-1177	1708	4946	542	179	870
-1308	754	4610	515	353	1586
-1328	-7	4114	501	471	1389
-1035	-402	3517	411	724	845
-902	-408	3016	493	853	312
-824	-344	2494	555	876	-88
-638	-328	2091	600	977	-388
-467	-513	1944	652	1004	-710
-345	-695	2042	574	1233	-1090
-344	-536	2551	451	1298	-1530
-898	-70	3086	343	676	-1840
-1122	654	2967	-110	-844	-2281
-319	846	2086	-521	-1731	-2625
373	958	1645	-402	-915	-2595
527	1947	2705	-268	406	-1499
-434	1720	4482	-95	444	309
-1379	1041	5028	-71	-678	769
-1951	174	4414	89	-1800	602
-2656	-947	2934	331	-1644	28
-2885	-1812	3487	675	583	-777
-3091	-24	5620	828	428	-389
-1991	886	5503	727	-96	1125
-1051	1004	6469	422	108	1107
-1821	-41	8204	-13	-1018	511
-1919	107	6650	-159	-1392	285
-959	-29	5374	-491	-664	492
-850	-523	4424	-687	-58	340
-1066	-608	4042	-960	469	82
-1135	-562	3858	-1073	414	-156
-890	-494	3220	-876	138	-273
-707	-185	2489	-581	308	-59
-526	82	2166	-425	629	322
-447	173	2275	-389	897	526
-452	139	2617	-405	811	574
-428	35	2920	-351	241	895
-588	-285	2781	-164	-703	1442
-382	-608	2156	13	-1122	1782
-224	-793	1898	121	-762	1811
-257	-1022	2082	196	-66	1349
-559	-1174	2988	148	394	493
-1152	-1145	3691	117	160	33
-1373	-929	3571	138	-342	-22
-1312	-547	3467	92	-664	-21
-1978	222	3298	-84	-543	322
-2836	646	3990	44	234	1065
-2643	464	5230	214	152	865
-1608	-58	6198	-66	237	-493
-1944	635	8548	-350	-822	-806
-1819	-96	7254	-675	27	-1401
-974	6	7214	104	-119	-1090
-1111	764	5509	811	-231	-590
-1046	1130	4462	939	79	-82
-980	1077	3684	781	220	468
-845	546	3091	376	665	817
-773	133	3079	136	1186	619
-805	-90	2999	169	1257	194
-989	-332	2816	347	1010	-147
-909	-456	2497	308	669	-692
-611	-330	2341	120	472	-1236
-293	-233	2529	65	599	-1355
-297	-43	3026	23	558	-1531
-701	234	3269	-69	-91	-1690
-847	526	3005	-286	-1068	-1813
-314	642	2265	-560	-1270	-2018
253	955	2362	-312	-292	-1503
-307	864	3522	-85	383	-666
-1206	1026	4448	30	46	-79
-1536	693	4608	81	-762	203
-2218	291	3817	284	-1158	95
-2428	-1094	3221	361	-338	-523
-2745	-926	3856	308	275	-1116
-2211	482	8564	661	327	-113
-2211	482	8564	661	327	-113
-2211	482	8564	661	327	-113
-2211	482	8564	661	327	-113
-1006	854	6816	-6	-1104	304
-1342	30	3916	60	110	-86
-1350	-53	3892	25	27	-123
-1352	-88	3798	8	-1	-172
-1302	-123	3696	51	27	-159
-1268	-181	3641	113	101	-204
-1327	-226	3697	176	149	-292
-1297	-94	3726	207	181	-286
-1309	45	3777	242	139	-167
-1279	118	3815	198	130	-118
-1225	244	3838	146	57	-96
-1172	222	3860	103	125	77
-1247	75	3992	41	128	160
-1308	-102	4058	-28	-9	115
-1317	-179	3988	-66	-126	36
-1293	-202	3811	-81	-157	-49
-1386	-96	3555	-118	-159	-88
-1469	56	3270	-157	14	5
-1437	115	3195	-170	298	145
-1438	215	3323	-182	591	262
-1463	278	3614	-208	727	416
-1520	274	3951	-180	717	594
-1424	79	4154	-152	493	594
-1201	-37	4140	-131	320	459
-1087	-183	4203	-12	394	308
-1078	-164	4413	138	409	88
-1210	111	4657	294	317	51
-1191	389	4516	348	-85	180
-980	590	3980	289	-248	331
-732	630	3509	209	-214	455
-634	506	3233	87	16	526
-633	355	3239	-4	279	566
-675	167	3409	-68	413	524
-723	-50	3606	-105	358	374
-739	-215	3699	-153	130	109
-672	-206	3506	-132	-136	-72
-677	-234	3081	-43	-361	-289
-387	-59	2761	3	-544	-418
-305	230	2548	-8	-638	-513
-392	510	2475	-57	-552	-500
-368	499	2528	-51	-425	-222
-480	642	2970	-244	-186	-196
-695	761	3542	-357	-240	139
-761	549	4026	-323	-421	367
-1068	430	4416	-136	-681	296
-1713	-22	4166	164	-997	4
-2472	-830	3197	489	-1205	-442
-2850	-1401	2389	560	-557	-1543
-2809	-658	2739	698	262	-1731
-1991	584	3903	571	469	-762
-1715	1191	5474	466	819	371
-2321	812	8779	410	116	514
-2523	858	9039	240	-271	1362
-1485	315	5997	-417	-1522	1584
-1182	-719	4167	-728	-628	1093
-1063	-1068	3908	-1023	-171	119
-1105	-798	3531	-1151	-352	-552
-840	-357	2810	-883	45	-623
-820	37	2626	-611	825	-363
-818	262	2847	-433	1165	130
-822	363	3087	-430	870	562
-642	254	3108	-488	393	939
-514	208	3113	-490	-103	1254
-349	-82	3078	-351	-667	1462
-406	-276	2788	-139	-1220	1449
-342	-371	2133	-24	-1267	1458
-222	-697	1762	-97	-471	1495
-361	-832	2445	-168	535	1164
-878	-881	3173	-116	453	1022
-957	-919	3499	-294	90	642
-1781	-611	3602	-326	-584	513
-2425	67	3430	-337	-803	881
-2666	695	3722	-396	148	1671
-2990	168	4659	-345	-111	1443
-2502	-739	5111	-294	-183	200
-1556	-1660	7145	-301	358	-753
-2400	-1049	8246	235	-984	-1574
-1673	122	6274	516	-1108	-1772
-907	891	5450	695	34	-1793
-1355	1874	5185	722	440	-1645
-1426	2252	4765	414	341	-1230
-1099	1702	3939	314	11	78
-1012	372	2985	294	104	671
-830	-396	2506	246	483	299
-621	-608	2326	281	925	-77
-682	-572	2263	401	1088	-497
-717	-481	2259	469	1019	-1003
-665	-416	2364	430	818	-1455
-645	-210	2663	356	648	-1775
-853	47	3114	244	96	-1937
-896	516	3048	28	-996	-2156
-570	692	2685	-141	-1199	-2301
-243	1221	2442	-104	-715	-2277
-217	1726	2824	196	5	-1432
-457	2403	3278	179	369	-255
-1486	1100	3900	216	172	1122
-2615	-107	3956	117	-551	949
-2791	-1163	3414	-37	-308	351
-2964	-1586	3896	44	-13	218
-2576	-778	4596	527	-130	-497
-1469	561	5593	823	147	267
-1754	475	7698	522	-73	376
-2280	539	8174	260	-634	423
-1146	619	6122	-378	-1008	745
-817	-74	4445	-829	-730	632
-896	-737	3371	-917	-165	46
-896	-737	3371	-917	-165	46
-782	-458	2784	-552	95	-138
-783	133	2580	-280	690	-59
-779	665	2802	-167	1042	415
-635	727	3194	-207	993	1045
-813	559	3254	-439	296	1421
-845	386	2759	-656	-632	1740
-718	-12	2259	-549	-800	2162
-627	-380	2152	-442	-430	2194
-592	-753	2239	-452	1	2325
-435	-1386	2595	-111	71	2213
-651	-1943	3169	-265	159	1191
-1189	-1912	3768	-221	-6	-97
-1789	-547	3970	-193	-594	-267
-2181	392	3211	-207	-155	-18
-2710	1404	3945	-112	290	372
-2997	1064	4303	-158	183	1336
-1988	-7	5554	-582	795	521
-1760	-69	7874	-665	363	59
-2205	-23	8333	-721	-277	-402
-1965	-375	7797	-61	-284	-235
-1317	147	6114	634	-836	71
-912	744	4344	781	-671	203
-746	1049	3348	655	-9	569
-928	819	3057	400	403	831
