-1213	41	3996	19	190	-103
-1218	101	3969	6	85	-129
-1185	141	3853	-7	35	-118
-1132	161	3814	-27	65	-86
-1097	107	3910	-18	113	-73
-1112	31	4003	19	124	-62
-1131	32	4026	36	78	-83
-1081	87	3904	31	31	-108
-1049	158	3746	14	95	-68
-1061	184	3717	12	234	-17
-1099	166	3816	4	311	-15
-1133	148	3904	-1	304	-22
-1110	100	4005	34	259	-11
-1132	67	4054	76	187	31
-1106	62	3965	62	102	44
-1116	60	3762	20	69	34
-1108	26	3589	7	180	8
-1115	-44	3490	6	330	-54
-1173	-247	3470	-3	412	-220
-1099	-429	3470	-4	557	-453
-1016	-431	3747	65	779	-542
-1105	-335	4089	121	822	-619
-1084	-278	4261	149	751	-683
-968	-87	4254	134	663	-725
-981	294	4183	44	579	-708
-905	602	3892	-49	577	-474
-916	569	3832	-178	770	-221
-924	417	3822	-271	848	-57
-970	193	3748	-283	848	86
-930	-114	3702	-259	809	125
-870	-286	3676	-242	869	69
-812	-347	3769	-247	964	-63
-814	-279	3831	-316	1000	-189
-797	-263	3900	-335	1123	-264
-848	-337	4234	-285	1368	-371
-1058	-403	4608	-309	1450	-507
-1293	-464	4725	-474	1374	-672
-1488	-440	4823	-670	1318	-832
-1592	-540	5102	-728	1053	-852
-1436	-440	5283	-669	1236	-655
-1751	-648	5783	-341	1099	-187
-1208	-336	5249	1	-18	268
-942	-27	3957	6	-633	645
-688	252	2612	-81	-969	993
-322	461	1561	-121	-1042	1025
-136	645	1051	-36	-1268	1030
-874	989	740	443	-1742	1656
-2462	-70	504	996	-1793	2793
-2860	-1233	86	618	-151	754
-1522	-615	2783	-101	2758	-818
-704	1666	7362	-465	4003	-525
-3478	1196	10929	432	3251	1046
-4779	188	12791	834	348	1745
-2316	-739	9164	769	-1643	708
-1334	247	6230	833	-1393	780
-805	1350	4899	1202	69	1593
-510	1663	5204	1207	943	2006
-494	763	4978	801	544	1940
-719	-501	3670	265	-663	1338
-633	-940	1868	-373	-2359	864
-327	-1464	296	-762	-4097	195
-259	-915	-132	-686	-5161	-867
-600	-574	-418	-1362	-5400	-1448
-1157	-293	-689	-1410	-4123	-1588
-4302	1224	-1653	-75	-1190	-596
-2110	224	-2756	162	3303	521
-802	-865	3632	997	7819	-715
-3081	28	8710	498	8015	-1119
-6587	553	13319	-156	4872	-1435
-4801	1308	13173	-711	-529	-1764
-2427	524	7919	-925	-3144	-1445
-782	-229	4597	-1030	-1866	-1846
-587	-834	4427	-1172	3	-2131
-825	-1109	4859	-798	315	-2405
-767	-385	3909	-521	-292	-2262
-472	545	2991	49	-304	-1483
-517	643	2289	585	-1014	-761
-875	1113	1240	769	-2606	-762
-1025	1179	165	542	-4221	466
-813	887	-273	759	-4763	2025
-934	667	-374	99	-4374	2824
-2229	613	-464	-772	-3902	3065
-6794	-710	-1593	-44	-3152	2734
201	-995	-1054	54	3573	3041
1844	-938	5324	-71	6644	-781
-5368	3443	10905	-92	7541	-500
-5658	188	15566	527	2135	3656
-3287	-350	10966	394	-2931	1741
-1296	-654	5598	570	-2639	1470
-707	792	4523	377	-406	1095
-336	1411	4246	675	92	1696
-37	1058	3450	495	72	1716
118	234	2625	76	201	1599
-137	-788	1743	-436	-420	1587
-604	-901	929	-868	-2376	1379
-1346	-1490	-214	-769	-3243	744
-2517	-996	17	-445	-3153	-319
-2515	-707	-38	-596	-4616	-1455
-3637	-723	-699	-613	-4634	-2351
-3018	637	-2529	-18	-569	-2364
732	908	2514	942	6256	-1614
728	524	8210	887	7888	-591
-5615	509	12462	31	5506	-2083
-4895	2087	12412	-665	1613	-2232
-2325	931	9794	-632	-896	-523
-1567	83	6258	-914	-1561	-708
-1325	-308	4568	-1160	-586	-1246
-853	-659	4154	-793	-300	-1145
40	-520	3483	-288	-195	-946
28	-245	2813	446	-513	-949
-321	-149	1604	715	-1694	-845
-859	392	703	957	-3056	-180
-1195	572	-154	643	-3901	665
-2530	184	32	929	-4686	1598
-2834	262	-427	652	-5975	2299
-4217	-144	-850	318	-5239	2395
-2963	-277	-2592	-541	-638	852
3790	1123	2251	-269	6411	665
2098	2332	7146	-1045	7514	-2274
-6535	1502	12231	201	6724	3284
-3961	-2378	14833	651	1477	2281
-1633	-1836	8515	1049	-2581	1800
-681	-854	4748	1481	-1402	728
-658	1150	4362	1439	257	775
-547	1632	4785	1028	664	1080
-394	1007	3939	401	-50	610
-337	679	2728	-117	-559	666
-664	-130	1599	-398	-2064	1058
-1020	-776	401	-636	-3510	546
-1494	-1133	-269	-727	-3729	-307
-685	188	4297	-315	-456	-496
-605	267	4003	-308	-536	-429
-606	365	3794	-261	-407	-308
-637	538	3746	-179	-179	-59
-548	402	4029	57	-20	202
-574	-56	4399	352	-37	107
-1988	550	4578	689	-139	-232
-1988	550	4578	689	-139	-232
-1988	550	4578	689	-139	-232
-2083	1198	3943	853	29	486
-2071	740	3443	858	-51	743
-2057	-54	2972	699	-115	352
-2280	-555	2817	394	394	-185
-2063	-78	3386	45	926	-428
-1899	561	4063	-188	1017	-263
-1812	1077	4333	-373	899	90
-1736	1123	4469	-516	595	635
-1653	572	4250	-731	246	741
-1323	39	3706	-930	-52	551
-1066	-327	2962	-975	-88	411
-960	-453	2506	-912	207	248
-910	-342	2394	-710	755	198
-1017	-243	2714	-512	1237	182
-1152	-326	3296	-405	1546	165
-1397	-481	3963	-398	1417	-3
-1504	-589	4318	-392	974	-261
-1355	-448	4347	-306	498	-322
-1072	-366	4067	-204	99	-425
-807	-219	3671	-130	-14	-523
-584	-277	3368	-72	128	-623
-520	-324	3261	2	502	-740
-708	-431	3467	48	958	-778
-1054	-460	3806	29	1146	-805
-1360	-218	4143	-56	1126	-744
-1576	-63	4548	-135	927	-540
-1638	-51	4982	-162	707	-318
-1509	83	5438	-137	559	60
-1220	-67	5643	-87	320	602
-834	-441	5451	-108	-113	797
-637	-761	4772	-227	-410	551
-889	-866	3794	-329	-656	78
-1020	-852	2377	-306	-468	-112
-1116	-665	1376	-230	233	-298
-1345	-77	1167	-77	688	-315
-1714	245	1396	82	567	-184
-2093	394	1985	345	232	113
-2100	129	2566	437	172	22
-2472	186	3526	79	181	-192
-2291	27	4354	-219	509	20
-1793	-146	5503	65	1333	-13
-2491	-27	7119	751	1675	418
-3187	66	8475	1082	819	696
-2375	271	8063	999	-90	250
-1767	737	6610	859	-221	169
-1615	1130	5760	861	417	706
-1381	1422	5612	923	734	1383
-996	1326	5440	801	545	1961
-784	490	4670	647	-7	2204
-477	-333	3269	189	-647	1740
-543	-626	1827	-336	-1455	1293
-835	-761	549	-693	-2322	1000
-865	-1069	-143	-652	-2755	453
-792	-453	-144	-588	-2797	-224
-1133	-503	-56	-849	-3734	-557
-3085	-115	-355	-706	-4373	-798
-2546	944	-2022	77	-1780	-439
-767	1019	84	494	4047	104
-436	-969	5876	548	6338	-196
-4717	-470	11075	4	5788	-1318
-6493	715	13794	-368	1557	-1556
-3793	1157	10866	-689	-2125	-873
-1326	927	5825	-1090	-2205	-1100
-734	-455	4416	-1263	374	-1107
-1175	-1299	5556	-1212	1418	-1616
-790	-911	4798	-663	410	-1399
-319	-447	3525	-182	-314	-1254
-271	-616	2214	276	-1113	-1530
-485	-179	842	737	-2436	-1582
-611	448	-73	1183	-3519	-837
-1034	754	-284	1591	-3461	388
-1689	676	-143	549	-3924	1402
-2427	746	-208	-21	-5604	1863
-4327	836	-1187	105	-4779	1567
-977	-634	-2987	193	929	689
2255	-392	3443	-653	6078	653
-847	2077	6344	-569	8748	-2623
-6569	1614	12565	455	6370	3662
-4713	-1451	14994	508	1241	1857
-2647	-1263	9203	737	-2336	1144
-1144	-162	5890	554	-1368	166
-779	1143	5205	669	-635	508
-510	1414	4050	868	-791	988
362	810	2600	578	-539	1131
287	190	1611	91	-373	1396
-222	-330	933	-595	-1050	1570
-648	-549	163	-1254	-2559	1470
-1418	-669	-50	-1103	-2947	799
-1981	-788	-107	-862	-3672	-143
-2396	-876	-310	-628	-4027	-1359
-4295	3	-885	-424	-3479	-2371
-3037	736	-2385	1018	2349	-1286
2085	-913	4911	1343	6524	585
-1753	-1252	10180	93	8215	-789
-6685	835	13946	-278	3135	-3252
-4239	2325	10331	-718	-734	-1768
-1408	1326	7169	-770	-1124	-519
-1218	36	5332	-801	-332	-114
-1372	-1109	4627	-973	873	-753
-1620	-1241	4858	-828	804	-1207
-562	-621	4099	-394	132	-1005
111	-339	3170	83	-618	-1191
-302	-122	2073	577	-1601	-1711
-602	341	787	1031	-2661	-1333
-833	1046	-46	1530	-3056	80
-1370	532	-87	777	-3502	1313
-2253	523	-74	247	-4977	1946
-3030	241	-645	-66	-5037	2214
-6720	-535	-1585	32	-2111	1316
1491	-181	-237	-34	5020	1047
3313	145	5718	-645	6986	-2129
-6734	3261	11755	-617	8653	461
-5688	-1249	14573	645	2781	3062
-3254	-318	10678	532	-2288	1089
-1216	-904	5681	810	-2151	1138
-331	457	4301	658	-116	450
-444	1047	4551	477	788	687
-339	841	3777	343	316	847
-153	373	2945	112	21	1088
-270	164	2279	-221	-520	1579
-518	-303	1202	-732	-2050	1693
-1124	475	3829	305	889	7
-1153	449	3823	313	789	22
-1126	579	3714	299	770	32
-986	866	3676	291	887	191
-918	1107	3692	298	1083	484
-1034	1153	3921	255	1241	851
-1233	854	4231	178	1165	991
-1280	178	4364	178	1036	858
-1014	-383	4569	190	816	285
-908	-416	4765	229	299	-235
-1359	-213	4628	138	-786	-543
-2244	616	3631	-41	-1540	-669
-1906	1614	2529	85	-32	-90
-1317	1111	3697	-151	969	-265
-1636	535	4167	-252	735	-309
-2049	254	4441	-333	545	-208
-2204	-12	4636	-393	-49	-88
-2155	-33	4482	-454	-476	-10
-1725	-17	4049	-571	-485	175
-1321	-237	3408	-679	-41	40
-1351	-489	3289	-820	466	-407
-1583	-488	3626	-839	560	-868
-1601	-82	3701	-794	257	-1097
-1466	236	3464	-693	-139	-924
-1231	450	3018	-571	-326	-553
-1075	293	2740	-512	-113	-271
-1028	-5	2724	-463	275	-60
-1162	-275	3304	-368	460	-1
-1321	-501	3910	-290	108	-143
-1316	-415	3819	-253	-413	-267
-1156	-201	3431	-230	-501	-144
-1007	-39	3397	-175	-158	46
-945	-55	3781	-72	152	175
-1085	-142	4412	-15	178	169
-1283	-315	4841	5	217	140
-1163	-384	5461	-6	510	141
-1046	-323	6069	-115	520	125
-952	-126	5917	-262	283	107
-942	-134	5178	-364	89	158
-832	-251	4191	-373	-41	165
-946	-500	2993	-415	-51	178
-1881	-245	1717	-385	-420	237
-2034	-241	245	-368	-36	662
-1185	-801	172	113	1678	577
-1402	-791	1870	583	2052	107
-2285	-306	3510	970	1491	-752
-3029	189	4872	614	414	-1278
-2505	227	4998	244	-60	-900
-1824	539	5086	470	368	9
-2187	328	5750	886	725	450
-2677	199	6807	835	527	-3
-2461	183	7184	681	152	-218
-2030	590	7149	653	236	186
-1728	1043	6469	725	333	721
-1428	1350	5742	734	494	1237
-985	1310	5256	633	372	1758
-655	490	4430	513	-222	1959
-429	-60	2966	211	-740	1589
-693	-348	1661	-186	-1515	1300
-627	-841	346	-278	-2595	1043
-392	-757	-179	-334	-2901	224
-409	-462	-240	-756	-2863	-555
-1421	-797	-103	-781	-3074	-1208
-4697	-435	-683	-369	-4040	-1955
-1299	1289	-1789	232	547	-1369
-49	2100	3473	1062	4422	1135
-1803	-1185	8194	739	4628	468
-5760	617	10335	-403	2925	-1735
-5284	575	10721	-656	375	-789
-2700	807	8586	-1033	-1122	-705
-1759	534	6248	-1381	-599	-833
-1808	-696	5568	-1430	666	-1049
-1629	-1329	5965	-1370	696	-1750
-1038	-843	5121	-982	-137	-1657
-432	-282	3690	-457	-655	-1264
-16	191	2077	182	-1495	-1249
-275	231	912	1074	-2193	-664
-448	699	4	1665	-2845	291
-1284	1183	-147	1111	-2979	1324
-1494	442	-220	-48	-3393	2023
-1460	-36	-167	-254	-4666	1950
-1649	130	-535	-678	-4802	1498
-5073	205	-1522	-290	-2318	734
-160	721	-1269	32	3824	1424
2302	-308	5266	-302	6461	570
-5493	3095	11540	-206	9128	309
-5886	-1160	15721	560	3587	3375
-3822	-1341	12813	500	-1232	994
-2026	-858	7402	838	-2102	626
-971	656	5215	1024	-1328	623
-307	1332	4121	1252	-1000	973
581	1091	2558	709	-429	748
505	496	1725	-148	477	682
-287	117	1167	-669	214	751
-677	-300	595	-946	-1343	913
-1257	-506	117	-787	-2603	686
-1924	-513	-58	-899	-3689	16
-2047	-766	-293	-637	-4094	-774
-2469	-619	-463	-256	-3825	-1428
-4883	712	-1272	-118	-2039	-1783
-716	-509	-434	1072	3904	-778
1697	-1696	6296	947	6692	-519
-3780	-568	12403	-94	6662	-2779
-5495	2572	12825	-319	2176	-3630
-2878	3425	9719	-866	-188	-1192
-1774	2018	7034	-1322	-469	-173
-1794	-390	5391	-1465	18	-66
-1296	-2139	4938	-1409	664	-662
-429	-1867	4132	-817	454	-991
-236	-806	3062	-111	-87	-1355
-356	-322	1946	414	-1427	-1692
-524	250	755	895	-3312	-1492
-837	707	-254	1167	-4410	-800
-2031	668	-132	328	-4311	-15
-3013	868	-423	298	-5765	885
-2807	940	-635	153	-5179	1691
-4950	743	-1690	40	-2592	1874
1416	300	-521	-246	5259	1578
4053	-299	5776	-872	6471	-386
-6102	2874	9621	-412	9936	399
-6054	-1034	14430	1024	4598	4228
-4239	-1172	13078	560	-502	1536
-1854	-1598	6987	780	-1734	729
-727	734	5480	520	-341	8
-369	1403	4172	623	-591	731
-103	1245	2730	620	-588	1464
191	787	1957	290	-582	1916
-7	91	1390	-320	-1415	2358
-397	-359	604	-945	-2744	2232
-1108	-614	-65	-957	-3943	1369
-932	354	4099	217	-110	-175
-912	429	3984	155	-256	-176
-876	429	3865	111	-352	-199
-923	405	3810	9	-435	-295
-1104	416	3785	-92	-433	-307
-1561	410	4079	-104	-383	-307
-2081	656	4247	26	-158	-146
-2244	973	4619	297	-34	258
-1879	437	4238	517	-163	441
-1669	-219	3866	432	-462	-21
-1669	-854	3397	237	-601	-586
-1879	-1082	2922	104	-490	-1134
-1947	-444	2836	111	-64	-1362
-1809	261	3243	221	337	-1152
-1679	776	3907	262	552	-754
-1587	760	4539	152	479	-256
-1685	163	4877	-121	139	-210
-1635	-303	4440	-414	-388	-498
-1505	-393	3835	-582	-662	-845
-1204	-233	3168	-590	-713	-906
-927	19	2612	-422	-452	-816
-711	28	2264	-178	123	-574
-843	-71	2407	20	921	-429
-1120	-210	3070	140	1538	-434
-1443	-262	3892	177	1616	-566
-1650	-99	4412	97	1155	-588
-1498	99	4315	-26	567	-486
-1168	102	3959	-81	224	-398
-897	-80	3683	-51	121	-383
-787	-206	3536	26	226	-408
-756	-196	3611	97	438	-422
-740	-255	3752	81	514	-518
-797	-147	3996	47	554	-681
-820	-22	4171	29	547	-585
-747	-156	4227	-28	560	-480
-910	-185	4078	-187	613	-404
-1083	-329	3987	-336	743	-251
-1323	-355	3922	-533	1096	-225
-1663	-386	4527	-588	1295	-163
-1955	-298	5275	-448	1421	-31
-1847	46	5797	-342	1169	321
-1558	-180	5526	-346	309	714
-1244	-581	4293	-487	-420	703
-1073	-298	2792	-708	-729	626
-862	-35	1469	-805	-1118	657
-758	139	661	-390	-1058	883
-945	-72	427	355	-604	902
-1584	-596	854	843	-46	55
-2564	-541	1492	806	1342	-884
-2176	214	4356	349	2914	-691
-1453	868	7874	270	2524	3
-2555	1005	9470	814	1145	430
-2942	1086	9701	826	-159	1100
-1413	-210	7915	417	-703	998
-967	-41	6057	511	67	1050
-848	775	5668	767	1101	1498
-658	1534	5842	803	1492	1849
-805	693	5287	752	990	2043
-1152	-385	3963	367	194	1967
-1125	-553	2200	-400	-1178	1912
-924	-351	571	-643	-2924	1518
-569	-181	-131	-734	-3739	1082
-623	-226	-222	-936	-4175	618
-2313	-576	-432	-1277	-4795	-352
-3476	-817	-1571	40	-3134	-1740
-959	-317	-2022	738	3112	-1048
-1879	-7	2128	1462	6585	572
-1763	-311	6983	1548	6304	-1102
-5238	1798	10887	269	3432	-1753
-4392	1254	11643	-355	769	-1111
-2130	715	10467	-1117	-984	-1375
-1182	515	6691	-1698	-1452	-1894
-1507	180	4962	-1746	-367	-1655
-1429	-740	5214	-1485	523	-1821
-1119	-684	5571	-858	171	-1577
-1103	-542	4210	-190	-1209	-1285
-1001	-211	2246	550	-2240	-1518
-693	335	725	829	-3704	-1008
-351	398	-207	912	-4900	311
-692	212	-484	1150	-5179	1213
-2119	483	-232	293	-5229	1495
-4075	95	-1026	-505	-6103	1265
-2811	-19	-3035	-819	-1650	15
715	1299	-1651	139	5642	2325
1118	-870	4062	-182	10169	-860
-6355	1976	9183	491	11303	592
-8377	-896	20443	1355	8348	2130
-5513	-489	16039	1025	-2850	1488
-2142	170	6374	1230	-5063	1233
369	1377	2977	1343	-3337	1409
572	1349	1764	1117	-1824	1340
875	1025	854	374	-383	1237
78	70	634	-876	479	1480
-502	-287	470	-1503	-1186	1523
-861	-459	144	-1640	-3333	1587
-1975	-826	-215	-1201	-4465	1212
-3186	-1124	-568	-848	-4607	-65
-3302	-513	-831	-34	-3174	-1382
-4754	914	-1870	784	-553	-1467
-209	-685	-25	1397	5941	-281
330	-1433	6868	1816	7940	-66
-4663	-482	13574	1163	6469	-3079
-6030	3718	13891	-282	822	-3898
-2484	3020	8421	-1568	-1218	-1766
-1425	1643	6162	-1864	-358	-1166
-1670	-662	5734	-1840	-96	-1440
-1936	-1810	5331	-1671	-301	-2064
-1558	-1617	4106	-931	-1372	-2005
-712	-808	2609	-61	-2563	-2028
-642	441	536	308	-3789	-1008
-786	805	-298	1409	-4189	878
-783	497	-450	1836	-4228	2042
-2091	831	-141	586	-4936	2115
-1983	626	-580	-180	-6096	1352
-4760	151	-1545	156	-4184	223
-2747	24	-3939	325	3229	469
4241	-870	3854	-112	9452	1698
-3607	2020	8606	305	11798	-2199
-6283	736	17277	1593	8387	3309
-5421	239	18308	650	-2051	1123
-2124	-154	5838	1001	-5176	1299
-150	934	2043	941	-2717	639
1170	916	1235	409	-235	674
73	301	1332	-179	1072	460
-141	112	1224	-476	265	549
-1237	-338	968	-873	-1733	1083
-1829	-585	140	-757	-3955	1378
-2400	-547	-236	-776	-4885	1037
-2436	-1184	-570	-608	-4670	142
-3334	-801	-515	-419	-4096	-1304
-1749	-572	3967	84	186	-374
-1657	9	3862	326	243	-466
-1489	628	3720	577	89	-208
-1310	818	3267	763	-152	98
-1214	589	2833	782	-201	321
-1057	370	2461	616	31	291
-1048	305	2517	405	545	161
-1154	284	3017	278	973	119
-1303	310	3763	266	1085	78
-1388	521	4343	301	699	151
-1383	611	4402	344	235	280
-1276	582	4118	396	-172	363
-1106	445	3787	395	-259	350
-1100	274	3777	398	-112	256
-1232	258	4064	432	-1	212
-1207	417	4475	455	0	206
-1041	584	4735	439	-67	77
-927	675	4715	346	-172	-45
-642	716	4364	372	-180	-191
-324	801	3879	481	88	-187
-742	780	3730	474	270	-183
-1637	875	3377	482	271	57
-1894	822	2724	575	543	280
-1778	594	2329	615	860	88
-1661	492	2210	605	851	215
-1833	-61	2590	355	715	329
-2495	-555	3118	-91	501	-272
-2382	-4	3403	-232	489	-420
-2042	800	3950	-348	544	-544
-1886	1144	4071	-348	433	-603
-1966	1253	4517	-433	828	-427
-2247	850	5126	-525	664	86
-2234	317	5248	-701	445	207
-2112	-194	5421	-866	334	109
-1706	-451	5389	-928	403	-106
-1534	-497	5201	-933	746	-361
-1657	-344	5279	-853	1299	-519
-1820	-386	5600	-694	1381	-726
-1436	-309	5534	-534	927	-925
-986	-12	5268	-305	431	-878
-802	-125	4534	-105	-373	-662
-1180	-128	3356	10	-1603	-939
-1316	498	1630	17	-2844	-891
-610	666	167	226	-3170	-107
-236	393	-264	544	-3113	547
-668	579	-351	791	-3133	990
-4255	124	-665	-565	-3136	1141
-3798	-930	-1494	-981	-534	-91
529	-937	652	-780	2936	-431
-1357	1163	4037	-331	4629	-1692
-3332	2364	8709	460	3874	252
-4431	673	10565	1143	1762	1821
-3626	-728	10122	941	-112	657
-2322	-1000	8553	1036	-628	128
-2041	416	6947	1329	-476	45
-1486	1985	6366	1273	-77	246
-967	2411	5579	1034	-207	753
-332	1755	4224	739	-627	1475
68	590	2790	222	-478	1593
-428	-157	1697	-283	-793	1597
-674	-360	702	-733	-1404	1531
-722	-221	188	-921	-2482	1383
-708	-220	-82	-1043	-3846	1083
-1053	-410	-289	-1013	-4344	561
-1881	-801	-442	-852	-4639	-194
-4656	-1731	-1789	-698	-3750	-1123
-2732	8	-3110	973	4325	-2064
1529	751	3576	1291	9273	-1461
-3338	925	9832	1032	9349	-259
-8273	1642	16784	-547	3352	-2971
-4589	3396	10542	-1254	-2793	-1554
-1751	2286	5813	-1390	-2723	-325
-886	320	3693	-1192	-1177	628
-886	-1355	3267	-1030	1028	-13
-986	-1710	4289	-732	1859	-506
-859	-1145	4525	-356	1260	-1097
-918	-636	3813	-252	-265	-1662
-827	7	2142	107	-1808	-2123
-790	755	540	590	-3465	-1644
-750	517	-221	1060	-3816	-419
-1532	789	-63	700	-4320	542
-2307	760	-401	-89	-5673	1250
-5144	607	-1487	110	-4617	1741
-5566	-425	-2201	-1079	1457	496
3508	88	3488	-994	5852	624
551	1718	5865	-286	9046	-1422
-8969	3545	14455	445	6681	2472
-5339	-372	13594	291	-990	2531
-2645	-1322	7677	724	-3013	2329
-936	-691	4587	948	-1092	1072
-606	1125	4511	795	833	346
-947	1915	4836	420	1162	404
-789	1425	4393	294	718	1324
-319	437	3617	-31	-52	1706
-838	-141	2182	-572	-1422	2043
-636	-325	563	-996	-3032	2018
-458	-222	-49	-1160	-3792	1581
-903	-358	-170	-1186	-4381	825
-2087	-688	-319	-1408	-5214	-528
-3981	-942	-1017	-1064	-4724	-3051
-6219	1068	-2225	769	-1251	-4347
1526	1197	-773	1078	7043	651
468	-1607	6496	2252	8565	2200
-4532	280	12040	545	7929	-2008
-7503	3242	15308	-694	1359	-2676
-3370	2442	8520	-878	-2866	-522
-932	1338	4504	-1141	-2112	-156
-688	-171	3433	-1102	202	58
-1034	-1644	4405	-1036	1695	-940
-1103	-1586	4647	-777	1128	-1774
-1083	-805	4411	-403	278	-1797
-600	-36	2626	-18	-1922	-1807
-578	608	932	749	-2849	-1092
-756	668	34	1244	-3495	-89
-1051	563	-251	1213	-4188	791
-1996	554	-388	508	-4717	1326
-3482	626	-837	271	-4559	1571
-6712	-44	-2338	-503	-1463	757
927	523	-483	-972	6609	-599
4348	751	6434	-1622	7620	-721
-7087	3632	11054	39	8208	344
-7907	-429	17278	456	1903	2977
-2894	-561	8432	522	-4106	1830
-605	-1734	3468	1000	-2620	1503
-318	-319	2654	1136	235	498
-406	960	3658	865	1985	463
-853	1083	4509	333	1795	418
-778	1009	4214	103	881	697
-837	622	3100	-60	-1016	1621
-782	-129	1303	-256	-3255	1892
-1350	901	4395	249	375	130
-1466	935	4677	237	187	418
-1364	726	4689	182	-275	504
-1189	296	4395	142	-601	310
-1279	-64	3960	52	-792	-43
-1420	-330	3315	41	-625	-506
-1456	-238	2917	97	-146	-925
-1613	197	2905	258	310	-844
-1672	597	3142	370	477	-535
-1731	895	3524	360	451	-172
-1773	1003	4006	215	264	141
-1679	791	4338	-83	57	225
-1557	354	4470	-431	-140	240
-1557	88	4362	-661	-282	183
-1415	-92	4088	-770	-404	75
-1202	-138	3679	-816	-446	-68
-969	-155	3158	-743	-359	-182
-883	-144	2890	-615	86	-236
-948	-96	2893	-436	505	-218
-1057	-6	3138	-236	818	-136
-1284	-6	3542	-85	949	-54
-1401	-35	3833	-9	813	-69
-1401	23	3929	-9	589	-76
-1282	132	3841	-50	457	-58
-1078	153	3810	-101	455	-34
-921	70	3912	-147	454	-55
-864	-20	3963	-135	341	-175
-780	-184	3772	-75	186	-338
-729	-298	3502	2	228	-504
-729	-381	3374	55	493	-604
-769	-378	3560	95	847	-699
-893	-451	4056	161	1068	-840
-1147	-507	4520	150	948	-1077
-1364	-370	4511	20	566	-1214
-1390	3	4144	-145	361	-1102
-1425	299	3732	-262	515	-821
-1392	147	3909	-291	770	-517
-1422	-228	4542	-182	1182	-314
-1408	-317	5468	-27	1476	-189
-1403	-319	6180	92	1006	171
-1177	-473	5777	18	136	246
-946	-202	4544	-220	-382	77
-657	53	3292	-484	-397	-35
-615	324	2403	-628	-414	-51
-395	593	1373	-720	-762	-42
-873	655	686	-331	-844	578
-2260	429	130	485	-855	1772
-2066	-711	-257	736	770	1665
-440	-1320	1956	669	2496	687
-2811	-155	5583	432	2021	-1283
-2373	750	6972	194	1160	-1160
-2709	821	8107	639	647	-124
-2953	117	7743	1073	-357	577
-1712	-358	6967	956	-640	155
-1261	144	6504	822	151	-114
-1737	887	6559	1048	747	166
-1641	1730	6539	1133	760	833
-1081	1830	6346	869	408	1578
-677	1037	5246	685	-328	2114
-413	-18	3633	343	-723	1834
-377	-360	2234	-194	-1008	1485
-843	-838	864	-547	-1875	1547
-559	-559	10	-576	-3033	1296
-428	-326	-256	-891	-3136	832
-1130	-396	-292	-1037	-3311	341
-3298	-1419	-740	-739	-3948	-504
-2622	-666	-2192	784	-434	-1965
-849	1086	-521	1218	5683	-1339
-1656	478	5353	1328	7370	1124
-3618	294	9769	659	6003	-1980
-6748	2399	12753	-448	2674	-1383
-4240	1788	10978	-1120	-1570	-900
-2086	756	7026	-1516	-2723	-664
-761	-610	4197	-1532	-1266	-811
-770	-1613	3961	-1341	897	-1286
-1411	-1976	4864	-862	1520	-1719
-1201	-804	4052	-254	839	-1742
-631	-361	3364	231	-351	-1753
-787	92	2299	555	-1506	-2307
-1107	942	965	1164	-3305	-2028
-554	969	-150	1926	-4537	102
-610	735	-301	985	-5084	1546
-1159	960	-495	-643	-5066	1710
-4127	275	-625	-1193	-3822	1023
-5355	736	-1778	471	-1674	-385
2931	1448	1163	60	4405	2036
-203	517	5927	-174	9160	-361
-6649	2262	11640	66	7408	2552
-6186	-802	17111	284	2566	1679
-3504	-676	10915	540	-3220	1474
-1314	513	5684	785	-3230	1248
-2	1550	3605	858	-1636	1310
285	1317	2611	499	-434	1448
392	382	1499	-32	277	1543
-105	-548	1168	-857	1025	1629
-955	-727	807	-1123	-121	1349
-1244	-620	262	-1041	-2037	911
-1469	-543	2	-665	-3345	364
-1471	-699	-273	-681	-3827	-474
-1727	-631	-331	-513	-3332	-1339
-4218	-871	-1084	-455	-1847	-2400
-1135	-294	-410	1158	5288	-2963
563	-633	7908	1734	7754	-1408
-5690	2181	12707	112	5579	-2941
-6135	3806	13169	-1020	335	-2652
-2988	3368	8371	-1509	-2890	-758
-1010	1110	4942	-1515	-2652	429
-360	-932	3126	-1413	-631	526
-480	-2078	2985	-1318	1472	112
-553	-2032	3262	-796	1890	-682
-573	-1183	3036	-66	1303	-1806
-870	-358	2257	228	-484	-2366
-1138	416	1054	951	-2745	-1399
-958	703	-218	1584	-3722	120
-1471	695	-211	1207	-3893	1288
-2044	865	-407	131	-4749	1757
-4374	888	-836	348	-4111	1470
-7250	797	-2038	52	397	-176
4611	2017	4856	-1415	6532	900
-586	2563	8474	-772	8487	-46
-8133	2443	14053	504	4341	4545
-4687	-862	12724	306	-2695	2833
-1416	-2150	6199	914	-3409	2481
-605	-740	3888	1150	-858	1061
-325	707	3763	964	942	978
-364	1331	4007	655	1309	837
290	1288	3760	613	1035	1207
-627	691	3234	-266	245	1702
-1160	209	1700	-817	-2368	2472
-753	-181	211	-809	-4237	2461
-1530	187	3620	31	6	-567
-1596	220	3550	52	134	-570
-1612	257	3546	91	280	-564
-1566	462	3678	83	394	-492
-1522	670	3894	36	316	-296
-1549	703	4080	-10	86	-70
-1542	497	4111	-72	-130	105
-1421	255	4034	-145	-162	230
-1388	135	3996	-232	-114	302
-1380	47	3847	-321	-24	257
-1384	44	3789	-370	64	131
-1421	179	3713	-389	58	89
-1314	330	3559	-397	101	156
-1237	363	3457	-386	214	253
-1233	339	3464	-340	342	376
-1351	186	3605	-318	456	475
-1329	248	3790	-288	478	537
-1419	200	3893	-262	340	653
-1378	98	3834	-259	233	667
-1306	52	3797	-265	218	625
-1279	59	3761	-268	240	633
-1251	66	3810	-247	255	662
-1167	45	3847	-219	217	624
-1121	-62	3889	-197	171	524
-1097	-87	3845	-210	139	445
-1065	-42	3736	-204	221	439
-955	-127	3757	-178	374	375
-1002	-107	3838	-168	385	328
-1056	-104	3785	-154	374	306
-1088	-131	3706	-126	373	250
-1089	-141	3632	-81	400	263
-1105	-241	3646	-14	431	266
-1187	-307	3553	64	514	163
-1190	-404	3524	108	724	-7
-1270	-446	3580	89	946	-215
-1399	-400	3632	31	1087	-468
-1514	-67	3669	-36	1069	-537
-1564	210	3702	-84	989	-388
-1653	312	3902	-58	954	-33
-1809	13	4311	-36	926	189
-2056	14	4208	-55	552	229
-2200	334	3332	34	182	481
-2189	550	2470	176	44	769
-1608	118	1651	271	186	608
-994	-7	1564	298	765	211
-998	-74	2677	509	833	-148
-1675	-172	3630	500	-94	-1289
-2033	-201	3539	467	-452	-1996
-1658	276	3621	684	1006	-1694
-1437	981	5114	1059	2479	-614
-2206	1344	7093	1157	2601	115
-2539	824	8569	768	1839	-158
-2728	657	8581	611	1054	-127
-2510	860	7341	1007	462	879
-1862	1252	6318	1339	417	1811
-1120	1434	6007	1221	500	2183
-863	685	5484	728	18	1777
-890	220	4001	26	-664	845
-724	-88	2189	-591	-920	529
-638	-656	926	-679	-990	664
-324	-472	360	-825	-1800	493
-558	-549	58	-780	-2668	212
-700	-379	-118	-642	-3294	-252
-4660	-578	-188	-426	-4299	-926
-5621	646	-2054	1218	-2270	-2021
987	1758	-2096	1126	3421	-998
996	1698	2052	912	7669	779
-2370	-3	7030	336	10303	-235
-7906	2115	16719	-699	7962	-1712
-4534	2646	15297	-1508	-350	-694
-1556	1489	7813	-2535	-4061	-1632
-198	41	3610	-3440	-3056	-1640
-1740	-1930	2960	-3172	359	-982
-3085	-2382	4498	-1275	1435	-873
-2312	-419	4523	592	-576	-1501
-1628	1577	2481	1475	-3099	-435
-231	791	616	1483	-4405	1528
-72	102	-77	816	-4434	2454
-501	-32	-273	107	-5073	2592
-4428	-1019	-27	-1065	-6139	1278
-9519	-975	-2503	-450	-3445	-4001
1771	2745	-2396	164	1968	-849
5132	1279	496	1192	11081	646
-8100	3223	9588	1840	15209	291
-10900	4	25677	600	4717	868
-5427	-842	12343	738	-5952	1610
-1726	461	3558	521	-6722	901
521	1160	1243	168	-4323	823
683	1604	435	-553	-2043	402
388	1427	434	-1105	-62	381
-1488	1573	577	-1882	-409	1291
-1821	864	351	-1266	-2209	2831
-1214	495	56	-1166	-3703	3398
-100	-335	-227	-1652	-4307	2688
605	-1017	-457	-1832	-4280	969
-9542	-3491	-1750	-1332	198	-2576
-127	1154	-2464	2141	5808	-5158
989	4047	6212	3560	10139	1656
-7725	3185	18276	423	6247	-435
-6911	2647	14940	-2162	-2052	-2413
-3247	439	6895	-2836	-6491	-861
-423	-847	1121	-2873	-6401	-1272
1740	-2584	546	-1113	766	-907
-1638	-2088	4746	809	3635	-2010
-1722	-702	5015	1517	526	-2225
-1876	374	2624	739	-3215	-1491
-1503	797	278	761	-5647	455
-1647	855	-435	383	-6487	1991
-2922	1014	-507	-607	-7427	2093
-3443	1138	-899	-1119	-7752	1268
-3290	1156	-1017	-1502	-6645	231
-2839	1257	-3255	154	-3964	372
3675	711	-4269	-65	5551	3887
3583	-4253	3148	19	14653	-581
-8166	2464	11196	2750	15902	-950
-3636	1377	20853	3521	11009	2787
-5475	1124	18268	1569	-3238	1339
-2477	668	6650	1176	-7264	1983
325	1000	2187	347	-5506	1844
-148	1238	611	-76	-3949	903
-477	633	6	-1221	-3417	369
-1243	153	9	-1789	-3775	359
-2595	-306	-14	-1861	-5809	186
-5285	-1890	-1298	-1620	-6956	294
-7860	78	-2206	911	-3818	657
-33	939	-3832	2345	2267	1599
1575	-810	1756	2571	11535	105
-1792	-1780	7454	2292	10065	-2592
-6036	2725	12040	259	7729	-3655
-3565	3832	13964	-1303	3314	-1295
3142	1786	2135	-1370	7734	1390
3142	1786	2135	-1370	7734	1390
3142	1786	2135	-1370	7734	1390
3142	1786	2135	-1370	7734	1390
3142	1786	2135	-1370	7734	1390
3142	1786	2135	-1370	7734	1390
3142	1786	2135	-1370	7734	1390
3142	1786	2135	-1370	7734	1390
3142	1786	2135	-1370	7734	1390
3142	1786	2135	-1370	7734	1390
3142	1786	2135	-1370	7734	1390
3142	1786	2135	-1370	7734	1390
3142	1786	2135	-1370	7734	1390
3142	1786	2135	-1370	7734	1390
3142	1786	2135	-1370	7734	1390
3142	1786	2135	-1370	7734	1390
3142	1786	2135	-1370	7734	1390
3142	1786	2135	-1370	7734	1390
3142	1786	2135	-1370	7734	1390
3142	1786	2135	-1370	7734	1390
3142	1786	2135	-1370	7734	1390
3142	1786	2135	-1370	7734	1390
3142	1786	2135	-1370	7734	1390
3142	1786	2135	-1370	7734	1390
3142	1786	2135	-1370	7734	1390
3142	1786	2135	-1370	7734	1390
3142	1786	2135	-1370	7734	1390
3142	1786	2135	-1370	7734	1390
3142	1786	2135	-1370	7734	1390
3142	1786	2135	-1370	7734	1390
3142	1786	2135	-1370	7734	1390
3142	1786	2135	-1370	7734	1390
3142	1786	2135	-1370	7734	1390
3142	1786	2135	-1370	7734	1390
3142	1786	2135	-1370	7734	1390
3142	1786	2135	-1370	7734	1390
3142	1786	2135	-1370	7734	1390
3142	1786	2135	-1370	7734	1390
3142	1786	2135	-1370	7734	1390
3142	1786	2135	-1370	7734	1390
3142	1786	2135	-1370	7734	1390
3142	1786	2135	-1370	7734	1390
3142	1786	2135	-1370	7734	1390
3142	1786	2135	-1370	7734	1390
3142	1786	2135	-1370	7734	1390
3142	1786	2135	-1370	7734	1390
3142	1786	2135	-1370	7734	1390
3142	1786	2135	-1370	7734	1390
3142	1786	2135	-1370	7734	1390
3142	1786	2135	-1370	7734	1390
3142	1786	2135	-1370	7734	1390
3142	1786	2135	-1370	7734	1390
3142	1786	2135	-1370	7734	1390
3142	1786	2135	-1370	7734	1390
3142	1786	2135	-1370	7734	1390
3142	1786	2135	-1370	7734	1390
3142	1786	2135	-1370	7734	1390
3142	1786	2135	-1370	7734	1390
3142	1786	2135	-1370	7734	1390
3142	1786	2135	-1370	7734	1390
3142	1786	2135	-1370	7734	1390
3142	1786	2135	-1370	7734	1390
3142	1786	2135	-1370	7734	1390
3142	1786	2135	-1370	7734	1390
3142	1786	2135	-1370	7734	1390
3142	1786	2135	-1370	7734	1390
3142	1786	2135	-1370	7734	1390
3142	1786	2135	-1370	7734	1390
3142	1786	2135	-1370	7734	1390
3142	1786	2135	-1370	7734	1390
3142	1786	2135	-1370	7734	1390
3142	1786	2135	-1370	7734	1390
3142	1786	2135	-1370	7734	1390
3142	1786	2135	-1370	7734	1390
3142	1786	2135	-1370	7734	1390
3142	1786	2135	-1370	7734	1390
3142	1786	2135	-1370	7734	1390
3142	1786	2135	-1370	7734	1390
3142	1786	2135	-1370	7734	1390
3142	1786	2135	-1370	7734	1390
3142	1786	2135	-1370	7734	1390
3142	1786	2135	-1370	7734	1390
3142	1786	2135	-1370	7734	1390
3142	1786	2135	-1370	7734	1390
3142	1786	2135	-1370	7734	1390
3142	1786	2135	-1370	7734	1390
3142	1786	2135	-1370	7734	1390
3142	1786	2135	-1370	7734	1390
3142	1786	2135	-1370	7734	1390
3142	1786	2135	-1370	7734	1390
3142	1786	2135	-1370	7734	1390
3142	1786	2135	-1370	7734	1390
3142	1786	2135	-1370	7734	1390
3142	1786	2135	-1370	7734	1390
3142	1786	2135	-1370	7734	1390
3142	1786	2135	-1370	7734	1390
3142	1786	2135	-1370	7734	1390
3142	1786	2135	-1370	7734	1390
3142	1786	2135	-1370	7734	1390
3142	1786	2135	-1370	7734	1390
3142	1786	2135	-1370	7734	1390
2730	994	6988	-865	8727	-1231
-9700	4983	11905	129	6549	1454
-5591	-590	15556	391	1098	4108
-3028	-1426	8594	531	-3853	2504
-1139	-1712	4253	870	-2175	953
-385	128	3806	784	281	269
-374	1136	4383	455	1201	-14
-192	1304	4158	431	876	618
-322	959	3472	257	75	1272
-731	466	2386	-268	-791	2205
-571	-427	965	-598	-2780	2558
-498	-302	41	-982	-3682	1804
-1031	-324	-80	-1381	-4314	746
-2592	-607	-346	-1588	-5245	-1018
-6436	8	-1729	-668	-3557	-4812
-2425	300	-2197	1163	990	-3934
2864	336	2984	1026	6949	4323
-2242	-3211	9666	1466	6689	-1469
-5065	2870	11892	402	3554	-2475
-4987	3597	10517	-402	334	-1737
-2299	2427	7977	-860	-1297	-178
-1172	267	5577	-923	-933	46
-999	-1228	4596	-1050	584	-622
-1820	-1549	4886	-1089	1272	-1577
-1378	-981	4144	-746	678	-1622
-625	-290	2972	-252	-140	-1340
-159	108	1948	226	-1236	-1295
-635	708	950	927	-2286	-612
-862	589	-109	1651	-3631	929
-1447	147	3806	-74	357	-175
-1451	164	3918	-63	306	-204
-1480	244	4002	-81	105	-152
-1397	259	3954	-109	-71	40
-1334	153	3798	-114	-28	114
-1318	184	3866	-47	173	198
-1454	187	4197	17	274	385
-1448	156	4377	-22	51	557
-1380	132	4221	-129	-261	682
-1511	241	3912	-254	-460	727
-1900	515	3607	-317	-570	1082
-1921	25	3117	-370	-120	850
-2195	-87	3282	-519	379	385
-2283	129	3291	-669	532	125
-2293	761	3402	-707	523	376
-2274	858	3605	-481	148	851
-2219	481	3576	-246	-88	712
-2087	117	3784	10	81	457
-1965	-196	4170	88	14	183
-1861	-230	4158	142	-140	-177
-1917	286	4063	219	-145	-319
-1622	780	3865	326	-288	-119
-1356	1059	3510	400	-534	228
-1241	933	2957	400	-619	558
-1098	524	2487	367	-366	704
-999	88	2377	296	159	566
-1040	53	2668	235	780	264
-1376	222	3407	236	1090	78
-1565	585	4100	232	868	42
-1492	788	4323	233	382	214
-1207	788	4134	185	-21	380
-949	779	3819	84	-203	382
-946	730	3585	63	-149	453
-978	495	3528	111	143	422
-1138	409	3695	177	507	301
-1242	299	3940	283	624	253
-1302	374	4224	336	549	270
-1193	371	4365	300	440	190
-1122	696	4369	224	369	-29
-1133	1056	4360	198	317	90
-1125	1016	4102	146	92	60
-1602	1301	3455	180	11	213
-1689	946	2628	453	534	621
-1207	262	2325	492	1086	359
-1312	140	2120	280	1012	165
-1656	-97	2264	-13	627	90
-2125	47	2301	-447	36	-503
-2301	1271	2240	-435	471	-390
-2044	1735	3370	39	1284	798
-2127	758	5050	269	1457	1276
-2537	-81	6120	48	1451	419
-3399	-404	7112	-455	1198	-752
-3765	256	7369	-775	154	-1336
-2694	560	6604	-710	-474	-1031
-1762	486	5223	-671	-198	-1365
-1658	315	4763	-685	948	-1566
-1781	283	5227	-504	1381	-1300
-1345	238	5221	-510	990	-1030
-811	159	4718	-415	569	-982
-490	25	3763	-167	-359	-839
-387	127	2283	-115	-1746	-753
-419	294	630	-56	-2452	3
-445	310	-65	175	-2633	867
-654	319	-192	46	-3151	1393
-719	120	-302	-633	-3716	1359
-2065	193	-353	-1055	-4655	744
-5245	198	-1806	-101	-2906	-737
-377	649	-1325	-244	2159	-506
1624	-535	4254	62	5639	915
-4647	3216	8766	812	7698	-387
-7017	2191	13368	1061	4498	2821
-5820	556	13934	453	-743	659
-2936	-931	7684	699	-3135	672
-1344	292	5255	1065	-1712	489
-623	1485	4853	1128	-300	667
-675	1522	4530	824	87	1005
-135	964	3266	743	-64	1374
-177	341	2585	383	3	1626
-655	-213	1499	-367	-1069	1868
-709	-435	364	-734	-2482	1734
-554	-315	-96	-802	-3552	1309
-823	-287	-230	-851	-4175	756
-1124	-491	-350	-948	-4426	-3
-2884	-792	-731	-901	-4327	-1069
-5559	1378	-2597	1249	-310	-2540
1311	1093	-241	1297	6726	-75
-1741	-2147	7302	1658	8944	-120
-7342	-325	13532	476	5776	-3369
-7321	2657	13663	84	-592	-3287
-3147	2749	7670	-174	-3291	-1949
-931	1965	4454	-517	-2127	-1383
-1201	167	3422	-728	263	-1051
-1514	-1096	4137	-939	1754	-1971
-1459	-792	4929	-689	1314	-2326
-876	-395	4815	-253	63	-2141
-474	182	2992	123	-2087	-2167
-658	623	994	915	-3422	-1235
-552	631	-215	1977	-4152	414
-1017	873	-396	1390	-4281	1444
-1857	864	-277	-91	-5118	1541
-2561	740	-632	-886	-6060	975
-5170	1659	-2076	69	-4433	-145
-1373	1000	-3185	-170	3089	566
3638	-757	3712	-1313	8202	2799
-2847	1068	7619	-271	10850	-2188
-8155	2274	14331	543	5875	3383
-5755	332	14842	8	-614	1385
-2364	-702	6417	526	-3349	1838
-870	-131	3798	799	-1172	810
-603	775	4003	845	862	609
-735	881	4779	577	1009	417
-570	617	4352	271	274	518
-602	408	2912	-263	-875	973
-730	129	1468	-648	-2305	1540
-707	-16	162	-843	-3327	1204
-999	-54	-47	-1036	-3953	490
-1385	-211	-161	-1449	-5131	-464
-2492	-54	-673	-1274	-5467	-1748
-5926	928	-1932	96	-2895	-3127
-681	-362	-2562	823	2980	-460
2227	-1866	4415	1253	8036	2264
-2848	-1082	10366	813	8182	-3215
-7543	2776	14609	495	3421	-2539
-4647	3915	9837	-455	-1526	-1536
-1095	2640	5822	-1079	-1790	-777
-837	696	4263	-1405	60	-192
-1481	-1468	4800	-1399	1885	-955
-1695	-1682	4791	-1223	1270	-1591
-813	-981	3891	-537	1173	-1421
-797	-357	3117	-53	-194	-1596
-1611	418	3571	-89	454	-106
-1636	504	3666	-134	489	-77
-1673	485	3709	-176	418	-23
-1655	387	3608	-203	339	25
-1526	181	3399	-211	440	-2
-1466	153	3363	-208	542	-69
-1418	247	3364	-230	623	-64
-1362	261	3449	-203	673	-14
-1439	217	3604	-147	685	1
-1528	130	3724	-110	629	34
-1541	163	3731	-116	650	78
-1430	251	3883	-129	711	151
-1408	296	4017	-178	617	166
-1317	205	3937	-249	373	203
-1204	112	3694	-317	229	200
-1131	113	3497	-319	227	219
-995	60	3391	-277	352	298
-973	18	3487	-234	614	287
-981	-101	3750	-175	731	228
-1029	-338	4003	-65	737	111
-1208	-440	4150	28	698	-103
-1453	-373	4059	60	687	-252
-1642	-386	3986	-43	802	-417
-2084	-184	3958	-219	862	-479
-2403	10	4361	-375	1011	-470
-2597	-11	5023	-420	983	-603
-2693	6	4800	-208	534	-297
-2483	-40	3741	154	234	298
-1902	248	2793	389	338	722
-1515	401	2268	402	217	489
-1608	500	2305	389	223	220
-1926	436	2957	474	26	188
-2154	404	3301	238	-332	-234
-2156	762	3364	-42	-76	-360
-2192	1062	3798	111	632	-10
-2494	986	4540	473	739	724
-2572	789	5419	727	387	1324
-2281	215	5972	755	63	907
-2170	414	6137	776	118	299
-2130	692	5828	889	258	298
-1983	1242	5091	1043	397	592
-1447	1504	5037	1053	750	963
-1103	866	5062	466	-187	875
-1103	866	5062	466	-187	875
-949	616	3466	-70	-1477	922
-602	102	1769	-577	-2071	976
-211	-432	533	-773	-2405	882
3	-352	-45	-647	-2702	388
-43	-201	-148	-371	-3216	-157
-1850	690	-429	-591	-2436	-617
-6604	132	-1641	416	-1795	-1331
-1228	579	-1425	668	2257	-439
-1172	1406	1245	976	5145	2558
-912	-897	6131	938	6855	712
-5981	1671	12055	-470	5376	-2065
-5747	2828	13241	-1166	453	-1017
-2326	2524	9385	-2071	-2244	-1056
-1066	1421	5340	-2630	-1777	-1261
-1044	-788	4159	-2550	629	-1299
-1951	-2102	5475	-1565	2099	-1829
-2403	-2317	5223	-739	1726	-1970
-2462	-375	4353	176	270	-1895
-2071	239	2920	1202	-1921	-1341
-834	219	781	1282	-4342	-144
-322	142	-314	1063	-4539	1032
-122	186	-312	957	-4543	1585
-185	290	-348	856	-4886	1360
-2847	963	-318	-217	-5468	72
-8940	1574	-3119	122	-2280	-3083
994	2533	-1231	-485	3979	2033
1936	786	2401	270	9470	3586
-7515	1229	9867	406	11263	271
-10465	482	22388	746	3734	1731
-5465	-428	11867	956	-4958	2086
-1628	776	4498	792	-4742	1352
148	1847	2528	787	-2648	1431
357	1601	1950	528	-962	1308
186	1001	1751	168	-128	1130
28	400	1630	-864	-489	1686
-365	-43	463	-1247	-2364	2420
-539	31	-100	-1353	-3552	2707
-1385	-184	-44	-1417	-4700	2562
-2466	-688	-645	-1688	-6271	1409
-1984	-1051	-989	-1568	-4422	-911
-3675	-1399	-1128	-745	-2410	-2338
-6011	739	-2419	1850	2899	-2168
2237	1224	2056	2592	8542	56
-3270	25	7374	2685	9848	-1087
-9354	2603	16114	451	6111	-5149
-5834	4102	12199	-356	-1067	-2371
-2248	2450	6298	-1115	-1822	-1800
-1535	1060	4987	-1516	615	-1362
-2007	55	6046	-1586	1433	-1933
-2296	-754	6542	-1613	75	-2768
-1786	-568	5685	-1097	-2144	-2854
-624	-159	2917	-446	-5059	-2504
-361	235	221	333	-5721	-701
-565	102	-550	635	-5432	1028
-638	4	-583	1345	-4352	1816
-3035	1011	-6	1351	-4387	1599
-3651	997	-872	-283	-7007	847
-5138	991	-1857	-163	-5196	-502
-4170	303	-1952	-513	-82	-597
5547	1102	1231	-733	6618	2412
814	520	2612	-298	12411	-761
-9350	2312	8149	1013	13054	1852
-9520	404	22283	1972	10980	2589
-6574	-240	15406	1310	-2992	1811
-2331	825	6631	867	-5358	312
478	1669	3032	1015	-4106	1079
1337	1196	1650	841	-2128	1516
669	683	953	786	-1200	2022
91	391	440	-202	-1395	2264
-457	131	155	-1445	-2650	2258
-979	-171	-36	-1743	-4150	1796
-2786	-681	-346	-1972	-5400	357
-3499	-1678	-952	-2102	-4088	-2497
-2629	-1108	-784	-1229	-3104	-3843
-5259	-594	-2264	686	546	-2305
-1704	1400	-1337	2786	7424	998
1719	1361	5906	3451	9851	-169
-8050	1175	12501	180	9807	-2559
-7181	3980	16288	-1082	3516	-3856
-4643	4293	10131	-1540	-2627	-673
-2136	1666	5750	-1790	-2542	843
-546	-658	4303	-1732	-999	294
-858	-1990	4161	-1658	-150	-546
-644	-1728	3183	-1285	-832	-1424
-505	-922	2166	-885	-2586	-2197
-70	-9	999	532	-3575	-1552
-1109	-111	5297	-49	-135	49
-1560	375	5044	-340	-657	-28
-1767	-121	4294	-521	-744	363
-2037	-836	3264	-702	-571	45
-1573	-623	2414	-821	410	-171
-1470	-385	2761	-429	903	-99
-2092	177	3460	122	971	-213
-2251	146	4402	420	655	-181
-1980	-460	4935	461	-45	-242
-1672	-969	4768	457	-570	-523
-1551	-805	4472	488	-750	-820
-1506	-93	4106	660	-907	-882
-1242	611	3452	849	-942	-558
-1002	806	2915	966	-627	-251
-1077	816	2590	836	-292	-57
-918	336	2189	701	258	55
-1047	53	2375	581	958	43
-1314	-72	3045	393	1253	-45
-1446	-198	3735	327	1181	-222
-1497	72	4188	349	824	-340
-1445	268	4299	359	246	-303
-1238	304	4008	313	-168	-273
-1053	367	3668	202	-227	-292
-923	385	3515	63	14	-262
-987	443	3726	-46	310	-192
-1040	455	3910	-52	406	-86
-972	292	3862	23	415	39
-845	114	3804	101	675	61
-962	74	4145	187	1020	83
-1097	20	4568	274	1004	47
-1011	8	4903	313	761	-55
-868	-84	5254	316	422	-205
-935	-88	5213	351	14	-322
-1133	-137	4903	418	-265	-548
-1228	143	4051	535	-96	-706
-1352	297	3350	526	33	-615
-1732	516	2498	530	-37	-401
-2013	604	1910	655	123	152
-2039	459	1830	465	907	295
-2295	542	2931	196	1854	333
-2100	739	4179	-83	1899	458
-1906	907	4885	-399	1426	804
-1676	169	5050	-602	876	726
-1487	-194	4965	-820	137	169
-1363	-686	4292	-982	-729	-248
-1121	-1074	3085	-1122	-1044	-863
-916	-707	2215	-1215	-372	-1177
-768	-183	2191	-992	1031	-629
-1221	80	3568	-617	2262	-294
-1793	-259	5426	-434	2333	-382
-2309	-305	6718	-456	1832	-688
-2015	-55	7397	-451	788	-412
-1637	-25	6517	-490	-716	-148
-1244	-353	4489	-597	-1741	-274
-622	-420	2879	-501	-2148	-389
-167	-210	1509	-399	-2258	-108
48	-83	655	-160	-2160	263
51	-42	112	89	-1777	393
-1088	-502	-184	105	-1217	126
-4399	-591	-619	643	-1160	-809
-3662	-313	-962	-476	835	-1332
443	-493	3819	22	3173	-652
-3168	780	7356	252	597	-2171
-2495	2730	7218	616	266	372
-3102	1191	8158	966	414	2223
-2761	-944	7830	746	-309	1247
-1711	-1841	7117	819	194	452
-1754	-853	6421	1062	636	224
-1656	1156	6503	1183	897	99
-1206	2169	6210	883	875	435
-709	1672	5532	570	190	1168
-359	714	3870	337	-685	1688
-230	138	2308	-31	-1150	1731
-536	-326	1011	-563	-1945	2001
-439	-357	-114	-1026	-2971	1933
-871	-355	-267	-1137	-2940	1444
-1983	-748	-260	-1149	-3328	800
-4361	-1790	-706	-401	-4387	-233
-3852	-120	-1772	981	-1556	-787
1203	-284	-988	844	5414	-655
-1233	-489	5180	1343	6872	323
-4405	-2113	11737	898	5109	-1553
-6373	345	10771	118	721	-3479
-3653	1960	8782	-320	-1073	-2210
-1549	2706	6521	-720	-1224	-1258
-1462	1012	4940	-1053	217	-668
-1656	-616	5679	-1144	1328	-575
-1313	-1161	5717	-1023	638	-643
-627	-821	4798	-826	-106	-702
-244	-346	3118	-513	-1012	-672
-185	-290	1378	-358	-2190	-868
-344	-281	259	235	-2671	-619
-398	108	-175	717	-2866	-445
-491	213	-262	1269	-2806	-117
-1172	278	-107	1133	-3553	360
-2374	81	-475	165	-4572	916
-6430	-29	-2095	97	-1855	1514
-307	-382	-1619	-493	6546	826
3559	-272	6017	-1549	6779	-494
-4795	2238	11681	-289	8510	-978
-8711	1031	15573	558	778	3087
-3551	-1108	9703	352	-4129	1551
-1104	-1438	4586	654	-4002	1334
-24	-849	2505	825	-1049	495
-90	599	3137	699	1852	167
-884	1175	4870	430	2423	339
-1290	910	5914	334	1281	902
-842	669	5169	-99	-227	1054
-846	530	3323	-535	-2114	1342
-916	35	1147	-782	-3880	1444
-795	-224	-146	-834	-4505	1044
-1414	-480	-251	-1072	-4570	353
-3157	-133	-520	-950	-5310	-865
-4893	148	-1447	-378	-3957	-2265
102	6	-3110	942	1244	-1001
718	-1313	2182	1750	7602	1883
-843	-2283	8800	1581	7604	-365
-4788	293	12847	340	4709	-2864
-5227	2926	11764	-605	-373	-2282
-1819	2590	7265	-1113	-1799	-670
-882	1190	4765	-1485	-961	87
-1013	-821	3887	-1621	551	-56
-1203	-1497	4506	-1504	1565	-490
-992	-1375	4457	-910	1242	-656
-432	-1041	3788	-317	470	-738
-418	-705	2676	112	-924	-906
-564	40	1035	549	-2472	-1149
-810	477	-8	1316	-3342	-598
-1180	716	-188	1346	-3928	404
-2107	684	-342	890	-4847	1428
-1837	185	4326	-431	-303	-87
-1837	185	4326	-431	-303	-87
-1837	185	4326	-431	-303	-87
-1742	-113	3906	-555	-553	-254
-1579	-261	3387	-505	-546	-340
-1458	-352	3077	-384	-335	-388
-1340	-324	2962	-271	-32	-471
-1333	-181	3029	-188	286	-461
-1374	-46	3271	-176	602	-378
-1547	166	3711	-236	632	-326
-1666	273	3965	-296	405	-179
-1263	-105	3540	-363	-196	386
-1263	-105	3540	-363	-196	386
-1263	-105	3540	-363	-196	386
-1263	-105	3540	-363	-196	386
-1177	-239	3659	-315	-92	478
-1110	-464	3944	-268	-75	441
-1121	-611	4146	-267	-211	314
-1173	-630	4244	-235	-353	199
-1143	-727	4216	-192	-482	52
-1100	-643	4099	-118	-441	-43
-1045	-494	4187	-16	-217	64
-1250	-282	4388	26	-252	201
-1606	-115	4255	-45	-438	296
-1520	-238	3946	-253	-154	315
-1295	-403	3992	-486	94	37
-1578	223	3747	-553	-139	41
-1826	764	2975	-474	-372	525
-1926	772	2407	-323	-129	1109
-2018	115	2654	-99	469	1396
-1909	-545	3291	76	962	1011
-1773	-1055	4374	134	975	293
-1848	-852	5136	193	295	-536
-1944	-28	5098	318	-577	-710
-1573	638	4312	484	-971	-291
-1126	833	3521	639	-1019	234
-713	660	2668	670	-794	546
-562	258	2119	591	-56	622
-750	-29	2238	437	750	499
-944	-121	2657	328	1272	263
-1146	19	3348	326	1561	114
-1255	244	4031	308	1386	190
-1255	530	4585	257	879	380
-1186	767	4576	211	189	534
-1089	638	4098	175	-230	533
-990	213	3494	152	-168	279
-1081	24	3329	185	140	98
-1057	-108	3661	166	605	86
-988	-80	4470	67	1130	-9
-922	377	5719	142	1035	77
-843	936	6458	345	217	536
-727	870	5957	391	-893	759
-688	545	4416	212	-1543	440
-1061	310	2738	126	-1173	242
-1163	-81	1509	43	-230	-17
-1329	-228	964	-18	392	-141
-1456	-121	852	-199	925	-100
-1712	-160	1649	-461	1663	-254
-2453	179	3466	-380	2079	-48
-3005	342	5363	209	1344	394
-2858	119	5931	491	287	511
-2363	-681	6213	169	-81	-258
-2408	-800	6665	-283	175	-1201
-2513	-274	7079	-479	-101	-1335
-1863	289	6669	-572	-391	-1144
-1487	724	5646	-943	-218	-1409
-1318	518	4767	-1213	542	-1472
-1013	-141	4761	-1189	1227	-1390
-775	-341	4798	-1066	1071	-1138
-633	102	4089	-841	410	-670
-697	575	2849	-371	-445	-123
-588	660	1439	-29	-1511	308
-389	663	438	307	-2229	908
-293	423	-40	355	-2540	1587
-521	-64	-221	37	-2853	1706
-2861	-952	-56	67	-3075	1229
-5791	-1732	-1386	-595	-2750	-297
889	-1485	-1086	-615	3621	-566
669	781	5852	-456	3781	-965
-3159	3154	10619	-221	2715	-405
-5342	1197	9752	465	-595	2582
-3144	-1262	8082	319	-1432	1990
-1202	-1741	6239	297	-1244	142
-1036	-813	5156	635	50	9
-1422	687	5085	1005	948	215
-1102	1654	5013	1241	808	1171
-841	1018	4478	991	355	1668
-439	379	3483	542	-25	1362
-598	-39	2493	36	-583	1166
-975	-491	1205	-517	-2135	1011
-789	-822	-86	-767	-2972	442
-944	-415	-143	-624	-2625	-404
-2405	-713	-177	-760	-3496	-998
-3697	-437	-1153	-290	-2948	-1907
28	228	-1868	161	2976	-1590
-1342	-974	5591	1561	5588	162
-2196	-743	10275	1250	4437	-1984
-5968	1817	11555	139	1884	-2273
-4344	2288	10084	-651	-1004	-1002
-1923	1242	6689	-940	-2180	-295
-754	-295	4510	-1084	-1071	-409
-708	-1142	4136	-1135	537	-596
-383	-879	3908	-936	816	-766
63	-356	3431	-368	632	-747
188	-270	2235	178	-270	-849
-438	-2	1034	590	-1257	-665
-614	382	150	950	-2391	238
-841	380	-192	990	-2621	990
-1845	-84	-57	510	-3453	1340
-3152	-609	-524	37	-4313	1268
-5387	-169	-1825	-58	-1510	426
1568	-232	1390	-492	5097	-309
2496	1522	7503	-829	4954	-1575
-3934	3445	10311	75	3495	870
-5933	487	11505	277	214	3608
-2302	-1601	8040	330	-1684	1986
-941	-2188	5479	502	-1166	604
-869	-642	4370	921	616	413
-856	958	4541	1083	1612	306
-651	1565	4695	853	1719	633
-165	941	4218	519	932	1102
-857	465	3317	-60	-158	1373
-1065	19	1577	-358	-2178	1663
-695	-338	11	-531	-3637	1337
-1056	-487	-320	-888	-3462	536
-2293	-839	-127	-1112	-3866	-598
-4827	-822	-843	-1126	-4501	-2363
-3603	240	-2370	415	-496	-2695
1238	-585	3449	1294	6999	1221
-682	-3229	9908	1932	5908	-558
-505	271	4092	254	310	-201
-602	247	4172	258	102	-251
-696	435	4105	260	-89	-258
-1025	693	4066	261	-191	-73
-1095	1020	3814	375	105	282
-1169	1221	3857	577	631	687
-1175	1149	4004	719	550	1129
-1184	803	4305	681	233	1391
-1508	322	4711	477	-306	1220
-1984	-67	4420	141	-527	690
-1961	-78	3895	-179	-254	58
-1819	124	3638	-295	275	-320
-1849	290	3541	-204	586	-349
-1910	319	3347	-108	651	-178
-1994	256	3180	-133	750	-67
-1940	421	3291	-257	866	60
-1861	578	3424	-388	897	328
-1745	622	3732	-565	923	596
-1732	455	4052	-720	846	776
-1649	40	4102	-821	645	645
-1453	-214	3923	-831	458	407
-1338	-361	3680	-730	299	209
-1288	-391	3350	-605	312	29
-1232	-335	3100	-508	543	-169
-1103	-195	2908	-462	813	-247
-1067	112	2996	-441	1192	-234
-1307	340	3362	-428	1355	-141
-1288	312	3671	-409	1208	1
-1212	98	3888	-390	976	4
-1175	-128	3982	-343	666	-97
-1163	-266	4054	-244	365	-95
-1163	-420	4003	-124	85	-97
-1125	-681	3751	-66	5	-263
-1208	-771	3542	-90	211	-464
-1359	-567	3564	-179	574	-674
-1539	-382	4093	-187	895	-831
-1620	-454	4965	-135	996	-1008
-1759	-168	5792	-94	892	-911
-1562	22	6077	-11	463	-421
-1321	70	5694	6	-78	-72
-1021	166	5033	-110	-315	224
-749	53	4346	-293	-467	256
-468	70	3355	-485	-558	157
-488	247	2420	-635	-784	209
-1058	481	1286	-728	-1388	488
-2085	570	160	-356	-1662	1176
-2607	-349	-372	129	-825	1585
-1437	-1622	294	294	1096	1019
-2481	-1687	3310	475	1757	-1021
-3517	112	5382	388	1085	-1459
-1895	396	7154	561	1707	-840
-2743	373	8501	1445	1138	-67
-2951	-157	8555	1474	-233	-170
-1708	-72	7316	1150	-669	-572
-1127	889	6203	1293	52	171
-933	2107	6020	1618	871	941
-879	2536	6184	1280	1113	1765
-769	920	5495	641	252	2289
-747	-276	3766	-157	-649	1923
-574	-617	2040	-615	-1818	1638
-559	-523	353	-917	-3396	1352
-468	-271	-203	-1163	-4332	797
-1319	-421	-154	-1159	-4770	300
-3181	-913	-437	-881	-6386	-267
-3660	-1517	-1659	-333	-5303	-1445
-1041	-686	-3069	1529	80	-1822
-1182	2498	-1115	2462	6600	250
252	-683	4382	1113	7721	-175
-3732	1095	8337	-998	9982	-2097
-6819	1324	15812	-962	8173	-1059
-5821	688	18710	-1062	621	-1240
-2931	700	8111	-1747	-4233	-2123
-1017	-384	3844	-2136	-2965	-2059
-756	-1858	2920	-1611	-495	-1750
-815	-1250	2301	-626	203	-2120
-383	-450	1702	188	728	-1921
-756	237	1506	766	349	-1282
-959	649	1102	792	-1327	-383
-1213	688	241	1271	-3652	1022
-1346	661	-237	742	-4667	1472
-1745	573	-247	-256	-4754	1137
-3046	306	-447	-706	-4994	369
-5764	-233	-1629	-687	-2792	-769
1345	1496	-1399	20	3301	1851
2587	-1313	3142	350	8611	1374
-7128	1496	11052	999	11544	1562
-9777	-341	24979	735	5731	1465
-5191	36	13530	781	-5684	1842
-1776	887	3992	934	-5779	1750
815	1068	1728	1008	-3172	2028
1317	561	1064	591	-1206	1722
1195	-93	568	370	133	1572
-105	385	476	-860	506	1473
-793	-165	401	-1805	-1671	1464
-1284	-350	111	-1553	-3685	1382
-2741	-838	-327	-1536	-5438	642
-3638	-1904	-871	-1534	-4531	-1544
-4488	-325	-922	-345	-3121	-3028
-2839	1233	-2773	1385	1806	-1229
1930	-408	3571	1989	6797	1363
-2032	-2345	8650	2370	7727	-370
-7391	81	13093	719	4843	-4432
-5456	4278	11823	-811	325	-3637
-2647	3827	7999	-1521	-694	-1422
-2115	1817	6310	-1847	-655	-463
-1636	-706	5650	-1770	-223	-291
-957	-1492	4622	-1591	-354	-587
20	-1346	3648	-1012	-726	-943
-68	-943	2310	-224	-2023	-1725
-119	-482	920	414	-3271	-1390
-372	-34	-56	925	-4699	-156
-1062	-273	-410	1325	-4870	485
-3910	256	-238	1582	-5642	673
-4018	830	-917	388	-6398	800
-3548	306	-1147	-225	-5109	393
-2309	18	-3257	-690	794	-633
2399	1726	1447	-865	7711	902
1043	3190	5466	-565	11125	-1134
-8968	2131	12729	313	9852	4800
-5167	-2528	18505	502	5291	1929
-4152	-2278	12067	996	-2568	2087
-1944	-1264	5324	1265	-2500	521
-17	604	3920	994	-1073	186
595	948	2823	575	-716	391
728	1327	1907	905	-527	703
298	1141	1550	-953	-1443	880
-91	563	572	-929	-3182	1375
-1136	292	-33	-907	-4440	1982
-3113	-424	-218	-1521	-6114	1559
-3921	-1256	-921	-2029	-5597	-154
-950	-285	4099	-171	-104	848
-791	-401	3923	-164	-65	766
-1001	-404	3850	-126	69	774
-1370	-358	3916	-146	264	815
-1637	-580	4171	-273	531	609
-2013	-720	4501	-344	252	272
-1877	-448	4075	-403	-113	-127
-1787	409	3329	-439	-269	-52
-1891	1134	2765	-421	-227	478
-2054	1320	2585	-277	138	1215
-1907	573	3095	44	648	1616
-1808	-411	3925	216	742	1142
-1605	-1227	4384	299	580	231
-1804	-1285	4718	402	136	-635
-1964	-522	4494	638	-422	-925
-1665	201	3920	859	-691	-694
-1236	657	3236	944	-620	-368
-1051	894	3045	860	-180	-93
-1154	718	3068	657	118	-66
-1298	525	3159	485	446	-232
-1459	369	3464	405	568	-218
-1565	254	3796	390	475	-139
-1472	169	3960	382	207	-118
-1210	128	3942	370	64	-167
-1048	104	3945	330	-100	-282
-953	126	3817	218	-261	-513
-955	273	3729	90	-350	-673
-968	473	3723	7	-296	-571
-976	627	3917	-14	-209	-280
-950	640	4168	-45	-218	-2
-945	548	4278	-15	-302	177
-825	202	4291	175	-306	181
-775	-66	4196	303	-370	95
-953	-22	4010	274	-296	41
-1204	331	4053	335	238	134
-1448	905	4264	582	1217	420
-1520	853	4658	767	1165	774
-1391	342	3800	873	250	1010
-1744	-302	2869	821	-723	634
-2202	-691	1368	573	-1406	-203
-1903	-181	70	352	-355	-1126
-1266	773	322	142	1845	-1085
-1420	1406	2175	-34	3270	-594
-1921	1587	4292	-162	2848	381
-2346	928	5504	-226	1394	1002
-2224	189	5515	-333	37	627
-1688	-391	4489	-371	-604	120
-1195	-627	3945	-397	-38	-322
-1034	-743	4435	-410	899	-543
-1297	-521	5487	-516	2148	-893
-1724	306	6845	-851	2717	-1081
-2189	635	6939	-1409	1863	-1424
-2190	254	6244	-1685	769	-1475
-1467	27	5580	-1398	592	-1327
-1329	37	5382	-979	550	-686
-967	-394	4104	-646	121	-189
-794	-702	2890	-220	-180	-188
-841	-214	1754	-182	-846	-363
-641	411	777	-110	-1764	83
-326	331	285	53	-2245	715
-846	328	50	-298	-2913	813
-3029	581	-33	-302	-3734	451
-5297	-20	-988	44	-3364	-186
-789	-992	-555	-191	-25	772
1371	-679	4036	16	3989	-973
-3052	2528	9234	1484	6584	253
-6651	1135	14960	1334	3566	1527
-3863	-482	12232	842	-1962	203
-1802	-562	6897	1551	-2402	885
-604	710	5275	1869	-628	1246
-255	1833	5041	1703	878	1423
-446	1101	4270	1087	1380	1639
-1024	406	3679	624	1744	1320
-1033	-19	2691	-382	281	1270
-1084	-182	1062	-1035	-2863	1278
-722	-138	26	-1398	-5219	1177
-921	-193	-101	-1430	-6278	965
-1881	-422	-338	-1528	-7412	390
-3914	-1793	-1388	-959	-7394	-1432
-5404	-566	-1949	1442	-3268	-3277
-716	72	-3247	2381	3040	-304
1947	-1175	2612	1510	9681	-91
-2563	1265	7566	10	12290	-3161
-6410	3597	13141	-901	8656	-2489
-5129	3289	16574	-1478	4353	-673
-2995	2219	9741	-1746	-1560	-355
-1488	390	5142	-1978	-1360	-188
-703	-1011	4244	-1670	453	183
-761	-1753	4591	-1100	-49	-525
-1453	-1431	3077	-439	-1448	-1267
-1571	-1149	1416	-16	-3101	-280
-1025	-591	67	194	-4384	627
-495	-19	-349	572	-4882	773
-1242	366	-146	746	-5309	470
-1943	711	-411	-168	-7089	-160
-5447	1439	-1878	-385	-5783	-1296
-2575	1079	-3781	98	1080	-724
4661	-1370	2223	-595	7332	1958
-4593	1855	6834	1103	14747	-790
-8270	-222	15298	1764	9753	2201
-7366	280	20490	993	-65	194
-3096	604	7924	868	-5312	466
-18	1875	3115	761	-3634	751
988	1324	1613	1113	-2212	1457
785	476	824	1203	-1463	1804
903	575	445	-291	-969	2273
158	-9	315	-1846	-1314	2770
-742	-409	-10	-1882	-3141	2726
-2484	-897	-10	-1489	-4678	1564
-3145	-996	-853	-2034	-5285	-1725
-2201	-1047	-696	-1707	-3403	-4353
-3653	-648	-907	-780	-2177	-4444
-5334	2189	-2433	2613	3690	318
2324	867	4347	3480	8123	3915
-2896	-218	9810	2198	8602	203
-8519	791	14015	-538	5217	-4159
-5308	2979	12837	-1150	151	-2087
-2945	2415	7188	-1271	-2703	-242
-1681	1003	4509	-1493	-1284	65
-1041	-518	4484	-1647	409	-570
-856	-1080	4272	-1280	297	-989
-560	-693	3876	-1204	-600	-1119
-152	-310	2545	-784	-1964	-1488
65	115	1184	232	-2809	-263
-334	249	158	718	-4410	1039
-621	82	-517	598	-4955	1793
-3299	-302	-59	422	-5623	1552
-4175	53	-1057	188	-6953	721
-3392	175	-1048	28	-5563	225
-3842	-319	-2939	63	-1369	-138
-1368	-69	4011	-195	-203	275
-1315	-111	3763	-152	-257	374
-1283	-273	3692	-100	-165	374
-1382	-340	3723	-4	-6	371
-1430	-310	3887	69	93	427
-1476	-11	3976	68	56	554
-1819	199	4154	52	-131	872
-2161	-170	4048	-41	-217	824
-2159	-447	3888	-172	-127	345
-1926	-312	3564	-192	-8	158
-1900	274	3409	-154	4	397
-1903	771	3188	-144	-171	660
-1959	986	2991	-170	-225	838
-2103	618	3017	-183	-120	1010
-2092	146	3425	-113	176	853
-2017	5	4092	-37	188	577
-1981	131	4526	-8	-156	338
-1997	565	4534	88	-512	382
-1843	799	4172	201	-711	590
-1484	773	3733	222	-757	784
-1288	533	3248	227	-657	906
-1184	253	2852	209	-358	953
-1280	117	2740	221	64	891
-1385	7	2836	269	445	682
-1500	114	3267	315	717	423
-1670	422	3749	330	667	322
-1697	618	3995	325	331	352
-1584	683	3895	282	-56	354
-1405	585	3708	202	-281	287
-1254	440	3583	91	-239	86
-1219	308	3639	22	-38	-81
-1243	283	3824	41	147	-180
-1244	305	4055	131	329	-160
-1163	322	4376	236	397	-140
-1143	357	4518	332	289	-202
-1079	412	4399	386	12	-302
-933	497	4016	373	-129	-432
-790	537	3661	306	-72	-492
-671	620	3537	262	175	-536
-1035	803	3613	260	390	-500
-1609	970	3485	352	496	-330
-1729	934	3243	450	761	-226
-1598	675	3029	363	603	-208
-1785	561	2563	330	304	8
-2089	208	2228	204	52	166
-1973	-86	1992	-36	84	-36
-1856	263	2482	-190	609	-305
-2034	870	3675	-161	946	-20
-2043	736	4955	45	801	501
-2142	424	5829	-59	488	327
-2447	135	6122	-235	172	115
-2471	49	5872	-559	114	-420
-2321	253	5494	-795	185	-783
-2189	494	4935	-815	360	-657
-2053	346	4594	-683	776	-575
-1878	123	4636	-562	1146	-538
-1618	-43	4919	-514	1159	-323
-1278	47	4884	-508	796	-348
-1098	42	4322	-540	-98	-479
-860	68	2999	-471	-1208	-410
-767	268	1549	-428	-1910	-224
-562	514	524	-503	-2342	378
-291	378	49	-389	-3023	1161
125	147	-182	-181	-3348	1779
-313	-75	-549	-332	-2344	1817
-6995	-665	-28	1012	-320	-35
-2568	-391	182	-519	2527	-2146
1325	524	7477	87	3947	177
-3425	3324	10921	91	1770	-605
-5052	2290	9961	397	-1393	1640
-3015	267	6796	224	-2732	1372
-1145	-1046	4329	467	-1654	1000
-786	-1277	3637	991	749	515
-1466	282	4529	1317	2378	-245
-1577	1982	5534	1076	2728	-152
-1725	2015	6368	767	1716	733
-1440	868	5491	492	-49	1131
-944	88	3372	89	-1355	1025
-579	-297	1554	-328	-2133	1000
-393	-419	305	-544	-2879	887
-242	-312	-149	-719	-3019	425
-227	-153	-210	-939	-3079	-77
-1037	-391	-195	-1132	-3117	-431
-4437	-48	-1165	-783	-3764	-1375
-4286	1234	-1783	827	1259	-1748
2031	1445	2834	1421	6503	1716
-1343	-2957	8947	1226	6851	531
-5583	37	12531	351	3293	-2634
-6325	1808	11069	-257	-914	-2470
-2897	2382	7327	-648	-2512	-1819
-1135	1688	4442	-812	-1446	-979
-1131	-91	3492	-743	998	-583
-1633	-1074	4568	-752	2457	-1157
-1580	-788	4825	-586	1801	-1462
-1253	-98	4317	-426	745	-1549
-911	229	2935	-236	-386	-1640
-663	388	1698	-56	-1708	-1032
-429	429	450	301	-2741	157
-426	435	-200	582	-3048	1038
-483	361	-241	360	-2935	1385
-1155	-26	-109	-275	-3486	1158
-3886	-714	-511	-82	-3968	273
-7452	-68	-2116	59	223	-1761
2999	664	4308	-809	5990	-326
-450	2067	9482	-383	6278	-1165
-7561	3720	13107	491	1978	2286
-4624	791	10430	50	-2748	1564
-1892	-784	5331	249	-3736	1651
-465	-1832	2743	546	-1135	661
-757	-412	3189	885	1653	-113
-1007	1088	4533	756	2690	-53
-1238	1733	5357	598	2111	526
-945	1069	5327	432	776	1089
-570	734	3970	38	-922	1161
-616	348	2332	-440	-2398	1259
-802	-131	450	-626	-4024	1124
-696	-375	-317	-962	-4226	591
-1270	-258	-180	-1214	-4299	-156
-3863	215	-737	-1374	-5777	-1121
-5219	1054	-2069	574	-2463	-1538
2033	1195	-1298	1250	4288	1867
745	-2856	6344	1411	7982	2445
-3470	-1232	11894	209	5308	-2701
-6982	670	12058	-17	547	-1818
-3217	1959	8004	-138	-2273	-1437
-436	1827	5332	-239	-2081	-667
-593	862	3627	-457	-165	-248
-1088	-533	3620	-715	1821	-415
-1467	-1056	5133	-776	2906	-1091
-1297	-587	5166	-454	1749	-980
-1065	71	3519	-136	153	345
-1102	99	3732	-91	378	400
-1164	141	3953	-86	376	456
-1291	132	4032	-130	262	426
-1290	89	3920	-180	171	390
-1207	27	3731	-193	173	411
-1142	-62	3563	-182	276	429
-1146	-144	3538	-158	446	416
-1201	-123	3665	-111	603	383
-1192	-184	3892	-32	697	353
-1159	-344	4104	16	543	197
-1121	-333	3927	31	372	44
-1024	-306	3679	42	441	-74
-1044	-231	3672	44	620	-177
-1166	-88	3763	29	751	-188
-1273	3	3930	20	802	-161
-1296	63	4171	-1	702	-87
-1341	143	4321	-59	475	8
-1584	237	4287	-152	138	116
-1842	287	3960	-260	-211	178
-1944	609	3250	-408	-285	275
-2001	847	2645	-494	7	620
-1881	735	2710	-417	501	901
-1709	443	3220	-241	1124	976
-1488	-28	4116	-81	1089	897
-1592	-473	4657	71	616	583
-1709	-480	4773	259	58	326
-1487	-322	4374	475	-144	255
-1054	-41	3813	675	90	118
-951	320	3588	836	515	68
-1062	621	3639	843	714	104
-1176	627	3658	803	627	238
-1145	453	3560	717	533	291
-1071	311	3498	640	494	319
-1016	271	3578	591	585	317
-1223	353	3773	632	600	344
-1345	100	3831	716	594	222
-1406	27	3893	713	738	-284
-1583	207	4186	732	808	-316
-1599	504	4595	700	765	-210
-1614	885	5066	527	586	-275
-1371	1214	5053	347	77	-261
-1005	1190	4416	215	-414	-219
-763	994	3520	93	-622	-157
-607	510	2615	54	-586	-100
-481	-5	1673	145	-541	-158
-1426	-112	787	71	-532	-101
-2261	-89	-87	191	9	129
-1619	-460	140	-12	1772	-348
-1714	536	2799	-170	2879	-572
-3072	1214	6059	327	2097	1220
-2962	-158	7545	664	666	1057
-3029	73	7042	209	-68	-321
-3249	534	6971	-368	250	-1115
-3254	960	7070	-643	177	-1431
-2707	1053	6561	-651	89	-1248
-2334	359	5921	-743	397	-1526
-2118	-155	5727	-832	885	-1773
-1888	-371	5581	-751	873	-1742
-1333	-62	4639	-604	352	-1616
-639	404	3394	-363	-202	-1227
-452	512	2177	218	-378	-599
-452	490	1102	400	-1245	32
-222	482	293	311	-1967	572
-219	2	-97	-83	-1940	892
-346	-282	-141	171	-2027	936
-286	-106	-97	-203	-2368	863
-1811	-793	-243	-49	-2732	301
-7211	737	-1421	592	-2014	-1561
618	1031	1384	-600	3507	197
968	833	7078	2	4241	1174
-6146	3037	10502	95	2124	350
-6062	961	10001	470	-723	2340
-3386	-277	7780	507	-2123	1819
-1808	-1319	5142	664	-1224	568
-1634	309	4666	784	790	-54
-1542	1408	5314	703	1410	209
-1467	1931	5323	664	967	768
-1187	1156	5107	634	-76	1429
-638	172	3597	463	-1661	1679
-563	-417	1609	-118	-2734	1893
-355	-359	62	-570	-3440	1590
-245	-136	-249	-749	-3277	1149
-647	-164	-162	-910	-3221	590
-1268	-327	-182	-1071	-3913	-148
-4356	-373	-824	-1195	-4843	-1548
-5439	1054	-1884	355	-151	-2897
1961	1431	2747	839	6675	446
-1181	-2993	8014	1781	6396	1189
-6408	1073	11208	482	4423	-3771
-6771	2725	11803	-258	515	-1935
-3674	1905	9422	-718	-2066	-1302
-1677	641	5395	-1011	-2316	-1295
-1254	-363	3385	-1234	-16	-1494
-1692	-917	4161	-1245	1904	-1943
-1321	-418	4441	-849	1750	-2192
-1062	400	4294	-436	968	-1820
-565	869	2841	108	-387	-1373
-447	742	1318	640	-1900	-468
-702	629	101	1088	-2935	950
-990	637	-188	798	-3131	1605
-1508	181	-96	14	-4178	1784
-1517	-69	-403	-19	-5171	1732
-2425	73	-770	-461	-4930	1621
-5788	434	-2067	-286	-1545	1060
699	839	-409	-1156	5026	124
4545	-889	5974	-1024	7907	922
-6802	2658	10082	203	7615	-356
-7502	1301	16051	371	595	2590
-3292	184	8319	224	-4100	2148
-848	-1011	3753	374	-2816	1171
-249	-436	2687	618	92	807
-571	349	3076	668	2207	512
-860	1012	4041	417	2505	263
-1202	1182	5080	219	1862	647
-1103	827	4277	-44	164	1253
-969	148	2404	-308	-1744	1477
-953	-178	660	-490	-2944	1092
-624	-202	-94	-506	-3401	726
-891	-62	-81	-669	-3697	218
-3672	452	-345	-1280	-4855	-891
-6203	700	-1855	311	-1239	-2547
3641	692	577	361	5144	-141
-629	-2995	7449	1573	6121	3541
-4874	-410	11927	411	2900	-2910
-5707	2470	8912	-210	-1040	-2754
-2766	2734	6726	-662	-1001	-1089
-1395	1943	5448	-883	-616	-238
-1376	-211	4418	-782	988	34
-1919	-1186	5235	-654	2287	-563
-1557	-140	3569	67	85	556
-1597	-72	3933	147	116	142
-1676	13	4143	296	94	-41
-1637	373	4093	435	-9	-105
-1582	708	3887	492	-101	87
-1400	812	3596	459	-185	303
-1271	865	3196	375	-145	463
-1226	770	2969	261	23	660
-1144	489	2905	154	324	707
-1196	231	3099	81	652	611
-1328	88	3511	49	827	414
-1461	53	3875	95	785	253
-1526	121	4128	169	567	141
-1443	278	4106	202	263	56
-1302	400	3833	193	18	23
-1175	456	3524	200	0	8
-991	490	3427	205	185	18
-975	556	3624	184	395	40
-1028	522	3899	177	504	98
-1126	408	4139	202	460	116
-1228	388	4229	249	290	116
-1243	329	4166	311	86	74
-1157	400	4005	372	-46	15
-1078	493	3956	363	-45	-13
-993	524	4114	297	39	-85
-983	397	4404	261	207	-263
-1590	738	4650	291	110	-341
-1915	1011	4478	413	232	-340
-1884	1031	4504	394	-11	-372
-1986	522	3803	303	-211	-367
-2132	118	3012	184	-232	-498
-2331	82	2256	151	120	-602
-2307	652	2176	100	690	-422
-2002	1008	2774	40	1469	-128
-1926	1224	4000	-158	1699	336
-2080	559	4702	-323	1209	697
-1882	-259	4494	-608	546	144
-1663	-372	3764	-899	33	-484
-1369	-362	2885	-959	-183	-762
-1100	-242	2163	-879	-39	-783
-837	6	1696	-678	491	-611
-603	-183	1769	-388	1380	-381
-1037	-311	2770	-109	2126	-469
-1592	-235	4057	-46	1915	-495
-1860	-261	4761	-49	1138	-369
-1774	-190	4906	-152	491	-296
-1621	-68	4473	-379	113	-338
-1686	264	4332	-569	277	-236
-1761	48	4871	-557	653	-190
-1820	-154	5917	-537	919	-610
-1734	-164	6615	-584	495	-489
-1539	-545	5831	-583	-399	-141
-1296	-539	4378	-548	-1089	-6
-1190	-318	2644	-515	-1585	-10
-1602	416	953	-355	-1860	-70
-1420	967	47	-101	-1453	358
-1187	1007	-170	386	-1166	889
-2320	217	296	270	-550	1421
-3876	-654	696	531	-185	759
-2133	-755	2479	241	1366	-753
-1033	450	5837	188	2572	-908
-2233	817	8122	1483	3497	189
-4508	456	11643	1982	2145	751
-3380	108	11117	1129	-119	211
-2049	675	8947	962	-1163	308
-733	2429	5952	1136	-987	989
-253	3544	4346	925	294	1775
-719	2464	2950	295	1141	2372
-680	1126	1868	212	983	2618
-914	-322	1374	-391	361	3055
-784	-109	469	-903	-1495	3107
-880	-388	-32	-1297	-3020	3182
-1190	-422	-115	-1191	-3896	2851
-1041	-580	-199	-1105	-4526	2432
-1818	-1156	-566	-1089	-4617	1308
-5968	-3585	-2110	-19	172	-1268
-107	-87	-845	2596	4758	-2880
-614	2244	4321	2999	5863	-1749
-3124	2659	8795	1811	5267	-793
-4376	4094	11014	-681	3553	-1627
-3412	3382	12592	-1894	1893	140
-1895	1457	9843	-2294	-447	-160
-1675	147	5847	-2660	-923	-1247
-2322	-1201	4629	-2758	585	-1641
-2393	-2120	5557	-2063	1127	-1822
-2669	-1665	5100	-632	-545	-2299
-2059	-351	3000	525	-2482	-1939
-1552	995	527	1187	-4799	-140
-819	1018	-463	1984	-4924	2179
-1270	750	-227	1380	-5493	3459
-1569	442	-251	90	-6965	2956
-2847	764	-876	-1056	-8084	1138
-5540	-497	-2679	-1117	-5008	-2477
439	-638	-4056	-32	1859	-1375
3848	-2963	854	189	10250	-1068
-6291	-219	5272	3508	15952	-3637
-5759	4502	15838	2798	12222	-768
-8123	4979	23094	979	334	-614
-3873	2935	8443	614	-6485	1531
-801	1875	2150	-25	-5044	1486
1271	858	1034	40	-3307	1612
1131	364	449	176	-2058	1847
387	173	95	-1037	-1338	2401
-807	-152	69	-1672	-1638	2737
-1941	-532	265	-1359	-3744	2527
-3358	-945	-304	-997	-6868	1407
-3718	-1503	-1304	-1422	-5838	-1222
-5820	-353	-1899	-480	-2775	-3440
-2073	1487	-3396	1507	3737	-2136
3921	1114	4704	2137	9620	1026
-4522	1462	10285	1558	9490	-1781
-6954	5038	12435	-403	4828	-2282
-4632	4309	11163	-1807	1105	-482
-3728	2080	7591	-2425	-1769	852
-1962	-1171	5843	-2271	-1583	548
-1293	-2015	4841	-1980	-1548	-69
-584	-2136	3725	-969	-1611	-831
90	-863	2403	-319	-2578	-1841
-76	-338	1662	503	-3204	-1332
-1052	877	42	1490	-4399	-195
-1778	892	-504	1173	-5237	1434
-2928	799	-563	181	-6421	2174
-3580	679	-1040	337	-6772	2300
-3643	739	-1437	-207	-5643	1689
-3627	736	-3022	151	-1395	580
4583	-964	-828	-755	7606	622
1655	-2137	4753	75	12985	-3486
-10360	2814	12343	1307	12644	-1333
-5376	941	19987	1556	5438	374
-4301	1971	12438	1080	-4275	306
-1001	593	3271	546	-349	575
-925	358	3046	497	-77	549
-960	314	3050	440	255	346
-1049	461	3274	408	554	281
-1252	655	3709	413	656	308
-1359	652	4031	404	482	262
-1355	632	4056	385	236	134
-1242	698	3941	353	52	126
-1125	781	3790	297	-68	195
-1007	798	3713	227	-82	262
-962	737	3763	160	37	280
-946	659	4007	78	195	208
-994	532	4344	14	235	41
-946	404	4543	18	126	-149
-882	362	4553	59	14	-288
-583	241	4429	110	-108	-542
-418	169	4276	142	-135	-834
-932	486	4125	91	-184	-1024
-2627	1285	3827	3	-528	-438
-2456	833	2830	281	340	-343
-1846	871	3043	255	1215	-1207
-1825	803	3364	434	1238	-755
-2446	357	4012	471	693	-298
-2611	155	3692	300	-354	-309
-2052	695	3187	31	-300	-599
-1391	1352	3102	-203	127	-527
-1073	1244	3193	-186	516	-6
-1125	668	3497	-395	967	-229
-1534	227	3983	-617	945	-363
-1713	-233	4202	-747	457	-523
-1715	-214	3830	-803	-188	-799
-1387	137	3086	-693	-339	-701
-1070	530	2794	-494	171	-487
-965	577	2995	-319	718	-101
-1278	445	3511	-307	860	90
-1497	82	3702	-333	510	283
-1402	-322	3597	-317	308	162
-1286	-262	3687	-202	453	80
-1303	-189	4252	-34	697	149
-1531	-110	5323	14	596	112
-1809	-31	6169	-96	-192	102
-1592	68	5779	-326	-754	175
-1102	200	5074	-542	-781	145
-637	214	4289	-671	-731	244
-627	103	3160	-805	-929	310
-1488	500	1566	-937	-1409	385
-2270	871	297	-381	-1469	1128
-2030	-156	-200	327	-593	1704
-867	-839	339	532	1161	1344
-1017	-1893	2612	579	1786	425
-4076	-351	5448	733	873	-2542
-2517	1609	6572	485	1067	-1604
-2357	2120	7672	820	869	-393
-3072	1329	8042	1094	-360	277
-2061	253	6767	959	-1154	-276
-1519	119	5505	930	-687	-344
-1170	891	5019	1163	226	-190
-673	1797	5205	1256	845	123
-434	2027	5326	942	1124	393
-369	1233	4686	290	498	760
-412	277	3443	-254	-151	769
-804	-104	2071	-645	-1114	1013
-730	-331	522	-844	-2601	1090
-444	-222	-78	-921	-3312	702
-483	-202	-137	-947	-3827	246
-1750	-520	-175	-944	-4860	-173
-7104	462	-2550	304	-3415	-1559
-1115	1098	-2629	593	3416	-1004
2334	847	5183	691	7906	26
-3919	-687	10452	251	6536	-758
-7103	1227	12560	-469	1559	-1579
-4754	2265	8147	-967	-2457	-1323
-1421	2191	5203	-1121	-2459	-572
-635	903	3515	-906	-467	469
-1113	-890	3816	-678	2043	12
-1684	-1242	5703	-637	2950	-641
-1393	-842	5853	-397	1509	-1126
-1058	-221	4630	-303	-498	-1647
-723	-52	2352	-207	-2235	-1808
-782	270	582	150	-3392	-993
-682	568	-314	733	-2992	398
-1160	510	-125	502	-3193	1238
-1279	571	-189	-254	-4624	1448
-2598	687	-620	-779	-5702	1351
-6117	1565	-2085	111	-3187	543
-2291	300	-1887	-573	2861	-182
5614	-988	6514	-594	7022	577
-6286	3547	10740	-17	8104	-713
-7073	705	13693	574	2253	3148
-3766	44	10589	357	-1892	1151
-1490	-729	5877	690	-2218	969
-1240	302	4039	764	-343	386
-627	1094	3531	725	675	311
-428	1097	3009	794	1135	731
545	358	2752	1311	1513	760
-203	633	2898	-45	1514	557
-812	61	2015	-734	-160	874
-825	-305	849	-685	-2173	1400
-743	-191	5	-586	-3271	1101
-2775	-392	-277	-1177	-4869	-933
-2775	-392	-277	-1177	-4869	-933
-6754	749	-2280	-95	-2699	-3664
-1316	826	-1637	920	3396	-2418
1236	-1086	7923	1905	6746	2990
-4457	-599	12054	910	4565	-2175
-6683	2330	11340	-245	20	-2490
-3442	3096	7016	-1001	-2373	-1765
-801	2664	4816	-1257	-1519	-458
-971	512	3846	-1094	383	488
-1329	-982	4180	-937	2169	86
-1502	-1107	4832	-789	2294	-529
-1030	-698	4474	-345	1585	-516
-990	-294	4272	-36	366	-831
-747	3	2279	-86	-1911	-1064
-890	485	714	628	-2723	-52
-746	461	-122	1030	-3516	1038
-928	402	-166	628	-4001	1445
-1510	299	-225	129	-5039	1425
-3617	463	-1153	-41	-5081	1377
-5925	1307	-1946	128	-1245	940
5568	969	2091	-885	5028	624
1300	1760	6907	-1555	7900	-1114
-7756	3223	11509	-184	5651	2872
-5354	-650	13493	-6	499	2133
-2893	-931	8199	390	-2832	1820
-936	-1373	4959	864	-1445	799
-671	338	4526	1087	318	93
-715	1245	4718	692	1108	-388
-926	1304	3827	498	771	-139
-570	876	3359	498	807	436
-1622	187	3973	-191	-148	-304
-1476	389	3699	-221	-154	-43
-1410	401	3673	-188	-107	267
-1220	302	3102	630	-434	757
-1220	302	3102	630	-434	757
-1220	302	3102	630	-434	757
-1220	302	3102	630	-434	757
-1220	302	3102	630	-434	757
-1220	302	3102	630	-434	757
-1220	302	3102	630	-434	757
-1220	302	3102	630	-434	757
-1220	302	3102	630	-434	757
-1220	302	3102	630	-434	757
-1220	302	3102	630	-434	757
-1220	302	3102	630	-434	757
-1220	302	3102	630	-434	757
-1220	302	3102	630	-434	757
-1220	302	3102	630	-434	757
-1220	302	3102	630	-434	757
-1220	302	3102	630	-434	757
-1220	302	3102	630	-434	757
-1220	302	3102	630	-434	757
-1220	302	3102	630	-434	757
-1083	38	2661	608	-169	571
-1113	52	2492	530	189	290
-1144	267	2566	548	621	187
-1296	562	3070	561	984	149
-1446	807	3659	546	930	141
-1520	946	4019	463	573	216
-1428	897	4059	351	142	314
-1249	814	3924	189	-227	250
-1139	758	3699	79	-393	182
-1127	504	3627	61	-219	153
-1045	316	3770	43	135	60
-996	225	4252	98	560	77
-1103	227	4786	249	763	-61
-1125	564	5158	386	568	-153
-1006	925	5038	445	161	-235
-1186	1211	4581	456	-165	-253
-1466	1486	3659	446	-228	-115
-1782	969	2703	225	-104	-24
-1764	111	1801	11	86	-272
-1644	-194	1425	-180	486	-506
-1554	192	1681	-323	1115	-449
-2015	526	2911	-87	1647	-44
-2596	746	4701	169	1398	532
-2838	608	5556	227	563	821
-2241	36	5870	-137	-137	211
-1832	217	5883	-433	-197	-857
-2038	583	6121	-688	157	-1070
-2297	465	6129	-893	415	-849
-2175	159	5696	-1031	590	-759
-1838	-211	5158	-978	866	-1016
-1387	-210	4908	-756	1221	-1194
-1200	85	5036	-468	1229	-996
-1161	422	4623	-190	539	-609
-1139	232	3591	4	-903	-438
-922	181	2054	238	-2488	-229
-597	483	493	466	-3421	388
-377	294	-203	554	-3547	962
-346	34	-258	474	-3828	1146
-2225	-413	-213	-59	-4853	1055
-4855	-678	-1644	-320	-4297	123
-1073	-153	-3085	-893	1308	-1504
1558	504	3068	-527	5401	-1583
-1547	2869	9010	144	6266	-1172
-6863	3341	13378	963	2518	2023
-4832	911	11173	317	-1620	1980
-2211	-710	6809	395	-2983	1404
-378	-637	3986	606	-1005	480
-778	1074	4135	792	1105	302
-1062	2145	4453	790	1718	762
-868	1582	4367	737	1605	1759
-860	581	4208	461	976	1985
-685	-22	3319	-189	-23	1412
-715	-154	1935	-877	-1404	986
-781	-460	483	-1013	-2844	686
-836	-331	-104	-964	-3374	161
-940	-337	-209	-1095	-3708	-377
-1737	-492	-253	-1187	-4110	-816
-4568	-400	-1718	-592	-3632	-1272
-2065	714	-3764	839	2817	-34
771	-229	5535	1569	7743	-616
-3476	-840	11549	1404	6515	-22
-7323	826	14358	228	1711	-3178
-4713	3254	10055	-369	-2964	-1962
-1436	2613	5306	-690	-3104	-941
-421	1528	3052	-1027	-980	-536
-1248	-115	3079	-1063	1538	-759
-1271	-1028	4050	-981	2324	-1214
-1355	-601	5309	-742	2223	-1305
-1229	-123	5261	-483	745	-718
-577	-138	3532	-86	-1045	-576
-486	-53	1791	488	-2631	-431
-553	204	354	1029	-3467	-47
-812	283	-224	975	-3563	319
-1472	-121	-139	498	-4194	612
-1874	130	-486	84	-5035	830
-4149	908	-1429	53	-4217	1265
-4636	1398	-2178	-799	649	979
2135	441	2446	-1511	6051	28
641	1291	6582	-755	7389	-794
-5944	3149	11902	289	5498	2207
-5553	309	13744	311	-326	3076
-2720	-462	7732	431	-3107	2268
-876	-1039	4457	661	-1582	1397
-503	249	3484	972	688	492
-900	1628	4220	851	2208	292
-1196	1949	4691	588	2004	1088
-1095	993	4589	451	1022	1751
-907	245	3524	-13	-29	1621
-932	-178	2239	-463	-1296	1321
-713	-355	799	-732	-2800	1069
-845	-420	-27	-715	-3505	693
-1328	-352	-142	-847	-3854	41
-2127	-393	-366	-767	-4519	-775
-4631	227	-1499	-125	-3757	-1857
-1189	-223	-3045	643	1981	-1075
1182	-375	4412	1509	7104	403
-2396	-1777	10359	1744	6303	-839
-6342	522	13444	726	2180	-3600
-4894	3207	9674	-175	-2378	-2754
-1432	2694	5529	-679	-2456	-1309
-469	1532	3767	-792	-576	-931
-1089	-21	3715	-724	1689	-743
-1805	-624	4772	-707	2373	-1111
-1759	-371	5635	-623	1935	-1278
-1392	89	5301	-373	337	-853
-1053	62	3787	-209	-1147	-716
-512	298	1741	144	-2635	-673
-905	454	3234	405	187	25
-954	396	3390	331	441	75
-1099	349	3695	319	583	129
-1211	293	3895	303	577	88
-1224	352	4025	265	434	5
-1202	447	4067	229	252	7
-1187	521	3977	209	127	21
-1146	518	3879	195	48	64
-1083	423	3774	162	21	61
-1008	404	3687	132	119	58
-1000	332	3755	138	210	-1
-1036	276	3823	149	253	-70
-1007	233	3972	193	250	-110
-1006	252	4153	234	186	-140
-1021	335	4200	281	-5	-127
-970	409	4113	298	-154	-149
-984	483	3960	283	-193	-246
-905	554	3801	306	-99	-267
-875	587	3812	352	32	-318
-1066	700	3869	380	86	-318
-1398	989	4057	336	81	-149
-1619	932	4071	366	276	80
-1750	1095	4333	315	466	156
-1652	955	4429	219	149	517
-1343	317	4274	224	-81	414
-1535	-12	4051	229	-355	-46
-1705	-66	3485	174	-433	-473
-1672	45	2913	102	-196	-834
-1578	282	2441	71	225	-984
-1610	583	2392	43	729	-848
-1709	730	2829	41	1168	-370
-1981	718	3605	2	1249	12
-1980	520	4217	-121	896	206
-1777	464	4451	-371	454	158
-1584	400	4414	-585	166	30
-1256	295	3878	-695	-51	-93
-1054	187	3378	-679	104	-176
-1009	95	3025	-642	331	-245
-1111	119	2783	-584	656	-296
-1101	214	2689	-552	1038	-292
-1175	320	2972	-494	1420	-131
-1410	417	3635	-473	1619	27
-1524	236	4444	-471	1407	86
-1499	42	4901	-521	763	33
-1506	-22	4689	-616	127	57
-1369	-32	4115	-680	-53	208
-1244	121	3766	-739	257	274
-1386	19	3821	-751	784	367
-1494	-413	4498	-575	1562	295
-1742	-874	5845	-412	1999	-8
-2003	-697	6886	-349	1359	-348
-1970	-295	6311	-404	7	-378
-1495	149	4650	-473	-1083	-180
-911	431	3019	-435	-1600	127
-484	492	1655	-374	-1920	399
-87	529	570	-122	-2041	710
-521	198	29	474	-1783	1121
-2822	-171	-576	965	-1288	1842
-2213	-1207	-390	701	2231	639
-549	-1726	4750	631	3293	-152
-3672	421	7092	289	725	-1930
-2922	1641	6816	116	-211	-597
-3099	1016	6976	682	-672	602
-2936	395	6639	927	-1197	690
-1426	-272	5834	941	-757	-129
-1494	205	5426	1071	420	-506
-1871	1486	5520	1359	1218	-83
-1557	1990	6078	1235	1296	527
-1309	1704	6010	899	324	839
-778	960	4511	425	-691	1122
-748	143	2850	-145	-1293	958
-891	-38	1263	-672	-2450	964
-660	-188	-30	-1101	-3165	1025
-660	-135	-236	-1247	-3418	886
-1057	-109	-318	-1543	-3785	520
-3197	-1690	-870	-916	-4514	40
-3340	-811	-1536	577	-1827	-772
630	-1312	-1321	420	4437	-1311
-1846	-137	4949	1505	6931	-614
-3631	93	10084	1252	5543	-1616
-7087	2762	12886	-236	2979	-2606
-4384	3678	10964	-1292	-1072	-1219
-2243	2675	6686	-2015	-2421	-622
-926	347	4218	-2149	-1052	-377
-794	-1129	4106	-1726	753	-244
-922	-1437	4255	-1041	1398	35
-511	-921	3860	-236	1734	45
-615	-953	3096	139	332	-385
-916	-778	2215	734	-896	-884
-997	-3	886	976	-3149	-912
-584	336	-192	1209	-4259	-597
-1629	674	-74	638	-4826	-152
-1887	644	-650	-158	-5908	798
-2973	661	-1118	-104	-4716	1915
-5530	2058	-2745	-285	-33	2227
1163	-532	1864	-1767	6677	670
1417	-267	6685	-1501	7869	-831
-7317	2701	10964	236	6251	856
-7012	-666	15740	672	1114	2691
-3029	-1797	8489	1025	-3516	1335
-1243	-1781	3950	1333	-2156	-238
-751	178	2913	1350	-133	-715
-525	1872	3316	1136	1615	-504
-428	2469	4298	814	2031	290
-206	2083	4578	399	1361	1415
-829	942	3924	-327	-66	1791
-1191	431	2446	-848	-2042	1907
-989	-172	335	-1102	-4505	1784
-938	-272	-222	-1194	-4780	1285
-1873	-698	-313	-1163	-5648	268
-3075	-912	-829	-1255	-5736	-1528
-4662	-1879	-1849	-413	-3977	-2995
-1934	-92	-2946	1305	1256	-1615
2347	624	3740	1571	7271	1288
-1559	-255	10394	1211	8497	-520
-6547	2266	12389	-104	5419	-2733
-4988	3177	12741	-782	1516	-1078
-2578	1557	8353	-1090	-1472	-6
-1840	-162	4889	-1272	-1422	-143
-1035	-1357	3257	-1343	14	-609
-1117	-1350	3233	-1073	943	-1025
-518	-607	3220	-458	1650	-970
-573	-394	3116	202	750	-746
-695	-177	2001	550	-1104	-713
-962	288	940	705	-2363	-632
-1130	322	63	667	-3975	-141
-1521	48	-178	637	-5006	414
-2148	5	-707	366	-5422	873
-3841	664	-1338	95	-3821	1374
-4685	1468	-2203	-415	477	1376
-1390	-70	4113	-212	307	212
-1276	-125	4062	-267	152	256
-1234	-139	4029	-287	111	359
-2131	703	5868	206	8	675
-2131	703	5868	206	8	675
-2131	703	5868	206	8	675
-2131	703	5868	206	8	675
-2131	703	5868	206	8	675
-2131	703	5868	206	8	675
-2131	703	5868	206	8	675
-2131	703	5868	206	8	675
-2131	703	5868	206	8	675
-2131	703	5868	206	8	675
-2131	703	5868	206	8	675
-2131	703	5868	206	8	675
-2131	703	5868	206	8	675
-2131	703	5868	206	8	675
-2131	703	5868	206	8	675
-2131	703	5868	206	8	675
-2131	703	5868	206	8	675
-2131	703	5868	206	8	675
-2131	703	5868	206	8	675
-2131	703	5868	206	8	675
-2131	703	5868	206	8	675
-2131	703	5868	206	8	675
-2131	703	5868	206	8	675
-2131	703	5868	206	8	675
-2131	703	5868	206	8	675
-2131	703	5868	206	8	675
-2131	703	5868	206	8	675
-2131	703	5868	206	8	675
-2131	703	5868	206	8	675
-2131	703	5868	206	8	675
-2131	703	5868	206	8	675
-2131	703	5868	206	8	675
-2131	703	5868	206	8	675
-2131	703	5868	206	8	675
-2131	703	5868	206	8	675
-2131	703	5868	206	8	675
-2131	703	5868	206	8	675
-2131	703	5868	206	8	675
-2131	703	5868	206	8	675
-2131	703	5868	206	8	675
-2131	703	5868	206	8	675
-2131	703	5868	206	8	675
-2131	703	5868	206	8	675
-2131	703	5868	206	8	675
-2131	703	5868	206	8	675
-2131	703	5868	206	8	675
-2140	205	5899	-199	84	256
-1931	120	6318	-712	697	-43
-1932	-39	6921	-1037	710	-352
-2032	-379	6424	-1201	239	-444
-1760	-991	5216	-1243	194	-719
-1071	-1420	4328	-1033	964	-1043
-916	-1214	4799	-549	1813	-974
-1182	-281	4748	-291	1462	-758
-1151	199	3947	16	216	-468
-1009	358	2572	228	-1395	-766
-1102	593	1175	277	-2679	-817
-403	623	249	266	-3707	-24
-36	237	41	276	-4833	1015
-504	-20	-470	300	-5343	1803
-4211	-1563	-1507	453	-2121	2251
-943	-1448	-1218	394	1961	224
337	-380	5187	11	5216	-2691
-3258	3011	10231	-37	4102	-934
-5723	2244	11380	440	996	2112
-4013	499	9931	248	-1988	1935
-1654	-771	6568	210	-2500	1117
-1158	-421	4312	573	-925	945
-905	419	3903	922	769	1039
-559	522	4231	849	1320	965
-686	89	4415	562	1373	720
-371	-62	3544	62	438	431
-952	-128	2880	-440	-149	223
-1155	-339	1273	-679	-2250	242
-794	-294	33	-754	-3262	-133
-566	-24	-125	-832	-3653	-469
-2147	263	-266	-1022	-4842	-927
-4350	582	-1696	161	-2511	-1270
382	1	-1401	543	2682	-114
-704	-382	3998	1838	5946	1655
-3600	-2583	11195	1441	6178	509
-6070	-507	10881	294	823	-2763
-4503	1840	9186	-539	-804	-2509
-1726	2836	6692	-1237	-1340	-1172
-1465	1479	4853	-1508	-71	-388
-1573	-383	4439	-1500	946	-252
-940	-967	4326	-1265	1294	-302
-686	-726	4533	-821	1343	-143
-454	-496	3830	-290	381	93
-674	-489	2718	105	-670	21
-832	-38	1500	536	-1985	-68
-609	395	335	836	-3154	389
-347	276	-171	744	-3542	990
-638	128	-141	354	-3783	1399
-2426	-365	-265	-78	-4631	1728
-5501	418	-2083	-215	-1902	1506
1604	737	-228	-890	5239	197
2407	388	6364	-1452	6587	-889
-5811	2869	13854	-401	4371	853
-6235	320	12920	113	-2346	3529
-2650	-930	6745	503	-4491	2533
-479	-2261	3541	778	-3126	1562
41	-1292	1924	1207	-345	458
-165	434	2629	1129	2519	-33
-988	1306	4362	628	3234	-318
-1273	1513	5161	601	2360	193
-1461	811	4457	364	365	964
-1395	236	2937	-88	-987	1192
-1248	-327	1114	-184	-2945	1195
-774	-362	-92	-296	-3475	1020
-1122	-258	-35	-484	-3671	527
-3447	-402	-670	-712	-4696	-780
-4467	-172	-1709	330	-406	-3037
3049	-51	1482	530	6159	-926
-428	-2786	10264	1995	6437	667
-4986	-123	12988	639	869	-3565
-4916	2013	8961	-212	-2007	-2928
-1289	1965	5892	-786	-1811	-1609
-663	785	4172	-994	-494	-1198
-949	-470	3398	-1003	1253	-1020
-970	-673	3976	-804	2423	-955
-1185	-269	5168	-330	2249	-573
-983	-148	4551	-4	887	-628
-1143	19	3072	165	-684	-1010
-1195	433	1345	466	-2081	-923
-985	630	191	712	-2989	-127
-845	450	-14	431	-3558	669
-1273	611	3267	727	-1023	-262
-884	675	2660	734	-690	-22
-719	589	2340	673	-114	141
-813	483	2443	461	605	208
-1040	354	2967	300	1015	246
-1261	154	3599	234	1151	222
-1466	91	4133	191	968	120
-1490	181	4431	188	545	86
-1376	173	4367	162	100	36
-1145	208	4008	139	-205	-45
-917	301	3646	121	-239	-51
-812	343	3472	88	-96	-24
-804	414	3492	25	51	18
-840	561	3668	-17	219	196
-935	562	3876	-7	405	427
-1101	340	4070	58	558	510
-1173	74	4335	202	571	517
-1179	-132	4650	310	471	333
-1089	-215	4887	333	273	-12
-814	-1	4948	295	104	-316
-683	358	4954	309	-3	-440
-662	541	4712	400	-95	-458
-1159	695	4239	338	-382	-481
-1870	960	3130	324	-648	-60
-1374	440	1916	345	426	-193
-1166	243	2007	381	1140	-262
-1565	132	2490	456	1107	117
-2202	-365	2978	393	729	354
-2371	-361	3485	140	540	-28
-2172	180	4163	-54	457	-464
-2005	832	4459	-108	167	-120
-1818	537	4514	-126	304	-29
-2010	264	5186	-259	504	-300
-2236	-105	5587	-458	-51	-470
-2008	-378	5304	-610	-358	-713
-1356	-421	4963	-715	-154	-800
-1116	-236	4230	-802	510	-888
-1388	91	3919	-935	1397	-879
-1811	128	4559	-970	1985	-735
-1712	332	5563	-913	1955	-669
-1547	382	6199	-803	971	-114
-1462	21	5290	-622	-811	62
-1057	-79	3240	-359	-2209	206
-864	312	1225	-162	-2995	707
-578	586	176	-162	-3581	1503
-99	71	-104	-238	-4698	1801
-244	-145	-616	-306	-4521	1648
-2370	-840	-1614	-303	150	659
-4048	359	-191	70	2809	-963
850	-236	3555	-287	4498	-693
-2780	1919	10409	-287	4052	-185
-4387	2105	10611	284	605	2169
-4039	157	8567	193	-1521	1923
-1799	-1383	6083	336	-2007	895
-804	-1511	4360	798	-691	420
-910	-16	4155	1317	1255	467
-1086	1511	5099	1293	2062	555
-1055	1572	5411	1007	1753	991
-1131	654	5162	555	827	1125
-915	-30	3455	49	-739	1013
-1058	-503	1659	-343	-1947	693
-824	-454	231	-453	-3262	588
-364	-186	-122	-595	-3706	94
-517	-144	-164	-628	-3938	-200
-3339	-600	-531	-568	-5043	-768
-5641	495	-2391	729	-759	-2161
1450	-105	1359	870	7129	-468
337	-2092	8399	1126	8064	8
-6327	-826	14588	608	5092	-2470
-6241	1847	12470	-464	-1668	-2738
-2184	2391	6129	-1069	-3524	-1656
-551	1307	3264	-1227	-1904	-960
-510	-504	2220	-1136	563	-665
-864	-1287	2961	-693	2421	-492
-817	-1004	3240	-269	2655	-758
-1052	-443	3548	31	2138	-1046
-1305	244	3320	135	557	-1320
-1303	830	2223	279	-1962	-881
-690	620	365	515	-4042	356
-486	383	-177	508	-3852	1076
-1652	157	-21	-215	-4331	1283
-4992	-871	-1438	-257	-4657	1367
-4569	360	-1505	-396	1696	351
4459	432	4824	-876	5142	-148
-2704	2284	9677	-324	6326	-467
-7360	1900	13648	205	1769	3430
-3893	-765	10005	193	-2275	2049
-1580	-1548	6370	562	-2769	1321
-747	-923	3891	1012	-1013	942
-606	545	3363	1198	1036	587
-808	1088	4123	875	1881	509
-960	773	4787	625	1806	723
-1008	489	4277	192	702	834
-1150	78	3046	-197	-943	1004
-1269	-435	1236	-564	-2933	828
-830	-303	-59	-613	-3614	231
-889	-307	-74	-694	-4029	-329
-2275	-458	-162	-762	-5219	-1206
-4994	3	-1563	-88	-4730	-3131
-4239	140	-2031	720	587	-3140
2439	763	2738	1745	6778	2114
-168	-3447	8019	2102	7694	1100
-6478	107	13843	783	5526	-4091
-5697	2968	12191	-195	-1068	-2591
-2119	2761	6770	-888	-2501	-1227
-1072	1422	4246	-1217	-1290	-509
-1004	-442	3302	-1253	542	-486
-1150	-1267	4066	-1047	1491	-819
-870	-904	4396	-609	1206	-863
-868	-416	4005	-335	328	-704
-737	-97	2514	83	-1172	-746
-936	466	1108	594	-2481	-562
-826	552	103	578	-3590	66
-797	308	-101	163	-4250	620
-2123	248	-178	-24	-5242	1167
-4311	154	-1386	55	-4659	2041
-4425	575	-2122	-516	901	1691
2822	305	2647	-935	6737	-86
1124	1246	6568	-1204	8061	-1072
-6243	2173	13662	156	6507	3089
-5523	-655	13858	-5	-1421	2296
-2256	-1094	6745	311	-3904	1680
-503	-1046	3739	718	-2172	1088
-126	-35	2756	1270	22	960
-334	586	3236	1124	1881	802
-989	380	4229	510	1964	575
-1263	545	4252	2	1107	512
-1211	267	3243	-347	-471	705
-1177	-221	1492	-568	-2217	445
-996	-454	129	-573	-3040	-46
-2161	268	3868	-536	6	632
-2126	147	3870	-496	57	812
-1991	83	3824	-443	-38	941
-1783	137	3530	-377	-39	1007
-1756	176	3499	-241	40	993
-1697	110	3554	-51	24	900
-1652	-2	3588	147	237	636
-1655	-30	3899	290	400	336
-1716	-37	4225	387	308	123
-1733	84	4271	414	-34	-15
-1605	392	4024	391	-343	-20
-1449	575	3605	317	-525	132
-1253	683	3141	207	-388	282
-1120	623	2946	117	-2	372
-1133	518	2970	46	424	431
-1427	415	3224	35	671	528
-1700	320	3553	4	781	538
-1794	153	3898	-5	758	491
-1830	137	4137	-11	481	364
-1693	355	4108	10	137	403
-1593	493	3934	2	46	448
-1480	388	3774	-11	88	425
-1416	198	3713	15	188	271
-1394	178	3728	96	187	165
-1347	244	3664	165	165	140
-1308	430	3653	168	238	149
-1332	577	3778	147	307	296
-1420	588	3885	58	293	375
-1393	570	3975	-50	203	365
-1262	477	3833	-80	170	295
-1207	292	3690	-23	230	251
-1160	175	3546	42	307	206
-1142	117	3504	89	507	191
-1136	190	3570	154	709	167
-1185	339	3657	214	831	190
-1262	628	3676	276	876	259
-1312	834	3559	323	914	424
-1344	719	3466	293	979	500
-1304	284	3470	189	1119	308
-1297	60	3574	158	1170	61
-1403	109	3543	222	1073	-117
-1719	344	3347	292	831	-168
-1755	419	2793	446	771	-258
-1743	384	2329	466	487	-380
-1857	276	1855	321	329	-437
-1642	-22	2006	-43	308	-808
-1950	216	2605	-356	381	-575
-2496	175	3458	-99	545	116
-2709	-36	4619	276	758	42
-2226	-102	5557	155	1403	-504
-3033	313	6892	-257	2128	-982
-3833	851	9040	-555	1807	-1206
-3663	806	9993	-897	405	-978
-2762	474	8133	-1439	-734	-1242
-1679	109	6037	-1743	-297	-1469
-1296	-672	5529	-1615	292	-1415
-982	-792	4245	-1338	46	-1571
-1128	96	2833	-519	174	-1257
-321	310	1952	222	-445	-991
-281	324	974	498	-2001	-451
-766	323	54	522	-3125	464
-916	-19	-100	395	-3870	1149
-435	30	-177	285	-4675	1435
-531	-73	-414	-84	-5097	1159
-5771	-375	-1335	258	-3484	752
-1479	2044	-1754	772	1887	1377
2461	971	4147	166	6929	1819
-5657	1615	8673	228	7767	2195
-7911	828	17006	181	3610	2467
-4969	-725	12041	323	-3705	2379
-1842	-1186	5566	624	-3441	1771
-430	-676	3325	1038	-913	1545
-672	589	3285	905	1070	1206
-264	1070	2970	571	1645	1350
-600	125	3159	251	1195	1460
-932	-424	2567	-152	119	1445
-1103	-358	1286	-695	-2163	1564
-849	-221	75	-829	-3544	1101
-1012	-269	26	-980	-4620	549
-1076	-377	-321	-925	-5472	-224
-3086	-647	-776	-891	-5388	-1567
-5573	-849	-2215	79	-536	-3656
2001	-700	954	947	6323	-1478
-1077	-2459	6583	2143	7814	-1384
-7475	2137	11859	1200	6538	-4557
-6601	3606	14745	-645	822	-3175
-3202	3187	8873	-1044	-2221	-1815
-2256	756	5937	-908	-1540	-648
-1040	-1235	4572	-825	-561	-942
-598	-1696	4004	-656	-103	-1269
-385	-1006	2718	-606	-513	-1591
-262	-712	1890	-319	-570	-2118
-483	-93	1192	396	-1826	-2605
-824	442	175	814	-3568	-2072
-1307	610	-226	808	-4098	-1105
-1973	834	-278	361	-5048	-36
-2038	1065	-776	139	-5228	1395
-3696	1069	-1089	411	-3733	2716
-3412	1335	-1621	119	1051	2736
2052	182	3868	-921	5349	803
-1761	1756	5782	-1030	7784	-411
-7234	878	10286	250	7215	4587
-6856	-1563	17576	293	3262	1991
-3941	-1015	10694	714	-2781	1318
-1934	221	5711	958	-2568	1165
-522	991	4144	1040	-1147	1265
-44	878	3369	914	-716	1349
136	327	2246	440	-182	1328
-436	40	1484	-56	-162	1592
-976	-227	781	-726	-1192	1660
-1507	-357	232	-1263	-3010	1148
-1706	-545	-88	-1279	-4609	189
-2135	-863	-513	-1260	-5352	-1348
-3342	-1550	-838	-606	-4736	-3042
-4998	-649	-1898	612	-2002	-4070
1297	-1081	-652	1290	6107	-812
1245	-2026	5982	2456	8745	-822
-5750	1813	10816	1136	8197	-3773
-6351	3805	15590	-397	4388	-3525
-3869	3753	11457	-1314	-1803	-1491
-2257	496	6212	-1340	-2354	-335
-768	-793	4286	-1327	-1074	-825
-379	-1378	3411	-1183	-604	-798
-244	-1068	1897	-905	-631	-1083
-768	-611	1284	-540	-947	-1478
-797	87	519	-26	-1860	-1771
-755	389	118	629	-3720	-1433
-629	348	-227	795	-4666	-561
-1812	767	-309	449	-5120	454
-2941	872	-820	481	-4755	1999
-1321	-286	3833	-9	675	-210
-1374	-347	3762	-3	633	-300
-1386	-330	3725	-11	635	-406
-1420	-250	3693	13	647	-425
-1419	-306	3771	57	709	-433
-1379	-374	3940	92	831	-525
-1359	-305	4069	31	824	-626
-1330	-308	4136	-93	629	-702
-1368	-296	4057	-169	451	-731
-1529	-129	3914	-213	347	-608
-1495	10	3794	-196	326	-348
-1379	-109	3879	-49	564	-55
-1332	-357	4145	59	791	159
-1371	-545	4439	90	886	232
-1326	-772	4718	33	714	85
-1213	-832	4788	-78	359	-273
-1103	-589	4649	-150	-88	-482
-933	-64	4228	-214	-389	-340
-696	354	3979	-224	-401	124
-438	458	3835	-209	-484	572
-946	440	3546	-154	-932	945
-2830	162	2839	110	-1460	1367
-3073	-497	1529	57	-420	1552
-1777	-563	2566	-214	1702	1204
-2611	-237	4588	-314	1111	713
-2994	320	5099	-381	114	-136
-2572	678	5103	-406	-360	-116
-2281	325	4698	-174	-680	303
-1963	114	3893	163	-783	695
-1370	112	2914	439	-439	913
-985	123	2422	576	66	1054
-1049	86	2424	595	433	991
-1214	16	2424	588	450	958
-1274	-178	2462	497	364	754
-973	-63	2486	395	465	548
-911	222	2900	368	769	516
-1208	325	3556	380	760	501
-1525	167	4094	419	388	386
-1644	-193	4684	367	122	-9
-1461	-414	5469	228	67	-520
-1219	-220	5960	501	6	-446
-1096	380	6185	757	-301	-412
-757	1431	5669	828	-711	-14
-384	1594	4845	803	-791	171
-116	1175	3720	714	-640	246
-1294	428	2465	558	-703	316
-2760	-456	743	530	-1219	581
-2067	-744	-360	305	-267	-11
-1101	179	207	-182	2003	-993
-3236	843	3069	-322	3060	-29
-3916	-172	6614	450	2588	891
-3240	-229	8155	574	1071	-197
-3021	627	7998	-260	98	-985
-3097	1298	7888	-1226	-373	-996
-2449	903	7201	-1520	-978	-492
-1597	-261	5327	-1578	-987	-514
-595	-1163	3976	-1386	57	-1423
-784	-1079	3675	-961	1008	-1357
-797	-614	3364	-458	1181	-1000
-520	8	2891	77	911	-1287
-830	661	2419	461	-432	-1884
-680	834	1342	307	-2403	-1149
-484	595	368	409	-3926	478
-347	247	-163	377	-4409	1424
-1329	39	-29	122	-5320	1714
-5826	-1637	-1646	250	-6107	1760
-5006	-724	-1751	15	1071	370
3063	-145	2978	-544	4796	-249
-1824	1911	6634	-444	7382	-1607
-8482	3602	13253	-65	3681	2411
-5501	86	11387	-1	-1643	2927
-2495	-1186	7312	383	-2823	2433
-809	-1087	4547	625	-1087	1275
-924	363	4056	822	695	1008
-808	691	3940	915	763	983
-368	26	3512	834	933	970
-125	-103	3120	506	275	695
-339	-80	2422	-5	-84	1000
-299	-309	1112	-423	-1845	986
-476	-92	24	-680	-2327	-109
-949	222	-83	-928	-2534	-741
-1915	649	-70	-1240	-3421	-1100
-5038	1604	-960	-743	-3571	-1577
-4800	992	-1573	426	406	54
1305	-1311	3960	724	6517	1553
-3735	-4324	11164	1975	5547	932
-6704	-618	11049	426	653	-3161
-5468	2590	8667	-332	-1114	-3331
-2368	3448	6221	-834	-1212	-1390
-1716	2054	4706	-1280	352	-272
-2078	-424	5363	-1311	1990	80
-1573	-1268	5496	-1114	1575	-262
-1296	-931	5458	-971	834	-601
-540	-462	4102	-759	-674	-910
-334	-441	2489	-497	-2272	-1130
55	-157	797	-378	-3971	-912
-85	48	-69	-212	-4990	-490
-165	112	-385	432	-5132	-79
-681	124	-530	1432	-4107	509
-2206	473	-494	1759	-2488	1203
-4634	494	-735	180	-4373	2068
-6622	-507	-3087	-562	767	1048
1938	-1277	3702	-2135	8217	-1724
539	1268	7172	-1564	8850	-2097
-8786	3792	15274	563	5900	2435
-5507	119	12454	331	-3208	2769
-2172	-640	6425	501	-4687	2390
-9	-1716	3064	582	-2446	1529
60	-529	2513	684	710	415
-605	385	3828	544	2819	-77
-1641	649	5122	468	2736	64
-1497	405	5314	490	1328	263
-1139	361	4421	287	-254	509
-680	285	2767	81	-1541	994
-434	85	1066	-275	-2519	407
-742	-46	98	-555	-2932	-63
-1021	-240	-75	-949	-3494	-343
-2403	-47	-252	-1184	-4530	-1110
-5626	1259	-1502	119	-3068	-2474
-2886	97	-1402	1059	1760	-1449
1405	102	4365	1481	6575	2374
-1879	-3087	9790	1940	6496	10
-6628	1019	12369	-159	1533	-3433
-4326	2501	7909	-789	-1520	-1873
-1716	2319	6045	-1213	-810	-621
-1248	472	5125	-1080	245	415
-1596	-885	4944	-885	1653	193
-1812	-1279	5200	-769	1815	-248
-1772	-926	5545	-743	1297	-749
-935	-143	4489	-622	-56	-813
-1530	-222	3964	-35	-230	217
-1515	-39	3762	-49	-213	237
-1390	97	3607	-63	-110	312
-1325	256	3503	-69	-24	451
-1496	420	3395	-65	29	676
-1559	439	3240	-84	79	867
-1505	293	3068	-66	234	943
-1428	79	3148	17	482	924
-1405	-240	3482	46	783	714
-1584	-304	4086	31	845	352
-1533	-279	4519	42	488	18
-1423	-92	4601	125	108	-226
-1357	109	4377	266	-156	-268
-1296	260	3933	392	-112	-217
-1172	254	3528	483	51	-101
-1106	172	3250	527	284	-9
-1143	65	3106	554	571	-24
-1127	-1	3197	509	830	-99
-1188	96	3547	471	987	-154
-1275	208	3970	476	976	-188
-1286	388	4186	487	857	-186
-1232	564	4318	507	605	-120
-1124	454	4267	561	374	12
-985	309	4147	576	210	34
-904	257	4018	551	88	22
-803	271	3862	522	74	-24
-679	406	3795	497	114	-69
-703	574	3744	441	184	41
-830	839	3840	416	223	256
-1046	1006	3911	418	145	477
-1403	891	3965	338	-10	537
-1594	616	3989	366	16	498
-1757	738	4240	402	380	522
-2091	553	4656	262	231	550
-2215	3	4514	-74	-124	-114
-1954	-338	3763	-321	-201	-840
-1749	-266	3135	-273	21	-1140
-1584	242	2753	-158	188	-886
-1572	682	2717	-123	443	-384
-1850	505	3208	-111	779	64
-1915	39	3908	-192	955	364
-1834	-613	4410	-375	892	75
-1711	-938	4524	-534	464	-524
-1697	-814	4600	-625	36	-1147
-1611	-304	4450	-666	-349	-1471
-1452	339	3835	-621	-507	-1077
-1240	520	3225	-532	-181	-455
-1207	305	2987	-486	707	-151
-1327	-388	3528	-529	1718	-238
-1869	-458	5120	-502	2342	-338
-1964	-49	6554	-374	1665	26
-1722	-50	6494	-340	162	149
-1325	-171	5035	-329	-1240	55
-802	-270	3228	-259	-1882	43
-461	-82	1808	-225	-1999	251
-257	-3	719	-198	-1915	486
-458	6	82	-54	-1574	590
-1519	-114	-265	361	-564	791
-2401	-297	288	32	1247	6
-1849	-4	2856	-344	1959	-667
-2714	259	5821	-178	181	-786
-2843	834	5670	-46	-888	-447
-2202	1361	5691	71	73	680
-2766	285	6486	430	203	1410
-2202	-625	6531	470	242	798
-1841	-915	6673	628	423	206
-2009	-376	6091	921	284	163
-1732	631	5493	1084	533	258
-1248	1426	5396	986	749	531
-836	1497	4997	780	415	753
-577	851	3922	408	-26	805
-397	175	2542	65	-571	873
-662	-220	1321	-164	-1292	918
-301	-370	219	-460	-2342	1035
-47	-289	-116	-595	-2577	686
-186	-279	-148	-791	-2779	250
-2808	-731	-180	-594	-2802	-297
-5735	-341	-2003	180	-1206	-1979
1211	419	994	668	6263	-1591
-754	-1082	9004	1793	6413	1771
-4666	-921	12526	795	1957	-1264
-6654	851	10794	-337	-1678	-2102
-2915	1446	6659	-855	-3309	-1699
-519	1381	3771	-1068	-1916	-1231
-730	98	2691	-1169	733	-788
-1235	-1035	3472	-931	2660	-961
-1381	-1009	4916	-570	2829	-985
-1534	-558	5673	-213	1891	-912
-1398	-47	4682	-243	-196	-1069
-714	238	2644	-15	-2081	-1032
-782	679	869	506	-3855	-348
-367	313	-190	914	-4600	666
-214	229	-263	834	-4409	1155
-1532	462	-74	215	-4636	1461
-5192	303	-1632	-59	-5330	1917
-4232	384	-2156	-823	1698	1300
2995	-242	3905	-1227	5475	420
-773	1731	7411	-965	7636	-786
-7140	2348	14160	595	5150	3351
-4760	-431	12560	428	-1703	2423
-2239	-1528	6859	551	-3574	1346
-958	-827	3635	826	-1817	532
-389	378	3077	1076	417	406
-278	1290	3760	891	1782	506
-396	983	4176	572	1605	732
-718	586	4014	317	1020	1005
-696	72	3094	-241	-533	1049
-1056	-297	1601	-641	-2381	950
-768	-302	86	-843	-3672	582
-715	-278	-205	-905	-3913	-23
-1355	-412	-194	-973	-4385	-805
-4174	-648	-843	-586	-4963	-2155
-5622	480	-2321	971	-618	-2839
1057	287	569	1420	7531	947
-8	-1789	7965	1872	7770	1044
-4697	-654	12841	662	5875	-1854
-7118	1946	14325	-427	253	-3035
-2704	2777	7679	-706	-3195	-1283
-797	1691	4134	-1010	-2026	-505
-690	-158	2917	-882	365	-192
-917	-1190	3691	-799	2080	-649
-773	-1221	4126	-499	2066	-869
-1070	-602	4241	-130	1339	-922
-1085	-389	3558	5	-260	-1134
-1031	304	2056	329	-2051	-1135
-841	583	433	783	-3762	-350
-677	387	-154	735	-4306	452
-1234	320	-109	375	-4921	922
-3524	191	-1020	182	-5648	1377
-4628	380	-2103	-316	-1043	1404
-1282	-475	4085	-84	93	-224
-1491	-304	4346	6	118	-184
-1503	-127	4529	16	124	28
-1429	-104	4521	-49	139	153
-1367	-252	4383	-127	-71	133
-1480	-91	3984	-133	-181	21
-1881	176	3509	-75	-288	218
-2149	369	3066	51	-137	664
-2073	356	2771	116	124	901
-1923	103	3003	167	580	814
-1939	-311	3738	258	778	265
-2015	-326	4530	396	465	-382
-2047	-142	4802	475	-275	-676
-1949	141	4267	530	-798	-613
-1531	442	3586	679	-584	-239
-1206	520	3338	785	-320	74
-1012	569	3037	830	-119	160
-996	547	2864	770	162	181
-1023	465	2841	687	427	251
-1160	357	3013	579	617	208
-1247	205	3340	501	718	103
-1249	187	3629	522	605	-26
-1203	247	3883	505	443	-158
-1166	324	3985	526	219	-160
-1187	376	3963	518	54	-140
-1149	372	3982	423	81	-277
-1092	461	4165	339	52	-415
-1156	528	4276	343	-169	-380
-1101	681	4255	388	-444	-277
-987	665	4097	341	-405	-182
-794	636	4065	268	-39	-199
-791	643	4459	184	247	-277
-1330	667	4692	197	-10	-264
-1787	711	4424	497	-47	-130
-1933	767	3975	803	148	149
-2090	144	3506	834	-150	201
-2382	-262	2517	600	-409	-229
-2146	-128	1893	244	137	-670
-1892	398	2230	75	1026	-764
-1748	1078	3145	-49	1747	-473
-1869	1464	4207	-247	1706	263
-2052	894	4722	-381	1036	633
-1633	178	4305	-564	211	265
-1263	-86	3509	-822	-301	-236
-1015	-16	2465	-1017	-468	-524
-949	71	1668	-1033	-95	-562
-676	-139	1448	-761	777	-257
-969	-162	2302	-408	1632	-107
-1604	-76	3773	-114	2106	223
-1727	-286	5628	-97	2005	285
-1687	96	6771	-353	1317	258
-1374	162	6474	-743	1178	119
-1598	344	5903	-1269	1465	-257
-1768	-365	5762	-1395	1478	-587
-1711	-1048	6024	-1069	1466	-1103
-1804	-1016	5906	-629	977	-1103
-1825	-704	4816	-333	116	-785
-1520	-159	3090	-43	-662	-603
-1354	394	1814	237	-1158	-621
-874	678	717	358	-1480	-469
-890	636	163	291	-1672	-188
-1866	316	-58	53	-2355	232
-3334	-517	-291	71	-2532	418
-2369	-774	-418	-295	-1199	-68
-1146	-1095	1176	-350	791	-1614
-766	1369	3604	-114	3045	-1813
-1957	1371	6547	1623	5405	776
-4860	966	10638	1898	4200	1695
-3538	14	12303	1056	2014	196
-3435	553	11480	982	-223	855
-2419	1379	8342	1239	-1658	1814
-1219	2311	5872	964	-1167	2077
-772	2434	4324	622	-442	2844
-350	1167	2893	373	-118	2776
-609	-311	1817	-228	-93	2429
-558	-502	754	-678	-1195	2079
-548	-383	209	-1090	-2523	1994
-866	-371	-9	-1183	-3805	2102
-1270	-553	-158	-963	-4674	2166
-2019	-656	-378	-694	-5283	1950
-5754	-2441	-2255	-940	-2852	187
-1042	-986	-2101	728	5103	-3520
132	1772	4069	2141	7684	-1456
-4216	186	9419	1686	8179	-623
-8470	2318	15222	-754	3547	-3053
-4832	3250	11432	-1687	-1997	-1978
-1539	2680	5790	-1664	-2301	-1192
-699	771	4185	-1531	-25	-698
-954	-907	3977	-1316	1067	-992
-849	-1669	3522	-862	1166	-1660
-829	-1364	3855	-358	1137	-2160
-1612	-1159	3383	59	-894	-1736
-1365	-655	1651	847	-3875	-831
-1037	191	-5	675	-6077	-749
-1049	284	-480	507	-6648	-484
-2618	910	-446	231	-6967	11
-3368	1417	-929	-294	-7369	834
-4184	1610	-1514	-353	-5944	1105
-2294	1742	-3721	-441	723	778
2832	325	1801	-1522	6820	1733
-1430	797	4344	-850	11246	-564
-8611	1303	9725	982	10118	5005
-7169	-1880	18584	1643	7825	1897
-6311	-1176	14329	1508	-1453	1178
-2930	607	7695	1024	-3246	-113
-370	1757	4664	767	-2562	203
745	1434	2946	599	-1988	685
402	745	2036	1289	-1909	1061
416	726	1051	1317	-2559	1279
284	337	237	608	-4015	1875
-333	350	-160	-447	-5467	2726
-822	183	-420	-1321	-5676	3012
-4614	-783	-852	-3043	-5869	1836
-4641	-1832	-577	-2941	-4692	-1782
-1856	-914	-607	-1293	-4968	-3616
-147	-153	-2829	975	-1586	-2534
-2601	2164	-2689	3256	9005	1836
-104	518	4539	3750	10922	184
-5675	91	8734	1101	12835	-1938
-7272	3513	17543	-65	8859	-4368
-6801	3217	15592	-578	-1616	-1032
-3402	1614	6205	-1052	-4093	-472
-1185	111	3492	-1420	-1334	-862
-918	-900	3895	-1409	141	-1330
-494	-789	3718	-1072	-14	-1689
-63	-624	3357	-1048	-832	-2130
-59	-25	1859	-451	-1426	-2115
-317	635	1150	500	-2263	-1041
-346	393	223	1364	-4455	-2
-802	412	-346	1690	-5190	905
-1078	-153	4177	-38	113	434
-1078	-153	4177	-38	113	434
-1078	-153	4177	-38	113	434
-1060	-195	4327	-77	122	430
-1310	-44	4400	-179	-15	396
-1541	72	4275	-320	-169	441
-1477	-12	3975	-479	60	203
-1526	-235	4131	-533	180	-40
-1825	-332	3891	-491	3	-381
-1956	130	3399	-443	19	-446
-1963	620	3124	-363	73	53
-1983	791	3027	-266	80	607
-2103	540	3239	-105	233	861
-2168	128	3795	-18	251	631
-1940	-175	4270	-52	170	169
-1918	-59	4659	-39	-121	-222
-1892	146	4515	79	-670	-289
-1576	431	3868	274	-760	-199
-1313	637	3343	436	-648	98
-1079	486	2821	552	-396	391
-931	266	2510	523	61	452
-917	106	2549	440	666	354
-1177	67	3039	393	1123	159
-1367	156	3580	419	1192	13
-1586	294	4045	445	998	-62
-1551	331	4209	483	596	-46
-1366	313	4111	492	267	-66
-1166	255	3925	480	107	-126
-1036	319	3727	464	4	-209
-941	475	3561	472	17	-240
-875	627	3501	488	165	-138
-857	710	3673	472	400	6
-923	852	4038	443	471	169
-1095	852	4393	424	313	375
-1157	579	4280	435	93	363
-1154	359	3941	505	26	267
-1073	187	3585	619	158	38
-1025	349	3760	663	505	-154
-1077	614	4146	566	815	-389
-1217	994	4571	415	799	-501
-1594	1328	4485	354	415	-233
-1496	1421	3797	440	501	32
-1273	1313	3409	342	505	192
-1118	865	2702	271	194	654
-1413	321	2125	197	221	755
-1574	-297	1757	64	315	481
-1638	-527	1618	-278	511	-344
-2094	271	2188	-449	1171	-685
-2181	620	3618	-284	1875	-180
-2833	668	5641	-76	1728	349
-2961	-128	6835	-40	1008	207
-2999	28	7373	-419	97	-730
-2935	686	6371	-797	-645	-1024
-2317	1157	5156	-988	-329	-752
-1636	879	4565	-1004	462	-446
-1517	215	4500	-976	1274	-424
-1485	-338	4548	-1002	1481	-546
-1379	-781	4675	-955	1451	-806
-1325	-260	4853	-913	1144	-1086
-1269	126	4371	-800	16	-1002
-1183	317	3128	-531	-1360	-888
-1084	715	1501	-264	-2869	-454
-761	766	288	114	-3539	770
-234	438	-99	476	-4108	1759
-53	228	-274	249	-4372	2359
-1179	-280	-904	-929	-2457	2171
-7203	-526	-831	510	-99	-767
1365	112	2341	46	3941	-1064
-239	964	8544	327	4267	-46
-5085	2280	11563	772	2139	619
-5050	855	10890	577	-1128	741
-2974	-238	7649	470	-2743	331
-1055	-745	4649	684	-1694	-31
-725	328	3791	1084	398	-202
-687	1704	4039	1259	1478	-176
-536	2035	3754	1085	1754	467
-391	1023	3330	687	1515	891
-795	194	3356	251	1246	988
-929	-241	2400	-249	-664	945
-1000	-580	813	-495	-2462	810
-744	-259	-29	-589	-3067	108
-773	-272	-37	-798	-3312	-570
-1221	-345	-78	-868	-4114	-1194
-4237	40	-957	-576	-5203	-2124
-6015	1125	-2348	748	635	-2171
3156	742	4035	1662	5898	850
-1692	-1969	10200	1358	5631	-395
-6814	696	12920	361	2453	-2561
-5247	2420	10117	-330	-1902	-2020
-1713	2555	5858	-660	-2410	-1114
-762	1771	3786	-1020	-569	-513
-1026	73	3324	-1236	1612	-462
-1656	-748	4565	-1090	2992	-587
-1318	-349	4765	-607	2560	-224
-132	-225	4350	-68	2080	-77
-839	-230	3961	-164	170	-823
-1055	203	2328	128	-1770	-734
-819	403	343	560	-3840	478
-717	259	-232	442	-3819	1110
-1867	-283	-3	142	-4712	1175
-3855	-639	-1078	53	-5614	1175
-5172	816	-1898	-318	-1602	1183
2006	-20	1317	-671	2533	507
1987	2098	5765	-1308	6217	-2083
-5261	3806	9609	142	5740	1539
-5997	719	12190	314	1958	3709
-3769	-718	9988	346	-1485	1992
-1957	-1497	5665	505	-2000	939
-950	-370	3948	890	-300	173
-651	1293	3667	1041	1143	99
-682	1683	3504	828	1650	485
-620	1228	3906	610	1895	855
-692	686	3321	272	531	1360
-968	67	2307	-154	-549	1744
-767	-422	827	-425	-2465	1403
-592	-389	-61	-646	-2808	566
-943	-408	-16	-705	-3165	-398
-1901	-563	-69	-727	-4109	-1499
-5080	-978	-1560	-944	-4125	-3451
-4337	652	-1417	346	2163	-3205
2384	425	6449	1691	6078	2447
-2967	-1958	12037	1558	4635	-1828
-6876	1644	12423	377	-101	-3266
-3841	2856	8069	-737	-3125	-2515
-939	3081	4419	-1120	-2467	-995
-420	1653	3370	-1215	-180	-19
-685	-171	3294	-1207	1893	185
-1551	-513	4463	-881	2824	303
-1179	-545	4539	-537	2476	526
-527	-226	3713	-272	1352	33
-2130	995	2367	-255	406	1232
-2209	239	3167	-73	971	1182
-2206	-252	4454	82	944	760
-2267	-375	5270	127	266	183
-2322	-3	5176	212	-640	-56
-1961	528	4391	346	-1044	-34
-1495	966	3685	437	-1099	272
-1106	921	2987	463	-959	605
-855	717	2436	473	-557	826
-835	401	2099	398	43	777
-966	223	2133	328	768	534
-1219	61	2599	350	1291	320
-1554	195	3289	375	1512	112
-1756	445	4058	398	1337	120
-1695	500	4477	394	808	107
-1559	454	4510	305	329	-43
-1344	490	4223	250	-178	-202
-1160	641	3739	215	-490	-256
-1018	794	3255	190	-417	-74
-968	883	3145	169	46	124
-1121	922	3538	143	530	158
-1308	771	4112	204	711	320
-1422	609	4640	319	620	366
-1360	500	5061	395	247	262
-1220	519	5075	327	-183	-83
-941	436	4829	250	-315	-436
-747	340	4450	293	-342	-648
-817	410	4075	362	-292	-862
-1774	718	3564	445	-396	-540
-2307	518	2806	627	95	-460
-2228	1001	2379	677	736	-564
-2320	1072	2344	923	1216	109
-2475	921	3021	864	1131	354
-2727	612	3529	552	825	130
-2213	733	3804	149	650	-258
-2040	1224	3942	-301	708	-343
-1757	1155	3848	-437	534	17
-1553	693	3846	-573	521	-178
-1506	258	3626	-749	125	-333
-1345	138	2945	-823	-300	-501
-1176	145	2277	-774	-261	-441
-935	118	1968	-584	250	-348
-932	93	2386	-231	970	-211
-1302	36	3409	-105	1547	-215
-1720	112	4460	-243	1534	-238
-1978	109	5192	-474	988	-327
-1836	448	4795	-735	150	-457
-1748	757	4296	-798	197	-202
-1571	486	4509	-657	1002	-94
-1802	238	5599	-529	1987	-172
-2035	204	6817	-577	1722	-205
-1947	140	6309	-798	496	-321
-1690	238	4780	-781	-698	-316
-1466	193	3040	-536	-1474	65
-1118	121	1440	-385	-1800	396
-854	55	417	-448	-1723	482
-612	-16	69	-315	-1745	532
-2104	227	-45	24	-2680	376
-3336	-512	-676	182	-2222	-339
-1920	-801	199	-183	619	-763
-1639	616	3156	418	2599	-746
-1827	2892	6815	643	3612	144
-4512	2399	10347	1354	2661	2156
-5138	1171	10983	897	-353	1429
-2986	310	8962	605	-1734	639
-1991	268	6668	775	-1339	843
-1265	1356	5727	994	-109	1206
-921	1928	5279	719	1011	1387
-762	1580	4775	396	961	1830
-520	743	3774	435	211	2239
-630	-49	2316	253	-565	2471
-1002	-571	1012	9	-1641	2344
-1145	-224	122	-445	-2692	1571
-1104	-178	62	-740	-3860	1089
-1369	-347	-13	-663	-5306	619
-2442	-353	-406	-1018	-7081	-78
-4614	-476	-2201	-594	-5138	-1281
-3181	282	-2193	383	177	-1336
3177	147	2167	885	7747	-514
-2327	-1702	6327	1554	8673	-930
-7168	1611	10548	710	6840	-4382
-6706	3744	12189	-18	2214	-2573
-4315	3705	9449	-734	-1369	-1816
-1987	1454	5559	-954	-1434	-916
-1286	-253	4572	-1081	326	-1089
-1201	-765	4161	-738	756	-1508
-424	-774	3044	-475	617	-1868
-627	-37	2459	-394	-373	-2422
-436	224	1438	-7	-1565	-2201
-222	344	449	450	-2765	-835
-516	220	-152	740	-3583	470
-1193	394	-270	881	-3649	984
-2105	571	-342	342	-4644	1167
-2415	669	-839	-115	-4623	1257
-5616	1289	-1801	547	-2488	886
-2568	1029	-1079	-1340	4036	-127
5056	1739	7783	-2081	7181	-282
-7085	3653	9427	-591	6041	264
-8292	924	13301	71	2429	3865
-4189	-151	10322	375	-2480	3011
-2295	-837	6055	786	-2462	1723
-1311	544	4377	868	-245	859
-1071	1246	4860	656	1418	601
-1474	1180	5053	625	1419	746
-807	556	4577	775	540	1358
-351	221	3497	516	-310	1586
-434	-158	1808	120	-1795	2122
-256	-222	439	-224	-3330	1975
-265	-125	-198	-582	-3853	1338
-988	-56	-82	-1121	-3959	538
-2340	-296	-152	-1994	-5404	-1105
-4021	-197	-1425	-1266	-5292	-4483
-6273	1418	-2364	134	-792	-6012
2503	2462	-920	696	5335	222
1035	-1740	7003	2933	7717	5372
-4805	-831	11509	978	6150	-3828
-7198	2674	11847	191	1276	-3176
-4067	3247	7718	-515	-1330	-2350
-1890	2622	5744	-695	-790	-1027
-1567	667	4612	-635	343	-413
-1540	-686	4467	-639	1446	-1017
-1526	-875	4011	-623	1436	-1496
-836	-190	3553	-464	1506	-1358
-869	126	3677	-323	785	-1317
-544	385	2326	-278	-1091	-1420
-558	741	949	218	-2131	-701
-453	474	154	837	-3194	423
-737	475	-208	1037	-3785	1342
-1740	841	-204	51	-4152	1819
-3289	165	-786	-439	-4823	2049
-1335	-471	3809	-220	16	579
-1170	-437	3579	-120	-56	449
-1121	-297	3570	49	141	395
-1025	-244	3870	185	282	379
-1076	-201	4273	235	285	291
-1157	-137	4516	185	-87	224
-1088	-72	4356	56	-529	148
-908	-119	4028	-121	-627	60
-780	-294	3892	-180	-445	-67
-703	-117	3995	-227	-157	-107
-755	66	4310	-348	-119	94
-1131	419	4629	-449	-227	306
-1850	-115	4464	-645	-385	115
-2102	-379	3881	-899	-331	-93
-2172	-396	2977	-1097	36	-298
-1972	88	2781	-899	685	-178
-2094	719	3359	-344	1217	250
-2489	1126	4432	-74	1070	521
-2290	425	5172	86	214	782
-1930	-581	5018	243	-723	563
-1574	-893	4234	422	-1077	132
-1281	-598	3649	580	-884	-239
-1160	-83	3238	680	-653	-337
-1009	414	2928	761	-414	-249
-925	588	2628	785	-207	-147
-836	449	2345	709	109	-149
-904	276	2400	481	650	-304
-944	359	2825	252	1046	-328
-1069	414	3473	187	1260	-206
-1339	482	4068	222	933	-51
-1229	494	4293	206	491	40
-1229	393	4275	203	85	105
-1123	411	4105	150	-234	105
-975	304	3880	146	-336	46
-854	386	3811	189	-157	45
-763	435	3872	245	189	106
-700	227	4217	165	746	-17
-801	349	4711	193	1029	-36
-892	399	5069	326	944	48
-889	352	5057	453	531	-70
-803	326	4667	447	60	-232
-961	471	3904	420	-352	-295
-1196	709	2847	426	-85	-281
-1073	755	2071	417	323	-205
-1112	617	1576	473	469	60
-1460	174	1495	296	553	293
-1827	-128	1923	-158	943	70
-2276	-71	3088	-364	1334	98
-2817	-210	4638	-74	1107	16
-2217	-33	5707	192	831	-162
-2227	66	6746	45	543	-314
-2577	323	7170	-224	251	-721
-2648	539	6959	-584	2	-940
-2271	492	6065	-907	-148	-681
-1761	94	5045	-1174	259	-788
-1457	-10	4539	-1145	1139	-882
-1269	-134	4513	-984	1578	-576
-986	-146	4539	-812	1681	-394
-870	333	4197	-695	1006	-243
-736	-22	3368	-550	-263	-34
-517	-193	2388	-230	-1555	-110
-511	137	1099	-103	-2936	85
-608	358	149	53	-3641	655
-388	-72	-308	-65	-3614	1064
-692	-510	-361	10	-3358	947
-3426	-649	-860	386	-2497	607
-5206	-360	-1705	-999	-251	-487
2059	119	2032	-916	5911	-844
-1810	791	9645	27	4850	-1683
-4723	3451	11111	502	186	1153
-4193	1469	8974	539	-1411	3200
-2244	-545	7240	403	-1651	2041
-857	-1588	5585	496	-353	938
-1465	-604	5322	965	1251	443
-1702	983	5908	939	1874	295
-1517	1753	5920	727	1132	730
-1235	1364	5634	670	366	1317
-499	578	4026	627	-686	1383
-183	44	2124	228	-1383	1187
-515	-157	1003	-261	-1586	1114
-491	-172	66	-675	-2397	1112
-501	-196	-156	-864	-2824	929
-747	-237	-190	-1054	-3147	555
-1711	-455	-200	-1052	-3613	-51
-4454	-362	-1361	-181	-3684	-1207
-2995	-423	-2239	765	2162	-1552
1053	204	3760	1720	7358	363
-1594	-3058	8897	1775	7515	691
-7278	-1143	14586	606	3174	-3975
-5537	2261	11238	-4	-1938	-3010
-1802	3224	6356	-800	-2617	-1811
-553	2336	3785	-1399	-633	-880
-1060	180	3547	-1435	1488	-216
-1394	-1020	3920	-1335	2273	-272
-1140	-1194	5131	-933	2814	-700
-1179	-974	5578	-373	1243	-904
-1125	-686	4165	-26	-1027	-1234
-935	-100	2052	372	-3057	-1008
-596	319	222	629	-4487	-277
-292	231	-289	476	-4598	89
-467	113	-295	516	-4384	390
-2280	484	-275	379	-5167	745
-4809	721	-1561	59	-4287	1279
-3864	1165	-1811	-429	1222	1081
3573	279	2532	-1013	5916	227
-184	1474	4937	-882	8468	-828
-4948	1552	11015	285	7954	3398
-5878	-985	15608	360	1040	2164
-3177	-1393	8961	623	-2828	1461
-1195	-689	5071	830	-2167	457
-354	542	3644	918	-137	259
-532	1586	4214	719	1817	377
-692	1244	4872	357	1414	1101
-768	613	4080	290	601	1631
-967	98	2823	-117	-184	1700
-1131	-238	1531	-458	-1555	1629
-1012	-332	265	-736	-2672	1204
-1231	-363	-63	-904	-3269	544
-1954	-447	-135	-1148	-4261	-527
-3378	-440	-797	-675	-4485	-1929
-3989	-400	-1542	164	-1806	-2803
2139	-919	-665	504	3976	-989
-308	-1314	5420	2105	5206	1515
-2050	-1090	9880	1756	4839	-2132
-5559	2021	11692	241	2732	-3779
-4218	2976	10442	-707	285	-2515
-2198	1974	7377	-1156	-990	-1123
-1324	56	5242	-1359	-250	-1237
-1238	-844	4504	-1267	640	-1366
-1011	-1095	4338	-836	1121	-1186
-922	408	3547	29	58	-8
-920	306	3726	-49	164	-28
-974	300	3952	-61	263	-58
-1168	312	4149	-47	257	-47
-1252	345	4345	3	170	-55
-1215	361	4495	62	55	-72
-1058	365	4628	144	4	-155
-1103	585	4674	225	-146	-183
-1390	594	4654	313	-339	-87
-1156	872	4441	503	-62	56
-1110	833	4566	589	21	328
-1672	916	4278	400	-486	335
-1673	543	3395	161	-546	266
-1679	-240	2764	-17	-172	-358
-1938	-589	2515	-49	269	-953
-2339	-511	2664	67	568	-1154
-2360	71	3239	249	848	-755
-2201	482	4181	347	801	-311
-2136	874	4833	277	231	-16
-2067	905	5015	0	-349	233
-1776	507	4422	-442	-873	-30
-1438	191	3606	-772	-954	-310
-1117	10	2906	-847	-760	-280
-923	-73	2397	-763	-434	-238
-803	-51	2181	-559	193	-206
-910	-46	2473	-324	911	-103
-1161	-63	3113	-150	1268	0
-1302	-27	3642	-140	1145	11
-1432	55	4039	-174	918	24
-1437	138	4182	-253	448	7
-1296	253	3962	-313	51	85
-1103	41	3755	-277	-74	199
-1037	-188	3746	-231	-49	98
-1030	-269	3880	-213	-72	-22
-1008	-444	3989	-251	-170	-150
-942	-513	3883	-338	-193	-405
-965	-345	3844	-395	17	-541
-1195	-46	4132	-373	292	-443
-1299	-9	4735	-218	495	-138
-1372	21	5288	-19	717	229
-1349	-124	5678	81	604	641
-1195	-576	5449	-20	302	689
-1079	-795	4676	-314	159	191
-1056	-487	3585	-597	-237	-256
-1187	22	2203	-707	-637	-365
-1232	663	882	-582	-823	-293
-1558	867	200	-192	-107	477
-1810	162	627	298	1161	1089
-1873	-386	1854	477	2225	852
-2226	-461	4644	342	2174	276
-2900	432	6722	84	892	-276
-2125	887	7622	151	633	80
-2146	846	8172	749	-186	725
-2087	288	6649	954	-909	791
-1354	-37	5235	940	-700	273
-1119	373	4051	1184	-231	513
-781	821	3442	1325	847	789
-420	973	3721	1222	1802	799
-650	491	4157	761	1758	449
-661	207	3657	213	685	77
-1035	-124	2723	-253	-856	90
-1042	-342	1176	-417	-2579	246
-440	-367	-88	-398	-3369	127
-1214	-64	-188	-493	-3344	-192
-4295	256	-945	-466	-4061	-578
-2706	741	-1460	292	52	-475
17	795	3138	908	4806	715
-940	-2256	9199	1312	4935	1267
-5058	-1062	11203	396	1602	-2151
-5827	727	10216	-194	-1042	-2138
-2319	1605	7182	-514	-1985	-1480
-1217	1660	4789	-910	-813	-1321
-1507	465	4090	-1154	1036	-1110
-1851	-292	4823	-1161	1981	-999
-1658	-35	5342	-903	1742	-714
-804	188	4705	-618	531	-199
-618	-110	3339	-241	-929	87
-644	-124	1772	176	-2077	223
-788	144	248	383	-3322	710
-646	143	-174	392	-3437	1153
-1105	-92	21	152	-4381	1423
-2280	-220	-296	-113	-6037	1349
-3901	-287	-1523	-375	-4957	1002
-3134	665	-1807	-165	-48	362
2457	638	2175	-371	5368	-298
-24	1305	6329	-954	7643	-1141
-4968	1679	9430	233	6325	2136
-4956	-1215	13221	526	3723	1995
-3459	-1311	10500	889	-1491	605
-1867	-431	5890	1160	-1894	150
-761	881	4165	1345	-374	227
-496	1721	4185	1079	1039	327
-398	1519	3893	652	952	711
-671	810	3331	360	738	1099
-743	207	2474	-31	451	1316
-988	-259	1375	-404	-1019	1359
-567	-218	249	-638	-2280	934
-604	-394	-105	-844	-2446	463
-998	-196	-57	-821	-2679	-93
-3311	268	-174	-977	-3707	-860
-6157	800	-1875	-22	-758	-2171
2708	-209	2146	616	5754	-29
-307	-2592	8870	1867	4887	881
-4736	-784	11837	920	1736	-2618
-5766	1917	10233	-189	-1123	-3444
-2656	2472	7103	-714	-2288	-1807
-902	2029	5008	-1004	-1744	-1229
-985	455	3742	-1056	120	-642
-1155	-725	4132	-1014	1503	-876
-1032	-675	4449	-819	1625	-1059
-587	-461	4234	-471	902	-1083
-954	-401	3636	-43	-445	-1198
-1127	286	2018	278	-2036	-1019
-914	822	446	583	-3301	136
-944	571	-238	707	-3544	1304
-1923	431	-36	108	-4288	1997
-3720	-125	-755	-136	-5276	2419
-4705	-291	-1753	-632	-2334	1370
2280	195	-728	-1038	2979	-621
1667	1222	5866	-1142	5076	-1137
-3033	2276	9799	-18	5244	529
-5022	499	11789	607	2200	3248
-3207	-792	9715	520	-1579	1530
-1210	-1327	5585	743	-1972	920
-231	-390	3762	1192	-618	575
-161	608	3406	1301	1209	173
-578	1086	3651	883	1851	197
-1028	830	3994	357	2056	389
-902	569	3926	6	1429	479
-1213	219	3077	-396	-606	474
-991	170	3535	143	-35	155
-867	263	3651	112	122	138
-886	385	3868	56	159	139
-1560	-482	4171	-194	1256	-52
-1560	-482	4171	-194	1256	-52
-1560	-482	4171	-194	1256	-52
-1560	-482	4171	-194	1256	-52
-1560	-482	4171	-194	1256	-52
-1560	-482	4171	-194	1256	-52
-1560	-482	4171	-194	1256	-52
-1560	-482	4171	-194	1256	-52
-1560	-482	4171	-194	1256	-52
-1560	-482	4171	-194	1256	-52
-1560	-482	4171	-194	1256	-52
-1560	-482	4171	-194	1256	-52
-1560	-482	4171	-194	1256	-52
-1560	-482	4171	-194	1256	-52
-1560	-482	4171	-194	1256	-52
-1560	-482	4171	-194	1256	-52
-1560	-482	4171	-194	1256	-52
-1560	-482	4171	-194	1256	-52
-1560	-482	4171	-194	1256	-52
-1560	-482	4171	-194	1256	-52
-1560	-482	4171	-194	1256	-52
-1560	-482	4171	-194	1256	-52
-1560	-482	4171	-194	1256	-52
-1560	-482	4171	-194	1256	-52
-1560	-482	4171	-194	1256	-52
-1560	-482	4171	-194	1256	-52
-1560	-482	4171	-194	1256	-52
-1560	-482	4171	-194	1256	-52
-1560	-482	4171	-194	1256	-52
-1560	-482	4171	-194	1256	-52
-1603	-150	4599	-171	748	-131
-1365	-60	4577	-234	168	-171
-1129	-259	4208	-333	-184	-246
-1121	-531	3966	-396	-126	-408
-1294	-610	4169	-260	238	-513
-1400	-407	4661	-32	606	-426
-1302	-239	5334	146	895	-183
-1257	-194	5906	124	633	-88
-1011	-114	5916	-22	32	-97
-888	-117	5292	-169	-626	-106
-800	-181	4178	-332	-1276	-175
-786	-11	2611	-539	-1720	-208
-868	472	1233	-562	-2078	61
-1308	531	98	-176	-2063	527
-2014	393	-623	323	-833	751
-1111	79	-428	431	1830	551
-1319	-236	2583	453	4187	-132
-3696	-328	6870	379	2204	-854
-3108	216	7980	176	-273	-367
-2048	604	7175	213	-1340	265
-1873	377	5714	542	-1450	610
-1088	-337	4710	638	-688	247
-1081	-184	4752	783	608	-64
-1415	420	5208	1002	1440	193
-1519	1104	5843	999	1685	349
-1364	1167	6625	809	1133	622
-1141	752	6067	690	-172	898
-709	167	4507	427	-1407	933
-383	-128	2506	133	-2226	979
-624	-488	740	-74	-2811	993
-564	-404	-151	-399	-2923	747
-608	-242	-199	-644	-2625	166
-2110	-639	-203	-770	-3176	-529
-3971	-1206	-1380	-115	-2696	-2062
-818	17	-1456	659	2367	-2493
8	2060	3050	1533	7302	582
-2944	-2157	11611	1305	5320	674
-4735	-424	11059	-151	1054	-2859
-4772	1493	9117	-901	-1245	-2387
-1968	1973	6493	-1271	-1996	-1465
-941	1128	4051	-1199	-827	-688
-1262	-402	3624	-1024	1599	-512
-1429	-911	4943	-761	2653	-349
-1434	-721	5571	-468	2017	-317
-1360	-281	4735	-347	604	-664
-824	-249	3184	-116	-871	-795
-1131	-258	2008	205	-1814	-587
-1138	289	549	377	-3055	-324
-412	260	-198	397	-3444	157
-299	182	-134	230	-3481	655
-841	283	-92	22	-4089	988
-4044	587	-1264	-108	-4917	1578
-5850	1142	-2346	-637	2344	1885
4036	-634	3994	-1381	7257	1127
-2140	154	10909	-450	9214	-1078
-7960	2131	16141	371	1418	2300
-4021	-558	9688	176	-3856	1702
-1414	-1126	4737	493	-3981	1287
68	-1020	2391	879	-1357	706
-178	276	2221	1086	1717	276
-777	1191	3646	727	3259	100
-1233	1244	5172	624	2802	469
-1154	818	5026	320	953	915
-1247	321	3878	2	-341	1331
-1392	-369	2024	-290	-2776	1379
-960	-436	103	-453	-4026	966
-976	-259	-201	-625	-4202	262
-2767	-127	-386	-943	-4992	-921
-4957	-163	-1588	-255	-3618	-2874
-1305	-79	-1749	344	1435	-2683
320	377	4310	1657	6707	3147
-2225	-3684	11771	2040	7047	-233
-6203	1325	12777	252	1005	-3737
-4229	2858	8738	-817	-1781	-2704
-1519	3056	5809	-1297	-1204	-941
-1031	775	4407	-1327	-346	20
-1022	-952	3663	-1188	1069	-209
-964	-1260	3894	-981	2035	-618
-929	-894	4465	-561	2084	-681
-913	-770	4027	-38	552	-768
-878	-506	2607	272	-1217	-896
-1062	140	1000	653	-2403	-415
-876	308	125	677	-3405	222
-867	263	-100	410	-4366	720
-2007	-84	-290	395	-5327	950
-4279	140	-1307	305	-4417	885
-4280	734	-1988	-541	494	-123
3480	998	2712	-1196	6001	-887
581	2304	7107	-1299	8046	-197
-7492	2113	14253	134	5430	3186
-5123	-1020	12099	60	-1663	2507
-2336	-1347	6736	340	-3418	1531
-391	-1293	3884	619	-2012	791
-83	43	2874	1050	46	342
-429	1157	3580	858	1932	172
-1065	982	4533	658	1820	576
-1188	686	4563	440	807	1072
-1106	371	3890	91	305	71
-1052	266	3839	62	309	46
-1061	165	3884	23	314	-62
-1141	110	3902	20	281	-167
-1271	225	3922	89	287	-187
-1475	232	3967	190	240	-227
-1576	111	3837	326	157	-386
-1586	41	3565	485	117	-562
-1703	-9	3194	663	-39	-670
-1805	73	2881	742	-115	-741
-1768	269	2887	520	363	-894
-1502	590	3599	180	1042	-814
-1408	683	4409	-19	1036	-351
-1518	582	4723	-188	748	-130
-1613	558	4832	-355	311	84
-1470	158	4332	-564	-83	230
-1172	-224	3783	-772	196	109
-923	-530	3519	-782	490	-136
-993	-555	3316	-630	650	-233
-1206	-594	3111	-459	828	-390
-1355	-547	3206	-309	1045	-563
-1456	-401	3475	-168	1202	-654
-1489	-133	3855	-97	1206	-634
-1586	-94	4263	-141	960	-629
-1716	-124	4494	-229	557	-592
-1785	-150	4480	-343	348	-476
-1785	-35	4679	-367	216	-233
-1762	-9	4915	-262	148	106
-1575	-172	4912	-198	-29	255
-1157	-476	4523	-212	-280	227
-876	-664	3893	-344	-261	88
-814	-413	3465	-481	-43	-47
-878	110	3077	-493	-74	296
-2394	800	2643	-280	-698	934
-3077	687	1495	62	-894	1639
-1922	-308	1701	-60	847	980
-1899	-648	3747	-9	1504	786
-2690	-573	4927	-43	715	188
-2777	31	4919	-192	29	-319
-2335	470	4581	-140	-200	-231
-1892	408	4230	209	-334	358
-1519	211	3612	476	-297	709
-1120	-8	2978	708	-155	1038
-1029	-131	2685	735	-29	971
-1155	-15	2446	699	-4	657
-1128	208	2225	644	355	334
-1233	242	2630	565	989	128
-1450	284	3744	567	1224	155
-1637	-4	4799	586	1057	-77
-1343	616	5823	786	1269	131
-1666	670	6735	1007	984	700
-1709	806	6186	949	-204	299
-1285	645	4585	781	-1062	-17
-700	118	3132	625	-1370	-228
-33	-260	1834	540	-1545	-430
-604	-211	933	427	-1696	-457
-2954	-267	-220	-136	-2612	-746
-2897	769	-936	-139	-46	-778
-768	1812	414	-175	2929	-41
-3086	952	4127	605	3988	3106
-1955	-1689	7653	364	3780	156
-4023	520	9541	-669	3442	-1192
-5618	2123	11887	-1544	1220	-1001
-2992	1633	8725	-2074	-1535	-136
-1754	576	5187	-2430	-1904	-398
-797	-1004	3340	-2440	-62	-892
-904	-1935	3882	-1672	2053	-971
-1483	-1311	4503	-505	2285	-1032
-1152	-1005	3909	468	853	-1414
-1538	-734	2792	1515	-1071	-1587
-1832	-298	1186	1017	-3247	-1162
-824	-126	13	663	-4627	-769
-699	217	-75	741	-5452	-308
-2007	770	-2	194	-7273	334
-4777	1020	-1677	102	-7703	1523
-4423	1396	-1433	-531	-3549	2332
1964	131	-1623	-565	41	1134
653	284	351	-1509	6338	-1975
-3093	832	3472	335	10327	1307
-5473	-1183	8744	1977	10671	4729
-9260	-1507	23018	1484	7299	344
-5875	619	15632	758	-2845	590
-2494	1314	6483	983	-4556	1208
-438	1356	3317	779	-2816	1455
484	610	1942	322	-1455	989
255	308	1079	250	-260	820
-390	306	619	-242	-90	927
-871	161	360	-993	-1158	1055
-1026	-90	170	-1252	-3191	1077
-1977	-400	60	-1287	-5329	655
-2045	-1081	-829	-959	-5912	-425
-1595	-973	-623	-283	-4059	-1883
-3784	-182	-1130	311	-2982	-2804
-3084	-22	-2717	735	2512	-2221
1440	1749	2037	1985	6525	315
-1817	2401	5217	1267	9269	289
-6798	1292	12873	-960	9843	-1032
-8117	2316	19875	-2305	1536	-982
-3637	1024	9708	-1981	-4169	-126
-1116	-289	4743	-1665	-2343	-278
-285	-1573	3762	-1363	-560	-379
-544	-1695	3293	-685	-380	-896
-634	-1099	2244	-243	-733	-1831
-570	-687	1549	437	-796	-2365
-696	75	1053	806	-2465	-1687
-482	168	-83	1107	-4853	-338
-1881	262	-49	983	-5604	351
-3736	444	-782	1292	-7270	1882
-3882	638	-1055	393	-5686	3458
-6312	40	-2185	-114	-3150	2573
1410	-1009	-1138	-1116	5025	-685
3900	613	3667	-2354	6338	-2775
-8180	3289	6908	-283	10987	438
-7179	-1626	15929	1638	9278	5925
-5637	-1795	16070	1190	-865	1027
-3747	-385	7719	1381	-3446	-32
-976	698	4880	1045	-2276	-44
-242	1022	3825	845	-1717	41
193	984	2411	776	-1433	494
449	463	1615	814	-1047	895
403	223	993	548	-1763	1161
44	760	368	147	-2795	1409
-640	523	-92	-1574	-3741	1456
-2613	-517	242	-1990	-5053	1156
-4424	-1585	-1416	-1975	-6673	-802
-4639	-664	-617	-916	-4094	-3352
-5842	923	-1971	89	-2388	-3045
1106	978	-1296	2285	6718	1035
1735	-1701	6324	3811	7776	2400
-6572	-1149	9960	1271	8218	-2342
-1449	359	4075	22	660	-819
-1406	466	4115	-35	357	-691
-1213	485	3871	-94	87	-541
-1050	374	3656	-132	59	-397
-975	201	3563	-164	133	-273
-939	107	3688	-175	310	-153
-1013	27	4060	-144	382	-16
-1031	-34	4321	-133	244	74
-1046	-166	4405	-185	7	36
-1180	-241	4346	-273	-265	-67
-1233	-327	4132	-306	-466	-93
-1106	-460	3984	-199	-349	-27
-985	-464	3930	-74	38	58
-1105	-201	4179	-13	548	271
-1466	147	4758	-49	642	592
-1839	30	4990	-202	500	654
-1802	-354	4979	-476	98	225
-1582	-340	4203	-690	-585	-89
-1454	330	3067	-772	-709	-36
-1550	1049	2140	-536	-608	619
-1837	1378	1658	-233	213	1445
-2327	747	2515	-75	1360	1668
-2205	-414	4100	-25	1754	1383
-2074	-1128	5370	131	1139	535
-2355	-772	5843	272	-173	-361
-2147	-49	4825	384	-1172	-656
-1531	709	3724	551	-1364	-374
-990	986	2831	626	-1234	194
-591	916	2103	658	-673	622
-430	586	1734	528	162	745
-653	384	2052	365	1092	715
-1024	350	2794	248	1701	697
-1348	343	3539	265	1577	775
-1468	303	4117	318	1270	749
-1544	455	4554	297	812	792
-1447	258	4751	226	307	658
-1346	69	4660	229	-212	227
-1442	190	4401	312	-594	-47
-1385	322	4315	347	-518	-18
-949	133	4557	303	-164	-171
-747	509	4884	335	12	-338
-571	953	4802	517	-105	-241
-373	781	4167	597	-280	-274
-663	621	3421	525	-281	-476
-2093	572	2536	460	-865	-335
-2310	320	964	628	-541	-94
-1667	280	703	625	644	-180
-1305	209	1606	264	1402	-276
-2061	188	3374	5	1624	25
-2770	-224	5376	33	1124	212
-2802	-312	6056	163	72	-584
-2366	584	5597	13	-329	-1220
-2274	793	5674	-231	-577	-1214
-1889	770	5298	-392	-285	-961
-1535	347	5186	-627	275	-751
-1497	-173	4903	-874	695	-956
-1627	-226	4477	-1042	1066	-1210
-1636	-328	4344	-1092	1483	-1452
-1506	-46	4837	-850	1838	-1452
-1198	394	5331	-463	1491	-746
-1108	-107	4855	-215	182	-371
-1064	-75	3133	14	-1545	-593
-1064	290	1232	76	-2738	-278
-648	537	110	110	-3269	460
-246	232	-146	125	-3730	894
-647	261	-504	202	-3237	1055
-5393	-375	-558	-657	-2493	693
-2560	-186	-1104	-625	128	-366
1343	-299	2593	-231	3196	-684
-1579	2211	7694	-353	5036	-49
-4482	2157	9930	413	3372	2417
-5035	-95	11304	308	460	1910
-2689	-877	8165	358	-1750	981
-1361	-1016	5341	775	-1193	744
-1003	276	4301	1304	310	720
-802	1577	4305	1272	1504	550
-309	1675	4280	981	1809	998
-531	720	4228	679	1206	1397
-937	-72	3616	142	564	1204
-869	-233	2279	-528	-806	914
-678	-320	749	-882	-2617	597
-423	-201	-85	-1019	-3231	248
-823	-242	37	-1020	-3382	-138
-2963	-25	60	-900	-5447	-614
-5427	150	-2075	28	-3638	-1688
-2936	-548	-1278	140	1684	-1511
2241	-1361	4318	1360	4903	1020
-2060	-2360	8876	1089	6268	-1824
-6439	1402	11096	522	3103	-3756
-4672	3412	10676	-195	230	-1801
-1988	3116	6867	-799	-1261	-936
-1477	1449	4281	-1447	-487	-522
-1470	-646	3697	-1577	1082	-298
-1529	-1368	4569	-1164	1802	-425
-1071	-1040	5058	-588	1780	-425
-915	-474	4149	-221	328	-666
-878	-349	2539	32	-960	-769
-1068	-165	1299	438	-1932	-851
-653	328	147	510	-2733	-614
-807	404	-15	233	-3176	-209
-1619	323	15	-42	-4344	344
-4186	270	-1119	10	-4942	1414
-4840	1048	-1436	-327	-504	2193
1937	368	1613	-405	2373	1332
1307	2880	5348	-707	6789	-673
-4861	2331	10026	219	5644	3038
-6169	-1062	13175	231	1617	3270
-3869	-1689	9295	461	-1838	1525
-1636	-897	5825	761	-1759	704
-595	546	4239	1036	-549	457
-418	1635	3712	866	822	368
-414	1585	3211	679	998	1120
-292	858	2584	619	1271	2034
-691	33	2223	430	687	2375
-847	-335	1434	-193	-1079	2316
-1019	-447	225	-627	-2341	1527
-1236	-518	4	-692	-2663	411
-1971	-645	-71	-810	-3718	-890
-4536	-219	-633	-858	-4214	-2994
-5768	305	-1754	89	53	-4388
4455	696	4395	566	4608	532
-1178	-3727	10081	2370	4001	693
-5800	1204	10069	816	866	-3824
-4581	3321	8252	-409	-303	-2835
-2088	3283	6938	-830	-776	-924
-1607	1536	5430	-1013	-376	138
-1372	-613	4456	-990	821	35
-1454	-1179	4680	-911	1534	-503
-1196	-807	4815	-660	1593	-588
-922	-637	4616	-267	685	-794
-1121	517	3516	148	-152	59
-1083	560	3462	84	53	128
-1123	603	3539	35	251	231
-1140	574	3673	-5	374	303
-1197	444	3837	-13	438	342
-1321	379	4026	-26	462	324
-1338	408	4253	-22	370	329
-1266	422	4407	-1	90	315
-1181	363	4368	-23	-304	237
-1025	274	3956	-100	-543	73
-816	63	3577	-174	-448	-160
-1187	99	3523	-162	-211	-326
-1634	215	3681	70	261	-243
-1752	564	4314	361	927	-122
-1940	784	4763	634	438	393
-1979	443	4314	664	-115	383
-1814	75	3623	521	-563	-109
-1834	-210	2858	379	-509	-638
-1835	-58	2231	300	-83	-914
-1799	358	2175	234	713	-913
-1967	577	2864	233	1163	-604
-2198	670	3622	228	1166	-341
-2051	479	4276	67	940	-117
-1957	285	4583	-172	429	-140
-1877	273	4203	-435	25	-223
-1595	311	3664	-612	54	-365
-1185	429	3329	-718	257	-400
-1113	477	3169	-694	535	-314
-1182	344	3096	-603	640	-111
-1234	209	2998	-554	850	-17
-1328	121	3313	-499	1155	49
-1346	-22	3878	-423	1234	29
-1489	-230	4428	-403	880	-153
-1578	-95	4386	-547	334	-377
-1426	2	3952	-648	244	-270
-1296	-193	3816	-657	304	-185
-1509	-371	3729	-633	342	-238
-1764	-164	3905	-552	574	-213
-1866	-144	4413	-381	718	-12
-1798	-55	5042	-210	931	180
-1630	-103	5779	-144	836	449
-1496	-350	6009	-254	114	542
-1323	-568	5290	-431	-857	444
-1058	-428	3830	-541	-1546	287
-912	-126	2288	-571	-1838	293
-1049	349	909	-539	-2109	214
-1277	737	-59	-210	-1939	822
-1399	436	-550	309	-712	1573
-1268	-365	-211	574	1406	1108
-1847	-727	1938	419	1960	187
-3434	-58	5752	204	1703	-441
-3007	1270	7192	-331	-9	-57
-2399	1339	7502	-100	-258	774
-2830	955	6836	437	-478	1155
-2295	-110	6293	520	-272	937
-1962	-289	6454	586	437	456
-1958	199	6227	889	812	693
-1535	1116	5853	1072	1026	766
-1061	1710	5594	945	1097	946
-791	1327	5031	743	659	1383
-533	365	3604	543	-180	1675
-665	-308	1957	46	-525	1583
-582	-564	775	-506	-1214	1416
-329	-360	44	-912	-1922	849
-452	-340	-153	-1018	-2237	227
-1611	-494	22	-976	-2772	-296
-4128	-194	-690	-663	-4119	-1630
-3609	501	-1301	218	-398	-2222
2405	747	863	678	3553	-141
-1393	-1549	5927	1753	4770	2025
-4236	-1204	9713	989	4017	-2093
-6654	1731	10621	-298	2336	-3497
-4813	2372	10801	-812	55	-2006
-2791	1632	7622	-936	-1742	-1359
-1853	-114	5080	-954	-753	-1380
-1575	-954	4651	-718	190	-1473
-973	-598	3638	-487	536	-1344
-415	-263	2742	-95	383	-1415
-130	-127	1668	246	-187	-1567
-606	75	1044	485	-925	-1616
-454	273	189	631	-1556	-1006
-866	485	-49	725	-2163	-205
-1314	540	68	198	-3084	624
-1338	392	-209	-102	-3948	1198
-2126	742	-519	-237	-3684	1553
-6001	783	-1253	509	-2765	1431
-2389	676	-292	-842	3848	230
3830	585	6400	-825	5850	816
-5479	3374	10472	-70	5822	271
-8160	1340	15053	-14	944	3579
-4068	-755	9512	78	-3537	2435
-1294	-1969	5019	345	-2600	1718
-718	-746	3672	507	289	388
-1122	857	4342	411	2020	-33
-780	1603	4463	402	1522	814
-524	938	4435	534	1027	1622
-574	351	3094	425	-546	1738
-867	73	1889	-154	-1630	1945
-502	-92	414	-523	-3198	1510
-622	-271	-212	-772	-3341	889
-1429	-389	28	-730	-3890	-62
-2680	-560	-373	-1235	-5562	-1531
-5361	328	-1463	-541	-4181	-3718
-4562	-251	-1862	348	155	-3340
3128	645	3198	1135	5711	2156
-702	-3306	8711	1920	6658	1869
-5966	1073	11955	413	4463	-4268
-5626	3097	11346	-359	685	-2468
-3125	2412	8610	-976	-1091	-1000
-1760	529	5431	-1249	-1112	-692
-1223	-840	4256	-1316	400	-1104
-1262	-897	3938	-1103	719	-1228
-836	-480	3626	-522	1191	-871
-782	-116	3215	-6	412	-720
-553	48	2058	394	-603	-878
-724	324	978	675	-1654	-654
-969	391	247	802	-3097	-97
-1003	498	-166	652	-3786	543
-2415	161	-118	306	-4893	1237
-3442	-87	-977	-102	-4723	1934
-4704	616	-1604	-29	-1735	1744
1645	300	-359	-732	3189	-4
3490	2183	5889	-1206	6020	-1282
-4899	2866	9582	-69	6077	1933
-6047	-517	12163	159	2893	3151
-4093	-1002	11290	232	-826	1838
-1947	-1280	6600	504	-1410	714
-1186	396	5336	788	-133	249
-935	1346	5059	738	513	185
-474	1308	4146	512	411	824
-1422	-84	3446	-36	-407	-311
-1427	-116	3316	9	-276	-477
-1473	-50	3257	104	-62	-481
-1530	80	3419	224	78	-445
-1616	251	3675	291	158	-315
-1679	308	3872	234	233	-297
-1616	193	3982	91	271	-317
-1558	135	4040	-76	249	-382
-1501	195	3975	-192	132	-327
-1390	237	3874	-252	82	-256
-1267	123	3855	-276	52	-252
-1170	-19	3795	-275	-9	-284
-1101	-67	3575	-270	106	-282
-1124	-74	3451	-243	332	-284
-1168	-53	3419	-202	575	-302
-1242	32	3549	-179	776	-307
-1257	68	3643	-151	849	-272
-1342	113	3699	-120	876	-256
-1420	150	3707	-91	915	-186
-1394	89	3797	-71	902	-163
-1335	12	3843	-89	815	-199
-1300	-64	3877	-110	759	-219
-1302	-132	3939	-120	776	-252
-1361	-141	3989	-103	843	-257
-1360	-200	4078	-138	796	-345
-1350	-226	4105	-218	587	-366
-1406	-188	4004	-296	468	-326
-1397	-53	3840	-347	454	-210
-1443	25	3844	-372	598	-50
-1375	-208	4209	-331	797	-1
-1502	-300	4549	-243	931	172
-1679	-338	5042	-135	931	373
-1710	-158	5421	-112	719	561
-1550	-112	5603	-118	308	666
-1261	-210	5139	-182	-267	576
-953	-279	4077	-275	-543	408
-741	-101	3061	-357	-493	330
-514	81	2123	-415	-501	400
-828	397	1333	-475	-810	521
-1983	559	640	-146	-1241	1242
-2336	-396	-117	347	-566	1884
-1459	-736	604	326	1683	864
-1292	-531	3086	548	1975	421
-3244	82	5495	416	524	-449
-2747	1026	5367	42	-239	-418
-2254	872	5734	68	-200	341
-2669	499	5570	530	-464	1068
-2094	5	5073	710	-132	1146
-1622	-315	5379	771	850	360
-2042	-99	6177	978	1526	-111
-2251	603	6482	1364	1578	135
-1919	1153	6827	1562	1473	339
-1584	1131	6882	1352	1017	666
-1242	466	6004	910	112	541
-584	601	4176	441	-721	324
-598	583	2227	20	-1156	710
-875	-65	726	-271	-1259	917
-647	-364	75	-422	-1772	599
-454	-176	-79	-595	-1960	9
-598	-167	-41	-543	-2383	-424
-1690	-570	-109	-147	-3076	-804
-4771	-424	-1251	475	-3273	-2051
-4899	267	-1371	486	1297	-2551
424	1351	2082	1126	5314	436
-203	-584	6842	325	7094	-355
-6879	2218	12235	-840	7383	-2477
-6456	3624	15486	-882	2541	-220
-3925	2266	10188	-1795	-2251	-330
-1877	97	5030	-2353	-1918	-857
-1160	-1928	4107	-2190	328	-802
-1054	-2175	3470	-1480	752	-885
-1205	-1129	2816	-276	1225	-842
-335	-310	2571	557	881	-1245
-551	243	2463	1265	-1015	-1327
-796	324	1100	1011	-3733	-247
-785	258	-191	901	-4580	514
-1324	420	-37	745	-4717	818
-1263	250	-205	206	-6169	977
-2018	380	-628	-88	-6181	1016
-6843	870	-2215	267	-4372	1093
-896	378	-2549	89	1811	1195
4463	-140	2172	125	5764	1636
-7257	1982	7422	240	12469	416
-7765	-905	19587	1296	9466	3003
-7201	-961	17712	872	-2435	1137
-3320	-468	7014	964	-4889	142
-547	1335	3240	974	-2963	270
480	1654	2063	1425	-1226	607
677	930	1420	1025	108	869
424	433	1384	1102	732	1109
-403	961	1361	-329	143	1537
-497	96	399	-1231	-2094	1859
-1225	-183	72	-1162	-3108	2031
-2360	-171	-46	-1674	-4953	1360
-2838	-1398	-830	-1674	-4965	-591
-3339	-103	-492	-487	-3571	-2852
-5002	602	-1789	67	-2157	-3156
500	242	-842	1054	4913	-368
657	-1371	6297	2771	5993	1973
-6368	315	10348	1063	6747	-3565
-7582	4128	13423	-416	3394	-4155
-4915	3974	10585	-1117	-502	-1158
-3240	1523	7324	-1222	-942	-259
-1973	-461	5630	-1286	-287	-767
-1200	-1223	5042	-1194	98	-1305
-596	-1041	3832	-1091	-615	-1732
-698	-516	2858	-877	-862	-2284
-498	256	1250	-861	-2703	-2931
-125	309	183	199	-3608	-2202
-242	279	35	1058	-4924	-778
-351	329	-427	1460	-5648	467
-2152	1154	-500	982	-4885	1827
-4297	1362	-600	227	-5463	3991
-3199	160	-880	-187	-5568	4550
-5028	-1112	-2598	-1094	-1558	1890
816	-1232	-153	-686	7982	-2759
4591	631	4799	-1571	7453	-2722
-11417	6714	10219	644	12965	1271
-6843	-44	18441	1100	7064	5222
-5285	-354	14182	510	-2680	3057
-2756	-1864	5690	736	-2876	1420
-515	193	4190	797	-662	354
-528	891	3742	468	297	290
-100	1122	3036	143	552	728
173	835	2710	315	248	1673
-344	227	2048	-112	-1270	2803
-368	-104	699	-595	-2817	2625
-1088	-188	57	-1085	-3858	1841
-2050	-333	-61	-1500	-5279	763
-3393	-971	-705	-2116	-6101	-1566
-1517	225	3736	91	701	349
-1566	389	3893	72	580	282
-1508	503	3876	64	444	334
-1350	509	3829	45	354	356
-1234	519	3747	43	307	362
-1182	468	3665	41	309	373
-1212	411	3570	46	348	321
-1210	336	3547	121	471	307
-1153	185	3672	217	640	259
-1181	116	4008	331	707	207
-1212	234	4280	423	523	183
-1221	447	4388	468	223	176
-1248	596	4145	470	-120	122
-1178	715	3744	468	-308	129
-1048	693	3345	443	-111	118
-1109	663	3309	444	240	76
-1309	736	3518	447	543	23
-1848	1319	4036	342	602	238
-2148	1341	4093	245	515	481
-2147	1017	4181	80	565	250
-1941	419	4075	-145	221	-78
-1951	-120	3776	-223	-204	-502
-1816	-235	2865	-110	-586	-551
-1513	2	1884	40	-513	-425
-1276	514	1630	4	-54	-418
-1340	765	2106	-95	376	-82
-1635	910	3016	-108	633	337
-1990	758	3815	-66	774	871
-2059	143	4542	-230	694	771
-2266	-302	4951	-268	230	108
-2145	-400	5122	-301	-80	-614
-2043	-29	5461	-293	-297	-754
-1784	375	5453	-285	40	-410
-1579	736	5599	-451	837	-487
-1688	806	5776	-776	1498	-819
-2242	630	5905	-1071	1644	-1027
-2328	27	5843	-1068	1464	-980
-2094	-206	5805	-845	1187	-896
-1706	-154	5314	-450	712	-393
-1266	-65	3912	-189	174	-49
-810	-304	2651	31	-259	20
-682	-380	1575	99	-1039	-536
-522	8	378	-104	-1850	-880
-362	274	-60	-53	-1891	-610
-342	304	-53	-154	-2379	-80
-510	400	-127	-412	-3058	343
-2022	-207	-195	-421	-3448	577
-5410	-855	-1491	303	-2622	5
-2518	569	-109	406	2271	114
2032	174	5483	508	4552	356
-3608	2007	9553	414	5288	-1032
-5922	1814	12257	630	2103	1342
-4182	-236	10853	452	-1838	862
-1644	-1567	6183	986	-2538	531
-498	-969	4076	1747	-161	242
-1137	1439	4649	2077	2488	313
-1886	2860	6149	1393	2990	704
-1393	1842	6592	840	2275	1555
-1222	403	5166	259	219	1188
-1153	-45	3367	-539	-902	668
-948	-243	1300	-1016	-3170	922
-590	-260	-113	-1163	-4174	757
-849	-393	-150	-1290	-4100	40
-1643	-444	-90	-1221	-5136	-600
-3739	-1008	-789	-805	-6777	-1271
-4312	-492	-1643	153	-3871	-1838
456	-659	-2716	688	519	-962
1463	-1089	857	1693	5008	651
-682	-836	5316	1675	8480	-1689
-5603	2663	9152	154	8942	-3195
-6470	4091	13737	-690	5325	-1544
-5304	3014	14704	-1510	777	-903
-3027	477	8257	-1866	-2320	-525
-1265	-1354	5091	-1919	-1209	-716
-920	-1738	4072	-1361	-403	-909
-321	-841	2251	-718	-638	-877
64	-541	1353	-241	-223	-826
171	-338	1122	202	-711	-1004
50	-63	719	805	-2299	-833
-461	-106	-107	930	-3355	-215
-1597	-157	4	1198	-3650	-146
-2236	158	-464	641	-5391	69
-1694	358	-763	303	-3970	738
-4685	1251	-1322	360	-2489	1061
-5113	658	-1499	-663	3502	79
3722	332	4865	-791	5551	267
-4444	2358	7474	-398	7933	-798
-8026	2359	13155	627	5053	4349
-5147	-619	14057	175	-727	2441
-2913	-1917	7077	447	-2578	1408
-1515	-999	4751	559	-346	452
-1293	839	4701	793	641	398
-752	1866	4377	887	684	787
-310	1314	4057	664	215	1335
-661	773	3249	304	-512	1795
-676	65	1391	-400	-2676	2269
-303	-91	59	-754	-3694	1896
-378	-27	-259	-1250	-3902	1368
-1479	-269	-86	-1570	-4585	609
-2868	-582	-607	-1883	-5795	-1310
-4317	38	-951	-603	-4593	-3758
-4669	-372	-1967	194	-1372	-3779
3133	-353	477	669	4876	575
1656	-3704	5696	2231	6487	3212
-5289	231	10121	721	6994	-5396
-6684	4985	12317	81	4113	-3359
-4591	3741	11859	-669	874	-605
-3341	1332	8342	-1131	-1656	-162
-1360	-1201	5018	-1249	-1023	-333
-998	-2142	4551	-1159	318	-1142
-417	-1401	3408	-834	202	-1694
-519	-673	2848	-296	35	-1996
-518	1	1682	-29	-1641	-2404
-495	371	578	319	-2858	-2112
-751	495	-122	935	-4035	-1131
-1614	701	-102	700	-4412	127
-3027	1033	-683	226	-5670	1947
-2196	687	-714	-6	-4917	3403
-3688	591	-1181	-7	-3639	3185
-5433	360	-2656	-1240	3253	-789
4693	-302	5144	-1787	6055	-2863
-1067	2869	7384	-285	9875	815
-7696	1431	10838	783	5494	4109
-4355	-487	14215	128	1569	1921
-3064	-1973	8234	647	-2855	2617
-1003	-1979	4699	865	-1324	571
-513	-241	4084	956	436	-91
-1097	1126	4148	714	1231	-224
-658	1348	4076	691	985	550
-711	1070	3768	371	-31	1091
-1670	369	3893	367	-871	240
-1670	369	3893	367	-871	240
-1277	428	3294	437	-878	390
-967	373	2697	460	-651	417
-934	382	2326	452	-29	498
-1017	321	2393	367	648	570
-1239	326	2867	284	1128	531
-1490	243	3455	298	1213	562
-1598	231	3981	272	1040	500
-1625	281	4311	263	686	517
-1558	481	4347	243	192	532
-1448	626	4125	200	-188	578
-1234	507	3788	138	-255	515
-1112	243	3756	89	-57	295
-1160	118	3900	108	51	142
-1285	233	4209	136	76	102
-1189	270	4440	81	5	64
-1069	417	4554	11	-153	-34
-979	592	4171	95	-233	1
-991	441	3906	208	-94	-141
-1422	501	3699	324	116	-192
-1687	862	3494	465	598	234
-1824	715	3725	484	661	396
-2139	291	3370	398	43	242
-2315	-255	2442	315	-288	-65
-2114	-451	1919	169	67	-705
-1936	-15	2293	93	839	-881
-1748	413	3401	57	1146	-710
-2030	651	4545	25	760	-465
-2453	390	4947	104	-210	-284
-2335	122	4540	-6	-650	-600
-1965	5	4193	-198	-691	-855
-1689	167	3891	-297	-441	-937
-1464	303	3958	-432	101	-913
-1581	514	4158	-582	595	-572
-1728	538	4399	-680	972	-180
-1829	193	4628	-723	1041	-71
-1820	-266	4813	-616	1174	-325
-1842	-419	5155	-505	1109	-336
-1474	-385	5247	-263	825	-37
-1204	-443	5044	-164	244	-200
-1264	-493	4221	-110	-740	-683
-1200	-226	2742	-23	-1541	-837
-830	114	1422	-127	-1931	-699
-593	460	500	-186	-2240	-366
-23	447	47	132	-2191	233
105	485	-191	521	-1325	501
-2041	211	-466	1044	1025	942
-5031	186	-357	-81	551	338
-445	109	4556	-491	3227	551
-2406	-36	8827	-136	898	-209
-3208	1891	8217	-92	-720	565
-3851	1132	7348	123	-1118	1482
-2793	-540	6297	171	-1458	1208
-1747	-1428	5019	438	-950	538
-1201	-1126	4175	906	541	149
-1398	247	4671	1370	1691	-99
-1561	1572	5460	1427	2117	-23
-1616	1589	6234	1112	1312	654
-1419	836	5273	762	6	1138
-671	458	3572	198	-1164	883
-421	89	1756	-142	-2120	641
-529	-368	303	-359	-2946	454
-353	-209	-208	-333	-2824	99
-337	-163	-293	-570	-2282	-250
-3072	-903	0	-658	-3322	-670
-4479	-206	-1776	81	-1771	-1944
-1611	270	-641	464	2536	-1451
944	728	4318	1496	5579	1939
-2176	-2304	9991	1196	4858	-336
-5703	452	11126	246	2127	-2909
-4874	2218	9705	-525	-664	-2004
-2127	2292	6563	-1003	-1392	-1211
-1583	1115	4469	-1230	-598	-840
-1329	-726	3430	-1213	746	-902
-1344	-973	3752	-904	1796	-1112
-1038	-572	3900	-420	2081	-852
-1054	-91	3627	-47	1453	-824
-620	109	2632	267	258	-751
-972	259	1868	344	-1016	-631
-869	738	815	322	-2684	-412
-334	376	-80	410	-3390	308
-706	319	-53	222	-3259	693
-4080	-373	-58	-201	-5353	1123
-5856	83	-2446	-275	-820	1374
1463	-164	2072	-925	3321	663
998	1331	6446	-455	6572	-796
-7235	3900	12938	132	3965	1309
-5734	665	11343	30	-1738	3117
-2816	-859	7029	97	-2901	2239
-979	-1465	4744	425	-1369	1148
-1134	-26	3871	944	574	597
-1058	1206	4103	1008	2062	400
-1095	1148	4499	856	2018	767
-977	683	4651	521	1767	1033
-921	308	3725	122	274	1312
-1065	-142	2610	-373	-1221	1337
-788	-445	828	-732	-3426	558
-430	-334	-220	-850	-3736	-141
-784	-175	-83	-840	-3736	-822
-1858	-350	-180	-684	-4667	-1600
-5418	838	-1732	-139	-4315	-3094
-5943	315	-2184	247	2013	-2130
4053	867	4963	1744	6106	2790
-1578	-3353	9635	1210	7011	-122
-7812	591	12887	214	3319	-3885
-5305	2640	11140	-488	-1230	-2432
-2059	2874	5546	-843	-2910	-1149
-824	1469	2873	-1112	-1161	-553
-441	-665	2448	-996	1472	-434
-1105	-1230	3795	-670	2949	-606
-923	-1017	4231	-129	2600	-655
-1137	-922	4242	258	1131	-1261
-1019	-268	3099	438	-537	-1705
-1452	457	1700	698	-2658	-1526
-876	562	74	716	-4031	-440
-724	403	-191	549	-3875	182
-1589	546	13	-103	-4999	711
-4535	506	-1196	65	-6254	1785
-6632	1031	-2274	-545	-644	2143
4324	-970	1805	-1046	4076	134
2981	1659	6531	-1657	6406	-2048
-6270	3571	10138	101	4782	2298
-5229	-304	12210	-156	1385	2657
-3082	-857	8803	77	-2259	2254
-1174	-1485	5159	490	-1400	1078
-968	200	4577	869	459	572
-1034	1478	4748	884	1678	600
-1571	1325	5343	530	1380	1033
-986	460	4689	492	480	1277
-1612	240	4393	309	380	-110
-1612	240	4393	309	380	-110
-1612	240	4393	309	380	-110
-1453	313	4154	285	-21	-100
-1218	433	3725	272	-173	-107
-1044	549	3370	279	-70	-53
-1020	447	3278	289	176	9
-1128	321	3455	304	489	25
-1295	388	3914	292	623	33
-1444	504	4427	287	513	188
-1487	402	4755	345	165	232
-1314	234	4715	504	-282	105
-1142	146	4426	645	-576	-65
-903	199	4158	696	-639	-225
-773	276	3860	610	-468	-517
-1168	541	3744	370	-32	-796
-1814	740	3973	321	423	-752
-1914	785	4480	462	578	-660
-2055	725	4446	635	-42	-377
-2116	421	3604	744	-471	-318
-1982	41	2819	668	-693	-565
-1921	-95	2102	468	-517	-747
-1854	315	1949	309	270	-711
-1801	668	2911	287	1302	-533
-1947	985	4296	183	1514	-336
-2109	1091	5071	-80	752	-7
-2030	546	4810	-381	-48	56
-1666	164	4220	-724	-452	-256
-1274	-15	3412	-884	-621	-560
-964	86	2591	-853	-482	-689
-813	257	2052	-668	-75	-572
-907	207	1958	-424	695	-296
-1099	-146	2563	-190	1437	-98
-1452	-467	3791	-33	1784	-211
-1790	-637	4996	29	1532	-521
-1924	-466	5479	-85	721	-891
-1857	92	4970	-316	95	-1044
-1928	731	4475	-525	120	-829
-1799	816	4814	-467	272	-434
-1686	725	5158	-385	287	-7
-1455	223	5033	-386	74	426
-1192	-446	4265	-423	-33	489
-1000	-534	3624	-380	-23	365
-961	-508	2867	-356	-451	268
-970	-120	1721	-494	-1081	49
-1031	348	700	-527	-1496	-69
-1668	717	126	-105	-1557	320
-2717	149	-359	351	-853	747
-1782	-247	456	295	1424	422
-1518	-1050	4229	616	2564	-24
-3009	237	7463	384	1142	-1350
-2866	1638	8240	349	461	-168
-3603	1294	8293	551	-498	491
-2836	-83	6641	624	-1234	442
-1692	-560	5375	788	-566	173
-1441	-307	4873	1088	775	279
-1540	808	5306	1329	1712	262
-1620	1775	5964	1146	1778	407
-1503	1601	5806	813	744	964
-1124	547	4311	524	-503	1311
-755	-261	2346	93	-1334	1080
-744	-452	914	-450	-2102	795
-408	-236	-43	-710	-2796	337
-352	-185	-100	-743	-2887	-166
-593	-166	-39	-722	-3317	-561
-2089	-457	-24	-545	-4420	-1049
-5279	-64	-1993	38	-4195	-2067
-4478	548	-1559	451	2056	-1409
4356	1375	3877	1529	5891	1886
-1198	-3066	8502	1148	7510	676
-7729	351	13851	350	4662	-3992
-5796	2385	11682	-22	-1630	-1659
-2519	2321	6125	-557	-2826	-1436
-1166	1482	3577	-952	-898	-1063
-1391	-339	3127	-962	1695	-709
-1898	-865	5086	-765	2866	-714
-1757	-451	5713	-280	1835	-717
-1004	-306	4704	-24	136	-1197
-902	-141	2969	49	-1819	-1594
-1060	292	1126	417	-3394	-1155
-530	390	-145	615	-3840	-139
-705	388	-131	448	-3777	530
-1514	371	-17	-132	-5132	1088
-3174	127	-736	-292	-6507	1882
-4894	450	-1780	-97	-3729	2661
-3101	804	-1570	-658	854	1754
5386	-824	3058	-66	4274	-721
516	2481	5715	-814	8739	-2167
-5950	2714	10078	437	6413	3297
-4396	-1003	13114	23	3335	1741
-3402	-1048	10230	555	-1272	1131
-1983	-328	5682	1131	-1394	700
-956	776	4216	1380	251	746
-1004	1452	4410	1136	1483	726
-897	902	4366	617	1406	764
-857	613	3762	214	941	858
-788	304	2939	-258	319	886
-1225	75	2040	-887	-1390	701
-977	-103	482	-989	-3120	169
-748	-199	-101	-926	-3522	-234
-968	-184	-120	-903	-3955	-660
-3011	214	-352	-770	-4768	-1177
-4878	284	-1811	-90	-1998	-1568
-192	-344	-357	295	3247	-208
1918	-1643	5916	1672	5842	2280
-3326	-1175	10631	926	5195	-2645
-6274	1765	11429	350	1395	-2603
-3694	2669	9051	-602	-1340	-1902
-1588	2250	5468	-917	-2032	-838
-772	590	3428	-1028	-419	-477
-926	-515	3784	-866	1736	-440
-1356	-613	4674	-572	1719	-401
-1400	-825	4842	-159	1197	-499
-1099	-716	4027	-32	-523	-1310
-1365	-94	2199	63	-2525	-1640
-1282	824	402	393	-3718	-683
-796	423	-286	402	-4171	363
-1755	618	-56	-91	-4768	807
-4053	562	-1042	-18	-5751	1550
-4737	394	-1691	-918	-2373	1406
1434	321	-397	-819	1551	445
3144	1756	3844	-716	5779	-1287
-3811	2571	7873	6	7733	1961
-5596	191	10858	652	5218	4050
-4097	-946	12075	165	1448	967
-2979	-950	8214	417	-1764	709
-1417	21	5182	921	-1486	575
-554	996	4100	1174	-220	474
-913	1295	4064	834	472	691
-348	743	3523	661	638	1087
-1520	-92	4019	-341	-20	818
-1700	-65	4031	-456	-180	704
-1763	-33	3825	-546	-376	670
-1722	107	3549	-619	-410	725
-1777	203	3385	-720	-320	814
-1902	314	3270	-821	-261	907
-1948	290	3315	-830	-135	1043
-1977	290	3556	-750	30	1100
-1981	427	3722	-626	36	1306
-1940	528	3575	-530	-85	1523
-1816	516	3338	-425	-109	1658
-1644	354	3304	-288	-50	1666
-1387	198	3353	-214	106	1411
-1212	52	3722	-118	345	1059
-1367	-10	4276	-32	379	612
-1554	201	4523	64	166	330
-1573	511	4514	162	-23	331
-1471	802	4168	188	-323	477
-1269	793	3533	162	-391	700
-1038	602	3050	101	-174	754
-1003	335	2864	37	263	776
-1003	125	2915	-8	687	653
-1120	55	3249	-23	1037	403
-1353	27	3727	48	1162	250
-1515	-27	4138	144	1010	57
-1560	37	4295	203	670	-119
-1433	182	4123	238	320	-224
-1271	314	3817	242	165	-242
-1103	442	3599	267	229	-227
-1047	570	3628	310	372	-94
-1087	525	3804	348	457	36
-1109	511	3924	382	386	109
-1134	665	3960	361	280	244
-1153	738	3998	286	303	312
-1317	692	4035	244	319	247
-1536	628	4038	259	419	137
-1503	859	4364	236	572	210
-1423	960	4893	126	597	227
-1396	1019	5063	16	262	-10
-1358	952	4472	-10	-58	-191
-1822	1024	3622	-86	-316	-208
-1622	788	2442	-46	-115	-143
-908	489	1549	18	410	-159
-880	416	1275	172	997	195
-1273	218	1491	109	1202	763
-1762	-232	1956	-246	749	851
-1943	43	2329	-608	411	268
-1935	803	2901	-613	481	635
-1771	579	3737	-345	750	1298
-1792	-147	4913	-100	1219	951
-2284	-520	6234	-36	1324	266
-3437	-312	7571	-194	1065	-43
-3266	12	8670	-620	634	-719
-2557	962	8315	-991	-184	-903
-1804	1247	6238	-1241	-295	-973
-1724	1016	4855	-1537	533	-1188
-1888	-54	4600	-1506	1198	-1104
-1695	-757	4840	-929	1449	-933
-1634	-128	4516	-333	1171	-170
-1384	-34	3378	199	300	415
-758	-220	2210	385	-894	236
-995	13	880	284	-2309	-139
-840	273	37	-28	-2893	-40
-649	287	-47	-492	-3382	-16
-648	329	-97	-952	-4428	235
-807	341	-329	-1104	-4936	687
-3438	503	-719	-601	-5049	1132
-6135	1150	-2234	612	-876	1154
2878	-363	829	637	4291	2794
1489	-1818	5396	630	7009	-384
-6267	1995	10928	987	7270	-869
-6105	1201	15774	728	2507	935
-4226	178	11171	756	-2798	605
-1922	170	5511	945	-1992	463
-485	1216	4433	994	244	752
-958	1825	4929	939	1104	1237
-702	1184	4161	797	750	1945
-644	3	3297	697	386	2097
-1063	-719	2351	-75	-520	1756
-906	-430	950	-1003	-2617	1101
-514	-195	-57	-1395	-3751	606
-806	-228	-120	-1354	-4054	-61
-2012	-679	-173	-1212	-5389	-1033
-4714	-250	-1524	-603	-5035	-3056
-4085	597	-1507	553	-792	-3129
1964	298	594	783	4205	163
-555	-1277	3771	1837	6491	2897
-3606	-241	8188	1364	6927	-2703
-7301	3919	12714	194	5309	-2836
-5229	3411	13039	-779	857	-558
-3305	2007	8307	-1668	-2358	-790
-1432	-133	4854	-2095	-1742	-1076
-1127	-1291	4318	-1948	-298	-1569
-1201	-1028	3807	-1259	-270	-1485
-534	-785	2840	-595	-283	-1215
-574	-693	1811	-172	-1200	-1343
-608	-154	741	553	-2256	-1298
-665	451	-17	1166	-3274	-383
-647	397	-252	1219	-3577	627
-1511	667	-142	586	-4294	1153
-1945	557	-540	-149	-5206	1517
-3315	107	-1009	-203	-4088	1417
-6234	441	-2423	-560	452	127
3456	970	2470	-963	5544	549
1905	1206	6109	-27	8773	-269
-8372	3812	12199	338	6652	2725
-6450	-880	17215	-37	1936	2242
-3602	-1626	9206	319	-4039	1672
-1276	-1225	4046	787	-2684	766
49	289	3325	1111	4	422
-29	822	3772	968	1112	248
354	917	3406	460	1179	318
-453	655	3116	183	365	991
-1147	830	2198	-140	-1541	1447
-958	146	360	-681	-3467	1246
-1428	-264	6	-936	-4189	719
-2197	-373	-170	-1075	-5691	-237
-3191	-1267	-943	-1197	-5444	-1906
-4913	-208	-1284	60	-4089	-3456
-4430	-126	-2015	1256	-432	-2416
3093	391	2367	1412	5655	2019
589	-2247	6350	1833	7850	621
-5555	1689	10902	359	8158	-4375
-5709	4572	13050	-203	4234	-1330
-3980	2921	11808	-1159	150	-489
-2294	1012	6422	-1662	-1776	-446
-955	-1142	4293	-1753	-80	-931
-1479	-2118	5036	-1410	1110	-1312
-553	-1376	3726	-850	512	-1682
-736	-647	2825	-159	105	-1743
-1771	1166	2750	-107	-409	863
-1847	890	2315	-120	-248	1257
-1909	283	2378	-75	331	1336
-2042	-300	3234	6	923	995
-2203	-611	4411	31	932	358
-2344	-335	5144	97	225	-246
-2273	201	5095	254	-669	-325
-1994	723	4370	410	-1145	-75
-1589	990	3504	481	-1218	340
-1148	919	2795	479	-970	659
-982	700	2285	432	-322	800
-1036	416	2347	347	459	820
-1304	263	2844	293	1014	719
-1629	258	3544	313	1120	645
-1809	413	4090	310	858	535
-1804	463	4293	246	379	499
-1607	464	4219	191	-75	441
-1406	380	3961	161	-399	318
-1237	384	3657	148	-526	185
-1121	371	3435	157	-446	152
-1050	383	3413	107	-182	64
-1092	501	3639	78	51	146
-1139	621	3964	65	205	248
-1242	655	4361	48	205	212
-1343	610	4677	21	-15	83
-1250	601	4643	29	-329	-26
-1067	526	4233	91	-479	-30
-849	443	3679	163	-375	-21
-671	384	3344	205	38	-23
-898	490	3460	252	518	-14
-1378	550	3936	436	1058	58
-1740	935	4718	479	1010	80
-2045	1031	4622	414	96	332
-1860	430	3574	346	-379	201
-1821	-32	2566	321	-550	-399
-1913	-176	1724	462	-331	-670
-1851	-48	1457	513	366	-770
-1764	405	2166	512	1343	-604
-1832	705	3797	452	1756	-410
-2059	784	5039	309	1170	-340
-2172	581	5043	93	8	-287
-1698	214	4139	-203	-316	-647
-1396	129	3927	-446	-61	-1096
-1228	205	3786	-509	216	-1208
-1249	351	3673	-491	550	-1109
-1507	513	3610	-586	1004	-832
-1640	705	3739	-814	1498	-601
-1852	403	4316	-988	1749	-453
-1940	-441	5023	-1026	1629	-644
-2355	-241	5801	-818	1448	-883
-2057	628	6332	-534	1127	-113
-1760	307	5883	-530	-128	158
-1393	105	4279	-529	-1155	-27
-1001	74	2672	-496	-1920	72
-712	259	1000	-677	-2690	371
-359	161	137	-1011	-3288	959
31	-376	-303	-846	-2912	1394
-1252	-1085	-564	485	-1177	1115
-3341	491	-402	1007	1513	-501
-997	-156	1757	-41	1796	-1729
-3374	455	6962	279	2412	-407
-2633	2399	8704	313	1189	419
-3881	2291	9351	753	-188	1372
-3446	599	8136	312	-1563	943
-2036	-368	6338	262	-1606	388
-1156	-506	5109	861	-328	730
-1070	648	4850	1477	1087	748
-1069	1768	5425	1294	1893	878
-1405	1770	5835	741	1294	1296
-1289	866	4561	492	-118	1822
-980	6	2576	132	-1142	1720
-1010	-409	969	-362	-2087	1532
-670	-437	-130	-582	-2862	956
-671	-220	-140	-609	-3001	238
-678	-136	-179	-824	-3567	-333
-1936	-468	-238	-930	-4362	-805
-4092	-520	-1837	-228	-3775	-1487
-1744	46	-1472	156	2418	-794
1751	-1022	4126	1511	6399	691
-2934	-1052	9561	1269	7034	-2191
-6983	1132	12738	709	3641	-2586
-5012	2531	11451	-349	-599	-2394
-2122	2420	6192	-972	-1906	-1711
-1208	1208	4068	-1278	88	-1261
-1152	-367	4638	-1124	2005	-1213
-1189	-583	5243	-710	1754	-1040
-582	-381	4091	-161	1205	-904
-251	-181	2558	-32	111	-1131
-1069	20	2111	295	-397	-1287
-1415	601	994	560	-2625	-774
-548	418	-188	900	-3709	183
-942	427	-61	404	-3762	712
-2290	802	-138	-631	-5399	1169
-4191	630	-1652	-75	-4794	2451
-4711	801	-1851	-779	-105	2658
3958	-899	2709	-657	3165	979
182	836	6400	-842	7775	-1656
-6583	3451	9272	408	5738	2529
-5218	-302	12525	153	2941	2489
-3740	-780	9746	434	-1686	1748
-1923	-394	5688	766	-1453	969
-1119	884	4388	1156	-279	939
-920	1804	4086	946	731	782
-447	1423	3877	545	1041	1161
-705	685	3585	180	532	1553
-770	-19	2304	-286	-197	1863
-1045	-475	1311	-796	-1512	1733
-751	-482	237	-987	-2676	998
-1043	-360	-10	-1049	-3215	140
-1453	-490	-110	-949	-4227	-748
-4257	302	-782	-1099	-4714	-2537
-4944	-185	-1863	-149	-381	-4069
3054	540	2456	55	4673	58
-1576	-4012	8954	2456	6349	1454
-6321	1318	11848	949	3711	-4498
-5408	3445	10349	17	73	-2946
-2858	3137	7452	-902	-1480	-2014
-1623	1624	4687	-1242	-1083	-955
-1234	-125	3867	-1210	830	-855
-1318	-429	4158	-867	1439	-744
-967	-737	4409	-255	1687	-482
-1084	-729	4342	110	451	-981
-1167	-212	2754	193	-1830	-1480
-1275	604	955	558	-3566	-970
-752	306	-37	776	-4647	-41
-807	425	-286	702	-4552	670
-2699	161	-231	274	-5689	1520
-4467	161	-1656	286	-5182	2416
-4227	1168	-1902	-398	-950	2025
5086	479	1554	-265	3187	-158
-1738	780	3885	410	-720	10
-1548	934	3639	376	-512	156
-1522	955	3399	331	-351	337
-1511	788	3080	265	-63	463
-1519	542	3037	192	278	488
-1582	338	3169	174	522	410
-1708	176	3367	208	667	273
-1823	262	3609	254	672	124
-1839	461	3825	286	491	35
-1768	545	3931	302	150	1
-1637	516	3797	250	-148	-93
-1491	509	3664	155	-288	-213
-1384	525	3438	83	-199	-224
-1308	568	3423	19	44	-180
-1352	624	3661	-30	232	-137
-1392	692	3911	-41	211	-110
-1410	787	4044	-8	92	-5
-1402	689	3857	1	-37	81
-1489	562	3601	8	-75	76
-1626	397	3511	100	201	89
-1711	556	3699	216	677	163
-1752	854	4104	247	650	444
-1917	637	4128	253	293	627
-2019	377	3884	235	23	403
-1946	225	3568	214	-64	19
-1885	215	3246	157	33	-329
-1874	460	2946	53	259	-443
-1935	550	2687	-21	569	-324
-2015	272	2744	47	825	-281
-2209	55	3024	134	890	-424
-2353	-4	3380	236	821	-514
-2316	145	3744	212	696	-557
-2173	428	3972	106	420	-453
-1999	691	3927	-43	204	-229
-1816	618	3678	-188	163	-206
-1645	398	3376	-285	206	-359
-1436	283	3100	-289	309	-370
-1422	159	3094	-252	591	-343
-1615	170	3349	-167	748	-263
-1746	113	3536	-98	663	-193
-1747	104	3537	-105	561	-272
-1790	110	3606	-171	532	-299
-1771	79	3875	-225	450	-338
-1694	40	4051	-257	208	-386
-1676	-16	3957	-255	-49	-408
-1740	38	3775	-234	-64	-342
-1827	127	3817	-140	131	-142
-1886	112	4131	-20	648	50
-1959	238	4819	-21	1092	67
-2105	362	5654	-95	1125	215
-2247	370	6228	-230	522	297
-1895	249	5664	-438	-382	282
-1384	9	4495	-606	-1121	257
-944	-128	2902	-621	-1532	219
-718	10	1616	-583	-1724	347
-380	95	503	-541	-1901	605
-79	170	-41	-185	-1473	804
-1961	793	-6	314	-727	1012
-2895	-137	-381	226	-875	799
-1537	-319	401	-143	917	238
-1129	-469	3115	-30	1571	-225
-3335	-195	5915	0	334	-850
-1751	720	6086	426	1217	-52
-3500	1885	7347	1117	1428	857
-3312	929	8069	814	617	520
-2241	483	8532	603	252	183
-2092	420	8227	913	367	422
-2028	1173	7091	1200	694	1089
-1886	1403	6218	1155	1037	1495
-1673	1427	5649	722	862	1805
-1022	660	4216	534	103	2032
-889	15	2528	104	-304	1507
-1060	-76	1274	-360	-666	1143
-838	-385	317	-679	-1789	1131
-456	-244	-32	-893	-2456	615
-416	-192	-45	-1047	-2937	154
-368	-186	-154	-1042	-3579	-239
-2101	-773	-380	-934	-3984	-883
-6806	-2371	-2707	13	-1024	-2276
1965	-241	-592	1189	4540	-2607
1056	599	4885	1205	8418	-1744
-6129	1886	11088	244	9039	-2342
-7799	3651	15767	-544	4314	-1908
-5071	2900	11237	-1193	-2274	-1081
-1885	1289	4551	-1579	-2877	-961
-93	-1396	3037	-1299	26	-803
-1490	-2363	3693	-577	1955	-1182
-1426	-1545	2978	95	1854	-1592
-1736	-378	2936	247	1163	-2311
-1255	470	2725	701	-753	-2269
-1144	848	1471	1005	-3708	-1250
-774	469	-45	1156	-4955	252
-772	417	-209	984	-5019	931
-1071	434	-184	228	-5850	1167
-3711	489	-620	-25	-6637	1338
-7223	791	-2943	56	-2186	841
3609	428	97	-249	1828	1217
3135	650	2243	196	8046	365
-10073	1787	8726	386	11042	526
-8069	-214	19419	1297	7336	1691
-6342	-529	14580	1223	-3654	1223
-2669	322	5995	1006	-4885	109
-40	1616	3165	1153	-2934	515
209	1362	2212	1324	-1662	1146
872	627	1690	1501	-518	1406
78	722	1432	712	-114	1468
-776	240	723	-903	-1165	1631
-1282	-191	189	-1314	-2918	1452
-1966	-372	97	-1331	-4873	1070
-2818	-911	-505	-1805	-6393	4
-2297	-1390	-951	-818	-4664	-1830
-3501	372	-1158	-20	-3282	-3082
-5940	1494	-2726	1464	1815	-2443
3582	499	3853	2593	7350	1595
-3440	-414	7821	1536	9538	-1631
-7838	3297	13386	25	6699	-4339
-6514	4553	15060	-607	1726	-1400
-4035	2606	8936	-1159	-2988	-160
-1785	349	4258	-1606	-2814	-489
-502	-1306	3183	-1795	8	-1098
-497	-1426	3253	-1608	512	-1874
-49	-966	3193	-927	590	-1916
-729	-381	2716	-217	-1674	-2024
-874	344	880	471	-3476	-1317
-546	381	-140	1363	-5036	-30
-1079	487	-223	1321	-5176	980
-3503	1282	-547	115	-7280	2059
-2800	581	-1211	39	-5835	3086
-2911	574	-1114	-593	-4319	2687
-4700	717	-2769	-994	531	225
-1865	608	4451	-368	-399	241
-1658	392	3916	-552	-506	83
-1451	218	3620	-648	-324	-160
-1363	141	3426	-632	-202	-252
-1274	88	3174	-546	-20	-310
-1259	122	2940	-382	203	-316
-1305	215	2962	-218	550	-267
-1445	219	3247	-77	765	-265
-1633	326	3525	-24	782	-257
-1741	456	3702	-35	685	-178
-1709	503	3801	-74	544	-81
-1538	442	3899	-111	408	-30
-1371	296	3887	-124	268	-49
-1258	210	3823	-133	168	-127
-1155	50	3689	-109	148	-208
-1128	-27	3684	-75	268	-362
-1183	-49	3851	-66	396	-497
-1334	-12	4079	-57	423	-588
-1458	3	4124	-73	339	-618
-1550	182	4014	-135	285	-546
-1605	288	3891	-203	350	-339
-1691	306	4168	-232	389	-69
-1545	306	4518	-180	282	194
-1565	274	4620	-154	183	461
-2319	399	4243	-61	-273	624
-2528	531	2903	144	-154	997
-2138	551	2230	218	782	1253
-1497	553	2364	47	1337	1211
-1255	351	2856	-114	1300	892
-1413	127	3429	-26	930	300
-1954	148	4310	68	499	-144
-2115	377	4571	107	-40	-388
-1714	846	4017	236	-171	-18
-1392	650	3612	578	104	559
-1475	428	3790	806	331	672
-1401	404	3752	737	108	469
-1351	518	3337	632	-47	221
-1255	697	3143	600	230	40
-1276	905	3448	767	847	168
-1176	794	4322	986	1699	310
-1349	633	5647	1015	1746	85
-1572	870	5936	806	648	-118
-1538	804	4850	412	-575	-294
-1014	684	3416	42	-1259	-672
-445	432	2013	-50	-1464	-876
-947	367	1101	-141	-1599	-955
-1718	318	204	297	-2048	-382
-2219	374	-463	205	-1079	281
-2014	445	405	-126	1450	597
-2728	1059	3536	407	2591	1367
-1980	-1518	6764	879	2694	558
-3883	-3	8965	132	2463	-1728
-5534	1301	11219	-487	619	-1940
-3590	2223	9169	-949	-1790	-1527
-1783	2025	5370	-1375	-2056	-1226
-534	332	3816	-1368	75	-1618
-878	-712	4515	-964	1845	-1716
-1372	-600	4855	-650	1559	-1766
-1427	475	3686	-253	285	-1519
-1029	398	2481	350	-837	-919
-988	596	1229	692	-2308	-545
-1064	560	138	479	-3623	324
-525	297	-171	335	-4154	1208
-928	122	-78	-115	-5181	1600
-3134	-240	-393	-605	-6833	1409
-5189	558	-2247	-53	-2953	1087
3160	474	-554	220	1479	1218
2804	1509	3321	-635	5698	-431
-5530	2265	7057	179	8511	1311
-6488	268	12283	453	5945	2339
-5516	440	14858	319	477	1011
-2653	258	7983	438	-2826	1073
-982	1393	4599	647	-1935	1186
-116	1820	3387	877	-603	1569
-136	1158	2544	691	-180	2138
-258	6	2045	166	830	2172
-672	-594	1473	-301	528	1852
-876	-645	889	-883	-368	1157
-864	-460	210	-1013	-1762	369
-731	-219	-82	-779	-2503	-219
-1398	-381	-39	-887	-2796	-676
-4973	-299	-407	-958	-3745	-1566
-5523	73	-1435	83	1208	-2295
3082	-848	5790	1393	4762	-684
-3306	-547	10187	1828	3759	-2219
-6101	3186	10936	556	1664	-3686
-4582	4311	9734	-778	-379	-2708
-2308	2806	6726	-1127	-1542	-1104
-1573	622	4566	-1326	-716	-911
-1109	-647	3999	-1285	753	-1315
-893	-689	4096	-1101	1357	-1298
-309	-551	3905	-368	933	-1376
-830	-158	3016	123	-884	-1754
-1158	458	1303	787	-2615	-1354
-853	611	-28	1194	-3644	278
-713	377	-220	1000	-3973	1233
-2094	719	53	370	-5284	1720
-3931	403	-1087	81	-7054	2461
-6168	816	-2103	-231	-3224	2430
-3116	889	-1645	-1064	2145	1023
7341	1220	4246	-779	4893	-1043
-5259	3359	7118	-285	10413	-39
-6477	472	11878	702	6687	5131
-5350	-110	15111	242	674	1953
-2779	-641	7706	449	-2727	1730
-1064	1106	4233	622	-1622	1129
288	1924	3266	740	116	1498
35	1176	3169	390	657	1735
-520	539	2354	171	485	2084
-921	-194	1688	-222	-150	2536
-1032	-373	726	-868	-2029	2371
-1036	-399	6	-1062	-3026	1521
-1472	-451	14	-834	-3928	470
-2252	-770	-307	-919	-4783	-1019
-4988	-228	-1303	-619	-3814	-3693
-5684	12	-2023	472	1629	-4349
5302	206	5747	1585	5912	2108
-3147	-2610	11073	1567	5290	-2088
-6162	2327	12320	590	1558	-3527
-4195	3450	9409	-469	-1323	-2799
-1471	2715	6203	-556	-1778	-1379
-649	1159	4103	-873	-744	-872
-765	-497	4001	-1085	1266	-1649
-1453	-697	4358	-800	1494	-1744
-1276	-594	4510	-261	1375	-1334
-1455	-142	3799	-7	-421	-1810
-1390	811	1669	252	-2231	-1679
-1163	814	401	874	-3687	-362
-681	485	-340	1149	-4507	1042
-1850	864	-161	441	-4502	1696
-2036	317	4296	478	-1311	-472
-2036	317	4296	478	-1311	-472
-2036	317	4296	478	-1311	-472
-1563	929	3529	616	-1363	-264
-1121	1172	2853	638	-1185	55
-810	1069	2289	609	-735	358
-747	745	2083	462	35	424
-966	529	2326	302	878	345
-1337	417	3012	225	1410	221
-1648	480	3780	221	1432	180
-1849	550	4382	223	985	198
-1832	500	4430	199	241	136
-1627	450	4014	137	-244	10
-1344	420	3481	137	-337	-80
-1145	517	3247	135	-142	-130
-1143	555	3456	89	46	-181
-1186	635	3673	27	63	-249
-1228	841	3813	5	8	-91
-1284	893	3843	-28	-26	82
-1235	925	3834	8	123	241
-1245	820	4113	93	310	273
-1257	547	4369	159	403	181
-1278	251	4528	205	295	-111
-1113	131	4365	264	206	-496
-1223	154	4254	361	163	-691
-1632	382	4112	551	223	-637
-1661	724	4255	700	502	-791
-1817	1352	4320	674	34	-465
-1864	1064	3366	619	-251	-115
-1915	510	2685	446	-124	-474
-2006	-85	2247	525	149	-733
-2131	54	2157	515	597	-1059
-2177	697	2581	515	1215	-818
-2034	1032	3490	385	1489	-543
-2072	1362	4450	231	1046	-98
-2269	1096	4631	-36	257	132
-1966	444	4112	-444	-135	-232
-1621	187	3638	-736	-196	-600
-1259	45	3161	-780	-135	-750
-1121	206	2772	-687	77	-697
-1008	287	2355	-540	400	-578
-1076	338	2490	-407	939	-503
-1308	318	2955	-324	1290	-310
-1762	246	3711	-306	1194	-146
-1947	62	3994	-303	745	-78
-1834	-96	4025	-316	490	-193
-1844	-37	3999	-372	409	-309
-1913	0	4248	-341	597	-201
-1982	-10	5136	-246	718	-254
-1976	235	6062	-176	586	-155
-1715	434	6394	-251	57	-39
-1268	479	5511	-505	-468	-6
-1026	609	4240	-694	-828	196
-618	275	3021	-732	-937	487
-743	141	1918	-703	-1041	518
-1652	515	834	-571	-1569	789
-2158	755	-309	-229	-1257	1371
-2108	-52	-487	-162	-98	1288
-1139	-270	769	6	1395	1068
-2347	-639	4003	355	1578	273
-3664	108	5721	84	164	-782
-2459	793	6549	-17	616	-497
-2893	1584	7313	655	221	481
-2953	1303	7192	752	70	571
-2321	1153	7128	605	137	277
-2319	1038	6452	645	245	652
-2094	1239	5800	852	520	1103
-1314	1533	5251	967	642	1432
-865	1299	4667	732	588	1631
-774	184	3907	457	236	1635
-540	-525	2728	286	-395	1565
-628	-644	1490	-161	-1154	1177
-746	-510	340	-476	-2263	654
-440	-174	-58	-435	-2848	85
-408	-78	-111	-391	-3301	-190
-1009	-111	-108	-515	-3802	-334
-4157	-76	-1010	-455	-5301	-1319
-4948	1013	-1904	376	374	-2772
2974	1318	959	933	5252	-41
-640	-1454	6548	1371	6869	826
-5456	884	10760	656	6207	-2550
-7136	3239	13958	-329	2465	-1550
-4002	3396	10455	-1266	-1701	-922
-1850	2189	5566	-1929	-2091	-548
-760	-598	3902	-1874	-55	-675
-1395	-1614	4623	-1292	1869	-1136
-1241	-780	3788	-606	1533	-1247
-650	-141	3427	-67	1874	-1066
-838	-189	3062	257	82	-1316
-1299	-14	1664	806	-2089	-824
-1125	506	113	946	-3600	146
-912	257	-143	692	-4093	487
-1409	225	-64	473	-5188	622
-2263	349	-689	-140	-6309	709
-5641	776	-1939	-61	-3877	1127
-4851	880	-2151	-855	1513	452
6362	939	3972	-561	4260	809
-2037	2272	6038	-526	8807	-1198
-8222	2472	11811	590	6402	3078
-6210	-788	15381	151	1547	1932
-3473	-1773	8318	772	-3036	1472
-1728	-717	4523	972	-1691	34
-596	1408	3702	1162	-31	136
-440	2377	3653	1106	872	600
122	1416	3262	1097	1042	1186
-312	1457	2931	552	632	1354
-1039	701	2116	-474	-406	2115
-917	-201	698	-726	-2810	2454
-729	-203	-137	-1148	-3325	1829
-1281	-361	-62	-1366	-3987	914
-2263	-953	-365	-1640	-5103	-646
-4702	-708	-1359	-684	-4092	-3255
-4866	619	-2050	508	-39	-3201
3682	932	1257	1066	5295	947
-2230	-2949	8171	2347	6367	1198
-5156	1138	11212	953	4186	-2871
-6294	3440	11424	-316	1041	-2899
-3248	3874	8794	-1082	-891	-1741
-2026	2304	6147	-1344	-1251	-620
-1379	-240	4687	-1302	7	-621
-1546	-1371	4459	-1169	875	-1351
-1149	-1193	3904	-795	1076	-1414
-1099	-309	3970	-327	1063	-1488
-1009	231	2742	4	-1248	-1635
-927	374	1074	538	-2820	-818
-921	476	-77	1107	-4275	126
-1250	425	-217	1142	-4268	920
-2731	132	-252	549	-6002	1465
-2870	108	-1069	-222	-5620	1797
-4855	878	-1789	-289	-3150	1499
-1304	79	3972	-82	236	316
-1304	79	3972	-82	236	316
-1304	79	3972	-82	236	316
-1422	38	4227	-28	169	258
-1522	104	4272	-7	5	221
-1484	303	4262	-28	-45	238
-1495	542	4481	-71	-140	410
-1658	491	4562	-207	-347	499
-1751	422	4111	-439	-411	478
-1555	40	3828	-692	-81	285
-1867	-130	3777	-701	-114	105
-1990	292	3191	-715	-105	-6
-2070	987	2730	-682	82	419
-2290	1550	2610	-587	343	1197
-2512	1427	2743	-488	531	1866
-2506	589	3511	-403	669	1784
-2345	-407	4349	-312	452	1225
-2125	-1102	4775	-173	15	243
-2272	-722	4824	82	-580	-450
-2131	20	4212	451	-896	-627
-1576	803	3512	692	-1034	-349
-1051	952	2721	855	-946	89
-816	899	2131	898	-568	319
-707	641	1896	788	119	336
-931	414	2229	567	915	82
-1215	301	2967	470	1344	-135
-1599	403	3751	520	1323	-241
-1821	502	4335	631	900	-188
-1759	552	4564	676	384	-163
-1544	525	4510	590	-126	-257
-1264	710	4209	480	-596	-409
-1098	908	3811	408	-719	-434
-987	940	3501	423	-567	-261
-878	801	3217	502	-241	-188
-980	733	3131	656	257	-55
-1100	659	3515	759	822	-26
-1157	659	4278	644	1126	-235
-1182	793	4975	470	811	-440
-1314	933	4552	444	144	-555
-1370	1178	3768	530	-5	-516
-1396	1501	3213	599	211	-259
-1446	1365	2863	562	321	103
-1454	755	2342	416	224	188
-1703	324	1716	317	264	173
-1839	27	1269	232	493	167
-1913	186	1343	-15	1020	-184
-2045	702	2104	-100	1553	-98
-2287	892	3587	94	1773	313
-2555	667	5196	332	1104	531
-2465	35	5884	331	586	341
-2358	66	6246	-61	823	-423
-2556	871	7252	-478	1331	-1206
-2600	1280	7876	-803	1181	-1294
-2478	1133	7311	-1044	827	-1360
-2063	516	6253	-1084	610	-1480
-1652	-270	5204	-1059	969	-1769
-1547	-283	4623	-864	1325	-1847
-1716	456	3662	-426	1444	-1307
-1046	568	2815	-91	789	-1134
-938	747	1773	-47	-580	-991
-1069	683	696	270	-2206	-226
-969	520	92	-55	-3433	632
-770	77	-84	-216	-4592	1221
-1079	-94	-121	-437	-5579	1477
-1739	-372	-471	-808	-6360	1408
-4489	-987	-1701	-493	-5002	1062
-1357	81	-2606	901	570	423
5077	-152	2989	1208	5609	-1605
-4311	3660	6396	1433	11090	-796
-7725	3424	14363	801	8381	1336
-7021	1780	18202	212	2420	1161
-4127	342	10591	812	-2404	1948
-1921	1198	6412	1006	-1719	1516
-1162	1675	4654	1000	-909	1580
-598	1008	2523	982	-477	1568
42	380	1843	654	646	1454
-327	-631	1721	-121	5	1408
-140	-183	443	-814	-1733	1135
-266	-243	-144	-1160	-2485	1225
-1087	-210	32	-947	-3194	1201
-1689	-476	-54	-1117	-5180	649
-1487	-662	-711	-1065	-5337	-340
-3236	105	-1046	-553	-3384	-1513
-4708	853	-1952	607	111	-1908
2790	357	931	1685	6819	51
-1780	665	5772	2198	9039	-1075
-6756	4333	11931	482	8964	-2970
-8462	4477	16602	-968	3892	-1345
-5475	3040	12107	-1773	-2291	-621
-2416	740	5413	-2032	-3519	-336
-840	-780	3003	-2294	-1407	-1024
-658	-1356	2665	-1933	648	-1764
-31	-537	2395	-1084	428	-2186
-131	-494	2504	-473	23	-1723
-1241	-272	2060	777	-2039	-921
-977	371	400	774	-4799	-5
-598	283	-481	1143	-5088	948
-1821	544	-178	824	-5296	1416
-2890	799	-799	-243	-7055	1412
-3468	862	-1252	-525	-5502	1166
-5801	342	-2163	-998	-2468	88
1651	371	-1177	-1342	2994	-272
4400	917	2689	-495	6870	-1004
-9918	5087	6995	923	12208	142
-6578	157	16486	1231	7904	2638
-7039	578	18134	997	448	1356
-3641	425	9185	887	-3472	1013
-1414	1762	4956	767	-2480	1046
74	1673	3222	723	-1635	1755
1126	830	2182	604	-839	1727
489	281	1694	-105	-339	1646
-566	-59	789	-542	-1989	1838
-726	-24	-32	-1050	-3678	1915
-1578	-127	62	-1544	-5147	1876
-2960	-756	-535	-2484	-7316	867
-3644	-1428	-1207	-1878	-5213	-1966
-3221	127	-856	-750	-4830	-3568
-3533	991	-2359	1312	-1276	-2251
1335	717	-965	1935	7022	1329
831	-1730	4854	3207	8406	1052
-5663	940	9373	1225	10026	-4047
-7673	4435	13768	187	5839	-3882
-5429	5337	13502	-742	1450	-1392
-3838	3371	8848	-1414	-1720	111
-1661	82	6306	-1800	-1571	79
-684	-1412	5027	-1952	-1281	-688
-263	-1067	3112	-1669	-1799	-1294
189	-622	1649	-1336	-2007	-1663
102	-216	840	-961	-2463	-1843
-244	6	204	96	-3638	-1034
-1381	216	4070	-167	-68	269
-1274	196	4147	-229	-170	294
-1236	92	4154	-283	-262	334
-1164	-83	4183	-259	-276	304
-1153	-118	4056	-178	-262	391
-1347	110	3984	-119	-14	478
-1657	200	4129	-147	312	684
-1771	-68	4496	-314	607	443
-1907	-101	4835	-482	206	140
-1913	-29	4154	-560	-464	-36
-1631	421	3273	-622	-641	31
-1713	873	2404	-577	-362	521
-1903	1237	2019	-534	280	1009
-2197	1152	2257	-418	667	1593
-2305	159	3051	-228	1038	1485
-2314	-426	4404	-162	1088	764
-2300	-467	5356	-105	508	55
-2487	-33	5422	134	-529	-121
-2214	431	4414	394	-1151	17
-1551	823	3498	502	-1176	212
-1020	917	2693	632	-887	599
-758	673	2215	667	-338	822
-701	361	2057	545	474	743
-1009	209	2505	452	1215	516
-1297	219	3174	438	1504	387
-1577	311	3875	487	1390	278
-1642	484	4240	545	986	297
-1500	522	4400	581	515	291
-1302	315	4436	552	22	51
-1143	332	4161	486	-381	-283
-1127	648	3840	444	-487	-263
-1039	776	3611	407	-415	-137
-989	810	3348	353	-166	-144
-929	907	3296	414	237	-53
-1053	1013	3653	596	509	233
-1166	1053	3972	640	456	473
-1224	1003	3992	489	433	454
-1517	1007	3964	272	282	254
-1542	847	3461	334	488	84
-1561	982	3511	360	779	-59
-1713	660	3267	380	428	166
-1769	139	2481	405	50	161
-1871	-132	1775	334	-28	-73
-1624	-3	1575	277	259	-382
-1494	483	1799	246	500	-428
-1834	1041	2508	244	901	-217
-2353	1401	3560	485	1344	624
-2218	995	4414	608	1552	876
-1977	393	5129	285	1425	48
-2549	457	5778	-39	1013	-699
-2908	732	6419	-220	740	-934
-2639	644	6742	-189	792	-825
-2349	841	6636	-392	1214	-1009
-2432	1427	6411	-856	1547	-1194
-2389	1349	6178	-1255	1452	-1141
-2148	386	6072	-1248	1348	-1037
-1938	-414	5804	-928	965	-961
-1629	-297	4652	-612	431	-821
-1072	-59	3020	-126	250	-512
-520	-207	2253	304	38	-419
-552	-175	1447	300	-1192	-631
-613	-53	350	432	-2743	-235
-513	-26	-153	533	-3074	-48
-777	295	-70	353	-3519	16
-1202	577	-70	-401	-4820	210
-2908	747	-546	-794	-5778	278
-7997	901	-2918	1022	-2072	124
3516	370	-188	-60	3986	1437
2643	143	4396	18	6052	-350
-6601	3791	8954	-123	8254	-889
-7495	1689	14225	379	3702	2381
-5595	233	12101	157	-2480	1387
-2566	-1212	5828	542	-3104	654
-1591	-170	4360	755	-440	-100
-1473	1268	5308	717	994	-371
-1502	1654	5533	471	529	-2
-756	1290	4835	414	79	1006
-711	586	3720	178	-1295	1352
-502	61	1681	-141	-2814	1846
-286	-133	214	-235	-3703	1846
-267	14	-223	-497	-3619	1385
-911	-54	-3	-1378	-3720	843
-1891	-159	5	-2269	-5569	-216
-3687	-1049	-1381	-1946	-6509	-2548
-6655	1492	-1931	530	-2104	-4485
2267	771	-2472	1021	2962	-877
1839	-6	4107	1634	7057	3393
-2735	-411	9111	1339	7827	-1496
-8173	2905	12065	223	4458	-2598
-5734	2884	11689	-503	519	-1628
-3027	2469	7902	-805	-1801	-712
-1987	740	4959	-1057	-1192	-574
-1666	-562	4405	-1320	603	-1046
-1460	-550	4260	-1352	547	-1611
-665	-83	3004	-1043	272	-1231
87	15	2093	-585	486	-920
-146	136	1394	-227	-376	-1062
-302	14	537	194	-1433	-235
-883	190	150	956	-1988	736
-1483	501	7	717	-3243	1300
-2127	-58	-199	297	-4835	1671
-2598	-314	-823	-316	-4682	1638
-4937	204	-1325	-171	-2953	1171
-4573	450	-2253	-725	1943	-377
7856	138	5663	-1021	5956	-1220
-4830	3154	8297	-232	7409	-1150
-8511	2399	12575	579	3664	3563
-5282	753	12525	16	-1072	1809
-2712	-896	6465	353	-3011	1492
-1440	-334	3994	627	-1167	372
-466	642	3739	677	723	111
-878	1115	3885	536	1409	86
-992	997	4010	620	1234	853
-881	708	3841	433	372	1145
-687	502	2822	79	-939	1366
-559	44	1247	-378	-2923	1253
-490	-106	-34	-584	-3569	818
-540	-150	-204	-783	-3402	431
-1184	-185	-132	-1253	-4003	-201
-3688	-13	-816	-1149	-4753	-1787
-6501	1662	-2247	147	-389	-3206
-946	1399	240	418	4940	241
1187	-1550	8422	2047	7184	4616
-4284	-950	11763	463	4375	-2483
-6548	1973	10373	-300	-35	-2562
-3493	2516	6668	-742	-1654	-1555
-1592	2248	5271	-735	-837	-522
-1565	546	4337	-568	262	68
-1414	-805	3973	-550	1681	-450
-1562	-1045	4238	-585	2143	-1153
-1286	403	2847	604	158	300
-1392	288	2951	594	483	219
-1513	385	3381	564	729	169
-1550	561	3853	513	677	125
-1545	707	4145	480	349	116
-1500	700	4105	489	-87	215
-1313	566	3900	422	-297	150
-1248	570	3807	336	-335	11
-1280	643	3812	272	-334	19
-1307	542	3909	210	-257	53
-1155	550	4105	129	-225	-14
-1089	774	4384	78	-236	-48
-993	813	4578	53	-350	-105
-883	583	4456	6	-626	-307
-1164	587	3826	58	-596	-405
-1607	637	3466	303	13	-182
-1783	830	3710	672	1128	-91
-2259	1309	4547	746	965	194
-2408	581	4302	731	150	186
-2467	89	3260	609	-468	-351
-2349	-392	2167	548	-356	-876
-2225	336	1759	420	498	-1402
-2083	1130	2178	366	1408	-1173
-1919	1652	3267	171	1781	-831
-2269	1688	4331	-21	1281	-222
-2306	777	4457	-256	302	-73
-1988	196	3804	-578	-347	-452
-1486	-110	3094	-801	-557	-739
-1068	28	2369	-778	-304	-831
-968	334	2045	-631	352	-677
-1027	525	2132	-439	962	-368
-1155	375	2659	-243	1431	-76
-1511	94	3559	-105	1527	19
-1845	-288	4277	-94	1062	-54
-2112	-372	4404	-167	386	-154
-2016	137	4066	-313	411	-234
-1590	643	4146	-437	749	-262
-1630	533	4710	-492	925	-121
-2008	-146	5587	-531	911	-285
-2346	-305	6097	-559	838	-713
-2010	191	5974	-541	280	-556
-1646	605	5010	-585	-211	-9
-1268	543	3784	-546	-534	484
-1305	327	2567	-502	-1118	850
-1131	184	1132	-568	-1963	853
-1018	284	38	-628	-1941	922
-1262	-175	-115	-242	-1551	1205
-2774	-649	-175	525	-1705	945
-4252	-924	-197	871	222	8
-1156	-503	3710	762	3227	-1099
-1613	2257	8177	826	4358	-1309
-5551	3108	11160	1384	3133	280
-5699	1300	11914	728	-460	669
-2975	184	8196	708	-2182	800
-1384	104	5218	806	-1065	974
-828	1523	4718	914	299	851
-633	2180	4289	965	576	1425
-503	1431	3568	692	290	1767
-630	-99	2535	176	-402	2029
-680	-519	1092	-523	-1340	1989
-1187	-397	208	-1126	-2165	1441
-912	-237	1	-1352	-3362	916
-777	-206	-155	-1445	-4529	352
-1050	-532	-332	-1523	-5248	-325
-3291	-1179	-1247	-1052	-4926	-1342
-5371	511	-2078	598	-580	-2238
4100	494	925	1193	5645	-465
-396	-1374	6160	1365	8177	-957
-6115	2118	10177	808	7642	-2821
-7429	3771	13624	-78	3824	-1436
-4515	2887	11227	-1057	-1467	-1049
-2078	1046	5881	-1378	-2776	-768
-1013	-1019	3279	-1545	-873	-1306
-1044	-1767	3404	-1271	1634	-1731
-1085	-868	3226	-578	1474	-2351
-853	98	2614	-2	608	-2158
-1117	464	1767	448	-596	-1441
-1633	776	1002	868	-2578	-409
-843	499	-215	1053	-4138	891
-1214	688	-171	523	-4597	1617
-2114	821	-231	-507	-5939	1771
-4319	1074	-1669	-351	-5397	1651
-5414	751	-1898	-729	-872	673
5907	191	2798	-548	1893	660
502	1515	4712	-460	7949	-331
-7897	2359	8738	399	7566	2881
-6607	-815	13919	535	4648	2042
-5429	-431	13470	756	-837	1128
-3023	552	7888	693	-2693	508
-908	1937	5102	673	-1897	717
-296	1532	3480	1246	-1686	1629
516	1276	2038	1001	-733	2130
-36	622	1315	234	-304	2103
-570	-55	515	-678	-1197	2328
-699	-149	35	-1035	-2426	2295
-1132	-140	22	-1377	-3614	2068
-1642	-423	-229	-1675	-5084	1208
-2678	-1477	-1138	-2177	-5145	-940
-3934	-1262	-954	-790	-1900	-3595
-4939	927	-1904	504	841	-3766
4414	1595	3159	1955	6882	723
-2811	-1314	8427	2379	8144	-355
-6002	2629	11252	674	5587	-3149
-6310	4156	11824	-357	1914	-2734
-3968	4132	9200	-1050	-1253	-950
-2307	1585	5647	-1422	-2085	315
-1049	-660	3925	-1603	-441	-377
-1170	-1728	3530	-1666	747	-1292
-695	-972	2921	-1049	1313	-1732
-270	-383	2725	-525	1158	-1655
-791	-278	2658	101	-149	-1387
-756	158	1532	711	-3087	-290
-996	180	52	1137	-4722	1058
-2001	118	-122	899	-5893	1624
-3112	348	-1000	298	-7030	1775
-2534	778	-949	-119	-5233	1414
-4367	1162	-1626	-100	-3878	338
-1700	2160	-2428	-270	2146	-1311
5165	1095	5184	-1309	7435	201
-6632	2707	8927	24	10616	908
-8071	560	15743	382	4955	2738
-5370	670	13861	150	-2352	1415
-1886	-614	6276	483	-3661	1464
-510	649	3919	643	-1245	662
-69	1254	3698	590	713	552
-504	781	3046	362	627	755
-271	182	2442	346	968	769
-567	125	2512	-38	1058	1208
-1244	-364	1708	-334	-1690	1716
-1395	-317	346	-609	-4103	1380
-991	77	4021	-19	91	-302
-1006	91	4052	2	52	-334
-1063	123	4051	27	-21	-356
-1190	-154	3561	100	331	-323
-1190	-154	3561	100	331	-323
-1190	-154	3561	100	331	-323
-1190	-154	3561	100	331	-323
-1190	-154	3561	100	331	-323
-1190	-154	3561	100	331	-323
-1190	-154	3561	100	331	-323
-1190	-154	3561	100	331	-323
-1190	-154	3561	100	331	-323
-1190	-154	3561	100	331	-323
-1190	-154	3561	100	331	-323
-1190	-154	3561	100	331	-323
-1190	-154	3561	100	331	-323
-1190	-154	3561	100	331	-323
-1190	-154	3561	100	331	-323
-1219	-304	3416	134	411	-455
-1144	-426	3334	200	557	-611
-1148	-437	3396	270	723	-765
-1227	-294	3667	253	911	-793
-1341	-148	4085	124	1179	-728
-1356	23	4460	57	1090	-606
-1174	194	4397	19	777	-499
-1044	102	4065	-80	579	-398
-970	-85	3837	-195	733	-435
-984	-135	3788	-246	908	-432
-1017	-175	3797	-256	968	-461
-1032	-171	3803	-255	967	-485
-1073	-129	3811	-239	880	-460
-1005	-138	3711	-218	869	-385
-911	-94	3701	-220	971	-310
-910	-111	3840	-247	1169	-177
-1002	-261	4177	-245	1306	-172
-1195	-535	4571	-243	1296	-405
-1421	-679	4842	-280	1136	-702
-1539	-621	4757	-374	891	-787
-1637	-435	4602	-460	650	-673
-1729	-493	4511	-412	398	-491
-1594	-287	4607	-263	307	-281
-1369	-125	4535	-140	136	212
-1100	-224	4105	-3	-193	710
-1024	-192	3472	80	-719	928
-1188	21	2493	117	-1263	962
-1414	32	1404	257	-1713	921
-1373	-450	427	458	-1499	649
-1271	-594	329	617	-199	-24
-1623	-263	1678	474	1471	-366
-2305	-277	4378	264	2014	-894
-2254	846	6164	126	1338	-1047
-1810	1525	7103	157	1113	26
-2303	850	7815	285	615	854
-2003	-439	7174	280	-17	791
-1539	-971	6551	407	124	395
-1557	-142	6407	693	318	441
-1263	872	6537	892	49	804
-844	874	5749	893	-634	1084
-908	486	4187	563	-1294	751
-1002	-159	2318	-82	-2319	790
-654	-833	357	-656	-3242	573
-470	-969	-516	-748	-4021	-20
-117	-893	-937	-698	-4597	-783
659	-555	-1645	-181	-3670	-1302
-553	123	-3057	1039	1119	-721
-4425	829	-3338	-202	7688	271
-2860	-271	6411	-30	10210	296
-3576	-1839	14726	704	6474	135
-7795	521	16921	-260	788	-1543
-4938	1915	8432	-933	-4303	-1697
-745	1219	3600	-1303	-2353	-1362
-443	-469	3604	-1200	1081	-731
-1529	-1635	5025	-669	2326	-336
-1355	-1521	4992	-139	1739	-219
-1043	-554	4132	82	404	-448
-611	-55	2542	416	-1195	-1122
-372	278	1169	889	-2700	-1731
-693	686	143	1009	-5090	-1272
-720	652	-442	1698	-7087	363
-588	274	-903	1291	-6580	2226
-1500	41	-1524	-22	-3923	2781
-3553	-169	-2697	-1237	1992	1266
99	873	221	-134	6373	847
-1844	506	6290	-966	5935	199
-4539	1348	10120	-300	4822	1264
-6906	-614	13968	81	1420	3139
-3501	-1285	10676	364	-2009	1731
-2076	-260	6404	737	-1735	1352
-1723	1041	5745	726	-282	1330
-1548	1787	5300	569	-349	1481
-539	1139	3550	140	-315	1763
127	245	2792	-570	305	1592
-256	-408	2172	-945	-335	1577
-729	-669	1421	-1158	-1990	1617
-832	-767	298	-1233	-4046	623
-1419	-702	-308	-931	-4674	-636
-1575	-367	-529	-996	-5196	-1042
-1440	-444	-599	-726	-5081	-817
-2708	-133	-2405	-374	-3237	27
-1639	-1554	-4146	394	5009	-275
-309	-1713	5472	1349	10086	-2222
-4272	-1114	11163	1357	8547	-1021
-7421	950	15467	275	4883	-4350
-5409	3360	13735	-340	-817	-2213
-2437	2107	6652	-642	-2660	-902
-1586	-237	4233	-766	-1276	-372
-855	-1174	4104	-738	-87	-692
-862	-1021	3831	-591	-298	-543
-444	-847	2659	-24	-601	-603
-216	-676	1583	185	-1585	-1360
-355	-158	682	646	-3072	-1618
-776	303	-72	886	-5344	-1512
-1954	767	-544	1045	-5709	-548
-2476	96	-808	976	-5186	835
-2935	-49	-866	541	-4599	1353
-1533	120	-3216	-325	-314	215
-682	112	2128	-795	8062	-365
648	1914	7889	-1422	5663	-189
-4771	2161	10645	-386	4743	1360
-5059	-2115	13294	418	1418	3126
-2166	-2125	10154	695	-2135	1577
-978	-1266	5995	903	-1363	448
-1187	1032	5517	816	-36	95
-1029	1661	5524	449	-18	242
-376	1383	4449	-29	-521	728
20	780	2934	-235	-1245	1429
62	227	1562	47	-1850	1671
-811	253	680	-276	-3308	1428
-1752	-209	-18	-704	-4157	944
-2678	-528	-254	-1100	-5261	710
-706	144	4166	232	199	-75
-736	166	4112	281	162	-241
-697	199	4094	326	73	-459
-655	368	4005	373	-28	-579
-663	478	4091	346	-122	-591
-1039	694	4192	299	129	-605
-1298	1205	4631	250	311	-282
-1244	1203	4881	278	-146	269
-1265	721	4359	347	-519	409
-1273	255	3811	250	-660	60
-1237	-272	3207	58	-443	-400
-1412	-403	2994	-138	45	-764
-1509	-67	3080	-175	410	-625
-1517	345	3490	-71	623	-221
-1581	594	4064	-20	621	121
-1543	658	4541	-136	417	445
-1490	364	4741	-360	73	576
-1311	-38	4416	-565	-300	369
-995	-333	3761	-677	-398	61
-779	-370	3186	-683	-166	-230
-677	-311	2882	-565	276	-403
-685	-94	2867	-407	766	-449
-774	128	3186	-306	1086	-369
-988	205	3581	-262	1184	-222
-1131	158	3938	-250	1028	-161
-1165	34	4038	-227	737	-119
-994	-40	3886	-204	532	-99
-797	18	3783	-207	482	-107
-644	92	3758	-218	544	-85
-636	-21	3938	-226	600	-109
-626	-192	4219	-201	511	-217
-647	-293	4349	-193	371	-306
-642	-307	4309	-256	193	-375
-630	-198	4068	-324	201	-323
-729	-136	4048	-366	481	-247
-917	-187	4443	-378	765	-178
-1143	-202	5108	-276	960	-42
-1256	-119	5807	-122	791	298
-976	-151	5988	-48	141	596
-625	-372	5261	-118	-551	489
-512	-274	3922	-266	-951	158
-760	-10	2592	-447	-1153	18
-1167	100	1196	-568	-1125	43
-1309	140	491	-349	-192	274
-1440	97	904	172	1088	544
-1420	16	1971	273	1415	675
-1880	90	3504	268	1506	139
-2130	319	5102	-91	1028	-403
-1924	587	5533	-332	346	-61
-1555	335	5946	49	515	473
-1654	72	6645	572	537	524
-1402	-377	6842	750	222	425
-1169	-486	6841	808	84	-93
-1014	217	6425	872	208	-205
-1157	1180	6097	910	333	-51
-656	1754	5812	691	320	380
-540	1476	5459	425	-124	1162
-683	710	4031	190	-975	1662
-599	238	2183	34	-1819	2056
-994	-584	655	-246	-2704	2130
-1063	-877	-165	-491	-3159	1216
-659	-388	-329	-791	-2909	303
-1183	-517	-412	-830	-2297	-268
-1838	-1308	-1291	-451	-1629	-1064
-882	-281	-1000	442	2085	-1203
-1844	482	2803	706	4441	-102
-1683	-648	7438	1170	4138	-420
-3165	204	9628	185	3187	-1680
-3745	1000	11476	-640	1185	-932
-2375	1308	10614	-944	-1099	-366
-993	1201	6701	-1379	-1202	-695
-820	119	5305	-1540	542	-799
-1079	-1371	5901	-1346	1448	-1024
-1152	-1798	5614	-960	528	-844
-526	-1224	4093	-177	74	-969
-284	-426	2470	496	-486	-1485
-246	-20	1494	1008	-1122	-2043
-586	544	447	1233	-2467	-1858
-1403	786	-215	1120	-3227	-205
-2193	374	-82	930	-4210	1457
-1492	0	-389	426	-5088	2237
-1961	96	-757	7	-4688	2119
-2583	463	-3200	-123	-443	592
714	1204	-69	109	6355	654
617	749	7830	-234	7059	-1458
-5383	1811	13909	-49	4787	547
-5320	-1419	14846	292	-669	2471
-1793	-1827	7790	491	-3365	678
-52	-1130	4944	1086	-1284	658
-817	980	5484	1196	380	65
-986	1694	5788	1201	298	53
-238	2161	4209	758	-885	-447
318	1281	2791	-154	-947	573
175	574	1911	-598	-1039	1408
-636	-85	1002	-712	-2635	2097
-1534	-442	-1	-586	-4106	2056
-2272	-439	-204	-1009	-5031	1398
-3201	-969	-639	-1535	-4963	251
-3996	-1612	-1023	-1054	-4282	-1304
-169	-995	-3691	1563	-822	-849
1818	-919	92	1108	8904	-748
-1445	-2215	9721	1645	8278	-1972
-5462	575	14904	862	4369	-2996
-4783	3373	12691	-276	-339	-3211
-1131	3119	7364	-654	-1948	-788
-248	1214	5373	-996	-647	-98
-819	-945	5382	-1382	730	-556
-1188	-1920	6065	-1219	835	-1323
-743	-1448	4743	-807	-477	-741
-145	-926	3185	80	-1246	-850
-198	-297	1715	519	-2407	-1702
-31	166	444	684	-3233	-2185
-493	299	-255	1063	-3601	-1614
-1299	638	-176	834	-3518	-653
-2868	893	-340	531	-4687	938
-2748	991	-693	107	-5239	2518
-1113	942	-2304	-48	-3092	3079
-351	134	-3272	-193	5760	817
2504	252	4494	-1638	12381	-960
-4308	1524	13208	-332	7645	-1648
-7018	-677	17196	452	3527	3174
-3578	-1757	11999	284	-2564	742
350	-1702	5602	780	-2096	961
-127	76	5220	881	301	-337
-920	1216	5748	787	839	-387
-615	1542	4991	273	-152	-534
-48	759	3138	-100	-764	-575
-98	645	1833	208	-1155	-127
-244	1064	858	333	-1841	315
-1056	255	191	-903	-2845	988
-1114	-186	4076	-338	354	467
-1098	-290	4129	-300	186	400
-1016	-327	4115	-262	82	280
-933	-329	4039	-220	-51	142
-786	-246	3876	-170	-106	95
-737	-208	3789	-112	1	123
-795	-185	3955	-79	154	72
-886	-140	4159	-72	94	3
-960	-93	4144	-94	12	-45
-930	-59	4116	-146	-67	-33
-872	-86	4090	-195	-169	51
-864	-113	3980	-165	-316	185
-800	-131	3809	-82	-387	332
-815	5	3710	-10	-352	582
-1071	-12	3716	-11	-215	874
-1516	-431	3885	-101	180	786
-1552	-465	4259	-321	639	338
-1528	-188	4510	-403	313	258
-1523	206	3877	-383	-104	446
-1452	555	3212	-295	-178	781
-1213	426	2814	-141	0	1198
-1261	-44	3098	-12	469	1272
-1282	-413	3735	8	551	825
-1243	-488	4390	-15	535	150
-1212	-368	4802	27	185	-482
-1104	-50	4521	187	-71	-704
-961	278	4187	409	59	-517
-807	388	3850	490	66	-150
-661	291	3327	447	128	57
-639	201	2936	363	370	61
-625	3	2709	336	802	-2
-664	-30	2816	375	1298	-162
-824	49	3271	498	1591	-204
-901	190	3770	619	1703	-141
-807	293	4286	726	1604	13
-646	299	4537	765	1296	30
-452	374	4517	674	932	-132
-340	716	4259	586	610	-69
-373	885	3851	544	549	326
-585	911	3538	490	766	606
-1044	653	3710	456	1177	794
-1335	229	4132	576	1282	596
-1642	233	4582	570	1004	566
-2100	110	4349	428	652	131
-2307	-187	3573	56	190	-685
-1990	60	2353	-289	7	-1251
-1785	393	1949	-453	-40	-1247
-1688	375	2170	-568	-361	-759
-1703	504	2758	-193	674	1017
-1291	-434	4951	194	3024	1578
-1915	-330	8085	-579	4223	-466
-4179	630	11744	-1216	3364	-1380
-3964	1092	12978	-1323	146	-579
-1970	117	8655	-1330	-2045	-209
-639	-704	5348	-1207	-1242	-1056
-632	-900	4622	-1136	-482	-1266
-585	-507	3676	-856	-785	-1547
-443	137	2345	-148	-1459	-1559
-359	697	979	329	-2923	-1170
-489	490	148	525	-4978	-267
-77	264	-557	823	-6062	1016
38	79	-667	675	-4809	1971
-305	-296	-602	505	-3642	2468
-943	-113	-891	194	-2573	2394
-4122	-482	-1198	-322	-3201	1239
-3571	-388	-3449	-614	1144	-647
-587	247	-1621	-1398	7667	92
-1761	-619	3775	-839	11439	-2091
-5686	2511	13115	1954	8859	-1045
-6681	-1098	20085	1697	4025	1778
-4996	-346	15124	726	-1282	-704
-2129	61	7616	1397	-3063	1202
-753	1081	5324	1443	-1585	672
-578	2300	4793	1413	-205	-380
-466	2268	3636	22	-14	-890
-377	1330	2187	-254	-610	-22
-404	447	1065	-817	-1829	1347
-415	-115	185	-845	-3301	2346
-541	-133	-164	-743	-3756	2782
-1067	-201	-105	-559	-4270	2979
-1520	-615	-205	-815	-4895	2603
-1894	-1017	-567	-1095	-5276	1421
-4435	-3160	-2424	-872	-2969	-1000
-1716	-9	-2758	1469	4808	-2030
843	-613	2339	1676	11700	-2788
-6414	1497	11693	175	12073	-1662
-7815	2099	17980	-358	4434	-2063
-6771	1425	14670	-1229	-2626	-965
-2442	554	6306	-1190	-5347	-571
-569	-523	4112	-792	-1479	-468
-842	-1109	4963	-493	-404	-1616
-727	-910	4189	-155	-1330	-2375
-231	-303	2401	-277	-2475	-2183
401	15	1196	299	-2661	-1827
4	258	469	1010	-3773	-1293
-484	523	-342	1251	-4960	-515
-1116	910	-668	706	-3382	796
-3491	897	-84	15	-3109	2114
-3231	860	-548	-40	-5186	3289
-3402	774	-1139	228	-4738	3027
-1864	282	-3230	154	852	468
2580	-576	420	-1156	9055	1217
-532	-1479	8049	-604	10561	-2481
-6760	2188	13897	700	7286	1225
-5194	-1050	16650	1093	2618	2656
-3709	647	9934	811	-1782	634
-1778	930	6776	624	-842	590
-853	1296	6018	637	-852	957
114	1419	3977	654	-1377	1542
646	712	2438	-191	-1199	1818
615	200	1450	-576	-1216	2124
-196	-41	609	-988	-2539	2053
-1103	44	181	-958	-3990	1938
-2732	-251	198	-1051	-6790	1660
-4486	-1474	-1583	-2342	-7496	26
-4192	-1628	-401	-1894	-5323	-1852
-4214	-925	-1182	-405	-6161	-1951
1492	170	-3865	2833	-194	2266
4387	-2396	-896	2399	9677	-1906
-2426	-330	5318	735	15655	-1819
-11966	137	21836	613	10269	-6416
-4950	4234	13515	-724	-3026	-4236
-2460	3094	7562	-363	-2369	301
-1363	247	5823	-909	-328	207
-1730	-998	6285	-1196	863	-519
-1676	-1561	6014	-798	-407	-732
-504	-843	4041	-428	-1826	-415
43	-11	2119	-113	-4713	324
813	81	403	895	-5557	219
141	129	-274	1232	-6545	230
-766	420	4059	152	226	-118
-769	459	4077	150	143	-101
-733	488	4157	128	48	-39
-802	396	4242	111	-11	25
-879	170	4264	108	-80	-81
-831	-19	4139	120	-191	-341
-680	3	3951	146	-253	-590
-659	159	3844	212	-321	-712
-834	521	3811	261	-231	-699
-1118	875	4091	331	205	-413
-1464	1071	4699	379	442	-108
-1656	784	4987	322	51	95
-1556	261	4627	189	-609	-111
-1397	-169	3761	109	-892	-477
-1222	-307	2875	125	-787	-994
-1135	-140	2149	103	-211	-1062
-1120	186	2195	150	854	-1013
-1405	493	3170	197	1446	-740
-1685	563	4194	165	1435	-290
-1765	421	5000	-20	1065	-14
-1578	135	5288	-274	391	25
-1346	-110	4789	-479	-241	-292
-1025	-49	4037	-549	-458	-574
-687	67	3228	-502	-446	-740
-466	249	2665	-395	-89	-667
-359	208	2415	-302	517	-435
-474	60	2658	-255	1328	-284
-803	-23	3455	-223	1843	-258
-1174	-55	4238	-177	1616	-243
-1305	-80	4633	-164	848	-242
-1092	-158	4365	-170	100	-290
-712	-240	3897	-192	-61	-380
-573	-232	3664	-189	286	-474
-663	-255	3923	-140	716	-452
-915	-323	4425	-112	712	-504
-1207	-117	4614	-173	480	-549
-1193	36	4704	-307	243	-361
-1088	86	4849	-370	394	-147
-1038	255	5370	-359	747	181
-985	54	5805	-317	493	527
-867	-241	5209	-296	-248	745
-821	-482	4104	-425	-536	764
-841	-399	3079	-483	-395	448
-1063	46	2098	-578	-361	345
-1671	460	1116	-426	-539	503
-2158	526	296	-2	-504	1067
-1538	-189	402	407	549	1751
-1409	-943	2144	368	1563	684
-2156	-734	4315	268	1318	-1396
-1519	703	5535	197	1900	-1289
-2027	504	8258	835	3557	-133
-3803	634	10806	1257	2359	205
-3185	70	9506	911	-692	-236
-1665	358	6671	640	-1346	-726
-643	1323	5110	658	-356	19
-410	1382	4815	665	515	843
-302	1200	4185	592	854	993
-379	574	3387	-664	773	1129
-556	-329	2210	-784	-253	1047
-560	-294	970	-1015	-2754	514
-566	-33	10	-1263	-4791	296
-703	-127	-106	-1519	-5553	275
-2042	-785	-293	-1192	-5932	37
-5388	-180	-1903	64	-5058	-425
-1508	-199	-1455	1103	-2219	112
2542	-773	-948	557	3377	802
966	-2227	4200	638	10059	169
-6064	-1902	9232	18	10378	-1209
-8691	2853	17424	-225	7375	-3361
-5867	2463	13952	-622	-2266	-75
-2375	764	6826	-1073	-3998	-277
-817	-1170	4417	-1381	-1774	-647
-598	-1942	4130	-1125	-163	-1105
-520	-1188	3274	-370	0	-1187
-369	-895	1958	264	-401	-894
-282	-328	883	841	-1122	-952
-326	48	234	756	-2039	-909
-196	124	-118	573	-2551	-828
-801	315	2	318	-2860	-623
-1920	721	7	-480	-4571	-282
-2642	837	-787	503	-4988	393
-4444	2023	-1181	766	-2816	1418
92	878	-1005	-131	1553	3669
3122	-547	3013	-493	6870	143
-3257	2389	10638	-718	11748	-1159
-8553	-86	16606	332	2222	4338
-4515	-2306	11172	376	-3693	1900
-1262	-369	5168	615	-2558	921
-804	757	5036	482	734	288
-1139	1089	5603	568	1426	104
-864	1674	4562	503	1337	-13
-35	1316	3244	293	1430	668
-358	672	2238	-986	448	1463
-643	-112	1265	-1346	-2495	1980
-760	-196	195	-1048	-5079	1928
-997	-64	-200	-1352	-5996	1497
-1859	-492	-461	-2315	-6691	459
-2545	-1768	-1471	-1761	-4669	-1208
-7448	-625	-1022	-308	-2427	-3006
1034	806	-2293	2126	338	678
3014	-2495	1202	1253	8667	-543
-1875	-1714	7848	243	13275	-937
-11214	1781	20486	668	5560	-4511
-6026	3617	11489	-172	-4043	-1789
-1718	2075	5135	-338	-3066	568
-414	89	3973	-1071	105	-350
-1273	-1644	5443	-1202	1904	-1141
-1313	-1804	5998	-798	1222	-1463
-917	-840	4656	78	-75	-1187
-1048	-380	2845	148	-2711	-783
-411	31	960	207	-6173	-405
-262	44	-331	515	-7755	11
-160	47	-522	1044	-7510	291
-418	164	-754	1400	-6269	510
-2294	1844	-1368	1205	-3073	919
-7479	214	-1198	309	-3552	1524
-278	1111	-2417	-95	-915	2077
5463	-401	1567	-1465	10222	-43
-372	1215	5945	-1492	10175	-2365
-6233	1623	8709	539	8827	2457
-8308	-1202	19108	330	6491	3979
-3484	-2036	11098	374	-3725	2396
-1225	-1246	5212	639	-2068	499
-844	762	5401	503	469	-177
-605	694	5250	971	204	-38
-21	686	3980	808	-657	-182
-160	679	2414	434	-1350	135
-470	530	977	341	-2890	509
-490	208	-46	31	-4121	674
-665	-13	-242	-511	-4150	759
-1327	-214	3986	326	-369	-497
-1212	-94	4029	356	-267	-901
-1173	170	4102	490	-48	-828
-1119	398	4183	622	107	-514
-1167	559	4111	683	47	-124
-1185	582	3866	607	-51	186
-1088	474	3582	450	-155	325
-960	265	3292	307	-98	310
-851	17	3147	213	96	143
-870	-83	3234	187	388	-117
-994	-10	3579	234	568	-253
-1110	22	3913	280	454	-295
-1067	100	3949	282	231	-354
-1013	186	3886	221	72	-391
-836	320	3687	167	-20	-342
-672	423	3654	140	60	-262
-663	428	3837	131	220	-194
-690	473	4083	147	251	-106
-779	389	4251	174	195	38
-895	195	4232	225	136	37
-916	-37	4137	305	55	-81
-863	-120	4099	351	78	-353
-851	-14	4317	354	158	-549
-1027	229	4660	314	-65	-731
-1143	704	4661	363	-335	-644
-924	1030	4509	626	212	-115
-1143	976	5025	809	495	298
-1656	761	4712	741	-370	647
-1708	-162	3638	496	-838	579
-1536	-804	2481	258	-454	-199
-1444	-836	1861	174	395	-942
-1629	-273	1981	149	1300	-1378
-1679	645	2809	99	2210	-1198
-1873	1014	4141	45	2387	-401
-2153	950	5128	-105	1261	259
-2207	287	4955	-334	-199	376
-1509	-304	3965	-581	-528	-275
-976	-431	3489	-671	-326	-913
-773	-385	3155	-529	-262	-1044
-718	-158	2824	-333	-113	-893
-613	86	2596	-119	389	-519
-628	304	2943	-69	1239	-236
-799	294	3902	-147	1826	-61
-1115	33	4934	-353	1786	-46
-1413	-214	5425	-582	1179	-148
-1356	-41	5157	-722	575	-223
-1001	228	4599	-1000	101	212
-688	-117	4341	-770	373	246
-978	-919	4872	-659	1150	-335
-1219	-949	6041	-477	1323	-910
-1552	-595	6487	-222	346	-1053
-1580	3	5189	-86	-1237	-442
-1076	311	3010	134	-2006	-172
-995	709	1125	89	-2045	296
-1312	1308	1	-342	-2059	1336
-1110	615	-407	-349	-1635	2216
-1929	-467	-388	183	-1165	2234
-2824	-1891	-367	930	182	128
-2124	-1058	2416	468	3444	-1905
-75	563	7450	563	5107	-1475
-4685	2173	12226	1306	5030	177
-5570	763	13810	603	-96	840
-2001	-122	8450	489	-2846	806
-470	0	5917	873	-1276	1182
-347	1157	5467	897	423	1149
-420	1584	4888	690	1297	1078
-501	1780	3411	317	2188	1489
-360	673	2120	-215	2207	2347
-801	-614	1461	-863	78	2069
-911	-109	474	-1021	-3562	1228
-744	26	-88	-1579	-5626	1123
-1398	-151	-206	-2265	-6940	862
-2266	-979	-811	-2999	-8381	75
-3712	-1150	-1578	40	-3616	-457
-3639	208	-1280	1682	-2793	842
1342	-187	-2018	1153	1274	1522
804	-1898	879	677	7681	-270
-2543	-1691	5861	-140	10420	-1081
-5259	87	11929	877	10233	-2906
-7991	3500	18358	-487	4609	-1330
-4701	2696	12950	-1029	-1994	-567
-2239	1092	6566	-1850	-2779	-1050
-1167	-1122	5315	-2046	-1001	-1381
-1112	-2251	5789	-1417	-124	-1022
-1138	-2234	4971	-742	-896	-102
-1154	-1290	2936	152	-2762	-464
-486	-973	914	786	-4669	-954
-337	-180	-236	1314	-5586	-1249
-181	65	-455	1321	-5366	-1359
-573	407	-372	938	-5330	-1195
-1220	995	-603	-106	-5476	-863
-2836	816	-1070	-806	-5234	-409
-5331	2238	-2532	533	-3033	283
347	830	-2844	-325	1305	2202
3410	-2314	496	-444	9801	1221
-2822	-610	4710	435	15429	-2073
-4949	2607	17555	1969	16949	1418
-11817	351	23445	28	1977	805
-5294	101	9588	186	-9090	1857
-358	568	2596	386	-5016	1185
354	381	2846	294	-993	464
809	195	2160	1021	-666	691
909	106	1231	1009	-741	1040
295	152	573	401	-2005	1223
-130	60	87	-157	-2998	1310
-644	55	1	-482	-3493	1310
-1672	-199	18	-992	-4876	1298
-4167	-505	-418	-1818	-6641	178
-2848	-1213	-1406	-452	-3894	-1072
-3587	677	-410	-135	-3028	-1105
-2657	-493	-1416	1106	-458	163
2769	-1996	-390	1770	6483	467
-633	-871	3538	573	15879	-1726
-12644	747	21400	1473	17715	-5463
-9991	3381	19708	-395	-504	-3325
-4486	2384	8111	-271	-8213	-748
-653	1963	2782	-653	-4038	245
194	-382	3302	-1220	326	54
-310	-630	4125	-1477	1682	-1184
-696	-967	4184	-509	1310	-1174
-783	570	3241	-575	-1282	-1038
-96	-106	1649	-394	-4430	-145
-104	-144	111	44	-5663	832
-239	-26	-364	513	-5438	1198
-632	-143	-462	827	-4723	1148
-3581	227	-363	1560	-5240	1237
-4529	703	-1257	589	-5201	1329
-5348	216	-1539	477	-3057	886
4066	375	-1881	-554	2283	1023
4965	-130	3634	-1829	11827	-1811
-653	-161	3385	-352	126	-252
-653	-161	3385	-352	126	-252
-653	-161	3385	-352	126	-252
-725	-96	3306	-278	236	-57
-762	-135	3329	-280	516	52
-868	-197	3615	-273	762	117
-965	-218	3989	-252	741	93
-928	-185	4228	-242	521	66
-825	-143	4247	-250	200	110
-643	-149	4048	-255	-25	202
-504	-218	3828	-237	-36	314
-411	-340	3715	-212	59	316
-426	-428	3700	-197	163	210
-491	-486	3844	-186	313	82
-628	-431	4051	-175	473	5
-655	-367	4254	-200	530	-39
-684	-272	4331	-279	384	-19
-724	-261	4249	-296	231	218
-815	-226	4328	-172	412	548
-865	-106	4591	-24	590	891
-961	-246	4840	-54	506	1186
-1178	-567	4568	-309	348	1159
-1221	-761	4050	-593	471	824
-1236	-375	3539	-787	248	389
-1154	42	2724	-781	-254	316
-1124	231	2188	-332	-420	968
-912	-270	2153	134	-156	1518
-752	-1093	2824	352	952	785
-1200	-1098	4565	303	1675	-730
-1613	-275	5792	191	864	-1499
-1352	366	5629	255	-160	-1096
-743	626	4968	434	-333	-540
-613	1080	4456	504	-232	170
-469	546	3902	558	112	954
-597	-31	3746	647	839	780
-1001	-104	3940	900	1210	534
-1152	-243	4022	1187	1131	596
-1135	-296	4204	1372	1055	515
-981	-52	4744	1233	1010	376
-952	310	5585	853	1125	119
-1175	863	6304	447	346	-94
-1163	1069	5211	106	-1404	-22
-699	800	3042	-70	-2268	-8
-252	337	1061	78	-2139	-38
-104	-2	7	211	-1481	-10
-352	-149	-191	143	-985	-19
-1065	-346	-161	266	-1080	303
-3002	-867	-249	12	-1091	1026
-3004	-1155	-1089	-446	1073	1921
313	-1318	2018	679	5959	-476
-783	-497	9258	110	9019	-1333
-8113	-715	17450	-503	6378	-1170
-5857	2585	14862	-874	-2353	-1518
-1594	1841	6677	-1032	-4254	-60
455	520	4107	-1288	-1061	-206
-164	-1392	4914	-1291	1570	-166
-1001	-2706	5721	-699	1954	-369
-1369	-1363	4625	20	707	-912
-810	-709	2771	415	-474	-758
-445	-367	1621	1414	-1478	-813
-366	113	486	1512	-3042	-803
-264	128	-178	1308	-3838	-316
-894	269	-52	857	-4231	109
-1610	359	-237	224	-5649	457
-3070	271	-1055	274	-5530	798
-3322	837	-2077	539	-2618	739
1738	325	-1248	-351	3246	320
1448	1165	2685	-1032	8026	-2190
-3907	3040	7486	-790	9553	-3
-7140	1056	16088	748	5445	4036
-4457	-1773	12843	752	-1452	1910
-2317	-1286	8098	725	-2215	637
-1379	67	6272	547	-944	-7
-785	975	5708	746	-144	-97
-422	1054	4780	806	-362	-217
285	1159	3092	649	-407	-88
89	903	1825	-294	-452	346
-388	350	900	-604	-1417	688
-635	-8	208	-557	-3265	1166
-665	-9	-54	-916	-4167	1229
-995	-114	-239	-1277	-4428	1118
-2520	-917	-295	-1357	-4740	992
-6424	-1584	-1531	-547	-4176	823
626	-740	-1650	1400	44	443
3102	-2487	1221	567	7858	-2663
-1526	-955	7641	-233	10765	-1676
-9379	543	19216	907	5552	-4375
-5886	3676	12066	-4	-2819	-2143
-2128	2019	6229	-345	-3223	-538
-445	471	4598	-887	-762	-1021
-1069	-1165	5045	-1106	937	-1706
-1259	-892	5163	-765	990	-1753
-604	-950	4256	188	-3	-1133
-659	-303	2785	418	-2061	-1180
-32	-137	1066	596	-4009	-1295
-349	161	-114	1191	-5320	-809
-292	164	-502	1301	-4768	-164
-1899	808	-325	944	-4012	287
-3863	1151	-763	263	-5024	1235
-4976	537	-1517	465	-4014	2223
1202	1076	-2289	294	105	2202
4028	186	949	-1303	7824	96
-150	2737	6595	-1317	11030	-1653
-5765	2277	12126	527	6700	3438
-6699	-1923	16318	356	866	4280
-2049	-1536	7765	892	-2858	2124
-1506	-211	5927	532	-557	738
-1349	888	5966	348	-414	95
-506	1114	4666	456	-829	-128
234	647	3489	400	-893	243
55	530	2189	268	-1120	871
-153	21	1082	-228	-1778	1710
-572	-448	196	-479	-2946	2178
-550	-366	-377	-766	-3285	1727
-1327	-620	-255	-1002	-2946	915
-3113	-1131	-161	-1100	-3536	-530
-3888	-1129	-2587	-154	-3341	-2748
1388	-1164	-1640	936	5268	-504
-779	-2158	6536	1106	9874	-2425
-5499	-1255	15221	919	7876	-2039
-6240	2866	14935	485	-938	-4321
-2274	2575	5826	5	-2442	-1244
-1225	1907	5451	-691	-69	-1498
-1338	444	6007	-927	262	-1350
-1305	-709	5665	-972	29	-1341
-830	-841	4771	-597	-494	-554
-292	-781	3588	-94	-1358	-633
-16	-481	1992	429	-2749	-1263
-460	485	424	1081	-4116	-1127
-668	659	-614	1774	-4414	381
-1714	17	4129	-400	-214	-671
-1779	723	3679	-307	-455	-102
-1828	1016	3065	-204	-473	837
-1804	744	3013	-39	-205	1270
-1854	-71	3281	63	113	1265
-1724	-824	3797	67	424	374
-1686	-849	4400	92	380	-613
-1693	-559	4610	243	-180	-981
-1530	-5	4071	458	-493	-839
-1224	623	3576	609	-156	-401
-1005	936	3429	666	87	84
-905	822	3319	610	178	416
-962	359	3364	450	336	453
-1108	-132	3463	310	437	244
-1180	-444	3501	251	359	-119
-1092	-386	3477	296	356	-450
-1080	-115	3579	387	483	-625
-1091	97	3802	460	510	-644
-1063	190	3899	451	404	-641
-1123	228	3962	398	241	-657
-1027	324	3834	344	61	-656
-836	373	3692	307	9	-568
-690	368	3609	298	121	-475
-670	422	3700	297	303	-393
-735	481	3903	315	375	-236
-850	561	4103	314	351	-57
-914	442	4255	285	262	8
-890	195	4247	279	80	-128
-854	107	3976	359	-75	-303
-1012	149	3738	461	-35	-359
-965	256	3660	520	278	-402
-1028	662	3908	549	1275	-286
-1166	1090	4920	529	1819	39
-1225	1082	5421	568	1127	515
-1425	695	4997	572	-92	768
-1157	293	3918	456	-971	616
-745	-45	2696	267	-824	331
-654	-112	1956	64	33	-58
-698	69	1519	-20	994	-333
-998	252	1423	6	1816	-352
-1655	139	1827	198	1846	-273
-2014	3	2232	273	929	-110
-1790	42	2350	190	758	34
-1756	491	2804	175	1393	174
-1745	395	3852	550	2079	674
-1992	94	5007	395	2374	156
-2475	132	5842	-138	2006	-326
-2524	606	5846	-644	1362	-268
-1929	586	5873	-822	1272	188
-1561	105	6165	-846	1739	536
-1564	-340	7137	-922	2696	183
-2334	-530	9034	-1090	2901	-596
-2796	-285	9586	-1195	1243	-1375
-1894	-512	7433	-1373	-682	-1737
-1109	-916	5380	-972	-661	-2343
-1509	-425	4364	-403	-229	-2090
-1317	-406	3044	174	-746	-687
-856	-135	1829	931	-1680	-266
-775	340	616	1204	-2873	-318
-770	509	-179	532	-4080	43
-551	254	-306	144	-4270	434
-816	340	-398	-41	-4411	589
-2212	714	-391	-393	-5095	745
-4034	-115	-2508	916	-4285	504
-965	-177	-2530	-309	1827	232
569	-220	-107	-997	6848	-759
-1263	1241	3712	-3	10762	-1574
-8213	1916	16108	573	9909	1411
-7663	-747	17617	1276	-93	1926
-3877	-869	10341	941	-4884	823
-1334	201	4984	917	-3168	932
-558	1297	5307	454	-463	242
-583	2035	5007	170	885	-50
-128	1994	3932	192	2235	390
-347	1088	2880	115	2897	1686
-1063	380	2365	-718	1240	2640
-1403	-337	1517	-1239	-2516	3005
-1471	-436	408	-975	-5977	2864
-1112	28	-273	-751	-8394	2479
-2042	-96	-445	-2356	-8991	1414
-3516	-1990	-2282	-2840	-7060	-583
-4845	-2661	-1120	854	-2424	-2706
2235	-563	-2105	1010	1441	-560
-176	-1829	1138	1638	9317	-974
-4675	1546	4666	1270	11695	-1284
-9010	3867	17113	139	13380	-4005
-9452	2736	19976	-1330	997	-1977
-4745	276	9901	-43	-7767	928
-454	-1222	2927	-701	-4384	-589
467	-1965	3453	-871	-314	-2107
-174	-1201	3591	-304	568	-2490
-642	-424	2787	-312	-717	-2206
-209	-486	1717	257	-2935	-1980
-75	-119	434	746	-4504	-2092
-232	97	-279	1126	-5309	-1593
-678	379	-333	982	-5389	-1079
-2166	824	-514	812	-5408	-179
-4234	1592	-1089	1529	-5915	1704
-3127	1644	-1343	100	-4591	3004
-2460	-1067	-1929	128	-2017	1708
1088	10	-1940	-1638	6122	-452
1124	-1178	3062	-1754	13020	-1599
-8452	2512	7863	-594	12073	-1754
-10337	297	23104	684	10072	3583
-6577	-652	15070	386	-5921	1486
-1853	-124	4041	929	-5309	2013
-418	596	4492	178	124	-51
-578	842	5538	285	499	364
-58	428	4541	460	144	805
633	-199	3241	432	209	965
80	-55	2033	499	-1332	1280
-611	485	809	294	-4510	1080
-878	231	-125	-417	-6047	956
-1740	11	-336	-1790	-6404	638
-3575	-984	-931	-2997	-6188	-637
-4971	-1238	-795	-839	-4549	-2596
-3863	244	-1674	47	-4796	-2150
3295	-1434	-2985	2376	3417	1642
536	-3034	4124	2730	10097	-808
-5232	-762	9531	-852	9674	-523
-4198	1693	11172	490	5460	-4140
-5022	3479	13605	-747	2525	-3199
-3692	2239	10336	-459	-1215	35
-2612	-284	7170	-791	-2545	-382
-1011	-1711	4825	-851	-2232	-1473
-211	-1618	3699	-652	-1145	-1249
-212	-764	2679	-871	-1046	-1116
-52	93	1457	-601	-1154	-1494
63	803	894	359	-1599	-1519
-320	1044	220	839	-2943	-657
-805	-46	4019	34	296	452
-805	-46	4019	34	296	452
-805	-46	4019	34	296	452
-870	-190	4314	-42	234	438
-947	-429	4557	-83	114	270
-991	-598	4608	-46	53	80
-920	-516	4654	-22	-43	-69
-824	-293	4499	-51	-175	21
-884	-60	4236	-124	-274	86
-977	315	4098	-269	-430	478
-1374	-73	3755	-334	52	741
-1873	-405	4279	-504	476	166
-2231	-155	3995	-615	225	-227
-2278	669	3637	-665	187	-68
-2184	926	3348	-404	-106	934
-2147	309	3388	-152	73	1391
-1985	-589	3931	-9	249	1126
-1719	-1221	4409	106	139	374
-1614	-1186	4611	228	-276	-333
-1422	-538	4174	399	-471	-640
-1135	198	3718	556	-409	-585
-1023	740	3263	640	-434	-210
-929	875	2797	613	-356	237
-919	602	2620	494	-39	550
-965	158	2654	317	306	453
-1067	-97	2910	168	722	81
-1169	-124	3477	148	970	-189
-1257	58	4039	190	842	-230
-1276	160	4402	219	456	-142
-1064	236	4362	196	-73	-148
-812	340	3905	135	-365	-154
-593	488	3436	110	-306	-105
-500	560	3345	124	-81	34
-558	480	3487	114	188	237
-713	122	3810	83	475	318
-749	-115	4193	111	664	210
-779	-107	4708	176	715	54
-829	60	5020	210	486	-117
-782	286	4871	217	92	-144
-522	392	4413	189	-112	-223
-724	502	3953	163	-148	-287
-1184	766	3219	132	-342	-193
-1107	888	2240	210	296	332
-1118	462	1936	113	1256	719
-1635	-94	2060	98	1295	735
-2244	-622	2216	56	495	523
-2168	-905	2277	-159	137	-370
-1987	-270	2689	-13	892	-858
-1897	519	4184	359	1922	-86
-2312	329	6058	479	2549	730
-3040	-209	8559	114	3090	165
-4116	-146	10608	-491	1619	-776
-3072	147	8881	-818	-924	-873
-1775	165	5669	-1013	-1284	-1243
-1126	199	4206	-1163	-203	-1294
-779	-215	4009	-1048	918	-1377
-1011	-465	3982	-701	1342	-1391
-785	-588	3659	-113	1227	-885
-575	-548	2982	524	250	-505
-397	-89	1835	921	-1478	-361
-492	197	602	523	-3264	34
-288	118	-257	321	-3836	505
-1047	88	-73	-231	-3948	608
-2086	-476	-153	-535	-5795	218
-3116	-359	-1253	-35	-5685	-450
-2115	1077	-2670	1246	-3164	478
1695	305	-1396	-221	5118	380
1873	880	5018	-603	10602	-1467
-5487	2723	13999	221	10237	346
-8186	586	17943	167	-827	3047
-2660	-992	7130	529	-5907	2332
-553	-1423	2994	688	-2061	897
-1002	-220	4438	637	1168	627
-1173	802	5687	465	1685	637
-1101	1142	6104	324	1393	990
-996	999	5045	379	101	1348
-706	301	3175	340	-1026	1847
-671	207	1541	-122	-1844	1977
-761	-179	276	-576	-3200	1852
-622	-22	-176	-1170	-3741	1395
-907	-490	-201	-1553	-4087	779
-1560	-921	-316	-1128	-4470	-73
-4103	-1067	-838	-766	-4620	-1379
-2703	-233	-2338	1018	-2214	-1191
2079	-626	-1955	530	4702	1382
1403	-1866	3986	340	11427	-1245
-5224	-1839	14115	383	12858	-883
-9805	1647	20377	261	1010	-3393
-3869	1712	8808	123	-6390	-613
-887	457	3211	-442	-3399	-1070
-358	-195	3320	-1016	483	-1571
-1111	-1224	4736	-945	1971	-2304
-1089	-823	4833	-725	1459	-2184
-389	-347	3665	-122	438	-1760
-265	35	2248	489	-779	-1435
-562	393	993	717	-2456	-1123
-543	257	-22	566	-4104	-546
-755	320	-156	763	-4520	44
-2031	779	-193	198	-5522	535
-4557	741	-1480	1320	-5665	1684
-5984	-332	-1740	363	-1548	1476
3254	28	-1165	152	3006	1908
3190	315	3651	-747	9210	-1896
-2986	2708	9066	-175	11246	-1426
-9102	909	17267	207	1649	3915
-3948	-1423	8510	405	-4941	3051
-735	-1608	4171	383	-1602	862
-844	4	5245	356	1406	309
-1488	677	6338	410	1674	391
-1185	297	6057	529	590	822
-353	404	4271	623	-207	650
-324	233	2560	137	-1196	898
-494	138	1252	363	-2753	1379
-547	277	73	-446	-4159	1185
-591	38	-176	-1173	-4385	824
-763	-355	-288	-1380	-4078	172
-2166	-465	-344	-1286	-4045	-1027
-6169	145	-1261	-413	-3809	-2948
87	529	-2873	1367	-724	-1114
2236	-2862	546	1509	7996	869
-702	-1057	7311	844	11693	-976
-10544	-715	21534	835	8015	-3258
-5777	2903	12805	-245	-5908	-2832
-1031	1336	3472	-484	-4241	-529
73	985	2985	-942	98	-1343
-1208	-566	4820	-1148	1893	-1071
-2174	-1207	6123	-988	1495	-1575
-1678	-1039	5737	-583	-132	-985
-665	-762	4107	49	-1674	-791
-390	-359	2112	531	-3177	-975
-666	-164	3550	-57	132	-47
-666	-164	3550	-57	132	-47
-666	-164	3550	-57	132	-47
-666	-164	3550	-57	132	-47
-710	-229	3707	-54	284	-32
-844	-351	3984	-16	455	-3
-1032	-494	4347	-8	497	-138
-1241	-278	4666	-80	269	-247
-1167	-73	4848	-113	46	-62
-943	119	4836	-179	47	182
-767	237	4856	-272	-9	489
-1017	137	4629	-348	-335	866
-1984	146	3064	-551	85	83
-1984	146	3064	-551	85	83
-1984	146	3064	-551	85	83
-1984	146	3064	-551	85	83
-2040	754	2884	-430	181	705
-2007	638	2977	-169	408	1435
-1847	-2	3677	-4	905	1407
-1862	-543	4682	62	856	714
-1922	-523	4990	59	-26	96
-1616	-186	4313	190	-468	149
-1313	141	3754	382	-342	417
-997	345	3248	562	-267	646
-885	352	2898	639	-199	885
-834	33	2552	607	-46	951
-824	-248	2442	425	439	579
-892	-209	2767	296	903	51
-1074	-8	3316	338	1011	-124
-1185	96	3790	439	871	-135
-1108	305	4034	465	567	-138
-961	498	4059	414	250	-41
-759	512	4051	430	178	87
-772	330	4106	479	254	137
-878	299	3997	509	168	72
-768	545	3686	479	130	53
-590	764	3610	457	358	172
-569	915	3824	419	897	310
-800	859	4332	366	1342	484
-1140	506	4801	250	1044	441
-1067	201	4450	295	566	239
-988	189	3762	430	601	-19
-1418	175	3154	375	564	197
-1632	42	2246	280	3	163
-1734	-242	1311	-43	59	-276
-1852	30	1107	-474	704	-980
-1940	349	1922	-310	1433	-670
-2178	254	3218	89	1678	228
-2489	-33	4127	332	1854	905
-2528	-223	5132	35	2758	584
-3081	-377	7310	-401	3066	-243
-3847	-124	9476	-686	1880	-712
-3459	-62	10129	-748	133	-287
-2020	-96	8293	-910	-967	-596
-1543	57	6521	-1157	-601	-1509
-824	-375	5677	-1087	166	-1982
-606	-1164	5018	-725	831	-2268
-1095	-1015	4164	-42	1262	-2321
-1525	-336	3040	206	522	-1596
-1161	29	1913	736	-773	-1148
-782	249	845	1076	-2691	-534
-461	267	-90	671	-4656	-15
-273	76	-505	470	-4743	262
-427	-132	-586	148	-3827	591
-1087	-258	-540	158	-4964	520
-2033	85	-1429	345	-4369	-423
-3749	1602	-3830	696	525	-680
-455	676	-852	-279	7000	692
-933	472	4629	76	10275	-751
-9691	910	18295	60	8442	335
-8164	-768	19292	508	576	2139
-3854	-1428	8351	750	-4804	462
-1509	-799	4743	831	-1209	159
-844	885	6115	607	380	-150
-701	1727	5497	471	715	690
-196	851	3660	919	1406	1244
-193	-153	2500	978	1482	1118
-381	135	1847	411	-638	1046
-822	-320	933	-296	-4142	1021
-737	120	-215	-704	-6879	1076
-1270	92	-278	-1725	-7552	897
-2532	-708	-880	-2820	-8344	113
-2828	-1694	-1551	-1499	-5132	-1515
-4153	-313	-1325	-265	-3708	-2563
-134	1773	-3391	2037	-122	314
925	-567	-310	1895	7880	219
-2178	-670	5849	1905	12092	-291
-8069	-1151	13230	395	9622	-2722
-8905	3812	18844	-937	3866	-2084
-5187	2095	11002	-345	-4511	1343
-2123	148	5103	-1090	-3145	-148
-1397	-1110	4660	-1659	-397	-1354
-1181	-1507	5212	-1580	354	-1947
-541	-1047	4366	-1694	-387	-1596
-441	-645	3422	-832	-1045	-1547
-339	-536	1895	-136	-3739	-1266
36	-56	344	995	-5822	-1302
-277	24	-420	1583	-7123	-905
-200	286	-804	1943	-6053	-466
-734	521	-985	2304	-3482	413
-3287	1515	-455	846	-1871	2071
-3821	526	-643	-440	-5334	3499
-2136	-1091	-2124	-442	-2916	2211
1051	481	-2284	-1227	5251	-349
1574	-509	4103	-1496	11786	-873
-7150	2283	9909	252	11234	-1461
-6537	2100	19877	2089	9496	3616
-5249	-921	14553	145	-4301	1629
-1601	-1067	4418	483	-3097	1628
-1022	94	4807	199	595	87
-898	1018	5125	299	667	206
-31	793	4248	242	610	743
303	137	3158	-4	616	1189
5	52	2065	282	-586	1524
-452	518	921	-317	-3427	1186
-1004	295	-1	-1059	-4778	809
-1769	-265	-201	-1922	-5701	416
-2912	-743	-873	-1651	-5531	-735
-3709	-280	-867	-522	-4089	-1960
-2153	-378	-2091	274	-3873	-1240
1537	-2316	-2968	1611	3542	1161
363	-3098	3900	1681	10265	-1141
-5244	-1083	11331	-55	10342	-1148
-5150	2815	15524	967	5201	-4290
-4705	3654	13593	-516	-1030	-1803
-2391	1658	6857	-686	-2245	230
-2007	-702	5703	-1167	-698	-1040
-931	-1921	5666	-810	-207	-1410
-445	-1565	4938	-270	-781	-820
-367	-690	3055	-181	-1836	-730
-1342	-136	4422	590	-1648	-924
-827	561	3429	774	-1403	-458
-565	963	2860	761	-868	76
-540	920	2564	537	-262	454
-668	553	2606	279	392	569
-846	71	2972	100	752	378
-1048	-256	3456	72	897	103
-1203	-344	3957	111	764	-138
-1170	-158	4253	172	546	-264
-1044	13	4302	228	280	-200
-935	139	4192	236	31	-218
-836	210	4043	214	-180	-257
-800	191	3977	177	-299	-273
-774	187	3990	161	-451	-286
-640	273	3965	174	-521	-190
-544	351	3782	224	-472	-66
-519	512	3654	269	-338	27
-475	396	3621	261	13	128
-586	169	3968	207	466	24
-665	32	4357	161	543	-189
-734	92	4602	170	315	-433
-948	207	4604	240	78	-549
-953	254	4390	429	310	-535
-1147	398	4600	576	521	-348
-1432	658	4472	582	-53	13
-1392	565	3587	599	17	561
-1389	-85	3270	505	450	305
-1667	-436	2864	435	536	-307
-1977	-622	2469	416	692	-667
-2027	-240	2603	326	1097	-1180
-1863	493	3509	312	1570	-885
-1743	883	4806	178	1540	-314
-1910	821	5409	-92	703	43
-1762	175	5023	-487	79	-63
-1267	-275	4207	-749	-213	-447
-774	-286	3463	-810	-165	-745
-500	-70	2991	-770	167	-904
-565	285	2819	-635	488	-822
-611	393	2633	-512	679	-418
-639	161	2622	-471	1173	33
-884	-163	3197	-468	1700	224
-1153	-610	3912	-440	1675	137
-1314	-743	4413	-389	1176	-251
-1230	-609	4452	-283	482	-406
-1020	-490	4172	-234	59	-406
-788	-455	4015	-226	36	-401
-851	-199	4075	-216	495	-262
-1083	-292	4820	-129	998	32
-1347	-220	5596	-79	1231	-21
-1470	-53	6383	-86	1326	205
-1365	-312	6657	-138	572	237
-1167	-560	5817	-217	-485	-15
-880	-664	4313	-465	-1255	65
-587	-553	2755	-420	-1541	-185
-625	-88	1274	-536	-1695	-251
-1230	527	-8	-630	-1608	245
-1736	647	-584	-296	-509	1229
-1929	209	-519	118	585	1762
-1625	-460	288	431	2209	1299
-2737	-532	4292	218	3069	54
-2567	-187	7056	115	155	-1287
-1735	369	7303	141	1191	-496
-3180	658	10446	750	2111	852
-3746	163	9991	498	-558	781
-1950	294	7324	285	-1198	-108
-1187	674	5993	437	-498	530
-847	1185	5239	757	147	1222
-449	1068	4283	634	524	2047
-273	206	3132	631	411	2429
-331	428	1909	229	-48	2137
-522	-272	963	-103	-824	2063
-626	-153	220	-215	-1896	1634
-803	-75	-22	-929	-2718	1110
-866	-197	-46	-1425	-3717	528
-1165	-610	-189	-1453	-4566	-190
-3539	-661	-609	-963	-4047	-1011
-2476	88	-2487	1360	-773	-1198
808	-1055	-290	510	6272	1176
272	-2700	9159	1048	11703	-443
-11038	-2297	21578	268	4094	-4016
-6045	2251	11811	-167	-6085	-3108
-1403	1757	3373	-291	-4468	-722
378	930	2564	-646	188	-1470
-1078	-376	4545	-773	2717	-1094
-1729	-1015	6015	-572	3013	-1411
-1439	-439	6045	-2	1549	-1666
-829	-133	4196	144	-982	-1630
-580	-112	2083	310	-3373	-1036
-483	164	513	226	-4835	-864
-153	123	-339	483	-4759	-453
-718	360	-178	566	-4205	60
-2535	698	-142	195	-5730	726
-3338	1124	-1325	820	-5937	2340
-4103	-185	-1441	378	-3644	2509
1324	803	-2276	1264	-433	1924
4140	403	445	-641	8482	-939
-1958	1925	5794	-878	13202	-1200
-6872	1346	16656	1121	13449	2531
-8512	-814	18452	56	-1140	1091
-2627	-996	6686	910	-5481	2084
-724	-492	3391	689	-938	198
-845	904	4785	626	1105	-476
-758	1156	4759	575	694	321
-75	60	3564	648	-150	727
64	547	2082	610	-968	471
-54	235	911	-187	-2280	738
-309	98	50	-555	-3684	709
-227	-49	-302	-552	-3225	649
-1789	-51	-61	-1020	-3322	260
-3534	-584	-437	-1561	-4804	-698
-5653	672	-1330	-268	-2649	-1694
806	-590	-2273	951	1491	862
1685	-3397	3453	1462	8429	-1017
-3128	-1834	10076	544	9902	-1233
-8918	931	17927	627	2817	-4721
-4481	3422	8759	69	-2644	-2139
-2027	2501	5533	-457	-970	-969
-1791	993	5732	-901	98	-193
-2015	-1075	6316	-962	-30	-954
-1206	-1294	5783	-657	-916	-856
-351	-822	4214	-350	-1909	-341
-226	-651	2318	-30	-2806	-609
-71	-32	517	265	-3759	-1361
-285	580	-474	372	-4216	-976
-432	450	-637	1105	-3461	314
-1266	631	-382	952	-3505	1268
-1789	175	-555	394	-4575	1871
-2234	-237	-1898	750	-4023	1698
-2091	430	-4199	-72	1600	-256
1960	670	851	-996	10814	-434
-488	28	2714	-717	-241	-652
-643	214	2698	-593	335	-495
-801	346	2828	-441	604	-133
-898	137	3096	-351	873	343
-1069	-334	3602	-313	1026	489
-1172	-717	4096	-277	801	211
-1128	-728	4195	-217	349	-212
-953	-586	4151	-151	102	-407
-880	-463	4214	-82	55	-398
-886	-325	4266	-41	-29	-397
-909	-248	4232	-74	-211	-400
-952	-254	4121	-181	-397	-398
-905	-302	3970	-246	-387	-328
-754	-608	4020	-268	-185	-288
-635	-587	4283	-268	126	-441
-794	-167	4630	-220	160	-274
-1296	160	4766	-209	-360	471
-1672	-441	4107	-235	-221	820
-1773	-726	4021	-477	292	-116
-1931	-224	3408	-538	-46	-538
-1913	281	2758	-603	268	-489
-1855	738	2860	-447	565	119
-2034	474	3399	-113	773	893
-1854	-162	4153	84	1033	694
-1903	-523	4805	194	725	207
-1821	-418	4659	334	73	25
-1443	-82	4073	504	140	122
-1126	370	3762	561	191	245
-884	563	3363	527	-131	441
-705	577	2793	427	-497	657
-531	285	2231	344	-406	852
-450	-148	2014	179	258	768
-745	-356	2350	75	1210	246
-1029	12	3206	26	1676	-172
-1333	583	4169	4	1464	-42
-1509	942	4813	18	788	492
-1499	777	4846	-20	143	823
-1296	221	4532	-47	-171	743
-1110	-190	4394	-140	-180	461
-998	-219	4541	-242	193	174
-760	37	5150	-228	558	196
-741	345	5631	-136	291	306
-596	495	5021	36	-269	556
-249	217	3995	220	-535	518
-60	76	2834	57	-493	603
-1835	58	1840	-54	-1170	678
-2453	-272	280	3	-2596	237
-1591	-133	-1435	104	804	-420
-1778	-99	1446	40	4037	11
-2689	-422	4758	445	3524	575
-3609	-121	7525	393	1042	647
-2550	345	5800	290	-300	215
-2449	1199	6054	-283	658	-388
-2424	1358	6303	-794	182	-55
-2119	577	5959	-1051	-218	347
-1991	-168	5800	-1139	-181	541
-1800	-721	5499	-1187	-13	350
-1356	-671	5108	-1023	579	-172
-1208	-822	5348	-851	1174	-205
-1193	-938	5438	-705	880	-241
-1088	-909	4892	-531	212	-410
-705	-869	3711	-138	-624	-996
-472	-509	2511	221	-1173	-1470
-471	-196	1367	436	-1603	-1360
-883	406	570	349	-1799	-725
-1165	572	173	123	-2363	145
-1267	622	-189	-138	-3523	645
-2425	743	-393	211	-3657	1136
-3873	381	-1716	948	-2988	1938
-81	-882	-1085	-666	3585	1828
1087	-760	5050	-436	7854	-2410
-5091	996	11124	-409	4060	-1618
-5933	746	10657	796	-339	3071
-3374	-1184	8412	502	-2218	1283
-1327	-60	5730	315	-1956	-906
-1334	275	5349	376	-216	-550
-1322	1104	5683	642	308	198
-1089	1530	5346	479	367	1196
-842	1455	4633	364	366	1419
-584	1008	3736	322	509	2090
-760	302	2834	457	668	2729
-967	-206	2190	521	715	2765
-1358	-666	1527	52	-968	2088
-1344	-355	444	-601	-3014	1098
-988	-246	-74	-1413	-4279	283
-1099	-294	-109	-1829	-5002	-355
-3150	-1169	-788	-1696	-5702	-1325
-4310	-492	-1582	1038	-351	-2486
1556	267	-537	1053	4155	397
1151	-1092	6490	1566	9505	-389
-7001	-253	14411	455	4940	-2109
-6647	1976	12684	-138	-631	-1623
-2455	1738	7653	-657	-3296	-364
-567	776	4691	-882	-1504	-49
-810	-293	4157	-1281	633	-299
-1148	-1221	4910	-1362	2099	-880
-1301	-1363	5174	-1092	2086	-1296
-877	-869	4505	-458	1292	-1285
-355	-543	3268	49	129	-1053
-103	-140	2017	451	-1487	-1064
-445	67	821	648	-3035	-986
-570	232	-120	644	-4170	-471
-709	360	-346	831	-4068	250
-1720	615	-310	561	-4206	921
-2962	296	-695	374	-4299	2008
-5504	-460	-1971	832	-2379	2487
851	606	-1907	-289	4417	1714
1964	50	4313	-1256	10905	-1243
-8223	1784	15306	-618	12989	-1193
-8625	480	17989	317	-1784	2780
-3043	-1620	6681	967	-8424	2290
516	-1592	1175	721	-3930	116
1040	-571	2276	684	1111	-326
-647	636	4395	546	3155	-682
-1587	1235	5821	473	3067	-266
-1311	437	5598	633	1606	-30
-906	1207	3988	674	80	-210
-823	1327	2533	429	-2036	651
-1026	318	1139	123	-4304	1712
-878	154	-228	-597	-5332	1900
-688	-352	-483	-1258	-4516	1324
-2732	-734	-376	-1250	-3505	202
-6054	-3071	-1847	-1067	-3210	-3237
285	542	-2190	1872	2791	-1258
191	63	4342	2282	8040	-539
-4197	1067	13039	1990	6431	679
-5766	1400	12731	-169	629	-2702
-3219	2465	8589	-768	-1186	-880
-1183	339	6325	-756	-1086	222
-1116	-251	5333	-877	-166	-6
-900	-257	2901	-527	444	-105
-1065	-169	3127	-355	661	-1
-1146	-245	3364	-255	831	102
-1358	-273	3763	-253	804	86
-1447	-277	4012	-287	513	105
-1386	-289	4004	-275	190	54
-1194	-242	3834	-231	-29	25
-1044	-226	3740	-159	-86	85
-945	-215	3721	-70	-76	140
-897	-283	3861	27	37	198
-853	-340	4117	101	133	164
-974	-325	4427	126	94	136
-1069	-351	4427	84	-99	103
-974	-382	4178	11	-115	65
-856	-419	4060	-54	68	-25
-795	-334	4192	-92	229	-87
-719	17	4449	-101	198	68
-807	131	4651	-135	-99	370
-1296	-42	4429	-214	-531	547
-1553	-344	3540	-457	-409	333
-1776	-331	2981	-698	-112	232
-1786	-499	2229	-869	346	92
-1994	-111	2535	-736	1109	-112
-2342	245	3590	-273	1325	204
-2377	-52	4655	115	1010	198
-2146	-587	5170	358	331	-116
-1862	-804	4980	535	-375	-440
-1461	-395	4206	628	-690	-570
-1055	159	3584	696	-719	-592
-687	533	2919	749	-388	-478
-650	698	2684	750	38	-270
-713	684	2573	685	459	23
-874	347	2820	585	946	85
-1157	193	3309	485	1262	-51
-1383	193	3930	471	1339	-135
-1429	170	4445	553	1154	-155
-1317	-10	4749	666	891	-228
-1185	-15	4888	705	444	-373
-1145	456	4673	606	-80	-401
-1223	828	4297	421	-237	-92
-1009	988	4075	227	-240	174
-739	954	3708	96	-259	272
-664	592	3200	61	-158	302
-430	223	2773	-65	-133	122
-325	-197	2140	-194	-203	112
-1326	-282	1489	-353	-417	127
-2665	-306	402	-149	-550	246
-1789	-289	30	-12	831	145
-1648	-29	2242	-2	2127	-196
-2084	282	4628	117	2365	730
-2263	-702	7133	161	3017	822
-3586	17	9976	-343	2349	-127
-4309	1150	9713	-561	-162	13
-2551	1140	7156	-851	-1273	541
-1332	252	5336	-1110	-492	427
-1469	-564	5419	-1301	917	-122
-1721	-1483	6418	-1170	1225	-790
-1472	-1806	6528	-882	298	-1323
-1180	-1021	5081	-615	-997	-1539
-742	-4	3025	-260	-1775	-1327
-405	382	1588	60	-2349	-376
-216	212	698	912	-3242	-341
-526	638	-260	1353	-3408	-389
-824	814	-504	1069	-3193	251
-1058	764	-325	223	-3329	998
-1867	-36	-563	-147	-3979	1597
-2559	-142	-2770	578	-2085	2352
-1180	-1492	-2098	328	5779	605
643	-794	5968	-230	7622	-2309
-3318	2461	10616	316	4381	-1793
-6065	2612	12972	702	482	1618
-2700	421	8607	293	-2259	1613
-601	-928	5293	228	-1526	696
-1041	-622	5399	365	852	-90
-1725	780	6522	410	1246	-239
-1558	1804	6640	315	455	131
-704	1570	5531	298	-607	993
-326	819	3845	127	-1358	1617
-272	251	2266	-307	-1682	2010
-387	-196	1074	-978	-2262	2171
-572	-406	-67	-1293	-2766	1923
-1058	-332	-262	-1446	-2656	1075
-1739	-694	-323	-1590	-3297	-201
-3804	-1333	-1092	-1102	-3074	-1915
-1427	-890	-2503	1061	-952	-2095
23	-131	-775	767	5318	683
-712	-2392	6679	1351	8958	-1032
-5471	-560	13665	1103	4885	-2076
-6877	2448	14756	-71	674	-3171
-2919	3339	8628	-562	-2923	-420
-881	1528	5370	-1008	-1925	-212
-654	-527	5240	-1242	-52	-466
-1170	-1503	5572	-1137	362	-1065
-1080	-1500	4918	-899	-418	-871
-601	-951	3421	-291	-1667	-779
-347	-422	1681	239	-3018	-1049
-226	126	233	549	-3873	-1186
-368	234	-351	1044	-3884	-809
-557	401	-331	1073	-3490	-264
-1987	852	-177	196	-4544	374
-2933	400	-1058	6	-5072	1468
-1955	-541	-1966	238	-3081	1984
139	1538	-3086	548	3848	1583
2088	318	1980	-741	10679	17
-1260	660	8652	289	13274	-1646
-11303	1962	22508	-203	5592	1778
-5099	-1296	13341	499	-7794	2706
-313	-1998	2659	771	-5905	1623
1018	-1097	2018	852	-367	122
-71	531	3255	841	2305	-199
-409	977	4002	1016	3424	-546
-591	1228	3988	335	4043	-432
-955	688	3338	322	2466	233
-1452	794	2239	-431	-640	410
-1371	-61	774	-823	-4465	698
-1278	-181	32	-544	-6912	805
-1522	136	-327	-1753	-8000	361
-4043	-2037	-2734	-1649	-4896	-484
-3417	-1953	-1273	1620	-664	-1689
2117	-950	-839	1240	5249	50
1942	-2276	5761	1568	9715	-842
-7784	-381	17317	775	7264	-2878
-6023	2828	13280	-258	-2308	-3456
-2025	2852	6291	-609	-3362	-327
-491	1251	4532	-886	-1148	279
-843	-550	4849	-1027	922	109
-1404	-1545	5937	-957	1704	-497
-1272	-1400	5915	-436	550	-629
-712	-799	4184	118	-1307	-882
-585	-136	2219	-102	-3255	-992
-1231	-166	3949	42	-631	243
-1011	-380	3769	164	-362	75
-1055	-190	3901	315	20	-88
-1156	45	4108	410	59	-48
-1127	237	3995	456	-134	87
-1114	336	3761	445	-278	214
-1055	282	3451	394	-320	230
-1027	166	3221	343	-118	171
-1010	79	3280	315	136	63
-1026	64	3498	302	293	-25
-1083	97	3778	303	336	-95
-1081	186	4009	279	236	-155
-1040	241	4071	226	83	-145
-939	238	4017	185	-32	-128
-837	250	3981	158	-40	-120
-820	219	4030	131	64	-117
-882	143	4200	115	136	-181
-915	110	4401	105	95	-300
-916	83	4422	92	-121	-405
-841	92	4177	87	-269	-480
-832	124	3976	83	-335	-601
-892	29	3782	170	-321	-718
-1184	290	3837	300	402	-726
-1514	723	4594	471	773	-252
-1554	625	4702	608	195	231
-1661	217	4102	506	-561	141
-1537	-202	3114	316	-803	-230
-1405	-544	2342	203	-259	-736
-1370	-468	2118	147	632	-1212
-1591	51	2545	128	1281	-1195
-1731	423	3358	160	1671	-683
-1860	542	4335	122	1570	-79
-1880	577	5039	-54	879	295
-1690	293	4833	-297	-18	451
-1283	8	4043	-539	-209	46
-898	-117	3485	-630	-1	-324
-719	-83	3112	-540	323	-285
-757	-108	2955	-400	698	-102
-792	-155	2971	-318	1032	-22
-858	-158	3224	-313	1385	42
-956	-108	3626	-329	1522	77
-998	-102	4045	-351	1326	102
-1034	-234	4146	-373	993	-3
-976	-256	4060	-377	946	-121
-887	-353	4169	-309	1097	-75
-916	-629	4444	-300	1171	-124
-1224	-565	4664	-501	1255	-395
-1598	-103	4747	-738	1159	-345
-1614	-488	5105	-688	1290	-153
-1769	-788	5872	-459	1501	-317
-1821	-684	6662	-252	1162	-364
-1714	-423	6503	-120	-12	-34
-1558	-406	5184	-179	-1211	683
-1342	-333	3537	-115	-1884	680
-882	14	1887	-180	-2132	524
-734	371	693	-306	-2260	486
-962	459	-147	-390	-2573	707
-1545	-348	-743	45	-2318	1084
-1916	-1637	-1168	585	-622	827
-1594	-1694	579	907	2355	-510
-1993	-360	3883	583	2344	-2095
-1552	2017	5080	603	2374	-1583
-2870	2381	7290	704	4131	155
-5385	1499	11045	525	2454	1418
-3980	-817	10556	350	-747	1076
-2206	-1371	7896	407	-1532	113
-1384	151	6290	588	-877	-63
-736	1475	6196	587	-49	516
-381	1697	5955	410	-43	1214
-129	1214	4701	235	-203	1751
26	222	3259	74	50	1864
-220	-378	2136	-236	-471	1574
-776	-384	965	-596	-2888	1143
-954	36	-126	-995	-5287	947
-1124	91	-253	-2328	-6119	719
-2063	-1156	-750	-2824	-7342	338
-3827	-1756	-1807	-321	-5007	-673
-1820	438	-3150	2338	-2448	-166
952	426	-2645	1266	3326	1244
-895	-628	1425	1033	8324	28
-2749	-1146	5584	1047	8351	-266
-4622	-1512	8010	242	6396	-738
-4562	1657	11393	338	6031	-2154
-5022	3580	15028	-951	2704	-809
-3938	1928	11362	-1471	-1418	163
-2248	-178	7244	-1744	-2011	-59
-1208	-1851	5649	-1464	-1331	-693
-843	-2458	4730	-1125	-689	-1397
-680	-1947	3791	-602	-507	-1855
-770	-945	2751	-39	-897	-1727
-458	-211	1569	524	-2184	-2024
-202	562	505	1265	-3657	-2157
-337	625	-367	1542	-5243	-1093
-963	892	-667	1087	-5114	92
-2034	1191	-602	67	-4940	1006
-3182	1071	-991	-307	-5030	1721
-2567	227	-3252	761	-1928	1274
367	-806	-1711	-575	5739	970
190	-724	3888	-712	9571	-802
-4716	1621	8225	345	9009	-1927
-8673	3000	16749	742	7112	3737
-5739	-957	14316	312	-1338	1976
-2586	-502	7754	308	-2390	537
-1790	431	6639	301	-733	381
-1140	1009	5743	350	-960	696
-206	997	3793	478	-1093	1273
448	-48	1843	865	-545	1683
191	223	832	850	-1041	1266
7	123	346	-163	-2368	1059
-355	152	-50	-895	-3556	979
-917	32	-18	-1553	-4298	889
-2785	-359	-6	-2597	-6441	251
-2613	-1705	-1563	-1638	-5455	-977
-3917	-313	-634	227	-2512	-1839
-1125	349	-1666	1328	-1242	355
1272	-1955	-783	2148	5706	772
-342	-1627	4993	2203	10938	-794
-6658	-833	14534	1335	10231	-2862
-7997	5121	18651	-638	706	-3656
-3496	3198	8848	-420	-3899	1408
-1388	753	4775	-1076	-1887	457
-893	-742	4937	-1504	624	-234
-1275	-1541	5761	-1511	874	-806
-695	-1060	4843	-1425	284	-596
-278	-957	3760	-97	-903	-609
-506	-629	2064	-285	-4004	-814
-296	-214	123	456	-6745	-732
-317	36	-502	905	-7063	-490
-460	247	-718	1220	-5930	-179
-2554	936	-736	608	-4060	402
-854	309	3841	292	576	-23
-973	262	3973	280	618	-69
-1048	325	4069	266	504	-59
-1353	-347	4528	-308	1449	-128
-1353	-347	4528	-308	1449	-128
-1353	-347	4528	-308	1449	-128
-1353	-347	4528	-308	1449	-128
-1353	-347	4528	-308	1449	-128
-1353	-347	4528	-308	1449	-128
-1353	-347	4528	-308	1449	-128
-1353	-347	4528	-308	1449	-128
-1353	-347	4528	-308	1449	-128
-1353	-347	4528	-308	1449	-128
-1353	-347	4528	-308	1449	-128
-1353	-347	4528	-308	1449	-128
-1353	-347	4528	-308	1449	-128
-1353	-347	4528	-308	1449	-128
-1353	-347	4528	-308	1449	-128
-1353	-347	4528	-308	1449	-128
-1353	-347	4528	-308	1449	-128
-1353	-347	4528	-308	1449	-128
-1353	-347	4528	-308	1449	-128
-1353	-347	4528	-308	1449	-128
-1353	-347	4528	-308	1449	-128
-1353	-347	4528	-308	1449	-128
-1353	-347	4528	-308	1449	-128
-1353	-347	4528	-308	1449	-128
-1353	-347	4528	-308	1449	-128
-1353	-347	4528	-308	1449	-128
-1353	-347	4528	-308	1449	-128
-1353	-347	4528	-308	1449	-128
-1353	-347	4528	-308	1449	-128
-1353	-347	4528	-308	1449	-128
-1353	-347	4528	-308	1449	-128
-1353	-347	4528	-308	1449	-128
-1353	-347	4528	-308	1449	-128
-1353	-347	4528	-308	1449	-128
-1353	-347	4528	-308	1449	-128
-1353	-347	4528	-308	1449	-128
-1353	-347	4528	-308	1449	-128
-1353	-347	4528	-308	1449	-128
-1353	-347	4528	-308	1449	-128
-1353	-347	4528	-308	1449	-128
-1353	-347	4528	-308	1449	-128
-1353	-347	4528	-308	1449	-128
-1353	-347	4528	-308	1449	-128
-1353	-347	4528	-308	1449	-128
-1353	-347	4528	-308	1449	-128
-1353	-347	4528	-308	1449	-128
-1766	-336	5778	-177	1794	-109
-1895	-164	6728	-147	1110	103
-1682	-75	6652	-172	-106	351
-1156	-125	5439	-199	-1244	419
-577	-324	3972	-285	-1945	190
-288	-199	2460	-545	-2230	184
-288	94	1344	-640	-2218	190
-471	526	387	-557	-2256	520
-677	568	-210	-57	-2209	1144
-2060	-371	-658	533	-1383	2097
-2565	-1335	-1485	822	1095	1920
-874	-2053	1591	1493	5027	-217
-1385	-287	7711	1226	4164	-2966
-3005	2472	10069	516	960	-1429
-2844	1845	8670	494	-397	791
-2521	535	6559	356	-964	1650
-1398	-1084	4920	332	-101	1047
-898	-929	5663	499	1574	-63
-1844	651	7644	677	2056	-407
-1804	1573	8012	498	702	-54
-833	1151	6430	431	-1103	1000
-275	370	4044	284	-2083	1702
181	-28	1884	-7	-2362	1876
-66	-116	805	-697	-2206	1588
-604	-199	33	-1273	-2686	1105
-855	-215	-187	-1499	-2911	535
-2369	-828	-109	-1611	-3652	-423
-3934	-1287	-1253	-597	-3556	-2244
-1366	-815	-1094	139	-1282	-2155
1412	-903	-642	1891	4364	2098
-859	-2909	4115	2247	7484	-447
-4096	-44	8208	239	9815	-4167
-7675	2020	13472	-349	6098	-4202
-6437	2065	14806	-649	-55	-1210
-2826	535	8100	-776	-3769	-868
-766	-926	4482	-1036	-2547	-1044
-585	-1625	4007	-966	-675	-1506
-738	-1000	3854	-505	-382	-1595
-332	-568	3082	-216	-963	-1327
-235	-173	2080	367	-2067	-1166
-150	248	848	557	-2906	-1409
-726	748	-63	1184	-3157	-1134
-1236	886	-371	1648	-3576	499
-1107	712	-437	1033	-4055	1843
-1068	459	-557	319	-4083	2605
-3568	-258	-939	506	-3855	2764
-2551	-758	-3784	423	3494	2542
2099	-1597	4523	-618	8965	-370
-3900	1705	12498	-375	9815	-3332
-9019	3748	18794	827	1139	2630
-4391	45	9658	186	-5043	3330
-809	-792	3666	129	-3972	2496
287	-1314	2520	429	-459	1476
-604	5	4038	482	2097	536
-1524	717	5158	418	1662	86
-1133	937	5092	311	533	297
-737	817	4013	-409	-755	933
-655	447	2239	-696	-2484	1337
-866	124	752	-1220	-3402	1041
-948	-156	-32	-1659	-3862	327
-899	-275	-235	-1818	-4206	-412
-2212	-413	-495	-1339	-4558	-914
-5729	-1024	-1962	-4	-3357	-687
50	-549	-3847	1949	1829	2591
1560	-2967	2777	1861	9646	-840
-2309	-776	10797	445	10243	-2198
-8090	473	18090	278	3728	-3998
-4894	2228	10401	-79	-3804	-1713
-1067	242	4483	-321	-2618	-888
-763	34	4366	-610	309	-1531
-1833	-848	5584	-689	801	-1923
-1793	-920	5520	-831	-86	-2134
-1133	-413	4447	-598	-1046	-1182
-473	-194	2944	-228	-2081	-739
-270	395	1476	167	-2915	-928
-590	1180	307	1121	-3398	-378
-942	1020	-327	1625	-3978	1046
-1075	976	-604	1347	-4311	2084
-1019	930	-878	5	-3422	2564
-2863	-124	-1048	-1287	-1392	2879
-1909	-1630	-3354	193	2356	2056
-1356	386	3751	-34	285	-133
-1361	436	3765	-68	349	-135
-1397	431	3796	-86	408	-105
-1428	379	3818	-87	428	-83
-1441	341	3866	-97	395	-65
-1395	332	3892	-118	326	-71
-1306	363	3877	-132	237	-40
-1309	436	3842	-170	190	-12
-1400	506	3759	-210	195	47
-1486	424	3773	-213	251	91
-1536	262	3716	-202	300	77
-1531	75	3747	-202	301	11
-1533	-17	3644	-177	181	-33
-1565	-54	3493	-120	130	-44
-1618	-82	3463	-26	166	-32
-1692	-153	3541	72	277	-151
-1884	-146	3565	93	326	-342
-1786	-224	3485	14	424	-527
-1616	-188	3706	-113	552	-655
-1585	69	3951	-172	404	-535
-1389	56	4045	-188	253	-318
-1298	140	4100	-238	197	-238
-1346	106	4059	-276	133	78
-1328	-214	3950	-374	299	195
-1285	-460	4029	-510	402	-15
-1330	-405	4016	-575	254	-205
-1351	-278	3750	-558	48	-197
-1324	-203	3537	-467	203	-28
-1331	-173	3658	-397	663	125
-1402	-121	4202	-434	928	178
-1667	-230	4801	-471	725	282
-1790	-330	5189	-441	267	372
-1649	-350	5260	-386	-466	436
-1335	-414	4513	-358	-1166	369
-958	-309	3381	-396	-1470	256
-787	48	2320	-456	-1328	376
-794	627	1372	-515	-1006	995
-759	724	1230	-138	-228	1493
-1658	352	1707	67	144	2028
-2122	-522	1989	138	409	1999
-1608	-1434	3483	-143	1351	592
-1624	-906	5761	-288	689	-1164
-1809	663	5858	-283	-709	-1321
-1537	1260	5151	23	-880	-156
-1489	968	4698	226	-484	1036
-1205	36	4381	124	68	1197
-1001	-531	4439	103	748	318
-1014	-232	4871	323	1283	-173
-1129	459	5400	670	1566	154
-1237	697	6145	962	1475	755
-1217	625	6794	880	849	751
-1093	1021	6211	517	-42	808
-1095	932	4685	-7	-1238	1027
-960	175	2591	-449	-1466	869
-518	-356	1070	-600	-891	240
-232	-418	240	-741	-167	-376
-711	-299	47	-686	303	-709
-2527	-1044	176	-526	-682	-893
-3677	-1411	-794	-14	-328	-1061
-1043	131	486	885	3168	598
-860	170	6040	1448	3931	1761
-583	-833	9919	446	3908	-923
-6121	1142	13409	-1445	3529	-2548
-5039	1918	10679	-1103	-1949	-829
-1748	537	5769	-1276	-3260	-537
-87	-625	3611	-1466	-1463	-791
-3	-1919	3817	-1231	1311	-796
-1414	-1639	4705	-568	1904	-1024
-1376	-944	3932	-8	555	-1007
-1045	-74	3105	760	-809	-1136
-919	524	1657	876	-3047	-1377
-855	768	332	930	-4835	-526
-874	699	-375	1338	-6205	1184
-592	497	-808	1189	-5550	2552
-1778	1142	-1052	-480	-3077	3077
-3745	-617	-1707	357	-3788	3045
-514	-1726	-2450	-334	2030	598
916	-116	2434	108	7660	-3156
-3562	1682	7820	404	10253	-764
-7179	-960	14749	841	7416	1921
-7168	616	18540	453	1315	-520
-3225	1136	9193	680	-3997	1293
-1032	1513	4369	670	-2872	1503
-314	1225	3441	810	-1185	1700
326	742	2711	435	-168	1153
398	405	2357	-694	236	856
74	-36	1674	-1233	-609	1097
-487	-224	807	-1477	-2041	1167
-764	-168	11	-1756	-3433	870
-1195	-428	-160	-1737	-3891	361
-2195	-829	-251	-1342	-4724	-365
-3987	-1514	-873	-1019	-5214	-986
-3018	-814	-2735	2045	-1643	-58
115	-285	-1997	1610	5222	-133
1097	-575	5185	1707	10984	-2332
-8487	328	16142	-667	11275	-1549
-8500	3706	20100	-971	242	-2180
-3681	2512	8359	-1219	-6889	342
-51	254	2972	-1268	-4064	674
-121	-1357	3377	-1252	-268	-304
-662	-1666	4221	-789	631	-819
-1460	-1116	3938	-50	-793	-375
-788	-659	2484	802	-2942	-18
-159	-115	913	789	-4939	213
-903	202	-267	344	-5874	433
-901	282	-856	852	-5010	1085
-2138	381	-306	673	-4415	1294
-3141	496	-749	371	-5568	1585
-4812	234	-2329	1352	-4058	1860
786	139	-3247	140	5726	1746
3591	687	4420	-1400	12936	-1335
-9247	876	17774	-2607	12090	-2012
-3364	1488	11506	2771	-1031	4699
-4359	-1994	10928	581	-1910	1396
-509	-665	5505	917	-2477	1804
-167	466	4383	487	130	-218
-682	1115	4807	206	702	-1043
-82	947	3573	192	224	-1309
-92	936	2203	-691	129	-838
-474	841	1482	-998	-469	-20
-929	440	751	-1373	-2940	1002
-1150	-66	176	-1066	-4989	1617
-1755	-373	-351	-909	-6233	1712
-4308	-1593	-997	-997	-4830	985
-7574	-2252	-1605	74	-3133	-710
2959	-1833	-2106	2315	1530	59
5800	-3263	5502	2461	12032	-1747
-8397	-721	17376	-389	6438	-5378
-4544	4537	10939	621	-319	-3837
-2995	2967	8352	-832	-586	-2011
-959	-430	3845	-166	45	-30
-920	-535	3760	-174	241	-166
-912	-556	3745	-142	355	-289
-946	-468	3776	-107	426	-415
-990	-257	3826	-81	452	-450
-990	-86	3911	-55	417	-315
-957	-61	3915	-35	351	-110
-939	-200	3921	-12	347	-2
-954	-331	4071	-7	342	34
-1005	-422	4199	-12	235	11
-1055	-465	4213	-12	23	-18
-1059	-575	3975	2	-112	-68
-925	-485	3884	-8	-48	-198
-747	-321	3872	-56	55	-160
-801	-153	4065	-204	163	-210
-1142	12	4098	-332	88	-38
-1384	-191	3910	-436	10	163
-1585	-337	3624	-562	15	217
-1755	-405	3627	-579	93	346
-1759	-504	3648	-414	233	398
-1654	-87	3731	-216	417	400
-1433	135	3769	-30	355	575
-1316	23	3721	112	232	687
-1277	-273	3788	162	227	553
-1143	-523	4015	232	216	228
-1073	-633	4162	309	301	-226
-1120	-397	4245	414	401	-547
-1119	104	4081	596	283	-434
-982	475	3866	733	190	-55
-896	559	3670	702	187	238
-809	504	3497	529	272	315
-767	253	3459	419	423	375
-703	-117	3476	429	593	309
-725	-293	3667	503	861	85
-790	-123	4005	623	985	-17
-812	146	4186	782	858	136
-734	296	4300	902	669	328
-810	322	4369	883	530	469
-927	450	4423	744	505	527
-1211	544	4500	661	420	679
-1296	627	4601	546	174	719
-1178	384	4755	415	93	519
-1065	179	4638	176	-106	-21
-926	14	3881	-66	-302	-303
-1034	-120	2934	-314	-456	-440
-1758	-101	1521	-483	-739	-403
-2073	-65	172	-397	-149	-273
-1945	-13	-13	-288	857	-810
-1612	409	1425	41	1905	-664
-2096	846	3878	517	2342	2126
-1614	-1845	6230	682	2490	1987
-1621	-1402	8505	-313	3689	-1001
-4788	190	12094	-1195	3102	-2183
-4386	1525	11290	-1004	-1084	-867
-2354	832	6808	-1214	-3014	-423
-275	-341	3922	-1412	-1774	-1029
0	-1450	3613	-1283	900	-1255
-1124	-1379	4389	-809	1798	-1417
-1446	-480	4034	-455	1014	-919
-972	-9	3422	299	-395	-395
-592	282	2305	813	-2620	-533
-520	574	608	604	-4491	-320
-674	598	-297	456	-5167	555
-769	597	-446	-73	-5414	1398
-1119	664	-695	-900	-5551	1731
-3235	170	-1334	360	-5675	1643
-2405	-684	-3952	977	-438	1692
1259	-1013	-866	226	6904	1596
1049	587	7874	-3	11243	-2740
-6244	2666	12162	451	5266	541
-5009	-672	13058	657	2234	2540
-4031	-935	11436	456	-1830	683
-1759	-1342	6164	687	-2397	767
-1016	359	5324	596	-690	158
-965	1193	5161	262	-418	144
-408	955	3972	301	-906	751
77	397	2615	-2	-892	1197
-18	-37	1344	-559	-954	1259
-412	-227	488	-983	-1232	967
-772	-138	24	-1334	-1941	655
-861	-439	-121	-1525	-2496	183
-1382	-956	-136	-682	-3131	-647
-3317	-1166	-467	-30	-3899	-1829
-5637	-620	-1561	1365	-1570	-2067
206	-174	-1858	1314	4081	530
1577	-2319	5463	1767	9172	-2066
-5133	436	13929	-143	9689	-2229
-8705	2288	17761	-77	818	-3025
-4306	1184	8733	125	-4800	-71
-489	27	3878	-369	-3458	-1153
-313	-454	3023	-889	-399	-1638
-1156	-1128	4113	-1177	1164	-2786
-1561	-501	5018	-984	563	-2308
-928	-531	4378	-193	-992	-657
-373	-227	2694	580	-3217	-541
-353	478	855	1192	-4536	-875
-985	967	-424	1911	-5061	38
-1222	1002	-664	1305	-4923	1489
-2167	1184	-751	-881	-4565	2369
-4118	133	-1369	-634	-4850	2600
-849	-818	-4148	757	-415	1498
1460	-637	-172	-573	8434	636
1244	730	8697	-341	12796	-1995
-8629	1999	18329	-194	6803	1164
-6612	-1347	13822	660	-4104	3883
-1277	-1831	4561	827	-6184	1314
572	-527	2746	670	-1002	137
-297	755	4648	389	1637	-104
-836	1301	4958	-166	1392	-464
-544	797	3827	-406	771	-381
-334	606	2447	-397	-232	311
-675	317	1268	-348	-1742	1154
-1050	-86	384	-466	-4192	1620
-1105	40	-177	-694	-6126	1556
-1413	-648	-1098	-1487	-5306	1027
-6412	-2723	-1666	369	-1504	-689
238	-646	-2471	1869	801	-1053
881	-1985	532	1454	8043	-1061
-779	-2231	8498	1740	10804	-1333
-7981	329	18199	200	5324	-4891
-5625	3752	12261	151	-2799	-2535
-1938	1215	6184	-45	-3938	543
-444	-250	4222	-626	-1557	-772
-787	-1284	4914	-971	204	-1978
-1218	-1448	5199	-940	171	-1998
-866	-1048	4424	-621	-571	-1155
-637	-577	2902	-282	-1706	-1375
-317	363	1405	441	-2695	-1502
-648	905	233	883	-3715	-904
-770	669	-305	893	-4557	225
-618	-117	3772	-130	-162	571
-632	-46	3702	-175	6	706
-748	-77	3732	-236	209	856
-897	-101	3883	-272	370	962
-971	-172	4079	-299	370	1044
-966	-315	4167	-295	188	1055
-844	-423	4096	-270	-4	1027
-705	-554	3969	-250	-68	928
-734	-711	3923	-229	-77	857
-816	-958	3831	-247	213	727
-1006	-1151	3974	-297	584	367
-1057	-1018	4002	-311	529	-9
-922	-724	3819	-320	391	-71
-871	-378	3861	-303	437	53
-1275	-374	4309	-206	491	388
-1798	-499	4638	-146	485	612
-1827	-446	4483	-127	490	576
-1606	-187	3891	-143	534	600
-1474	-27	3311	-176	599	538
-1335	-18	3028	-141	579	339
-1098	-483	3111	79	456	167
-1088	-895	3490	286	498	-317
-1099	-959	3957	334	630	-1082
-1217	-522	4246	390	802	-1531
-1286	-15	4256	502	1030	-1506
-1263	350	4129	646	1035	-1225
-1270	459	3842	666	830	-785
-1118	403	3428	663	426	-504
-851	296	3013	576	133	-302
-567	124	2710	514	409	-157
-508	31	2935	466	1155	-185
-773	23	3601	466	1668	-246
-976	-38	4244	523	1604	-280
-899	-156	4631	543	1274	-397
-782	64	4874	537	778	-466
-702	392	4836	592	212	-125
-661	578	4361	633	-158	260
-722	539	3768	655	41	493
-842	363	3528	661	743	637
-1023	20	3821	729	1113	556
-1444	-142	4265	698	1278	402
-1699	152	4462	524	913	-78
-1779	322	3737	368	239	-387
-1625	236	2461	163	-22	-593
-1699	271	1662	-82	-468	-812
-1848	367	1126	-75	-1091	-478
-1883	85	1264	-376	476	395
-1979	-295	2072	-86	1562	1407
-2066	-1125	3314	250	3178	2075
-2317	-1082	5615	-329	4644	401
-3810	-215	9317	-915	4579	-923
-4653	54	12481	-1103	1598	-1170
-3305	-160	10451	-1492	-1756	-473
-1488	-897	6851	-1558	-2411	-1135
-413	-1288	5049	-1266	-1184	-2081
-619	-1388	5146	-745	425	-2439
-1048	-1248	4854	-97	866	-2591
-1384	-148	3638	344	797	-2277
-1623	795	2435	564	-320	-1591
-1191	1071	1411	560	-2165	-910
-629	891	249	399	-4066	91
-327	614	-411	781	-4535	1592
-718	377	-557	877	-4400	2572
-2051	268	-796	264	-5186	2500
-3453	-889	-3123	971	-2836	1352
-1847	-323	-2358	459	4336	1327
705	-902	3291	655	9165	-632
-4979	581	11240	285	9530	-1127
-9078	-74	17353	807	4976	1226
-6421	-436	14760	292	-3161	464
-2020	210	5957	221	-4526	1022
-489	1276	4394	-24	-1720	920
-766	1394	4151	-117	-1053	1222
84	504	2535	121	-1100	1832
513	204	1716	-601	-468	2033
98	-346	944	-1083	-958	2041
-910	-105	277	-1225	-2068	1865
-1695	108	151	-2128	-3974	1438
-2714	-1164	-167	-2667	-6145	343
-2762	-1360	-924	-735	-5803	-1599
-4620	-1029	-1070	89	-4953	-2735
-1606	18	-2283	2498	-2647	319
1722	-1525	-1647	1099	4495	1557
1352	-2888	4521	2099	12267	-1704
-11372	-1089	17348	-539	9102	-5671
-8130	3810	16065	-656	475	-3142
-4477	2121	8834	478	-5868	718
-1129	361	4245	-448	-3319	301
-473	-1342	4556	-1243	-286	-883
-339	-2162	5048	-1114	293	-1843
-579	-998	4357	-584	-606	-2262
-778	-68	2576	-999	-3149	-1368
-40	-69	735	517	-4272	-725
-306	350	-163	1656	-5190	-537
-717	459	-434	1565	-5993	-368
-1097	724	-805	981	-5854	-218
-2249	1710	-1298	278	-4017	452
-5993	1000	-1027	373	-3432	2144
-4619	-477	-2550	-189	-1824	2945
4571	-1237	-570	-805	6105	2007
2804	-770	4197	-1115	11235	-1681
-4599	1717	8042	676	11519	-1048
-10838	1376	19963	535	8233	3452
-5961	-1147	13799	454	-3754	3626
-1579	-926	6067	376	-3617	2012
-710	48	4979	145	35	596
-550	235	4716	616	725	531
230	617	3480	275	1115	908
326	0	2490	292	1052	1342
-285	354	1547	-314	-665	877
-575	230	579	-550	-2758	495
-1284	91	154	-804	-4727	669
-2386	308	-62	-1317	-7704	606
-3490	-831	-1602	-4062	-9180	-659
-4688	-3676	-1442	-969	-3256	-2004
-5018	-1177	-1096	2159	-1920	-700
3197	-311	-1476	2343	3505	2339
1755	-2553	3396	2574	10968	-1607
-4632	-2073	10365	-92	13356	-2171
-9706	2590	20161	-1161	4993	-5490
-5736	2505	11900	583	-4829	290
-1797	283	5388	135	-4390	463
-410	-957	3786	-699	-1138	-1460
-478	-1480	4585	-805	754	-2297
-712	-863	4580	-510	659	-1723
-396	-523	3584	-455	-788	-1202
-189	-255	2017	-192	-2698	-1488
-227	305	468	423	-4147	-1471
-521	399	-302	1013	-4846	-815
-1060	687	-507	1078	-4841	-22
-1163	-111	4303	-55	227	-469
-1163	-111	4303	-55	227	-469
-1163	-111	4303	-55	227	-469
-1068	-76	4263	-110	29	-361
-940	-131	4140	-176	-54	-251
-890	-102	4047	-234	-58	-133
-863	-77	3984	-235	0	77
-887	-203	3979	-241	-13	165
-894	-448	3975	-271	-121	69
-907	-630	3987	-262	-237	-41
-901	-629	3970	-194	-347	-23
-2105	-1018	3478	142	-487	1453
-2105	-1018	3478	142	-487	1453
-2105	-1018	3478	142	-487	1453
-2105	-1018	3478	142	-487	1453
-1760	-1325	4095	-448	1063	-71
-1857	-335	4529	-603	491	-368
-1862	240	3896	-540	-424	-136
-1582	515	3241	-314	-645	42
-1174	331	3285	-4	-216	400
-1254	-152	3860	252	59	686
-1307	-472	4116	300	126	479
-1414	-288	4278	221	337	-10
-1429	96	4421	222	392	-107
-1318	331	4220	273	36	167
-1174	251	3654	325	-464	496
-855	27	2941	352	-771	665
-597	-193	2297	364	-496	635
-475	-372	2105	370	393	367
-683	-377	2581	355	1350	-96
-1065	-106	3497	305	1828	-449
-1384	242	4512	258	1586	-409
-1469	448	5139	244	694	-104
-1185	681	4964	196	-231	134
-758	880	4446	117	-576	372
-584	870	3891	31	-467	669
-527	534	3545	-48	204	942
-800	285	3872	-8	816	1099
-1068	147	4430	121	987	1320
-1171	28	5076	172	1152	1176
-1085	-207	5711	118	941	841
-989	-273	5635	44	118	343
-534	-107	4563	-69	-510	-50
-262	63	3456	-278	-579	-261
-493	-21	2484	-397	-805	-418
-1316	-5	1258	-310	-1309	-360
-1384	-285	-104	136	-897	-186
-1227	-562	-475	331	1244	-448
-1499	-536	717	107	2945	-1180
-1646	33	3378	-41	3266	-1124
-2714	269	6019	207	1981	354
-2155	28	6263	555	-13	843
-1783	-122	5785	272	716	217
-2448	-164	7400	-562	2295	-830
-3537	28	9152	-1080	1771	-941
-3059	-109	8970	-1043	61	-344
-2164	-123	6989	-1092	-806	-793
-1189	-221	5204	-1135	-178	-1223
-938	-856	5105	-1108	1010	-1089
-1408	-1213	5363	-859	982	-1162
-1593	-649	4706	-601	200	-1092
-1015	-44	3470	94	-1048	-554
-564	248	2045	765	-2515	19
-331	578	567	797	-3843	362
-315	508	-311	413	-4051	671
-852	398	-410	-363	-3324	916
-1470	-94	-195	-755	-4462	990
-1685	-619	-701	-144	-5860	864
-1930	-341	-2341	1011	-4134	915
-877	504	-3249	1301	3654	1633
1739	-1010	1388	39	8595	-214
-1886	1944	10214	277	11422	-2353
-7979	2694	17186	699	3105	2679
-5318	-1613	12612	506	-2662	2786
-1853	-1401	6580	547	-3257	381
-1005	-592	4791	685	-805	453
-982	909	5395	691	780	902
-867	1273	5506	708	1003	1082
-485	502	4591	519	862	1287
-248	-255	3020	752	1164	1196
-682	114	2004	38	653	834
-1031	-367	1132	-1027	-1654	520
-1162	-284	283	-1156	-4339	112
-1074	-5	-115	-1445	-6354	-116
-1359	-227	-367	-2495	-7231	-400
-2873	-1953	-1406	-779	-4967	-971
-5326	-150	-1284	1540	-2040	-832
1474	-171	-2156	1460	1926	703
2168	-2652	1387	683	9614	-1790
-3352	-1215	10959	422	13231	-2315
-10564	2142	19947	-32	5362	-4353
-6079	2698	12877	24	-4026	-384
-1819	1402	5350	-561	-4929	-155
69	-117	3573	-1303	-1356	-805
-516	-1357	4210	-1322	900	-1820
-721	-1226	4501	-876	1115	-1429
-619	-532	3734	-528	-97	-679
-738	-823	2368	659	-2504	-222
-648	-92	782	1056	-4796	-441
-396	245	-413	1062	-5715	132
-742	373	-459	752	-5137	420
-1903	537	-535	198	-4860	471
-3392	707	-1039	51	-5827	613
-4457	457	-2180	641	-3924	1272
1829	1196	-3019	1291	2544	2956
3480	35	1657	-552	10412	334
-1586	1625	6289	-775	13723	-907
-7755	1607	17859	900	10568	2474
-6770	-1753	16515	458	-3002	3221
-1777	-2160	6086	847	-4897	1916
-416	51	4419	547	-455	398
-834	1177	5899	208	751	-114
-547	838	4988	350	-456	26
14	1080	3033	-82	-615	-318
-151	513	1822	-706	-830	468
-547	191	851	-611	-2274	1675
-1054	-158	249	-621	-4085	2498
-1140	-232	-308	-1277	-4977	2305
-2282	-1165	-769	-1794	-3936	879
-5683	-2564	-883	-300	-3515	-2412
-2226	-1015	-2120	1496	-1910	-3387
1208	-159	-898	1575	5051	672
476	-1816	4391	1842	9592	-1238
-4756	-791	14156	831	10907	-2048
-7941	2773	17006	-65	739	-4687
-3683	2156	8649	132	-4011	-98
-962	296	4800	-608	-2478	-904
-838	-826	4740	-1076	-181	-1616
-1081	-1213	4972	-1036	444	-2084
-1004	-1192	4607	-749	108	-1229
-1820	12	4716	709	-509	-970
-1433	456	3831	890	-800	-641
-986	655	3070	856	-540	-400
-803	629	2634	676	15	-209
-917	436	2596	502	573	-53
-1121	198	2873	400	943	-37
-1320	-14	3283	409	1093	-161
-1534	-50	3812	458	1126	-326
-1653	-46	4263	493	948	-452
-1587	29	4473	475	598	-563
-1408	63	4416	399	210	-669
-1223	127	4135	316	-82	-750
-1070	177	3751	280	-198	-733
-956	204	3428	292	-104	-648
-852	221	3252	321	171	-555
-814	285	3382	335	490	-464
-924	385	3642	336	710	-337
-1104	419	3994	308	728	-206
-1302	351	4314	240	483	-175
-1402	260	4506	115	286	-303
-1415	304	4595	64	214	-351
-1210	391	4764	157	-69	-147
-987	349	4505	263	-475	-47
-741	182	3977	251	-535	-34
-466	-15	3582	133	-253	-111
-519	-71	3623	-54	232	-213
-729	-157	3871	-121	456	-276
-884	-165	4072	-97	498	-406
-865	-138	4390	-31	438	-545
-1417	136	4707	106	-173	-473
-1562	439	3817	339	-120	-2
-2019	673	3762	158	801	33
-2009	475	3727	14	624	214
-2094	-231	3284	-8	280	49
-2258	-564	2767	134	123	-249
-2135	-436	2584	345	607	-597
-1792	260	3141	320	1276	-727
-1788	827	3946	242	1364	-213
-1851	782	4421	70	1160	445
-1731	174	4427	-359	895	42
-1615	-72	4260	-792	490	-593
-1448	-152	3754	-990	-251	-885
-1143	-70	2864	-967	-804	-772
-796	-23	2086	-776	-502	-204
-548	-75	2048	-504	484	256
-786	-307	2917	-384	1376	362
-1068	-564	3945	-413	1534	271
-1477	-898	4820	-447	1356	281
-1804	-1030	5434	-433	1212	174
-1930	-616	6055	-330	1319	-42
-1940	-329	7002	-244	1053	-315
-1645	-330	7259	-248	-275	-541
-1422	-435	5917	-493	-1832	-267
-846	-588	3778	-401	-2331	-8
-396	-459	2244	-325	-1966	-70
-417	-57	1276	-226	-1474	-15
-800	488	575	-191	-1260	434
-1877	963	-83	-69	-1290	1162
-2174	458	-567	254	-689	2060
-1699	-1345	384	238	784	1634
-1993	-2047	2800	222	1136	-1277
-2613	80	4361	310	-20	-2745
-1093	1862	4868	632	1608	-32
-2579	2230	8361	1103	3866	1219
-4562	1220	11008	512	1718	1080
-3496	-335	10449	394	-455	1156
-1815	-481	8159	688	-1101	1596
-869	746	6747	547	-259	1742
-885	1246	5910	337	280	1690
-841	1002	4455	126	173	1859
-182	390	3065	209	-96	1912
339	-217	2038	210	81	2036
-111	-277	1170	-320	-728	1957
-755	-209	360	-1526	-2600	1592
-1031	-111	-52	-2498	-4158	1131
-1220	-480	-241	-2951	-5464	576
-1648	-1240	-616	-1286	-5522	-229
-3170	-832	-1396	327	-4580	-1120
-2659	617	-2920	2076	-739	74
778	-91	-1961	1278	5372	945
-351	-739	2237	1041	11608	-1150
-7908	-1648	15263	542	12439	-1193
-9353	1156	17743	-539	1387	-4406
-5123	2357	9484	364	-5006	-344
-1967	1098	4193	-221	-3026	-296
-989	38	4221	-972	634	-1144
-1898	-1558	6235	-986	2250	-1840
-2276	-1952	7156	-479	1420	-2097
-1287	-912	5514	-139	-619	-2411
-895	-604	3428	-125	-2442	-1793
-447	-130	1492	-93	-4699	-1356
-123	126	188	1038	-5758	-1163
-199	291	-400	1320	-6397	-957
-744	312	-517	860	-6902	-953
-1238	782	-954	750	-6895	-940
-2183	1622	-1542	26	-5085	-595
-3635	1387	-1689	-232	-2785	742
-1051	205	-3408	893	-26	4352
1246	-1261	-194	-1467	10735	1148
1103	-885	4196	-1526	13653	-1412
-7165	2774	14766	1085	15900	-694
-9783	1081	21947	400	1120	2825
-4453	-636	9367	1027	-8058	3237
-546	-1328	2267	785	-3359	2369
-403	-478	3867	119	1736	81
-968	244	5165	227	2061	121
-336	-306	4642	781	1483	487
26	652	3418	862	601	613
202	174	2106	330	-863	949
-233	480	1040	-840	-3231	589
-660	480	30	-1525	-5178	435
-1180	456	-211	-2232	-6434	574
-1416	-708	-981	-2670	-5958	-206
-3689	-1134	-632	-765	-2940	-2195
-7366	-1016	-1415	406	-4053	-2977
215	596	-3630	2786	1540	2974
2020	-3449	919	2551	10370	-672
-3243	-1031	10035	-66	14604	-1518
-11566	1942	23053	-420	3644	-5107
-3856	3445	9768	49	-6953	-529
-1232	299	3361	-38	-3529	675
-1006	-732	4351	-634	236	-814
-1438	-1782	5957	-539	404	-1962
-1219	-1313	5511	-468	-820	-1508
-471	-659	3856	-481	-1955	-733
-143	-106	2052	-373	-3096	-949
-113	544	611	395	-4095	-1063
-499	1307	-488	1274	-4732	-382
-1133	1344	-949	1724	-4389	1015
-1621	1440	-1055	544	-3704	1943
-908	-122	3835	68	-82	-649
-765	-153	3709	101	146	-721
-884	93	3825	147	342	-643
-1052	368	3992	172	272	-343
-1054	448	4130	203	306	-80
-1124	441	4403	255	379	26
-1162	340	4488	354	152	114
-1170	179	4283	453	-189	97
-1143	-13	3897	541	-516	-26
-1154	134	3485	604	21	-79
-1232	498	4019	591	739	39
-1606	766	4596	541	546	381
-1502	650	4524	645	266	796
-1495	74	4567	608	22	437
-1567	-261	4069	447	-441	-144
-1687	-552	3395	190	-375	-687
-1694	-619	2786	-64	57	-1161
-1700	-477	2547	-108	744	-1350
-1820	-167	2885	72	1113	-1285
-1945	159	3369	334	1006	-870
-1934	147	3788	416	798	-455
-1829	-7	4145	312	685	-244
-1773	-296	4432	37	656	-345
-1662	-476	4451	-221	385	-786
-1466	-328	4236	-322	45	-1128
-1297	-81	3877	-286	-341	-1137
-1032	79	3299	-178	-517	-873
-783	87	2791	-127	-269	-557
-707	60	2685	-158	289	-351
-774	-53	3009	-175	824	-157
-1230	-207	3634	-223	991	-108
-1488	-171	3912	-248	598	-47
-1440	-159	3778	-236	267	140
-1210	-142	3757	-205	216	231
-1054	-224	4096	-155	353	383
-1002	-485	4807	-92	448	589
-942	-794	5507	-21	282	800
-845	-1153	5723	-34	158	580
-928	-979	5569	-209	-45	-232
-1187	-344	5039	-303	-358	-439
-1154	-110	4628	-248	-179	119
-1237	-356	4810	-163	75	285
-1162	-385	4342	-82	-198	36
-940	-449	3503	-150	-654	-170
-1041	-227	2385	-229	-1410	-690
-1817	402	816	-464	-2337	-301
-2506	817	-512	-546	-2166	1438
-2607	-479	-686	133	-912	2700
-585	-1373	-737	50	1601	1940
-1079	-3020	3725	393	3768	-2663
-3199	475	6206	-50	697	-6064
-833	1975	5668	775	1216	-1241
-1764	874	8705	1282	3540	1081
-3437	751	10461	734	1685	740
-3192	381	9671	245	-112	-182
-2000	694	7693	490	-1368	401
-723	839	5744	597	-868	1935
-329	382	4625	832	-287	2152
-208	74	3522	802	29	1949
17	-329	2357	572	129	1880
25	-476	1431	-70	422	1251
-440	-520	831	-688	-28	491
-672	-193	267	-1443	-1281	-125
-987	-228	73	-1895	-2439	-580
-1092	-544	-47	-1680	-3869	-1055
-2045	-705	-335	-256	-3576	-1420
-5025	597	-1184	983	-2538	-534
-897	1125	-2035	1881	2370	1880
1281	-3405	4273	1507	8521	-898
-5190	-883	13199	228	8286	-1700
-9545	-160	17074	-240	973	-3345
-4456	2467	8446	79	-5614	-1541
-890	1596	3699	-311	-3595	-637
259	742	3001	-902	-282	-864
-883	-1117	4522	-1217	2297	-1509
-1854	-1667	5788	-933	2369	-1802
-1561	-1200	5518	-342	803	-1453
-1100	163	3799	10	-1482	-1000
-680	-504	1928	438	-4172	-83
-208	-75	272	852	-5147	30
-245	161	-423	1058	-4665	314
-426	314	-388	565	-4408	520
-1732	937	-316	-319	-4819	481
-3239	1048	-1248	-857	-5106	442
-5586	1590	-2483	1142	-2412	1184
1471	669	-2141	-383	6279	3577
2925	-919	3802	-1215	12484	-483
-7264	1138	15963	-232	16086	-1209
-9611	-107	20442	225	203	2740
-4270	-1570	8538	730	-9242	1920
-221	-1457	1498	436	-3760	939
372	85	3090	306	1602	-99
-612	1078	4844	505	2404	-249
-534	1551	4548	616	1360	562
-237	536	3326	690	441	1606
-392	743	2079	-418	-1228	1715
-600	-34	843	-1050	-3721	1958
-843	96	-111	-1127	-5645	1834
-903	-204	-522	-2158	-5754	1337
-2476	-1366	-807	-2192	-3876	-301
-6456	-2690	-1021	268	-4441	-3471
-298	675	-3596	1803	-1704	-1588
1913	-2037	-1308	1988	7729	369
-763	-234	5972	1255	12023	-230
-10622	-1087	20630	548	11439	-2900
-7330	3840	16669	-32	-3120	-2992
-2257	1583	5730	-75	-5229	766
-1002	261	3411	-941	-1546	-543
-1187	-1090	4613	-1322	68	-1529
-1147	-1289	4929	-1241	-180	-1523
-727	-973	4212	-726	-707	-417
-18	-562	3148	-142	-1425	-450
-405	-436	1862	171	-3035	-971
-479	672	262	1123	-4593	-650
-784	982	-542	1300	-5012	708
-1045	667	-729	677	-4386	1581
-1957	715	-531	-479	-3838	1798
-3047	340	-1238	-51	-4755	1657
-2308	811	-3899	621	-115	2096
1007	-72	-403	-1356	9268	818
381	-984	7726	-1268	12520	-589
-6077	2034	17051	812	8681	721
-7310	-1145	17353	379	-3432	3790
-1472	-2155	5032	537	-6220	1803
276	-1697	2529	520	-895	770
-610	-586	4443	486	1860	-190
-1094	638	5458	518	1731	-627
-167	1091	5113	130	1195	-116
-135	635	3678	-257	572	468
-580	81	2125	-150	-662	699
-1597	-239	3597	50	333	856
-1698	-366	4129	111	131	700
-1618	-391	4393	172	-200	288
-1405	-247	4385	270	-299	-75
-1227	-72	4257	363	-357	-197
-1168	-25	4071	423	-434	-146
-1090	47	3616	458	-234	-12
-991	149	3441	482	171	135
-1026	201	3424	475	323	266
-1059	104	3319	438	361	345
-1091	-27	3333	388	532	309
-1151	-38	3532	338	665	234
-1268	-31	3776	345	610	206
-1321	-73	3839	371	454	110
-1236	-99	3839	387	373	23
-1117	-115	3846	365	356	-51
-1004	-55	3911	326	336	-132
-900	49	3930	288	254	-162
-822	46	3892	259	157	-163
-745	24	3785	240	114	-206
-705	55	3753	257	190	-209
-653	67	3892	330	356	-145
-726	46	4201	419	520	-137
-928	29	4491	530	385	-113
-1036	-163	4361	603	228	-238
-1039	-260	4186	640	205	-551
-976	-214	4016	684	47	-820
-891	-38	3946	675	73	-1024
-1126	296	4162	631	372	-1271
-1670	638	4417	629	299	-1229
-1677	791	4348	783	931	-975
-1669	551	5040	784	969	-941
-1868	159	4597	757	-228	-688
-1974	-164	3320	580	-1244	-548
-1724	-354	1930	324	-1174	-601
-1034	-186	1273	90	38	-1001
-854	550	2075	-54	2226	-1089
-1452	1093	3932	-69	3080	-173
-2136	720	5377	-125	2316	764
-2323	-344	5671	-406	1195	516
-1882	-799	5099	-736	72	-561
-1396	-685	3903	-861	-1041	-1263
-936	-341	2464	-782	-1401	-1379
-337	-244	1497	-523	-495	-1032
-276	-237	1755	-345	1057	-832
-822	-126	2932	-288	1997	-566
-1395	-221	4202	-319	1935	-206
-1561	-385	4896	-476	1399	-79
-1650	-281	5218	-595	1323	179
-1645	-335	5893	-615	1704	373
-1679	-588	6877	-517	1545	136
-1770	-819	7218	-429	505	-246
-1698	-683	6150	-369	-983	-571
-1376	-843	4316	-416	-1833	-524
-1118	-147	2719	-360	-1911	-635
-865	695	1634	-336	-1680	-106
-522	1141	1017	-399	-1696	547
-706	1281	416	-358	-2231	1111
-1539	803	-602	-466	-2528	2092
-2316	-1029	-1114	-14	-994	2633
-2280	-2351	402	-76	1900	1115
-2300	-2209	3658	80	1734	-2880
-1538	1211	5022	318	2216	-1982
-2496	1886	7530	1125	3696	617
-4606	1604	10318	904	2276	1838
-3525	-47	10089	381	-21	1154
-2359	-853	8718	377	-685	486
-1580	-78	7644	733	-607	935
-919	684	7360	599	-35	1555
-824	1066	6820	451	-18	1495
-609	751	5326	338	-18	1891
-594	627	3381	645	-306	1508
-587	655	1751	-423	-1112	1500
-660	148	624	-1335	-2509	2118
-748	-84	-18	-1644	-4267	2166
-1198	-161	-152	-2460	-5411	1873
-2387	-920	-335	-3146	-7678	868
-3067	-2313	-1676	-521	-7561	-749
-2856	-2340	-2625	1683	-4407	-1619
324	575	-4475	2034	389	97
-563	671	-1882	1004	7783	351
-1529	-580	2395	1022	12283	-343
-3919	-74	7674	-447	14425	-303
-13740	3287	25897	-971	13092	-3241
-9353	2533	18572	-600	-6324	1133
-2094	327	4082	-801	-8209	694
941	-1486	2294	-1782	-974	-1439
-446	-2414	4797	-1370	2275	-1961
-1498	-1872	5293	-598	1667	-1237
-1464	-1579	4077	314	-517	-1356
-729	-583	2538	386	-2659	-2165
-914	572	1204	779	-5055	-2160
-470	708	-237	1499	-7386	-1248
-675	828	-967	1265	-7847	-436
-1429	1006	-1278	893	-6322	299
-2677	1274	-1243	292	-4706	1046
-2464	815	-1724	-77	-5727	1470
-1171	-829	-3919	-552	-823	791
-1387	-430	-2774	-780	8432	-354
-768	-1303	6952	-379	12849	-1894
-10345	3351	10799	-479	4235	-189
-3918	-956	13055	1203	8305	2506
-6798	-116	18419	258	567	438
-2750	-465	8727	670	-3285	2338
-1761	294	5954	127	-1555	238
-628	876	4912	-17	-958	395
402	829	3364	37	-683	760
528	-51	1979	46	-675	627
-132	315	933	336	-2567	445
-616	280	222	-500	-5315	1101
-1027	310	-228	-1444	-6809	1569
-2169	-465	-901	-2765	-6335	1562
-4746	-1430	-1129	-2342	-4356	-129
-2782	-1309	-820	190	-5723	-1294
382	-939	-3015	507	-4305	-1041
-1602	1167	-2935	2303	5029	200
806	-1220	1945	2834	11393	-1267
-5855	772	16709	591	13337	33
-10045	399	21715	-862	1150	-4125
-3405	2627	8377	-530	-11930	-1729
1663	959	1282	-87	-2897	934
-417	-225	5011	-734	2167	-1214
-1415	-1036	7062	-734	1781	-1609
-1296	-858	6760	-476	10	-806
-605	-280	4899	-478	-2277	-143
124	-136	2922	-340	-3792	-429
289	13	1060	1	-5444	-701
-260	433	-705	426	-7015	-776
-1330	722	-1320	1404	-6200	-167
-2376	1036	-1407	1814	-4533	467
-995	-569	3829	-106	302	577
-1070	-497	3933	-81	339	420
-1095	-413	3983	-68	266	320
-1054	-436	4084	-60	182	257
-1069	-427	4106	-30	95	162
-1040	-330	4099	-7	234	185
-1092	-287	4334	-42	360	252
-1086	-272	4516	-83	242	314
-996	-318	4555	-133	-49	373
-954	-147	4437	-176	-398	463
-1174	-124	4193	-180	-737	711
-1311	-623	3880	-216	-798	844
-1395	-1221	3450	-343	-219	197
-1733	-717	3488	-442	415	-360
-2026	150	3547	-359	526	7
-2099	705	3579	-189	245	693
-2065	578	3598	47	-24	1262
-1911	-30	3696	215	48	1295
-1764	-631	4017	267	169	768
-1697	-976	4333	290	67	38
-1727	-699	4350	343	-42	-532
-1598	-111	4211	481	-134	-602
-1300	276	3907	651	-351	-353
-1062	438	3413	738	-519	-10
-867	267	2878	646	-433	156
-853	27	2612	463	-91	74
-904	-51	2560	345	308	-193
-1020	9	2855	360	758	-433
-1199	106	3466	426	965	-547
-1232	241	3960	429	792	-510
-1140	403	4208	367	487	-390
-1072	449	4175	305	73	-161
-922	433	3860	219	-130	-32
-831	409	3741	103	-82	-23
-699	272	3781	43	47	-42
-740	151	4018	35	259	-84
-785	76	4411	71	328	87
-761	-133	4773	126	373	144
-784	-175	5039	219	290	20
-894	-85	4947	290	-23	-141
-1005	98	4363	347	-328	-135
-1040	393	3709	403	133	12
-995	646	3593	422	895	139
-1121	517	3768	346	791	368
-1522	63	3162	117	-205	670
-1762	-532	2013	52	-1282	500
-1590	-764	794	-127	-1062	-459
-1289	-43	702	-175	967	-1433
-1717	590	2606	-17	2748	-648
-2295	386	5291	205	2705	614
-2603	25	6886	365	1464	1194
-2565	-558	7459	-46	1059	427
-2941	-877	7954	-613	706	-949
-2663	-824	7117	-697	-308	-1579
-1908	-656	5677	-691	-233	-1654
-1578	-333	5010	-660	602	-1804
-1473	-233	5204	-542	1341	-1830
-1557	-198	5467	-404	1227	-1721
-1395	-101	4712	-450	147	-1276
-948	409	3348	-383	-598	-708
-679	715	2524	-96	-1083	47
-310	621	1610	98	-2256	296
-409	507	515	226	-3621	270
-345	406	-308	101	-4325	804
-436	205	-437	-474	-3977	1115
-2223	-871	-393	-805	-4423	1169
-4001	-832	-1956	716	-4173	1324
-1117	-772	-3131	748	3117	867
921	-843	1603	-448	8719	-1879
-1866	2806	11030	629	11785	-2183
-8434	3089	17477	416	1094	2198
-4825	-528	9648	310	-4122	3589
-2110	-1235	4923	39	-2874	939
-1191	-675	4410	42	3	622
-1458	427	5691	239	1108	559
-1222	1030	6102	329	830	936
-634	917	5109	206	276	1344
-215	253	3381	171	-259	1576
-158	131	1789	152	-1234	1787
-254	-65	850	-312	-2314	1793
-528	138	56	-850	-3619	1635
-733	-17	-152	-1983	-3956	1281
-1636	-585	-92	-2719	-5050	218
-4622	-2750	-1164	-387	-4500	-1938
-4863	-183	-1411	1567	-1522	-2899
1543	761	-1295	1732	2945	1747
1265	-2966	3219	1278	8908	170
-5663	-1802	13284	1137	10816	-2179
-8875	1531	16805	522	1661	-5120
-4576	2302	9309	332	-3505	-1098
-1657	944	5374	-206	-2486	-1098
-881	63	4429	-832	-677	-1285
-1272	-1029	4665	-1052	406	-1971
-1366	-959	4527	-960	243	-2009
-691	-639	3816	-716	-368	-1455
-387	-331	2850	-212	-1284	-1163
-158	52	1565	443	-2881	-1021
-427	575	476	1007	-4007	-605
-485	449	-216	1396	-4578	377
-841	644	-337	951	-4401	969
-1518	860	-479	-107	-4446	1177
-3192	995	-1227	-521	-3875	1237
-2439	511	-2609	632	-1784	1869
495	-1009	-1161	-1154	6918	1175
1904	-519	5886	-938	11699	-1390
-6603	2626	16356	678	10753	-63
-8011	1122	18403	386	-2635	3705
-2381	-1230	6293	597	-7266	2689
5	-1419	2286	624	-2504	1453
-262	-648	3557	484	1610	686
-1184	48	5076	370	2226	294
-773	430	5125	420	1248	190
-460	341	4083	101	578	543
-515	254	2666	-16	-378	685
-894	141	1508	-185	-1739	646
-1101	20	458	-384	-3706	476
-754	110	-132	-1015	-4949	191
-835	-450	-433	-1663	-5141	-356
-3767	-1105	-798	-18	-3990	-1601
-4663	-688	-1647	1033	-2395	-2448
1377	720	-2076	2030	3496	1824
1842	-2658	3702	1482	9797	-550
-4110	-1662	13188	320	12058	-1384
-8369	2152	18587	304	1126	-4438
-3550	2521	8400	69	-4732	-553
-874	829	4284	-577	-2171	-848
-775	151	4534	-913	201	-1112
-1265	-999	5213	-1028	598	-1409
-995	-1214	4984	-845	175	-1180
-915	-1148	4133	-518	-320	-637
-1366	-460	3991	-665	159	-29
-1146	-377	3695	-634	97	-306
-1023	-252	3398	-523	82	-383
-913	-234	3054	-381	132	-320
-922	-295	2836	-316	480	-306
-1012	-331	3107	-272	1083	-260
-1219	-390	3883	-220	1382	-243
-1367	-449	4495	-177	1110	-339
-1325	-392	4674	-146	536	-483
-1196	-261	4335	-132	19	-511
-979	-129	3827	-152	-164	-405
-792	-124	3506	-152	31	-194
-745	-256	3598	-136	415	-26
-880	-362	3977	-158	653	-35
-1180	-405	4333	-204	558	-134
-1304	-359	4455	-269	229	-203
-1157	-295	4490	-293	-189	-39
-990	-240	4416	-261	-381	207
-1091	-208	4119	-200	-451	498
-1510	-448	3596	-135	-407	1008
-1702	-776	2908	-212	250	1169
-1640	-672	2797	-429	1048	714
-1535	-325	2894	-435	989	400
-1597	-156	3038	-199	300	317
-1586	-165	3216	138	-829	145
-1352	-194	3331	422	-1331	29
-1062	-436	3491	418	-1115	-349
-1028	-169	3957	188	-559	-880
-1187	458	4455	69	86	-742
-1534	861	5165	97	464	-21
-1814	591	5430	168	27	696
-1518	29	5091	270	-117	849
-1115	-435	5055	396	406	506
-1108	-697	5496	626	1176	310
-1475	-525	5922	855	1598	158
-1679	-216	6082	1016	1453	149
-1564	183	5717	963	999	-52
-1022	698	5247	729	746	-66
-661	921	4855	371	706	296
-951	1069	4074	-226	236	154
-1087	1049	2913	-604	-993	301
-671	408	1378	-727	-2185	879
-368	-38	66	-544	-3114	1102
-195	-100	-341	-821	-2706	758
-438	-377	-226	-833	-2453	345
-2111	-707	-133	-34	-3450	39
-2598	-277	-2282	973	-3755	262
-628	-579	-2714	1252	2033	1477
-2	-1853	427	538	6924	-1136
-1274	-621	5625	411	10019	-557
-7094	-1538	15665	261	9327	-1003
-8661	2452	18009	-134	1313	-2033
-3997	1923	10161	-315	-3930	1206
-1642	965	5391	-1263	-2351	112
-1063	-689	4991	-1716	-173	-811
-1202	-1731	5521	-1390	743	-1646
-1367	-1860	5440	-833	604	-1503
-1137	-1171	4394	-433	-72	-1316
-905	-327	2839	-195	-1400	-1243
-387	255	1383	567	-2661	-1008
-164	652	265	1211	-3735	-631
-476	674	-411	1462	-4317	185
-1059	924	-531	976	-4691	751
-1241	954	-763	-170	-4439	1100
-1124	168	-1085	-387	-4888	1180
-1485	-183	-2936	658	-1793	1333
-2223	30	-2312	297	6347	1081
146	20	3321	-253	10357	-1093
-4408	3005	12791	247	11522	-762
-9776	1928	19728	77	787	2636
-3718	-1219	9595	133	-5801	2058
-1199	-1607	3661	224	-2727	1119
-1154	-765	4731	249	701	745
-1266	787	5989	226	932	474
-819	887	5547	408	116	747
-238	1131	3954	-192	-605	532
-266	424	2349	-537	-1249	850
-653	-50	1050	-600	-2575	1481
-999	86	47	-957	-4567	1680
-748	-179	-475	-1798	-5075	1286
-1416	-672	-483	-1820	-4106	456
-2367	-996	-502	-1703	-4505	-841
-3908	-1875	-1251	183	-4825	-1684
-106	33	-3894	2002	-430	-698
818	-2252	-802	933	8179	-1211
-1081	-667	5757	866	12319	-1979
-9781	-225	20011	1353	10787	-3225
-8452	3345	17479	336	-2740	-2194
-2452	1545	6060	169	-5685	447
-355	142	3415	-859	-1365	-948
-977	-1144	4930	-1074	971	-2006
-1198	-1083	5489	-972	781	-1731
-648	-687	4639	-535	-112	-681
-554	-370	3242	-13	-1300	-662
-364	-15	1464	254	-3897	-1016
-444	424	-18	1330	-5574	-881
-657	458	-446	1439	-5774	-203
-976	725	-649	767	-5135	328
-2476	1008	-830	-307	-4543	1241
-3418	84	-1151	-222	-4873	2349
-1051	-10	-2600	689	-3035	2492
1290	835	-2354	332	6406	1543
2290	-228	3608	-667	12675	-399
-5852	1015	8654	-412	13876	1225
-12542	876	24534	771	8719	2566
-5443	-762	13400	314	-7847	2257
-927	-1752	2986	541	-5167	1822
403	-34	2996	170	211	94
-418	987	4787	174	1410	198
-548	854	4584	206	694	596
-382	419	3028	-12	62	679
-447	170	1870	-360	-892	657
-794	211	819	-635	-2795	615
-986	156	5	-1492	-4454	655
-1123	-359	-452	-2208	-4870	346
-2419	-1359	-550	-722	-3845	-539
-3968	-1184	-764	203	-4065	-1432
-620	-1216	-3504	1021	-2404	-626
271	-2257	-1340	1537	6956	-69
96	-1841	5903	1888	10255	-2346
-6655	-1157	17116	1084	10900	-2512
-7612	2654	17573	53	-2133	-4398
-2180	1962	5670	108	-4933	-629
-657	404	3630	-587	-885	-1393
-1300	-755	5405	-845	1118	-1792
-1646	-1388	6144	-662	513	-1829
-1146	-677	4847	-401	-816	-1142
-426	-454	3318	-53	-1434	-841
-510	-183	1812	-138	-2695	-1256
-739	709	415	403	-3735	-1178
-1579	-616	4479	-265	18	-120
-1579	-616	4479	-265	18	-120
-1579	-616	4479	-265	18	-120
-1564	-266	4342	-367	-208	-236
-1517	249	4064	-319	-478	57
-1568	635	3616	-235	-627	633
-1543	544	3126	-215	-597	1224
-1466	28	2819	-166	-291	1504
-1557	-468	3003	-87	133	1274
-1625	-832	3614	-38	405	596
-1765	-820	4266	-2	306	-228
-1711	-491	4556	126	-105	-678
-1622	-128	4471	332	-501	-647
-1411	111	4169	519	-710	-468
-1194	337	3824	584	-640	-303
-1003	477	3492	548	-533	-125
-857	507	3155	476	-291	28
-823	396	3005	402	36	168
-910	103	3166	344	419	190
-991	-110	3499	309	667	25
-1116	-197	3917	316	666	-151
-1200	-112	4162	336	446	-303
-1188	57	4126	356	180	-381
-1055	113	3942	354	28	-407
-911	167	3750	315	23	-439
-798	264	3646	259	110	-401
-758	270	3697	212	184	-306
-739	245	3732	194	176	-213
-754	263	3788	205	181	-79
-707	302	3853	277	176	161
-639	136	3993	346	184	281
-539	46	4214	372	202	178
-548	-8	4368	376	58	4
-608	25	4157	364	-120	-186
-567	25	3805	381	-58	-263
-537	-51	3644	390	340	-353
-553	92	4029	391	829	-481
-719	390	4678	415	1042	-443
-925	631	5200	436	726	-310
-1237	967	4908	372	27	-183
-1137	1195	3838	348	-301	332
-743	433	2792	313	541	474
-753	-105	2836	20	1013	-199
-1206	-300	2535	-138	932	-77
-1812	-813	2007	-86	688	122
-1948	-1048	1670	-88	420	-938
-1928	-37	1853	-143	690	-1800
-1925	830	2561	83	1097	-816
-1780	531	3360	329	1576	592
-1778	-58	4581	370	2366	905
-2137	-315	6660	84	2979	432
-2988	-514	9126	-475	2767	-393
-3412	278	10169	-971	1673	-908
-2905	994	9201	-1187	384	-221
-2070	642	7005	-1349	-214	-73
-1180	-528	5651	-1446	279	-709
-1145	-1249	5515	-1218	501	-1314
-1617	-720	4955	-931	-37	-1164
-1407	-335	3791	-364	-908	24
-680	-114	2564	246	-2389	364
-49	224	1225	615	-4037	264
-470	306	38	531	-5696	581
-397	73	-757	499	-6599	969
24	-113	-1090	2	-5426	675
-137	-189	-1447	-202	-4219	286
-1497	739	-2060	-315	-2722	377
-2628	170	-4899	945	250	1477
-1206	110	-1965	-167	9181	1069
-152	-761	4392	-766	11698	-1091
-7354	2208	16824	587	10766	-1818
-8345	2074	18451	897	-1266	3073
-3149	-1854	8201	530	-5063	1217
-1533	-1083	4197	609	-1502	219
-1381	-5	5747	553	918	319
-1320	1339	6949	423	1126	684
-974	1126	6446	306	449	1242
-424	688	4273	12	-258	1500
-261	136	2255	-77	-896	1775
-310	-273	839	-28	-1718	1944
-466	23	2	-578	-3058	1625
-698	45	-236	-2153	-3654	1064
-752	-418	-450	-2740	-3975	363
-1742	-1297	-461	-921	-3866	-571
-2470	-1302	-1119	-35	-4120	-1343
-1350	-392	-2980	888	71	-937
-334	-1279	-1198	706	6820	-1621
-1380	-1006	5164	1147	10897	-1701
-7702	-330	16849	1404	9130	-1726
-9268	3436	19072	-11	639	-3065
-3884	2494	9497	-409	-5223	216
-1007	158	4350	-753	-3282	-453
-588	-1026	4220	-841	-622	-1859
-831	-1339	4692	-888	275	-1937
-1049	-946	4334	-720	-154	-1052
-682	-664	3221	-352	-1764	-956
-273	-277	1463	318	-4067	-1411
-585	840	-124	1112	-5643	-991
-893	806	-742	1198	-5869	617
-1423	844	-978	915	-5419	1578
-2001	996	-1167	75	-5249	1716
-836	438	-1767	-32	-5205	883
-1029	385	-2996	192	-1048	903
-2221	194	-3346	537	6860	2668
340	-1889	2924	-647	12071	260
-3663	-254	9817	343	12661	-1864
-12317	2181	25779	1145	8584	1512
-5402	-711	14131	538	-8239	1351
-607	-1078	2505	904	-5359	1421
214	223	3503	353	707	315
-335	1000	4911	150	1773	146
-86	1018	4127	-30	1773	442
-113	-66	2603	185	1437	703
-216	53	1470	272	-18	846
-718	33	637	-476	-2455	896
-1272	83	110	-1222	-4806	877
-1929	73	-112	-2856	-6456	432
-2626	-1715	-1324	-2967	-6901	-829
-2552	-1942	-1154	438	-3094	-2446
-4054	-399	-1378	741	-2718	-1825
956	1105	-2418	2130	2559	1178
1224	-2686	1890	1645	9499	-1176
-2170	461	8934	74	12457	-924
-10933	2235	22812	82	7937	-4645
-6742	2971	14828	42	-4364	-443
-1885	627	5170	-25	-4936	914
-201	-692	3715	-717	-647	-703
-726	-1303	4926	-794	1005	-1707
-804	-1110	4877	-603	681	-1510
-464	-484	3726	-433	-732	-1121
-670	-33	1972	-766	-3751	-889
-793	242	4070	6	-34	-391
-1233	198	4238	114	177	-89
-1596	251	4590	305	865	5
-1813	695	5308	410	757	365
-1598	593	4987	539	-124	932
-1565	-39	4214	341	-1176	499
-1369	-621	2774	77	-1706	-234
-1157	-927	1539	-30	-684	-1019
-1348	-500	1689	-59	1094	-1670
-1850	245	3158	165	2044	-1434
-2269	752	4754	350	1770	-537
-2343	799	5696	225	619	182
-1950	530	5404	-171	-711	398
-1479	-61	4337	-658	-1101	-12
-955	-239	3384	-911	-811	-565
-752	-102	2958	-899	-255	-776
-788	30	2884	-752	186	-615
-913	116	3072	-574	461	-235
-960	-7	3262	-431	545	154
-979	-219	3494	-377	649	308
-1089	-428	3833	-381	635	309
-1122	-524	4016	-391	515	245
-1108	-501	4143	-366	255	51
-967	-223	4059	-330	51	-35
-849	-190	3970	-298	-113	33
-738	-229	3785	-276	-335	88
-717	-349	3515	-285	-283	197
-586	-641	3255	-259	-30	153
-519	-978	3171	-269	386	-108
-627	-864	3483	-262	792	-457
-1033	-581	4051	-182	935	-416
-1597	-352	4576	-56	750	-60
-1799	-455	4790	-5	669	281
-1659	-685	5125	-151	944	330
-1588	-724	5399	-329	645	5
-1514	-304	4842	-547	-76	-248
-1542	237	3700	-524	-733	-206
-1326	604	2258	-391	-890	314
-1001	514	1208	-154	-450	938
-794	-241	1170	97	766	1654
-896	-1072	2194	332	1616	1431
-1389	-1270	3682	530	1352	-14
-1923	-423	4614	504	441	-1263
-1905	602	4744	343	-348	-1257
-1348	1041	4364	227	-325	-468
-995	1015	4104	187	74	315
-882	572	3928	363	314	874
-643	193	3644	505	947	677
-796	124	4185	537	2336	689
-1573	-139	5622	626	3177	788
-2119	-309	7084	739	3246	620
-2532	37	8531	792	2757	410
-2514	442	8479	737	1197	249
-1633	831	6906	477	125	478
-957	1171	5550	190	-291	787
-359	1154	4284	-110	-530	1083
-398	853	2949	-582	-892	1124
-467	440	1643	-844	-1695	1291
-572	-226	435	-953	-2584	1744
-373	-238	-290	-1273	-2883	1415
-585	-489	-353	-1734	-2458	612
-1786	-1135	-177	-776	-3070	-186
-3101	-1035	-1516	679	-4431	-478
-707	1525	-3053	1861	429	1559
-1330	62	-695	382	5715	1733
-1731	-561	3345	532	7846	917
-3396	-590	8393	11	8903	831
-8147	4	16313	-570	6455	-715
-7570	1645	16409	-692	-1112	161
-3057	824	8393	-953	-4543	373
-1046	-231	5075	-1720	-2316	-1137
-802	-1381	4896	-1710	-169	-1965
-1203	-1827	5023	-1265	766	-1598
-1176	-1888	4373	-588	720	-1400
-1170	-771	3146	-317	-306	-1793
-579	262	2027	607	-1834	-1746
-590	1022	1018	1404	-4151	-1129
-539	917	-285	1487	-6554	192
-637	658	-893	996	-6763	1354
-1406	284	-1155	259	-5328	1688
-2023	-506	-1190	37	-4997	1177
-1369	-610	-2499	-53	-3798	-444
-1261	524	-3574	356	2474	-977
-1179	689	-127	-786	8042	333
-1871	1326	4327	-202	9520	-1163
-6226	2221	10013	1105	9350	1460
-8785	-1630	19422	1045	6585	2902
-6925	-1959	17220	470	-1734	786
-2991	-359	7881	874	-4355	810
-1165	1115	5204	584	-2061	527
-391	1428	4614	431	-1025	1008
443	497	2807	870	-377	1209
243	252	1300	311	-325	686
-122	436	468	-129	-1227	324
-580	256	149	-1001	-2864	561
-846	259	-114	-1950	-4490	880
-1659	74	-107	-3404	-5934	765
-2480	-1755	-853	-2558	-6633	813
-1622	-1328	-1046	643	-5102	778
-914	-208	-1406	782	-4684	468
-1543	465	-3707	1562	3	1041
-504	-1871	-1788	1409	7364	20
-1514	-830	4351	1325	12482	-2458
-8730	-2463	15502	1080	12915	-1818
-12104	3830	25288	-409	4075	-3851
-5655	2651	10797	220	-7501	1322
-1186	348	3254	-755	-3850	-68
47	-1222	4199	-1292	364	-1587
-437	-1419	5058	-928	1247	-1661
-790	-947	4088	-515	339	-1377
-824	-305	2445	-920	-2768	-1389
70	-178	762	-276	-4900	-1225
-102	110	-49	1436	-6164	-786
-584	332	-380	1810	-7282	-369
-885	562	-743	1513	-7395	6
-1801	889	-1240	959	-5922	602
-3721	415	-997	-143	-4232	1276
-2416	-500	-1145	-92	-5512	1525
1626	-356	-2318	59	-3022	1206
-313	893	-4583	-35	5687	604
488	-1721	576	-1737	16345	-638
-7713	808	14300	-568	27652	-2522
-14993	1235	27917	198	8610	2207
-6633	-825	14857	820	-13557	2522
-2370	-1841	2949	1904	-14903	1920
3770	-633	-1364	1233	-4640	-449
1231	94	1123	-665	3750	-1045
483	-126	1062	-233	4151	-802
666	-158	474	575	4277	-554
3039	200	2329	771	9519	-376
-887	162	2616	-647	346	258
-1020	-50	2819	-511	849	584
-1226	-379	3394	-426	1187	641
-1471	-531	4011	-400	1095	515
-1589	-712	4314	-385	651	390
-1460	-694	4194	-325	206	198
-1208	-573	3932	-261	38	15
-1069	-484	3750	-251	87	-124
-1050	-451	3619	-263	218	-215
-1042	-372	3619	-253	394	-221
-1087	-401	3917	-213	529	-180
-1195	-475	4387	-135	439	-186
-1349	-482	4721	-67	227	-235
-1140	-432	4871	-34	-97	-181
-852	-268	4806	-55	-404	75
-1032	-250	4459	-106	-755	373
-1512	-270	3955	-142	-1017	562
-1767	-926	3045	-219	-475	574
-1756	-913	3196	-398	885	-247
-1944	-71	3775	-478	895	-298
-2286	849	3933	-493	278	3
-2320	1266	3590	-309	-576	761
-1962	469	3038	-42	-513	1150
-1692	-308	3214	133	-9	954
-1488	-877	3647	182	236	528
-1524	-714	4055	214	262	110
-1664	-256	4301	335	95	40
-1414	265	4048	547	-312	268
-1072	506	3412	624	-353	602
-898	345	3087	548	-21	818
-792	174	2982	431	380	805
-920	-10	3140	359	769	629
-1175	-22	3577	373	973	444
-1420	141	3997	452	831	396
-1469	111	4089	561	559	292
-1266	-45	3958	695	435	94
-1133	-241	3982	743	490	-193
-1188	-32	4229	616	742	-493
-1316	241	4879	483	825	-556
-1339	616	5356	356	502	-580
-1106	974	5258	256	56	-538
-750	1076	4735	241	-206	-290
-640	743	3851	212	-405	-12
-639	194	2987	10	-500	17
-828	-377	1934	-192	-659	-204
-1171	-357	704	-316	-476	-512
-1562	-95	-87	-67	204	-625
-1619	409	46	-26	1062	-436
-2262	566	1776	-152	1869	-155
-3082	892	4391	59	1741	1284
-2435	-1782	6558	403	1974	1955
-2667	-1513	9063	-111	3139	-545
-5721	361	10693	-528	435	-830
-3514	504	7626	-661	-1624	-214
-1980	-97	5693	-890	-905	-413
-1420	-956	5079	-994	424	-1124
-1717	-1284	5584	-893	1062	-1742
-1606	-1065	5438	-707	184	-1948
-917	-278	4139	-423	-1163	-1969
-256	424	2369	-123	-2012	-834
274	502	1465	64	-2448	9
99	543	609	238	-3067	-135
-717	591	-249	920	-3637	-104
-967	961	-570	741	-3278	639
-1626	259	-164	-742	-3215	1197
-2344	-206	-651	-245	-4990	1704
-3174	161	-2897	1293	-2944	3078
-1512	-589	-2811	70	6826	2395
1385	-1560	7478	-639	10835	-1699
-5169	3320	13270	80	4024	-2162
-6802	1848	14355	942	-1731	4040
-2365	-1699	5946	318	-4214	1977
109	-1966	3518	336	47	1431
-1469	-912	6383	229	2799	-46
-2527	543	7680	219	1299	-981
-1724	1776	7147	29	1	-81
-574	1202	4620	70	-1873	1409
51	300	1955	67	-2497	2193
-24	125	495	-158	-2055	1752
-210	-37	59	-852	-1820	1286
-725	-116	-132	-1470	-2041	877
-962	-249	-303	-2005	-2463	-52
-1295	-1061	-332	-1533	-2311	-1254
-3065	-1176	-350	51	-2734	-2199
-2002	114	-1826	1063	-1063	-1034
-880	171	-698	1259	4208	1739
-548	-2600	6405	1697	7115	-935
-4919	-912	13581	742	5938	-1522
-7058	1527	14779	958	-507	-2431
-3124	1527	8425	466	-3141	-329
-990	268	5781	-521	-857	-1099
-2035	-687	6123	-1076	294	-1772
-2023	-931	5930	-1208	147	-2428
-1291	-307	5060	-997	-676	-1809
-451	1	3642	-506	-1424	-774
-115	-100	2133	-177	-2563	-486
-20	383	852	310	-3392	-939
-598	683	-197	947	-4527	-598
-665	440	-628	1375	-4265	382
-1126	1003	-623	780	-3095	1078
-2578	645	-295	-704	-3211	1924
-3017	-178	-1094	-495	-4514	2639
-403	-961	-3539	810	-23	2617
676	-660	-646	-327	8390	459
1721	-587	6154	-391	11787	-1651
-9497	2718	19617	-166	9180	-786
-7312	21	15051	1107	-5407	4369
-1144	-2728	3776	1471	-6381	2212
1761	-1364	2665	1111	-85	541
-797	100	6099	681	2983	-191
-2131	1119	7383	248	2072	-639
-1142	1406	5750	-244	445	-406
-59	1085	3383	-514	-739	593
-530	629	1685	-589	-1841	1094
-807	121	503	-584	-3245	1251
-894	86	-90	-766	-4730	1236
-967	-100	-575	-1590	-4629	872
-1691	-805	-748	-1937	-2817	-84
-3534	-1420	-648	-1	-3511	-1258
-2059	-1206	-2491	693	-1991	-887
-153	-513	-1365	1663	5474	398
442	-2956	4120	1895	10066	-2023
-3866	-442	12657	1606	10879	-1605
-8256	2643	18142	642	1733	-3820
-3663	3027	9220	429	-5109	-376
-28	486	3889	-424	-1959	206
-980	-657	5058	-1116	888	-1063
-1685	-1658	5689	-1148	875	-1901
-1536	-1461	5512	-887	18	-2021
-683	-937	4313	-540	-922	-1260
-891	94	4250	208	74	20
-847	80	4151	213	-58	-93
-759	139	3988	187	-153	-85
-725	179	3842	144	-189	-84
-691	335	3703	140	-176	-56
-842	439	3733	189	-122	30
-1144	372	3897	327	-126	105
-1710	546	3826	439	436	315
-1863	660	4575	332	516	448
-1938	202	4647	189	112	414
-1962	-291	4352	-18	-247	-59
-1713	-632	3820	-128	-321	-655
-1575	-583	3265	-86	-247	-1053
-1481	-216	2784	-2	-75	-1143
-1460	138	2884	11	334	-892
-1385	340	3349	48	571	-378
-1508	276	4043	33	635	175
-1666	118	4619	-166	494	422
-1662	-277	4673	-439	145	252
-1434	-498	4190	-581	-226	-175
-1101	-509	3634	-548	-324	-477
-847	-385	3163	-444	-80	-644
-822	-191	3070	-348	388	-653
-857	-50	3182	-277	725	-473
-1038	0	3515	-262	950	-239
-1173	-110	3809	-294	823	-160
-1134	-229	3925	-293	618	-143
-1091	-391	3967	-256	359	-154
-973	-474	3849	-213	163	-198
-905	-486	3777	-170	202	-240
-867	-476	3837	-112	370	-255
-907	-577	4084	-118	407	-386
-1137	-575	4234	-205	298	-551
-1264	-493	4300	-254	154	-540
-1126	-451	4335	-232	79	-388
-955	-460	4553	-186	211	-209
-1185	-415	4720	-183	207	22
-1300	-642	4358	-224	26	279
-1515	-737	3700	-222	108	301
-1586	-406	2965	-221	139	213
-1622	-103	2302	-181	170	452
-1422	148	1819	-29	77	277
-1153	24	1769	230	315	266
-1074	-391	2368	373	595	78
-1738	-377	3551	371	385	-334
-2084	-177	4232	293	-300	-624
-1753	134	4282	158	-229	-636
-1347	516	4968	209	295	-140
-1490	652	5642	522	364	654
-1678	266	6027	648	679	828
-1713	-295	6458	624	1204	269
-1954	-711	6881	663	1558	-214
-2080	-354	6814	916	1501	-104
-1830	201	6517	991	1465	-17
-1491	1013	6157	807	1214	-123
-1135	1263	5696	452	741	471
-676	876	4501	89	-83	812
-483	529	2844	-414	-563	718
-460	221	1375	-760	-1272	661
-417	-89	244	-1004	-2048	690
-325	-40	-206	-1230	-2160	560
-972	-362	-6	-1517	-2555	314
-1683	-828	-70	-620	-4119	-81
-2897	-274	-898	310	-4816	-352
-2332	815	-1648	1257	-2564	1135
-106	1180	-2816	1270	1171	2668
-490	-1603	-91	336	6754	935
-1462	-1482	4475	31	10669	585
-6770	-1405	14973	295	11539	-443
-9648	2548	20508	-191	2714	-1040
-5046	1845	12364	-664	-4369	892
-2263	339	5766	-1582	-3587	-261
-806	-2000	4786	-1834	-1149	-1213
-832	-2856	5080	-1269	482	-1463
-1236	-2269	4811	-312	891	-1138
-1210	-1081	3507	41	367	-1332
-495	-78	2332	424	-604	-2053
-265	629	1716	1007	-2014	-2429
-886	988	739	1149	-5123	-1950
-771	694	-541	1104	-7321	-768
-1301	1078	-1024	799	-7047	284
-1648	1083	-1213	602	-5129	1653
-1835	677	-1104	698	-4485	2877
-2780	-17	-2210	742	-3951	3300
-1239	-1635	-3793	234	3732	660
417	-1115	958	-917	10592	-1702
-3208	901	7538	-551	11941	-2055
-9528	3837	20094	1261	10345	1946
-7627	-456	17248	382	-2959	3047
-2686	-2139	5708	642	-4852	1353
-1229	-924	4469	381	-16	-931
-1283	904	6127	475	699	-771
-473	725	5091	940	-127	455
315	1164	3426	756	179	600
391	471	2090	1042	95	860
77	435	1157	822	-1557	826
-512	622	348	-166	-3699	632
-908	346	-76	-1320	-4982	793
-2440	332	138	-2709	-6689	534
-3399	-1079	-1466	-2385	-6837	-340
-2801	-637	-654	-390	-3361	-1151
-3019	-187	-936	-136	-3740	-623
1070	-167	-2028	2519	-518	2497
462	-3126	-40	2383	6463	675
-914	-991	4795	1829	11942	-733
-6281	-462	13372	904	11449	-3982
-10296	3657	22559	-601	2326	-2444
-3775	1729	9998	-81	-6160	834
-1563	-361	3815	-912	-3317	-612
-827	-1356	3822	-1250	-489	-2241
-692	-1273	4262	-1025	159	-2236
-394	-649	3023	79	-1294	-589
-394	-649	3023	79	-1294	-589
-141	2	1225	223	-3191	-1142
-197	477	-47	1299	-4235	-1281
-714	475	-491	1666	-4486	-742
-1280	852	-681	1702	-4430	-158
-1999	1424	-762	1244	-3971	898
-2032	704	-755	137	-3743	2332
-1839	301	-1046	-90	-3534	3389
-2190	-826	-2970	454	506	2422
226	-1055	-610	-789	9081	-1439
727	-292	6283	-81	12861	-1890
-7720	3011	20569	870	14415	57
-8565	1573	21031	240	-3681	1839
-1665	151	4715	337	-7479	2931
196	-882	2227	109	-479	729
-356	294	4119	-15	2309	-420
-583	787	4251	-104	2671	-19
-120	460	3618	-45	3178	388
-1010	-686	3700	-6	468	175
-1179	-639	4205	97	550	147
-1389	-465	4602	160	283	144
-1456	-309	4615	155	-62	211
-1245	-168	4405	85	-214	324
-917	-208	4259	12	-126	487
-764	-251	4426	-123	7	472
-937	-189	4612	-343	-107	431
-1367	-123	4589	-489	-541	536
-1570	-582	3853	-546	-705	574
-1627	-919	3343	-567	-286	388
-1965	-894	3077	-517	455	281
-2263	-409	3170	-664	796	-71
-2438	208	3473	-632	620	23
-2548	513	3702	-363	364	402
-2484	152	4032	-55	141	608
-2164	-484	4212	96	-101	472
-1873	-1072	4140	237	-230	82
-1670	-1228	4016	479	-233	-485
-1616	-759	3774	755	-226	-806
-1449	-89	3401	921	-343	-818
-1242	226	2892	945	-376	-681
-1048	424	2416	831	-132	-569
-967	289	2297	644	414	-460
-1055	179	2677	461	1000	-531
-1256	56	3273	397	1283	-510
-1425	-75	3815	426	1277	-504
-1480	-31	4257	446	1045	-525
-1399	118	4460	441	541	-403
-1176	291	4255	387	6	-261
-972	393	3920	324	-253	-105
-925	422	3609	223	-279	-42
-812	410	3462	74	-138	12
-907	296	3618	-20	152	86
-1034	151	3877	-13	352	116
-1251	143	4132	72	272	181
-1287	61	4224	139	72	246
-1140	-45	4317	127	160	131
-1076	-90	4558	89	370	-95
-1027	120	4867	117	386	-276
-1263	430	4875	213	113	-238
-1363	764	4353	314	-45	56
-1231	654	3632	351	-28	364
-1126	254	2776	286	-139	414
-1356	-268	1779	60	-197	331
-1798	-757	1125	-220	-245	149
-1932	-1060	852	-351	236	-525
-1801	-336	1876	-268	1514	-985
-2007	325	3806	23	2180	-247
-2361	190	5577	213	1813	558
-2569	-414	6633	43	1468	583
-2925	-961	7265	-393	865	-381
-2978	-1074	6724	-684	280	-907
-2495	-730	6229	-738	162	-986
-2241	-294	5820	-784	226	-827
-1924	-70	5450	-766	529	-695
-1666	-354	5437	-729	826	-638
-1520	-594	5578	-665	465	-627
-1222	-352	4904	-547	-355	-740
-789	22	3767	-439	-1252	-515
-315	-62	2553	-94	-2277	147
107	391	1175	19	-3249	78
-222	403	115	-92	-3640	495
-842	137	-416	13	-3354	775
-1448	-208	-256	-67	-3630	782
-3226	-354	-569	186	-4367	678
-4501	-157	-2030	592	-2793	1087
416	-724	-2091	78	3214	2230
1879	-2178	4195	71	6685	-1341
-2626	2798	9844	284	5730	-3592
-5523	3308	12109	1059	1389	3511
-4083	-1381	9195	283	-1106	2823
-1494	-1815	7074	134	-706	711
-1754	-1211	6658	439	479	-81
-2184	658	7019	668	631	92
-1431	1490	5925	385	27	81
-628	1352	4570	139	-270	724
-15	532	2969	119	-548	1246
-135	406	1503	-29	-531	1236
-95	127	768	-540	-381	1337
-609	-122	441	-939	-943	1269
-939	-168	21	-1351	-2345	1000
-1539	-602	-116	-1619	-3320	474
-3664	-1642	-362	-498	-4373	-494
-4727	-1607	-1617	436	-2681	-1343
1250	159	-1296	2049	1085	1110
1038	-2115	3547	1746	5273	722
-2025	-1539	9254	1561	6570	-1415
-7206	-387	13146	173	3819	-3910
-5462	2338	11365	-8	-548	-2369
-2696	1228	7855	-240	-1611	-581
-1628	539	5898	-698	-876	-994
-1844	-703	5488	-1171	-6	-1260
-1575	-1005	5111	-1195	-178	-1835
-758	-611	4273	-864	-658	-1294
-237	-550	2975	-290	-1442	-693
-10	-246	1559	98	-2580	-867
-404	343	493	516	-3298	-1105
-787	708	-314	1046	-4003	-81
-724	643	-506	811	-3885	1193
-1418	796	-397	-331	-3373	1921
-2624	52	-501	-265	-4673	2486
-2332	-226	-2453	1249	-3558	2696
-701	-367	-2906	378	5680	1376
2624	180	3805	-353	11799	-545
-6535	2285	15923	-22	13485	-1410
-10371	1505	19901	61	-705	3150
-3258	-1388	7632	327	-8678	2951
-7	-2276	1613	326	-3434	1403
489	-1267	3101	433	1740	256
-850	338	4972	346	2897	-337
-881	979	5030	155	2112	-81
-602	619	3988	210	1033	429
-398	245	2523	-148	-734	493
-533	109	1158	-218	-2801	441
-1000	114	214	-277	-4448	574
-960	377	-254	-1247	-5637	395
-1583	-559	-903	-2542	-5112	-304
-5514	-2028	-986	-143	-2964	-1951
-1318	-446	-1968	1592	-2168	-1619
911	-1746	-1233	1464	5346	1721
1000	-3221	4972	2227	10054	-853
-7630	-641	17895	1284	11215	-3789
-8078	3095	16844	-187	-2653	-4014
-2620	2118	5609	-137	-5323	108
-231	203	3268	-724	-1378	-1256
-890	-735	4879	-869	949	-1621
-1766	-1523	5521	-810	690	-1764
-1320	-1263	5043	-638	-211	-1561
-683	-639	3752	-294	-1218	-1302
-968	-412	3772	-232	-83	594
-968	-412	3772	-232	-83	594
-935	-382	3808	-187	18	662
-949	-524	3966	-152	80	652
-986	-693	4158	-111	56	450
-1028	-626	4224	-63	-8	231
-934	-378	4232	16	2	264
-804	-162	4292	68	31	519
-786	-167	4395	33	74	740
-953	-346	4366	-92	74	725
-1065	-486	4194	-280	104	605
-1185	-543	4114	-427	375	470
-1373	-713	4414	-420	342	273
-1491	-811	4377	-380	-32	-75
-1353	-564	3982	-366	-230	-362
-1404	71	3599	-273	-219	-27
-1671	591	3065	-228	-185	707
-1820	724	2582	-218	-17	1488
-1846	290	2698	-132	613	1916
-1730	-391	3314	-92	1105	1580
-1808	-927	4298	-140	1098	694
-1846	-855	4962	-117	279	-204
-1668	-744	4816	122	-691	-372
-1360	-395	3950	410	-745	-281
-920	54	3359	618	-182	-19
-807	260	3155	649	280	150
-903	365	3016	525	456	192
-971	302	2927	374	550	230
-1038	187	2915	245	693	156
-951	58	3108	248	913	115
-1040	-20	3548	274	1046	80
-1162	-4	3987	294	940	57
-1219	81	4296	316	516	25
-1041	186	4322	322	-26	3
-797	182	4150	284	-333	-42
-736	260	4043	226	-251	-108
-848	236	4142	265	145	0
-1085	-3	4508	351	554	103
-1068	21	5054	276	477	-16
-971	291	5413	332	289	37
-923	274	5447	363	181	-50
-715	462	4929	242	-148	-360
-555	593	3953	135	-355	-442
-608	388	2752	82	-452	-399
-1352	239	1735	86	-922	-424
-2119	-135	460	-134	-1716	-346
-1941	-555	-699	-106	-719	-448
-1573	-812	-452	3	1865	-431
-1078	-614	1970	32	3156	-214
-2221	-275	5217	297	2605	532
-2418	-921	6661	741	1648	905
-1947	-654	7493	338	2797	-428
-4051	801	10205	-558	2763	-1357
-4206	983	10291	-674	-131	-206
-2572	-174	7405	-907	-1511	-23
-1320	-686	5544	-1030	-531	-964
-1034	-1145	5422	-921	426	-1502
-845	-1214	5117	-668	398	-1621
-992	-501	3971	-463	-89	-1396
-865	252	2610	23	-404	-878
-409	793	1568	501	-1128	-568
-206	953	766	664	-2043	-388
-676	797	85	282	-2657	26
-1498	716	-98	-377	-3595	647
-1439	37	-230	-574	-4786	1191
-1650	-294	-514	-283	-5269	1302
-3210	-1128	-1132	555	-4996	1988
-761	-845	-4217	567	458	2359
1117	-180	31	184	7502	2
-84	436	5934	775	10136	-1889
-8874	2919	18697	187	7021	549
-5651	-1570	14656	121	-2637	2546
-1480	-2140	6873	391	-3083	353
-1225	-1286	5250	1174	69	527
-1591	415	5931	1654	1234	477
-1338	1385	5938	1315	1565	520
-804	845	4671	763	1353	520
-368	677	2841	878	1528	564
-691	434	1926	-280	1457	375
-1386	42	1315	-1280	-592	-225
-1309	-62	342	-1526	-3877	-650
-1278	-224	75	-1642	-6359	-775
-1585	-58	-181	-1664	-8531	-984
-2038	-1109	-1380	-1161	-7555	-1078
-5078	-923	-1485	1452	-3387	-843
207	38	-3061	1981	-2915	1472
2496	-1956	-3060	822	5200	371
1000	-1282	2127	916	14214	-1050
-5018	-2397	10621	226	16377	-2401
-14510	4650	28318	-2386	10344	-3958
-8128	1603	15674	-299	-9579	1228
-916	-231	2184	-1017	-8924	469
699	-1183	1170	-1779	-1871	-799
196	-2155	2435	-1178	1246	-287
-479	-1940	2370	40	1803	-339
-136	-546	1807	844	426	-841
-256	39	1307	619	-1665	-858
-1015	504	332	-52	-4578	-919
-1091	379	-542	-321	-5140	-669
-2038	490	-510	97	-4318	-407
-1884	515	-602	270	-4550	189
-1852	537	-861	604	-4271	1473
-3092	161	-3210	1422	-1088	3314
420	-1288	-651	-529	7337	730
1466	-582	5708	-243	10979	-2402
-11665	3139	20996	-147	9033	139
-7755	-815	17353	525	-3742	3623
-2043	-1294	5273	579	-5761	1446
-564	-1077	3490	377	-396	411
-852	507	5184	321	1805	145
-1084	1198	5289	253	1994	716
-17	-91	3862	976	1912	728
184	712	2876	176	919	521
-57	197	1858	-6	-1340	431
-1069	765	713	-739	-4440	528
-1540	388	-10	-1511	-6787	1058
-2828	-50	-472	-3068	-8459	994
-3602	-2048	-1769	-2569	-5264	-553
-3849	-1265	-337	173	-3727	-2151
-1773	-876	-1836	791	-5138	-1435
1156	-712	-3078	2317	2655	1173
615	-2171	2241	2859	9556	-920
-3899	245	8618	-49	12378	-1136
-5581	1547	16127	1715	9774	-4512
-8356	2488	18845	-138	-736	-2007
-3246	437	8231	-4	-5422	84
-1793	-997	4043	-718	-3098	-1474
-581	-1348	3695	-910	-1162	-2323
-89	-988	3448	-665	-409	-1232
-305	-330	3030	-430	-396	-375
-802	-519	3840	77	132	265
-1088	-555	4562	-106	240	-34
-1088	-555	4562	-106	240	-34
-1088	-555	4562	-106	240	-34
-1088	-555	4562	-106	240	-34
-1088	-555	4562	-106	240	-34
-1088	-555	4562	-106	240	-34
-1088	-555	4562	-106	240	-34
-1130	-243	4594	-185	-4	56
-1239	-255	4381	-291	-125	161
-1328	-601	4192	-471	189	-26
-1510	-675	4318	-577	70	-258
-1669	-356	3745	-548	-213	-459
-1668	256	3076	-464	-288	-134
-1854	635	2599	-328	-157	589
-1961	501	2550	-194	306	1321
-2052	-271	3140	-86	824	1438
-1982	-1116	4224	-31	1063	615
-2014	-1250	5072	52	540	-495
-1981	-819	5024	186	-314	-1015
-1625	-65	4329	414	-745	-804
-1126	556	3602	599	-667	-300
-735	777	3018	707	-413	270
-545	592	2593	641	32	609
-719	164	2536	444	598	631
-824	-79	2733	243	1024	362
-1084	-187	3259	188	1276	205
-1257	-267	3839	281	1202	153
-1304	-106	4197	396	992	120
-1314	90	4471	406	705	139
-1327	387	4536	325	223	177
-1189	533	4197	224	-124	245
-1026	517	3867	151	-147	246
-949	273	3627	132	-58	328
-926	135	3627	179	122	431
-849	32	3950	210	414	530
-967	-194	4482	169	630	427
-1057	-319	4998	134	631	49
-1094	-208	5205	197	239	-223
-841	30	4831	234	-204	-361
-840	427	4214	218	-502	-409
-838	789	3282	248	-260	-109
-897	711	2756	212	575	182
-1162	487	2658	75	735	321
-1481	-11	2038	-11	221	584
-1961	-693	1241	-212	-133	467
-2194	-1161	938	-452	53	-641
-1798	75	1635	-437	713	-1564
-1749	1281	3007	-17	1231	-34
-1984	336	4540	607	1651	1939
-2287	-1055	6307	469	2707	1185
-3278	-981	9581	-471	3467	-495
-4631	-579	11555	-715	645	-1153
-3180	-259	8160	-716	-1865	-636
-1694	-288	4687	-931	-1703	-1184
-751	-674	3632	-983	234	-1807
-879	-686	4622	-761	1413	-2034
-1233	-296	4908	-502	800	-1411
-1147	188	3984	-201	-47	-707
-874	175	2838	116	-1209	-391
-557	565	1422	163	-2886	-450
-552	888	129	452	-4074	21
-620	653	-382	336	-4758	1097
-378	537	-571	-149	-3865	1646
-1374	100	-66	-993	-3439	1888
-2916	-685	-888	-569	-5681	2222
-2854	-1469	-5124	1119	-958	1969
859	-879	-1241	212	7786	-250
1436	-671	6081	592	12479	-1472
-10862	4048	21690	506	9206	-666
-7500	1105	15899	246	-5213	3014
-2395	-1312	4447	-65	-6693	1561
149	-1966	1989	187	-909	750
-684	-716	4266	519	2412	-156
-1621	617	5853	540	2559	51
-1006	683	5542	641	1412	760
-308	912	4026	439	603	925
-229	646	2619	-502	-326	1479
-561	-15	1464	-706	-1998	1579
-1120	-217	404	-791	-4072	1213
-793	134	-198	-1423	-5170	577
-1087	-378	-355	-2440	-5540	-454
-3490	-1477	-809	-1171	-4873	-1827
-5680	-975	-1562	611	-3050	-3379
1612	574	-2822	1612	779	1318
2191	-3268	1232	1165	8423	448
-2094	-2364	8005	1204	12535	-1438
-10798	2137	20444	1277	7146	-5161
-6535	2643	13600	159	-3928	-1160
-2195	961	5119	-331	-4795	-584
-656	-27	3110	-796	-1122	-1360
-987	-741	4135	-874	725	-1911
-1071	-612	4652	-735	715	-1360
-551	-507	3997	-335	56	-532
-473	-478	2815	258	-1109	-520
-513	80	1388	312	-2841	-841
-696	438	99	443	-4056	-566
-499	343	-336	806	-4327	132
-798	524	-306	709	-4429	467
-2138	847	-499	-148	-4803	1062
-5168	74	-1494	310	-4066	2488
-575	-144	-2663	368	1168	3771
2491	-308	859	-471	7452	282
707	583	5608	-272	11444	-1815
-8796	3128	18087	-35	11424	1341
-7612	-1291	16465	262	-2316	3054
-2434	-2057	6085	419	-5107	1621
-930	833	4479	1007	1272	325
-930	833	4479	1007	1272	325
-930	833	4479	1007	1272	325
-368	206	3516	1259	1093	613
-328	839	2424	333	874	209
-233	259	1503	-532	-441	386
-520	150	637	-605	-2219	172
-578	189	-1	-952	-3384	140
-980	28	-16	-1730	-4124	-160
-1962	-678	-369	-1866	-4930	-756
-6715	-839	-1532	362	-3228	-2212
-463	39	-1226	1711	-248	-633
1971	-2269	1277	1273	5439	2682
-8007	574	16249	-103	4443	-5562
-8007	574	16249	-103	4443	-5562
-5908	3200	12302	-310	-2169	-1849
-2156	1390	6045	-529	-3399	249
-709	-81	4010	-813	-724	-453
-1423	-1045	5082	-846	1104	-1241
-1637	-1364	5562	-675	816	-1472
-992	-768	4691	-523	-32	-1000
-557	-360	3312	-161	-1079	-609
-482	75	1605	-153	-2975	-540
-1138	361	3830	175	-60	-46
-1235	571	4147	291	453	212
-1624	690	4731	144	132	420
-1790	370	4449	-11	-448	552
-1734	-103	3915	-167	-228	155
-1608	-293	3655	-201	117	-292
-1701	-224	3312	-145	283	-336
-1722	78	3142	-95	422	-177
-1687	425	3454	-189	508	128
-1691	791	3982	-263	393	898
-1652	652	4567	-486	258	1548
-1683	137	4867	-805	-33	1553
-1674	-462	4618	-1090	-436	1019
-1389	-822	4006	-1136	-683	554
-1072	-898	3368	-995	-756	304
-812	-790	2725	-782	-563	213
-721	-494	2394	-599	21	163
-802	-222	2569	-479	661	200
-1069	-161	3089	-404	1213	308
-1425	-376	3837	-373	1273	290
-1697	-525	4324	-357	802	110
-1556	-453	4284	-289	199	69
-1246	-354	3933	-191	-129	118
-1020	-307	3553	-122	-156	84
-822	-402	3333	-67	146	104
-796	-561	3436	-34	486	-84
-858	-611	3669	-27	599	-259
-954	-710	3833	-27	519	-482
-1006	-650	3876	-2	515	-720
-1049	-462	4086	24	636	-745
-1050	-286	4253	7	551	-682
-1077	-208	4285	-43	311	-509
-1032	-352	4206	-16	214	-305
-977	-401	4303	54	435	-187
-992	-370	4598	165	640	63
-1150	-645	4763	225	677	175
-1179	-845	4790	177	699	-15
-1315	-825	4658	110	688	-244
-1181	-823	4440	6	502	-707
-1034	-664	3982	-108	412	-1055
-1090	-292	3264	-235	209	-1147
-1085	397	2384	-451	-201	-928
-1023	899	1490	-305	-420	-284
-1069	1150	864	-35	-224	476
-1197	629	813	170	198	1300
-1764	-230	1438	279	404	1422
-2100	-1046	2281	260	270	482
-1566	-1073	3204	213	393	-887
-906	-229	4483	335	1285	-1032
-997	746	5900	579	1863	-477
-1865	1273	7530	900	1966	573
-2521	688	8528	870	1324	1053
-2224	-532	8853	832	1068	747
-2031	-978	9005	1015	1144	718
-1635	-169	8629	1085	878	460
-1024	884	7312	858	483	472
-616	1247	5557	333	313	970
-450	712	3382	-14	257	1416
-544	117	1617	172	-170	1379
-756	141	541	-210	-1680	1195
-720	-31	9	-395	-3470	1166
-758	165	-192	-1149	-4389	1107
-1863	-546	-272	-2043	-4960	722
-4056	-2392	-1064	-1293	-5837	-166
-3049	-1567	-1966	958	-3266	-1059
900	310	-3020	1660	589	760
-341	-937	-589	2059	7673	781
-1582	-123	3494	1602	12332	-88
-6433	-60	11341	-369	14517	-2046
-12064	2813	24825	-1046	6709	-2417
-6792	821	14529	-604	-6756	806
-1743	-1192	4053	-1481	-5704	-986
-295	-1709	2919	-1843	-1879	-2435
-439	-1664	3366	-1066	66	-1773
-676	-1063	3185	113	353	-968
-563	-160	2575	470	-778	-1061
-475	635	1674	1013	-2458	-1435
-312	1194	276	1196	-5363	-876
-180	1259	-927	1139	-6196	741
-743	741	-1068	416	-5224	2116
-1869	-717	-640	-301	-4037	2348
-1047	-501	-1181	-329	-5169	1470
-790	-934	-1511	-126	-2954	69
-5299	-135	-4051	1102	830	-1279
-1557	-968	-1500	-849	9959	-619
-1843	-543	4714	195	13894	-2149
-15360	2047	24307	-244	12341	-617
-10186	25	22278	-98	-4687	1530
-2018	599	4270	563	-10017	2258
605	-277	1607	383	-1671	1646
17	285	3681	-6	1870	622
-509	-73	3984	-33	3089	720
-266	-117	3303	966	3895	440
-255	-115	2911	267	2694	-159
-189	188	2233	-61	-480	-82
-982	751	1328	-1070	-4613	-302
-1466	599	75	-1991	-8166	-159
-2354	556	-277	-2972	-10772	-68
-3535	-1060	-2387	-2839	-8684	-841
-5152	-637	-896	530	-4004	-2263
-3519	643	-1935	1394	-4318	-269
1952	312	-2829	2434	1720	2316
2454	-3010	1880	2229	9672	-383
-5974	-2137	8485	-528	12948	169
-7878	1533	16702	1530	8747	-5446
-7286	3551	15996	-122	-787	-1962
-3643	1847	8256	-358	-3376	-210
-2313	184	5775	-1095	-2011	-785
-1109	-1421	5184	-1119	-1188	-1419
-167	-1437	4515	-724	-885	-1066
-164	-855	3671	-612	-1691	-816
-276	-573	1907	-127	-3381	-961
104	-96	179	957	-5226	-1198
-357	192	-495	1621	-6004	-1076
-867	709	-756	1702	-5642	-629
-1541	1111	-964	807	-4169	1
-3274	984	-546	97	-3901	1305
-2042	664	-901	351	-5364	2458
-411	518	-1786	254	-3955	3091
-959	-68	-4378	-289	3415	849
2203	-667	993	-1860	13871	-209
-5809	60	16408	684	17535	-316
-10643	1426	23261	357	3800	1246
-4870	139	12120	329	-13032	2373
1123	-716	335	1020	-10677	2605
2787	-1855	384	521	477	777
-400	-763	3011	591	4324	-987
232	-99	1339	70	3372	-1801
315	315	716	-446	5119	-1354
3987	362	2863	204	11087	-1103
-958	-464	3929	-182	-97	31
-964	-402	4017	-65	-22	70
-1046	-281	4070	0	-16	144
-1068	-138	3976	0	-58	292
-985	-70	3869	-59	-43	438
-900	-63	3777	-121	104	562
-829	-168	3798	-167	147	655
-1040	-310	3815	-238	190	620
-1453	-462	3858	-339	334	617
-1631	-808	4075	-420	720	273
-1692	-497	4319	-479	547	-137
-1692	159	3889	-444	96	136
-1606	634	3199	-430	-206	682
-1554	963	2624	-396	-255	1345
-1503	545	2505	-302	196	1981
-1613	-352	3099	-239	910	1829
-1601	-943	4162	-240	1279	776
-1785	-1007	5204	-205	938	-122
-1777	-589	5433	-10	-110	-435
-1485	-68	4641	336	-649	-158
-1119	389	3908	583	-436	296
-870	466	3427	666	-205	750
-840	238	3119	596	62	880
-959	49	3072	392	350	640
-955	-45	3208	292	524	389
-1088	-35	3426	302	592	244
-1118	156	3629	345	525	184
-1087	419	3829	338	437	290
-1082	538	4033	276	283	485
-1077	319	4146	172	157	554
-1105	65	4228	57	74	250
-1139	5	4267	8	-65	-91
-1054	-163	4307	36	-56	-284
-950	-264	4438	56	179	-582
-830	-35	4707	99	349	-725
-792	216	4872	208	272	-607
-757	378	4750	280	9	-525
-610	583	4302	311	-299	-463
-520	692	3641	308	-499	-277
-922	686	2876	233	-658	-121
-1214	627	1784	279	-108	215
-1432	250	1322	236	1202	465
-1487	-19	1540	167	1967	484
-1926	-781	2382	108	1961	346
-2280	-1109	3468	-155	921	-468
-1970	-672	3862	-225	-308	-974
-1692	10	3834	9	-566	-683
-1515	114	3903	269	-156	-8
-1604	-376	4290	194	746	-67
-1996	-261	5283	-158	1248	-684
-2454	35	6208	-402	1227	-563
-2364	199	6799	-580	870	-193
-2140	224	6864	-706	618	1
-1984	20	6855	-714	791	167
-1948	-644	7013	-685	720	-102
-1580	-1094	6482	-529	97	-599
-1241	-1147	5489	-350	-336	-890
-969	-653	4349	-208	-483	-990
-816	-288	3432	-56	-627	-944
-756	96	2480	247	-1139	-1154
-738	745	1125	386	-2134	-1104
-564	1057	-216	412	-2579	-142
-522	685	-524	357	-2198	1238
-355	479	-431	107	-2002	1818
-832	-26	-292	-526	-1760	1870
-2258	-800	-589	-117	-2565	1574
-2857	-872	-1915	914	596	1069
-857	-1159	760	29	4888	-429
-1122	526	8323	460	6349	-1611
-3910	1794	12202	733	1940	140
-5074	164	12257	383	591	1707
-2838	-789	8660	230	-1245	435
-1714	-1403	6448	597	55	397
-1753	3	6675	801	1234	176
-1795	830	6441	1045	1250	213
-1287	1612	5278	553	667	732
-458	573	3624	466	-219	1690
-27	74	2075	327	-917	1465
-213	-281	1029	-206	-1603	1020
-483	57	113	-771	-3124	476
-574	188	-160	-2059	-3702	-81
-1172	-219	31	-2842	-4808	-664
-1798	-1177	-496	-1716	-5712	-1292
-4906	-445	-1369	-172	-3902	-2114
-3012	654	-1620	1820	-1958	-52
2127	-1454	-1697	954	3956	1915
2371	-4141	3128	1136	10486	-1245
-7837	-3281	15501	1752	14669	-4294
-9784	3044	19819	86	1125	-4713
-4447	2295	8485	433	-6600	-522
-831	684	2522	-224	-3689	-905
-144	-554	2752	-732	493	-1677
-919	-1268	4233	-635	1978	-1981
-1070	-878	4803	-262	1806	-1936
-698	-221	4112	184	840	-1526
-696	79	2753	438	-1795	-1195
-661	480	1172	48	-4844	-1351
-430	318	-446	-274	-6316	-905
-469	135	-541	284	-5101	-237
-1347	612	-429	507	-4423	233
-3272	1243	-755	662	-4860	1436
-5578	356	-2187	889	-3694	3352
1585	-734	-2122	201	3849	3223
3578	-480	3315	-583	9504	-1060
-2240	2139	8788	62	12323	-1770
-11058	1957	20638	-239	4877	3867
-5983	-1199	11807	-270	-5768	3809
-1272	-1824	4002	-39	-3776	2725
107	-823	3892	51	514	1049
-1097	642	5101	274	1671	742
-1054	724	4747	487	957	1471
-146	-236	3331	932	409	1763
-208	56	1943	558	-671	1596
-362	-11	724	-284	-2020	1429
-671	70	-47	-1563	-2512	922
-1212	-240	1	-2478	-3262	112
-1343	-707	-174	-2490	-4332	-960
-2826	-1598	-578	-665	-4065	-2362
-6651	-366	-1465	222	-2524	-3690
872	961	-1983	2142	1732	1814
2236	-3686	3456	2111	7593	610
-3727	-1425	12530	1783	10949	-2247
-9015	1843	18081	247	1353	-5106
-3934	2527	8462	111	-4652	-1040
-817	1160	4081	-362	-2465	-932
-608	289	4047	-728	432	-1193
-1609	-685	5508	-819	1453	-1584
-1867	-888	5785	-901	520	-1298
-962	-584	4493	-611	-662	-788
-256	-382	2942	-106	-1636	-622
-1222	-316	4152	-214	-76	130
-1222	-316	4152	-214	-76	130
-1222	-316	4152	-214	-76	130
-1114	-286	3902	-174	-127	223
-1062	-178	3862	-176	-47	354
-1090	-137	3938	-218	-90	495
-1148	-287	3942	-235	-191	590
-1189	-681	3996	-206	-179	512
-1205	-977	4184	-181	-34	157
-1099	-1006	4449	-193	71	-72
-1242	-566	4594	-247	-170	-80
-1560	-50	4440	-274	-540	411
-1729	-672	4024	-328	-37	601
-1853	-509	4450	-519	92	-244
-2098	350	3816	-478	-545	-39
-2043	771	2881	-569	-665	706
-1886	735	2549	-309	-175	1110
-1806	260	2852	-165	383	1405
-1863	-438	3476	-94	739	1116
-1805	-742	4088	-40	712	447
-1950	-637	4543	52	281	-57
-1842	-162	4323	172	-124	-206
-1501	336	3924	302	-177	-93
-1205	591	3507	396	-335	270
-986	477	2962	398	-416	734
-820	89	2521	317	-178	865
-746	-239	2453	212	413	612
-885	-221	2818	167	925	204
-1080	-24	3413	219	1164	39
-1216	161	3981	308	957	112
-1173	275	4188	370	500	287
-1064	361	4026	316	118	358
-890	505	3806	238	-128	407
-781	400	3579	148	-106	464
-840	-103	3545	84	379	274
-1086	-526	4000	155	764	-89
-1151	-659	4727	236	858	-386
-1185	-294	5601	303	988	-423
-1240	249	6234	361	827	-412
-1190	727	6176	381	129	-356
-857	851	5170	268	-527	-277
-466	825	3736	125	-594	-277
-382	597	2429	69	-181	-137
-1055	392	1402	155	-110	-49
-1907	96	469	397	-811	187
-2559	-472	-277	161	-120	-17
-2373	-495	174	-480	1221	-728
-1790	476	1831	-715	1625	349
-2114	180	3596	44	1906	2185
-1703	-931	5266	619	2991	1906
-2044	-416	8128	-329	4961	-12
-5892	166	12649	-1465	3667	-950
-5325	-151	11829	-1091	-1272	-77
-2298	-838	6815	-976	-2706	-454
-681	-1573	4699	-905	-879	-1433
-810	-1464	4905	-677	536	-2152
-976	-932	4898	-346	341	-1952
-785	-198	3821	-140	-301	-1743
-406	413	2643	256	-715	-1258
-279	722	1983	531	-1585	-846
-580	740	990	606	-3334	-777
-897	924	-116	313	-4047	-196
-1761	448	-425	154	-4488	763
-1580	-171	-557	194	-4911	1448
-1893	-388	-575	42	-5078	1851
-2541	-757	-1387	23	-5383	2040
-1656	-1125	-4172	303	-144	294
230	-125	-313	-484	6581	-1191
-296	949	4715	-208	8725	-2118
-6081	4544	13504	862	8011	747
-7405	283	15978	392	797	3926
-3814	-1251	9630	77	-2739	1197
-2074	-1493	6205	548	-1208	1476
-1323	-51	6331	659	118	933
-793	776	6206	566	298	1263
-268	840	5158	348	596	1606
-133	140	3706	411	344	1717
-133	-10	1965	1070	-245	1445
-517	-112	968	144	-1292	1302
-729	194	59	-1035	-2609	1060
-817	142	-95	-2419	-3290	722
-1384	-352	-23	-2853	-4566	214
-1510	-1433	-747	-1449	-4107	-458
-5013	-387	-853	-113	-2230	-1480
-745	276	-1405	979	-535	43
829	-2127	202	496	5254	366
-428	-2531	6703	1660	9862	-1962
-9712	-847	16832	1136	7408	-3613
-8678	2345	15346	110	-520	-2347
-3534	1192	7321	87	-4179	-239
-917	155	4385	-398	-1876	-1386
-959	-612	5092	-699	116	-2571
-1051	-357	4924	-642	-73	-2560
-500	-99	3975	-664	-962	-1768
-347	261	2624	-237	-2973	-1299
-158	250	821	513	-5414	-1007
-472	334	-432	1178	-6474	-488
-623	291	-614	1482	-6175	-87
-1333	1033	-797	945	-5572	639
-2342	1479	-951	-165	-4988	2036
-2732	801	-969	-20	-5898	3340
-2135	158	-2080	203	-4451	3911
370	-691	-5114	227	3174	1986
4511	-1305	667	-695	14846	-115
-8300	1234	16504	74	20831	-988
-10250	1610	22649	-154	4547	979
-5555	47	12786	719	-13371	2985
-1553	-1725	1973	2162	-14781	2782
3796	-1139	-675	207	-20	829
601	-258	1602	237	4290	-532
-20	84	924	300	4094	-900
166	65	202	-376	6030	-592
1994	-363	3358	169	11839	-724
-4737	1209	5428	-921	9357	-200
-4071	-414	4700	-965	137	667
-2929	-327	1949	-421	-6022	290
-2024	-62	214	-490	-9331	-320
-1233	183	-1148	-630	-9336	-494
-6809	489	-1365	317	-2867	-640
798	-563	-3396	2081	-1762	1207
2693	-4430	1802	2140	6831	-391
-3099	-1032	11118	1040	10459	-3084
-8473	1676	16658	73	2551	-5140
-4065	3700	9333	-101	-3896	-1191
-1023	1277	4488	-515	-2303	-303
-797	-3	4901	-786	546	-1023
-2030	-1663	6619	-907	1149	-1279
-1846	-1576	6940	-469	84	-1504
-1002	-1269	5323	-522	-1567	-559
-422	-865	3332	-480	-2324	-723
-1319	-55	3696	-426	324	231
-1401	-69	3878	-435	192	337
-1411	-198	3846	-424	9	408
-1298	-265	3738	-397	-65	374
-1179	-272	3690	-343	-66	397
-1088	-305	3673	-286	-113	457
-996	-420	3614	-252	-125	452
-1020	-417	3681	-215	50	411
-996	-490	3913	-182	178	295
-1077	-455	4153	-198	80	75
-1142	-336	4197	-238	-149	-23
-1126	-192	3989	-278	-247	-4
-1014	-108	3848	-279	-94	170
-926	-181	3937	-240	128	368
-1036	-369	4147	-186	250	600
-1267	-491	4267	-189	319	552
-1441	-447	4347	-274	331	493
-1519	-599	4418	-443	617	261
-1363	-624	4812	-514	542	16
-1268	-484	4706	-493	118	-143
-1300	-140	4335	-462	-306	-269
-1343	231	3485	-387	-576	55
-1505	404	2555	-296	-371	712
-1682	345	1859	-285	171	1385
-1693	30	1909	-288	1031	1692
-1803	-457	2890	-223	1492	1323
-2031	-628	4219	-170	1260	427
-2024	-277	4907	-50	449	-55
-1782	-202	4895	123	-241	74
-1326	34	4030	350	-407	355
-860	142	3663	546	-33	689
-739	138	3496	589	118	836
-802	1	3220	510	225	806
-792	-109	3063	396	377	647
-836	-59	3218	401	579	503
-951	-60	3462	490	715	408
-1132	-143	3754	607	826	148
-1262	-174	4115	736	931	-64
-1256	-375	4491	892	998	-86
-1237	-204	5081	952	925	-265
-1248	400	5701	868	431	-177
-1357	779	5777	672	28	-229
-1288	1159	5285	426	-537	-311
-824	1071	3976	241	-982	-274
-349	596	2596	201	-895	-319
-294	187	1540	141	-826	-219
-1062	87	710	-86	-1106	-71
-3571	-641	-34	-523	-1689	-92
-3085	-377	-999	-416	230	497
-1299	-847	1353	-348	2700	736
-1521	-2259	6271	455	4224	-112
-3260	-2235	10558	286	4068	-1269
-6296	-253	12435	31	1164	-2542
-4153	1816	8591	-270	-2263	-1469
-1518	1512	4894	-627	-1950	-543
-339	-6	4147	-876	281	-771
-972	-1206	5267	-967	1656	-1353
-1500	-1369	5707	-858	1046	-1663
-1196	-257	4471	-668	-511	-1843
-630	596	2692	-179	-1681	-949
-147	687	1362	241	-2407	-110
-444	544	276	499	-3203	146
-697	596	-382	490	-3513	589
-1116	248	-209	59	-3591	1085
-1272	-56	-162	-126	-4499	1361
-2595	-195	-620	157	-5588	1650
-2999	349	-3380	1218	-2825	2440
350	-343	-2155	177	5847	940
1702	-190	3402	-585	11496	-1266
-10124	2626	17473	-617	13589	-1114
-10123	18	19357	12	-37	2424
-3352	-826	7762	215	-7906	1476
-256	-1726	2305	421	-2940	1670
-126	-15	3551	512	980	452
-957	1116	4761	553	1797	833
-550	566	4103	895	1551	1592
-167	198	2946	931	1749	1365
-238	-91	2187	-177	1051	916
-576	-248	1291	-405	-1062	595
-940	-199	426	-561	-3350	319
-817	113	-96	-908	-5087	-69
-1104	2	-157	-2168	-5717	-760
-3055	-1424	-860	-2136	-6272	-1650
-7104	-187	-1525	1235	-1420	-2233
1433	641	-1882	1724	2811	1899
3121	-3613	4095	2037	9396	103
-8492	-2323	16692	228	10000	-3074
-9082	1976	16973	-133	-1367	-4541
-3463	1703	6559	253	-5910	-493
-273	384	2956	-155	-2409	-1050
-584	-120	3520	-539	747	-1771
-1548	-394	5103	-616	1653	-2076
-1529	29	5619	-632	515	-1319
-581	-81	4450	-189	-900	-433
-593	241	2709	34	-2750	-524
-480	824	708	590	-4486	-379
-637	863	-548	844	-5267	781
-808	498	-620	690	-5064	1737
-1215	686	-790	-9	-4461	2357
-3672	-532	-731	-117	-4665	2929
-3388	-959	-3487	543	-3066	2735
1253	-125	-2049	265	5848	827
2380	179	4355	-581	10940	-1258
-3855	1691	9955	305	10171	-1025
-10701	1179	19784	-5	5328	3324
-3881	-1225	10239	-114	-4650	2482
-1264	-1807	4510	85	-2292	1126
-930	-434	5133	144	521	103
-1198	726	5525	235	350	-116
-542	1033	4344	285	-376	214
208	797	2937	173	-638	872
15	385	1693	169	-1065	1555
-473	147	654	-6	-1757	1764
-1005	-157	-19	-982	-2279	1500
-974	-308	-232	-1794	-2481	817
-1604	-643	-102	-1781	-2684	-123
-4610	-1463	-437	-886	-3613	-1717
-2424	-302	-2220	1163	-1240	-1788
876	-1231	-134	1321	5549	1207
1681	-2775	7619	2695	9364	-1396
-7709	-1384	17888	813	4676	-2928
-6483	1864	11673	120	-3875	-3195
-1752	656	4723	-33	-3420	-1027
-268	482	3858	-299	-395	-1944
-1403	-254	5123	-523	1189	-1857
-1704	-182	5915	-743	1094	-2186
-1310	122	5555	-656	0	-1239
-607	-320	3997	-352	-1011	-704
-491	-340	2397	-111	-2230	-1042
-692	426	881	335	-3572	-1178
-838	325	4222	-136	-142	-17
-798	276	4151	-145	-125	-18
-787	216	4173	-133	19	-110
-906	172	4285	-80	100	-142
-1101	93	4420	59	176	-123
-1187	-75	4596	282	276	-177
-1304	-104	4961	441	478	-300
-1619	600	5201	428	-235	-107
-1620	1062	4283	444	-656	684
-1670	229	3647	383	-298	950
-1787	-572	3268	230	-259	83
-2022	-1020	2739	104	-297	-712
-2111	-1103	2310	-11	126	-1275
-2143	-393	2757	2	1125	-1448
-2104	424	4039	139	1434	-912
-2102	733	4930	264	542	-150
-2069	865	4926	72	-691	298
-1685	648	4101	-322	-1200	555
-1216	198	3297	-782	-855	290
-912	-131	2830	-983	-370	-87
-884	-286	2579	-872	43	-106
-1020	-339	2557	-621	370	41
-957	-321	2560	-416	649	173
-1063	-293	3003	-398	1159	156
-1194	-134	3665	-464	1360	58
-1374	23	4299	-508	1144	176
-1453	-190	4531	-527	513	248
-1228	-462	4158	-506	-106	71
-934	-654	3692	-420	-260	-72
-688	-750	3419	-269	-91	-118
-556	-838	3350	-115	227	-225
-736	-715	3503	-51	504	-480
-1009	-452	3753	-109	610	-650
-1334	-266	4035	-213	585	-621
-1495	54	4254	-284	515	-400
-1380	-5	4723	-265	661	127
-1410	-184	5423	-295	810	493
-1395	-207	6269	-317	733	682
-1292	-417	6389	-280	-317	678
-959	-474	4976	-300	-1444	735
-726	-628	3054	-420	-1386	1016
-1036	-484	1853	-511	-678	703
-1371	-90	1117	-444	-251	734
-1323	-94	641	-110	333	1085
-1554	-316	1128	229	1349	1368
-1615	-520	2201	484	1702	937
-2153	-318	3843	446	1344	230
-2348	-83	4785	223	320	-235
-1841	202	4969	229	626	-240
-2056	554	5682	450	941	119
-2595	390	6381	728	-101	957
-2164	-262	5954	637	-1044	774
-1371	-417	5397	460	-440	105
-1199	-282	5764	583	880	47
-1540	82	6527	726	1505	2
-1540	690	6823	673	1299	-249
-1022	1153	6651	429	835	122
-562	522	5543	188	263	483
-416	78	3922	-20	-43	331
-352	-73	2564	-366	-317	97
-574	119	1418	-483	-1641	192
-847	-53	411	-980	-3462	333
-864	-75	-54	-1139	-5278	219
-1108	-127	-448	-1987	-6102	-135
-5558	-345	-1789	642	-3656	-447
-3328	449	-1151	1609	-1236	565
951	456	-1394	1639	2066	2263
491	-1616	2078	948	6329	122
-2192	-2774	7754	252	8916	-403
-6923	-1657	13022	-4	4375	-3727
-5533	2340	10897	166	557	-2082
-3578	1622	9350	-224	-989	116
-2328	812	6959	-909	-1579	-199
-1877	-1281	5695	-1218	-918	-1207
-1358	-1551	5119	-1125	-466	-2177
-617	-1132	4450	-898	-397	-1671
-603	-707	3451	-537	-656	-1068
-571	-449	2368	178	-1423	-1297
-383	131	1245	774	-2641	-1978
-515	686	30	950	-3713	-2033
-692	650	-407	995	-4025	-1059
-1057	917	-457	550	-3967	-138
-2088	1280	-567	-238	-4564	1206
-2417	1102	-912	-173	-4438	2843
-2791	325	-2883	1026	-2388	3801
-553	-1009	-2310	-268	6629	1087
881	-954	4094	-367	11568	-647
-4857	1036	13700	1123	12094	-1666
-10219	319	21566	313	988	2735
-3563	-1519	8778	-37	-5968	1377
-636	-1575	3876	417	-1278	1105
-652	356	5608	536	1482	-10
-1031	1722	5945	692	1549	728
-403	1127	4678	753	899	1699
365	90	2845	1354	734	1940
60	454	1759	278	-177	1610
-490	10	898	-873	-2428	1287
-642	242	-82	-1893	-4502	960
-1188	55	-78	-2965	-5433	476
-2303	-796	-295	-3636	-7217	-448
-2269	-1818	-1213	-838	-5453	-2025
-4429	-1213	-748	686	-2934	-3030
-1308	198	-1875	1925	-2315	-287
719	210	-1539	2263	4692	2684
758	-1713	3517	2277	10128	629
-4456	-3771	11468	300	12414	-1693
-9593	2812	23293	-599	3745	-4021
-4116	2036	10483	104	-6564	663
-1133	719	2882	-440	-3720	191
-560	-385	3116	-1133	598	-918
-888	-1054	4916	-997	2193	-1299
-984	-1070	5668	-574	1644	-999
-671	-485	4250	-178	75	-850
-647	-296	2522	164	-1641	-1050
-491	62	916	464	-4089	-1201
-368	244	-278	767	-5255	-729
-625	592	-533	601	-4512	69
-1789	383	-405	22	-4162	966
-2458	384	-631	240	-4602	2380
-2030	268	-839	19	-4326	3220
-3093	66	-1341	575	-3367	3176
-427	-696	-3529	286	3546	650
2721	-1217	1831	-833	11064	-1203
-2590	464	7707	556	12919	-1574
-12515	2892	25172	495	10714	954
-6564	977	16098	-19	-7305	2473
-1346	-1291	2998	125	-5908	2642
988	-1142	3146	226	629	782
-594	-152	4888	293	2618	219
-693	-167	4458	736	2654	161
-1281	359	4538	-400	-365	481
-1281	359	4538	-400	-365	481
-1281	359	4538	-400	-365	481
-1410	152	3951	-560	-450	628
-1434	-447	3869	-535	-14	542
-2012	-846	3457	-539	223	96
-1945	-365	3323	-700	1036	-456
-2151	714	3782	-480	749	17
-2309	1164	3724	-245	105	705
-2049	797	3681	-3	-8	888
-1620	19	3858	90	69	640
-1430	418	3823	505	-499	-64
-1430	418	3823	505	-499	-64
-1430	418	3823	505	-499	-64
-1430	418	3823	505	-499	-64
-1238	650	3285	608	-360	110
-1080	703	2940	521	-100	172
-1015	588	2722	374	200	244
-1074	335	2845	247	622	201
-1212	169	3237	199	893	67
-1327	119	3687	199	880	-33
-1343	266	4013	205	641	-95
-1343	385	4076	257	256	-24
-1222	340	3876	266	98	-74
-1088	359	3673	268	131	-176
-1030	330	3648	238	176	-344
-984	291	3723	231	249	-479
-1049	451	3860	255	302	-495
-1008	718	4013	261	245	-341
-1015	899	4213	247	152	-145
-989	916	4369	245	86	6
-938	795	4493	259	42	42
-1279	772	4694	284	-216	-7
-1628	660	4307	382	-306	55
-1600	843	3947	478	190	210
-1641	768	4001	428	144	328
-1831	118	3525	377	-76	313
-1893	-517	2989	269	-160	-164
-1837	-548	2316	101	-123	-649
-1692	159	2092	7	359	-716
-1398	903	2533	-65	868	-232
-1251	1230	3319	-237	953	326
-1225	1110	3975	-485	571	653
-1495	450	4203	-594	-185	791
-1615	-292	3730	-641	-825	514
-1242	-974	3076	-609	-962	1
-1073	-1187	2687	-487	-494	-500
-1088	-854	2655	-206	393	-587
-1220	-52	3538	79	1402	-455
-1597	671	4950	210	1753	-30
-1914	1128	6421	67	1346	327
-1763	1012	7061	-256	440	483
-1328	567	6641	-660	-199	310
-1092	124	5617	-900	-357	222
-1110	-413	4741	-939	-141	-56
-1037	-670	4227	-892	403	-570
-979	-867	4559	-609	1058	-797
-1083	-658	5106	-294	989	-1015
-1392	-58	4882	-63	141	-891
-1297	154	3696	-4	-830	-594
-942	139	2283	-104	-1346	-680
-614	501	1079	-429	-1727	-406
-612	707	512	-625	-2111	302
-892	752	221	-446	-2979	918
-1076	650	-299	-590	-3107	1370
-2583	-1752	-830	-312	-12	1348
-1497	-1761	-867	1528	4077	-764
-2606	752	4290	1442	7188	-2749
-2907	1445	10366	703	5208	-986
-5126	1632	13295	1169	2166	95
-4143	1408	11165	807	-1413	724
-1757	145	6701	311	-2501	272
-424	338	4707	457	-733	85
-713	1305	5248	698	730	694
-636	1608	4790	902	472	1538
-270	1089	3778	717	237	2187
-394	327	2640	200	-34	2435
-744	-251	1568	-472	-844	2305
-1023	-575	539	-1110	-2182	1587
-1126	-589	-176	-1638	-2398	348
-1372	-707	-213	-1790	-2375	-986
-1720	-400	-74	-1458	-3260	-1804
-4015	-1515	-768	-815	-5138	-1813
-796	52	-3367	2281	-390	985
30	-1151	1225	1706	5903	-81
-1355	-341	8478	1961	7734	-999
-6685	-78	14718	91	4998	-2854
-6489	1982	13916	-518	-769	-1944
-2772	698	7770	-851	-3080	-464
-903	27	4588	-969	-1569	-846
-1047	-980	4756	-1069	237	-1591
-1478	-619	5229	-1059	400	-2222
-990	-204	4856	-743	-366	-1490
-344	-100	3823	-293	-1654	-1002
6	-74	2044	-3	-3493	-885
-343	341	559	313	-4715	-783
-901	323	-461	659	-5742	-5
-633	167	-757	1346	-4855	868
-888	490	-579	1439	-3506	1286
-2308	583	-415	-38	-3644	1797
-4580	-529	-2182	11	-4620	2196
96	-279	-4438	574	4377	1571
2097	-253	1615	-1069	11608	-794
-3404	1764	12938	-274	14201	-3704
-9956	4172	20397	261	921	1757
-3499	-1515	9785	627	-7022	4168
381	-2171	3027	339	-3186	1262
277	-1108	4052	496	1421	-58
-1347	694	6151	438	2704	-398
-1429	1789	6664	-153	2131	-86
-594	1190	5009	-289	970	770
-569	425	2918	139	-340	1329
-587	385	1439	-113	-1737	1192
-872	43	359	-794	-3233	781
-1135	130	-163	-1930	-4438	372
-1553	-179	-201	-3162	-5586	-11
-2272	-1862	-1248	-1846	-5606	-480
-4888	-2349	-1882	694	-2349	-1236
145	-41	-3247	2024	2868	917
-233	-2209	1853	1722	9077	-1408
-1077	-900	7729	1903	10108	-1181
-7716	63	17125	886	6649	-3523
-6275	2604	13315	-256	-2375	-3171
-2148	1323	6203	-552	-3704	-340
-765	236	4362	-785	-1136	-679
-1253	-1321	5516	-794	427	-1197
-1472	-1783	6090	-490	-85	-1539
-1019	-950	4877	-227	-1178	-799
-489	-300	3189	-140	-1901	-528
-253	8	1751	-20	-2594	-1110
-718	187	4130	272	-163	-173
-724	229	4035	284	-113	-91
-734	171	4049	313	22	-31
-785	36	4125	336	180	-135
-784	154	4209	405	128	-261
-821	422	4238	504	-196	-214
-922	592	4104	479	-587	-259
-1103	530	3947	356	-537	-474
-1525	640	3891	258	315	-294
-1807	588	4717	202	647	-132
-1841	302	4534	273	131	272
-1784	-167	3947	304	-323	242
-1772	-493	3204	306	-720	124
-1545	-535	2467	222	-540	-257
-1272	-31	2369	67	414	-519
-1301	463	3140	-24	1289	-154
-1523	766	4142	-137	1450	489
-1758	344	4788	-317	1064	957
-1880	-267	4853	-558	446	675
-1590	-632	4179	-652	-228	188
-1189	-814	3414	-639	-274	-257
-898	-656	2881	-570	36	-563
-725	-301	2661	-434	529	-530
-767	-121	2773	-318	1085	-270
-968	-135	3189	-285	1526	-103
-1175	-214	3869	-308	1649	-88
-1323	-341	4439	-321	1313	-153
-1302	-476	4624	-290	608	-274
-1132	-430	4208	-232	74	-290
-948	-266	3598	-192	42	-181
-769	-155	3303	-166	427	44
-720	-250	3411	-150	765	166
-842	-510	3668	-179	895	105
-1087	-778	3983	-263	960	-137
-1385	-800	4466	-256	1005	-380
-1578	-460	5138	-160	1067	-415
-1543	-33	5776	-65	790	-67
-1152	-28	6050	-27	203	517
-794	-545	5925	-95	-332	640
-833	-687	5124	-208	-889	274
-990	-602	3717	-384	-1334	277
-1240	-457	2088	-396	-1406	30
-1190	-98	760	-422	-1021	-71
-898	-43	316	-264	-267	13
-1090	-16	499	162	314	-58
-1783	-83	1059	610	781	355
-2160	-765	2093	971	820	54
-2143	-952	2927	899	691	-1064
-1828	-348	3472	613	1679	-1598
-1863	585	5452	784	2773	-1174
-2647	989	8006	1437	2936	-353
-3260	1005	9948	1397	1838	130
-2685	-246	10226	1075	303	400
-1573	-290	8470	1071	-491	565
-1012	605	7173	892	52	503
-914	1549	6694	508	382	340
-287	809	5179	567	610	569
-334	1389	3298	-705	1140	670
-478	135	1999	-185	1030	1785
-824	-222	1031	-362	-908	1548
-1339	-196	318	-619	-3919	1038
-1370	119	-120	-967	-6952	782
-2725	-129	-446	-3145	-8642	315
-3804	-2756	-2212	-2338	-6534	337
-702	-1839	-2168	1232	-3706	254
1176	-584	-3295	186	1624	-316
-862	-182	267	1867	9044	-665
-3798	1790	4857	2341	10911	126
-6484	1060	12315	348	12792	-1087
-11453	1807	24263	-1840	4239	-2140
-5224	-509	12028	-844	-8139	1281
-1165	-1832	2971	-1278	-4779	-1041
-346	-1746	3465	-1563	-798	-2628
-813	-1364	3918	-1123	-185	-2185
-700	-986	3301	-600	-380	-1745
-607	-44	2378	-156	-1326	-2147
-114	580	1609	976	-2620	-2388
-358	1222	486	1348	-4613	-1938
-755	1306	-821	1213	-5828	-27
-1536	1230	-1260	597	-5297	1760
-1735	938	-1194	305	-4897	2493
-440	592	-1678	416	-4877	2200
443	338	-2215	147	-1802	1634
-3506	-493	-2987	350	2556	1367
-2034	-1213	-257	-1032	9495	271
-2031	-1427	7881	-915	10613	-1285
-8516	2510	18099	1301	7568	725
-7516	-268	19530	223	-1850	2196
-1873	-106	6586	384	-5409	1157
-514	76	4122	214	-896	793
-1017	708	5676	-142	664	232
-656	940	5094	-1	370	384
21	237	3883	72	395	846
-90	392	2460	343	-58	1264
-550	295	1238	-1	-1768	1963
-1126	306	96	-1040	-3720	2220
-1771	41	-137	-2675	-4981	1699
-2882	-1169	-698	-3696	-6501	22
-3030	-2011	-1102	-644	-4888	-2709
-2453	-1106	-1326	1105	-5363	-3155
435	888	-3992	1912	-579	702
1051	-827	-1208	1373	6929	209
-739	-775	5178	1957	11060	-327
-5823	-348	12020	-294	10700	-219
-7387	4249	19100	247	5559	-2550
-5472	3218	13890	-850	-3737	1375
-1648	24	5995	-1260	-4289	1574
-361	-2387	4367	-1629	-1882	-748
-393	-2937	5053	-1276	-546	-1376
-776	-1944	4169	-826	-1411	-878
-673	-682	2126	-499	-3028	-676
-27	37	508	1042	-4498	-1026
-91	554	-479	1992	-5053	-1082
-1072	1130	-657	1698	-5163	-594
-1694	1391	-920	139	-3907	-22
-2701	785	-623	-419	-4143	482
-2114	98	-795	414	-4852	1121
-862	158	-1931	508	-3505	2035
-1418	-748	-3755	53	4675	1274
-245	-705	3451	-1944	13894	-1772
-6102	1034	16601	-572	11564	-2258
-9111	1394	21366	-96	1915	1606
-2863	-765	9379	1621	-11321	2275
2448	-1872	1038	975	-3680	1331
1154	-522	3614	395	2610	-742
-656	147	4163	473	2613	-850
113	514	2132	499	2526	-523
1531	20	1890	953	4588	-379
-460	1587	4982	545	9254	197
-2709	879	4497	-1175	2601	1172
-746	-293	4140	-24	97	369
-746	-293	4140	-24	97	369
-831	-198	4319	-4	60	507
-1074	-171	4276	-30	-86	703
-1133	-323	4103	-124	30	908
-1259	-617	4114	-345	530	619
-1523	-812	4599	-495	542	12
-1590	-714	4358	-486	59	-325
-1550	-237	3929	-437	-39	-378
-1509	311	3473	-266	-293	38
-1492	651	2948	-197	-228	661
-1865	-940	4386	-19	992	-201
-1865	-940	4386	-19	992	-201
-1865	-940	4386	-19	992	-201
-1865	-940	4386	-19	992	-201
-1996	-456	4926	120	411	-776
-1797	63	4730	324	-281	-610
-1556	517	4218	501	-579	-262
-1135	904	3701	603	-594	233
-870	822	3260	561	-391	708
-757	470	2937	408	-83	867
-817	67	2878	256	389	788
-988	-217	3125	207	735	601
-1136	-231	3475	219	828	333
-1223	-10	3824	262	791	229
-1239	85	4089	272	616	200
-1182	199	4149	214	309	96
-1047	237	3987	138	6	122
-901	247	3764	106	-140	127
-819	168	3553	116	-86	105
-731	112	3549	116	83	-7
-735	144	3792	81	312	-5
-873	102	4144	96	431	83
-953	145	4415	181	305	97
-833	225	4584	224	149	55
-769	176	4565	173	61	-123
-644	227	4367	57	137	-421
-492	334	4299	10	313	-512
-681	541	4207	76	287	-400
-841	897	3933	258	402	1
-999	1072	3757	395	670	489
-1108	788	3649	425	568	923
-1414	189	3151	314	18	1057
-1755	-493	2217	47	-741	671
-1672	-811	1001	-379	-645	-147
-1343	-392	674	-398	1120	-618
-1430	-205	2355	-107	2518	-643
-1918	118	4241	115	2225	-235
-2387	-121	5046	343	1464	693
-2272	-1051	5659	245	1991	209
-2833	-847	7493	-154	2346	-924
-2902	-460	8627	-364	1300	-1214
-2508	-183	8236	-532	444	-1078
-2148	136	7421	-762	339	-1036
-1818	178	6549	-923	308	-1230
-1489	-435	5976	-949	440	-1553
-1305	-803	5472	-657	169	-1780
-1467	-280	4430	-355	-446	-1317
-1293	278	3039	93	-1251	-507
-749	557	1645	443	-2516	-95
-418	791	251	434	-3806	288
-381	568	-545	332	-4407	940
-382	434	-630	115	-4164	1195
-206	39	-641	-738	-3888	1179
-774	-829	-921	-683	-5057	871
-1980	-909	-2578	846	-3210	288
-2719	428	-4351	1332	4235	448
413	-50	1085	-284	9946	-401
-1325	1327	8643	448	11763	-1616
-10102	3321	22289	416	4938	1513
-5876	-768	14307	368	-5195	2544
-1969	-1883	4372	481	-5064	571
-334	-1498	3396	481	-13	73
-759	393	5598	556	1839	-94
-1193	1638	6490	549	1491	552
-664	1397	5402	559	368	1368
-182	13	3458	821	-84	1767
-432	795	2059	415	-727	1271
-886	12	953	-696	-2660	1302
-970	95	-95	-1463	-4551	1074
-1239	-44	-138	-2741	-5325	477
-2055	-1030	-414	-3204	-6481	-431
-4624	-1940	-1476	-488	-5627	-1722
-2533	-366	-2111	1913	-3511	-410
2167	433	-2588	1360	2461	1485
1163	-1656	1911	943	9326	-1085
-3038	-1209	7886	163	11129	-187
-9155	370	17212	803	8070	-3759
-7139	1967	15005	-156	-1001	-1282
-2725	885	7742	-280	-3763	-525
-1315	247	4505	-1038	-2061	-1400
-1173	-930	4181	-1140	-200	-1958
-884	-1044	4371	-960	445	-1784
-516	-817	3966	-653	254	-1206
-425	-369	2910	-264	-867	-1189
-375	-31	1738	369	-2282	-1332
-575	556	563	939	-3991	-1117
-508	335	-265	1069	-4797	-314
-991	596	-396	667	-4961	266
-2118	825	-641	-50	-4618	1077
-3961	519	-914	125	-4631	2268
-2074	-11	-2396	722	-3041	2611
1120	821	-1832	-20	5072	1407
2684	101	4280	-608	10871	-889
-5086	866	10462	137	10741	-76
-9996	65	20257	478	4512	3136
-3915	-1148	10014	289	-4873	1794
-1017	-1040	4418	454	-2256	989
-585	267	4965	83	568	136
-1173	1070	5485	5	443	-1
-953	1298	4472	45	-610	466
-108	678	2990	198	-1383	1146
86	76	1619	463	-1885	1407
-242	265	548	-166	-2108	1275
-791	22	22	-1325	-2556	1087
-1016	-314	-170	-2084	-3096	754
-2500	-1281	-206	-1897	-3690	3
-5748	-932	-1442	-135	-3795	-1187
-292	456	-2174	1385	-1321	524
1465	-2001	120	1083	5077	1225
-2	-2727	5875	1425	8111	-917
-5528	-1405	13966	462	7228	-1834
-5973	2089	12550	72	-324	-3065
-2720	1837	6819	-106	-1276	-404
-1836	679	6419	-358	279	-568
-2324	-879	7309	-583	524	-906
-2213	-1735	6877	-567	-431	-1832
-1240	-962	4986	-440	-1382	-1581
-398	-427	3279	-316	-1586	-1135
-175	-69	2088	-262	-1736	-1321
-1012	-92	3891	-132	142	470
-905	-24	3882	-59	230	413
-875	13	3957	-16	339	386
-868	7	4055	-12	355	300
-844	-11	4078	8	264	180
-745	-45	4055	59	189	40
-709	-19	4066	132	202	-108
-665	8	4078	248	235	-176
-652	19	4119	315	258	-226
-740	134	4147	339	239	-246
-828	327	4093	358	117	-200
-854	414	3941	360	-10	-129
-870	383	3719	333	54	-176
-1030	412	3607	329	245	-366
-1279	668	3651	434	424	-249
-1406	861	3980	520	930	14
-1492	1058	4922	432	1019	116
-1963	879	5480	356	270	464
-2106	113	4864	141	-930	244
-1795	-333	3320	-87	-1179	-369
-1356	-234	2241	-246	-251	-812
-1226	60	2211	-315	813	-761
-1380	485	2806	-256	1435	-239
-1742	702	3703	-231	1730	634
-1945	418	4542	-282	1548	1315
-1811	-380	4909	-569	1082	907
-1643	-827	4834	-897	449	-85
-1343	-769	4074	-968	-349	-751
-1062	-425	3114	-833	-639	-915
-733	-160	2349	-628	-360	-696
-594	-6	2109	-416	380	-305
-703	17	2629	-299	1158	59
-1037	-276	3626	-302	1558	171
-1374	-450	4599	-383	1361	2
-1614	-388	5007	-515	703	-174
-1511	-312	4951	-524	140	-52
-1415	-526	4936	-389	136	111
-1315	-444	5171	-249	409	39
-1244	-332	5791	-191	528	220
-1256	-552	6145	-241	-64	72
-1168	-446	5377	-360	-793	-225
-773	-365	4119	-428	-1182	-111
-630	-162	2958	-502	-1381	-127
-1115	493	1765	-522	-1787	108
-1724	947	394	-385	-2249	901
-1580	408	-675	-85	-1532	2121
-1633	-893	-618	195	255	2189
-2171	-1607	803	383	1965	80
-2568	-651	3454	282	2468	-1910
-2396	633	5542	319	1981	-1510
-2208	783	6718	929	2388	89
-3496	780	9270	1226	2450	654
-3438	-140	9813	1119	201	467
-2265	-987	8036	1127	-1032	-235
-1322	-276	6541	1289	-840	-535
-612	1049	5841	1167	195	193
-422	1827	5722	896	932	564
-184	1060	5123	684	1222	994
-563	919	4067	184	1374	846
-1094	-18	3134	-572	260	756
-1320	-139	1816	-873	-2818	261
-1243	-317	296	-1111	-5955	205
-736	145	-368	-1587	-7366	155
-863	-304	-848	-2470	-6820	179
-4724	-1878	-1224	-1153	-5717	345
-2022	-261	-3266	1782	-4042	773
1528	266	-3502	1216	2005	577
47	-586	278	931	8818	-41
-2825	-803	5747	852	11000	441
-6416	437	12555	420	11737	-1381
-9606	3223	21511	-545	3577	-1595
-4756	1260	11130	-556	-6120	1681
-1273	-652	3543	-1204	-4569	71
134	-2024	2995	-1587	-671	-1779
-517	-1999	4204	-1127	1080	-2187
-1074	-1433	4416	-511	673	-1372
-1067	-652	3256	-178	-938	-1308
-676	-124	2027	650	-2570	-1651
-637	740	697	1308	-4290	-1764
-811	716	-329	1206	-5405	-901
-1341	822	-496	492	-5401	-44
-2210	1000	-596	-186	-5321	942
-2930	1251	-984	163	-5796	2115
-1568	1193	-3419	971	-3941	2349
103	114	-3099	-252	5248	1728
1314	-1223	2858	-778	11331	-800
-5234	142	9467	-210	11649	-1213
-11572	-44	23036	752	7177	2312
-4869	-1244	13061	342	-6330	871
-879	-499	3967	699	-3948	789
-271	995	4445	473	129	-29
-512	1765	4782	452	697	262
-87	1065	3617	389	716	984
362	11	2192	466	1280	1241
-198	258	1571	140	527	1311
-937	175	839	-1003	-2281	1492
-1274	131	23	-1538	-4989	1527
-2073	-275	-255	-2819	-6303	849
-2744	-2131	-1176	-1711	-4474	-1244
-4448	-1519	-433	306	-3279	-3444
-2095	-638	-1799	1264	-2242	-1969
693	-536	-1421	1953	4062	1853
1352	-1917	3694	2208	9684	-1612
-6422	-519	15250	470	12332	-2980
-8028	3168	19007	-255	375	-4567
-3663	2187	8626	61	-5661	-76
-946	645	3562	-550	-3615	-661
-326	-610	3022	-1159	-289	-924
-680	-1834	4255	-839	1573	-1651
-1017	-1381	4756	-441	1259	-1525
-648	-686	3706	-94	-239	-1610
-703	304	2123	-43	-2503	-1639
-589	522	537	337	-4364	-1309
-393	235	-260	1029	-4791	-742
-1027	784	-238	582	-4783	-388
-2642	1433	-497	-599	-5277	594
-5016	1315	-1088	-97	-4678	2433
-5643	1102	-2343	922	-1543	3863
3501	-914	-1243	-508	5459	3271
3330	-1237	4218	-690	10994	-2165
-2811	2947	11717	939	13558	-1089
-9889	-369	19734	490	2656	3781
-4003	-1701	9978	510	-6597	2720
-147	-819	3255	499	-3435	1616
336	779	3529	335	1117	338
-354	928	4319	925	2248	558
-510	1727	3919	916	2370	761
-456	242	3329	-498	1406	1650
-766	-614	2300	-217	-969	1612
-1518	-526	1021	-277	-3526	1054
-1235	-413	4399	94	512	466
-1235	-413	4399	94	512	466
-1235	-413	4399	94	512	466
-1300	-482	4558	122	441	571
-1177	-357	4729	89	361	525
-967	-108	4953	-42	199	398
-899	174	5029	-247	-132	260
-869	217	4940	-450	-427	410
-908	-235	4471	-619	-628	525
-924	-604	3842	-697	-333	369
-2072	-154	4567	64	-257	1429
-2072	-154	4567	64	-257	1429
-2072	-154	4567	64	-257	1429
-2072	-154	4567	64	-257	1429
-2072	-154	4567	64	-257	1429
-2072	-154	4567	64	-257	1429
-2072	-154	4567	64	-257	1429
-1673	-1229	4798	126	-421	736
-1593	-1567	4725	296	-417	-33
-1502	-1071	4372	568	-464	-530
-1362	-291	3788	763	-741	-608
-1120	172	3004	806	-915	-444
-812	413	2378	745	-716	-253
-569	398	2103	611	-136	-53
-590	163	2269	475	659	12
-798	-168	2746	389	1252	-171
-1115	-213	3349	385	1513	-479
-1296	23	3877	431	1293	-529
-1383	163	4264	460	836	-381
-1337	246	4442	407	286	-275
-1170	423	4385	312	-165	-222
-963	473	4217	232	-413	-161
-802	498	3982	202	-557	-43
-681	335	3706	238	-405	214
-615	151	3714	245	122	278
-676	33	4219	213	736	158
-850	-112	5007	237	941	-11
-906	-94	5364	337	565	-258
-849	324	5179	419	148	-408
-1018	851	4661	369	-489	-251
-819	1087	3417	337	-610	227
-918	868	2538	270	181	493
-1205	625	2076	174	343	501
-1475	214	1486	126	50	898
-1965	-810	1076	-33	-28	1053
-2091	-1818	1381	-241	692	-389
-1903	-882	2471	-163	1476	-1611
-1901	-98	4007	354	1945	-551
-2308	51	5239	526	1521	347
-2377	158	5753	242	1381	154
-2509	373	6759	-344	1505	-454
-2698	215	7359	-670	619	-353
-2049	-246	6656	-770	229	67
-1730	-728	6533	-963	992	-284
-1951	-914	7216	-999	1301	-738
-1915	-894	7171	-912	657	-988
-1503	-788	6295	-644	-3	-1213
-1206	-322	5232	-363	-353	-1228
-1063	42	4049	-165	-1043	-1029
-790	204	2703	255	-1980	-1019
-945	680	1180	526	-3424	-785
-819	940	-466	388	-4442	363
-657	619	-561	1	-4077	1471
-1114	657	-431	-760	-3759	1629
-1838	250	-344	-832	-4688	1714
-1783	-44	-1090	-79	-5780	1835
-1637	-1366	-4386	680	-1875	1229
-692	-1054	-2616	358	6857	-799
620	-481	2840	-4	12014	-442
-3830	-136	10524	1665	13029	-1258
-11591	906	22688	490	4958	269
-5598	-504	12357	137	-7429	62
-1129	-1141	2636	481	-5466	388
349	-70	2702	522	-88	-274
-282	1424	4399	591	1711	378
-433	1509	4446	1038	1498	1451
49	1376	3234	1216	1835	1665
-164	376	2501	99	1906	1815
-552	-431	1884	-261	125	1593
-1343	-354	870	-598	-2463	1067
-1452	98	-6	-1455	-5019	461
-1844	-262	-63	-2934	-6359	-443
-2950	-1655	-1061	-2106	-5859	-1539
-7052	-268	-1000	659	-2586	-2125
945	745	-2166	1536	945	1474
2121	-3169	2020	1583	7277	383
-4289	-1326	11902	1608	10433	-1780
-9401	1122	16901	336	2261	-4541
-5193	2619	10571	-79	-3230	-1179
-1750	1307	5506	-442	-2971	-523
-1047	-110	4316	-812	-542	-794
-1480	-1410	5127	-869	780	-1882
-1333	-1152	5334	-593	531	-1923
-599	-709	4312	-372	-573	-1213
-522	-232	2895	153	-1962	-1216
-435	289	1161	400	-4361	-1309
-457	454	-226	659	-5654	-1001
-480	360	-510	688	-5312	-473
-1242	783	-502	202	-4788	170
-3157	1035	-518	-203	-5345	1545
-4496	535	-1599	695	-5262	3271
-637	-547	-3640	336	-1413	3758
2821	-476	-1212	-463	7736	144
1226	-205	4513	-627	13160	-1439
-4140	549	9421	590	11199	-847
-11302	-772	22276	198	5241	2333
-4055	-1223	11029	217	-7204	2269
-824	-1234	3185	511	-3705	1588
-230	349	4015	452	408	-113
-789	1387	4659	556	311	109
-129	761	3676	610	-28	957
364	128	2379	650	351	1284
-79	437	1469	-343	-162	1344
-504	21	628	-899	-1536	1432
-960	-24	112	-1484	-2451	1096
-1595	-202	131	-2100	-3941	286
-2314	-1232	-441	-1880	-5291	-1131
-4633	-1118	-1089	181	-2392	-3274
-3135	-506	-1137	1000	-1835	-2511
1206	86	-502	1565	4307	3601
2398	-3538	6062	2514	8710	-438
-7385	-960	16616	381	8048	-3336
-7884	2248	15398	-255	-1494	-3325
-3229	1624	6505	-405	-4695	-226
-403	270	3407	-640	-1822	-947
-901	-538	4574	-657	1267	-1348
-1990	-839	6112	-589	1380	-1545
-1450	-303	5541	-328	-96	-654
-668	-155	3768	-138	-1565	-306
-393	384	1847	-84	-3295	-664
-751	-18	4167	-84	-84	40
-783	-153	4058	-123	-211	-96
-863	-274	3855	-185	-215	-194
-885	-344	3698	-274	-51	-235
-758	-262	3820	-344	202	-119
-922	25	4225	-364	369	136
-1444	120	4789	-376	186	449
-1911	-544	4896	-405	-16	248
-1600	-718	4798	-507	-122	-141
-1216	-311	4358	-523	-101	-272
-1277	239	3929	-473	-159	-95
-1546	749	3344	-408	-81	289
-1546	752	2772	-395	88	633
-1433	272	2608	-205	618	997
-1562	-264	2975	79	1092	969
-1879	-661	3871	228	1183	400
-1939	-530	4680	282	774	-359
-1947	58	5032	342	38	-738
-1852	524	4681	441	-646	-552
-1364	789	3866	500	-910	-138
-847	840	3221	490	-706	170
-581	736	2727	417	-317	399
-646	472	2484	267	240	466
-857	293	2601	139	770	410
-1094	105	3044	110	1198	408
-1232	88	3665	140	1391	313
-1358	58	4266	191	1234	269
-1353	62	4576	206	732	172
-1154	165	4406	203	212	61
-949	377	4055	196	-115	37
-771	432	3628	198	-219	77
-635	421	3338	192	44	-57
-648	592	3501	190	370	-39
-785	683	3856	206	624	169
-992	555	4130	273	643	349
-1120	370	4291	356	526	273
-974	435	4294	421	289	248
-842	482	4285	372	183	115
-719	622	4410	295	296	-162
-776	971	4768	251	214	-244
-1123	1288	4511	286	-261	-13
-1142	1255	3489	351	-78	378
-1133	808	3038	273	288	402
-1487	203	2721	-49	290	272
-1742	-446	2297	-437	174	-13
-1771	-718	2096	-505	384	-255
-1889	-435	2666	-311	599	-453
-1778	239	3467	22	946	-259
-1946	532	4471	220	1024	449
-1995	178	5279	17	1127	546
-2248	-21	6269	-312	991	-30
-2478	48	6905	-497	285	-337
-2115	-39	6632	-483	-229	-251
-1723	-337	6095	-619	46	-503
-1784	223	5555	-842	605	-755
-1768	69	5517	-909	1123	-864
-1616	-248	5794	-808	1177	-1182
-1429	-285	5730	-593	546	-1230
-1246	150	4888	-269	-437	-883
-1056	43	3279	-303	-1834	-116
-567	338	1761	-542	-3340	-218
-515	701	640	-797	-4879	45
-496	697	-123	1	-5636	1172
102	593	-699	-27	-4916	1827
115	243	-928	-816	-3099	1549
-2033	-641	-1144	260	-932	917
-4498	369	-3165	2095	-417	353
432	-1876	-1714	-948	6016	266
748	-376	6411	-226	9249	-2568
-3907	3151	12865	1300	5404	-1910
-6152	2544	14183	1069	492	3084
-2670	-481	8767	296	-1776	1679
-1539	-949	5796	233	-808	405
-1391	338	5877	535	709	-453
-1641	2019	6583	601	872	171
-1065	2123	5948	349	-185	1055
-372	1204	4411	141	-708	1793
-50	485	2471	74	-1143	1909
31	-49	1226	-251	-832	1925
-395	-296	680	-768	-990	1551
-792	-162	87	-1360	-1932	826
-1168	-348	-15	-1596	-2802	126
-2407	-804	-5	-1209	-3993	-758
-4971	-1202	-904	-107	-4511	-1684
-1248	-126	-1801	1505	-1610	81
646	-500	-1011	735	3401	1449
852	-2551	5144	1638	7293	-782
-4439	-606	12823	432	6920	-2906
-6401	2889	13241	503	1402	-3043
-4079	2236	10581	-246	-1609	-600
-1614	1078	6327	-440	-2184	-251
-1427	-106	5093	-856	-690	-937
-1603	-622	5141	-1191	-153	-1785
-954	-462	4928	-911	-241	-1449
-477	-66	3667	-444	-1064	-613
-115	-144	2127	-63	-1854	-411
-64	-8	1056	200	-2577	-664
-623	357	229	698	-3663	-535
-754	473	-474	969	-4239	419
-539	485	-599	976	-2992	1232
-1838	328	-17	161	-3078	1712
-3916	243	-738	513	-4599	2483
-1063	43	-3463	1098	405	3632
1710	-858	203	-690	8076	-358
468	912	10118	-986	12767	-3237
-8721	3274	19570	-320	3462	596
-4195	-868	11072	552	-5870	3707
-332	-1898	3649	478	-3530	1377
438	-893	3571	726	841	20
-509	767	5116	788	2635	-514
-995	1746	5208	729	2596	-144
-825	1184	4239	375	2328	273
-323	412	2906	79	851	390
-706	615	1558	-725	-1059	494
-1152	74	512	-1097	-3327	629
-1015	69	-49	-1350	-5159	441
-1692	20	-103	-2449	-6320	-59
-3008	-1211	-1474	-1510	-4822	-588
-6406	-1774	-979	153	-1969	-1942
1465	227	-2370	2013	916	1206
1519	-2532	1254	1714	7421	676
836	-1695	8058	2244	11124	-1631
-9241	1698	19459	-27	5412	-5259
-5711	3587	12468	-205	-3922	-832
-1527	813	5117	-440	-4073	896
-348	-174	4102	-657	-460	-480
-1337	-1233	5476	-820	776	-1125
-1755	-1230	5867	-601	351	-1721
-1076	-878	4809	-459	-795	-1078
-477	-530	3272	-53	-1603	-835
-1635	-176	3444	-838	555	243
-1635	-176	3444	-838	555	243
-1635	-176	3444	-838	555	243
-1635	-176	3444	-838	555	243
-1757	-22	3721	-719	401	690
-1847	27	4135	-618	185	1272
-1873	-109	4420	-702	-105	1587
-1681	-257	4363	-918	-313	1537
-1434	-353	4143	-1134	-352	1398
-1364	-445	3857	-1205	-293	1296
-1278	-546	3586	-1147	-188	1143
-1190	-465	3367	-1026	-114	1021
-1520	-405	4217	-617	399	1118
-1520	-405	4217	-617	399	1118
-1520	-405	4217	-617	399	1118
-1520	-405	4217	-617	399	1118
-1520	-405	4217	-617	399	1118
-1520	-405	4217	-617	399	1118
-1421	-507	4161	-633	108	895
-1283	-445	4071	-655	47	709
-1132	-365	4087	-661	20	619
-974	-383	4076	-625	-72	581
-860	-554	3981	-561	-148	481
-814	-705	3809	-502	-192	256
-811	-659	3605	-471	-163	60
-782	-536	3487	-434	13	16
-911	-393	3567	-351	270	94
-1025	-409	3827	-294	368	255
-1246	-444	4003	-286	237	385
-1468	-410	3863	-275	156	620
-1469	-761	3915	-259	437	606
-1461	-937	4245	-265	669	200
-1314	-786	4676	-222	594	3
-1250	-550	4751	-184	185	12
-1273	-383	4337	-191	-247	80
-1195	-305	3560	-203	-399	281
-1107	-273	2768	-199	-78	489
-1221	-214	2251	-158	445	653
-1372	-41	2012	-95	995	800
-1465	143	2123	-26	1368	788
-1580	162	2559	141	1185	864
-1638	-125	3057	321	527	881
-1602	-456	3486	266	-155	404
-1406	-657	3677	51	-497	-434
-1126	-299	3785	96	-38	-711
-1400	-22	4230	246	590	-435
-1717	187	4468	363	863	-245
-1981	99	4713	480	980	92
-1695	-152	4940	463	958	59
-1036	24	5779	483	1296	-129
-1145	373	7359	771	1724	211
-1938	412	8798	1110	1647	473
-1899	376	8694	1070	912	628
-1198	874	7391	738	470	877
-984	1144	5700	340	484	1403
-1238	683	3779	-145	1106	895
-697	235	2231	-206	1404	416
-664	581	1538	-416	489	394
-652	54	829	-640	-2133	834
-743	-124	119	-589	-4338	969
-908	48	-174	-671	-5940	1123
-2621	-512	-384	-1645	-6955	780
-4830	-2458	-2169	-636	-3842	-261
-330	318	-2402	1044	-187	249
336	262	-494	1388	4540	493
-1514	-372	2792	2169	7845	1465
-3804	-473	8383	801	9850	-775
-8070	874	15482	-1236	5303	-2375
-6518	751	14721	-977	-1409	539
-3106	-704	7884	-1002	-4246	73
-1594	-862	5450	-1420	-1835	-1494
-1174	-1011	5409	-1449	-744	-2296
-1059	-1049	5355	-1098	-196	-1947
-852	-1102	4695	-674	-248	-1919
-632	-568	3472	-346	-460	-1850
-784	-539	2169	545	-986	-1405
-562	502	1057	1016	-2029	-1294
-579	841	301	992	-3333	-1101
-862	723	-436	719	-4626	-655
-1478	982	-692	205	-4534	110
-1473	643	-592	265	-4442	1179
-660	776	-1023	361	-4481	2291
-2757	-507	-1836	867	-2281	2356
-2701	-1228	-3053	-62	4890	287
-288	-425	2260	-1061	9702	316
-3611	733	11027	433	11474	-1381
-9235	2117	18134	410	664	1795
-4475	-1067	10801	0	-4310	1943
-1501	-525	4725	302	-2905	1532
-1156	-781	4723	472	517	1050
-1520	323	6359	464	1479	326
-1309	1227	6161	500	960	678
-598	1145	4664	185	531	1569
-43	1	2885	618	127	2238
-162	-196	1496	1196	-1022	1831
-576	120	615	467	-2520	1228
-987	211	26	-1404	-3549	725
-1758	-55	51	-3098	-5103	41
-2954	-435	74	-3947	-8081	-747
-2430	-1509	-1673	-1231	-6844	-1480
-6047	110	-1225	1196	-2374	-1751
328	598	-2468	2380	-1919	1843
2158	-2532	-529	1353	6260	809
-237	-2729	4792	1313	12040	-1201
-6809	-1700	13841	1618	10427	-4683
-8698	4193	19819	-224	1828	-2816
-3971	1692	9905	-165	-4584	803
-2091	261	4829	-1054	-2608	-445
-1227	-1147	4571	-1463	-662	-1666
-662	-1269	4657	-1123	36	-2021
-150	-943	4195	-687	-133	-1182
-33	-685	2982	-142	-745	-1084
-248	-172	1624	225	-2459	-1439
-317	355	298	605	-4141	-1490
-579	393	-436	761	-4549	-1013
-1143	701	-434	366	-4174	-160
-2673	773	-494	-197	-4941	1067
-2493	1092	-842	394	-5143	2640
-1781	282	-911	-58	-3863	3062
-985	156	-2457	642	-1137	2271
-29	-76	-1624	-406	6692	213
995	-1383	4457	-825	11279	-311
-5161	-219	9360	857	10454	-1013
-10353	381	23367	1122	10268	1389
-5231	-888	14364	607	-4704	1631
-1548	-904	4378	756	-3418	860
-489	419	4250	768	596	-189
-481	1380	4650	864	1563	478
15	1038	3428	1478	2131	541
212	1143	2261	1178	2261	-31
-1554	-46	4150	629	-1016	-586
-1166	488	3542	658	-928	-358
-875	826	3164	548	-653	-60
-817	855	2940	378	-293	306
-911	562	2824	174	139	547
-1060	171	3008	67	518	666
-1154	-257	3332	59	775	602
-1257	-498	3752	98	886	317
-1411	-500	4098	174	703	46
-1384	-345	4254	236	371	-120
-1274	-215	4178	230	1	-311
-1042	-40	3907	179	-276	-480
-840	210	3656	133	-370	-472
-704	495	3543	124	-299	-243
-618	615	3552	119	-31	144
-728	241	3773	102	222	376
-824	-48	4044	62	254	260
-867	-63	4218	47	202	180
-976	-65	4315	124	151	158
-1062	-58	4231	280	61	16
-991	49	4090	404	-65	-188
-858	213	3966	388	-172	-289
-715	398	3870	284	-78	-349
-590	456	3949	230	274	-334
-914	463	4346	233	466	-273
-1228	451	4567	369	578	-122
-1203	515	4804	608	942	205
-1652	594	5136	660	552	480
-2105	400	4508	365	-307	584
-2063	-123	3362	-114	-421	150
-1899	-358	2396	-305	399	-302
-1821	-516	2150	-273	1157	-447
-1976	-454	2472	-74	1658	-453
-2027	-65	3521	51	1864	-374
-2032	395	4585	38	1408	144
-1900	183	4824	-179	684	351
-1549	-41	4519	-585	246	-84
-1314	-48	3962	-911	-132	-588
-1017	9	3326	-1029	-470	-702
-660	-7	2588	-923	-588	-476
-360	78	2070	-726	-100	-42
-339	-44	2096	-546	815	515
-733	-471	2903	-496	1657	701
-1172	-732	4024	-501	1887	513
-1490	-799	4899	-486	1364	305
-1393	-986	5041	-553	430	36
-1380	-594	4723	-629	-104	-228
-1192	-274	4393	-601	-230	10
-1160	-353	4541	-393	537	194
-1462	-232	5746	-259	1404	298
-1638	-625	7221	-215	1000	582
-1790	-1010	7218	-187	-576	285
-1460	-1191	5240	-342	-2252	250
-1155	-595	2727	-316	-2874	-184
-1418	430	702	-267	-2865	59
-1595	829	-663	-265	-2355	936
-996	-49	-1125	-435	-907	1550
-876	-1019	-748	208	1073	705
-2281	-1065	1439	487	2402	-466
-2647	-618	3730	584	1507	-1300
-2076	174	4676	623	1468	-743
-2081	414	6691	702	3192	-269
-3567	857	10344	867	2753	14
-3928	659	10805	549	-435	167
-2404	44	7948	386	-1634	-21
-1074	438	5749	388	-760	649
-926	1209	5323	499	403	1105
-1116	1330	4786	460	687	1929
-893	572	3621	484	274	2152
-322	-281	2271	500	-117	1918
-317	-607	1199	218	-673	1208
-564	-234	395	-674	-2108	257
-816	-68	22	-1756	-3415	-374
-1132	-216	51	-2184	-4814	-558
-1503	-1122	-325	-1465	-5618	-444
-4332	-302	-1259	121	-4851	-132
-2298	646	-2118	1699	-2096	2099
1146	-1775	-2002	986	4049	1268
1765	-3094	3097	938	10339	-1194
-8807	-1961	16017	1207	12418	-2632
-8738	2217	17423	46	-720	-3573
-4003	2562	7719	161	-5159	183
-1307	1426	3598	-377	-2483	275
-837	-181	3925	-851	640	-458
-1608	-1391	5308	-854	1572	-1335
-1539	-1469	5709	-502	1212	-1363
-943	-880	4817	55	3	-1108
-810	-396	3075	2	-1925	-913
-481	-3	1279	-163	-4169	-1212
-287	154	-85	267	-4795	-1216
-278	246	-480	346	-4221	-845
-953	331	-285	209	-3446	-400
-1877	523	-320	794	-4330	484
-3528	1560	-983	718	-5001	2105
-2267	853	-2668	910	-2181	4086
1098	-732	-1314	-259	5598	1382
2024	685	3541	-857	10868	-843
-4640	1621	11427	402	11977	-137
-10325	-694	20319	2	1914	3435
-4499	-2145	10514	4	-5406	2063
-1109	-1353	4177	207	-2561	921
-747	108	4868	327	694	-96
-1222	1333	5138	668	839	252
-331	326	3708	1100	823	918
-52	889	2382	859	1035	757
-15	269	1439	14	-80	966
-388	170	544	-630	-2229	958
-586	197	-47	-1278	-3428	1049
-1336	-67	40	-2252	-4476	631
-3023	-668	81	-3245	-6767	-438
-3543	-1984	-1792	-1085	-4911	-1875
-7219	-151	-665	582	-1848	-2336
2821	557	-1725	1973	1108	2422
2640	-2946	2610	1851	7811	1199
-2159	-2419	10555	1604	13405	-2124
-10226	1980	19541	157	3636	-5352
-5787	1704	10710	345	-4855	-403
-1476	208	4374	-65	-3596	-857
-563	70	3631	-652	-84	-1674
-1468	-462	4565	-923	1268	-2167
-1341	37	4862	-908	1076	-1955
-574	125	4226	-339	557	-951
-302	20	2959	445	-346	-473
-288	248	1658	366	-2470	-688
-650	434	479	-242	-4815	-610
-410	164	-440	62	-4997	33
-898	351	-392	570	-4181	701
-1917	-75	-320	615	-4540	1470
-3731	-593	-853	426	-5010	2475
-4838	358	-2270	1139	-2533	3324
-1333	-50	4064	424	57	-581
-1269	339	3819	576	-42	-289
-1223	581	3551	602	-127	-47
-1117	661	3292	510	-111	188
-983	576	3171	385	93	354
-912	319	3204	324	334	417
-936	88	3364	275	596	280
-1065	-27	3814	258	786	118
-1203	7	4286	190	660	-24
-1221	198	4619	92	226	-103
-1052	423	4516	61	-309	60
-841	503	4127	18	-577	329
-686	365	3765	-33	-450	535
-754	72	3714	-81	-104	525
-825	-138	3987	-84	268	331
-960	-106	4524	-35	297	190
-1058	-56	4722	35	-176	215
-890	-55	4401	10	-689	66
-662	87	3931	-97	-832	-156
-439	396	3595	-149	-540	-172
-791	537	3888	-84	-33	32
-1803	660	4084	33	-42	313
-1932	222	3838	251	858	529
-1985	51	4217	169	1204	209
-2265	-250	4160	165	525	478
-2504	-980	3392	179	-490	704
-2363	-1151	2564	253	-720	-92
-1789	46	2458	108	102	-1256
-1478	1323	3262	-43	1266	-1107
-1580	2001	4458	-236	1389	66
-1984	1193	4811	-611	950	1057
-1876	-49	4464	-1056	678	866
-1655	-714	4008	-1345	285	231
-1265	-720	3324	-1269	-175	-168
-939	-444	2629	-1073	-290	-158
-810	-11	2203	-797	68	38
-636	258	2215	-677	957	384
-849	111	2934	-690	1782	679
-1381	-315	3892	-741	1877	706
-1668	-737	4515	-770	1044	412
-1577	-837	4291	-659	36	156
-1265	-605	3679	-532	-283	136
-984	-334	3176	-475	-185	151
-759	-92	3073	-490	196	202
-794	-113	3624	-525	456	429
-967	-427	4191	-487	447	723
-1086	-523	4707	-498	546	711
-1081	-365	5425	-429	817	736
-1062	-347	6031	-359	956	782
-1028	-515	6425	-410	865	659
-1245	-805	6428	-478	313	412
-1384	-1095	5620	-466	-709	-82
-1289	-990	4000	-453	-1516	-178
-1602	-157	2304	-171	-1949	-232
-1715	248	582	156	-1420	649
-1539	-292	98	260	180	1252
-1517	-631	821	250	1067	511
-2488	-218	1825	80	762	-513
-2964	-15	2456	204	-83	-491
-2619	-504	2725	144	-119	-610
-2038	-302	3461	271	1802	-510
-2097	419	6223	1046	3471	189
-3626	944	9465	1528	2432	794
-3643	510	9834	1125	-102	456
-2311	286	8525	552	-989	37
-1422	668	6787	463	-998	598
-676	1322	5540	588	-122	1637
-699	1351	5020	493	575	2262
-652	700	4144	293	850	2195
-450	-478	2913	233	1251	1502
-680	-479	1809	532	212	663
-820	-73	882	-203	-2066	466
-1103	-88	171	-655	-4839	721
-1044	-9	-135	-1850	-6144	739
-1831	-476	-218	-2438	-7664	547
-4431	-1978	-1704	-779	-6798	755
-3531	-691	-1466	2058	-2739	1393
1922	-544	-2433	1671	820	194
1538	-1091	199	1111	8043	-630
-2902	-1521	5453	574	10955	-623
-9322	539	15859	455	10102	-3894
-8876	1834	19273	-281	1409	-1454
-4176	970	10156	-375	-5735	-1009
-1433	164	3906	-1004	-3921	-1389
-271	-1268	3241	-1204	-905	-2467
-170	-1382	3577	-859	846	-2544
-572	-1247	3527	-205	1221	-1904
-899	-341	2583	211	329	-1724
-636	176	1676	732	-1067	-1610
-721	506	788	1251	-2950	-1445
-1062	548	-170	986	-4603	-654
-1453	660	-452	603	-5359	283
-2143	850	-683	370	-5322	1369
-1546	886	-954	388	-4804	2274
-949	856	-1813	283	-3732	2139
-2094	1304	-3164	406	2296	1831
124	224	983	-671	9109	1191
-2579	-816	7774	-210	11597	-719
-8370	432	20103	843	8348	1906
-6599	-2077	17174	461	-4118	1233
-1600	-731	5451	765	-4871	617
-542	323	4649	590	-579	131
-464	1480	4926	543	286	72
99	567	3536	672	602	363
398	773	2071	434	1500	86
-201	543	1183	-212	577	136
-896	412	564	-1093	-1940	531
-1537	-58	227	-1317	-4367	1055
-2751	31	39	-2039	-7305	1155
-3077	-1368	-1703	-3234	-7702	553
-3268	-2184	-890	15	-3362	-618
-3630	-981	-1329	1091	-3950	-653
1069	223	-2500	2670	1119	734
2113	-2060	1139	1965	8071	-1282
-2140	466	7603	257	11883	-1201
-8116	1700	16355	743	8419	-4437
-7387	4046	16972	-587	1476	-1668
-3906	1418	9366	-779	-3489	507
-1541	-590	5025	-1406	-2392	-541
-537	-2191	4541	-1586	-423	-1747
-409	-1506	4409	-1094	102	-1657
-435	-816	3445	-743	-661	-870
-207	-162	1930	-180	-2392	-858
52	46	584	870	-4048	-1035
-239	34	-260	1896	-5233	-1069
-495	458	-460	1920	-4720	-814
-1144	1169	-724	752	-4023	-72
-3577	834	-459	-322	-3062	1239
-3621	557	-902	466	-4438	2432
-2818	-130	-1725	752	-2678	2670
-1241	-306	3311	-93	1343	470
-1451	-483	3914	-147	1031	284
-1485	-553	4135	-249	359	-95
-1192	-436	3975	-204	-185	-234
-934	-309	3716	-116	-262	-228
-852	-98	3596	-21	-111	-106
-778	-79	3658	54	93	98
-814	-138	3918	54	250	176
-954	-343	4187	14	145	102
-1050	-527	4350	-31	-37	-75
-1058	-476	4507	-51	-194	-64
-929	-402	4573	-10	-90	235
-889	-400	4676	-57	35	359
-870	-268	4839	-275	38	147
-1396	-4	4921	-477	-527	205
-1730	-404	4111	-572	-526	311
-1544	-745	3768	-754	-108	-9
-1745	-638	3079	-811	212	-366
-2071	296	2880	-784	670	-389
-2453	1099	3053	-497	568	753
-2593	711	3637	-156	684	1748
-2257	-124	4548	-77	734	1676
-2085	-858	5113	-76	80	1040
-1825	-1228	4547	97	-558	361
-1415	-1008	3740	292	-305	-61
-1100	-384	3183	534	51	-277
-952	82	2730	865	225	-62
-880	496	2426	907	237	313
-707	440	2216	852	234	763
-692	181	2092	614	624	734
-909	31	2378	377	1391	266
-1314	153	3187	178	1873	-237
-1739	376	4204	180	1574	-307
-1933	388	4969	242	766	-12
-1696	208	5130	352	-113	116
-1270	37	4646	399	-798	-11
-860	-9	3941	404	-1010	-119
-529	150	3545	377	-618	-74
-433	338	3719	311	400	-51
-478	551	4605	245	1155	-104
-812	753	5368	344	995	76
-1034	805	5108	410	-10	400
-893	622	4026	267	-759	332
-1222	415	2678	135	-1333	225
-1381	118	1032	157	-874	392
-1284	-184	400	85	597	143
-1890	-748	1422	-165	1824	-82
-2648	-604	3169	-289	1737	-579
-2726	-461	4686	-21	1185	-97
-2472	-373	5622	442	1107	601
-2432	-247	6154	157	1314	-37
-3003	258	6874	-436	1448	-736
-3309	570	7563	-804	479	-726
-2631	286	6869	-927	-395	-52
-1759	-235	6048	-1004	-67	-473
-1411	-692	5845	-962	558	-949
-1310	-1236	5912	-780	633	-1023
-1089	-1232	5335	-487	227	-1127
-961	-841	4215	-210	-376	-1367
-1009	-68	2956	86	-1154	-1473
-712	390	1683	344	-2174	-1318
-383	412	426	468	-3147	-1077
-566	480	-383	489	-3657	-262
-837	549	-364	261	-3634	493
-1107	446	-308	271	-4558	1237
-1116	619	-882	262	-5396	2167
-3588	-356	-2748	1353	-3632	2694
-2186	-866	-3442	294	5756	-16
1359	-461	3266	-701	11184	-665
-4650	1403	13587	816	12313	-2163
-10404	1904	20491	304	-93	1461
-3990	-1333	8680	116	-6671	1262
-527	-1667	2926	197	-3001	569
-443	-1072	4109	431	1284	-24
-1460	618	5738	715	2095	-209
-1183	2052	5894	930	1097	506
-256	1164	4551	778	-79	1965
-108	155	2671	578	-842	2107
-307	-22	1416	261	-2070	1787
-581	203	250	-880	-3403	1399
-825	28	-134	-2032	-4006	911
-1245	-203	-23	-2722	-4911	41
-2085	-873	-411	-1939	-5430	-1212
-5440	-1296	-1271	-242	-4428	-3403
-2321	169	-1601	1783	-2349	-2105
2002	-615	-1807	934	3848	2488
1728	-3183	3264	1329	10464	-622
-6106	-2522	13269	1129	12528	-2753
-9456	2757	19797	317	1506	-3442
-3700	1910	9045	215	-5208	110
-977	948	4058	-571	-3006	-854
-828	-28	3864	-1202	-107	-1208
-1350	-887	4641	-1237	1039	-2019
-1143	-613	5015	-891	719	-1525
-670	-551	4048	-281	-200	-441
-426	-483	2476	49	-1896	-185
-699	82	968	157	-3617	-447
-418	190	-261	648	-4744	-225
-462	328	-348	871	-4358	149
-1063	706	-385	138	-4327	375
-3710	803	-720	-458	-4436	1189
-5474	-305	-2221	662	-2390	2079
2024	-747	-1400	-9	3580	2351
2360	-180	2964	-762	8795	-1659
-2669	778	7430	-14	10795	-1900
-10953	843	18587	216	7536	2733
-5350	-1660	12500	344	-2889	2127
-2016	-1545	5719	712	-2986	893
-889	-339	4717	716	95	-326
-1208	1100	5370	773	807	-329
-851	1134	4544	708	241	654
-71	174	3142	876	329	1105
21	202	1964	1106	-267	655
-10	325	990	-75	-1665	437
-166	248	145	-618	-2706	294
-558	129	-39	-1389	-2969	225
-1150	-125	93	-2114	-3951	-278
-2604	-1047	-185	-1906	-5451	-1323
-6854	-972	-1610	252	-3240	-3549
-2620	126	-1116	1866	-624	-1993
2470	-854	-211	1468	5589	3543
2745	-3733	5810	2391	10846	-260
-11398	-566	20184	38	8441	-5037
-6528	3425	14211	-542	-4219	-2371
-2437	1612	4952	-366	-5618	929
265	258	2620	-705	-1621	-306
-333	-327	3836	-998	1183	-650
-1523	-1191	5135	-852	1789	-1266
-1601	-832	5659	-648	1071	-1521
-1027	-692	4819	-515	-653	-533
-951	-329	4058	-110	206	170
-880	-185	3954	-114	158	193
-808	-56	3975	-115	146	370
-789	-120	3979	-84	139	547
-878	-397	4060	-57	150	466
-882	-610	4250	-26	120	280
-804	-681	4360	-40	70	198
-647	-542	4399	-119	29	212
-683	-187	4483	-244	-55	354
-1251	234	4614	-311	-307	633
-2012	-231	4299	-297	-431	826
-2061	-400	4037	-553	200	268
-2045	-62	3938	-692	294	-10
-1954	458	3665	-691	145	-84
-1973	940	3459	-407	6	357
-1956	766	3652	-129	170	797
-1775	146	4232	-26	251	804
-1560	-309	4413	116	19	583
-1455	-435	4158	223	-150	248
-1358	-213	3789	330	-120	-84
-1230	245	3606	433	-56	-184
-1153	537	3402	493	-217	42
-958	547	2934	475	-365	285
-685	299	2565	405	-139	361
-612	108	2586	303	430	226
-811	38	3153	233	948	31
-1013	84	3758	201	993	-86
-1173	268	4297	171	756	-118
-1089	463	4430	123	258	-71
-942	476	4150	117	-133	24
-844	372	3758	103	-297	10
-702	333	3397	80	-111	-36
-603	342	3537	85	219	-3
-610	430	3930	88	425	52
-693	555	4405	38	574	66
-888	507	4801	34	461	115
-798	358	4950	70	150	92
-556	382	4761	146	-2	10
-451	532	4471	251	-32	39
-614	593	4110	251	-37	-21
-1040	697	3582	196	-288	69
-1058	687	2581	133	15	372
-1294	591	1846	46	770	626
-1434	433	1869	131	977	829
-1721	86	2453	-34	613	879
-2180	-159	3054	-289	388	526
-2128	-229	3695	-232	411	506
-1670	-327	4390	-62	491	512
-1502	-228	4904	-149	883	133
-1887	-82	5991	-353	1254	-280
-2350	193	6810	-515	665	-511
-2050	117	6556	-581	62	-280
-1498	-182	6271	-803	126	-484
-1297	-32	5932	-975	459	-722
-1452	3	5820	-942	777	-486
-1526	-442	5907	-776	713	-509
-1190	-672	5713	-529	405	-841
-948	-510	5229	-283	-190	-766
-724	-525	4182	63	-1278	-870
-548	-146	2634	284	-2259	-675
-333	186	1115	-17	-3145	-349
-651	558	57	29	-3425	430
-1005	565	-347	-28	-3169	833
-1707	415	-290	-211	-3724	690
-2206	429	-735	-235	-4631	405
-1692	-233	-2334	428	-3307	1031
-521	-565	-2626	465	3598	1156
534	-651	2432	-28	7700	-1457
-1999	1140	10676	296	6515	-2228
-4559	2829	11982	1052	1375	1518
-3997	-40	10693	428	62	2505
-1959	-114	8345	89	-1083	471
-1360	-429	7130	290	-385	189
-1073	896	7076	523	208	285
-778	1454	6294	328	-125	722
-219	899	4497	-350	-371	932
-89	290	2854	-346	-521	1076
-128	-155	1596	2	-435	1132
-299	-286	922	68	-490	1250
-595	-235	541	-902	-1578	1041
-973	-233	180	-1761	-3056	462
-1134	-413	-191	-2266	-4527	-270
-2611	-1482	-884	-1144	-3865	-777
-4450	-960	-1506	846	-1873	-941
449	410	-1853	1590	2281	1000
467	-3063	2744	987	8185	-701
-2784	-1101	11800	999	9970	-2376
-8357	768	17957	463	2095	-4177
-4155	2702	10012	172	-4244	-1381
-1032	1174	4968	-411	-2755	-277
-655	114	4715	-844	-380	-709
-1073	-907	5375	-1071	456	-1329
-1480	-806	5381	-964	218	-1465
-1065	-398	4496	-597	-598	-679
-350	-319	3256	104	-1371	-475
-343	-149	1918	129	-3055	-880
-562	334	659	433	-4356	-1078
-589	314	-169	489	-5607	-446
-782	420	-523	449	-5605	307
-1617	759	-704	19	-5177	1261
-3183	637	-1037	168	-4830	2704
-3676	66	-1990	573	-3289	3779
2340	-304	-3676	-150	4657	1638
4890	-1397	4924	-770	15511	-503
-8543	829	18828	-465	12762	-1855
-7747	665	18766	237	-1800	2153
-2978	-1541	7952	887	-13138	2072
1968	-2094	173	650	-6428	1006
2401	-1059	1516	805	1517	-308
207	474	3931	757	4640	-681
-663	734	4751	844	5239	-301
-723	628	4759	714	4780	-99
-533	338	4197	-194	2588	-534
-1084	514	2962	-291	-226	-230
-1821	62	1436	-585	-3770	181
-1534	-135	117	-527	-7528	41
-1537	-190	-194	-405	-9872	111
-2154	-1	-2905	-1650	-7723	-273
-5296	-1694	-1199	503	2715	-814
2346	92	-695	1540	586	243
2995	-2288	2591	1635	9466	951
-2276	-1770	13389	1533	9278	-621
-5772	145	15491	-805	2138	-4362
-3281	2815	10275	-733	-4389	-2854
-274	1751	4707	-538	-3971	506
927	-179	4344	-783	179	214
-393	-693	5771	-913	1423	-532
-964	-1102	5846	-1303	777	-856
-1011	-1095	5149	-1221	-100	-534
-537	-874	3915	-568	-970	37
-992	-452	3833	-143	-80	419
-943	-479	3813	-133	-68	318
-900	-432	3799	-132	-15	233
-878	-412	3863	-130	65	204
-924	-410	4003	-90	52	214
-953	-417	4050	-42	-11	200
-943	-341	4106	-9	-72	213
-879	-299	4114	20	-74	271
-885	-269	4235	63	-53	397
-1004	-404	4317	44	-55	467
-1135	-641	4329	-74	206	334
-1176	-811	4592	-189	498	67
-1205	-724	4718	-215	199	-285
-1298	-398	4329	-147	-316	-348
-1245	-108	3589	-35	-541	-41
-1255	94	2934	19	-249	324
-1488	260	2496	-32	233	761
-1632	91	2358	-64	754	1007
-1712	-246	2879	-8	1073	841
-1819	-386	3756	121	892	332
-1670	-307	4476	186	543	-268
-1438	-293	4876	185	144	-670
-1304	-133	4881	310	-348	-713
-1068	83	4190	456	-542	-334
-719	216	3527	532	-239	-73
-629	363	3144	554	231	182
-721	257	2909	483	686	438
-885	55	3000	390	1097	533
-1021	-170	3412	390	1284	411
-1061	-309	3876	441	1202	214
-1100	-119	4221	437	901	-3
-1050	296	4461	395	482	44
-900	546	4494	368	24	350
-726	431	4183	342	-287	485
-474	-25	3698	311	-218	237
-541	-362	3461	365	119	-184
-779	-430	3589	447	424	-477
-853	-124	3940	416	648	-385
-935	209	4686	374	1105	-219
-932	587	5579	405	1087	-200
-1065	982	5876	478	204	-108
-929	1087	4789	438	-953	35
-707	599	3205	354	-1038	172
-990	9	1991	317	-743	136
-1191	-267	854	201	-248	134
-1391	-684	371	-28	645	195
-1854	-1261	1130	-373	1439	-781
-2183	-364	2251	-590	1818	-1695
-2005	349	3569	-16	2527	-514
-2646	448	5352	423	2701	690
-2655	192	6274	88	2224	501
-2750	-203	7479	-672	2327	-578
-3222	-571	8927	-1019	1487	-985
-2589	-807	9167	-1113	459	-700
-2014	-498	8615	-1224	-8	-878
-1927	-198	7604	-1312	-394	-931
-1494	54	6622	-1153	-707	-1081
-624	-149	5677	-668	-627	-537
-418	-375	4438	-165	-803	-91
-577	-122	2866	120	-1136	321
-723	-80	1857	435	-1601	384
-769	-113	998	516	-3273	130
-991	-92	84	129	-4755	27
-1665	227	-361	-136	-5827	143
-1200	61	-618	219	-6303	692
-810	21	-807	614	-6338	1381
-1719	605	-1413	200	-5752	2076
-3708	-1622	-4520	-71	-1726	253
456	45	-2144	-1022	6423	-1095
-1324	366	2968	-1466	10705	-964
-4544	641	9223	759	9992	-957
-6658	1245	18162	1590	7866	2016
-5843	-1843	15043	84	-2394	625
-2761	-1839	6127	970	-3676	226
-1357	-594	4395	1179	-813	-974
-701	855	5583	1095	748	-378
-363	1115	5669	889	739	333
272	42	4326	919	753	604
336	524	2806	783	928	160
-174	502	1649	1446	666	145
-424	695	982	328	-1149	530
-521	267	375	-552	-2663	724
-1086	148	79	-1428	-3754	761
-1970	6	37	-2527	-5715	369
-3356	-784	-721	-3233	-8076	-441
-6468	-2427	-1954	543	-1887	-2048
1869	-128	-1622	1727	-191	-174
2510	-2408	1654	1337	7314	32
-2781	-849	8865	1739	11362	-1462
-9112	2282	17560	1014	6266	-4372
-6035	3269	13898	-145	-1901	-697
-2592	893	6890	-365	-3993	837
-948	-494	4300	-900	-2065	-299
-760	-1417	4427	-1135	-197	-1837
-814	-1017	4443	-985	-395	-1654
-295	-514	3259	-738	-1440	-809
-75	-93	1783	-110	-2761	-377
4	0	541	562	-4361	-594
-526	239	-262	987	-5016	-612
-976	745	-620	853	-4895	-207
-1898	1124	-683	131	-3933	857
-3305	650	-669	2	-4505	2334
-4063	202	-1317	687	-4208	3673
920	-999	-2976	370	422	3157
2123	-136	2098	-1087	9390	-678
-33	36	7560	-794	10688	-1020
-6350	623	13246	546	6632	976
-5634	-895	16566	1029	2487	1826
-2153	-1330	9190	548	-3133	924
-1175	-258	5724	730	-1256	-124
-1147	993	5567	727	-516	-638
-207	1285	4585	618	-545	-118
326	879	3457	551	-485	270
434	395	2107	475	-925	414
-163	193	993	178	-1310	396
-753	149	253	-606	-3055	504
-1375	243	27	-1690	-4593	580
-2814	-442	-609	-2584	-6080	375
-4812	-2348	-1204	-810	-3830	-640
-3123	-1102	-1339	733	-3457	-776
2031	-365	-2664	1405	835	325
1152	-2316	2899	1540	8240	-1268
-1052	415	9465	1255	7884	-732
-4318	1588	12925	-218	6063	-2431
-3735	3839	11770	-490	1994	-1785
-2980	1567	10436	-729	-329	260
-1809	-180	7499	-1063	-1205	-137
-1261	-1808	6427	-1189	-924	-1164
-636	-2211	5022	-884	-1037	-919
-310	-1515	3490	-424	-1264	-537
-881	-318	3706	-88	52	61
-881	-318	3706	-88	52	61
-881	-318	3706	-88	52	61
-868	-331	3794	-37	82	-12
-786	-313	3855	-19	82	-59
-806	-280	3901	-56	25	-122
-851	-257	3824	-118	-81	-184
-872	-332	3721	-168	-100	-245
-914	-387	3683	-177	119	-276
-1050	-431	3786	-155	464	-167
-1158	-420	4287	-127	633	-24
-1296	-376	4805	-97	365	161
-1437	-601	4985	-145	92	156
-1428	-937	4911	-342	316	-344
-1223	-738	4974	-458	228	-692
-1170	-201	4491	-329	-523	-549
-1278	209	3294	-169	-840	49
-1372	405	2336	14	-188	447
-1551	336	2155	70	812	1100
-1736	-58	2687	2	1561	1495
-1966	-587	3628	9	1733	1120
-2148	-686	4554	27	1124	81
-1971	-317	4940	69	171	-671
-1777	-90	4790	234	-517	-626
-1341	191	3970	438	-669	-151
-919	363	3286	599	-372	380
-690	409	2913	605	-40	666
-762	271	2764	482	359	786
-892	68	2856	314	698	644
-1024	-67	3164	222	888	329
-1175	-10	3517	235	870	158
-1318	242	3839	242	748	72
-1402	489	4059	215	604	264
-1367	406	4147	212	492	401
-1276	167	4011	299	309	319
-1001	-113	3853	330	236	63
-767	-140	3981	276	430	-189
-818	-14	4473	238	609	-302
-828	134	4986	154	737	-297
-803	327	5521	109	675	-319
-910	543	5620	156	209	-216
-845	489	4851	125	-303	-2
-432	141	3750	-45	-381	-150
-468	6	2805	-159	-190	-401
-1301	117	1754	-87	-373	-481
-1996	216	510	-228	-850	-371
-1947	434	-414	-293	-17	-369
-1612	104	626	-590	1823	-239
-1923	-87	3354	-731	1930	442
-2025	-943	5298	183	1232	1823
-2217	-1611	6343	736	1741	1153
-2664	-402	8231	-124	2983	-617
-4583	676	10346	-1000	1402	-1213
-3534	1066	8686	-1152	-832	-115
-2248	96	6538	-1275	-1126	222
-1242	-1194	5180	-1307	-273	-638
-995	-1817	5208	-1011	326	-1411
-880	-1299	4694	-575	-30	-1515
-654	-511	3388	-212	-871	-1105
-654	458	2082	134	-1483	-633
-257	751	964	431	-2169	-82
-380	858	60	421	-3066	184
-653	808	-675	217	-3387	686
-722	102	-607	63	-2792	1235
-1024	-414	-537	-39	-2849	1355
-2559	-1077	-896	581	-2488	1445
-2523	-872	-2463	976	1283	1152
-494	-144	1973	-61	5461	-481
-1421	1979	9498	150	6537	-1332
-5723	2388	12424	218	1307	626
-5259	-305	10334	-65	-652	2599
-2946	-1387	7704	-111	-1317	581
-2038	-1310	6363	223	-2	710
-1848	83	7066	596	565	786
-1564	1104	7031	701	-155	1113
-781	1243	5203	517	-1252	1450
-79	609	3004	670	-2027	1794
328	93	1137	520	-2206	1776
-96	-175	137	-116	-2148	1526
-320	-23	-191	-710	-2356	1252
-650	7	-223	-1290	-2099	895
-1342	-413	-22	-1879	-2938	74
-1878	-631	-245	-1762	-4069	-687
-4058	-1255	-1096	-1056	-3590	-1055
-453	-87	-2383	2054	-514	1131
759	-2171	140	1119	6409	-185
343	-2022	6337	1032	10514	-1850
-9379	-1772	17960	948	7758	-3494
-7160	2647	14879	497	-1928	-2520
-2651	1612	6757	51	-3629	-535
-1294	1075	4396	-546	-1184	-959
-1595	-280	4890	-867	387	-1247
-1417	-525	5189	-1020	402	-1684
-835	-229	4617	-718	-154	-817
-168	-332	3213	-275	-989	-319
-134	-308	1789	42	-2619	-603
-279	87	467	344	-4561	-850
-327	226	-376	499	-5369	-463
-446	345	-536	603	-4511	-66
-879	584	-642	-81	-3439	521
-3234	-603	-288	348	-3922	1670
-5290	-24	-1831	1302	-3842	3287
991	-396	-3257	1053	2661	3054
3799	-626	2786	-1134	10600	-1313
-3401	1874	8442	-1413	12996	-2136
-8881	2601	19762	1340	7959	2879
-5815	-1510	13876	377	-4736	2332
-1354	-2194	5086	709	-4540	1380
-260	-1122	3286	714	-764	-128
-747	427	4285	692	1334	-636
-740	838	4441	1540	1162	-598
70	674	3771	1198	1047	-359
-24	1146	2721	832	679	-44
-322	1006	1643	151	-1083	187
-520	625	398	-857	-3551	551
-589	224	-82	-1766	-4234	789
-951	-270	-213	-2399	-4786	607
-3857	-1125	-779	-1701	-4547	-54
-8193	-1899	-1575	154	-1847	-2376
1749	684	-1693	2013	1436	1034
2003	-2642	3777	1967	7469	790
-1828	-1239	11516	1860	10444	-1732
-8565	2330	17730	85	1703	-5250
-3597	2680	8548	-385	-4087	-611
-867	405	4570	-555	-2264	225
-388	-258	4183	-725	219	-555
-1211	-1128	5173	-912	1207	-1407
-1755	-811	5674	-876	739	-1872
-1133	-403	4921	-454	-446	-894
-364	-376	3481	106	-1686	-272
-944	407	4272	-32	16	283
-902	393	4065	-106	-249	309
-867	315	3734	-178	-350	259
-867	190	3694	-264	-330	144
-860	149	3877	-231	-325	84
-1260	299	4111	-154	-296	217
-1843	380	3745	82	-218	410
-1764	393	3661	110	544	170
-1947	486	4151	196	268	379
-2268	214	4228	102	-556	676
-1910	-104	3691	-190	-468	271
-1467	1	3652	-355	85	-187
-1451	251	3631	-354	126	-88
-1515	383	3450	-400	111	200
-1352	296	3499	-503	254	511
-1363	167	3723	-624	504	809
-1392	-241	3891	-745	679	852
-1389	-545	3922	-828	595	471
-1358	-531	3728	-800	299	143
-1288	-452	3313	-680	100	-7
-1208	-571	3021	-515	217	-89
-1084	-703	2966	-362	564	-232
-1081	-693	3211	-236	968	-423
-1252	-458	3645	-193	1112	-568
-1362	-259	3990	-199	909	-666
-1211	-67	4193	-213	559	-714
-1055	58	4171	-232	225	-601
-867	89	3902	-258	111	-385
-680	-103	3687	-299	216	-231
-655	-358	3641	-269	659	-254
-928	-595	3966	-237	905	-378
-1118	-873	4214	-248	812	-604
-1295	-832	4308	-317	713	-926
-1457	-497	4509	-326	687	-883
-1442	-499	4920	-219	634	-653
-1467	-294	5357	-118	611	-395
-1349	-101	5664	-69	338	81
-1196	-207	5231	-187	-432	547
-818	-520	4195	-159	-909	641
-1046	-340	3011	-276	-1290	649
-1164	24	1575	-319	-1303	649
-1354	117	610	-238	-686	782
-1355	-250	583	48	130	765
-1456	-617	1273	368	613	379
-1659	-404	2465	476	444	-96
-2176	-392	3333	358	-142	-520
-1934	-288	3297	-78	211	-970
-1746	-37	4115	-66	1407	-901
-2320	190	5006	481	1901	-633
-2598	320	5962	864	1764	-197
-2403	-4	6811	856	1165	-98
-1904	-191	7685	818	1217	-235
-1732	451	8907	735	1643	-46
-2057	915	9535	681	1071	445
-1726	1343	8446	434	-67	704
-966	1646	6381	151	-438	1363
-592	888	4349	-242	-210	2042
-235	298	2566	-674	124	1602
-225	-235	1431	-631	31	1199
-617	-201	671	-669	-1432	1182
-889	-68	15	-673	-3448	1181
-1000	-89	-100	-1593	-4475	923
-1695	-486	-155	-2158	-5900	523
-4462	-1974	-1564	-818	-6067	295
-1577	-1137	-2759	1293	-2303	570
308	-179	-2197	970	3285	282
-736	-559	1274	1411	8413	154
-3258	228	5253	793	9921	380
-6791	839	13459	-469	9944	-689
-8183	2118	19732	-1185	2769	-529
-4434	115	12097	-1094	-5811	1044
-1480	-1224	4667	-1745	-4597	-778
-152	-2210	3770	-1773	-1327	-1923
-668	-2247	4226	-1068	227	-2076
-790	-1357	3894	66	699	-1726
-1034	-281	3055	322	-120	-1470
-724	60	2024	825	-2230	-1901
-1003	922	880	1123	-4685	-1944
-1056	1007	-542	792	-6612	-405
-1595	1146	-959	658	-6223	1533
-1893	1186	-1060	719	-5106	2881
-1545	1222	-1142	470	-5016	3156
-1454	1095	-2375	729	-3226	1757
-2574	-1310	-3307	-97	2987	995
-1171	-1943	832	-1054	8895	-81
-2689	-1944	6846	-46	11136	-1055
-6789	1264	16604	2187	11064	1485
-10175	364	22520	713	-911	-469
-2637	794	7399	922	-6813	643
-253	1079	3989	469	-1514	351
22	1697	4969	242	40	1212
180	896	3458	232	521	2175
28	184	1871	1186	607	2397
118	-113	934	1025	-1320	1945
-399	23	231	410	-3417	1645
-629	15	-87	-483	-4780	1490
-1595	-50	-3	-1684	-6061	1046
-4547	-497	-38	-3909	-9713	-312
-2942	-2430	-1858	-2951	-7430	-1930
-1248	-637	-1009	-412	-3140	-2172
-344	582	-1806	1116	-1869	622
-340	-118	-2349	2258	4892	2394
-414	-3118	1437	2135	11854	-1241
-7482	-1904	8273	-907	15626	-1696
-9046	4508	20882	2493	12298	-4468
-8830	3378	18248	-78	-2526	-964
-3612	1571	7021	-165	-6217	551
-683	3	3658	-942	-2105	-719
-553	-1086	4948	-1021	219	-1832
-777	-925	4960	-867	-61	-1435
-665	-671	3953	-905	-1317	-893
-254	-407	2225	-664	-3518	-796
183	22	600	895	-4805	-611
-131	120	-168	1798	-5901	-309
-469	377	-518	1920	-5798	-113
-1103	1034	-711	741	-4936	296
-3655	679	-510	70	-4551	1318
-3929	51	-1068	863	-5591	2345
-4483	-585	-1831	790	-3691	2759
2182	-147	-4053	-135	3329	473
3958	-107	2138	-2061	14225	-1763
-8478	502	17503	-1000	15850	-2150
-9904	603	21899	126	2090	2238
-3969	-840	9731	548	-12886	1900
1973	-835	89	1134	-5144	1445
1741	95	3368	228	3688	19
-715	519	5880	201	5244	-408
-1001	845	5183	431	5002	46
-390	315	4237	251	3416	639
-363	235	3046	-44	683	1094
-1840	813	5189	166	-380	-108
-1639	326	4618	-83	-1103	171
-1267	-349	3721	-398	-1096	-284
-909	-557	3031	-615	-582	-856
-765	-428	2711	-668	-27	-1147
-793	-94	2648	-486	513	-1052
-988	120	2959	-308	909	-729
-1275	307	3528	-226	949	-266
-1437	240	3960	-258	747	114
-1449	-12	4219	-351	463	269
-1390	-232	4283	-403	44	264
-1219	-376	4001	-398	-368	183
-1021	-423	3670	-345	-467	165
-854	-322	3506	-242	-289	230
-777	-220	3525	-184	-63	265
-676	-89	3581	-192	128	292
-802	-205	3813	-211	394	401
-1015	-445	4205	-199	432	281
-1237	-500	4526	-119	247	270
-1157	-563	4501	-41	46	326
-963	-559	4330	-82	82	225
-813	-497	4288	-196	256	50
-884	-300	4552	-296	309	-90
-1105	-10	4760	-414	-124	14
-1157	-152	4331	-478	-222	184
-1215	-598	4063	-628	185	46
-1407	-662	3815	-671	162	-189
-1638	52	3123	-720	207	198
-1892	704	2737	-571	107	697
-2154	928	2382	-322	194	1458
-2166	387	2681	-220	768	2138
-1983	-656	3688	-196	1169	1864
-1878	-1214	4618	-171	819	687
-1802	-1064	4815	-71	52	-364
-1700	-524	4305	162	-275	-462
-1245	115	3803	387	-137	-115
-942	668	3379	566	-147	489
-632	650	2788	567	-53	1126
-539	220	2487	402	471	1181
-615	-78	2615	212	1143	814
-900	-295	3071	176	1479	359
-1256	-321	3618	160	1392	189
-1285	-34	4143	281	961	146
-1233	273	4451	308	390	317
-1048	388	4267	270	-112	550
-871	12	4010	284	-219	449
-966	-331	4124	304	-141	-280
-399	1620	5899	676	-356	-463
-399	1620	5899	676	-356	-463
-399	1620	5899	676	-356	-463
-399	1620	5899	676	-356	-463
-399	1620	5899	676	-356	-463
-661	1670	4556	568	-777	75
-1155	1368	2850	370	-1034	373
-1373	879	1191	254	-754	796
-1604	419	269	213	282	1072
-2227	-493	407	-41	1204	1025
-2749	-868	1538	-423	1389	627
-2537	-963	2752	-354	971	205
-2059	-1021	3703	124	583	315
-1733	-613	4017	663	1248	625
-2001	-124	5167	161	2237	143
-2508	218	7302	-637	2733	-548
-3403	30	9890	-1122	1848	-741
-3261	-368	10275	-1095	-354	-407
-1940	-295	7324	-1097	-1836	-1026
-790	-412	5231	-1151	-1164	-1046
-406	-624	4446	-965	-208	-1073
-483	-630	3999	-754	486	-668
-344	-476	3585	-197	936	-482
-744	-315	3138	308	479	-872
-844	-42	2216	848	-1360	-1203
-1032	320	782	577	-4025	-308
-540	137	-305	498	-4938	766
-1177	26	-224	404	-4832	1103
-2529	-84	-330	96	-5988	976
-4076	-480	-1196	-135	-5628	751
-3799	-462	-1822	368	-2915	645
1770	-118	-1733	63	2121	1531
873	316	2339	-895	6908	-2251
-2961	1732	6441	-135	8868	-1711
-4293	1057	9753	1105	7533	2864
-7570	-1942	17224	314	3129	1678
-4282	-1111	11236	773	-1987	1191
-2404	216	7481	791	-2068	262
-1111	1402	6028	806	-1251	971
-183	917	4790	783	-790	1579
150	-3	3415	841	-380	1851
93	491	2053	577	-293	1654
-219	49	950	488	-470	1699
-649	69	310	-321	-1914	1614
-629	16	-90	-1302	-3172	1343
-1121	-152	-73	-2088	-4089	774
-1793	-831	-239	-2455	-5502	-275
-2757	-1537	-819	-1229	-4615	-1429
-5258	-969	-1407	291	-2584	-1296
614	432	-2215	1847	2650	1775
1431	-2834	2077	1451	9348	-1918
-3588	-1220	9871	598	11952	-1802
-9855	1557	20384	965	4554	-4741
-5018	2587	11608	478	-3831	-1308
-1867	896	5227	-115	-3691	-974
-1105	-88	3953	-793	-1001	-1711
-1257	-953	4638	-898	227	-2695
-1115	-614	4529	-769	-15	-2041
-702	-409	3713	-440	-669	-865
-337	-413	2440	-32	-2178	-806
-294	452	1126	630	-3616	-971
-479	433	0	988	-5132	-622
-576	428	-507	1252	-5307	-16
-1293	812	-569	514	-4758	416
-3592	1042	-592	-299	-5296	1279
-6240	22	-1642	908	-4688	2639
1494	-579	-3502	638	1254	2722
4284	-353	1696	-898	9674	-1305
-2274	1944	7151	-1064	13285	-1661
-5663	1758	16373	1701	11409	2317
-7752	-1304	18354	168	-1842	1815
-302	1120	3750	1184	567	-143
-302	1120	3750	1184	567	-143
-302	1120	3750	1184	567	-143
-302	1120	3750	1184	567	-143
299	134	2526	844	294	334
-73	250	1515	657	-631	597
-145	279	615	12	-2673	975
-472	284	-64	-685	-3556	933
-1062	59	-61	-1765	-4086	701
-1992	-559	-315	-2359	-4609	-312
-3905	-1824	-771	-784	-3621	-2572
-6515	-1017	-1061	-52	-2592	-4534
-915	-425	3813	-181	171	566
-1058	-292	3879	-122	232	551
-1141	-205	4020	-86	287	720
-1115	-301	4299	-67	322	775
-1158	-461	4548	-34	247	747
-1135	-582	4672	-17	23	603
-1045	-548	4739	-61	-161	461
-1117	-424	4705	-190	-424	342
-1128	-358	4315	-361	-528	274
-1108	-585	3913	-511	-125	53
-1232	-666	3903	-432	86	-84
-1433	-540	3906	-252	25	-121
-1805	137	3591	-151	-118	-103
-2124	859	3079	-278	-372	599
-2104	946	2716	-156	-209	1303
-2049	365	3071	-119	289	1650
-2002	-380	4019	-78	515	1246
-1855	-937	4732	-81	53	251
-1704	-989	4864	46	-490	-549
-1627	-656	4595	313	-707	-794
-1502	-115	4131	546	-775	-649
-1196	339	3482	692	-836	-276
-893	488	2866	705	-633	10
-794	450	2475	592	-219	43
-816	297	2357	458	260	-23
-861	160	2520	347	874	-218
-1064	-11	3032	322	1314	-369
-1365	28	3655	363	1314	-509
-1448	164	4075	394	922	-470
-1308	227	4215	394	426	-401
-1101	292	4216	344	-13	-403
-957	262	3972	230	-189	-476
-815	214	3803	133	-217	-632
-667	253	3612	86	-110	-513
-639	316	3656	107	366	-257
-765	335	4128	191	686	19
-832	254	4605	267	650	145
-831	189	4889	323	464	184
-800	74	4989	283	210	18
-710	218	4704	208	18	-282
-920	560	4337	109	-238	-460
-818	800	3495	228	-267	-40
-711	764	2831	333	670	339
-1047	620	2695	282	1135	549
-1427	311	2255	77	1014	915
-2111	-487	2051	236	88	1174
-2192	-759	1672	-6	-954	509
-1734	-697	1504	-448	138	-1182
-1478	327	2799	-181	2120	-898
-1802	501	5237	175	2675	438
-2470	-196	6774	264	1985	907
-2890	-534	7907	-250	1822	-48
-3283	-674	8825	-700	805	-765
-2574	-520	7721	-818	-259	-793
-1712	-436	5994	-958	-119	-1128
-1610	-227	5404	-996	651	-1588
-1653	-312	5526	-896	958	-1684
-1445	-666	5382	-577	616	-1705
-1311	-489	4518	-401	12	-1153
-1076	-292	3425	-40	-504	-793
-815	64	2131	434	-1484	-910
-648	434	861	801	-2709	-876
-652	541	-122	738	-3821	-109
-520	456	-417	278	-3804	549
-1062	24	-240	-227	-3717	911
-1505	-141	-283	-439	-4695	1024
-2721	-407	-999	286	-5172	1048
-2063	-554	-4451	1493	-61	581
1217	-284	-381	227	7610	-906
508	1112	6093	161	11234	-1760
-9536	3160	19592	296	8253	170
-6728	457	14968	39	-3061	2444
-2663	-731	6101	68	-4611	1116
-677	-991	3661	289	-879	1119
-1241	28	4976	424	1386	573
-1624	1013	5628	565	1333	895
-1052	698	5040	734	657	1452
-401	28	3590	940	230	1257
-317	476	2346	198	-400	988
-412	-40	1357	-65	-1310	1292
-710	81	311	-734	-2434	1354
-779	-37	-60	-1902	-3100	850
-959	-237	-22	-2478	-4117	186
-1521	-476	20	-2545	-5645	-655
-4644	-667	-1396	-346	-5635	-1688
-3423	447	-1295	1619	-1721	-676
2237	-502	-1566	1356	4149	2981
2698	-3201	3899	1083	10675	-152
-8771	-1590	17194	677	12672	-2390
-8712	1712	17467	33	-1381	-3194
-4103	1530	7298	215	-5588	-210
-948	861	3349	-255	-2886	-812
-173	32	3213	-806	667	-1215
-1583	-778	4963	-904	2347	-1853
-1785	-375	5684	-703	1516	-1619
-735	-169	4531	-238	191	-1012
-395	-86	2787	198	-1427	-809
-357	85	1229	149	-3481	-907
-385	180	-67	-125	-4893	-447
-337	45	-357	107	-4254	161
-1236	465	-226	504	-4036	586
-3468	1011	-490	440	-5117	1746
-5563	155	-1721	501	-3728	3302
-653	-1036	-1284	-27	-99	2667
3709	-511	1410	-457	6819	-941
1513	1863	5653	-1228	10375	-2652
-6200	3323	13347	955	9515	2363
-7936	-460	15908	-141	655	2610
-3575	-1314	8316	323	-3450	2229
-999	-1236	4817	411	-1512	928
-927	33	4795	447	258	228
-894	414	4497	624	283	480
71	-308	3298	1091	454	655
332	457	2258	667	797	-18
29	214	1470	68	150	-2
-457	353	695	-317	-1602	-30
-413	301	-20	-924	-2335	84
-929	130	-16	-1879	-2754	-97
-1368	-238	10	-2613	-3978	-702
-2865	-945	-493	-765	-3316	-1383
-7047	559	-1122	-176	-2241	-1428
478	904	-1550	2279	2299	3611
2835	-4712	5333	2972	7458	441
-5821	-1438	15019	857	8729	-1834
-8504	1162	16796	-139	-1866	-4482
-3242	2406	5984	-164	-5747	-1226
-78	1184	2363	-600	-2442	-1490
-319	571	2965	-550	1022	-1331
-1526	-869	4913	-508	2389	-1281
-2068	-1036	6237	-503	1676	-942
-865	86	3964	201	-217	-117
-831	144	3874	169	-205	-97
-794	255	3811	126	-108	-63
-729	261	3906	98	90	-102
-776	208	4234	78	149	-333
-1185	452	4440	73	-93	-424
-1329	552	4357	131	-362	-300
-1358	285	3991	239	184	-98
-1860	438	4390	166	192	-183
-1860	321	3922	160	-8	373
-1825	-362	3729	98	99	179
-1782	-439	3343	123	-22	-219
-1957	-368	2981	203	-161	-317
-1878	105	2899	98	53	-584
-1657	364	3565	-6	681	-206
-1658	500	4613	-183	721	91
-1733	313	5014	-341	235	568
-1692	-287	4698	-624	-328	298
-1474	-496	4019	-732	-692	-234
-1124	-485	3243	-720	-708	-540
-851	-207	2685	-613	-338	-666
-714	145	2405	-461	196	-345
-809	210	2488	-356	788	103
-995	55	2931	-345	1253	369
-1315	-228	3626	-366	1481	455
-1604	-523	4327	-388	1176	299
-1579	-666	4588	-365	476	-10
-1357	-642	4394	-312	-91	-271
-1071	-568	4020	-245	-370	-450
-885	-475	3596	-185	-449	-519
-684	-428	3239	-133	-256	-494
-515	-441	3206	-87	274	-471
-720	-437	3685	-51	840	-496
-1119	-267	4279	-71	864	-510
-1351	-107	4567	-109	523	-294
-1404	-86	4891	-140	378	7
-1326	25	5387	-124	380	363
-1153	-47	5762	-105	207	822
-1056	-506	5530	-114	-352	979
-841	-808	4500	-192	-765	702
-855	-804	3472	-348	-819	379
-1208	-601	2439	-438	-437	210
-1431	-191	1748	-481	75	87
-1425	271	1321	-331	325	223
-1387	364	1457	85	633	664
-1493	-65	2105	377	695	907
-1772	-461	3049	422	483	636
-2056	-685	4069	367	-34	67
-1710	-459	4432	241	-34	-629
-1312	185	5361	366	922	-486
-1701	723	6876	734	1114	126
-2150	569	7276	831	278	625
-1845	0	6428	768	-161	430
-1564	-355	5527	813	145	285
-1350	-140	5128	905	988	315
-1169	409	5633	835	1484	253
-1218	901	5971	621	1170	284
-1282	702	5351	291	113	719
-1078	323	3826	57	-963	511
-787	-97	2146	-156	-1892	502
-707	-137	554	-630	-3115	531
-404	-305	-271	-1239	-3577	136
-682	-495	-140	-1073	-3180	-345
-2046	-712	14	-150	-4429	-638
-3424	-149	-2162	762	-5233	-180
-435	927	-3396	1866	1119	2066
1174	-899	238	830	7254	-89
-103	-1383	7837	383	10856	-391
-8432	-1487	18545	122	7233	-2523
-7191	1587	14213	-212	-2429	-1535
-2702	677	6194	-364	-4247	-601
-486	87	3522	-582	-1522	-1514
-858	-1169	4394	-569	709	-1787
-1404	-1036	4954	-596	940	-1805
-1205	-562	4319	-201	270	-1278
-932	11	2972	208	-1395	-1128
-437	338	1395	654	-2970	-1198
-591	555	82	548	-3799	-941
-677	477	-428	316	-3428	-218
-1236	491	-273	62	-3439	233
-1713	489	-221	283	-4465	852
-2796	504	-960	643	-4998	1796
-1240	152	-3370	1396	-1152	3636
1337	-1178	-476	92	6209	357
1705	1107	5382	-573	10957	-2175
-6774	2351	15754	97	10104	787
-8434	1	18462	11	-1314	2587
-2722	-806	7234	214	-5533	1890
-401	-669	3607	437	-1964	1323
-459	270	4285	374	666	829
-719	534	4736	374	1096	692
-191	-91	3896	569	1131	557
-194	-47	2695	458	1129	437
-504	25	1837	-402	-191	665
-948	-25	692	-1058	-2555	679
-860	-4	-61	-1656	-3799	387
-1585	-239	7	-2421	-4712	-348
-3258	-1096	-927	-626	-5096	-1543
-6122	-19	-1237	122	-2664	-2463
1013	616	-2201	1614	199	1633
1457	-3090	1583	1428	6499	494
-933	-1624	8377	1328	9781	-1803
-8554	167	17065	697	4801	-4597
-6143	2750	11900	45	-1807	-2070
-2363	1330	6460	-553	-2700	-1009
-1038	698	4571	-836	-901	-972
-1451	-643	4843	-1031	429	-1426
-1468	-429	4908	-1043	524	-1349
-630	-553	4261	-553	24	-705
-300	-438	3279	162	-1167	-934
-428	-233	1889	665	-3204	-1203
-689	432	283	496	-5221	-617
-393	397	-599	717	-5461	566
-683	445	-528	606	-4774	1199
-1407	951	-622	-236	-4251	1720
-4182	305	-1058	-558	-5138	2358
-1780	-783	-5073	667	-1095	2085
2501	-944	-1340	-694	8586	-922
1158	13	7069	-749	13078	-1527
-5209	2476	13643	1169	9256	226
-9098	577	19914	269	1028	2877
-2550	-802	7255	226	-5237	2511
-727	-1746	3582	321	-1038	1563
-1038	-671	4914	335	1495	257
-1333	455	5335	516	1008	242
-443	216	4421	683	5	693
100	58	2769	772	-521	486
68	162	1417	68	-1290	308
-369	256	335	-816	-2614	-128
-583	239	-78	-1812	-3174	-377
-1165	-518	3071	-921	132	846
-1229	-514	3324	-766	385	865
-1323	-427	3660	-676	414	877
-1361	-421	3805	-647	295	853
-1260	-574	3752	-633	179	696
-1118	-590	3644	-609	184	480
-1002	-531	3710	-530	329	417
-1003	-395	3939	-453	374	417
-974	-318	4133	-424	246	427
-937	-438	4152	-383	-78	365
-823	-576	3941	-364	-244	196
-755	-619	3772	-343	-102	144
-809	-525	3782	-314	159	204
-1017	-409	3958	-281	265	297
-1232	-409	3998	-248	122	352
-1196	-319	4035	-222	-101	506
-1253	-183	4244	-217	-179	877
-1526	-392	4471	-270	5	1209
-1884	-579	4788	-407	146	890
-1910	-344	4287	-450	-435	627
-1771	-53	3344	-392	-610	857
-1510	57	2610	-224	-383	1294
-1414	-21	2505	-74	292	1514
-1483	-160	3170	104	764	1418
-1482	-223	4074	156	857	988
-1603	-432	4916	108	491	299
-1666	-188	4974	84	-34	-207
-1463	331	4524	164	-139	87
-1197	364	4107	302	-235	644
-998	129	3339	326	-469	995
-758	-119	2670	308	-288	1103
-685	-310	2386	280	202	874
-699	-201	2447	263	749	471
-752	134	2997	313	1344	351
-1068	197	3816	419	1570	557
-1421	-8	4422	445	1307	465
-1515	103	4701	386	815	279
-1281	-36	4864	307	479	169
-1092	-238	5149	142	346	-366
-928	252	5357	33	224	-561
-805	740	5206	42	-6	-68
-674	823	4601	135	-163	399
-356	458	3734	196	123	429
-426	294	2921	235	436	388
-1765	181	1949	115	-91	871
-2850	-532	889	452	-2384	1175
-1795	-731	-768	-464	-1561	32
-1656	-1004	-77	-253	2080	-1371
-1431	168	2257	-77	3232	-740
-2380	49	5236	436	2986	1286
-2293	-418	6415	299	1632	872
-2248	-259	6705	-311	2064	-140
-3550	63	9043	-1127	2878	-1049
-3866	544	11049	-1301	1368	-409
-2778	0	9591	-1140	-1013	-228
-1408	-561	6763	-1097	-1290	-883
-677	-1149	5353	-1014	-355	-1573
-731	-982	4821	-727	419	-1844
-905	-451	4136	-352	208	-1235
-838	-47	3013	194	-608	-476
-432	90	2020	728	-1937	-294
-666	275	762	602	-3576	-152
-1189	240	-123	273	-3755	687
-1901	30	-155	293	-4907	1176
-1359	-143	-489	336	-6013	1371
-845	14	-840	138	-6275	1345
-1850	-697	-2221	401	-5712	808
-3230	-1473	-5031	152	1657	-1291
-412	75	-465	-870	8057	-1008
-1891	43	4525	-620	9663	-1587
-4798	3984	12607	1617	9494	-436
-8029	1090	18606	560	1883	3076
-4318	-686	10379	246	-3854	761
-2537	-1728	5794	509	-2156	993
-1511	-754	5783	644	-671	-86
-812	412	5975	729	-213	608
-292	1056	5222	711	-96	1155
130	199	3672	793	258	1503
-58	716	2288	613	311	573
-8	271	1220	631	-459	677
-451	289	523	-233	-2036	1023
-574	195	-92	-1448	-3441	1183
-1105	-107	-56	-2222	-4373	1012
-1558	-780	-304	-1710	-4170	481
-3434	-1072	-514	-532	-3504	-562
-5268	-695	-1379	381	-2954	-826
440	-243	-1942	892	2146	490
1951	-2757	1924	734	8120	-1101
-4365	-1760	11299	1338	12111	-1913
-9558	2350	18516	723	2687	-4320
-4985	2937	11130	233	-3126	-728
-1787	1314	5749	-461	-2868	-585
-1268	-167	4597	-945	-753	-1050
-1272	-1079	5019	-870	376	-2028
-902	-600	5223	-713	139	-1681
-737	-509	4081	-320	-603	-442
-627	-427	2485	168	-2449	-471
-301	-143	803	734	-4073	-1135
-452	301	-294	920	-5069	-1117
-663	471	-523	734	-4505	-567
-1791	741	-358	212	-4728	168
-2365	953	-599	-182	-5355	1651
-1342	333	-809	-216	-5383	2784
-1762	-61	-1730	1007	-4816	3398
-1405	266	-4987	518	3798	1027
2574	-1352	1082	-973	13065	266
-5335	-1049	7294	-73	14542	-1183
-12771	3013	26399	730	13540	-165
-7439	571	18211	450	-7576	2004
-1373	-1184	2399	691	-8476	2389
985	-1342	1290	522	-429	-95
222	260	3382	474	3026	-436
-197	160	3886	989	3736	102
-276	1199	3320	1011	4076	-10
-655	779	2834	-230	2852	553
-733	546	2112	-514	-66	970
-1010	353	928	-1066	-2805	770
-1799	60	297	-1785	-5425	468
-2262	134	-30	-2038	-8664	40
-1806	-1092	-1823	-2084	-6545	-723
-7468	-350	-494	603	-1252	-2199
1067	23	-2687	1841	-1453	1062
1111	-2821	407	2069	6554	1209
1042	-1390	7388	1570	11238	-1532
-9852	772	20225	464	6246	-3984
-5744	3013	12715	-409	-4325	-1620
-1452	1140	4699	-469	-4000	37
-681	290	3975	-912	-569	-620
-1679	-1177	5479	-931	518	-1013
-1294	-1328	5546	-653	48	-1367
-1046	-304	3748	16	338	-103
-1013	-311	3741	15	443	-65
-1055	-336	3819	22	500	-55
-1108	-329	3940	43	474	-8
-1148	-345	3976	60	411	53
-1144	-367	3985	43	389	35
-1173	-399	3985	2	401	-45
-1349	-392	3896	-52	397	-100
-1474	-284	3810	-95	359	-69
-1585	-113	3681	-133	276	81
-1632	-38	3437	-181	227	213
-1680	-14	3289	-246	269	261
-1717	-219	3373	-235	314	270
-1771	-420	3486	-76	455	263
-1747	-347	3691	103	673	332
-1655	-171	3881	245	633	433
-1505	-79	3917	366	533	453
-1339	-11	4062	410	379	327
-1321	156	4069	432	203	271
-1239	145	3886	384	144	203
-1142	107	3707	358	375	108
-1206	128	3758	393	688	139
-1321	111	3859	453	810	245
-1392	0	3871	457	717	252
-1385	-131	3800	443	552	178
-1291	-71	3635	438	424	106
-1082	-34	3471	421	473	41
-948	-58	3441	453	688	-49
-1031	127	3604	501	861	-97
-1156	373	3875	519	868	23
-1267	437	4110	480	751	153
-1441	516	4250	446	599	224
-1516	312	4076	469	587	161
-1491	336	4135	545	799	67
-1529	503	4516	536	968	243
-1665	508	5076	383	1212	323
-1751	574	5831	218	1125	282
-1729	591	6098	114	461	181
-1426	489	5470	56	-332	177
-1071	280	4428	9	-876	160
-620	109	3235	-61	-1021	214
-235	-60	2181	-111	-710	98
-12	-116	1621	-143	-206	-174
-887	-9	1196	-548	13	-490
-2815	174	571	-687	-752	-614
-2686	407	-292	-425	-330	254
-823	-240	127	-140	1523	281
-1902	31	3133	52	2102	113
-2915	-409	5105	544	1191	905
-2823	-1711	5104	665	876	673
-2628	-1053	5960	92	1706	-943
-3797	41	7224	-398	1301	-1339
-3434	631	7525	-456	392	-1021
-2832	351	7884	-545	25	-294
-2427	-486	7781	-726	-258	-677
-2124	-927	6996	-877	-513	-1856
-1576	-958	5726	-867	-547	-2391
-1164	-807	4898	-603	-507	-2423
-1020	-188	4017	-254	-699	-2266
-1136	384	2600	99	-1009	-1432
-595	404	1542	617	-1138	-705
-785	762	1136	657	-1714	-549
-1214	1211	307	331	-3081	192
-1747	538	-219	-50	-3676	1270
-1650	-176	-433	-237	-4413	1408
-2008	-359	-707	-126	-4567	1036
-1157	-89	-2432	469	-2798	1427
-893	-505	-1387	1061	3318	978
-1143	1670	3763	528	5631	-470
-3616	867	8031	505	6034	1673
-6076	-447	12598	654	4490	2496
-5703	-832	15636	81	1169	683
-3406	-125	10334	334	-2702	886
-1605	818	6374	479	-2419	1211
-953	1001	4538	516	-1892	1186
-382	621	2663	428	-1707	1057
451	100	1314	76	-941	1087
616	-212	918	-512	-257	1274
139	-317	592	-1357	-693	1244
-717	-368	115	-1817	-1573	921
-1768	-620	37	-1861	-2608	340
-2804	-1033	-165	-1239	-4321	-705
-2097	-957	-684	-605	-4767	-1802
-3993	-944	-1053	334	-3828	-1665
-807	768	-2969	2318	84	1601
319	-1688	228	1578	6327	361
-1469	-837	9060	1824	7946	-2122
-7698	-1082	15127	76	4727	-3195
-6109	2400	13485	-195	-729	-2854
-3216	806	7659	-236	-2823	-391
-1383	96	5030	-669	-1176	-1416
-1526	-457	4925	-1110	418	-1797
-1681	-832	5219	-1255	684	-1923
-1154	-360	5052	-994	-5	-1383
-400	-76	4193	-411	-1001	-858
15	-24	2753	80	-2268	-1074
-42	154	1264	440	-3453	-1512
-519	476	78	544	-4208	-1099
-786	643	-493	752	-4018	176
-1424	653	-178	150	-4082	985
-2611	688	-479	551	-5667	2097
-3722	74	-1443	216	-4986	3326
-2609	-102	-2643	936	-1377	3479
1698	-403	-1750	-11	5863	1682
1680	-875	3606	-628	11688	-1475
-7599	1908	14669	407	15209	-1569
-9572	1042	19478	282	2411	2335
-4605	-766	10569	540	-6261	2197
-548	-935	3671	600	-3389	1750
-74	-254	3838	345	929	201
-436	376	4265	530	2448	237
-838	513	3859	263	3173	530
-588	63	3340	196	2314	536
-116	-145	2456	292	735	398
-190	273	1574	-463	-1577	173
-696	179	494	-1055	-3816	284
-1302	68	109	-1332	-5636	315
-2010	434	-215	-1964	-7817	-115
-2991	-445	-2275	-2383	-6017	-1137
-8484	718	-857	493	-639	-2291
1747	-84	-1648	2039	1412	1871
1999	-4081	3487	2375	7545	1587
-5429	-931	13700	1612	10718	-2318
-8393	2096	15502	-214	347	-4926
-3793	3669	8187	-532	-3977	-801
-990	1681	4616	-735	-2490	817
-395	133	4182	-895	240	58
-1384	-1391	5462	-961	1795	-476
-2299	-2101	6850	-826	1258	-1110
-2003	-1114	6564	-634	-844	-995
