-1601	-235	3961	-187	-644	-382
-1481	-22	3779	-146	-709	-419
-1421	104	3564	-106	-633	-327
-1457	162	3468	-89	-463	-223
-1498	188	3466	-99	-289	-87
-1478	208	3512	-115	-138	90
-1484	184	3642	-125	-75	251
-1518	144	3734	-151	-62	340
-1533	37	3835	-180	-100	377
-1483	-15	3793	-208	-157	366
-1508	-81	3793	-216	-136	385
-1497	-94	3749	-218	-115	433
-1448	-91	3714	-219	-62	491
-1418	-100	3693	-218	-32	515
-1448	-168	3674	-198	-18	493
-1529	-320	3602	-178	17	377
-1414	-290	3595	-146	130	283
-1331	-342	3606	-123	262	222
-1389	-379	3675	-69	341	146
-1454	-448	3712	-11	332	7
-1448	-390	3712	25	335	-79
-1406	-244	3760	42	431	-9
-1386	-39	3855	68	564	196
-1515	-38	4099	74	567	299
-1651	-105	4243	75	324	291
-1566	-172	4026	60	78	246
-1450	-214	3798	29	81	189
-1432	-366	3674	17	220	12
-1466	-356	3652	11	350	-220
-1511	-260	3696	21	432	-313
-1588	-198	3736	39	433	-327
-1637	-119	3669	69	378	-288
-1652	-3	3535	99	379	-184
-1602	7	3401	128	488	-117
-1626	11	3396	145	628	-88
-1698	55	3405	152	696	-25
-1768	148	3317	131	708	64
-1800	234	3180	95	744	177
-1738	241	3022	41	778	287
-1623	242	2773	-69	866	351
-1420	171	2417	-161	991	435
-1247	-3	2098	-212	1052	411
-952	-314	1808	-59	1060	255
-813	-670	1922	223	1078	-22
-752	-948	2420	444	712	-336
-849	-100	2640	410	-10	-442
-1179	625	2693	377	-316	77
-1306	906	3108	238	-156	161
-1499	1112	4146	109	-105	699
-1922	657	5270	261	-37	1751
-2311	-6	6544	503	-386	1866
-2852	-231	7262	184	-721	831
-3847	-1	8161	-299	-773	-121
-4892	144	9179	-146	-735	128
-4555	-428	9780	130	-486	-204
-4814	-365	10928	-144	329	-971
-5512	771	12161	-636	201	-1184
-5406	1597	11791	-811	-690	-1271
-5261	1361	8530	-573	-1033	-1437
-4148	682	3795	-436	361	-1366
-1651	-666	2143	-179	901	-932
405	-837	2021	350	1689	238
-1073	-1359	2523	500	-121	1332
-4576	-1345	1544	1179	-6677	1046
-3456	-863	-1745	-687	-8484	-342
-3517	687	-639	-361	-7731	-1714
1511	789	-3636	-117	-9148	-3415
3310	2144	-6380	1301	-5027	-2778
2310	3086	-5652	414	1430	790
786	-32	-1728	-47	5196	2468
307	-1308	624	446	5454	1836
-224	-1152	1293	397	4337	405
-276	-783	1055	-606	2461	-672
-868	-309	1138	17	2464	-801
-1149	303	1170	286	1012	-743
-1137	738	1046	285	-366	-797
-423	572	246	339	-1566	-384
276	392	-49	855	-1790	22
368	889	58	852	-1740	493
-701	1472	-327	48	-812	1495
-3801	-759	-180	-621	-197	2519
-4706	-570	-1720	490	5297	1237
309	41	6660	300	12552	-893
-11392	-334	19633	284	11983	465
-10936	459	20529	-591	304	-393
-4021	-351	11421	-72	-5217	-672
-1201	317	5053	487	-4861	-533
-936	179	2563	498	-1828	-1116
-1880	645	2777	15	521	-1113
-1563	670	4356	139	2288	-506
-2280	316	6380	435	1893	232
-2990	7	5972	358	8	163
-2343	-82	4318	41	-991	-473
-1718	-11	3317	-197	-956	-795
-1457	124	3007	-301	-675	-716
-1423	244	3001	-272	-453	-379
-1461	173	3048	-111	-344	-122
-1479	69	3144	46	-335	-23
-1498	92	3159	136	-375	65
-1530	248	3066	152	-336	165
-1619	419	3080	99	-256	293
-1604	399	3183	-6	-127	281
-1594	342	3429	-46	-90	293
-1682	120	3709	-67	-211	264
-1676	-49	3744	-112	-389	221
-1664	-159	3685	-147	-516	190
-1548	-156	3558	-131	-524	135
-1523	-10	3500	-91	-440	135
-1565	102	3569	-69	-385	133
-1657	171	3660	-71	-399	75
-1637	284	3667	-110	-434	60
-1539	318	3641	-126	-430	110
-1466	240	3693	-107	-442	180
-1483	129	3654	-79	-462	232
-1517	55	3636	-56	-389	256
-1537	-10	3647	-35	-344	175
-1516	103	3665	-34	-299	98
-1471	170	3712	-26	-241	92
-1457	140	3774	-7	-239	92
-1483	125	3810	3	-246	94
-1499	166	3801	-17	-228	107
-1467	209	3760	-60	-225	94
-1426	181	3714	-96	-199	89
-1392	79	3768	-102	-135	47
-1415	20	3819	-83	-119	-18
-1472	2	3801	-48	-131	-72
-1472	53	3717	-10	-119	-126
-1460	145	3697	-3	-70	-143
-1481	223	3692	-12	-40	-118
-1498	240	3711	-19	-8	-67
-1317	582	3634	-304	262	385
-1354	626	3678	-321	367	504
-1402	597	3764	-354	413	574
-1415	535	3799	-400	399	577
-1410	514	3788	-423	383	577
-1454	458	3814	-427	382	566
-1538	445	3903	-437	340	541
-1688	513	3841	-447	285	579
-1697	518	3789	-474	234	642
-1522	462	3688	-487	242	653
-1415	363	3791	-465	285	670
-1430	174	3949	-430	249	650
-1452	-24	4090	-414	162	472
-1501	-189	4100	-404	43	274
-1486	-184	4016	-355	-48	155
-1392	-60	3825	-291	-131	141
-1338	36	3577	-255	-110	155
-1306	-47	3542	-208	71	68
-1395	-55	3789	-165	152	-49
-1497	-71	3929	-150	82	-131
-1532	-97	3983	-132	-18	-225
-1546	-66	3998	-110	-167	-314
-1496	20	3886	-95	-275	-329
-1429	68	3739	-89	-281	-296
-1343	111	3659	-88	-181	-257
-1299	75	3729	-74	-78	-239
-1364	-26	3854	-64	-77	-246
-1391	-46	3877	-66	-129	-274
-1369	-7	3760	-65	-135	-244
-1345	51	3727	-54	-61	-224
-1317	111	3789	-41	-6	-190
-1342	72	3797	-35	36	-156
-1351	99	3837	-41	41	-94
-1400	89	3807	-48	11	-26
-1420	6	3729	-37	1	-2
-1401	-20	3688	-15	32	0
-1291	57	3722	0	85	30
-1276	108	3749	8	76	91
-1311	94	3696	14	2	120
-1355	74	3435	16	-41	114
-1427	157	3046	-27	-33	171
-1326	200	2580	-80	95	289
-1010	141	2432	-198	351	349
-768	42	2474	-324	399	326
-652	-141	2567	-324	292	305
-783	-360	2943	-188	68	279
-1162	-463	3518	-27	-413	127
-1407	-207	3863	-9	-992	45
-1249	124	4323	-5	-1312	254
-1339	162	5481	-52	-1453	406
-2000	425	6896	85	-1136	735
-2371	-333	9051	292	254	488
-3752	-241	12006	171	804	-239
-4738	213	12457	-129	-86	-439
-3803	347	9933	-266	-938	-576
-3005	-178	6434	-277	-435	-1116
-2613	-299	3627	-148	930	-1864
-2530	265	2362	79	1372	-1533
-988	493	1606	139	1322	-629
-63	662	1867	-123	796	-51
-566	341	1944	-36	-2051	617
-569	3	-5	160	-5084	1551
-483	-584	-926	-818	-5698	1070
-133	-886	-1081	-877	-6137	-311
1612	-778	-1915	382	-5298	-1162
1713	285	-2326	1339	-1751	-1045
750	874	-1870	603	1251	-431
298	274	-1055	-231	2485	118
-688	-324	-32	-274	3080	248
-715	-43	563	60	1453	458
-986	-37	378	82	1087	570
-1779	-281	462	-37	1501	696
-3586	-343	517	592	3884	514
-2523	1373	7534	535	8539	-785
-6863	-904	20132	675	6236	284
-7319	482	14091	100	-1705	-1341
-1984	406	8026	374	-3311	-649
575	1214	5305	402	-2437	165
133	856	4001	108	-706	230
-984	670	3016	-143	569	98
-1501	42	2684	-246	1669	145
-1744	-308	3505	-280	2083	36
-1883	-625	4304	-166	1552	-76
-1796	-689	4561	3	416	-393
-1506	-301	3885	187	-650	-593
-1240	28	2889	280	-764	-464
-1054	144	2442	290	-161	-291
-1168	415	2833	196	582	-143
-1414	625	3700	81	829	41
-1571	490	4430	-14	506	99
-1601	291	4498	-62	-36	68
-1438	35	4196	-54	-400	29
-1190	-36	3832	-14	-489	-2
-1086	-96	3695	18	-406	-19
-1095	-24	3640	27	-269	-47
-1205	200	3630	12	-114	-19
-1376	437	3724	-5	-20	117
-1391	465	3798	-67	-29	200
-1408	325	3881	-147	-56	212
-1423	43	3968	-184	-93	135
-1456	-177	4056	-137	-196	9
-1441	-272	4016	-50	-340	-127
-1386	-218	3879	34	-429	-205
-1318	-46	3681	72	-416	-253
-1309	176	3580	90	-293	-258
-1367	336	3644	89	-149	-195
-1409	417	3751	63	-101	-100
-1398	371	3803	39	-122	13
-1352	267	3789	12	-138	81
-1342	82	3791	-4	-103	79
-1342	-22	3854	-10	-86	-11
-1351	-56	3870	-5	-86	-116
-1374	-31	3857	29	-81	-202
-1390	25	3821	43	-82	-239
-1371	78	3799	60	-58	-248
-1356	115	3752	67	-31	-223
-1352	124	3760	61	33	-199
-1372	167	3822	51	73	-159
-1396	193	3822	36	59	-111
-1370	180	3843	20	50	-94
-1342	183	3849	5	20	-61
-1351	140	3838	-10	14	-45
-1361	129	3855	-14	36	-54
-1348	94	3871	-19	42	-53
-1344	58	3876	-18	47	-56
-1352	33	3882	-11	22	-66
-1383	40	3871	-2	-6	-88
-1375	55	3843	4	-15	-88
-1364	67	3798	-4	-5	-83
-1384	80	3789	-11	10	-62
-1511	120	3734	-61	-18	-30
-1485	121	3750	-49	21	-59
-1494	135	3718	-40	54	-96
-1543	162	3729	-35	68	-102
-1589	203	3731	-31	75	-80
-1603	221	3704	-27	84	-68
-1564	232	3695	-23	105	-67
-1572	200	3750	-24	124	-51
-1574	181	3784	-46	129	-41
-1552	143	3802	-58	105	-40
-1547	145	3783	-65	72	-55
-1559	169	3762	-60	52	-49
-1553	157	3757	-51	52	-48
-1552	135	3765	-47	39	-46
-1548	125	3738	-52	40	-52
-1562	122	3731	-52	74	-57
-1607	118	3758	-43	90	-53
-1605	123	3788	-33	65	-51
-1612	136	3757	-28	21	-38
-1589	157	3718	-38	7	-32
-1572	138	3690	-54	63	-53
-1555	160	3720	-58	131	-52
-1584	162	3804	-46	154	-26
-1635	179	3821	-50	63	-7
-1667	122	3698	-47	24	15
-1637	54	3592	-42	63	-29
-1654	20	3563	-36	124	-62
-1657	47	3575	-30	190	-93
-1699	76	3651	-3	228	-78
-1700	128	3703	11	213	-63
-1682	180	3742	5	199	-4
-1695	138	3767	-7	159	34
-1714	87	3713	-23	116	20
-1650	116	3641	-27	111	-6
-1606	114	3594	-17	157	10
-1614	49	3549	1	182	-14
-1666	46	3474	-10	156	-84
-1691	25	3224	-52	128	-143
-1663	94	2948	-98	197	-188
-1642	125	2608	-106	353	-146
-1504	-13	2425	-69	623	-119
-1224	-3	2516	-34	836	-198
-1251	124	2758	63	836	-36
-1417	227	2789	172	481	214
-1412	398	2693	205	139	477
-1501	379	2608	122	-161	720
-1416	283	2518	-90	-219	584
-1232	270	3165	-173	29	615
-1369	127	4273	-109	82	671
-1868	136	5711	12	-131	675
-2528	-84	6890	51	-809	728
-3217	172	7600	-63	-854	679
-3620	-2	9519	-107	-220	361
-5008	-454	10815	-52	-13	-305
-5192	-199	10624	-216	555	-957
-5061	575	10860	-303	871	-1025
-4787	26	8411	-205	616	-1712
-4035	652	4215	-198	1639	-2510
-2266	573	3203	-52	2157	-1645
-402	396	3555	37	1646	-532
-1099	-289	3723	100	-972	599
-2371	-194	1272	258	-6623	745
-2014	621	-1208	149	-7434	914
-2809	622	-1101	-140	-7551	1232
1075	241	-3316	-40	-8106	844
3962	19	-5089	-262	-4537	361
3531	31	-3530	-629	1749	333
681	-748	-368	-692	3014	175
-14	-682	857	-414	2105	-457
-351	-72	1110	-317	1496	-426
-811	149	968	-139	626	133
-1055	-66	766	24	-312	267
-1201	-150	532	76	-1344	-366
-692	46	-203	99	-2228	-517
-729	103	-966	76	-2008	-243
-794	861	-981	-38	-127	1083
-4079	-1711	-972	-133	3727	1296
-593	487	4410	106	9368	-1995
-4214	3	14201	457	11086	1420
-7944	-431	19443	-216	5749	-803
-5805	-783	15200	15	-4199	-399
-1550	669	5004	140	-5422	-946
-176	1130	1261	130	-1750	-25
-1290	185	3329	-9	2027	626
-2597	-484	6761	67	2411	533
-2903	-573	7518	292	342	155
-1897	-253	5454	317	-1189	-322
-1332	42	3801	321	-1159	-368
-1205	147	3151	252	-611	-298
-1321	56	3172	159	-42	-191
-1419	-69	3484	32	184	-231
-1444	-186	3660	-16	83	-296
-1403	-202	3630	-8	-197	-373
-1400	-65	3383	37	-388	-362
-1685	92	3189	88	-480	-182
-1813	148	3087	127	-286	-60
-1533	250	3263	163	161	136
-1312	140	3554	114	223	222
-1319	81	3654	28	-82	72
-1438	74	3529	-13	-358	48
-1423	-64	3252	-8	-323	52
-1272	-75	3163	42	-28	35
-1268	-65	3458	93	201	42
-1426	-67	3833	97	157	37
-1501	-26	4009	59	-74	2
-1425	45	3832	25	-229	-43
-1325	154	3734	7	-194	-48
-1322	218	3833	21	-136	37
-1335	105	3905	40	-146	99
-1346	14	3931	32	-192	73
-1366	3	3881	2	-268	13
-1312	12	3781	-16	-311	-30
-1271	27	3715	-17	-267	-62
-1272	86	3708	-23	-158	-54
-1339	105	3823	-17	-63	0
-1351	45	3945	4	-82	0
-1354	1	3950	5	-159	-48
-1368	-26	3894	7	-233	-82
-1338	-11	3788	17	-220	-131
-1321	31	3746	29	-158	-169
-1387	50	3714	29	-101	-174
-1359	65	3702	28	-16	-151
-1335	80	3703	29	48	-104
-1372	41	3661	34	125	-78
-1421	27	3713	38	198	-109
-1482	32	3854	36	203	-122
-1469	63	3893	12	130	-97
-1418	65	3829	-3	99	-51
-1404	76	3837	-3	118	-41
-1393	70	3848	-2	116	-43
-2167	96	3675	36	377	-19
-2108	147	3581	13	287	-32
-2092	171	3499	6	252	-12
-2110	155	3472	5	261	4
-2164	133	3520	-9	258	39
-2209	82	3600	-12	202	45
-2244	56	3661	-12	74	5
-2260	72	3580	-4	-59	-45
-2212	124	3490	1	-135	-66
-2165	155	3408	1	-150	-59
-2129	172	3344	1	-122	-36
-2123	167	3304	-6	-70	-20
-2116	176	3303	-13	7	8
-2137	201	3378	-23	53	32
-2191	176	3468	-26	28	33
-2216	184	3502	-35	-25	52
-2246	164	3473	-42	-72	66
-2192	108	3460	-53	-100	36
-2127	101	3466	-56	-106	4
-2071	89	3441	-50	-107	-12
-2059	128	3443	-39	-104	-20
-2094	145	3454	-31	-58	8
-2128	141	3433	-31	-12	20
-2156	179	3483	-39	-4	69
-2183	195	3549	-57	-69	114
-2178	234	3564	-73	-174	147
-2135	223	3479	-92	-267	170
-2084	174	3407	-120	-279	188
-2140	119	3397	-139	-241	173
-2223	89	3490	-143	-199	155
-2219	100	3553	-145	-230	180
-2160	88	3570	-135	-326	180
-2076	111	3465	-133	-430	162
-2020	158	3343	-127	-469	193
-1998	217	3269	-145	-431	239
-2033	180	3217	-175	-314	256
-2044	138	3279	-201	-194	195
-2036	83	3346	-219	-195	171
-2004	9	3288	-220	-323	140
-1908	-19	3022	-226	-500	60
-1639	84	2754	-200	-552	29
-1351	18	2622	-114	-567	48
-1204	32	2536	-59	-715	15
-1135	290	2402	-64	-902	120
-1085	549	2379	-105	-1044	431
-1063	393	2612	-153	-1080	665
-1184	427	3135	-296	-1145	645
-1458	389	3764	-357	-1268	841
-1726	-21	4495	-348	-1389	572
-1882	-66	5615	-411	-1802	160
-2256	-248	6710	-420	-2239	49
-2628	-112	8390	-241	-1875	136
-3139	-424	10445	-16	-1417	164
-3351	78	9995	-14	-1026	-124
-3384	245	9483	-108	121	-177
-3419	126	9229	-141	765	-306
-3601	-255	7198	-71	920	-1073
-3872	492	3649	-57	1633	-1417
-2649	230	1808	157	2116	-550
-1221	-71	1202	705	2415	204
-256	-293	1919	861	2314	448
-980	-8	2436	404	-524	775
-649	-369	823	-250	-4958	764
-578	-379	-737	-33	-5110	287
-432	-246	-675	-257	-4749	-328
25	-33	-885	279	-6083	-759
2328	510	-1826	700	-4113	-551
1728	472	-1619	-263	-653	-389
1038	-33	-924	-345	1261	-171
424	-94	-413	-42	2118	-187
-594	3	87	-501	1980	-117
-763	-323	516	239	451	-84
-798	186	482	260	-54	-55
-975	650	715	-42	101	313
-3562	-755	618	-102	1725	574
-1219	-371	4724	583	4393	-1258
-3458	640	13036	461	5852	149
-6149	-112	13660	-19	2021	-243
-5565	-15	11408	-441	-1470	-710
-1783	-6	7919	-71	-3456	-834
-491	359	4637	80	-2844	-743
-495	1046	2085	131	-164	-330
-912	553	4266	70	2766	730
-2267	-149	6701	-55	2341	509
-2549	-75	6549	-96	89	7
-1585	-76	4245	-27	-1269	54
-906	-127	2758	45	-761	143
-909	-252	3013	120	198	213
-1166	-318	3411	92	247	99
-1336	-202	3521	-20	-67	-94
-1243	-50	3375	-90	-268	-138
-1085	102	3394	-110	-152	-94
-1074	153	3631	-42	0	61
-1254	120	3878	61	-21	145
-1301	79	3964	96	-201	95
-1231	77	3835	69	-382	11
-1076	92	3641	13	-417	-47
-989	102	3547	-41	-272	-63
-1062	58	3739	-57	-108	-56
-1137	74	3898	-39	-97	-58
-1166	99	3933	-8	-166	-53
-1195	152	3882	7	-220	-52
-1149	207	3835	-6	-218	-44
-1115	187	3850	-23	-219	-27
-1119	78	3837	-9	-229	-34
-1093	-21	3864	23	-234	-52
-1063	36	3858	40	-207	-74
-1068	147	3889	47	-140	-33
-1113	211	3968	56	-119	32
-1092	180	4002	49	-140	77
-1108	176	3985	24	-182	83
-1096	136	3852	13	-168	94
-1029	114	3797	6	-81	104
-1027	105	3871	4	-4	117
-1104	58	3956	22	1	137
-1153	31	4010	28	-62	104
-1126	66	3946	19	-116	43
-1077	131	3794	-11	-102	8
-1009	167	3725	-20	29	11
-1031	102	3856	-4	139	4
-1044	0	4017	30	144	-20
-1092	-4	4064	35	59	-96
-1107	134	3981	18	-5	-102
-1103	194	3836	-6	12	-40
-1099	144	3851	-6	86	1
-1086	72	3947	12	104	-13
-1090	50	3970	28	72	-32
-1085	88	3997	32	45	-52
-1095	95	4001	34	19	-47
-1136	116	3997	31	-23	-55
-1472	62	3855	-11	21	4
-1476	93	3785	-7	9	-23
-1488	103	3793	-11	28	-15
-1481	108	3773	-13	39	-1
-1465	108	3800	-15	50	7
-1475	122	3829	-20	26	17
-1516	108	3811	-15	-2	8
-1491	80	3797	-15	1	-12
-1477	83	3844	-16	-7	-14
-1480	118	3833	-16	-43	-5
-1476	124	3801	-22	-45	20
-1474	136	3754	-26	-12	34
-1472	104	3775	-29	12	39
-1487	91	3783	-26	11	44
-1502	86	3782	-29	9	46
-1514	52	3736	-33	24	36
-1510	42	3764	-25	40	12
-1498	51	3763	-11	35	-9
-1504	66	3754	3	29	-13
-1506	85	3737	10	49	-8
-1527	115	3780	1	67	-5
-1521	123	3810	-16	65	15
-1493	90	3820	-24	50	28
-1505	51	3811	-21	31	15
-1494	73	3827	-16	9	16
-1486	66	3843	-10	-1	26
-1504	62	3858	-12	-3	14
-1523	60	3842	-18	-12	-7
-1506	70	3784	-21	-9	-10
-1503	66	3759	-24	-6	-5
-1493	65	3720	-26	10	7
-1508	86	3736	-24	32	16
-1567	67	3774	-25	40	21
-1598	90	3807	-28	30	27
-1571	44	3719	-35	45	33
-1530	17	3736	-40	84	-12
-1539	24	3729	-42	72	-24
-1566	26	3684	-30	47	-64
-1571	44	3643	-22	39	-79
-1587	0	3485	-21	44	-73
-1636	-122	3227	-32	76	-121
-1583	-23	2928	-66	174	-151
-1465	63	2619	-104	330	-89
-1385	165	2332	-108	434	28
-1257	260	2004	-135	511	138
-1170	92	1785	-156	555	237
-1125	-187	1777	-167	654	-3
-1229	-2	2231	-54	822	-61
-1605	222	3276	122	656	573
-1636	24	5216	299	308	752
-2293	61	7943	202	-1183	194
-2298	-154	8631	122	-2390	85
-1716	-762	9371	256	-1478	-312
-4125	-41	10810	144	-103	-438
-4669	620	11814	-287	206	-831
-4099	823	11069	-338	126	-534
-3626	200	8492	-481	125	-314
-3091	1	5087	-357	234	-659
-2116	149	1811	-191	703	-831
-1211	-34	776	135	1412	-637
-642	59	878	132	1427	-333
-1558	52	1135	-251	-1572	208
-1113	50	-275	439	-5339	1037
-1618	332	-894	128	-4480	1532
-858	-270	-349	-227	-5323	779
978	-393	-577	-453	-7500	-107
2887	-129	-1465	394	-4308	-546
1963	172	-1577	165	-1081	-763
1000	278	-1203	-164	625	-419
347	9	-811	-125	1215	288
-128	-85	-585	60	1719	164
-619	222	-435	123	2246	33
-1058	-296	301	-167	1767	118
-993	-378	347	28	691	-14
-1233	249	469	-228	919	104
-5213	-1091	553	-150	2806	1056
-1157	1322	5206	222	7130	-784
-2094	-1198	16242	301	9459	1548
-8131	-843	19092	-127	557	-1214
-3736	340	9581	3	-4206	-1218
-612	703	5337	136	-2880	-1117
-20	1400	3837	206	154	590
-1464	172	5403	-37	2013	1266
-3164	-748	7244	7	1320	627
-2635	-722	6160	166	-581	-480
-1584	-280	4040	213	-1105	-783
-886	37	2959	248	-613	-590
-751	175	2640	194	47	-473
-1017	155	2638	118	378	-300
-1333	-91	2708	62	404	-190
-1514	-285	2848	41	366	-245
-1512	-171	3030	45	362	-297
-1463	144	3400	114	462	-142
-1579	246	3945	168	277	10
-1638	281	4148	199	-88	78
-1543	185	3979	160	-308	-6
-1280	78	3509	73	-303	-142
-1186	-51	3386	34	-141	-186
-1211	-119	3514	21	-22	-227
-1302	-155	3736	26	18	-204
-1388	-185	3916	47	3	-157
-1448	43	4013	52	-95	-101
-1463	259	3899	39	-227	14
-1391	307	3694	2	-260	101
-1268	187	3575	-49	-166	80
-1281	14	3564	-66	-29	16
-1356	-142	3691	-22	83	-29
-1443	-179	3835	27	69	-72
-1473	-80	3860	60	11	-102
-1443	70	3809	61	-27	-107
-1443	157	3788	55	-48	-50
-1427	129	3763	39	-49	1
-1384	75	3737	14	-7	34
-1371	21	3779	15	56	74
-1403	-25	3850	16	75	49
-1408	18	3877	4	40	9
-1433	28	3887	0	-1	1
-1399	18	3832	-16	-24	1
-1363	32	3747	-32	1	18
-1346	28	3720	-29	85	30
-1425	-6	3821	-19	126	52
-1506	-2	3861	-16	89	63
-1528	11	3826	-14	61	57
-1484	45	3822	-18	52	48
-1459	63	3769	-29	57	33
-1461	30	3743	-29	74	13
-1491	12	3752	-20	91	29
-1537	17	3775	-9	69	38
-1535	9	3782	2	46	22
-1513	72	3756	-3	31	5
-1562	29	3769	-19	40	39
-1571	45	3765	-23	40	46
-1581	40	3743	-18	44	62
-1556	33	3752	-21	50	69
-1572	15	3766	-19	37	61
-1583	24	3766	-19	17	52
-1574	44	3750	-17	13	51
-1569	61	3768	-16	7	60
-1576	26	3741	-18	9	65
-1586	15	3751	-20	12	63
-1604	29	3751	-13	13	69
-1575	23	3741	-2	7	67
-1544	-7	3727	3	-8	44
-1537	35	3781	-3	-8	41
-1559	71	3842	-15	-15	77
-1574	69	3870	-25	-1	102
-1550	53	3941	-33	-33	77
-1552	61	3904	-39	-131	87
-1544	17	3769	-46	-172	68
-1552	6	3639	-51	-136	54
-1560	9	3622	-50	-66	68
-1589	6	3674	-51	-15	81
-1632	3	3730	-49	1	68
-1678	15	3725	-45	-10	45
-1649	9	3705	-46	-13	25
-1613	7	3666	-35	-2	21
-1593	26	3630	-19	39	26
-1598	39	3658	-4	83	36
-1600	33	3711	5	101	49
-1601	39	3739	8	91	53
-1590	57	3736	6	73	46
-1581	65	3708	-12	74	31
-1577	117	3627	-44	83	38
-1601	91	3609	-74	82	46
-1571	6	3538	-95	75	13
-1532	-55	3499	-103	82	-25
-1514	-85	3481	-131	82	-71
-1519	-99	3389	-176	44	-116
-1422	-86	3196	-233	24	-222
-1305	31	2930	-242	12	-249
-1164	-16	2621	-153	13	-180
-1028	-158	2341	-45	4	-255
-871	-2	2054	91	-8	-287
-661	200	2069	231	21	-7
-894	207	2472	236	-88	218
-1431	351	3106	76	-120	356
-1818	299	4057	-87	-355	618
-1959	-21	4685	-231	-597	582
-1765	-107	4896	-186	-787	430
-1580	-186	5177	7	-478	238
-1927	-139	6279	95	-277	-30
-1972	-262	8270	126	-312	53
-2939	-526	10302	169	-727	-459
-3138	64	8934	46	-194	-414
-3337	599	10328	-205	1796	-122
-4489	712	12801	-381	1370	39
-4009	306	11148	-437	-685	24
-3014	-28	6354	-318	-1698	-225
-2225	-154	2507	-160	-962	-612
-1555	-269	743	99	-131	-378
-911	-276	280	286	499	129
-528	-366	560	74	268	380
-545	-375	399	163	-2423	477
-663	206	-582	437	-4467	698
-1361	571	-966	-67	-3989	658
-1021	577	-695	104	-4611	298
1330	607	-1250	258	-5988	395
2456	373	-1849	-78	-2541	974
1698	-90	-1463	-80	622	1046
812	-252	-807	-223	2240	923
16	-330	-397	-313	2792	764
-1161	-376	286	-107	2099	437
-848	-219	455	-40	1004	-48
-626	6	422	-19	385	36
-1067	-134	161	35	197	363
-1607	556	175	-192	627	562
-5224	-1663	474	-87	3395	1082
1266	222	6288	118	7961	-2583
-4654	-1143	18297	264	7960	447
-9356	-867	16902	-163	-681	-1656
-5038	398	9456	76	-3256	-1384
-377	1735	6282	424	-1089	-583
-1141	345	5778	205	157	282
-2366	-387	6192	158	204	68
-2250	-727	5197	217	-419	-420
-1915	-580	3685	244	-599	-773
-1405	-419	2984	325	-59	-828
-1277	-70	2990	427	183	-841
-1317	200	2816	411	-84	-829
-1273	311	2505	312	-206	-708
-1349	228	2543	166	1	-489
-1525	131	2714	46	209	-290
-1608	72	3054	29	459	-40
-1592	86	3586	53	618	-53
-1640	175	4184	150	446	-51
-1482	270	4319	166	-19	-96
-1329	394	3929	112	-337	-30
-1177	316	3572	19	-252	108
-1163	3	3575	-36	-49	185
-1251	-298	3722	-52	43	110
-1346	-339	3847	-44	25	-32
-1378	-64	3910	-26	-36	-103
-1456	237	3807	-10	-129	-9
-1448	316	3622	-2	-150	95
-1379	141	3590	-9	-59	133
-1399	-84	3760	-20	5	102
-1438	-229	3885	-14	-40	27
-1447	-200	3869	5	-114	-13
-1413	-117	3804	34	-101	-13
-1337	-58	3812	70	-24	-11
-1362	35	3865	78	-30	-34
-1397	79	3880	54	-58	-34
-1431	127	3798	26	-74	-46
-1444	85	3743	-17	-44	-32
-1448	-20	3718	-39	13	-3
-1458	-118	3759	-45	80	-8
-1464	-173	3791	-19	59	-32
-1438	-164	3779	16	37	-80
-1445	-105	3832	35	33	-119
-1481	-13	3832	19	3	-154
-1453	36	3723	3	21	-131
-1441	37	3721	0	91	-79
-1414	39	3737	-2	142	-34
-1420	44	3782	-12	176	-4
-1449	48	3840	-18	169	18
-1527	35	3849	-33	125	39
-1541	40	3800	-45	93	44
-1530	8	3789	-40	105	64
-1528	-29	3793	-37	79	50
-1523	-13	3754	-35	67	42
-1673	15	3700	5	-8	-7
-1663	-7	3697	9	2	-13
-1666	7	3717	5	16	-21
-1679	15	3731	4	5	-27
-1694	32	3728	4	-18	-29
-1696	14	3728	5	-29	-27
-1669	19	3694	8	-17	-27
-1647	16	3721	9	-1	-21
-1665	4	3715	6	-1	-18
-1658	20	3718	9	-10	-20
-1671	9	3716	11	-19	-27
-1672	14	3718	15	-20	-29
-1666	22	3716	11	-9	-15
-1653	11	3717	14	-9	-4
-1654	5	3712	11	-10	-4
-1660	29	3718	7	-5	-1
-1658	25	3713	4	-4	6
-1669	-3	3718	2	-10	-8
-1665	32	3758	3	-16	-5
-1669	28	3679	-1	4	21
-1642	5	3713	-2	56	10
-1629	17	3751	-8	29	14
-1646	3	3730	-6	-25	18
-1690	-8	3658	2	-20	3
-1693	-8	3661	8	28	7
-1684	4	3703	10	56	12
-1658	20	3734	8	48	13
-1666	34	3686	3	31	24
-1661	58	3657	1	42	22
-1698	63	3667	-6	35	38
-1710	40	3645	-12	42	52
-1698	-12	3620	2	70	42
-1696	-2	3621	12	82	26
-1700	1	3555	34	94	24
-1661	24	3492	49	116	2
-1659	85	3439	60	135	24
-1656	113	3320	52	149	65
-1637	142	3120	42	188	116
-1623	212	2822	15	226	169
-1547	348	2330	-7	286	287
-1193	385	1808	19	514	447
-816	259	1496	99	791	519
-605	20	1467	218	1052	570
-759	-193	1718	325	936	539
-1003	-341	1982	318	724	401
-1245	-179	2388	322	596	288
-1537	290	2931	299	502	389
-1778	559	3699	143	188	557
-2027	694	4278	59	457	811
-2662	335	5758	218	1328	1074
-3906	232	8598	75	1318	398
-5457	84	11296	-129	640	-155
-6115	-17	12459	-109	-538	-380
-5488	28	11510	-112	-1227	-317
-5077	551	10631	-462	-840	-596
-4987	820	11170	-852	-438	-1068
-5091	588	8986	-835	-540	-1573
-4418	1092	4751	-742	414	-1342
-2305	523	2322	-335	1096	-323
-1307	-322	842	192	1486	467
-711	-318	1194	282	2539	1203
-3612	-1182	2088	-251	-1222	2120
-4677	81	135	-1089	-9784	1751
-3875	1355	-1556	239	-5066	1049
-1922	77	-17	-792	-8164	-142
3347	73	-3495	-188	-11151	-1932
5262	1455	-6118	2072	-5619	-1303
2485	1298	-5462	-1409	1698	1065
1961	-1355	-2769	-893	6215	1877
1142	-687	-120	-111	8799	1440
-1156	-648	1612	702	6893	1697
-1233	-669	1400	-1442	4013	435
-405	-558	1074	73	4564	-887
-1068	261	2228	158	3002	-1364
-736	348	2919	173	359	-785
-1041	-112	1831	-105	-2923	-47
-652	-123	-15	-429	-3807	-126
-1359	23	-563	-34	-3169	62
-3136	656	-716	-286	-3073	604
-5900	-1966	-1368	-23	-572	874
3379	2035	3893	629	8327	-1613
-8486	236	17749	1009	10479	1906
-12843	-585	20239	-520	58	-1034
-4108	-1843	9718	-148	-4646	-1458
-2166	-51	4675	802	-2712	-1382
-1393	1042	4579	937	1376	-515
-2992	557	7588	412	1969	-358
-3540	264	7838	218	165	-316
-2735	-22	5649	265	-1204	-205
-1775	-174	3476	307	-1195	-291
-1402	-370	2813	286	-253	-546
-1608	-299	3153	316	270	-766
-1682	-47	3194	322	-21	-718
-1555	198	2719	295	-455	-562
-1476	267	2255	272	-532	-385
-1347	228	1912	231	-326	-281
-1344	135	1878	173	136	-244
-1837	-23	2302	121	546	-206
-2183	81	3020	89	956	-170
-2003	211	4146	125	1237	-21
-2054	210	4909	163	522	-75
-2166	402	4450	191	-656	-48
-1890	442	3498	130	-1062	75
-1489	325	3002	37	-656	197
-1367	155	3157	-31	-145	268
-1534	-9	3482	-69	42	259
-1777	-24	3729	-107	-15	238
-1860	2	3954	-107	-148	241
-1828	13	3953	-93	-431	192
-1724	45	3587	-72	-597	171
-1648	37	3318	-56	-519	145
-1665	85	3372	-36	-320	138
-1740	40	3577	-44	-228	75
-1788	41	3692	-44	-259	27
-1767	-15	3681	-29	-315	13
-1685	-82	3694	1	-341	-79
-1650	-37	3640	27	-367	-144
-1673	65	3578	42	-357	-180
-1688	172	3584	68	-300	-198
-1686	209	3597	83	-244	-167
-1676	173	3595	82	-205	-122
-1705	174	3544	59	-167	-117
-1706	181	3580	36	-78	-105
-1743	185	3681	13	-52	-89
-1750	164	3746	-1	-127	-59
-1759	168	3668	-18	-204	-24
-1672	143	3578	-15	-173	50
-1665	108	3551	-3	-81	83
-1690	64	3635	-15	-7	85
-1724	79	3686	-37	19	67
-1714	114	3644	-12	93	90
-1733	105	3681	-3	99	90
-1732	118	3710	-1	81	72
-1760	119	3729	4	40	43
-1783	103	3729	0	2	17
-1786	117	3702	-3	-28	12
-1765	115	3686	-3	-39	23
-1752	102	3647	-1	-46	22
-1739	103	3638	2	-24	1
-1741	111	3646	8	2	-8
-1748	98	3588	14	38	-20
-1738	109	3669	23	75	-40
-1769	134	3729	14	35	-2
-1795	111	3681	10	-13	-5
-1795	122	3651	10	-19	-36
-1780	142	3648	8	-11	-52
-1793	146	3632	-1	-10	-30
-1789	125	3601	-2	9	-12
-1817	127	3613	-7	23	-16
-1805	146	3601	-18	21	-17
-1769	147	3642	-15	43	-13
-1752	128	3681	-16	64	-13
-1778	146	3671	-21	83	7
-1789	148	3628	-30	78	31
-1766	151	3564	-28	83	54
-1752	163	3470	-21	154	65
-1746	138	3416	-10	276	63
-1785	151	3430	-7	405	50
-1859	134	3478	-12	496	46
-1914	114	3469	-21	539	33
-1901	144	3467	-23	560	42
-1918	200	3420	-25	578	80
-1896	227	3341	-14	623	112
-1915	208	3278	-12	705	138
-2008	181	3175	-27	802	111
-2037	115	3063	-30	940	86
-2105	63	2999	-24	1035	18
-2084	144	2812	7	1118	-12
-2013	126	2558	67	1286	-11
-1860	118	2310	185	1468	-48
-1654	162	2094	351	1644	-51
-1510	64	1835	518	1743	21
-1426	66	1557	558	1839	61
-1241	267	1252	500	2175	176
-1101	439	1353	456	2632	501
-1530	-79	2017	362	2665	450
-1859	-120	2303	308	2467	-35
-1937	-136	2620	293	2590	-298
-1966	-33	3330	251	2725	-495
-2463	210	4476	160	2491	-684
-3127	622	5880	56	1803	-588
-4355	571	7214	-10	557	-326
-5315	777	7356	-144	-776	54
-6167	1030	7256	-156	-1197	833
-7043	968	8077	-155	-753	625
-7839	693	9882	-297	-895	-92
-8231	-89	11847	-482	-1744	-274
-7763	-426	11962	-371	-3476	45
-6380	-594	9995	-31	-4350	-353
-5416	-135	6112	433	-3839	-2430
-5358	2231	288	-102	426	-2432
-1518	1264	2854	-72	2305	-878
-1678	622	5797	-950	363	781
-5373	-1127	3052	-687	-8099	1627
-3670	-897	-896	-740	-13543	1360
-5917	-67	-1295	-361	-10048	1121
-1179	213	-3826	-232	-11585	1347
2470	-522	-8542	143	-8812	-207
1665	671	-7952	1298	-2051	-882
2119	771	-4336	113	2912	717
1301	-574	-829	-305	5619	544
636	-747	438	252	7205	-340
-398	-219	1899	335	6142	-192
-1046	-4	1888	-824	1360	61
-15	-907	576	-1768	102	-673
-1017	551	1580	390	1443	-1214
-193	582	1435	-11	-694	-798
-181	195	880	-160	-1941	25
-46	-279	202	-224	-2169	361
-469	-728	123	-187	-1636	263
-917	-317	667	-30	-1850	-196
-2873	429	932	-196	-2642	-465
-7113	-674	-2419	-92	-1357	757
2042	-672	3296	999	5050	-2314
-1516	1592	12916	331	9057	425
-11126	-1836	15970	-234	4290	-1254
-7116	-244	13457	179	-909	-2468
-3560	841	8018	820	-2522	-1271
-1258	1874	5220	496	-513	-755
-2439	817	7392	81	804	447
-3280	-413	7242	117	-313	275
-2660	-733	5562	199	-792	-20
-1482	-755	3844	317	-330	-302
-1256	-312	3513	339	869	-665
-1748	200	4204	249	1239	-790
-2037	668	4386	196	626	-410
-1783	507	3876	113	-56	31
-1377	287	3240	44	-277	248
-1212	-14	2956	53	-242	323
-1141	-232	2704	40	-206	174
-1088	-105	2511	21	-61	70
-1093	142	2570	-30	266	173
-1182	201	2984	-76	543	274
-1373	226	3437	-78	496	306
-1531	180	3604	-63	191	415
-1587	92	3592	-59	-4	418
-1585	70	3710	-63	-71	422
-1613	-70	3890	-55	-186	456
-1559	-254	3896	-83	-267	331
-1513	-282	3807	-102	-265	99
-1467	-143	3735	-82	-206	-56
-1440	-6	3715	-38	-225	-108
-1415	117	3661	-1	-238	-78
-1440	157	3666	40	-234	17
-1477	51	3631	82	-238	55
-1513	34	3626	91	-216	12
-1544	47	3700	74	-193	-27
-1510	34	3757	61	-235	-110
-1505	-6	3826	55	-289	-178
-1547	7	3763	52	-326	-200
-1544	70	3716	69	-288	-191
-1525	86	3799	77	-277	-193
-1542	149	3829	67	-333	-192
-1487	201	3827	39	-367	-177
-1461	234	3813	8	-374	-135
-1491	207	3790	-22	-384	-95
-1509	146	3698	-44	-379	-68
-1449	92	3634	-54	-333	-61
-1397	70	3596	-61	-278	-69
-1375	98	3649	-71	-214	-66
-1633	-113	3930	-86	424	-363
-1655	-189	3965	-88	292	-358
-1628	-199	3915	-98	188	-348
-1607	-187	3849	-91	153	-310
-1525	-145	3804	-76	144	-230
-1515	-124	3838	-60	130	-164
-1515	-97	3838	-55	80	-73
-1532	-91	3867	-62	15	36
-1554	-83	3846	-65	-44	127
-1563	-44	3865	-76	-81	242
-1548	-86	3787	-82	-118	348
-1486	-86	3773	-79	-153	414
-1495	-137	3741	-69	-159	491
-1508	-201	3737	-41	-172	521
-1572	-301	3706	-11	-177	523
-1587	-346	3678	15	-152	517
-1624	-323	3704	57	-111	523
-1675	-315	3733	101	-94	508
-1746	-407	3772	135	-104	394
-1751	-350	3755	149	-100	261
-1686	-237	3710	124	-94	211
-1676	-74	3701	78	-87	177
-1692	92	3684	19	-83	209
-1659	222	3667	-28	-81	307
-1566	248	3685	-55	-96	423
-1496	191	3732	-60	-107	530
-1535	123	3767	-80	-124	615
-1541	49	3794	-113	-99	652
-1499	-27	3870	-121	-68	635
-1520	-25	3889	-121	-108	565
-1493	-1	3785	-103	-150	529
-1467	35	3694	-86	-137	494
-1447	53	3662	-80	-67	460
-1492	110	3682	-107	-30	453
-1578	120	3696	-129	-59	481
-1642	222	3488	-173	-113	503
-1666	365	3167	-223	-95	640
-1629	412	2786	-255	-5	796
-1467	337	2386	-277	140	845
-1275	225	2083	-261	319	817
-1153	4	1893	-182	464	727
-1177	-377	1726	-16	545	555
-1086	-668	1651	207	796	136
-1005	-396	1991	327	846	-183
-1241	107	2394	328	694	-291
-1704	609	2758	232	443	78
-2011	713	3102	261	407	841
-1770	199	3548	415	919	1211
-1968	-216	4767	603	1239	925
-2880	-62	5784	635	1126	344
-3548	219	7130	389	1166	-144
-4340	582	10096	163	925	-422
-5496	197	12477	364	-207	-308
-5550	393	11578	213	-1351	-142
-4762	1126	10665	-324	-963	-517
-4757	1473	10617	-494	-532	-315
-4346	893	9334	-454	-734	77
-4561	-51	4991	-248	188	-618
-2787	85	1933	-51	1652	-619
-985	92	1637	93	2116	-341
-279	402	2362	-83	2070	206
-2759	-220	2497	-815	-2603	828
-3362	-602	-422	-908	-10510	1381
-4113	-171	-1471	-737	-6152	968
-2427	397	-752	-360	-8526	-49
1426	299	-2401	-304	-10381	-1210
3982	658	-4736	1721	-7089	-1256
3545	1936	-4870	1595	643	-28
1703	-331	-2788	-1083	4498	1667
659	-687	-126	-203	5841	1098
-704	-685	1195	-394	4179	440
-551	-380	669	-384	2712	196
-984	-190	906	-256	2192	238
-689	-230	905	25	1222	49
-461	-81	1007	216	248	-387
-153	150	931	150	-815	-579
-333	347	405	108	-1655	160
-1759	647	-160	218	-1451	1141
-4331	-316	-773	61	-341	2011
-952	-2242	479	116	3703	-814
2225	3217	8614	-640	11536	-2625
-9755	1155	16913	438	9561	1519
-11630	-545	19447	-367	1073	-894
-3875	-1406	7549	347	-4251	-822
-1179	898	3475	706	-772	-1238
-1923	1570	6565	467	1521	-553
-2930	1282	7991	105	275	24
-2516	694	6029	-46	-1483	157
-1713	-9	3799	-76	-1599	208
-1149	-407	2553	74	-582	138
-1299	-385	2855	241	583	23
-1748	2	3522	246	789	-216
-2044	534	3816	170	388	-246
-1912	733	3643	44	-82	-123
-1586	583	3284	-30	-211	-23
-1438	406	2991	-59	-121	20
-1327	294	2876	-118	104	44
-1420	218	3143	-121	304	89
-1543	88	3545	-48	326	34
-1609	28	3830	-4	202	-116
-1622	134	3819	4	28	-183
-1628	312	3620	9	-105	-121
-1627	463	3493	-14	-154	1
-1637	438	3496	-37	-156	76
-1594	332	3480	-60	-160	34
-1633	169	3504	-89	-153	-58
-1635	61	3528	-89	-149	-142
-1646	43	3617	-58	-129	-164
-1638	65	3697	-20	-158	-134
-1615	143	3686	-10	-176	-88
-1624	205	3743	-9	-146	-70
-1671	227	3756	-16	-184	-86
-1620	213	3660	-31	-212	-127
-1573	207	3585	-19	-219	-144
-1609	199	3559	4	-216	-117
-1656	170	3581	16	-200	-75
-1684	209	3651	-4	-212	-46
-1726	214	3644	-58	-258	-39
-1694	248	3533	-121	-243	-48
-1594	209	3545	-137	-143	-64
-1604	150	3719	-84	-93	-69
-1672	122	3844	-44	-165	-49
-1723	210	3865	-45	-264	-38
-1709	317	3764	-60	-316	-4
-1650	346	3635	-61	-292	59
-1559	318	3619	-85	-243	81
-1552	251	3649	-116	-203	137
-1615	150	3742	-124	-224	116
-1671	170	3731	-128	-259	49
-1664	171	3695	-125	-279	31
-1656	80	3744	-1	306	102
-1659	94	3787	-16	262	100
-1646	84	3836	-6	218	89
-1661	64	3866	20	148	87
-1691	43	3828	35	66	91
-1696	32	3701	16	50	57
-1663	68	3645	-7	137	35
-1707	45	3667	-14	201	46
-1760	32	3673	-4	240	21
-1759	23	3690	7	260	-22
-1794	51	3686	8	208	-42
-1829	89	3646	-5	148	-25
-1858	132	3532	-32	178	-14
-1836	101	3415	-44	315	-27
-1821	92	3485	-39	409	-55
-1814	58	3514	-22	428	-20
-1832	52	3536	-3	417	-24
-1878	114	3523	14	446	21
-1882	121	3619	24	506	71
-1868	48	3769	9	539	48
-1891	-3	3915	-13	454	10
-1916	-28	3925	-17	298	-31
-1898	-18	3859	-5	132	-45
-1873	27	3737	-1	29	-42
-1855	33	3580	-4	18	-21
-1847	13	3504	-5	56	-37
-1867	8	3481	-16	80	-73
-1918	16	3434	-9	78	-61
-1981	24	3352	12	94	-40
-2008	44	3326	35	159	-16
-2030	95	3317	37	234	4
-2043	132	3338	15	300	38
-2001	178	3369	-26	376	65
-1979	180	3423	-54	405	108
-1948	141	3374	-67	390	131
-1908	140	3205	-82	369	100
-1882	173	2866	-127	393	103
-1821	346	2514	-145	574	201
-1628	294	2386	-83	899	379
-1668	58	2547	38	1113	397
-1722	-51	2473	145	1055	238
-1526	-6	2193	257	994	130
-1247	244	2059	325	989	145
-1058	457	2142	392	739	469
-1138	344	2101	393	399	745
-1321	323	1828	247	347	822
-1494	183	2052	140	792	1005
-1857	-167	2780	85	1198	972
-2374	-163	3694	99	1510	581
-2922	-92	4886	304	1611	349
-3662	381	6043	463	1187	93
-4325	771	6577	399	243	111
-4400	570	6532	313	-476	27
-4180	78	6506	257	-730	-161
-4211	-64	7206	227	-585	-267
-4844	283	8909	154	-604	-144
-5963	-334	10435	-78	-1403	-1188
-6176	432	10346	-623	-1913	-1496
-5673	1206	10082	-808	-2126	-735
-5166	1559	9337	-763	-2126	-902
-4411	1741	7106	-698	-1393	-1031
-3675	1174	5075	-736	-507	-682
-2727	-217	2579	-307	-361	77
-1514	-702	1062	313	-371	653
-1579	-991	1385	369	-990	1186
-4807	-1018	1162	-150	-7734	1864
-5386	-1772	-2389	-362	-9319	2001
-4539	280	-573	-247	-8704	538
499	377	-2497	-733	-11625	-1694
3232	395	-5715	755	-10603	-2738
4589	2874	-7285	1606	-2351	-1281
3082	927	-4081	-978	4019	1417
1326	-1151	-920	-1174	6975	877
-197	-1493	803	-273	6760	-145
-903	-611	1469	-95	4480	-555
-1572	-430	1140	-1264	1258	-1060
-817	-373	756	315	2264	-1212
-960	100	1297	198	361	-1159
-758	419	1136	123	-967	-918
-514	356	274	224	-2179	-672
-406	391	-92	413	-2316	-350
-439	292	-478	309	-1514	-64
-1622	779	-618	-1087	377	178
-5085	-726	-890	63	2800	877
1855	-79	3759	583	7357	-1929
-334	-484	10710	72	13843	253
-9479	-1043	17038	669	7540	-2405
-10114	173	17626	-48	-405	-1791
-3271	1548	6856	473	-3104	-1473
-1618	1078	5768	660	-508	468
-2439	-504	7316	531	-28	157
-2619	-676	6860	569	-1461	-828
-2197	-75	4531	474	-1963	-1007
-1445	535	3398	405	-934	-927
-1522	684	3440	347	99	-768
-1934	593	3781	324	711	-410
-2362	243	4441	296	620	-24
-2310	-33	4462	133	193	-56
-2126	-9	4022	8	-226	-55
-1885	145	3398	-83	-400	-26
-1642	249	3017	-123	-191	26
-1598	199	3082	-114	139	78
-1742	-2	3481	-102	239	65
-1810	-171	3601	-139	117	51
-1763	-144	3566	-158	55	19
-1724	-41	3549	-116	-4	76
-1638	2	3451	-43	-91	165
-1539	10	3212	-4	-25	262
-1603	-109	3243	-28	56	257
-1730	-174	3253	-62	40	112
-1749	-201	3331	-45	63	-46
-1734	-167	3442	-14	14	-92
-1671	-141	3460	25	-25	-128
-1562	-62	3419	74	-61	-140
-1527	-41	3448	109	-108	-101
-1521	-14	3463	130	-152	-80
-1555	-50	3485	141	-132	-108
-1603	-85	3564	159	-75	-149
-1592	-119	3676	172	-93	-205
-1613	-96	3733	192	-177	-278
-1627	-6	3664	215	-285	-288
-1601	81	3569	226	-291	-258
-1538	129	3580	216	-207	-251
-1533	183	3661	192	-164	-220
-1580	118	3728	168	-198	-161
-1636	47	3666	138	-230	-192
-1624	38	3609	120	-164	-212
-1611	47	3591	116	-92	-257
-1586	101	3523	113	-37	-295
-1564	98	3565	99	76	-274
-1699	40	3760	6	54	-53
-1687	14	3760	-4	11	-62
-1685	29	3711	-5	-8	-53
-1658	45	3649	-1	12	-30
-1635	39	3651	-3	57	-9
-1680	52	3669	-9	95	11
-1688	68	3685	-14	110	35
-1687	51	3682	-15	104	53
-1694	19	3675	-28	104	57
-1705	44	3668	-40	109	66
-1738	57	3678	-30	118	100
-1739	32	3621	-13	171	118
-1730	-22	3652	3	243	66
-1738	-24	3646	5	230	31
-1729	-35	3621	8	213	-23
-1794	63	3599	14	222	-25
-1830	165	3566	20	223	80
-1882	213	3458	21	256	163
-1909	109	3301	17	368	161
-1830	42	3276	3	549	108
-1817	57	3365	-5	686	132
-1912	85	3539	-2	707	173
-2020	106	3701	0	685	171
-2084	105	3820	-28	612	160
-2055	49	3791	-60	496	118
-2002	-6	3667	-80	391	49
-1952	-47	3520	-82	362	-27
-1920	-67	3463	-61	400	-75
-1924	-6	3480	-47	451	-85
-2024	112	3505	-41	469	-18
-2074	96	3422	-32	514	78
-2074	54	3441	-33	547	65
-2100	0	3443	-28	523	27
-2145	37	3415	-25	458	-1
-2137	115	3348	-12	444	57
-2073	147	3192	-10	409	124
-1981	170	2933	-19	381	184
-1857	221	2614	-39	385	236
-1692	289	2291	-46	469	327
-1632	211	2135	18	624	434
-1520	-114	2063	133	772	399
-1416	-278	2073	189	907	174
-1252	-112	2106	207	816	52
-1092	148	2206	217	574	43
-1207	341	2526	238	194	166
-1206	433	2720	185	-274	304
-1537	375	2967	154	-444	552
-1898	537	3305	108	-358	699
-2180	587	3896	64	217	901
-2876	157	5376	16	958	318
-4402	307	7620	-13	854	-171
-5837	537	10132	98	18	-88
-6609	586	12019	255	-1240	208
-6106	-65	11261	72	-2316	-261
-5627	379	10170	-365	-1913	-726
-5460	758	10300	-481	-1624	-557
-5055	764	9218	-236	-1823	-407
-4246	701	5617	-202	-912	-571
-3491	303	3160	-464	-100	-241
-2034	-254	1663	-237	-119	-160
-28	-108	1492	213	-488	-119
260	-284	1783	237	-2490	554
-2483	-739	484	-104	-6254	1204
-4309	-931	-1103	-196	-6903	595
-4111	423	-984	-214	-8012	-235
-1931	542	-1041	-158	-9268	-539
1308	109	-2768	277	-10374	-677
3283	789	-4513	1581	-6503	-551
3035	725	-4046	646	233	-213
1537	-384	-1978	-514	3043	68
643	-477	-707	-1084	4412	99
-557	-903	439	-218	3279	174
-941	-460	403	-42	1561	-487
-856	215	231	250	1271	-905
-615	397	429	217	982	-688
-441	343	531	155	373	-431
-601	570	385	224	-8	-390
-1331	672	326	81	336	125
-5296	-341	-651	-255	2704	1008
-57	-816	4501	251	6990	-1509
761	1668	10552	-193	12420	-934
-7689	590	15158	580	8042	1101
-8458	-880	16836	-109	2555	-1230
-4733	-427	10135	349	-4138	-1229
-2741	-272	2904	82	-3054	-2236
-729	2006	4037	226	2433	-1065
-2779	1153	7989	201	2226	756
-3426	-349	7604	-1	-760	617
-2146	-360	4636	8	-1645	-138
-1045	191	3086	55	-852	-632
-870	705	2610	51	-26	-232
-1382	432	3042	12	608	287
-1739	222	3481	-102	574	306
-1684	189	3561	-172	67	239
-1480	-29	3281	-193	-266	212
-1413	-204	2954	-162	-166	105
-1348	-198	2954	-88	237	56
-1464	142	3367	-33	552	111
-1593	355	3842	-34	469	187
-1671	330	4111	-70	141	180
-1566	160	3831	-122	-141	140
-1466	59	3469	-135	-181	125
-1439	-62	3277	-98	-64	175
-1468	-138	3329	-45	106	136
-1605	-80	3585	-20	162	47
-1736	-32	3798	-15	69	3
-1802	19	3954	-32	-95	-60
-1709	75	3788	-48	-289	-89
-1575	113	3542	-57	-341	-65
-1459	94	3356	-36	-258	-34
-1467	27	3361	-17	-121	-65
-1558	-7	3474	-1	6	-85
-1682	47	3697	10	95	-105
-1766	106	3834	9	20	-93
-1762	205	3795	-31	-109	-104
-1720	282	3688	-74	-152	-59
-1695	215	3645	-74	-158	9
-1678	161	3639	-63	-138	50
-1653	142	3627	-65	-103	71
-1639	168	3672	-70	-62	106
-1638	201	3787	-71	-73	185
-1672	201	3824	-86	-142	220
-1675	207	3730	-128	-204	210
-1673	230	3642	-164	-183	225
-1638	198	3611	-188	-117	283
-1632	132	3608	-195	-85	307
-1639	51	3567	-193	-66	300
-1699	0	3540	-182	-34	262
-1758	-75	3594	-139	21	212
-1811	-126	3664	-78	36	177
-1603	-10	3698	-37	1	54
-1586	3	3670	-34	34	36
-1564	0	3715	-28	78	18
-1563	41	3747	-21	88	5
-1608	70	3769	-22	81	11
-1631	73	3757	-23	74	35
-1639	33	3750	-21	65	43
-1660	60	3732	-24	46	26
-1634	87	3729	-28	43	20
-1617	84	3712	-33	51	27
-1618	86	3720	-40	52	51
-1611	102	3676	-48	66	75
-1592	108	3638	-51	131	104
-1596	92	3753	-56	162	87
-1624	51	3823	-46	99	77
-1627	28	3815	-25	31	39
-1629	27	3733	-11	22	57
-1625	57	3726	-25	46	76
-1582	113	3780	-53	66	103
-1563	149	3781	-72	48	114
-1568	142	3766	-82	28	140
-1557	116	3762	-84	5	165
-1596	54	3708	-82	-5	191
-1621	9	3682	-65	17	201
-1640	-27	3671	-46	33	189
-1627	-2	3670	-31	25	156
-1617	-9	3637	-25	-2	118
-1616	-14	3571	-21	14	87
-1600	-1	3575	-2	42	57
-1594	-19	3572	45	18	55
-1536	-32	3519	112	-23	43
-1481	15	3463	178	-94	68
-1455	164	3319	208	-187	154
-1372	329	3200	181	-225	319
-1387	374	3071	85	-155	427
-1332	329	3039	-89	-24	463
-1350	149	3167	-212	64	472
-1477	-130	3268	-193	16	397
-1454	-401	3274	-68	12	195
-1475	-447	3216	48	-6	-1
-1427	-251	2934	143	-21	-159
-1489	31	2690	201	106	-209
-1275	226	2713	183	335	-125
-1240	338	2971	91	355	75
-1342	374	3171	27	309	276
-1582	216	3530	17	257	345
-1845	161	4004	53	148	333
-2083	112	4402	114	-69	258
-2099	94	4715	118	-73	199
-2207	433	5256	72	103	281
-2337	793	6116	68	151	423
-2588	741	7259	98	72	473
-3200	314	8452	94	-271	419
-3747	-164	8789	32	-407	-10
-4081	-185	8925	45	528	-211
-4261	486	10690	-27	988	77
-4297	789	11074	-262	155	-226
-3782	678	8956	-477	-678	-589
-2981	323	5367	-536	-336	-810
-2682	217	2486	-525	634	-734
-1579	55	865	-156	1131	-194
-575	-115	811	-97	1747	331
-577	-628	1485	-54	486	795
-2515	-1044	883	-210	-4680	1414
-2296	-780	-967	-11	-5739	788
-2326	-244	-599	-493	-6208	-688
-1138	336	-605	-801	-7484	-1873
1658	92	-2132	434	-8620	-1885
3541	1442	-3476	2238	-4107	-908
2520	2250	-2788	994	1573	156
1668	626	-1269	-1113	3336	1199
813	-136	-177	-1341	4130	1628
-1111	-1042	737	-651	3156	1655
-1067	-618	513	47	1353	794
-732	-467	576	26	767	-272
-454	76	534	95	9	-637
-993	55	242	-5	-363	-259
-1950	-13	19	-199	-97	237
-4792	-1024	-965	-340	2596	160
-1207	590	1382	228	6864	-996
755	1214	8232	146	12900	419
-9273	-561	16950	471	9046	609
-8883	-628	19720	-31	965	-718
-4749	-128	10127	450	-6247	-1306
-1424	1091	2713	325	-4751	-1328
-506	1363	2135	19	-238	-356
-2356	1055	4496	-165	2015	339
-3685	293	6532	-294	1574	748
-3170	-482	6945	-204	454	761
-2523	-829	5869	-98	-861	404
-2055	-562	4277	-38	-1277	-44
-1745	-305	3385	74	-1103	-326
-1538	38	2902	118	-718	-488
-1479	321	2737	80	-212	-396
-1521	383	2978	70	261	-179
-1664	180	3441	84	379	-6
-1812	39	3615	72	124	46
-1816	-33	3431	31	-71	30
-1672	-16	3260	-29	-99	-86
-1568	138	3073	-43	-59	-99
-1504	297	3100	-56	-12	-32
-1560	275	3201	-43	-4	104
-1660	145	3307	-7	-70	173
-1682	18	3241	3	-115	153
-1632	-59	3289	5	-51	178
-1607	-104	3481	-15	-36	157
-1639	-30	3584	-59	-112	66
-1650	7	3670	-60	-164	-31
-1699	30	3645	-38	-287	-88
-1673	51	3461	-19	-330	-89
-1630	51	3367	3	-253	-32
-1588	13	3426	32	-138	16
-1647	17	3632	43	-99	-2
-1719	60	3818	25	-154	-64
-1753	146	3803	-2	-259	-74
-1721	200	3683	-35	-307	-26
-1669	180	3579	-66	-255	35
-1627	127	3514	-75	-171	82
-1623	43	3525	-80	-110	84
-1651	-38	3574	-68	-39	42
-1737	-87	3713	-39	-23	-36
-1794	-68	3773	-2	-91	-98
-1789	-3	3685	26	-161	-116
-1710	25	3623	33	-148	-125
-1650	50	3680	30	-83	-136
-1640	153	3780	15	-58	-108
-1634	222	3808	7	-97	-30
-1634	232	3788	5	-157	23
-1646	222	3770	-7	-205	59
-1635	148	3661	-20	-208	120
-1484	23	3768	-14	-147	62
-1493	12	3727	-17	-140	34
-1544	43	3728	-33	-135	38
-1592	74	3709	-46	-123	56
-1627	62	3679	-58	-87	83
-1658	28	3662	-65	-28	85
-1642	-29	3655	-59	46	49
-1599	-64	3702	-50	101	-2
-1584	-40	3735	-39	94	-24
-1594	-11	3683	-32	92	-29
-1642	44	3653	-29	137	-34
-1653	55	3693	-29	182	-45
-1632	43	3690	-27	189	-34
-1587	10	3660	-29	221	-12
-1602	-5	3711	-23	232	-9
-1648	34	3715	-11	236	-14
-1625	30	3745	-5	254	-3
-1624	30	3767	-5	252	-20
-1635	-14	3765	-1	207	-19
-1647	-14	3696	4	165	-26
-1639	5	3621	20	178	-24
-1604	-12	3621	40	234	-30
-1619	-23	3698	50	246	-51
-1633	57	3749	33	206	-40
-1657	52	3719	22	203	1
-1616	45	3771	19	228	-30
-1592	84	3832	11	128	-9
-1605	64	3705	11	-17	35
-1600	37	3463	17	-60	27
-1568	-23	3316	38	6	-12
-1537	-36	3251	34	89	-24
-1528	-17	3159	38	113	-2
-1513	-1	2983	61	129	8
-1398	41	2822	84	193	-9
-1328	206	2711	99	235	68
-1307	177	2627	130	285	232
-1335	-7	2614	102	310	210
-1483	-161	2641	64	408	94
-1597	-284	2610	67	591	2
-1602	-287	2816	129	798	-168
-1546	-81	2994	247	795	-298
-1419	-27	3294	401	627	-253
-1433	-32	3497	365	353	-302
-1583	184	3546	200	21	-347
-1660	468	3379	144	-38	-88
-1699	376	3512	256	246	194
-1792	-77	3844	359	497	174
-2102	-232	4334	387	711	-10
-2601	3	5018	318	825	12
-3005	316	5732	268	728	205
-3219	555	6353	208	508	32
-3437	783	7114	174	302	-77
-3644	610	7924	115	115	-174
-4186	194	8181	57	155	-210
-4643	-200	8992	82	411	-391
-4800	-159	10411	223	171	-403
-4874	747	11166	93	-1202	-335
-4519	1243	9718	-260	-2294	-435
-3790	797	6540	-445	-2096	-1529
-3872	196	3239	-430	-287	-1973
-2759	-31	3201	-222	500	-1079
-602	-405	2899	-18	-884	596
-693	-969	2312	-52	-2409	1564
-2204	-1109	352	-25	-5106	947
-3564	-487	-1151	-312	-6521	-30
-3776	478	-1794	-302	-7837	-387
491	839	-4323	152	-7529	-625
2465	787	-6194	719	-4132	-117
3811	1316	-5542	559	2094	1090
1262	236	61	11	5965	1571
-2	-966	3180	-66	3917	734
142	-698	3403	-327	1573	-178
-316	-521	2954	-184	-20	-203
-584	-436	1920	-142	-1779	-439
-364	-43	495	-93	-2877	-561
-144	104	-829	-41	-3243	-575
87	381	-2010	65	-2747	-457
226	388	-2395	319	-1410	249
-736	551	-1686	498	96	962
-2866	-312	-680	19	1328	2148
-5315	-1618	-463	60	4706	904
2104	378	6861	489	10454	-1867
-6712	-68	21486	530	10884	437
-4186	1825	15662	-236	115	-1294
-4600	-255	11882	-51	-3702	-706
-1847	-142	4322	343	-2969	-1118
-628	2403	3571	319	1021	-963
-2070	1660	8094	67	2206	987
-3102	-367	8976	11	-562	1533
-1941	-903	5926	-34	-2098	799
-1001	-329	3464	-72	-1361	-254
-908	-39	3130	23	-166	-453
-1246	174	3772	215	367	-333
-1392	503	3898	182	144	-139
-1351	609	3583	25	-102	65
-1246	288	3306	-49	-135	169
-1152	-1	3120	-7	7	73
-1146	-99	3146	75	103	-34
-1121	8	3181	85	117	-106
-1064	72	3402	65	253	-142
-1133	14	3700	49	245	-263
-1266	46	3709	63	109	-352
-1302	202	3512	111	28	-300
-1219	369	3491	184	123	-88
-1206	402	3613	211	148	83
-1282	340	3693	170	104	79
-1272	256	3800	80	70	5
-1232	144	3931	-41	9	-111
-1218	101	3997	-110	-100	-187
-1198	54	3966	-75	-231	-163
-1134	24	3841	-6	-254	-152
-1116	112	3752	32	-206	-147
-1187	225	3732	55	-116	-83
-1255	264	3827	77	-54	-57
-1311	331	3939	65	-110	-52
-1324	344	3921	41	-245	-16
-1275	335	3819	-3	-298	16
-1217	295	3840	-43	-272	53
-1212	185	3841	-70	-227	27
-1210	103	3818	-85	-181	-29
-1273	121	3924	-77	-206	-64
-1322	144	3849	-68	-293	-69
-1301	229	3766	-64	-317	-103
-1273	310	3724	-70	-259	-49
-1248	320	3754	-64	-203	27
-1279	250	3795	-58	-177	36
-1298	226	3772	-55	-165	3
-1264	198	3729	-64	-106	-22
-1245	217	3773	-73	-65	-30
-1245	287	3820	-84	-54	-5
-1215	44	3799	45	-13	-146
-1215	-54	3769	39	66	-188
-1238	-113	3811	32	102	-236
-1233	-118	3804	15	131	-288
-1244	-91	3863	14	154	-314
-1248	-6	3883	4	136	-303
-1243	53	3857	-6	132	-269
-1211	53	3835	-11	152	-237
-1222	51	3894	-18	160	-205
-1220	8	3896	-23	158	-201
-1222	-29	3879	-27	140	-239
-1225	-69	3845	-25	149	-283
-1200	-122	3873	-10	180	-346
-1210	-104	3926	11	175	-379
-1214	-29	3951	35	164	-365
-1210	24	3988	46	157	-327
-1227	59	3982	49	140	-292
-1237	33	3977	47	89	-264
-1236	-1	3860	46	55	-251
-1273	-40	3792	51	67	-267
-1277	-66	3757	64	109	-297
-1277	-67	3761	76	153	-305
-1292	-64	3768	82	172	-301
-1322	-101	3771	102	184	-325
-1365	-130	3745	132	194	-387
-1340	-113	3684	171	239	-421
-1286	-82	3720	221	266	-428
-1263	-2	3800	271	222	-375
-1290	62	3810	341	94	-282
-1294	235	3799	379	27	-154
-1293	309	3755	356	9	6
-1269	253	3729	263	54	102
-1247	172	3718	152	70	165
-1274	56	3552	84	38	170
-1254	-101	3248	57	65	153
-1224	-163	2900	23	191	55
-1200	-148	2501	-24	370	-67
-1129	77	2172	-34	518	-44
-924	164	1956	7	773	232
-808	121	2094	29	1092	403
-957	79	2493	101	1116	484
-1237	-113	2932	144	935	448
-1442	-108	3272	26	643	97
-1401	121	3571	-141	513	-145
-1338	391	3985	-133	220	-37
-1364	389	3986	110	-35	397
-1430	86	4073	351	308	483
-1964	63	4310	326	628	338
-2377	252	4591	229	1062	346
-2468	266	5608	213	1620	363
-2823	3	7509	288	1562	273
-3447	-133	9486	316	715	67
-4020	50	10414	156	-358	-115
-3617	624	10346	-155	-653	-283
-3280	878	10965	-504	-566	-115
-3653	1232	11140	-853	-815	507
-3610	1446	10102	-913	-1203	631
-3700	648	7261	-913	-359	17
-3533	358	3222	-642	948	-167
-2080	-90	1710	37	2275	203
-1311	-654	1990	282	2390	307
-2055	-1311	3081	274	873	762
-3977	-1048	1804	-755	-4754	1012
-2459	-919	-687	-676	-6693	957
-2943	574	-305	-359	-7252	800
-965	630	-1306	-305	-9089	40
1588	885	-3356	-264	-8421	-1157
2930	1403	-5278	-419	-4388	-1364
2941	946	-5094	-881	1289	695
1876	-340	-1819	-702	5667	1459
284	-656	369	-334	6123	1423
-968	-315	1248	-178	4679	1232
-1018	-197	1026	-722	1486	821
-578	6	709	95	2005	444
-554	-18	1026	-48	548	356
-374	114	995	-76	-184	669
-534	115	842	-75	-920	913
-530	90	640	-106	-1416	981
-2274	502	370	-149	-1806	1071
-6714	248	-1855	-423	-798	2404
-518	-524	953	145	4798	460
1524	578	8095	-181	10677	182
-8630	-3647	17040	-132	9048	1197
-8404	-2603	16326	-135	2667	-2730
-4640	74	10954	1017	-3201	-1906
-1744	2048	5074	1307	-3327	-1455
-1317	2292	4422	358	-818	-612
-2060	1124	5177	-176	-170	527
-2856	-190	5147	-114	-65	927
-2585	-1133	5129	62	40	328
-2264	-1023	4897	215	-91	-506
-2215	-311	4442	307	-181	-894
-2129	168	4139	320	-181	-912
-1948	324	3934	276	-205	-827
-1765	276	3671	219	-227	-738
-1689	109	3530	211	-75	-666
-1711	-2	3594	211	-22	-583
-1758	6	3650	187	-30	-465
-1772	38	3767	120	-101	-458
-1735	104	3776	82	-185	-421
-1626	112	3638	68	-210	-348
-1549	110	3602	91	-104	-233
-1619	215	3661	70	-84	-119
-1657	312	3646	15	-149	25
-1611	270	3597	8	-211	112
-1515	72	3407	-2	-302	64
-1420	-55	3158	-22	-318	55
-1462	-101	3061	-42	-230	12
-1451	-118	3015	-2	-164	-8
-1390	-94	3046	13	-83	-94
-1459	-120	3183	28	-86	-224
-1557	-134	3250	42	-160	-356
-1632	-108	3359	60	-146	-493
-1620	-96	3539	98	-31	-520
-1601	16	3833	102	-9	-464
-1623	47	3997	77	-128	-312
-1694	-16	4069	48	-342	-301
-1625	103	3874	24	-423	-271
-1446	171	3680	24	-366	-101
-1393	92	3544	23	-291	16
-1445	-70	3525	6	-227	-30
-1521	-171	3560	-26	-218	-114
-1569	-247	3597	-62	-211	-229
-1607	-251	3615	-62	-201	-304
-1569	-214	3626	-39	-178	-328
-1501	-205	3650	1	-105	-315
-1541	-240	3764	22	-65	-337
-1589	-233	3795	29	-104	-399
-1536	-157	3725	25	-132	-412
-1485	-78	3700	20	-121	-369
-1467	-124	3790	-21	25	72
-1490	-108	3783	-24	33	87
-1498	-117	3780	-25	47	98
-1517	-148	3762	-30	60	94
-1510	-134	3771	-39	61	87
-1517	-132	3773	-35	57	103
-1504	-162	3754	-27	108	108
-1479	-182	3793	-26	110	83
-1468	-189	3816	-22	89	48
-1495	-139	3815	-21	63	16
-1483	-124	3802	-14	67	40
-1504	-128	3807	-6	77	62
-1508	-135	3802	-1	79	71
-1516	-127	3771	-5	76	84
-1526	-117	3774	-8	81	92
-1524	-101	3764	-15	83	96
-1531	-106	3715	-25	95	117
-1531	-139	3711	-25	135	113
-1562	-108	3732	-34	159	85
-1568	-107	3785	-43	143	120
-1574	-129	3793	-40	105	121
-1570	-97	3722	-33	78	86
-1567	-68	3639	-28	95	91
-1556	-58	3625	-24	148	156
-1575	-101	3725	-41	178	207
-1581	-69	3858	-76	158	229
-1581	-27	3913	-92	99	224
-1544	6	3935	-90	35	219
-1511	-45	3885	-84	-38	223
-1484	-97	3822	-75	-92	248
-1494	-169	3730	-51	-119	280
-1546	-186	3642	-15	-100	274
-1569	-144	3558	25	-69	243
-1600	-21	3406	69	-58	242
-1532	-55	3230	118	1	259
-1502	-159	3038	121	70	191
-1516	-105	2855	67	160	152
-1336	147	2685	12	330	257
-1361	322	2468	8	513	500
-1284	181	2354	44	689	699
-1178	-188	2350	3	781	614
-1185	-455	2327	-121	831	301
-1091	-519	2442	-101	882	75
-1267	-500	2659	108	830	64
-1398	-310	2776	346	630	-20
-1445	-114	3166	456	436	-66
-1541	125	3699	390	210	-77
-1614	339	4144	275	106	144
-1758	464	4594	154	162	445
-2109	216	5178	144	262	554
-2543	-139	6169	128	277	208
-3031	-108	7592	63	32	-162
-3535	-318	8924	60	-507	-290
-3871	-565	9350	139	-781	-474
-3934	-400	9298	195	-479	-812
-3793	-226	9898	145	-193	-1016
-4009	-257	9897	-86	-517	-1203
-3975	-180	9163	-340	-957	-1385
-3649	142	7103	-433	-1237	-1984
-2783	809	3993	-415	-632	-1619
-2247	597	2141	-185	407	-1036
-1515	251	1089	284	494	-364
-695	-135	722	530	565	537
-88	-425	957	742	-311	903
-609	-388	585	432	-2800	1417
-1001	-676	-429	22	-4484	1044
-1827	-738	-361	-96	-4348	13
-939	100	-393	-385	-5813	-1206
588	-126	-915	-278	-7576	-2001
2515	836	-2262	768	-5257	-2094
2031	1112	-2039	727	-277	-799
628	815	-1161	284	2145	356
-45	266	-413	-783	2463	795
-218	-127	88	-697	2542	908
-682	-505	452	-139	1001	811
-656	-633	286	287	58	302
-1074	-68	380	267	463	-399
-4611	-549	-8	62	1609	61
-1092	-1421	2766	826	4018	-547
-242	296	10150	254	7878	-2683
-5027	243	15221	389	5141	-639
-6560	206	13532	-35	-166	-736
-3271	-461	8200	258	-3272	-1230
-1574	146	4619	287	-2228	-1201
-1841	-94	3946	73	986	-926
-2728	370	8158	200	65	-314
-2728	370	8158	200	65	-314
-2006	89	5430	128	-1588	-232
-1156	-238	3220	99	-1199	-260
-880	-188	2569	60	-135	-489
-1064	49	2807	89	658	-323
-1365	-22	3091	213	600	-10
-1581	-40	3301	256	313	-59
-1455	185	3156	180	-76	-207
-1248	377	2846	136	-52	-100
-1208	439	2920	53	233	123
-1247	366	3326	-24	447	413
-1319	188	3833	-99	436	540
-1348	50	4109	-147	205	517
-1258	-192	4056	-128	-32	413
-1158	-250	3760	-106	-113	270
-1078	-168	3581	-112	-1	214
-1202	-86	3659	-138	92	219
-1290	-14	3777	-152	63	225
-1321	24	3819	-163	2	242
-1350	-43	3823	-138	-53	273
-1326	-127	3805	-78	-62	258
-1309	-185	3885	-18	-43	181
-1327	-172	3965	3	-96	120
-1319	-92	3900	-8	-191	66
-1261	-28	3792	-24	-212	54
-1246	-28	3740	-18	-145	84
-1289	-16	3748	-20	-76	125
-1325	-30	3832	-16	-28	155
-1375	-111	3914	4	-51	117
-1417	-129	3895	20	-114	47
-1368	-163	3821	22	-139	-10
-1320	-108	3777	30	-112	-33
-1305	-67	3757	32	-81	-19
-1332	-114	3768	45	-13	-1
-1322	-206	3811	39	41	-10
-1349	-186	3892	22	45	-64
-1345	-96	3893	2	3	-106
-1358	-27	3843	-3	-9	-138
-1366	15	3797	-9	23	-149
-1413	21	3765	-21	67	-108
-1452	-36	3764	-36	116	-55
-1481	-52	3806	-59	113	-68
-1480	-24	3816	-70	51	-74
-1476	-50	3783	-61	2	-46
-1490	-42	3747	-1	42	-188
-1479	-30	3788	-11	51	-162
-1467	-40	3848	-15	50	-140
-1474	-97	3887	-20	11	-116
-1475	-137	3859	-28	-47	-138
-1458	-141	3741	-19	-44	-137
-1434	-175	3696	-15	52	-159
-1471	-122	3796	-11	90	-178
-1510	-92	3835	-8	54	-157
-1508	-87	3817	-11	6	-155
-1492	-72	3776	-21	-10	-135
-1495	-51	3767	-31	7	-94
-1524	-48	3780	-38	25	-59
-1510	-62	3795	-40	44	-35
-1493	-101	3804	-47	33	-31
-1479	-137	3792	-53	10	-42
-1485	-136	3797	-47	-9	-50
-1500	-125	3815	-38	-24	-37
-1491	-108	3775	-36	-25	-22
-1481	-108	3771	-36	-12	-12
-1464	-139	3766	-23	-7	-10
-1473	-150	3738	-12	2	-15
-1466	-126	3771	-13	16	-3
-1457	-57	3875	-19	15	34
-1450	-60	3962	-27	-29	63
-1411	-52	3941	-42	-100	77
-1374	-82	3881	-60	-153	78
-1365	-154	3833	-53	-138	95
-1385	-203	3829	-33	-88	81
-1423	-235	3801	-19	-61	39
-1457	-215	3751	-21	-34	0
-1496	-149	3701	-24	8	-8
-1531	-119	3706	-34	35	-6
-1562	-127	3658	-43	45	10
-1573	-143	3609	-56	88	37
-1584	-141	3678	-68	133	52
-1641	-177	3660	-73	127	58
-1633	-253	3604	-61	158	37
-1584	-316	3623	-46	154	-45
-1552	-391	3475	-29	142	-110
-1570	-389	3327	-28	177	-210
-1534	-265	3146	-60	229	-238
-1466	-106	2879	-105	278	-201
-1425	11	2441	-125	311	-144
-1255	33	1964	-183	383	-120
-1041	51	1610	-236	509	-195
-675	-3	1733	-197	762	-169
-879	-210	2374	31	913	86
-1732	-285	3693	334	676	480
-2111	-485	5556	520	-105	657
-2302	-673	8233	505	-1481	25
-2412	-461	9760	394	-2433	-153
-2560	-787	9934	53	-1383	-1008
-4210	48	10052	-105	-151	-1182
-4027	292	10816	-28	334	-770
-3713	-310	9600	53	106	-215
-3042	-648	6784	-20	-87	-845
-2392	-295	3393	67	105	-1645
-1530	-145	1293	130	679	-1838
-895	-77	558	170	1023	-1353
-600	233	458	323	564	-588
-339	170	373	477	-987	155
-186	42	49	900	-2872	660
-431	238	-208	751	-4042	909
-295	176	-346	230	-4236	784
61	33	-302	-299	-4512	234
866	-186	-344	-362	-4455	-34
1023	-383	-366	-184	-3467	-54
884	-304	-596	13	-2308	-349
340	52	-470	334	-925	-735
-108	257	-389	678	-176	-737
-233	330	-505	771	1294	-205
-1405	-96	-1544	-223	5321	842
-5652	-1714	2350	-898	9223	921
1263	-404	9661	603	10142	-1728
-5478	-126	19092	828	5454	-629
-6485	1101	12881	-6	-3489	-1016
-3162	249	6226	-38	-3983	-637
-983	-533	4216	155	-1717	-721
-1317	-1056	4317	328	1279	-864
-1744	-889	6129	394	1939	-1031
-2040	-323	6384	365	357	-1471
-1577	91	4401	263	-942	-1624
-1046	321	2578	313	-963	-1289
-801	368	1735	298	-270	-889
-911	288	1610	276	659	-521
-1542	56	2298	307	1060	-208
-1843	-291	3300	339	725	-171
-1835	-381	3765	358	274	-302
-1525	-143	3853	366	120	-316
-1394	100	4016	398	328	-184
-1487	373	4390	329	311	-162
-1473	491	4361	210	-29	-61
-1308	364	3960	62	-243	23
-1102	76	3596	-42	-164	95
-1129	-265	3565	-96	27	82
-1285	-466	3649	-131	113	-55
-1416	-426	3693	-108	138	-148
-1464	-150	3773	-62	107	-98
-1488	77	3823	-10	24	53
-1432	118	3769	26	-18	90
-1406	-9	3818	31	18	101
-1489	-180	3946	0	20	51
-1543	-361	3988	-36	-32	-108
-1508	-348	3951	-27	-109	-293
-1360	-180	3802	5	-141	-340
-1325	-34	3744	41	-117	-258
-1371	27	3719	67	-111	-190
-1415	38	3700	64	-107	-119
-1444	-38	3710	34	-31	-68
-1486	-118	3794	11	20	-53
-1475	-211	3891	4	27	-76
-1433	-236	3885	17	-5	-112
-1413	-187	3800	32	-39	-168
-1375	-117	3733	33	-19	-168
-1386	-89	3770	24	46	-149
-1417	-74	3846	10	70	-101
-1456	-131	3842	11	31	-88
-1448	-161	3824	9	17	-108
-1441	-122	3827	3	28	-114
-1431	-46	3809	-1	35	-88
-1425	-27	3796	-10	25	-67
-1431	-34	3767	-20	30	-43
-1443	-57	3761	-28	53	2
-1427	-90	3762	-42	72	38
-1423	-109	3788	-45	91	50
-1427	-87	3793	-46	128	88
-1465	-102	3796	-45	160	106
-1445	-141	3884	-46	167	76
-1460	-169	3918	-43	105	68
-1550	-123	3821	-95	-155	356
-1519	-152	3717	-106	-148	345
-1498	-149	3700	-84	-88	350
-1495	-161	3702	-47	-35	316
-1525	-113	3776	-23	-23	273
-1533	-55	3826	-6	-55	255
-1552	-49	3834	-11	-87	237
-1540	1	3819	-21	-116	241
-1499	13	3800	-17	-128	255
-1466	13	3790	-19	-121	255
-1412	9	3845	-6	-93	268
-1441	19	3856	-1	-114	288
-1464	55	3846	-10	-121	322
-1462	81	3833	-28	-126	381
-1480	85	3776	-31	-134	435
-1494	60	3710	-44	-116	427
-1502	34	3683	-67	-64	419
-1483	-13	3690	-86	-11	405
-1497	-61	3739	-88	6	377
-1532	-60	3761	-91	0	323
-1522	-32	3792	-79	0	298
-1523	-27	3819	-63	1	293
-1501	-33	3808	-59	-33	284
-1484	-24	3762	-65	-39	266
-1417	5	3735	-75	3	259
-1396	34	3717	-86	66	254
-1399	46	3781	-90	87	266
-1439	41	3796	-96	48	301
-1434	80	3789	-96	7	295
-1386	45	3692	-64	7	339
-1344	-73	3623	-23	95	344
-1379	-92	3623	0	153	357
-1406	-54	3648	0	151	352
-1420	-17	3694	16	72	232
-1380	-22	3644	40	-14	96
-1376	-26	3487	74	-64	38
-1368	-23	3324	127	-81	49
-1346	4	3019	180	-96	111
-1300	57	2614	190	-42	131
-1018	93	2351	144	207	139
-945	126	2300	28	433	116
-1025	140	2407	-4	523	179
-1229	-8	2550	56	508	266
-1358	-137	2767	136	581	125
-1418	-9	3067	179	605	64
-1517	-67	3519	204	364	93
-1711	179	3934	74	-118	-124
-1662	459	4279	36	-451	159
-1848	342	4836	108	-563	281
-2335	170	5456	169	-523	216
-2653	-208	6760	189	1	216
-3341	-544	9278	293	700	-554
-4107	-346	11471	369	1082	-749
-4228	187	13076	304	320	-703
-3927	815	12376	-27	-561	-838
-3776	1029	10111	-398	-796	-999
-3148	624	6773	-711	64	-955
-2879	194	3639	-711	1489	-279
-2679	93	1390	-388	2305	88
-1971	-12	693	159	2160	218
-1703	-98	705	317	1711	158
-1962	-291	801	-64	-912	13
-1789	-422	157	-358	-4437	81
-2202	-727	-352	-326	-5568	172
-1369	365	-403	377	-5929	364
143	78	-444	138	-7752	130
3422	423	-3010	-521	-8245	-2165
4576	1023	-4342	701	-2136	-1957
3317	495	-3036	-507	5434	376
1368	148	-103	-1024	8612	1898
-1576	-1533	1859	-579	6350	2463
-144	-878	685	285	3074	555
-1106	-81	1162	146	3165	-1837
-1146	307	1060	132	1659	-2244
-580	228	1203	-17	141	-969
-990	112	1075	209	-1305	419
-3115	831	645	-313	-2976	718
-7651	457	-899	-30	-732	2360
1654	186	1910	748	5269	218
-2301	-105	12373	-501	10977	1845
-10207	-1979	19524	-483	4782	465
-6810	-1982	13099	-512	-3817	-961
-2800	-479	5613	136	-4392	-1989
-1458	707	2487	450	-1065	-1056
-2491	799	4599	206	2455	-551
-3545	525	7816	0	2410	-98
-3582	-38	7985	-74	-11	-74
-2557	-281	5420	-49	-1554	-225
-1550	-373	3310	32	-1522	-465
-1192	-285	2422	161	-684	-566
-1357	-184	2325	308	61	-406
-1536	-81	2590	355	377	-273
-1647	19	2879	316	256	-194
-1654	72	2967	261	-137	-121
-1598	146	2802	201	-380	-182
-1644	130	2685	147	-321	-264
-1731	26	2862	119	-78	-263
-1887	-66	3258	55	111	-206
-2048	-119	3730	23	68	-154
-2087	-121	4009	64	-162	-122
-1988	-32	3933	102	-401	-123
-1782	79	3671	90	-477	-90
-1606	106	3527	31	-437	-44
-1603	40	3515	-28	-393	27
-1648	-75	3548	-66	-367	61
-1736	-94	3599	-63	-377	125
-1729	-133	3580	-36	-409	169
-1716	-171	3536	-22	-443	134
-1674	-174	3449	-30	-439	75
-1659	-151	3419	-36	-376	-5
-1678	-93	3481	-21	-284	-70
-1735	-55	3564	9	-207	-50
-1761	-97	3656	37	-144	12
-1735	-94	3748	39	-153	5
-1685	-65	3791	25	-181	17
-1654	-11	3728	11	-238	-21
-1619	28	3598	-4	-222	-12
-1628	55	3594	-36	-142	35
-1632	15	3652	-74	-79	94
-1600	-18	3697	-90	-44	133
-1610	-29	3694	-95	-19	142
-1595	-125	3681	-103	-10	151
-1607	-171	3702	-105	-4	124
-1633	-146	3711	-104	-7	87
-1652	-155	3708	-87	-14	82
-1636	-143	3697	-80	-23	61
-1601	-155	3665	-67	-17	62
-1595	-151	3645	-51	40	22
-1607	-102	3656	-29	107	19
-1607	-78	3648	-20	168	10
-1585	-133	3714	-1	24	-19
-1581	-126	3713	1	29	-26
-1587	-118	3769	5	39	-30
-1611	-102	3777	4	20	-19
-1596	-83	3773	-2	3	3
-1571	-82	3774	-4	-10	19
-1561	-88	3745	-7	-5	38
-1566	-98	3741	-7	7	47
-1577	-96	3746	-9	10	58
-1585	-87	3760	-11	3	77
-1585	-100	3739	-8	-2	95
-1590	-100	3760	-8	3	111
-1564	-58	3799	-26	2	133
-1566	-57	3823	-52	-21	154
-1574	-69	3825	-73	-66	161
-1544	-103	3793	-80	-101	164
-1517	-130	3736	-75	-88	165
-1483	-162	3683	-63	-28	171
-1489	-176	3797	-47	13	128
-1538	-149	3838	-42	-52	116
-1547	-92	3758	-46	-93	87
-1544	-31	3688	-59	-96	122
-1548	8	3666	-76	-75	177
-1545	-12	3669	-89	-68	224
-1513	-43	3704	-100	-67	242
-1464	-50	3772	-108	-68	259
-1471	-24	3896	-151	-104	287
-1455	-11	3954	-193	-235	286
-1412	-17	3825	-210	-354	273
-1378	-89	3660	-195	-396	254
-1348	-205	3476	-142	-341	238
-1323	-233	3383	-76	-242	206
-1304	-301	3280	-9	-147	125
-1333	-242	3139	60	-101	72
-1280	-64	3014	87	-52	72
-1236	149	2924	78	-24	152
-1279	315	2660	16	8	374
-1311	262	2426	-102	140	543
-1219	179	2530	-302	323	589
-1173	-202	2859	-363	432	573
-1262	-657	3362	-216	396	288
-1569	-843	3822	98	98	87
-1660	-609	4106	337	-202	-67
-1518	-124	4334	339	-456	-131
-1356	372	4411	152	-756	-30
-1212	563	4366	-1	-779	269
-1419	288	4414	12	-349	578
-1710	-210	4698	83	65	381
-2020	-380	5038	36	352	20
-2239	-93	5699	-24	241	-76
-2232	205	6378	-26	-187	130
-2343	-210	7556	172	-418	178
-2830	-860	8196	276	-256	-164
-3165	-849	8678	104	630	-565
-3394	-122	10007	-25	675	-730
-3319	380	9703	-74	-72	-650
-2835	704	7811	-269	-418	-453
-2482	337	5299	-360	-241	-518
-2254	53	2974	-267	338	-635
-2017	-252	1559	-87	769	-363
-1199	-507	860	109	722	79
-653	-479	534	94	111	130
-171	-213	183	-13	-1450	-90
-4	-58	-9	104	-3360	-132
28	-47	-347	569	-4555	36
15	58	-597	728	-4207	60
219	208	-601	469	-3312	-67
551	347	-515	71	-2652	-234
974	379	-620	-259	-1959	-288
719	491	-585	47	-956	-17
377	581	-435	169	-152	611
142	213	-305	-40	158	1301
201	-277	-371	-158	916	1362
-159	-536	-718	-226	3350	1058
-2567	-1017	-1352	-485	8722	524
-2340	-653	2370	437	3572	-926
-2494	1144	10247	496	7400	689
-5354	-777	16179	82	4255	196
-7970	-641	13285	-398	-1671	-834
-4626	-350	7271	-31	-3300	-1482
-1528	-37	4725	460	-1902	-1117
-688	397	4379	317	854	-154
-1731	57	6130	-47	1445	127
-2417	-118	6438	-4	221	-72
-2159	-399	4644	204	-865	-185
-1597	-394	2995	255	-638	-412
-1122	-288	2371	216	198	-488
-1272	-185	2562	204	774	-544
-1615	-83	3017	267	779	-423
-1775	-143	3446	301	347	-423
-1710	-236	3391	292	-134	-498
-1582	-172	3267	253	-165	-483
-1536	-25	3394	235	49	-354
-1503	342	3688	207	163	-215
-1566	481	4013	158	111	-50
-1542	432	4161	50	-141	-7
-1453	255	3818	-35	-363	42
-1317	-11	3446	-59	-282	100
-1299	-232	3397	-26	-32	112
-1390	-378	3583	44	72	7
-1494	-306	3745	67	27	-141
-1568	-81	3831	66	-101	-196
-1550	136	3743	64	-202	-148
-1463	229	3576	40	-193	-60
-1400	200	3512	3	-83	22
-1419	68	3652	-34	44	64
-1495	-77	3907	-56	62	46
-1510	-159	4082	-33	-82	-24
-1491	-159	4052	4	-286	-89
-1460	-89	3865	22	-349	-130
-1424	8	3669	40	-262	-114
-1361	66	3700	44	-169	-117
-1396	102	3699	36	-117	-47
-1471	19	3743	32	-59	-3
-1510	-31	3840	22	-75	21
-1505	-50	3819	10	-153	19
-1513	-8	3749	-2	-169	29
-1487	-5	3714	-6	-135	54
-1471	-63	3778	-17	-116	73
-1471	-156	3818	-5	-114	70
-1447	-132	3823	-1	-149	-18
-1340	-207	3660	15	-81	-176
-1410	106	3708	-4	23	-134
-1410	152	3806	-22	79	-58
-1474	93	3854	-15	73	26
-1466	12	3901	-13	37	36
-1465	-25	3885	-25	-21	35
-1445	-21	3849	-32	-43	18
-1447	38	3810	-39	-45	18
-1443	41	3811	-49	-33	48
-1387	-86	3775	-24	1	13
-1392	-107	3839	-14	55	-12
-1418	-82	3905	-4	17	-5
-1423	-76	3866	-5	-29	-41
-1407	-67	3807	-9	-35	-48
-1411	-38	3815	-14	-23	-31
-1408	-42	3836	-15	-15	-9
-1359	-48	3833	-14	2	-22
-1370	-71	3848	-8	13	-25
-1385	-67	3854	-13	2	-35
-1389	-50	3791	-11	3	-33
-1382	-57	3784	-8	34	-25
-1390	-57	3798	-8	55	-22
-1410	-61	3814	-14	67	-23
-1430	-72	3818	-16	81	-39
-1417	-85	3832	-10	93	-63
-1438	-74	3861	-2	95	-64
-1458	-26	3869	-4	56	-40
-1430	-6	3822	-12	30	12
-1387	-9	3740	-25	56	37
-1408	-39	3774	-27	119	48
-1465	-65	3833	-22	142	65
-1479	-97	3847	-16	122	49
-1477	-104	3790	-20	96	16
-1471	-81	3736	-19	107	10
-1494	-75	3726	-22	135	-4
-1501	-68	3736	-28	133	-2
-1517	-84	3692	-35	145	1
-1552	-90	3703	-33	169	12
-1548	-96	3693	-26	156	8
-1524	-132	3607	-2	157	13
-1475	-184	3630	51	210	-49
-1483	-165	3712	111	179	-83
-1459	-151	3682	175	102	-95
-1411	-49	3575	220	36	-105
-1340	62	3494	247	11	-28
-1301	152	3402	251	-21	73
-1312	195	3200	205	-10	163
-1302	182	3020	122	105	218
-1256	175	2949	26	206	313
-1260	-17	2845	-29	246	339
-1268	-181	2789	-41	285	228
-1302	-346	2722	22	330	210
-1315	-392	2696	66	392	111
-1402	-229	2859	102	455	28
-1536	-56	3266	125	391	46
-1731	26	3872	116	97	129
-1813	137	4616	100	-215	206
-1722	185	5376	112	-522	332
-1971	-102	6019	152	-986	344
-2302	-3	6261	65	-1165	3
-2471	-12	7300	85	-695	-73
-3158	-489	9036	78	113	-311
-4280	-376	10267	39	784	-422
-4590	202	11225	-127	893	-275
-4388	382	10883	-398	294	-512
-3416	350	8281	-580	-323	-654
-2523	-12	4772	-569	-205	-753
-1913	-253	2095	-499	406	-1237
-1195	-267	803	-184	802	-1286
-701	-109	533	145	866	-871
-961	-195	547	-27	-977	-129
-722	-198	88	-81	-4095	556
-1241	-199	-555	-173	-5122	1032
-1267	98	-502	130	-4729	1182
-587	77	-185	75	-5858	372
2025	-356	-332	162	-7464	-854
2296	277	-1255	404	-4940	-1319
1642	591	-1438	-29	-2072	-1016
699	425	-1237	-90	-506	-126
40	240	-900	-253	247	592
-336	181	-598	-236	553	881
-430	-13	-353	-106	593	793
-355	-173	-446	24	869	597
-440	-275	-1035	-24	3571	509
-2709	-315	-1986	308	10684	1083
-4004	184	3186	1105	8885	988
-992	236	12936	-170	14142	-392
-8417	-1807	17577	297	6806	-416
-8215	-1382	17545	-2	-2208	-1137
-3038	-135	7195	83	-6459	-1808
-926	710	1788	190	-3688	-1334
-503	474	1719	234	848	-337
-2336	-276	4864	73	2859	-3
-3273	-499	6977	77	1826	-257
-2926	-349	6466	162	-57	-410
-1939	-108	4416	174	-923	-602
-1375	-1	3041	202	-690	-527
-1387	-7	2823	274	-31	-344
-1628	-167	3198	336	258	-165
-1763	-289	3433	313	158	-210
-1637	-271	3405	228	-165	-383
-1470	-158	3242	173	-369	-454
-1387	-119	3157	171	-377	-474
-1478	-58	3264	203	-207	-412
-1664	-23	3518	217	-121	-282
-1863	53	3774	183	-184	-201
-1859	172	3867	171	-276	-30
-1681	259	3692	121	-306	156
-1507	211	3456	19	-243	237
-1428	9	3348	-51	-137	200
-1492	-138	3320	-77	-58	140
-1566	-184	3367	-66	-21	148
-1590	-231	3460	-28	-13	215
-1584	-213	3524	-1	8	227
-1641	-104	3609	-23	14	194
-1686	19	3647	-52	24	181
-1637	27	3747	-82	80	198
-1636	-23	3855	-99	87	260
-1630	-236	3885	-81	30	224
-1601	-358	3797	-59	-32	22
-1528	-393	3710	-47	-29	-159
-1533	-372	3630	-30	5	-311
-1573	-294	3619	4	45	-373
-1610	-154	3674	37	88	-355
-1640	-92	3740	64	82	-265
-1665	-70	3770	83	27	-196
-1657	-102	3678	102	6	-163
-1650	-96	3651	120	47	-160
-1637	-51	3685	115	89	-137
-1616	-11	3689	81	155	-141
-1575	88	3820	37	157	-108
-1567	106	3871	12	99	-7
-1602	76	3841	5	-6	76
-1602	2	3753	2	-85	164
-1626	-118	3669	10	-80	193
-1636	-253	3688	21	-31	144
-1629	-277	3757	31	-3	28
-1642	-153	3796	25	-15	-58
-1653	-86	3782	15	-58	-73
-1438	-32	3716	-68	-128	211
-1488	-87	3781	-89	-107	223
-1530	-155	3852	-91	-109	166
-1540	-129	3872	-83	-138	108
-1520	-117	3830	-71	-178	112
-1530	-139	3755	-44	-193	128
-1511	-137	3718	-9	-151	101
-1509	-82	3719	1	-106	114
-1585	-56	3786	-11	-88	135
-1609	-53	3808	-24	-104	122
-1610	-43	3766	-30	-111	115
-1546	-94	3707	-16	-92	122
-1528	-88	3651	9	-51	123
-1521	-87	3630	35	-14	148
-1531	-95	3644	59	8	153
-1533	-111	3656	79	17	186
-1556	-82	3700	74	33	206
-1547	-27	3839	45	43	226
-1531	-9	3944	-2	12	234
-1541	-80	3939	-33	-13	210
-1548	-161	3979	-57	-36	149
-1523	-202	3946	-52	-94	84
-1472	-236	3763	-32	-72	29
-1430	-204	3770	-16	-21	-31
-1476	-120	3753	-15	-42	-13
-1530	-83	3694	-5	-46	-4
-1572	-68	3628	1	-20	13
-1585	-87	3602	0	28	20
-1565	-93	3576	-14	59	11
-1530	-117	3507	-19	82	-4
-1453	-95	3466	-17	112	-35
-1423	-115	3397	1	122	-71
-1442	-82	3402	30	110	-98
-1498	-22	3466	37	126	-29
-1533	-59	3610	13	194	-16
-1528	-76	3834	-6	215	-30
-1520	-64	4122	5	150	-32
-1528	-113	4300	33	-39	-85
-1540	-77	4107	39	-280	-162
-1517	-72	3627	15	-349	-176
-1443	-105	3174	21	-194	-188
-1423	-44	2816	14	0	-192
-1258	9	2589	22	219	-105
-1155	-46	2536	70	404	-100
-1212	-63	2508	107	516	-84
-1357	-30	2615	103	585	-28
-1493	74	3045	78	501	89
-1653	188	3581	117	296	252
-1597	91	4414	173	-5	353
-1686	119	5541	160	-639	356
-1765	32	6467	213	-1263	503
-1880	-399	7080	228	-1259	62
-2317	-409	7994	156	-380	-435
-3316	-595	9935	202	515	-322
-4476	-555	11411	156	171	-410
-4072	237	11152	-136	-145	-295
-3428	485	9789	-476	-365	-718
-2959	404	6805	-561	-459	-1026
-2236	211	3374	-553	112	-1024
-1738	-341	1529	-381	761	-925
-1118	-491	583	-114	718	-867
-810	-544	443	201	369	-619
-1075	-373	424	93	-2098	-169
-1003	-367	-269	-88	-4461	53
-1718	132	-567	351	-4201	309
-924	266	-316	635	-4759	435
-292	53	-16	758	-6879	-165
3008	389	-674	745	-6747	-1271
2301	758	-1311	-84	-4052	-1132
1459	447	-1343	-636	-1682	-648
614	85	-999	-715	-145	39
-59	-114	-617	-484	662	674
-378	-99	-403	-216	1090	906
-460	-106	-251	-39	1189	833
-650	-239	-669	-26	1911	453
-799	-335	-1287	175	5172	26
-4167	-1352	1373	421	7283	197
375	180	5337	1114	9200	-979
-4036	-1155	15216	-46	10584	-548
-7962	-798	16223	-108	3481	-1677
-6137	4	12005	-28	-2968	-1560
-2372	1044	5369	186	-3724	-965
-820	871	3209	97	-361	394
-1602	-601	6025	-165	1891	1103
-2743	-1627	7628	-66	992	211
-2522	-831	6738	253	-534	-937
-1625	-63	4610	346	-1114	-1259
-1097	497	3399	241	-450	-1158
-1072	644	3295	130	376	-768
-1588	403	3802	51	673	-89
-1738	-106	4013	-45	210	202
-1818	-434	3610	-113	-415	139
-1602	-583	2854	-84	-612	-100
-1154	-449	2545	39	-74	-150
-1061	-305	3058	126	452	-136
-1195	-38	3617	156	459	-173
-1355	181	3882	211	216	-71
-1481	247	3773	216	-12	20
-1338	206	3505	148	-39	56
-1235	-5	3455	74	51	152
-1257	-352	3575	32	31	123
-1254	-531	3553	12	-28	-27
-1334	-515	3577	8	-23	-130
-1448	-348	3598	35	6	-117
-1527	-106	3609	71	57	-49
-1483	28	3626	76	118	-18
-1464	-2	3781	68	125	-26
-1493	-119	3926	61	-3	-45
-1508	-272	3823	39	-128	-114
-1498	-267	3686	15	-141	-140
-1465	-230	3656	14	-80	-107
-1450	-246	3709	21	-15	-123
-1453	-195	3816	31	-14	-107
-1473	-172	3836	30	-71	-46
-1457	-199	3826	45	-119	-53
-1477	-154	3836	47	-119	-98
-1463	-150	3775	35	-84	-66
-1448	-177	3845	15	-62	-71
-1471	-198	3872	19	-108	-74
-1439	-195	3787	14	-149	-87
-1417	-166	3721	7	-110	-36
-1459	-174	3758	2	-55	5
-1479	-159	3803	-11	-23	28
-1498	-173	3888	-26	-53	53
-1493	-176	3866	-35	-118	44
-1459	-122	3800	-38	-136	43
-1454	-115	3800	-42	-112	69
-1412	-125	3827	-61	-77	100
-1444	-184	3811	-73	-60	96
-1452	-243	3795	-73	-33	66
-1506	96	3750	-49	-28	274
-1445	-47	3613	-75	76	250
-1542	-93	3715	-88	188	243
-1610	-62	3732	-72	215	276
-1697	-83	3777	-59	203	288
-1754	-138	3809	-44	113	213
-1751	-93	3790	-43	-7	133
-1695	-26	3587	-47	-98	143
-1706	-24	3606	-56	7	169
-1708	-39	3664	-32	52	176
-1702	-91	3665	-17	108	143
-1699	-106	3664	-13	131	93
-1710	-94	3653	-22	187	43
-1718	-63	3723	-26	169	9
-1696	-10	3732	-20	102	15
-1663	30	3663	-11	93	30
-1712	-35	3564	6	131	59
-1666	-120	3464	16	264	-12
-1651	-83	3500	22	371	-99
-1712	-44	3619	57	418	-36
-1748	-38	3665	67	415	-44
-1804	-11	3704	64	438	-36
-1821	-19	3782	59	428	6
-1852	-39	3861	40	302	-3
-1851	-32	3795	37	138	-46
-1744	20	3493	42	96	-36
-1767	31	3472	33	215	-14
-1757	45	3475	25	208	16
-1795	75	3429	15	182	51
-1826	64	3352	9	212	70
-1859	34	3430	-12	287	40
-1796	-71	3563	-5	347	0
-1714	-208	3631	5	299	-137
-1684	-230	3570	32	168	-293
-1634	-141	3513	81	68	-325
-1575	89	3560	160	-16	-202
-1559	193	3593	243	-123	13
-1675	217	3527	210	-245	83
-1700	201	3201	57	-311	77
-1558	60	2635	-65	-263	44
-1477	-156	2060	-88	19	13
-1368	-423	1862	-34	372	-151
-1203	-374	2000	22	675	-323
-1280	-202	2490	128	743	-361
-1529	1	2955	262	520	-354
-1731	243	3323	261	270	-311
-1873	355	3893	135	-46	-130
-2015	405	4522	-26	-544	73
-2118	272	4885	4	-876	373
-2157	-198	5255	134	-585	277
-2577	-199	6042	157	-128	-132
-3430	-242	7239	164	-36	-185
-3940	-435	9084	260	-121	-70
-4575	-820	10353	421	-538	-229
-4504	-442	10244	342	-611	-819
-4348	413	10188	89	-566	-929
-3943	1004	9420	-203	-740	-935
-3498	860	7327	-381	-821	-476
-2830	285	4386	-440	-562	-333
-2129	-61	2430	-322	-194	-498
-1391	-351	1345	-95	-240	-480
-967	-386	642	86	-822	-269
-1081	-348	231	-51	-2369	-235
-991	-239	-45	-387	-4338	-249
-1523	-542	-315	-307	-5651	-24
-1396	186	-481	333	-6287	268
-701	79	-334	351	-7302	284
2405	373	-2214	123	-8561	-1549
2973	899	-3298	766	-3356	-1418
1523	874	-2391	-42	1872	-23
748	1	-1159	-1051	2900	1325
42	-217	-113	-865	3385	1563
-1165	-947	414	-345	1923	1046
-989	-781	217	16	677	-329
-992	-142	239	125	359	-1217
-1531	159	-32	45	294	-1177
-2525	-511	-270	0	1614	-380
-1871	-731	1574	680	3782	-50
1451	963	7786	671	8662	-1529
-2423	267	14494	600	8389	626
-6735	265	12385	-105	2788	-222
-4920	-449	11653	-250	-1177	-563
-2508	-635	5552	-53	-2489	-426
-1992	-849	3603	63	430	-352
-2635	-720	6039	131	2069	-36
-2833	-398	7176	233	849	-374
-2389	363	6603	346	-397	-584
-1579	421	5058	245	-1085	-572
-1114	374	3485	43	-932	-550
-1051	212	2704	-82	124	-251
-1322	-146	3139	-39	1092	138
-1764	-406	4059	130	1334	411
-1989	-505	4450	220	790	314
-1897	-215	4069	207	109	-45
-1599	148	3372	148	-65	-78
-1376	320	3098	42	226	111
-1275	297	3245	-36	494	309
-1289	144	3418	-40	508	427
-1354	-79	3474	-22	396	418
-1338	-293	3454	-19	410	344
-1368	-456	3455	-10	488	209
-1460	-413	3506	18	509	98
-1581	-382	3560	58	449	39
-1655	-322	3672	66	357	-62
-1629	-105	3862	63	250	-88
-1618	42	3995	63	10	1
-1573	113	3903	38	-298	28
-1463	110	3615	14	-445	76
-1405	12	3415	-2	-337	127
-1451	-86	3397	-11	-145	136
-1517	-111	3478	7	4	154
-1584	-67	3549	21	83	151
-1638	-40	3739	21	58	114
-1644	-8	3910	11	-67	90
-1645	-33	3921	7	-233	50
-1640	-4	3844	15	-343	37
-1651	26	3695	24	-379	15
-1621	60	3635	42	-349	9
-1582	98	3627	59	-309	-8
-1594	84	3755	70	-274	0
-1608	84	3772	61	-294	-4
-1631	100	3785	58	-268	15
-1642	121	3774	52	-245	29
-1616	129	3776	51	-229	51
-1570	130	3788	47	-223	81
-1563	146	3698	26	-209	97
-1565	131	3611	-5	-134	110
-1617	81	3584	-11	-20	125
-1670	53	3613	5	55	124
-1677	33	3633	31	81	128
-1545	-254	3824	56	119	-136
-1595	-211	3806	64	96	-116
-1588	-225	3776	47	91	-120
-1601	-209	3784	33	61	-133
-1593	-166	3797	13	11	-114
-1565	-98	3779	-30	-3	-21
-1502	-40	3821	-67	0	102
-1439	9	3852	-73	-49	271
-1397	72	3897	-61	-142	419
-1394	61	3885	-58	-231	554
-1414	-5	3810	-78	-244	675
-1383	-135	3752	-87	-168	717
-1385	-197	3807	-112	-124	654
-1401	-244	3843	-135	-116	580
-1392	-275	3883	-141	-172	489
-1397	-212	3851	-134	-211	437
-1330	-177	3842	-129	-190	431
-1293	-149	3881	-123	-199	432
-1266	-152	3904	-116	-227	450
-1248	-152	3877	-106	-233	469
-1272	-116	3843	-99	-215	496
-1273	-153	3889	-93	-204	507
-1286	-216	3926	-101	-175	461
-1337	-247	3941	-105	-160	388
-1300	-248	3913	-95	-169	297
-1280	-251	3849	-74	-206	203
-1274	-257	3766	-50	-210	137
-1288	-225	3683	-21	-184	99
-1297	-174	3642	16	-146	101
-1293	-120	3651	40	-97	126
-1315	-148	3669	23	-114	121
-1399	-39	3442	-46	-136	106
-1362	81	3170	-98	-17	158
-1183	52	3234	-141	120	131
-1124	-73	3352	-128	152	130
-1223	-257	3506	-39	95	55
-1326	-336	3393	86	-4	-84
-1313	-150	3116	190	-43	-144
-1148	85	2871	265	-33	1
-985	-43	2751	279	-90	111
-906	43	2570	152	-236	53
-903	228	2454	69	-31	266
-1003	148	2668	115	351	393
-1169	-15	3042	205	500	240
-1298	-142	3257	271	464	151
-1420	-9	3370	214	414	119
-1644	234	3709	185	307	220
-1723	192	4090	157	217	314
-1826	-60	4511	152	409	301
-2011	-260	5220	197	743	104
-2201	-236	6259	245	677	-73
-2520	28	7173	222	228	-54
-2767	158	7737	154	-398	-90
-2674	53	7889	121	-711	-218
-2847	-310	7859	149	-577	-246
-3446	-540	7933	140	295	-459
-3304	-487	9800	305	1342	-487
-3833	-178	11372	223	424	-368
-3680	424	9966	-115	-939	-923
-2869	572	6739	-359	-1202	-1432
-2187	567	3452	-422	-163	-1619
-1949	426	1615	-423	836	-1261
-1306	27	609	-122	1449	-394
-423	-381	736	294	1595	340
159	-671	1313	838	294	451
-1183	-398	947	-337	-2650	430
-1178	18	-555	-300	-4144	-181
-1332	571	-415	162	-3974	14
-785	217	-307	391	-5451	277
-193	272	-389	1049	-7402	-2
2508	882	-1629	175	-6588	-13
2094	328	-1751	-272	-2443	717
1065	-181	-1266	-194	326	760
160	-286	-698	-15	1424	398
-131	-200	-301	-138	1717	244
-309	-167	-203	-161	1753	299
-486	-164	-305	32	1926	358
-1299	668	-290	349	2902	568
-4077	-693	-261	-427	2816	1028
-3091	-1175	1779	741	4752	-371
383	405	9772	251	8896	-1686
-3815	16	16279	432	5868	117
-6683	46	14226	-287	-434	-387
-2899	-702	8054	-245	-3985	-1117
-1178	-150	3519	161	-2437	-1464
-1883	603	2819	530	1262	-806
-2955	352	6053	220	2907	-192
-3621	129	8113	-129	1363	-248
-2527	47	6712	31	-342	-325
-1447	-24	5103	214	-651	-529
-1131	151	3967	156	-567	-549
-1125	140	3187	63	-214	-389
-1227	129	2909	23	353	-169
-1483	28	3269	108	916	105
-1841	-138	3819	174	790	87
-1641	-126	3674	188	303	-122
-1355	-59	3311	195	16	-136
-1274	-57	3051	214	-24	-100
-1305	38	3069	160	63	-140
-1461	223	3283	102	123	-96
-1584	291	3442	28	111	-11
-1672	191	3498	-44	156	27
-1714	-3	3596	-28	278	-14
-1649	-105	3762	31	454	3
-1627	-33	4011	27	424	49
-1591	32	3969	-44	150	51
-1566	124	3787	-85	-74	30
-1501	147	3605	-89	-136	84
-1510	150	3494	-96	-72	154
-1554	149	3479	-123	58	236
-1567	83	3636	-154	179	279
-1627	-63	3791	-156	155	264
-1637	-213	3785	-140	45	201
-1626	-203	3654	-116	-20	131
-1605	-126	3606	-93	16	80
-1618	-101	3709	-58	58	73
-1628	-91	3790	-53	41	56
-1651	-16	3782	-73	-10	70
-1635	36	3747	-86	-59	98
-1603	-24	3674	-57	-58	117
-1634	-112	3616	-26	-28	116
-1648	-164	3636	4	14	77
-1700	-153	3673	42	39	-7
-1687	-92	3718	78	25	-77
-1686	-1	3725	95	-15	-105
-1649	37	3773	92	-30	-88
-1636	94	3828	77	-52	-61
-1684	165	3852	48	-107	-31
-1635	179	3813	26	-178	33
-1575	97	3688	21	-190	72
-1611	-115	3717	-20	84	5
-1623	-129	3748	-17	82	-15
-1621	-145	3746	-18	75	-30
-1632	-129	3744	-14	54	-44
-1621	-106	3731	-7	44	-40
-1625	-87	3659	6	69	-16
-1611	-134	3699	9	132	-30
-1618	-119	3768	8	121	-43
-1641	-127	3782	5	59	-49
-1657	-98	3711	7	38	-76
-1689	-76	3683	9	55	-65
-1679	-82	3725	10	64	-46
-1657	-116	3740	12	55	-41
-1642	-135	3766	13	33	-69
-1633	-110	3743	17	11	-86
-1627	-105	3735	22	-7	-97
-1610	-98	3765	20	-18	-95
-1614	-103	3778	19	-29	-90
-1605	-92	3757	26	-39	-80
-1600	-90	3730	28	-38	-61
-1615	-79	3713	27	-34	-48
-1621	-94	3711	30	-26	-53
-1608	-96	3720	34	-27	-61
-1607	-87	3703	48	-34	-47
-1604	-80	3678	60	-29	-29
-1614	-67	3679	54	-33	-10
-1574	-45	3675	49	-51	-4
-1566	-36	3666	43	-81	16
-1535	-63	3679	68	-98	41
-1513	-117	3717	120	-95	53
-1524	-147	3757	185	-144	36
-1440	-38	3783	228	-205	83
-1397	34	3727	247	-272	166
-1378	30	3625	248	-328	219
-1374	119	3383	211	-331	247
-1256	85	3197	176	-212	378
-1135	-7	3278	94	-44	446
-1197	45	3393	-21	27	491
-1292	-21	3448	-130	-4	509
-1302	-73	3416	-237	-10	388
-1275	-149	3347	-285	-60	251
-1322	-172	3029	-260	-154	177
-1322	-143	2693	-183	-101	103
-1237	-48	2756	-78	92	199
-1405	-244	2890	-8	90	261
-1541	-203	3077	-70	-36	52
-1695	-4	3280	-143	-143	12
-1672	304	3926	-165	-83	212
-1833	471	4900	-55	-141	659
-2038	355	6194	121	-381	803
-2171	-274	7697	241	-535	526
-2455	-746	9327	254	-30	175
-3450	-494	10611	152	164	-254
-4180	151	10329	95	-150	-728
-3923	722	9756	10	-90	-649
-3339	349	8659	-120	-314	-479
-2683	-181	5813	-154	-382	-575
-2438	-258	3276	-96	93	-891
-1754	-291	1762	17	413	-955
-1057	-228	936	95	362	-785
-474	-151	668	157	-120	-670
-286	-151	279	56	-1669	-515
-424	-255	-222	-65	-2959	-299
-659	-364	-349	255	-3199	-123
-771	138	-363	847	-3531	-174
-707	328	-273	656	-4864	-521
162	422	-340	876	-6170	-1071
2006	1028	-921	209	-5055	-741
1575	629	-1260	-410	-2573	281
927	-77	-1082	-576	-708	510
300	-248	-730	-338	410	224
184	-66	-381	-149	1027	140
-81	18	-484	124	2719	430
-1454	-305	-1528	-48	6210	713
-6380	-1513	2426	-283	5600	-85
-778	31	6717	576	7408	-850
-2277	-805	15933	579	7211	64
-6563	748	15665	-112	1280	-732
-4652	151	9673	-198	-3319	-649
-1073	509	5276	180	-2939	-847
-541	532	3710	125	-231	-376
-2087	127	5112	-93	1925	-19
-2896	-240	6987	-76	1788	229
-2580	-637	7424	159	197	180
-1709	-592	5498	247	-1182	-169
-1037	-286	3584	223	-1110	-422
-899	23	2833	205	-185	-552
-1139	191	2874	204	575	-414
-1449	128	3382	183	959	-151
-1661	100	3885	118	665	-142
-1676	106	3868	67	81	-193
-1471	157	3508	60	-169	-141
-1331	117	3299	55	-79	38
-1301	59	3303	20	66	148
-1328	112	3366	-14	199	196
-1314	52	3468	-34	199	154
-1255	0	3450	-36	179	77
-1292	-51	3470	-20	175	18
-1340	-41	3518	7	148	59
-1391	-11	3599	9	130	83
-1409	-10	3736	-2	110	135
-1390	-5	3822	-28	79	129
-1382	132	3821	-73	-10	114
-1366	184	3789	-94	-23	161
-1356	184	3764	-98	10	165
-1400	15	3742	-70	55	154
-1435	-155	3677	-44	73	61
-1460	-172	3659	-34	85	-31
-1410	-94	3704	-26	84	-43
-1451	9	3794	-3	23	-7
-1475	82	3849	0	-49	26
-1464	173	3880	-41	-82	47
-1429	205	3808	-64	-83	128
-1414	136	3760	-59	-50	176
-1395	30	3767	-28	10	151
-1399	-47	3825	-29	35	89
-1442	-50	3851	-45	9	28
-1467	16	3807	-59	-21	11
-1484	108	3754	-72	-14	28
-1506	80	3737	-73	19	71
-1518	31	3709	-64	24	132
-1502	-73	3726	-43	55	135
-1523	-19	3762	-48	56	105
-1534	46	3801	-61	44	102
-1527	124	3836	-73	30	113
-1494	151	3873	-73	-2	147
-1465	139	3805	-68	-40	203
-1462	49	3777	-73	-43	259
-1472	0	3825	-77	-33	263
-1495	-30	3837	-83	-43	240
-1382	-47	4000	-56	-121	17
-1330	-16	3893	-56	-142	15
-1298	-7	3729	-41	-86	43
-1301	-11	3755	-25	13	48
-1372	-30	3811	-11	37	86
-1433	-6	3851	-18	25	88
-1472	4	3828	-38	-3	110
-1469	-19	3742	-64	-14	132
-1474	-50	3729	-71	34	152
-1457	-107	3768	-63	87	132
-1465	-151	3844	-44	94	76
-1486	-120	3850	-33	63	59
-1513	-87	3819	-32	45	70
-1498	-61	3788	-30	47	70
-1481	-42	3790	-27	61	77
-1481	-49	3801	-34	67	94
-1485	-47	3812	-48	66	88
-1504	-22	3767	-58	63	107
-1474	-58	3731	-60	93	106
-1465	-85	3743	-50	105	97
-1452	-122	3768	-34	117	87
-1443	-140	3772	-10	109	75
-1462	-166	3745	20	85	45
-1486	-166	3726	50	71	-2
-1507	-152	3674	76	66	-55
-1457	-126	3631	91	74	-84
-1435	-99	3630	116	87	-74
-1389	-22	3684	151	95	-55
-1345	87	3786	174	74	38
-1340	108	3818	166	-19	104
-1395	77	3755	121	-188	121
-1452	157	3611	34	-287	139
-1355	150	3601	-40	-188	277
-1367	-6	3768	-101	-36	305
-1375	-229	4015	-87	-25	218
-1492	-303	4097	-62	-160	56
-1517	-296	3955	-40	-311	-39
-1489	-300	3527	-28	-325	-141
-1384	-201	3147	-14	-154	-170
-1344	-133	3009	14	76	-180
-1334	-113	2881	23	205	-207
-1300	-52	2771	0	272	-192
-1220	-26	2671	-24	341	-146
-1200	-55	2618	-16	394	-115
-1248	25	2642	-2	413	-59
-1360	176	3120	-4	415	117
-1503	370	3798	-51	139	412
-1504	256	4781	-58	-314	645
-1659	249	5656	2	-941	657
-1740	-36	5929	80	-939	796
-1897	-889	7221	101	415	164
-3026	-934	10395	194	1170	-440
-4587	-665	12314	322	55	-561
-3916	276	10825	141	-780	-699
-2775	494	9297	-228	-190	-1063
-2833	306	7321	-432	382	-1138
-2992	47	4705	-315	704	-1175
-2600	-91	2021	29	1022	-1071
-1697	-205	725	276	1388	-925
-1129	-195	364	358	1388	-725
-1010	-69	413	100	150	-544
-551	-113	297	-246	-2824	-79
-346	106	-344	-360	-4433	467
-541	96	-494	553	-3685	930
167	112	-102	1467	-4378	605
2300	220	153	1088	-3510	11
1759	107	48	38	-2188	-251
691	12	-459	-375	-1916	-645
258	127	-666	-463	-1178	-712
185	120	-546	-192	-695	-277
40	156	-505	-2	-364	225
-187	-12	-434	-50	155	399
-487	-136	-526	-71	824	345
-1002	101	-950	-55	2981	552
-8625	-792	-217	-1330	7200	1359
-1485	448	1181	1142	6827	117
2283	328	10207	869	10720	-189
-6710	-762	21137	483	6511	-422
-6668	-483	15716	26	-5659	-400
-3971	-132	3691	-82	-8075	-1934
-922	818	-511	44	-3496	-1369
1861	303	810	668	4698	-250
-3728	163	8864	447	5925	488
-4951	-67	11924	77	806	-24
-3578	-58	7647	-14	-3355	-84
-1746	-193	3230	-12	-3529	-327
-318	-96	1554	90	-1208	-297
-943	-120	2681	221	936	-388
-1813	77	4094	259	1180	-500
-2068	177	4587	150	418	-412
-1971	78	4327	33	-138	-387
-1666	28	3710	10	-314	-426
-1384	90	3205	19	-121	-395
-1348	138	3192	80	195	-280
-1484	183	3560	148	257	-127
-1587	211	3740	125	177	-42
-1612	177	3800	33	81	-67
-1609	249	3583	-36	-26	-20
-1532	253	3313	-36	5	78
-1443	183	3234	4	120	176
-1369	40	3310	26	164	193
-1429	-85	3541	16	76	142
-1476	-169	3581	-15	-99	15
-1470	-184	3493	-14	-168	-55
-1471	-87	3437	8	-162	-84
-1376	31	3331	26	-117	-37
-1420	126	3327	49	-11	44
-1488	146	3457	71	104	134
-1597	64	3682	57	177	109
-1669	-4	3901	-5	53	27
-1670	-43	3859	-60	-136	-21
-1600	-82	3675	-82	-199	-58
-1532	-43	3581	-54	-149	-47
-1523	-33	3598	-28	-53	-33
-1538	-17	3643	-31	30	-29
-1608	-37	3678	-38	38	-34
-1653	-32	3670	-29	17	-76
-1654	-15	3604	2	10	-91
-1608	-10	3554	46	64	-79
-1626	-41	3580	67	119	-88
-1686	-73	3643	75	161	-134
-1730	-31	3720	79	155	-185
-1676	50	3810	77	123	-182
-1653	137	3815	63	83	-132
-1573	134	3837	43	33	-89
-1523	140	3871	18	0	-51
-1499	130	3864	-11	-41	3
-1510	41	3800	-37	-56	27
-1507	-11	3783	-50	-55	4
-1538	-70	3761	-39	-64	5
-1571	-16	3745	-48	79	173
-1565	-24	3753	-52	80	183
-1582	-35	3757	-47	74	207
-1581	-33	3741	-41	68	209
-1594	-38	3747	-36	62	210
-1591	-33	3733	-39	62	215
-1576	-19	3769	-42	70	236
-1584	0	3831	-48	62	273
-1573	10	3871	-63	30	282
-1580	27	3847	-72	-34	291
-1573	12	3743	-78	-73	298
-1569	-36	3693	-78	-50	293
-1571	-58	3684	-68	-27	290
-1586	-101	3679	-51	-33	269
-1581	-88	3630	-25	-11	245
-1594	-22	3560	1	10	245
-1602	-41	3517	31	24	263
-1590	-36	3496	34	32	233
-1565	7	3531	61	48	270
-1633	88	3541	96	61	361
-1649	218	3624	104	75	492
-1556	199	3734	28	83	564
-1511	80	3878	-117	12	467
-1527	-34	3901	-234	-141	319
-1506	-189	3920	-229	-214	214
-1546	-239	3993	-136	-198	166
-1604	-255	3928	-34	-210	102
-1628	-168	3720	16	-217	-5
-1628	-133	3427	42	-102	-50
-1594	-92	3302	32	50	-106
-1563	-6	3141	24	133	-80
-1485	-46	2982	29	205	-63
-1489	6	2728	21	256	-94
-1516	119	2407	30	408	-1
-1412	82	2256	49	747	98
-1523	48	2578	59	1116	128
-1744	-49	3109	108	1124	137
-1929	-71	3614	122	1007	44
-1899	-150	3982	150	732	39
-1868	-200	4060	273	413	-94
-1794	-67	3745	309	89	-392
-1595	76	3260	261	126	-431
-1433	114	3127	172	375	-383
-1491	68	3175	87	560	-357
-1486	31	3164	93	542	-334
-1505	42	3405	130	593	-339
-1671	202	3803	225	547	-128
-1934	396	4272	234	291	187
-2070	520	4728	182	55	375
-2314	563	5331	112	-124	402
-2700	540	6151	69	-339	376
-3018	319	6804	-1	-465	304
-3443	138	7751	-4	-236	140
-3848	-144	8739	104	-12	-176
-4218	-293	9603	154	-24	-279
-4382	-34	10175	60	-206	-455
-4389	323	10184	-125	-937	-678
-3717	676	8756	-350	-1442	-747
-3118	404	6185	-458	-1134	-1167
-2925	433	2765	-312	134	-1489
-2683	37	1363	-120	1776	-1321
-1341	-140	966	270	1536	-886
383	-208	1649	355	1242	-220
-736	-428	1971	104	-1726	731
-1116	-467	-174	-74	-5820	814
-2282	442	-607	165	-5155	890
-2288	511	-547	115	-6214	985
-759	313	-573	336	-7510	420
2228	428	-2377	652	-7922	-137
2930	436	-2891	-29	-2373	-133
1750	168	-1933	-322	1630	-7
979	43	-702	-428	3386	543
-103	-2	192	-1108	3203	1228
-1317	-988	771	-144	965	1050
-790	-820	574	104	83	80
-655	-422	583	260	-761	-746
-645	-85	199	262	-1447	-742
-1348	319	80	256	-885	-559
-4461	-92	-1081	363	2453	587
-757	377	4604	848	6631	-1251
-351	661	12975	-59	9515	-110
-5268	-1224	12955	273	3770	-98
-5579	-810	13098	-164	695	-1369
-3258	355	8599	214	-3041	-1348
-1340	560	3978	214	-1914	-1268
-1599	837	4093	38	1082	-946
-2703	887	6493	-45	2088	-73
-2691	-48	7681	-127	565	595
-2412	-627	6417	-96	-1132	82
-1613	-436	4037	7	-1339	-694
-991	64	3024	169	-444	-936
-1167	351	3420	240	359	-554
-1426	354	3881	166	477	-260
-1513	280	3968	-31	303	-177
-1584	213	3896	-88	86	-71
-1479	128	3705	-59	-17	-55
-1399	133	3521	-6	-45	8
-1327	246	3433	-5	-17	167
-1290	300	3375	-31	44	269
-1280	226	3383	-63	84	269
-1248	87	3466	-106	124	221
-1259	-41	3413	-124	113	133
-1287	-62	3327	-99	124	106
-1333	-90	3352	-49	164	128
-1400	-188	3565	12	185	108
-1475	-173	3664	33	58	-14
-1434	-90	3586	33	-29	-93
-1424	-10	3565	37	-21	-101
-1442	-22	3667	59	-29	-79
-1384	-10	3691	72	-54	-100
-1379	-24	3786	88	-54	-94
-1375	-85	3871	95	-81	-117
-1399	-113	3834	109	-131	-145
-1369	-97	3790	132	-88	-169
-1375	-56	3866	151	-72	-196
-1418	29	3841	151	-120	-188
-1413	81	3795	125	-141	-169
-1400	79	3735	99	-137	-126
-1383	74	3664	65	-92	-104
-1407	73	3617	40	-3	-59
-1418	44	3628	36	103	-20
-1436	64	3759	31	145	-14
-1489	77	3855	13	109	36
-1491	79	3891	-18	64	31
-1468	64	3836	-33	35	59
-1443	32	3834	-31	34	108
-1465	18	3861	-24	4	149
-1528	56	3903	-42	-59	133
-1541	70	3836	-73	-101	139
-1482	77	3780	-82	-89	184
-1461	5	3804	-25	-61	37
-1474	1	3774	-29	-16	21
-1506	-40	3811	-29	-3	22
-1509	-56	3831	-20	-11	6
-1520	-56	3823	-9	-21	-13
-1522	-38	3785	-1	-26	-39
-1523	-6	3771	4	-16	-44
-1514	25	3756	-5	7	-28
-1504	21	3740	-16	31	1
-1507	-5	3756	-24	51	31
-1531	-15	3731	-27	71	30
-1552	-27	3766	-25	87	-5
-1555	-32	3780	-16	93	-44
-1566	-43	3793	-8	81	-65
-1552	-15	3769	-7	73	-64
-1543	15	3736	-12	82	-29
-1551	39	3750	-14	105	-16
-1533	34	3770	-14	129	-15
-1526	11	3824	-15	102	-11
-1525	-16	3801	-14	58	-1
-1550	-19	3775	-10	39	1
-1554	-31	3715	-2	58	-6
-1559	-26	3696	0	98	-7
-1539	-1	3701	-2	134	-16
-1531	-12	3715	-8	142	-25
-1543	-37	3729	-10	153	-27
-1579	-46	3750	-8	143	-55
-1574	-14	3685	-15	153	-59
-1533	-21	3627	-24	190	-67
-1491	-35	3677	-24	182	-100
-1511	-84	3674	-8	149	-114
-1567	-122	3703	30	168	-155
-1556	-84	3764	62	188	-170
-1527	-80	3832	106	123	-155
-1481	-67	3810	140	-15	-178
-1427	22	3552	180	-132	-188
-1387	105	3214	226	-149	-143
-1217	197	3021	252	-1	-42
-1213	309	2913	242	107	137
-1264	312	2743	177	161	322
-1292	275	2512	27	169	433
-1287	167	2114	-145	302	487
-1063	-15	1916	-253	582	441
-995	-275	2071	-270	777	378
-1134	-621	2515	-104	816	137
-1456	-573	3103	185	595	-72
-1827	-167	3811	355	240	-138
-1831	288	4468	245	-158	-76
-1692	615	5231	69	-658	216
-1697	600	5917	80	-1069	575
-2137	13	6360	77	-1167	485
-2592	-366	6947	-34	-804	82
-2871	-606	8590	-54	-106	-383
-3450	-250	10257	121	-135	-633
-3859	-86	9891	169	-292	-583
-3556	-255	9402	15	-22	-903
-3459	42	8864	-149	191	-1310
-3604	190	7212	-122	505	-1841
-3608	455	4738	-26	918	-1997
-2528	678	2522	201	1278	-1407
-1111	472	1318	189	1457	-431
-403	199	994	-55	1114	669
-45	-235	1104	-136	-441	1810
-154	-394	128	-239	-3240	1934
-815	-937	-455	-386	-3460	1226
-919	-501	-373	-16	-4205	-91
-783	30	-391	-58	-5183	-895
-78	-4	-684	78	-5939	-1123
1493	125	-1808	389	-4393	-1100
1636	411	-1842	149	-462	-1116
547	311	-1127	99	1932	-996
-86	362	-446	-259	2383	-347
-290	303	-21	-346	2400	196
-557	485	4	-413	2249	609
-2667	96	83	-151	2204	1384
-5578	-1820	-107	152	4370	1770
1241	-2238	5537	1419	8879	-3929
-6368	178	15748	831	9816	243
-11911	-214	17966	40	1074	-1360
-3730	1577	8650	78	-2835	-436
-888	1168	6162	372	-2004	-451
-1456	1235	5412	269	-1436	-662
-1572	841	4367	-11	-1074	289
-1779	5	3426	-42	-788	735
-2064	-432	3047	-66	-260	792
-2018	-951	3256	16	120	496
-1923	-987	3461	116	188	-45
-1841	-524	3332	208	-45	-548
-1766	-8	3269	244	-195	-653
-1744	347	3307	210	-229	-485
-1772	557	3369	138	-293	-271
-1749	568	3264	93	-230	32
-1762	346	3498	82	-51	266
-1903	34	3843	50	-85	339
-1830	-95	3909	6	-193	283
-1707	-43	3842	-17	-296	157
-1697	29	3647	-11	-341	73
-1649	0	3517	-12	-323	-2
-1554	-95	3400	-45	-282	-58
-1545	-70	3330	-46	-207	-34
-1575	35	3379	-49	-135	60
-1624	143	3522	-39	-113	148
-1705	259	3663	-29	-138	258
-1737	240	3706	-65	-178	347
-1730	117	3717	-110	-156	339
-1655	-37	3735	-127	-156	283
-1627	-142	3676	-124	-178	179
-1607	-193	3656	-124	-162	75
-1600	-198	3628	-106	-138	28
-1594	-176	3606	-64	-102	-33
-1622	-60	3694	-28	-84	-86
-1675	-27	3753	-5	-135	-133
-1700	58	3701	7	-172	-131
-1673	78	3631	11	-153	-76
-1649	71	3598	13	-86	-58
-1652	18	3579	12	5	-73
-1685	-19	3657	25	61	-84
-1675	-12	3774	31	67	-96
-1633	63	3818	31	16	-130
-1593	166	3790	8	-39	-116
-1562	170	3708	-5	-25	-58
-1545	110	3694	-7	19	-33
-1569	25	3674	0	41	-18
-1619	29	3711	9	63	6
-1667	24	3696	11	54	50
-1663	17	3730	10	62	38
-1673	107	3813	-12	45	20
-1654	109	3845	-37	14	39
-1635	60	3837	-43	-50	54
-1617	20	3760	-31	-93	37
-1451	32	3836	-16	-61	-16
-1472	26	3809	-23	-58	2
-1477	30	3782	-22	-46	5
-1474	8	3775	-22	-31	-4
-1486	11	3776	-31	-33	-12
-1481	-16	3804	-32	-29	-23
-1472	-38	3819	-35	-33	-43
-1456	-32	3831	-33	-45	-44
-1442	-6	3822	-25	-54	-54
-1430	-13	3847	-22	-56	-59
-1436	17	3873	-18	-70	-59
-1432	10	3868	-14	-89	-47
-1434	34	3813	-14	-100	-28
-1453	34	3796	-16	-88	-14
-1471	22	3776	-26	-55	-4
-1490	18	3782	-36	-38	12
-1483	21	3789	-42	-40	40
-1472	30	3781	-47	-46	67
-1431	3	3755	-49	-30	85
-1410	16	3746	-54	5	105
-1407	18	3775	-51	48	126
-1437	-25	3741	-40	79	146
-1430	-41	3818	-14	116	128
-1451	-69	3860	15	58	122
-1412	-54	3788	45	-20	101
-1361	-10	3621	43	-26	86
-1303	94	3572	12	82	133
-1324	149	3637	-26	186	177
-1332	123	3758	-45	194	181
-1370	-14	3794	-43	112	173
-1335	24	3717	-44	36	138
-1258	22	3698	2	23	262
-1237	-15	3737	29	23	226
-1242	49	3737	54	-24	206
-1209	-10	3551	68	-92	163
-1226	-39	3168	68	-33	66
-1241	-16	2772	60	180	26
-1210	88	2585	58	489	64
-1146	19	2563	70	763	142
-1208	11	2572	60	943	131
-1278	31	2629	45	923	105
-1332	114	2671	32	767	103
-1267	-75	2669	121	618	199
-1199	-31	2854	184	476	163
-1280	58	3010	205	217	240
-1190	79	2984	222	-29	294
-1368	30	3224	209	-102	232
-1780	129	3508	217	214	303
-2066	102	4378	343	916	402
-2580	-49	5895	452	1121	332
-3264	-81	7304	340	779	127
-3624	-125	8934	98	679	-216
-4363	213	10550	12	172	-282
-4114	90	10670	120	-617	-230
-3579	146	10810	-104	-583	-507
-3797	554	11160	-481	-568	-1052
-3978	979	9899	-563	-692	-1518
-4360	1059	6844	-583	823	-1699
-3437	439	5790	-461	2407	-1311
-2391	-47	4712	-244	1008	-200
-1692	-264	2813	157	-320	971
-1555	-539	1911	-103	-1721	1007
-2969	-516	474	-934	-5513	342
-4852	-1425	-826	-1680	-7943	-621
-4867	208	-860	239	-6508	-131
-1827	493	-502	120	-9000	664
2230	-229	-2898	-130	-11041	-197
5096	461	-6276	1941	-7688	-2345
2942	2525	-5993	1677	1835	-1744
2562	480	-3093	-1380	5963	1428
973	-727	-282	-240	8188	1575
-1020	-512	838	570	7828	1410
-1498	-110	1580	-215	4406	577
-938	-475	650	-1729	787	-816
-814	290	786	491	2652	-1326
-1052	292	1028	98	760	-922
-697	86	984	189	-336	152
-408	103	241	373	-1564	600
-1271	284	-258	140	-1048	712
-4024	-160	-493	-1	-390	1833
-3439	-1556	54	711	3056	556
3533	892	6467	684	9574	-2235
-7140	-870	15298	567	9492	481
-8485	-701	17482	-263	2929	-2233
-5103	-759	11149	183	-3626	-1590
-2948	542	3698	181	-3529	-1839
-1278	913	2948	218	964	-593
-2669	163	7688	292	2586	416
-3772	-617	9133	207	331	127
-3123	-256	7266	164	-1927	-593
-1971	-62	4533	238	-2481	-996
-1142	281	2975	276	-1649	-1062
-1125	576	2712	240	-238	-832
-1596	403	3444	207	715	-409
-2151	8	4344	173	828	-117
-2202	-344	4573	143	400	-140
-2060	-219	4085	116	48	-266
-1849	117	3677	64	26	-316
-1687	268	3672	48	154	-262
-1659	173	4024	80	102	-190
-1668	75	4037	87	-195	-187
-1599	78	3676	110	-400	-107
-1483	85	3262	129	-324	-23
-1421	158	3111	106	-49	95
-1555	219	3202	28	144	210
-1679	195	3291	-72	165	241
-1704	97	3327	-169	65	257
-1650	-41	3255	-190	-50	322
-1524	-106	3231	-183	-63	364
-1410	-86	3243	-164	-81	397
-1476	-94	3273	-102	-135	463
-1519	-114	3247	-72	-180	435
-1561	-78	3304	-66	-101	389
-1597	-94	3485	-68	-57	364
-1698	-118	3675	-58	-118	324
-1684	-130	3782	-65	-209	218
-1636	-91	3717	-75	-267	104
-1612	-70	3656	-81	-296	60
-1554	-73	3635	-62	-270	8
-1510	-7	3662	-38	-277	-6
-1537	53	3668	-16	-292	49
-1591	129	3720	-15	-279	113
-1561	184	3784	-36	-314	173
-1517	141	3754	-70	-327	216
-1520	47	3692	-105	-327	164
-1536	15	3577	-122	-303	160
-1594	6	3530	-97	-196	204
-1602	-30	3595	-55	-99	199
-1632	-101	3700	-21	-65	122
-1683	-153	3743	-3	-100	49
-1490	-84	3708	-163	153	91
-1460	-23	3766	-184	176	62
-1500	35	3810	-176	150	87
-1416	109	3758	-149	162	170
-1474	203	3781	-133	150	222
-1509	148	3858	-107	132	309
-1500	-29	3908	-78	130	221
-1566	-125	3932	-40	143	114
-1573	-149	3952	-8	84	23
-1565	-131	3886	29	4	-58
-1573	-9	3812	60	-27	-97
-1461	133	3632	16	10	-75
-1415	161	3647	-38	38	-53
-1511	118	3739	-56	65	32
-1577	8	3883	-25	56	57
-1660	-90	3928	28	-17	26
-1652	-215	3875	55	-63	-73
-1639	-201	3822	52	-89	-148
-1615	-155	3621	53	-70	-146
-1584	-22	3603	60	-7	-147
-1560	18	3581	72	29	-117
-1587	43	3640	72	78	-145
-1635	65	3739	49	104	-133
-1647	-3	3816	16	63	-85
-1671	-32	3849	-13	13	-62
-1647	-53	3778	-6	-19	-67
-1580	-109	3711	24	-16	-106
-1553	-139	3689	52	-13	-162
-1546	-160	3665	91	-29	-215
-1578	-170	3635	135	-17	-266
-1601	-98	3659	168	19	-257
-1619	-24	3712	181	42	-207
-1608	21	3718	182	31	-187
-1547	78	3739	191	10	-155
-1493	104	3766	208	-20	-105
-1460	79	3713	249	-78	-70
-1458	75	3574	304	-124	-43
-1443	85	3331	338	-102	1
-1369	68	3096	356	19	81
-1362	56	2980	318	166	172
-1387	154	2779	208	283	250
-1419	250	2440	68	402	395
-1337	205	2005	-47	538	471
-1097	-48	1642	-83	796	345
-872	-185	1643	-55	1101	219
-911	-493	2072	69	1136	310
-1336	-459	2478	153	915	14
-1787	-96	3311	352	680	38
-2179	-16	4585	527	-6	240
-2366	551	5603	373	-763	-15
-2402	1018	6680	213	-830	449
-2509	-113	8166	299	-309	333
-4308	-930	10238	198	664	-288
-5541	-523	11916	174	560	-610
-5198	582	12227	226	-253	-678
-4775	1080	11352	-282	-434	-919
-4081	808	9465	-767	-670	-991
-3613	235	6253	-892	-244	-1102
-2931	391	3135	-652	595	-1286
-2229	302	1100	-278	910	-1085
-1206	158	503	-52	749	-711
-1151	-9	538	-116	-307	-254
-1945	-728	404	-381	-3486	439
-1471	-310	-241	-121	-5503	1015
-1411	12	-272	287	-6748	1649
-1087	489	-442	848	-8636	1788
1774	264	-1807	802	-9984	1081
3389	1569	-4177	1305	-7855	-560
3615	620	-4170	-462	1409	221
2466	-407	-1863	-1088	7260	1473
361	-330	473	-1253	9389	2497
-2045	-821	1795	-50	4119	1707
-392	-843	349	-18	1688	42
-1178	-1291	994	-187	1846	-1395
-891	-72	623	159	76	-1959
-990	188	501	190	-766	-988
-1588	1039	-151	133	-1320	-224
-3933	1418	-732	83	76	1268
-3530	-153	-159	298	2012	1781
3788	-1438	6720	403	9587	-1092
-8462	-943	17223	434	9673	-407
-10241	-294	17142	-172	1632	-459
-5859	-365	10427	-52	-3799	-825
-2441	-452	3996	419	-3254	-936
-1502	129	4134	606	1081	-928
-2841	415	7750	603	1903	-996
-3323	986	9032	441	-208	-778
-2795	712	6434	175	-2184	-564
-1753	261	3806	59	-2199	-527
-1130	22	2617	64	-879	-342
-1496	-496	2788	294	489	-358
-1912	-310	3647	346	1106	-570
-2239	-72	4160	322	716	-658
-2151	249	4007	215	100	-773
-1862	525	3383	174	-312	-646
-1582	629	2825	144	-306	-378
-1457	459	2585	113	22	-55
-1624	161	2939	129	339	138
-1742	-129	3323	135	375	172
-1544	-182	3458	155	279	-63
-1402	29	3353	207	161	-278
-1441	221	3211	254	113	-289
-1533	319	3204	215	131	-129
-1509	311	3256	114	129	30
-1540	147	3402	58	96	118
-1587	-32	3521	27	-22	77
-1598	-68	3495	11	-107	-5
-1557	-19	3548	-10	-108	-84
-1575	69	3601	-5	-135	-84
-1582	118	3494	20	-177	29
-1564	68	3485	15	-57	53
-1583	18	3680	-17	-1	16
-1627	-13	3854	-63	-51	-25
-1626	9	3887	-90	-165	-62
-1611	40	3801	-96	-280	-61
-1620	78	3722	-68	-352	-38
-1632	22	3626	-25	-365	17
-1601	-9	3568	-3	-285	14
-1624	53	3639	-1	-214	15
-1663	146	3692	-19	-220	27
-1659	192	3711	-47	-253	58
-1603	151	3722	-59	-257	67
-1583	129	3769	-54	-252	84
-1556	129	3796	-65	-256	131
-1562	121	3738	-61	-227	166
-1555	118	3745	-49	-166	213
-1573	119	3767	-52	-163	242
-1595	140	3728	-79	-163	249
-1627	185	3737	-110	-148	248
-1644	184	3741	-131	-156	261
-1404	14	3805	5	-84	0
-1360	10	3788	5	-3	8
-1359	14	3849	-6	31	29
-1374	26	3847	-13	24	22
-1406	4	3836	-15	3	24
-1408	-28	3793	-13	-3	6
-1424	-29	3748	-9	24	-10
-1427	-5	3761	-13	75	-1
-1421	6	3772	-23	116	4
-1387	6	3837	-27	133	3
-1412	-20	3933	-17	92	-12
-1397	-18	3918	-12	45	-21
-1395	-24	3852	0	84	-16
-1381	4	3928	1	80	-29
-1382	11	3916	9	29	-19
-1414	11	3868	21	3	-38
-1442	3	3813	23	-10	-32
-1457	-11	3743	17	20	-15
-1463	8	3757	11	72	-7
-1460	11	3766	4	91	-9
-1451	6	3754	0	83	-7
-1433	-4	3743	-12	100	-19
-1436	-22	3773	-33	115	-28
-1455	-39	3829	-38	125	-48
-1460	-58	3919	-22	97	-56
-1458	-49	3900	-13	50	-80
-1400	-20	3841	-8	17	-96
-1383	15	3779	-4	40	-88
-1388	17	3784	-5	78	-64
-1416	33	3790	-9	96	-42
-1430	23	3787	-11	93	-27
-1428	-4	3830	-21	80	-36
-1429	-13	3807	-29	63	-41
-1433	-3	3779	-30	50	-47
-1416	3	3725	-23	24	-47
-1411	-34	3640	-5	8	-54
-1391	-48	3645	0	22	-74
-1355	-24	3646	17	37	-73
-1353	-20	3627	39	18	-81
-1380	-41	3531	66	-35	-115
-1321	73	3276	70	-67	-118
-1186	115	2966	85	2	-37
-1141	141	2748	68	67	9
-1067	167	2539	10	48	163
-988	242	2263	-104	20	271
-799	301	2063	-200	125	414
-857	-43	2483	-207	266	494
-1194	-459	3461	-105	112	219
-1965	-671	4587	55	-170	335
-2088	-876	6064	258	-708	171
-1747	37	7008	156	-1370	-350
-1546	750	6977	30	-1119	-124
-1937	271	7668	-27	277	257
-2984	-500	10596	109	1137	65
-3940	332	12255	58	239	-96
-3689	459	10191	-296	-615	-26
-3057	-299	7806	-445	-592	-208
-2701	-265	5156	-284	-289	-417
-2571	138	2739	-109	161	-499
-1833	123	1387	55	375	-203
-1046	-34	649	101	117	56
-664	-163	195	-23	-695	225
-458	-277	-39	-172	-1673	200
-517	-368	-161	-388	-2780	44
-457	-311	-311	-180	-3572	-245
-319	-205	-225	245	-4427	-545
521	72	-224	731	-5066	-607
1244	418	-209	436	-4077	-758
1099	437	-416	-185	-3074	-771
860	374	-509	-45	-1963	-294
531	266	-376	81	-766	262
206	-20	-245	16	-175	442
-6	-198	-516	-239	890	227
-147	-343	-1257	-57	4303	184
-3059	-1074	185	1224	12428	99
876	-623	7392	438	9373	-1266
-3901	-163	16001	435	5901	-1246
-8179	723	14167	79	179	-1193
-5250	-48	9955	-150	-3050	-731
-1494	-289	6125	275	-3178	-507
132	249	3547	463	-626	-363
-753	531	4948	88	1430	-538
-2018	793	5808	-167	799	-287
-2183	121	4395	-127	-438	250
-1417	-40	2740	-155	-252	7
-1112	-172	2456	-144	500	31
-1162	-453	2611	8	761	84
-1518	-616	2946	123	478	-65
-1731	-554	3374	162	80	-306
-1661	-226	3259	123	-222	-396
-1372	141	3234	118	129	-327
-1362	406	3868	131	483	-163
-1438	522	4421	86	315	6
-1423	410	4555	14	-84	138
-1299	211	4226	-71	-493	190
-976	21	3566	-125	-546	195
-856	-187	3309	-132	-183	217
-1066	-356	3496	-87	179	176
-1305	-295	3881	-36	313	104
-1569	-107	4244	8	141	79
-1526	80	4155	31	-136	73
-1380	161	3732	30	-328	119
-1195	33	3554	-12	-176	155
-1229	-92	3744	-47	5	175
-1369	-214	3971	-66	-35	152
-1344	-220	3947	-57	-158	121
-1253	-161	3819	-11	-196	115
-1234	-50	3798	35	-143	110
-1216	-30	3885	49	-100	104
-1233	-36	3891	32	-100	103
-1224	-44	3810	-14	-45	85
-1344	-161	3811	-51	19	90
-1326	-153	3810	-55	48	102
-1305	-65	3840	-53	79	161
-1307	-69	3884	-34	68	214
-1262	-144	3794	-27	34	177
-1187	-309	3745	3	127	70
-1241	-371	3850	21	215	-68
-1291	-274	3926	30	195	-150
-1342	-135	4005	67	155	-138
-1324	-37	4001	77	100	-154
-1315	-39	3947	93	15	-144
-1294	-121	3859	114	-23	-141
-1282	-174	3783	133	13	-186
-1317	-145	3828	139	43	-226
-1342	-98	3871	130	44	-246
-1321	-76	3943	129	48	-268
-1313	52	4021	105	-9	-253
-1320	64	4019	60	-83	-164
-1366	65	3932	7	-139	-126
-1764	-33	3558	-1	-71	-55
-1806	17	3559	4	-20	-59
-1830	47	3571	0	26	-38
-1861	68	3548	-9	73	-21
-1841	44	3589	-9	119	-20
-1862	35	3675	-9	82	-3
-1849	-21	3626	4	38	-26
-1833	-35	3577	15	43	-73
-1830	36	3589	21	73	-80
-1846	65	3615	17	99	-46
-1858	83	3614	15	102	-4
-1828	99	3609	15	93	14
-1807	90	3582	1	88	42
-1795	97	3555	-21	92	53
-1812	107	3537	-46	95	78
-1820	67	3567	-39	107	94
-1822	54	3636	-30	124	91
-1831	35	3670	-29	122	83
-1796	30	3718	-36	97	81
-1775	29	3703	-47	43	51
-1770	58	3684	-53	-18	57
-1768	49	3650	-37	-55	72
-1750	58	3641	-4	-68	93
-1765	62	3620	12	-65	123
-1785	66	3637	13	-41	151
-1783	63	3691	10	-29	147
-1820	80	3759	-2	-78	158
-1860	88	3790	-13	-159	168
-1874	74	3797	-27	-211	155
-1861	34	3763	-41	-253	140
-1834	7	3684	-50	-263	101
-1800	-12	3591	-46	-213	54
-1796	-4	3522	-34	-137	19
-1811	-2	3490	-15	-85	13
-1850	-23	3366	-4	-30	5
-1774	31	3245	5	74	12
-1740	48	3198	23	173	36
-1756	84	3164	34	188	54
-1752	69	2981	36	188	66
-1721	61	2759	0	235	35
-1632	59	2518	-38	332	86
-1466	68	2254	-70	515	132
-1333	-17	2122	-39	765	83
-1244	-135	2191	41	864	-41
-1174	-272	2391	170	765	-130
-1248	-265	2500	245	498	-261
-1377	-14	2699	263	229	-327
-1422	217	3135	295	85	-76
-1661	360	4056	296	23	258
-2368	401	5450	291	-53	460
-2954	425	6861	223	-320	294
-3342	535	8115	-21	-813	212
-4147	405	9262	-220	-1110	129
-4482	-242	10328	-133	-868	-286
-4588	-174	11237	-75	-402	-410
-5121	302	10659	-247	-77	-820
-5059	640	10368	-351	77	-1189
-4325	309	7414	-269	-169	-1202
-3224	341	3402	-119	615	-1362
-1965	278	1225	58	1487	-1224
-799	2	663	300	2277	-618
315	-281	1411	391	2753	-280
-1009	-143	2359	-414	-1545	183
-916	6	-162	-778	-7002	268
-1924	594	-884	-31	-5483	597
-1935	271	-462	-129	-5910	1133
-905	146	-527	506	-6937	1180
1726	133	-1761	419	-8209	436
2774	-146	-2633	128	-4521	177
2212	-334	-2347	-167	-66	119
1214	-254	-1418	-73	2526	119
69	-73	-550	-292	3690	-92
-1418	-472	353	-594	3083	-288
-1402	-639	543	10	1015	-516
-773	-215	529	139	-33	-869
-472	37	453	201	-627	-478
-1427	86	52	107	-715	-100
-2943	668	-711	311	319	789
-3107	-1723	-306	528	4221	-277
775	935	6653	855	8807	-2702
-5758	-288	18444	513	8944	503
-8064	782	17530	-482	446	-1273
-5586	91	10284	-208	-4176	-703
-1366	308	3871	356	-2882	-733
-605	57	4185	360	820	91
-2463	-506	6889	-5	1588	-187
-2971	-232	7483	-22	51	-469
-2546	120	5459	140	-1198	-233
-1591	70	3671	256	-1096	-145
-980	28	2920	243	-199	-203
-1202	47	2986	185	609	-244
-1581	163	3189	52	922	-245
-1845	161	3481	4	895	-77
-1826	53	3392	38	705	22
-1910	-59	3450	28	627	-87
-1877	-49	3373	41	435	-132
-1721	7	3378	48	447	-112
-1654	51	3548	32	436	-98
-1610	62	3682	22	271	-87
-1562	79	3525	36	33	-98
-1426	120	3173	61	72	-69
-1368	128	3035	83	313	-40
-1473	63	3238	85	571	-42
-1725	31	3658	74	612	-20
-1892	6	3978	64	387	20
-1910	-7	4021	59	50	13
-1756	65	3846	34	-189	-29
-1625	147	3576	24	-254	18
-1548	147	3366	35	-151	73
-1546	154	3358	24	-3	123
-1648	84	3559	24	150	162
-1771	52	3718	22	87	151
-1828	12	3757	23	-35	130
-1790	-98	3764	36	-107	88
-1777	-115	3738	57	-163	-12
-1742	-44	3681	76	-231	-39
-1715	48	3641	74	-247	-43
-1704	99	3610	69	-241	-47
-1695	118	3546	56	-228	-18
-1695	60	3464	42	-134	4
-1689	-70	3497	56	15	-34
-1709	-110	3579	79	82	-101
-1731	-79	3668	93	83	-175
-1746	16	3710	88	40	-235
-1762	69	3698	76	-1	-249
-1743	100	3626	67	-6	-226
-1733	69	3584	75	17	-204
-1753	63	3565	81	66	-200
-1757	63	3615	79	110	-198
-1747	52	3678	89	118	-207
-1726	-5	3714	-99	4	503
-1778	24	3752	-90	-34	539
-1763	57	3726	-93	-76	553
-1725	117	3678	-99	-86	566
-1673	109	3635	-99	-33	564
-1657	115	3747	-103	-31	565
-1690	81	3777	-97	-100	600
-1705	95	3736	-94	-179	582
-1703	134	3655	-90	-194	612
-1680	133	3638	-95	-166	636
-1649	119	3579	-113	-107	643
-1642	38	3574	-138	-33	576
-1679	28	3606	-149	28	499
-1730	105	3591	-144	28	452
-1743	159	3566	-98	36	457
-1661	17	3667	-69	30	365
-1633	51	3698	-69	-16	256
-1643	151	3709	-103	-105	197
-1658	262	3713	-153	-139	120
-1539	175	3714	-165	-150	58
-1481	247	3723	-124	-104	-46
-1526	307	3834	-63	-194	156
-1539	203	3820	-59	-321	191
-1493	179	3778	-94	-363	82
-1450	202	3780	-136	-369	-25
-1519	313	3763	-140	-360	-34
-1563	369	3803	-97	-316	97
-1507	233	3942	-62	-303	221
-1488	76	4044	-57	-368	186
-1500	32	3912	-62	-432	120
-1440	59	3845	-49	-345	52
-1466	136	3787	-23	-210	11
-1454	212	3783	11	-113	56
-1470	161	3775	45	-119	97
-1525	103	3659	30	-157	66
-1550	69	3464	-11	-123	47
-1477	82	3413	-39	23	55
-1468	124	3497	-23	74	116
-1568	197	3530	-20	22	216
-1543	189	3603	-66	-17	263
-1508	119	3671	-112	-32	223
-1526	37	3612	-124	-69	220
-1529	-29	3500	-114	-109	189
-1440	-5	3272	-108	-140	102
-1280	66	3016	-131	-117	92
-1158	86	2807	-194	-108	122
-1080	129	2698	-245	-62	171
-1213	79	2972	-235	-11	347
-1586	12	3581	-240	67	429
-1799	40	4555	-241	131	507
-1920	-145	6524	-133	-101	435
-2280	-345	8544	-3	-980	14
-2680	-557	9400	-52	-1626	-222
-2878	-656	9001	-55	-1034	-512
-3267	-229	9116	85	-135	-724
-3434	459	8442	8	-67	-730
-2880	593	6252	-271	-3	-825
-2282	435	3878	-447	503	-887
-1746	144	2342	-412	916	-896
-917	13	1191	-117	786	-648
-183	102	982	-89	594	-191
-37	156	918	-164	-815	395
-150	42	197	44	-3073	884
-311	-254	-517	-262	-4082	822
-238	-465	-475	-321	-3914	226
214	-407	-394	382	-4509	-516
1062	327	-546	570	-3937	-689
1086	502	-822	-17	-2073	-503
336	110	-680	-93	-627	173
-19	-35	-479	-21	-160	469
-64	-57	-641	-23	867	514
-510	-424	-1411	-562	4295	869
-5032	-2118	711	203	10896	-85
-98	841	7404	811	8504	-1055
-4649	936	17747	420	5359	1344
-5624	802	13821	-549	-2334	385
-3473	-1277	6471	-618	-3764	-210
-1286	-1387	4127	-121	-2148	-1048
-863	-805	3730	476	741	-440
-1232	398	5317	378	2260	112
-1826	384	6178	-45	1403	-85
-2108	305	5543	-206	-3	-277
-1846	-16	4100	-170	-860	-216
-1252	-21	2622	-118	-767	-194
-942	41	1975	-13	11	23
-1175	-93	2300	165	738	215
-1498	-362	2861	317	819	223
-1673	-381	3559	308	677	15
-1623	-151	3879	205	448	-193
-1483	257	4023	68	361	-281
-1476	383	4221	25	257	-218
-1539	268	4387	61	-36	-123
-1405	40	4070	106	-386	-43
-1160	-139	3517	102	-338	-62
-1197	-146	3416	102	20	-87
-1368	-94	3676	96	203	-152
-1531	-69	3907	94	129	-169
-1593	-41	3999	103	-75	-155
-1521	55	3853	106	-189	-95
-1444	103	3725	90	-165	-55
-1418	49	3633	70	-111	-31
-1413	-43	3672	60	-59	-78
-1452	-135	3752	65	-59	-159
-1525	-164	3820	72	-98	-243
-1579	-87	3846	89	-160	-218
-1529	-8	3867	103	-196	-166
-1463	38	3846	93	-219	-118
-1475	35	3798	83	-224	-80
-1477	31	3730	63	-202	-69
-1414	71	3710	56	-139	-31
-1439	48	3689	47	-67	8
-1488	32	3711	24	-11	19
-1501	21	3754	2	-14	51
-1495	14	3772	-12	-44	74
-1452	-23	3739	-23	-37	112
-1469	-38	3747	-31	3	120
-1503	-33	3803	-24	24	143
-1494	18	3835	-22	29	165
-1491	-21	3868	-30	3	187
-1474	18	3856	-59	-17	194
-1458	31	3816	-81	-33	232
-1410	27	3815	-82	-33	268
-1385	2	3772	-75	-24	284
-1394	19	3740	-76	35	300
-1445	0	3794	-81	91	294
-1488	25	3865	-89	83	285
-1500	13	3858	-101	22	293
-1480	-12	3806	-97	4	295
-1431	-31	3781	-90	24	281
-1436	-60	3787	-82	46	265
-1561	-174	3660	20	199	-236
-1559	-130	3715	21	248	-177
-1570	-74	3795	15	231	-101
-1543	-1	3909	-6	152	24
-1541	30	4003	-26	19	162
-1554	-30	4021	-30	-167	301
-1522	-137	3971	-18	-297	399
-1491	-246	3893	-11	-356	448
-1489	-331	3866	-1	-371	446
-1504	-401	3883	-16	-349	380
-1522	-337	3836	-47	-309	302
-1537	-274	3789	-69	-267	276
-1513	-175	3758	-74	-261	287
-1507	-128	3731	-75	-259	325
-1533	-113	3705	-72	-247	361
-1581	-136	3705	-73	-199	405
-1589	-150	3718	-82	-147	409
-1561	-138	3730	-91	-157	408
-1527	-146	3686	-78	-190	408
-1488	-111	3655	-54	-175	402
-1475	-84	3686	-36	-129	412
-1481	-65	3803	-29	-116	433
-1496	-56	3871	-43	-162	456
-1468	-39	3822	-65	-235	465
-1392	-63	3721	-51	-277	468
-1332	-111	3603	-30	-261	445
-1317	-69	3636	-32	-194	440
-1360	-10	3673	-52	-153	476
-1380	41	3704	-88	-181	507
-1340	46	3708	-133	-266	530
-1340	-13	3601	-157	-342	507
-1289	-135	3560	-131	-347	432
-1263	-200	3552	-69	-253	384
-1233	-176	3811	-20	-204	308
-1347	-82	3861	-4	-328	312
-1363	-61	3788	1	-368	309
-1403	-101	3589	-25	-358	215
-1432	-37	3297	-75	-276	136
-1349	118	3067	-90	-121	230
-1195	-28	3071	-24	125	307
-1267	-127	3196	67	220	238
-1402	-184	3090	128	223	141
-1463	-4	2778	106	297	27
-1360	225	2776	69	530	164
-1418	303	3093	64	527	399
-1481	74	3363	36	401	354
-1417	128	3917	-44	281	267
-1468	248	4665	-63	120	350
-1627	208	5485	-54	-241	311
-1822	81	6208	-37	-587	247
-1824	-210	7417	53	-463	249
-2105	-543	9447	222	-188	172
-3201	-652	10844	298	-269	-239
-3758	-288	10075	207	-309	-678
-3515	-22	9159	138	190	-848
-3310	-268	7926	24	471	-1052
-3049	-37	5572	-165	636	-1491
-2636	376	2939	-154	869	-1651
-1558	423	1227	142	1154	-1579
-605	273	673	350	1267	-1290
-65	228	828	288	756	-871
-69	124	527	214	-1629	-217
-193	104	-127	352	-3661	566
-500	-57	-625	329	-3305	1303
-691	-364	-397	135	-2864	1201
-418	-153	-277	301	-3740	207
750	119	-179	564	-3760	-808
1306	401	-31	429	-2766	-1012
970	746	-201	-122	-2042	-583
471	408	-365	-439	-1647	325
187	-127	-422	-595	-1319	777
49	-356	-543	-406	-688	779
-369	-548	-824	-334	1381	490
-1299	-937	-2105	-82	7125	-36
-7170	313	3518	948	7048	-1387
-1306	1449	11137	398	9671	-182
-5225	253	16862	70	4818	185
-7251	-65	13950	-612	-2188	-542
-3312	-675	7158	-318	-4314	-992
-706	-696	3502	136	-2630	-647
-860	-42	3279	253	764	-529
-2007	342	5944	158	2373	-523
-2939	744	7542	68	1174	-388
-2504	576	6179	14	-644	-28
-1588	165	4081	-85	-1034	85
-1127	15	2915	-117	-399	204
-1258	-87	2722	-47	388	318
-1519	-149	2955	3	643	309
-1655	-55	3166	2	640	313
-1650	33	3332	-20	378	294
-1511	74	3211	-44	163	294
-1422	-22	3218	-39	214	259
-1425	-19	3439	-16	270	266
-1482	11	3598	16	207	254
-1550	120	3604	-4	27	236
-1474	106	3462	-31	-44	274
-1450	40	3397	-52	81	285
-1555	-32	3577	-64	204	244
-1594	-92	3724	-83	189	204
-1568	-161	3851	-102	99	140
-1565	-151	3851	-91	-20	77
-1495	-137	3758	-57	-56	29
-1453	-125	3715	-18	-25	-23
-1487	-90	3718	7	2	-75
-1502	-73	3725	17	13	-109
-1502	-117	3734	28	24	-146
-1532	-169	3742	50	17	-167
-1570	-150	3733	88	38	-182
-1628	-78	3759	114	39	-202
-1637	-11	3762	115	8	-195
-1585	43	3717	99	-26	-211
-1528	93	3673	90	3	-156
-1535	68	3675	84	72	-96
-1563	31	3728	69	110	-80
-1598	21	3830	50	80	-83
-1610	32	3775	32	15	-74
-1622	71	3752	12	-15	-32
-1597	81	3739	8	0	53
-1605	51	3733	-5	5	117
-1605	24	3694	-30	12	175
-1615	-24	3713	-30	10	187
-1616	24	3742	-24	31	159
-1626	49	3760	-11	29	170
-1633	64	3764	-12	18	194
-1637	73	3752	-20	0	220
-1645	32	3732	-32	-21	229
-1631	39	3693	-37	-35	247
-1607	36	3724	-36	-20	262
-1637	45	3741	-39	-28	271
-1632	83	3752	-64	-48	289
-1617	-29	3741	-8	-36	51
-1596	-38	3769	-9	-50	51
-1585	-48	3780	-3	-96	52
-1550	-63	3770	6	-115	52
-1542	-23	3819	13	-102	84
-1540	-8	3920	12	-128	87
-1524	5	3961	3	-228	80
-1490	51	3926	-1	-325	100
-1491	54	3816	-11	-371	154
-1439	24	3787	-4	-335	188
-1452	-6	3826	2	-292	202
-1470	-12	3804	-3	-272	218
-1467	-25	3819	-14	-271	213
-1488	-19	3806	-29	-269	168
-1497	-3	3759	-38	-276	159
-1494	-12	3735	-51	-251	175
-1485	-28	3738	-51	-197	182
-1485	-65	3781	-51	-166	147
-1530	-75	3801	-50	-188	120
-1547	-85	3763	-47	-197	107
-1503	-72	3704	-38	-162	97
-1487	-49	3707	-26	-111	93
-1486	-53	3726	-23	-68	89
-1500	-22	3755	-19	-34	91
-1510	5	3796	-20	-34	91
-1483	13	3791	-25	-50	95
-1456	8	3773	-33	-58	97
-1434	56	3797	-40	-53	111
-1424	74	3760	-55	-31	123
-1409	70	3754	-70	7	122
-1396	52	3780	-79	4	146
-1400	23	3705	-70	-6	145
-1372	4	3630	-43	25	126
-1364	-46	3584	-23	80	104
-1357	-66	3485	-18	109	58
-1362	-8	3353	-22	148	20
-1283	241	3218	-16	266	112
-1238	283	3180	23	382	293
-1299	180	3145	79	382	377
-1278	152	2989	102	369	398
-1247	213	2821	78	426	418
-1223	191	2488	74	417	513
-1056	-53	2212	87	542	513
-1045	-148	2270	44	647	475
-1052	-139	2243	69	594	431
-1069	-49	2319	145	616	413
-1120	49	2675	246	611	495
-1385	235	3583	281	421	628
-1895	476	4504	251	140	765
-2239	453	5688	184	-31	1036
-2491	96	6691	105	-270	919
-2680	29	7992	5	-475	498
-3093	-29	9160	-28	-597	252
-4141	77	10084	-172	-407	-57
-4583	177	9754	-332	-111	-352
-4457	267	10561	-459	669	-151
-4675	497	11468	-707	270	-81
-4312	786	9444	-933	-864	-370
-3323	1173	5528	-1049	-605	-714
-2772	1069	2501	-1114	346	-394
-1553	383	918	-815	844	296
-745	82	366	-635	1239	961
-806	-311	600	-694	829	1597
-1683	-433	690	-991	-2525	2334
-1136	-698	-503	-759	-4457	2656
-1895	-90	-259	-135	-5023	2200
-744	-31	-754	79	-6864	1222
2191	-85	-2912	475	-7412	-398
3721	1066	-4039	1521	-2530	-204
3149	959	-2611	-665	4011	1621
1445	-379	47	-1649	7025	2594
-1076	-1417	2161	-152	3765	1708
-80	-930	1647	-378	2377	-328
-480	-9	1764	-418	1055	-1036
-958	334	1460	-449	-592	-393
-1359	428	338	-304	-2558	536
-1119	310	-450	-100	-3030	930
-1888	767	-569	32	-2604	1068
-4814	228	-1784	-534	1282	1746
-1894	-86	967	310	5335	682
1229	497	11636	-377	11284	1356
-9736	-821	20188	-406	5173	805
-6959	-1494	15311	-704	-2820	52
-2899	-923	6938	-296	-5326	-508
-571	-221	2233	129	-2330	-44
-1071	-336	4332	340	2272	71
-2938	-2	7845	306	2551	-497
-3194	517	8240	247	199	-902
-2220	375	5938	161	-1437	-667
-1287	169	3673	41	-1413	-571
-946	-28	2870	40	-502	-448
-1159	-236	2775	126	115	-331
-1444	-351	2766	204	201	-338
-1479	-305	2663	330	310	-357
-1534	-94	2770	367	408	-450
-1469	286	3051	294	425	-457
-1389	505	3216	176	246	-431
-1280	590	3082	162	133	-270
-1432	380	3241	157	152	-140
-1548	147	3409	109	73	-99
-1474	-16	3533	49	58	-52
-1425	-78	3733	19	32	-26
-1379	-23	3880	16	-113	-71
-1349	149	3912	-6	-278	-110
-1368	373	3871	-54	-313	-23
-1293	453	4012	-109	-277	123
-1282	218	4108	-125	-355	196
-1285	-54	3966	-115	-473	126
-1257	-191	3678	-72	-425	52
-1231	-184	3658	-19	-237	22
-1295	-24	3725	11	-176	12
-1315	59	3683	16	-165	40
-1340	98	3717	4	-127	50
-1415	21	3801	4	-123	55
-1481	-44	3796	21	-171	2
-1450	-86	3783	32	-150	-70
-1433	-57	3819	47	-140	-142
-1355	-41	3812	80	-152	-185
-1331	-2	3832	111	-163	-211
-1331	-18	3842	130	-146	-209
-1363	-59	3840	143	-108	-243
-1384	-11	3863	141	-92	-305
-1380	55	3848	135	-87	-291
-1379	48	3870	142	-99	-302
-1376	45	3880	147	-127	-304
-1375	62	3850	134	-133	-307
-1385	103	3834	113	-128	-268
-1384	136	3772	80	-118	-217
-1391	179	3734	46	-84	-170
-1409	166	3751	23	-46	-127
-1511	-142	3677	-50	-93	173
-1521	-126	3687	-31	-59	162
-1501	-109	3660	-25	-27	154
-1497	-94	3699	-20	4	151
-1504	-64	3765	-7	-4	115
-1498	-21	3812	5	-17	99
-1503	21	3830	13	-30	141
-1485	5	3850	1	-56	190
-1443	-31	3842	-22	-67	167
-1431	-17	3868	-43	-79	148
-1449	-44	3912	-26	-112	150
-1452	-80	3915	1	-112	142
-1426	-119	3936	25	-108	102
-1444	-81	3952	20	-170	56
-1445	-43	3833	11	-207	85
-1486	-36	3732	6	-174	60
-1487	2	3688	-4	-98	44
-1513	-1	3665	-7	-17	53
-1541	-21	3686	-8	46	57
-1555	-51	3724	-9	80	46
-1543	-57	3772	-9	102	12
-1586	-12	3817	1	80	22
-1602	19	3765	-8	52	51
-1599	14	3735	-24	84	50
-1567	-15	3742	-34	117	30
-1544	-13	3738	-37	129	30
-1537	-2	3753	-35	146	39
-1553	9	3748	-25	159	37
-1568	5	3741	-17	148	26
-1582	-10	3677	-5	150	34
-1565	-14	3639	7	194	39
-1580	-57	3656	18	229	34
-1607	-61	3669	24	248	-2
-1595	-42	3656	37	261	-32
-1554	10	3657	31	249	-34
-1528	36	3579	9	225	-11
-1481	41	3512	-7	211	2
-1466	28	3500	-21	218	25
-1469	29	3450	-18	219	48
-1471	-10	3333	-27	178	56
-1427	37	3026	-71	132	22
-1174	81	2726	-99	136	37
-1001	-5	2503	-119	129	46
-971	-72	2373	-96	37	53
-917	2	2344	-5	43	223
-1269	134	2897	107	190	520
-1547	25	3730	168	75	719
-1661	-109	4873	-25	-426	333
-1974	355	5678	-325	-1191	60
-2145	319	6047	-324	-1687	114
-1874	-178	6410	-138	-986	-134
-2459	-799	8412	229	111	-133
-3494	-855	11531	398	-160	-495
-3738	162	12056	201	-865	-751
-2950	640	10144	-154	-685	-966
-2881	264	7735	-259	176	-977
-3444	-98	5125	-207	689	-1160
-2883	-286	2363	-124	1078	-1023
-1828	-340	902	23	1518	-922
-1316	-345	491	390	1628	-672
-1336	-304	510	411	388	-393
-885	-174	213	263	-2086	-48
-564	184	-226	454	-3139	591
-392	101	-241	657	-3503	1007
295	127	-83	1607	-4353	717
1915	342	240	1260	-3399	170
1534	517	185	104	-2450	-246
572	170	-133	-640	-2499	133
432	-183	-362	-932	-2429	445
211	-372	-455	-939	-1771	292
-16	-373	-442	-430	-843	15
-237	-130	-352	284	-108	-229
-552	142	-721	1024	1108	-243
-2209	2052	-1007	483	3723	470
-5220	-1146	1133	-1085	5763	1798
2478	-255	7550	773	9011	-731
-4617	-259	16923	-11	6636	-708
-8245	6	14075	-739	743	-801
-5001	-1285	9710	-538	-2535	-523
-1412	-621	6011	247	-2621	-750
-980	-114	4110	451	-815	-866
-1417	384	4517	226	993	-612
-2108	442	5424	-32	1094	-634
-2202	311	4814	18	332	-312
-1791	-69	3833	106	165	-185
-1331	-129	3039	170	447	-318
-1358	-85	2994	292	933	-299
-1470	85	3147	363	1013	-251
-1641	234	3431	352	792	-65
-1789	232	3612	204	325	-49
-1698	135	3419	67	25	-37
-1578	152	3508	20	122	5
-1486	216	3771	2	107	130
-1490	263	3861	-18	-32	270
-1516	240	3750	-54	-158	320
-1506	147	3619	-111	-144	298
-1426	28	3503	-161	-76	254
-1383	-59	3534	-170	22	207
-1379	-177	3677	-143	28	200
-1468	-232	3844	-107	-28	146
-1569	-98	3930	-84	-131	178
-1561	60	3865	-93	-221	239
-1471	129	3749	-118	-234	287
-1443	132	3638	-148	-181	279
-1480	63	3643	-184	-109	279
-1479	-67	3684	-199	-62	266
-1498	-209	3747	-182	-69	222
-1545	-321	3742	-128	-115	138
-1539	-357	3751	-70	-117	13
-1543	-284	3754	-62	-105	-106
-1508	-209	3737	-72	-71	-184
-1471	-126	3732	-63	11	-251
-1522	-72	3797	-22	7	-221
-1551	-92	3780	1	-60	-223
-1557	-71	3741	-10	-73	-207
-1553	-65	3746	-30	-34	-206
-1564	-71	3771	-29	-12	-223
-1540	-143	3755	2	-12	-248
-1558	-146	3739	47	-13	-294
-1552	-132	3719	89	-31	-314
-1553	-103	3698	103	-9	-328
-1575	-83	3740	97	5	-338
-1605	-39	3786	92	6	-307
-1591	-2	3818	98	-22	-273
-1581	46	3797	111	-70	-243
-1546	54	3746	110	-81	-195
-1503	49	3758	96	-50	-132
-1515	78	3794	70	-39	-71
-1538	133	3797	43	-45	-4
-1564	133	3803	24	-57	62
-1418	21	3821	15	29	-95
-1433	64	3814	23	24	-119
-1418	59	3820	28	32	-113
-1424	71	3845	25	48	-95
-1445	82	3848	15	44	-72
-1444	54	3833	15	31	-58
-1425	40	3825	18	23	-70
-1427	30	3784	22	25	-81
-1425	37	3818	22	31	-86
-1431	39	3819	9	33	-84
-1432	58	3815	5	43	-70
-1442	53	3796	7	70	-60
-1447	47	3831	19	83	-69
-1470	54	3828	21	76	-43
-1446	23	3842	19	64	-33
-1468	27	3827	14	60	-46
-1443	27	3791	12	55	-44
-1452	25	3789	14	81	-34
-1447	21	3791	13	94	-44
-1466	50	3796	7	91	-42
-1482	58	3832	0	82	-36
-1470	47	3831	-5	64	-16
-1470	60	3801	-8	57	-2
-1470	50	3818	-17	61	7
-1472	65	3805	-29	47	22
-1456	69	3775	-32	39	52
-1438	48	3739	-41	37	51
-1420	65	3699	-69	28	44
-1401	98	3689	-102	32	59
-1392	106	3698	-111	75	97
-1369	80	3800	-85	141	105
-1378	-53	3913	-45	114	67
-1419	-142	3895	5	19	-58
-1439	-144	3756	55	-53	-150
-1364	-30	3546	101	-36	-174
-1282	113	3445	201	55	-65
-1226	117	3451	321	130	13
-1241	124	3382	395	89	-2
-1277	185	3013	395	48	33
-1255	270	2572	332	147	201
-1171	302	2170	257	285	353
-999	392	1898	211	540	463
-887	409	1894	182	779	705
-977	317	2096	110	942	818
-1140	107	2432	71	904	891
-1219	-224	2864	39	753	660
-1246	-367	3380	47	555	324
-1596	-199	4193	150	204	349
-1928	-189	4798	257	55	526
-1915	-159	5471	335	168	376
-2498	-168	6221	246	134	-3
-3268	-34	7111	-71	452	-337
-4010	14	9726	19	701	-448
-5163	177	11763	351	-56	-244
-4749	384	12164	146	-642	-129
-4313	863	12130	-474	-964	-738
-4023	919	10912	-586	-1192	-714
-3889	729	7282	-433	-646	-647
-3482	729	4249	-603	1044	-1062
-2242	622	1925	-653	1423	-919
-1223	107	897	-550	1850	-97
-725	-454	1555	-460	2001	572
-2980	-1112	2176	-647	-2152	1311
-2325	-1075	-468	-724	-6852	1412
-3014	-191	-437	-288	-5841	722
-1468	213	-458	17	-7375	109
-575	-67	-510	222	-8800	-325
2677	216	-2764	1491	-9900	-1136
4664	1424	-4645	1467	-4823	-1266
2560	1030	-3387	-263	2891	322
1373	380	-1218	-1201	6057	1386
-477	-46	591	-1418	6480	1933
-1922	-784	976	-246	2205	1743
-665	-185	-13	-104	1275	491
-1163	-477	591	-383	825	-797
-640	-191	330	-264	38	-1104
-404	121	365	20	-327	-502
-722	220	213	-1	-659	193
-1490	209	114	-54	-244	687
-6389	-980	-496	134	3089	1652
2134	-601	5710	821	7645	-1400
-3331	-40	16058	-29	10742	538
-8660	-21	17099	103	3103	-914
-5018	84	12051	-215	-3116	-1018
-1419	-397	5108	-106	-3389	-1609
-1265	48	3457	228	410	-1061
-2370	212	7033	484	2525	-348
-3419	-423	8830	410	760	-243
-2774	94	6529	291	-1224	-870
-1741	540	4448	233	-1314	-946
-1121	862	3703	231	-578	-638
-1250	755	3802	176	42	-255
-1582	300	3920	85	189	-9
-1810	79	4026	2	32	-13
-1719	-24	3712	-84	-286	-74
-1370	-74	3317	-54	-310	-200
-1252	44	3058	19	-225	-227
-1197	221	2884	52	-19	-126
-1193	242	2977	88	251	73
-1308	144	3356	98	307	151
-1342	95	3461	47	62	111
-1310	83	3310	5	-58	142
-1273	137	3260	-37	12	152
-1300	235	3339	-65	54	240
-1366	124	3433	-67	81	386
-1389	-53	3499	-67	116	386
-1413	-65	3605	-95	153	346
-1454	-3	3702	-125	161	342
-1423	75	3782	-135	127	377
-1391	67	3864	-146	51	439
-1384	29	3838	-155	-67	477
-1346	-73	3770	-169	-96	476
-1362	-199	3790	-181	-56	446
-1406	-295	3826	-139	-84	332
-1452	-349	3823	-68	-120	211
-1456	-352	3802	4	-128	80
-1447	-245	3823	59	-120	-46
-1496	-99	3781	88	-138	-128
-1475	31	3730	82	-108	-154
-1441	79	3750	60	-64	-139
-1428	67	3774	57	-75	-147
-1409	35	3727	59	-69	-152
-1424	25	3764	65	-22	-152
-1484	-2	3819	70	-12	-166
-1477	-23	3840	92	-27	-196
-1475	5	3829	88	-45	-208
-1461	39	3799	78	-61	-226
-1474	60	3786	71	-72	-231
-1496	75	3784	83	-65	-221
-1550	68	3833	83	-50	-177
-1592	-15	3671	8	136	-40
-1594	-48	3714	16	163	-77
-1609	-44	3689	15	150	-89
-1631	-21	3650	11	169	-88
-1653	-10	3635	18	205	-84
-1687	-23	3717	30	236	-97
-1717	-53	3766	48	228	-112
-1702	-63	3772	58	209	-141
-1687	-74	3759	66	199	-164
-1706	-94	3753	71	178	-212
-1697	-31	3724	76	164	-220
-1702	7	3714	76	170	-202
-1699	14	3739	77	167	-191
-1710	33	3742	66	151	-180
-1716	11	3699	59	108	-166
-1723	-15	3632	56	88	-162
-1720	-1	3551	62	112	-141
-1741	-3	3558	65	157	-121
-1762	37	3612	56	199	-106
-1755	30	3660	46	224	-93
-1789	-21	3681	40	225	-104
-1758	-40	3682	36	203	-123
-1745	-59	3641	53	161	-128
-1701	-51	3597	79	142	-139
-1696	-25	3514	108	151	-118
-1658	-7	3506	151	180	-92
-1648	1	3556	190	216	-69
-1676	41	3624	211	197	-22
-1718	104	3688	185	106	50
-1686	128	3610	127	-3	68
-1572	178	3406	66	-65	87
-1496	166	3249	23	-46	148
-1415	59	3178	8	25	207
-1445	-64	3259	-8	102	201
-1593	-136	3428	-17	66	225
-1755	-163	3466	-2	36	173
-1756	-201	3499	62	36	117
-1718	-190	3621	104	19	-33
-1682	-24	3656	103	-72	-79
-1631	75	3639	58	-175	-47
-1655	100	3487	0	-303	-56
-1628	122	3029	-43	-326	-71
-1542	-29	2632	-28	-166	-95
-1342	-183	2441	-12	131	-222
-1226	-95	2607	-27	348	-369
-1337	116	3020	54	267	-216
-1709	366	3470	125	17	55
-2084	489	3970	173	-182	368
-2412	404	4545	127	-209	402
-2574	286	5494	113	-122	453
-2708	-36	7399	157	195	436
-3384	-450	10064	288	128	-111
-5046	-531	11224	315	-651	-791
-5071	264	10192	190	-574	-816
-4263	473	10502	22	10	-756
-3871	582	10092	-62	-222	-1136
-3283	445	7351	-177	-667	-1463
-2968	109	3868	-197	-477	-1965
-2397	-5	1307	-200	-64	-2014
-1202	-134	318	-20	348	-1380
-661	-158	441	-190	201	-434
-976	-318	534	-181	-2625	454
-808	-277	-266	-338	-5115	962
-2074	367	-568	301	-4811	1546
-1249	93	-542	626	-5884	1665
1530	205	-1581	1086	-7270	-17
3662	315	-2860	1090	-4368	-1124
2985	288	-2553	-260	1574	-821
1318	143	-1042	-1076	3879	318
-419	-999	693	-751	3813	793
-473	-477	715	181	1389	-91
-533	-163	679	127	1175	-1026
-889	118	566	238	353	-1124
-717	126	564	161	-408	-725
-893	3	247	70	-1058	48
-2066	307	24	-68	-930	755
-5394	-355	-560	343	1637	1223
28	467	3225	1438	6413	-645
-51	717	12336	453	11103	737
-7775	-634	17303	99	4490	-1209
-6644	-314	14239	-202	-2746	-1453
-2242	565	5212	133	-4096	-1796
-994	741	3085	167	-238	-517
-2104	542	5829	82	2113	169
-3319	-354	7892	-13	1063	403
-2984	-399	6605	68	-774	-218
-1963	-334	4502	172	-1141	-463
-1343	92	3570	216	-575	-613
-1370	384	3535	133	-42	-644
-1495	553	3575	47	178	-473
-1657	355	3671	16	182	-131
-1670	58	3566	30	-94	114
-1537	-214	3165	45	-247	110
-1498	-287	2916	77	-70	34
-1553	-164	2919	77	190	-41
-1621	37	3122	93	468	-125
-1594	184	3524	95	601	-74
-1561	227	3761	43	420	-23
-1538	202	3636	17	88	36
-1476	37	3347	53	7	7
-1440	-125	3295	85	208	-121
-1499	-155	3495	68	347	-169
-1555	-136	3684	46	309	-178
-1583	-70	3806	19	172	-186
-1591	18	3758	14	24	-114
-1544	139	3581	16	11	-56
-1478	162	3440	49	110	-23
-1500	134	3481	92	185	17
-1537	10	3591	108	184	17
-1636	-44	3749	106	120	-28
-1690	-69	3796	105	6	-63
-1667	-39	3722	91	-73	-118
-1672	42	3655	69	-54	-137
-1627	137	3663	43	-38	-77
-1633	211	3710	19	-64	24
-1648	172	3700	8	-119	96
-1676	105	3635	-20	-158	126
-1674	65	3631	-50	-134	151
-1639	26	3710	-75	-106	164
-1658	16	3687	-92	-128	167
-1656	32	3691	-113	-102	140
-1632	52	3757	-132	-112	159
-1640	48	3735	-130	-157	196
-1659	27	3692	-111	-165	187
-1667	20	3677	-105	-142	180
-1664	-31	3682	-114	-119	222
-1671	-71	3705	-118	-126	208
-1644	-28	3701	-121	-120	181
-1649	8	3692	-116	-106	169
-1645	9	3728	-108	-87	155
-1607	4	3760	0	22	-78
-1607	21	3736	5	21	-76
-1598	49	3763	-2	9	-76
-1573	27	3788	-6	-13	-70
-1581	15	3789	-12	-41	-58
-1600	8	3746	-12	-53	-37
-1605	-4	3741	-10	-45	-47
-1602	8	3707	-23	-31	-52
-1569	25	3709	-25	-1	-39
-1570	1	3767	-28	5	-33
-1587	-14	3808	-24	-30	-27
-1590	-2	3775	-13	-59	-31
-1565	-32	3709	1	-43	-30
-1529	-27	3754	10	-21	-50
-1524	16	3797	13	-28	-24
-1535	47	3837	15	-49	-19
-1552	84	3846	0	-75	-7
-1538	78	3837	-24	-114	23
-1519	47	3808	-35	-131	54
-1490	5	3746	-33	-121	63
-1476	-12	3728	-24	-87	63
-1491	-28	3741	-25	-59	51
-1526	-7	3768	-27	-62	43
-1518	12	3728	-36	-57	55
-1529	11	3735	-45	-42	58
-1512	-9	3762	-50	-42	53
-1527	-21	3775	-55	-40	40
-1510	-40	3819	-41	-37	25
-1488	-10	3861	-31	-83	21
-1453	40	3831	-28	-125	36
-1442	45	3798	-36	-133	56
-1435	23	3792	-37	-110	49
-1416	8	3777	-28	-103	59
-1429	20	3777	-13	-106	70
-1462	44	3730	-11	-121	75
-1478	42	3687	-11	-138	76
-1481	14	3637	0	-152	77
-1472	-29	3519	22	-172	84
-1410	-25	3456	32	-137	102
-1397	-2	3473	22	-105	106
-1409	15	3485	8	-98	84
-1474	-43	3428	-16	-134	43
-1442	-73	3205	-50	-151	-13
-1370	9	2926	-97	-99	-7
-1231	66	2848	-137	12	83
-1131	9	2834	-127	98	144
-1224	-61	3068	-101	93	102
-1507	-2	3383	-109	12	75
-1632	50	4165	-153	133	105
-2053	114	6218	-92	-187	339
-2953	-153	8668	62	-1470	78
-3324	-465	10113	123	-1487	-93
-2823	-537	11395	101	-1118	-251
-3118	-15	9687	-60	-1215	-643
-2764	183	6884	-271	-502	-1023
-2243	18	4205	-106	720	-1182
-2135	-193	2518	223	1943	-1179
-1733	-220	1439	250	1737	-927
-901	-12	607	252	1603	-615
-557	160	524	251	1236	-351
-206	128	465	135	-566	24
25	-58	225	-293	-2492	641
612	-535	-60	-397	-2535	447
911	-655	11	226	-1519	-483
570	52	85	658	-1100	-1196
293	348	-27	416	-1266	-1166
77	409	-185	305	-1209	-636
-50	477	-215	429	-966	-30
-68	419	-240	656	-931	212
269	558	-268	345	277	535
-4412	-966	501	-150	2703	908
-1284	-893	3522	470	3927	-298
-2018	695	12976	285	5136	-150
-4403	1370	13336	-157	-149	-133
-7162	1658	10250	-617	-2379	1369
-2888	-2125	7463	-426	-1475	-750
448	-742	4994	601	-449	-1113
-839	-521	5594	665	826	-1114
-1519	626	5711	218	-91	-1007
-1369	705	3741	-115	-496	-191
-1203	408	2240	-95	103	108
-1304	131	2181	-74	1185	357
-1755	-401	2628	28	1336	420
-1791	-810	3360	218	735	-135
-1755	-379	3340	388	-273	-617
-1596	-217	2616	502	-431	-559
-1479	-102	2736	485	401	-622
-1465	125	3823	374	1010	-582
-1510	477	4726	216	823	-594
-1518	741	4733	60	174	-354
-1390	656	4125	-61	-257	-88
-1125	346	3524	-79	-254	225
-1108	-87	3429	-79	48	321
-1312	-394	3596	-61	267	148
-1570	-316	3902	-18	325	-51
-1636	-106	4050	17	166	-157
-1556	86	3942	31	1	-237
-1385	181	3698	38	-56	-217
-1354	68	3592	62	26	-147
-1432	-50	3668	84	112	-64
-1524	-67	3819	75	123	-47
-1589	-2	3900	53	-8	-64
-1570	44	3869	37	-84	-51
-1548	92	3872	35	-63	-20
-1553	124	3850	22	-81	23
-1516	92	3761	9	-104	22
-1471	63	3659	2	-63	24
-1438	11	3665	1	12	25
-1453	-44	3740	1	48	10
-1530	-68	3783	15	38	-2
-1576	-33	3825	20	35	-8
-1589	55	3837	21	0	4
-1538	76	3739	12	5	28
-1507	83	3790	8	39	29
-1502	47	3816	8	28	20
-1517	62	3762	-2	-1	-14
-1545	116	3742	-6	9	18
-1569	106	3734	-1	36	76
-1573	108	3733	-8	38	107
-1568	129	3766	-22	32	124
-1556	143	3785	-42	28	126
-1544	108	3799	-57	20	131
-1543	81	3808	-60	-3	132
-1591	81	3778	-56	-19	144
-1572	61	3731	-57	-6	181
-1518	50	3730	-60	37	190
-1521	70	3741	-60	57	186
-1541	45	3781	-54	61	184
-1581	55	3837	-47	42	169
-1610	61	3839	-45	0	130
-1568	40	3764	-3	-11	-32
-1568	46	3722	-2	-2	-30
-1582	52	3740	0	18	-34
-1591	67	3766	-5	18	-37
-1583	90	3772	-13	-2	-23
-1599	79	3736	-10	-4	-13
-1582	59	3767	-6	-1	-4
-1589	31	3764	-6	-16	-11
-1570	65	3745	-4	-12	-15
-1574	57	3677	-6	39	-2
-1566	55	3795	-2	85	-12
-1574	63	3816	0	29	5
-1567	70	3760	-3	-9	-22
-1561	77	3754	-9	12	-13
-1577	57	3785	-14	18	2
-1596	40	3772	-11	1	14
-1579	23	3761	-8	7	3
-1570	26	3749	0	22	-15
-1593	49	3758	-2	16	-14
-1600	55	3724	-11	12	-10
-1589	54	3719	-13	28	-2
-1603	41	3752	-11	30	5
-1618	40	3747	-14	21	11
-1613	42	3733	-16	21	9
-1592	35	3742	-14	27	3
-1586	56	3716	-17	39	1
-1592	61	3717	-13	62	17
-1590	91	3753	-17	78	29
-1612	55	3748	-22	65	23
-1614	40	3754	-27	49	14
-1607	58	3715	-30	46	13
-1610	71	3695	-32	55	6
-1596	93	3703	-32	54	4
-1621	49	3666	-43	24	-11
-1631	17	3542	-52	19	-36
-1608	-18	3442	-49	76	-60
-1607	4	3390	-67	94	-114
-1587	130	3310	-85	91	-105
-1515	89	3158	-43	147	-64
-1434	27	2988	84	198	-117
-1362	-71	2625	241	151	-241
-1208	-88	1980	427	94	-328
-853	110	1370	561	208	-305
-441	585	1221	604	382	-23
-451	818	1570	538	614	488
-949	582	2240	274	556	764
-1950	442	2867	-12	256	1175
-2196	-216	3256	1	141	1270
-1985	-388	4086	239	265	755
-2069	-545	5404	720	432	324
-2988	-267	7841	713	581	-401
-4255	-240	10902	473	1007	-486
-5806	668	13400	227	869	-617
-5781	686	12689	110	-504	-647
-4548	933	11670	-217	-705	-593
-4145	665	11088	-610	-573	-900
-4170	-13	8764	-730	-285	-1112
-3955	-410	4534	-509	770	-2107
-2742	100	1962	-571	1883	-2330
-1301	276	888	-383	1917	-1691
-428	218	1494	-395	862	-700
-2162	98	954	-234	-3782	84
-3277	970	-350	-307	-7369	1389
-3495	1246	-986	218	-6842	3893
-1856	89	-469	143	-8260	4605
1533	-104	-1823	-733	-10081	2670
4546	-1785	-4613	-1419	-9117	-1856
4103	-1439	-5569	1302	542	-3279
1964	725	-2661	734	7142	-770
679	-53	-66	-56	8273	1448
-1168	-711	1504	809	6718	1644
-1200	-212	1149	939	1389	650
187	-611	-40	-99	1611	-594
-1411	-98	922	127	2212	-1702
-821	386	515	-74	767	-1783
-304	256	701	-128	62	-1107
-260	323	446	87	-722	-566
-1801	861	336	-81	-804	327
-6699	403	-819	-179	1521	2068
2284	-1580	3925	782	7282	-212
-4988	-4	15330	124	10361	-349
-9922	-124	17831	-109	2086	-79
-6069	-115	10329	-385	-2977	-1148
-2328	434	6030	317	-2046	-1256
-2554	974	4942	649	688	-950
-3217	1077	7211	245	1692	-684
-3250	633	7762	-88	358	-105
-2606	446	5982	-188	-860	89
-1951	149	4282	-112	-993	181
-1532	-76	3326	-14	-611	58
-1523	-113	2672	110	-149	-113
-1733	89	2394	120	351	-173
-2001	360	2725	60	709	-42
-2071	460	3143	27	553	138
-1846	324	3064	52	120	207
-1513	142	2692	68	-94	172
-1289	-13	2512	60	-38	95
-1391	-148	2569	44	47	-17
-1694	-208	2841	24	97	-153
-1927	-104	3137	-1	71	-238
-1971	29	3343	-19	63	-271
-1972	165	3551	16	65	-309
-1994	277	3716	92	-25	-215
-1977	335	3730	114	-125	-78
-1970	284	3756	72	-215	119
-1937	240	3750	11	-339	273
-1829	177	3629	-52	-413	317
-1780	122	3546	-106	-434	284
-1765	109	3459	-120	-411	271
-1789	53	3510	-118	-355	270
-1833	64	3555	-124	-366	263
-1836	71	3531	-136	-401	306
-1839	73	3532	-177	-389	303
-1893	9	3523	-212	-365	277
-1977	-74	3578	-211	-328	223
-1984	-154	3645	-155	-277	134
-1937	-98	3656	-90	-248	86
-1874	-24	3598	-45	-218	68
-1809	33	3562	-39	-205	31
-1765	120	3539	-76	-178	20
-1723	118	3593	-111	-176	31
-1714	116	3691	-136	-197	61
-1765	69	3700	-144	-226	141
-1775	-60	3681	-138	-215	169
-1757	-158	3653	-108	-159	100
-1737	-175	3579	-69	-96	25
-1725	-136	3535	-30	-42	-32
-1751	-67	3533	4	20	-99
-1774	50	3627	26	38	-89
-1773	142	3694	18	33	-22
-1698	14	3695	17	103	-40
-1700	35	3700	10	93	-37
-1677	30	3615	7	136	-26
-1630	23	3722	17	225	-19
-1657	71	3897	1	198	50
-1694	45	3993	-10	97	78
-1726	21	3910	-19	-36	45
-1716	27	3715	-22	-115	52
-1684	-21	3536	-16	-46	74
-1699	-87	3509	-2	58	43
-1733	-79	3525	3	115	10
-1788	-38	3610	2	134	-6
-1834	25	3714	-15	92	0
-1829	83	3704	-30	22	41
-1788	79	3656	-50	1	82
-1742	68	3652	-63	19	96
-1694	11	3647	-58	37	96
-1694	-23	3640	-52	51	79
-1688	-6	3640	-37	58	65
-1703	4	3672	-19	44	79
-1715	32	3792	-6	49	108
-1721	67	3925	-14	37	145
-1708	74	3962	-30	-42	158
-1708	55	3929	-37	-182	163
-1712	23	3755	-30	-238	169
-1681	16	3623	-12	-187	169
-1714	20	3566	-22	-97	161
-1738	38	3564	-49	-20	149
-1784	50	3587	-71	9	140
-1801	33	3567	-73	-11	138
-1808	15	3524	-72	-28	140
-1821	14	3460	-77	3	137
-1828	32	3412	-86	78	151
-1797	-15	3455	-96	159	96
-1766	-32	3461	-132	146	14
-1743	-75	3435	-142	107	-46
-1783	-170	3404	-55	118	-120
-1756	-188	3439	97	172	-170
-1693	-132	3424	240	122	-144
-1574	-109	3252	341	33	-97
-1451	33	3021	360	-42	-67
-1331	327	2666	266	-90	57
-1192	449	2340	111	-42	256
-1068	412	2167	-90	170	361
-1067	377	2350	-264	350	446
-1336	67	2896	-249	194	649
-1873	-577	3709	-68	-220	621
-2174	-857	4465	124	-599	239
-2006	-547	5297	271	-1162	-93
-1962	115	5916	193	-1941	-333
-2180	651	6365	195	-1493	34
-2762	181	8497	403	-15	361
-4721	-422	11356	347	588	-129
-5301	152	11905	-48	83	-818
-4522	716	10809	-438	-266	-888
-3644	525	8999	-641	-450	-844
-2654	-62	5892	-614	-532	-745
-1854	-300	2772	-360	-306	-1122
-1049	-172	1080	-36	-117	-1281
-717	38	287	373	-549	-975
-585	-29	79	495	-1269	-643
-984	-172	146	241	-2845	-365
-1452	-143	-103	-30	-5182	50
-1282	-599	-826	-216	-5541	576
-727	-356	-525	369	-4994	441
-346	24	-313	173	-5757	-80
1598	-258	-821	672	-6773	-1013
2060	349	-1302	673	-4927	-2173
1307	437	-1415	17	-2155	-1991
318	328	-923	341	-133	-1166
-305	280	-438	679	297	-370
-445	245	-324	233	120	42
-727	197	-930	-385	1272	120
-1351	328	-1974	-127	6031	463
-3815	-778	-338	-1394	13858	1143
1040	-2240	6883	974	13025	-1862
-4901	-1743	15973	52	15314	-2298
-12170	520	22247	511	4264	-976
-6464	581	11421	162	-5958	-1234
-1876	914	2942	270	-4564	-1073
-320	666	1686	192	87	-173
-2035	660	4921	109	3076	74
-3057	396	7423	36	1656	375
-2475	238	6067	66	-806	557
-1465	122	3508	97	-1500	530
-1079	99	2140	16	-903	457
-1224	114	1607	17	-55	493
-1562	-47	1899	47	737	637
-1708	-181	2617	-31	809	501
-1673	-131	3022	-109	369	376
-1604	-125	3032	-184	57	233
-1639	-32	3280	-249	56	127
-1797	79	3695	-259	147	158
-2085	181	4103	-207	160	255
-2062	301	4412	-173	174	282
-1744	415	4508	-99	167	548
-1592	192	4243	-103	-143	655
-1537	95	3820	-190	-392	615
-1600	-78	3587	-238	-307	672
-1612	-194	3627	-247	-105	568
-1644	-75	3613	-263	-31	423
-1631	50	3549	-253	-38	389
-1632	85	3563	-242	-113	408
-1614	-34	3511	-227	-186	456
-1604	-136	3493	-212	-129	412
-1623	-177	3527	-180	-43	328
-1721	-115	3622	-150	7	240
-1756	-86	3768	-117	-18	183
-1741	-105	3863	-75	-121	122
-1700	-81	3887	-29	-263	79
-1633	-24	3730	26	-351	44
-1619	51	3619	58	-311	26
-1635	128	3594	55	-237	28
-1676	144	3642	44	-168	71
-1685	160	3715	15	-186	116
-1712	147	3746	-17	-243	140
-1693	163	3741	-40	-246	198
-1682	94	3769	-20	-215	263
-1671	101	3821	4	-231	290
-1679	166	3761	37	-263	323
-1611	188	3714	63	-236	317
-1523	80	3683	104	-167	256
-1571	167	3753	69	-172	182
-1534	107	3691	58	-160	145
-1516	188	3733	72	-70	94
-1495	279	3819	110	-59	127
-1475	299	3828	121	-58	114
-1439	323	3802	106	-74	50
-1419	262	3793	82	-71	16
-1427	187	3851	45	-42	-55
-1613	-35	3761	-9	43	-12
-1622	-47	3767	-9	23	-11
-1622	-35	3767	-6	3	-4
-1617	-15	3767	-17	3	8
-1591	-33	3731	-23	25	22
-1571	-42	3756	-28	60	6
-1594	-54	3793	-31	47	13
-1602	-85	3738	-19	28	-30
-1621	-49	3715	-12	19	-36
-1628	-22	3696	-17	44	-6
-1647	-14	3703	-22	61	18
-1657	-39	3731	-27	70	23
-1674	-67	3754	-31	61	16
-1697	-73	3762	-29	32	6
-1676	-57	3732	-29	5	4
-1652	-56	3651	-27	22	1
-1650	-55	3644	-22	80	8
-1646	-50	3698	-19	128	8
-1681	-22	3766	-31	121	22
-1708	-9	3789	-41	67	56
-1697	-28	3735	-43	34	60
-1672	-50	3686	-34	39	59
-1652	-69	3675	-27	51	49
-1661	-39	3666	-22	52	42
-1691	-47	3682	-29	63	65
-1686	-70	3691	-26	68	70
-1691	-80	3704	-14	60	30
-1682	-86	3643	-6	40	10
-1676	-94	3517	10	27	-21
-1660	-104	3454	34	53	-54
-1681	-126	3459	70	95	-50
-1687	-92	3553	99	151	-27
-1692	-9	3731	110	167	32
-1698	13	3803	112	88	66
-1665	47	3764	73	-44	67
-1581	69	3640	-3	-119	26
-1489	57	3382	-77	-125	59
-1342	26	3206	-109	-3	43
-1295	2	3126	-113	50	82
-1322	-71	3101	-139	18	95
-1445	-68	2939	-164	-84	138
-1427	-2	2718	-173	-23	257
-1420	28	2764	-166	120	452
-1507	-50	2958	-180	58	507
-1697	-118	3258	-167	-292	441
-1883	-166	3754	-81	-743	456
-1830	-181	4267	96	-1079	575
-1516	-121	5028	227	-1363	661
-1579	-141	5595	266	-1402	712
-1887	-296	6121	313	-936	606
-2538	-514	7605	361	209	58
-4223	-739	9868	270	690	-418
-5059	348	11149	56	715	-435
-4562	1032	10932	-236	333	-188
-3455	523	9032	-498	-196	-336
-2347	-40	5976	-580	-325	-627
-1839	-217	3191	-482	-159	-1203
-1318	-98	1389	-334	-80	-1288
-652	58	596	-255	-329	-611
-547	217	168	2	-1364	-29
-694	115	-52	-172	-2500	244
-880	87	-239	-258	-3842	482
-730	33	-319	159	-4848	937
-358	54	-186	836	-6819	760
1696	345	-260	451	-6967	181
2433	38	-1165	-235	-4657	74
1202	-162	-1347	-85	-1486	141
279	-59	-828	281	304	228
-242	81	-430	515	743	460
-362	57	-273	435	746	556
-456	-69	-621	-87	1422	439
-1047	-145	-1171	-995	4140	419
-3940	-1283	-527	333	6506	480
-238	644	2168	1228	9329	-77
-3636	-919	13822	-19	12683	-1311
-9075	-177	18775	-184	5257	-1413
-6981	-17	13789	-120	-3414	-700
-2208	532	5002	117	-4960	-564
-748	323	2345	280	-1279	-215
-1690	-6	3481	77	2003	48
-2986	-209	5850	-80	2514	119
-3035	-79	6212	-86	950	-61
-1964	-82	4662	40	-215	-282
-1278	-158	3275	224	-369	-516
-1143	-147	2539	360	-116	-540
-1266	-28	2133	434	100	-407
-1351	119	1967	402	311	-313
-1376	159	2130	273	556	-222
-1496	16	2791	142	718	-190
-1693	-56	3601	65	670	-212
-1908	-78	4259	84	336	-277
-2020	46	4393	171	-71	-341
-1935	214	4140	201	-375	-390
-1861	263	3873	182	-381	-278
-1827	80	3800	212	-70	-96
-1703	153	4073	210	440	102
-1707	179	4241	131	346	153
-1676	150	3944	0	-30	33
-1563	93	3567	-113	-219	-11
-1513	67	3280	-124	-145	84
-1465	-47	3211	-78	152	174
-1621	-140	3540	-17	339	191
-1856	-218	3832	33	247	153
-1898	-183	3964	43	46	32
-1790	-53	3863	30	-127	-76
-1657	52	3625	33	-192	-96
-1575	80	3519	53	-89	-72
-1598	119	3668	60	35	-28
-1709	61	3885	29	-20	-1
-1744	39	3851	-7	-188	3
-1665	71	3663	-34	-224	21
-1620	94	3620	-40	-146	78
-1651	44	3644	-36	-108	107
-1677	3	3655	-44	-83	79
-1696	3	3705	-60	-66	31
-1673	-25	3661	-67	-80	20
-1650	-58	3621	-73	-64	2
-1671	-16	3590	-65	-16	20
-1687	22	3627	-55	44	44
-1737	-6	3711	-29	38	64
-1775	-28	3708	-21	-3	61
-1758	-59	3699	-2	-21	56
-1736	-23	3728	26	-41	30
-1717	38	3743	21	-68	-7
-1693	97	3722	2	-76	0
-1679	162	3723	-13	-46	52
-1667	202	3746	-34	-66	118
-1674	197	3686	-57	-99	204
-1653	93	3667	-73	-66	248
-1707	5	3727	-73	-59	256
-1633	49	3739	-70	-49	167
-1593	0	3752	-68	-53	164
-1598	7	3805	-76	-58	154
-1587	19	3833	-82	-64	163
-1590	50	3843	-86	-109	175
-1575	41	3772	-90	-149	194
-1553	33	3676	-88	-137	205
-1538	29	3646	-84	-69	207
-1585	-3	3674	-90	-7	203
-1616	-10	3741	-92	18	179
-1659	8	3775	-90	-1	156
-1653	-13	3770	-82	-29	165
-1651	-47	3744	-68	-46	144
-1629	-54	3711	-58	-35	109
-1598	-57	3702	-41	2	73
-1601	-34	3735	-33	27	35
-1632	3	3766	-25	14	29
-1648	2	3749	-22	-8	22
-1656	1	3703	-17	-6	19
-1633	3	3695	-11	24	2
-1625	31	3705	-16	31	-6
-1631	25	3691	-24	35	-6
-1672	20	3703	-28	40	-18
-1685	7	3685	-44	45	-25
-1678	-6	3618	-49	77	-27
-1626	-73	3656	-36	132	-75
-1635	-55	3722	-11	92	-85
-1641	-75	3663	21	43	-122
-1680	-49	3564	54	45	-170
-1648	-25	3473	77	100	-159
-1595	-67	3463	127	126	-142
-1587	-103	3391	173	111	-178
-1505	-15	3278	210	102	-203
-1422	73	3206	289	118	-161
-1402	160	3165	371	131	-62
-1393	201	3247	384	159	116
-1461	216	3354	249	159	216
-1533	229	3304	61	98	258
-1466	152	3188	-71	38	272
-1440	-18	2957	-63	50	191
-1399	-213	2867	111	146	83
-1203	-433	3085	321	248	-28
-1370	-343	3210	400	155	-154
-1402	164	3129	305	87	-84
-1378	400	3184	139	-7	23
-1418	526	3311	-11	-250	64
-1479	336	3394	7	-391	245
-1596	86	3740	69	-276	292
-1913	51	4400	143	42	252
-2473	176	5636	201	233	282
-3079	376	7438	138	54	332
-3689	-65	9927	171	-152	51
-4673	-389	10618	172	-265	-391
-4192	-509	11292	231	324	-525
-4137	477	12142	59	77	-1163
-4475	910	10616	-517	-302	-1496
-4436	417	6423	-813	354	-2201
-3020	390	3358	-869	2031	-1984
-2007	-99	1557	-261	1925	-1478
-1101	-51	831	399	2075	-963
-1399	-270	1019	231	1126	90
-2295	-750	944	-63	-2812	1133
-1085	-335	-251	7	-5695	1581
-1349	308	-482	-1	-5248	1849
-1056	40	-322	188	-5660	1874
-741	-5	-395	592	-7104	1244
2506	89	-1520	907	-8496	-1013
4065	604	-2532	2	-4459	-3004
2701	151	-1989	-531	1499	-1698
952	-42	-961	-612	3985	113
-110	51	-142	-1064	4011	1731
-1306	-731	577	-729	2119	1672
-1044	-676	168	610	-99	499
-462	-405	69	213	-292	-976
-307	26	51	158	-311	-1906
-111	206	121	197	-317	-2075
-1054	657	-62	-56	-102	-1891
-5122	2171	-1209	-11	1823	303
-3501	-458	624	611	5884	3272
3926	-1216	7056	126	12090	-1909
-8735	-3040	17703	715	8656	-811
-11223	-244	21010	312	0	-2050
-4058	921	7896	135	-6073	-2529
-502	2994	2473	316	-2168	-1722
-1707	1012	5621	-56	1530	490
-3431	-948	7872	132	1059	936
-3443	-947	7362	81	-537	-248
-2434	-253	5118	156	-1455	-471
-1452	-133	3691	300	-1289	-373
-1227	107	2973	324	-792	-407
-1341	533	2698	182	-258	-419
-1701	748	3012	4	101	-126
-1784	454	3574	-94	36	257
-1654	77	3554	-141	-410	355
-1361	-111	3035	-145	-617	414
-1165	-217	2815	-154	-403	408
-1198	-156	3103	-125	-64	361
-1356	-29	3498	-107	35	365
-1398	-29	3682	-101	-108	345
-1339	-14	3594	-110	-213	331
-1298	-6	3639	-92	-193	342
-1336	-43	3742	-71	-300	348
-1314	-139	3692	-42	-325	351
-1330	-282	3670	-6	-272	265
-1358	-378	3720	4	-185	94
-1370	-291	3788	3	-143	-52
-1410	-142	3837	4	-180	-124
-1451	-91	3872	52	-269	-132
-1395	-90	3853	118	-346	-118
-1389	-78	3843	169	-405	-114
-1334	-130	3740	216	-430	-167
-1262	-140	3702	214	-437	-210
-1313	-132	3660	161	-409	-204
-1343	-54	3521	91	-357	-265
-1349	16	3493	55	-225	-341
-1403	48	3665	67	-81	-389
-1444	16	3873	86	-47	-359
-1473	-17	3983	92	-150	-217
-1447	-20	3906	59	-299	-150
-1346	1	3728	25	-367	-64
-1259	-4	3683	1	-303	-49
-1231	-46	3751	10	-183	-6
-1265	-118	3865	17	-87	7
-1318	-106	4006	28	-100	-27
-1359	-46	3912	60	-161	-26
-1288	-25	3829	68	-137	-38
-1266	4	3870	58	-103	-25
-1272	-24	3938	38	-82	-19
-1304	-26	3936	32	-73	-32
-1317	-30	3895	41	-53	-42
-1628	34	3696	-51	-20	93
-1615	2	3684	-58	7	94
-1630	-19	3698	-58	39	90
-1668	-19	3726	-52	46	92
-1661	-2	3762	-50	34	96
-1664	5	3748	-54	11	111
-1650	31	3721	-63	-3	112
-1638	13	3646	-67	15	130
-1620	2	3684	-73	88	131
-1672	24	3747	-92	104	147
-1720	37	3739	-113	72	145
-1691	51	3724	-136	74	144
-1700	86	3714	-169	64	195
-1696	78	3730	-197	53	285
-1690	34	3742	-208	43	317
-1663	-14	3710	-216	31	324
-1646	-60	3690	-207	36	355
-1659	-112	3650	-171	30	353
-1642	-124	3586	-146	43	325
-1647	-102	3571	-126	94	329
-1669	-120	3646	-97	132	315
-1669	-121	3674	-75	122	271
-1661	-112	3619	-62	104	210
-1634	-82	3554	-59	113	154
-1614	-51	3559	-36	124	144
-1650	-29	3622	-2	113	188
-1695	-45	3714	7	127	180
-1697	-16	3704	-5	113	140
-1650	-5	3573	-1	94	103
-1569	-37	3454	40	141	82
-1568	-135	3481	110	172	49
-1601	-180	3473	173	208	46
-1611	-60	3470	194	275	94
-1641	111	3378	158	330	160
-1607	234	3209	120	373	176
-1591	221	2920	117	369	179
-1547	101	2549	114	427	201
-1536	2	2198	119	604	245
-1451	-82	1969	162	906	296
-1504	-261	1945	221	1178	319
-1511	-380	2035	239	1369	26
-1510	-211	2358	286	1355	-259
-1671	28	2711	443	1174	-292
-1943	173	3134	581	864	-195
-2093	289	3417	577	565	-32
-2023	362	3456	555	505	243
-1925	230	3643	520	743	293
-2137	118	4124	457	905	150
-2405	2	4563	424	962	-181
-2909	133	5212	369	996	-474
-3373	332	5866	351	706	-364
-3773	448	6584	385	250	-342
-4274	675	7422	319	-124	-347
-4828	634	8033	339	-124	-253
-5196	398	8632	200	-19	-487
-5205	291	9334	-90	-14	-863
-5403	202	9990	-399	-281	-1065
-5535	365	9727	-561	-944	-981
-4917	255	8590	-487	-1565	-909
-3687	274	5812	-339	-1790	-1784
-2552	713	2122	-327	-700	-2481
-1777	512	1031	-248	658	-1551
-462	176	750	-141	303	-764
435	110	1063	-295	-755	230
-10	-305	638	-268	-3354	1311
-1212	-527	-80	41	-5612	1780
-2583	-297	-549	-219	-5849	1670
-2429	198	-781	81	-6264	1053
-1145	68	-622	544	-6499	489
-232	122	-635	1460	-6984	-5
1728	799	-1620	962	-7584	-1764
1882	1187	-1992	539	-3619	-1126
988	369	-1363	180	-688	796
85	-65	-866	-321	-90	1864
-248	-182	-564	-869	20	2061
-283	-459	-513	-1171	355	1901
-537	-808	-386	-985	1054	1439
-816	-894	-208	74	448	536
-865	-1187	-870	607	1130	-1220
-2521	-826	-1794	1208	5644	-3615
-2791	1459	812	1211	9990	-3124
959	1382	8563	516	13982	-804
-7424	69	15915	32	13676	-849
-10916	6	20465	-568	3942	-1103
-6614	-191	11581	-88	-4970	-918
-2697	620	2710	374	-4278	-748
-766	235	3109	290	136	3
-2247	-253	5388	13	1438	-109
-3010	168	6091	-44	479	-641
-2592	269	5152	97	-478	-546
-1955	235	3853	191	-617	-524
-1644	314	3347	246	-57	-349
-1771	242	3423	236	309	-73
-2034	158	3489	80	269	20
-2166	78	3492	-52	37	177
-2099	-68	3425	-102	-110	127
-1904	46	3364	-84	-72	88
-1752	107	3299	-46	-56	166
-1748	226	3211	-57	-26	219
-1787	228	3329	-73	21	288
-1845	185	3452	-96	-41	302
-1808	39	3439	-128	-153	306
-1640	-99	3226	-146	-124	261
-1579	-249	3255	-103	54	141
-1741	-286	3529	-45	84	12
-1862	-233	3626	-9	-11	-65
-1874	-66	3668	-4	-97	-77
-1773	93	3681	-23	-193	-31
-1720	143	3611	-48	-293	5
-1672	115	3489	-39	-337	58
-1664	23	3465	-7	-254	68
-1671	-58	3485	30	-180	35
-1704	-106	3521	57	-175	-19
-1727	-101	3479	73	-168	-95
-1757	-130	3497	94	-154	-149
-1799	-144	3538	114	-151	-201
-1776	-94	3626	119	-158	-243
-1783	29	3675	112	-180	-262
-1789	95	3650	105	-222	-216
-1763	113	3559	98	-224	-173
-1700	52	3531	91	-167	-150
-1691	28	3557	87	-105	-127
-1753	-9	3542	82	-81	-118
-1743	-9	3588	83	-37	-142
-1739	0	3631	70	-18	-159
-1756	74	3645	40	-47	-140
-1746	56	3551	12	-28	-114
-1681	58	3659	5	79	-93
-1717	90	3752	1	57	-26
-1747	88	3722	-16	-5	18
-1717	-6	3695	-48	-50	47
-1703	-9	3702	-41	-43	43
-1714	-17	3676	-41	-45	33
-1708	-14	3680	-36	-36	16
-1696	16	3697	-28	-37	8
-1709	18	3716	-29	-56	18
-1695	3	3726	-25	-67	41
-1682	28	3729	-27	-104	55
-1693	76	3690	-37	-102	76
-1656	98	3654	-49	-40	106
-1656	119	3739	-77	-45	129
-1659	75	3755	-92	-111	170
-1654	54	3740	-91	-170	165
-1645	35	3701	-88	-196	187
-1621	28	3673	-91	-195	219
-1604	60	3707	-113	-199	217
-1617	81	3743	-145	-195	234
-1625	48	3796	-140	-267	241
-1601	50	3771	-126	-343	268
-1580	14	3724	-113	-387	299
-1547	16	3686	-101	-371	290
-1545	16	3615	-91	-341	293
-1548	-20	3589	-90	-265	297
-1528	-28	3634	-73	-189	289
-1568	-25	3632	-68	-176	292
-1558	-45	3512	-59	-172	273
-1591	-81	3421	-63	-131	184
-1580	-27	3374	-84	-24	133
-1630	-25	3311	-93	39	160
-1578	-17	3228	-81	128	150
-1484	13	3327	-36	228	157
-1524	-51	3394	12	165	188
-1565	-144	3252	42	69	147
-1515	-157	3102	1	97	30
-1374	57	3044	-66	191	70
-1354	92	3203	-30	290	223
-1464	62	3505	59	231	194
-1593	12	3673	105	85	166
-1639	-19	3772	52	-6	185
-1590	-60	3898	21	6	234
-1543	-103	4140	-9	-38	114
-1614	63	4238	-42	-216	48
-1609	173	4204	-35	-260	63
-1697	147	4215	6	-251	109
-1749	46	4127	14	-241	190
-1707	108	4054	-62	-184	182
-1658	224	4191	-161	-100	135
-1713	287	4495	-168	-39	192
-2030	162	4938	-83	-57	251
-2307	17	5481	-13	1	194
-2654	-32	6683	57	78	171
-2656	-275	8491	185	292	-72
-3369	-425	10008	198	126	-461
-3716	-12	8891	25	-723	-739
-3382	293	6787	-121	-670	-847
-3012	209	5142	-89	72	-946
-2647	287	3877	-3	865	-935
-2160	115	2718	43	1292	-949
-1543	0	1899	79	1089	-878
-598	56	1292	282	663	-432
-5	12	1121	363	-297	-24
128	26	587	429	-2270	486
63	-9	63	209	-4122	881
130	-227	-363	-104	-4760	864
113	-429	-512	-83	-3841	446
-4	-353	-358	237	-2985	-175
-19	29	-230	509	-2993	-793
101	376	-214	436	-3310	-1034
393	620	-357	93	-3247	-719
269	434	-629	107	-1848	-153
-296	573	-1209	780	1310	855
-1804	1637	-1272	39	8261	1735
-4090	-3945	3802	-434	6989	-64
-2164	-476	12752	-272	9122	-2543
-6070	938	15387	151	1881	-600
-6669	1082	10494	-350	-2990	96
-3512	-195	5570	-372	-3060	429
-467	-1046	3748	-29	-520	-1158
-367	205	4876	527	1703	-834
-1886	620	6395	227	1300	-463
-2695	609	6083	-258	-461	68
-1696	142	3441	-243	-1257	750
-802	-328	2119	-113	-129	429
-921	-433	2236	72	950	-4
-1584	-456	2815	198	1050	-346
-1828	-184	3458	329	758	-340
-1644	212	3956	357	355	-65
-1587	329	3810	252	-131	147
-1438	125	3382	115	-210	229
-1291	100	3392	-24	167	170
-1362	337	3958	-150	399	195
-1501	444	4320	-171	191	426
-1475	269	4202	-185	-175	513
-1311	57	3724	-214	-313	461
-1231	-151	3457	-229	-163	396
-1302	-269	3513	-216	66	294
-1385	-281	3786	-190	112	195
-1473	-217	4000	-142	-21	111
-1493	-77	3893	-90	-179	37
-1404	78	3734	-60	-175	22
-1330	84	3701	-46	-89	90
-1376	-2	3823	-23	-51	53
-1439	-76	3892	0	-120	-25
-1431	-48	3873	17	-181	-49
-1369	-45	3819	47	-202	-39
-1368	18	3773	59	-170	-59
-1385	122	3833	49	-120	-38
-1429	200	3912	17	-131	34
-1439	133	3888	-21	-195	56
-1401	42	3776	-48	-197	71
-1354	-17	3767	-49	-145	69
-1357	-61	3763	-52	-96	38
-1363	-61	3789	-42	-57	10
-1387	-71	3875	-19	-38	-30
-1421	-38	3896	7	-44	-69
-1452	-39	3886	19	-78	-108
-1406	23	3737	21	-101	-134
-1358	98	3645	21	-21	-118
-1351	126	3682	16	107	-56
-1405	141	3871	8	164	-2
-1472	131	3995	-17	90	21
-1497	158	3955	-41	-6	42
-1506	155	3860	-70	-59	80
-1471	114	3722	-83	-30	88
-1442	54	3698	-75	24	91
-1478	-5	3749	-54	50	92
-1501	-18	3793	-44	40	86
-1501	11	3825	-30	28	91
-1514	21	3780	-11	9	72
-1482	56	3792	-2	18	25
-1572	31	3748	22	77	-106
-1601	45	3779	18	79	-110
-1610	71	3782	10	60	-97
196	-79	-313	38	-1210	-836
196	-79	-313	38	-1210	-836
196	-79	-313	38	-1210	-836
196	-79	-313	38	-1210	-836
196	-79	-313	38	-1210	-836
196	-79	-313	38	-1210	-836
196	-79	-313	38	-1210	-836
196	-79	-313	38	-1210	-836
196	-79	-313	38	-1210	-836
196	-79	-313	38	-1210	-836
196	-79	-313	38	-1210	-836
196	-79	-313	38	-1210	-836
196	-79	-313	38	-1210	-836
196	-79	-313	38	-1210	-836
196	-79	-313	38	-1210	-836
196	-79	-313	38	-1210	-836
196	-79	-313	38	-1210	-836
196	-79	-313	38	-1210	-836
196	-79	-313	38	-1210	-836
196	-79	-313	38	-1210	-836
196	-79	-313	38	-1210	-836
196	-79	-313	38	-1210	-836
196	-79	-313	38	-1210	-836
196	-79	-313	38	-1210	-836
196	-79	-313	38	-1210	-836
196	-79	-313	38	-1210	-836
196	-79	-313	38	-1210	-836
196	-79	-313	38	-1210	-836
196	-79	-313	38	-1210	-836
196	-79	-313	38	-1210	-836
196	-79	-313	38	-1210	-836
196	-79	-313	38	-1210	-836
196	-79	-313	38	-1210	-836
196	-79	-313	38	-1210	-836
196	-79	-313	38	-1210	-836
196	-79	-313	38	-1210	-836
196	-79	-313	38	-1210	-836
196	-79	-313	38	-1210	-836
196	-79	-313	38	-1210	-836
196	-79	-313	38	-1210	-836
196	-79	-313	38	-1210	-836
196	-79	-313	38	-1210	-836
196	-79	-313	38	-1210	-836
196	-79	-313	38	-1210	-836
196	-79	-313	38	-1210	-836
196	-79	-313	38	-1210	-836
196	-79	-313	38	-1210	-836
196	-79	-313	38	-1210	-836
196	-79	-313	38	-1210	-836
196	-79	-313	38	-1210	-836
196	-79	-313	38	-1210	-836
196	-79	-313	38	-1210	-836
196	-79	-313	38	-1210	-836
196	-79	-313	38	-1210	-836
196	-79	-313	38	-1210	-836
196	-79	-313	38	-1210	-836
196	-79	-313	38	-1210	-836
196	-79	-313	38	-1210	-836
196	-79	-313	38	-1210	-836
196	-79	-313	38	-1210	-836
196	-79	-313	38	-1210	-836
196	-79	-313	38	-1210	-836
196	-79	-313	38	-1210	-836
196	-79	-313	38	-1210	-836
196	-79	-313	38	-1210	-836
196	-79	-313	38	-1210	-836
129	137	-295	401	-759	-789
-120	131	-426	492	-96	-606
-668	218	-916	530	1818	-228
-4429	52	-594	-1237	5357	877
-2253	-1178	963	518	6558	481
-4753	-412	18356	-226	12192	-1259
-10658	1576	21543	-159	-438	-364
-5326	935	7973	-344	-6036	-82
717	472	5308	130	-2004	647
-254	-572	5076	120	-341	29
-1443	-130	5063	266	700	-445
-1728	424	4565	87	603	-601
-1975	316	3950	-27	911	-171
-2195	21	4053	-52	1075	27
-2046	-158	3897	23	620	102
-1808	-99	3317	97	-51	50
-1466	-120	2505	161	-321	12
-1281	20	2099	179	-104	-69
-1230	154	1969	67	311	-131
-1394	203	2410	-21	727	-146
-1754	94	3336	-38	876	-98
-2073	220	4178	-48	672	25
-1881	370	4434	-5	292	325
-1705	374	4301	-53	-70	445
-1595	241	4046	-86	-417	343
-1413	39	3788	-39	-532	194
-1319	-144	3666	25	-436	27
-1366	-145	3608	108	-292	-45
-1466	46	3653	141	-125	-22
-1645	258	3754	122	-82	10
-1673	381	3811	60	-132	37
-1630	411	3907	-16	-186	31
-1705	398	4096	-99	-358	140
-1821	231	4067	-146	-697	308
-1896	100	3752	-135	-945	337
-1739	4	3532	-86	-1027	253
-1433	-6	3325	-87	-939	114
-1209	-13	3220	-63	-688	117
-1265	46	3288	-38	-331	147
-1346	117	3558	-6	46	115
-1419	143	3951	18	184	97
-1408	148	4086	40	79	67
-1320	154	3917	76	23	39
-1213	115	3744	119	167	31
-1252	112	3768	131	336	8
-1352	168	3825	95	418	-24
-1463	215	3968	71	396	-16
-1557	277	3995	45	237	26
-1574	264	3906	6	72	78
-1463	190	3808	-13	-14	123
-1329	128	3739	-9	-14	141
-1291	81	3737	16	35	127
-1328	95	3800	35	95	87
-1382	113	3886	43	106	54
-1442	163	3857	36	67	25
-1435	205	3811	25	58	-1
-1413	226	3827	15	53	13
-1348	246	3802	6	76	40
-1337	236	3815	9	116	84
-1403	222	3873	7	117	103
-1491	217	3870	-8	74	110
-1404	554	4095	-330	-503	282
-1335	461	3998	-420	-819	383
-1319	291	3981	-424	-1012	319
-1194	164	3862	-318	-965	239
-1096	106	3727	-158	-740	135
-981	103	3611	-31	-362	-2
-1028	243	3753	-24	12	-109
-1066	280	3868	-26	141	-161
-766	236	3324	117	611	-200
-618	196	2991	250	1903	-290
-1304	371	3548	402	2664	-434
-2078	758	4328	187	2053	-253
-1873	622	4785	20	649	37
-1617	355	4338	-75	-350	173
-1314	397	3656	-86	-423	2
-1269	310	3489	-42	-115	101
-1384	362	3691	-52	58	64
-1441	393	3826	-52	40	65
-1424	384	3782	-37	7	65
-1444	366	3790	-37	31	53
-1452	372	3817	-43	10	64
-1431	354	3791	-36	-51	81
-1404	370	3677	-20	-44	76
-1400	415	3673	-12	4	64
-1380	392	3680	-17	60	103
-1345	396	3790	-9	12	102
-1326	374	3803	-12	-36	107
-1325	359	3736	-11	-92	95
-1328	348	3631	8	-95	91
-1319	314	3567	47	-95	83
-1252	344	3494	67	-102	57
-1161	411	3450	88	-71	110
-1209	384	3373	103	-44	159
-1248	345	3268	106	40	102
-1266	377	3200	73	132	120
-1251	368	3277	5	228	180
-1376	240	3394	-81	351	178
-1425	206	3414	-112	429	130
-1418	167	3372	-23	483	108
-1398	88	3407	120	583	41
-1467	130	3451	226	596	-81
-1501	379	3195	225	594	-99
-1289	466	3103	130	683	-53
-1248	351	3274	49	751	-46
-1443	281	3457	-6	606	-70
-1548	141	3346	-14	528	-154
-1450	213	3459	30	619	-248
-1466	645	3879	86	532	-160
-1629	850	4530	160	406	61
-1971	908	5359	177	182	162
-2356	775	6114	114	-193	147
-2577	568	6852	9	-334	134
-2751	480	8575	-55	-282	-41
-3806	392	10356	-26	-408	-301
-4236	483	10562	-40	42	-762
-4177	1064	11841	-335	423	-1164
-4287	1454	10945	-447	128	-1432
-3974	1251	6626	-413	193	-1464
-3111	696	2624	-207	1630	-1281
-1900	4	1319	3	2021	-1554
-767	114	531	-41	2017	-1317
-1363	-75	1091	-606	2344	-323
-1951	-129	1221	-1142	-1606	1004
-1623	-222	181	-704	-7214	1471
-977	271	-1117	550	-6195	2022
-868	585	-392	866	-4810	1696
2165	346	-1088	826	-7078	435
3350	376	-1672	227	-3832	414
2519	-311	-1391	-1062	-493	738
1350	-729	-864	-1220	1556	949
474	-717	-209	-1052	2491	582
-532	-1233	295	-415	1925	-459
-1596	-230	506	51	584	-1721
-1438	260	204	-65	-804	-2007
-938	290	-7	83	-1485	-1350
-449	520	-175	329	-1931	-668
-271	541	-298	515	-2230	-61
154	761	-318	0	-280	831
-5482	-1892	-381	434	3030	1800
-24	-2045	5471	1005	6588	-2851
-2455	1199	13676	317	8395	-906
-7065	2532	14084	-200	3638	-1159
-5514	1758	13010	-476	-945	232
-2287	1181	7394	-244	-2621	734
-1289	107	4727	-223	-851	1212
-2063	-888	5844	-201	1002	1040
-2375	-974	6437	-66	487	189
-1883	-316	5850	154	-44	-115
-1447	123	5396	331	-200	-214
-1358	300	4649	339	-164	-285
-1571	509	3997	193	149	-243
-1952	417	3843	57	644	13
-2282	237	4244	-2	988	168
-2339	110	4575	69	879	256
-2137	193	4367	82	461	163
-1874	356	3812	66	243	144
-1717	507	3343	23	349	248
-1625	413	3094	-26	613	365
-1664	271	3119	-44	904	450
-1747	110	3221	-44	1109	456
-1804	100	3382	-24	1181	363
-1925	195	3420	-3	1019	296
-1896	214	3326	46	865	248
-1780	84	3214	93	831	84
-1820	10	3082	128	823	-116
-1864	51	2947	173	844	-269
-1898	256	2908	222	985	-321
-1824	464	3017	249	1107	-232
-1736	565	3217	219	1133	-152
-1553	549	3384	135	1020	-135
-1429	493	3508	48	800	-131
-1491	395	3459	-17	456	-144
-1697	238	3260	-69	132	-202
-1959	167	3072	-129	-24	-289
-2059	165	2975	-156	63	-324
-1982	193	3136	-118	243	-401
-1996	221	3481	-41	252	-416
-2143	244	3714	-9	-90	-349
-2290	230	3652	-39	-428	-261
-2297	204	3502	-74	-454	-136
-2252	132	3500	-25	-248	-81
-2226	219	3632	47	-106	-107
-2270	267	3762	87	-211	-26
-2367	235	3839	72	-376	9
-2333	190	3761	1	-499	-20
-2178	93	3617	-40	-589	-61
-2019	14	3417	-31	-616	-192
-1975	78	3323	-19	-572	-303
-1993	151	3312	-9	-542	-292
-1983	176	3331	-10	-503	-245
-1363	160	3822	-28	48	110
-1402	155	3854	-35	24	128
-1402	145	3840	-44	-2	105
-1395	145	3819	-46	0	107
-1394	127	3832	-39	11	117
-1387	116	3834	-30	6	104
-1396	116	3820	-25	14	106
-1392	164	3812	-18	35	123
-1402	168	3817	-13	36	129
-1400	150	3842	-16	28	137
-1406	149	3863	-17	24	157
-1440	150	3873	-26	14	182
-1411	160	3833	-32	2	211
-1371	139	3808	-42	26	215
-1377	137	3807	-42	65	198
-1393	151	3808	-33	79	205
-1441	123	3782	-33	73	175
-1470	114	3781	-38	79	143
-1448	101	3757	-38	104	129
-1423	101	3792	-39	115	127
-1430	110	3838	-40	88	127
-1431	124	3833	-28	59	116
-1439	124	3815	-16	41	111
-1421	148	3809	-10	54	109
-1423	152	3807	-7	71	116
-1436	158	3830	-7	72	102
-1444	149	3826	-8	56	85
-1436	161	3804	-9	42	76
-1427	141	3783	-3	41	64
-1434	128	3780	10	50	72
-1415	130	3760	20	58	73
-1416	139	3742	36	60	67
-1398	160	3699	42	96	79
-1359	192	3771	30	132	91
-1412	208	3809	12	106	113
-1403	159	3746	-5	77	79
-1405	158	3692	-17	70	50
-1378	114	3681	-10	73	33
-1330	51	3683	3	59	-1
-1324	48	3616	12	35	-49
-1306	117	3514	11	23	-49
-1257	195	3400	-7	9	-14
-1257	200	3265	-32	-4	21
-1211	204	2980	-69	4	41
-1046	71	2845	-66	76	54
-1073	49	2830	-122	-23	-27
-1183	91	2772	-135	-50	95
-1233	183	3256	-62	53	127
-1261	333	4328	87	-131	297
-1623	384	5817	124	-833	587
-2037	360	7042	27	-1523	289
-2119	443	7717	32	-1228	272
-2323	-138	9249	111	-490	162
-2669	41	10594	54	-485	-614
-2977	572	9899	-278	-1090	-1133
-2833	193	7058	-437	-777	-1470
-2922	-150	3803	-59	946	-1641
-2901	-19	2263	579	3126	-1433
-2500	163	1788	636	3360	-1219
-1069	322	1125	428	3185	-859
175	645	1583	144	2504	-138
76	528	2242	73	33	575
-91	85	974	276	-3286	1219
-339	-381	-332	-268	-3682	919
-266	-819	-382	-727	-3184	-114
94	-654	-407	-87	-2892	-881
680	-73	-336	764	-2496	-1068
726	331	-316	713	-1922	-1400
462	602	-432	458	-1472	-1419
386	684	-404	273	-963	-774
81	96	-576	-98	-12	-276
-1065	-271	-868	-123	3050	-31
-5799	84	1875	998	3644	-699
-1665	858	7571	1129	4530	-1300
-3593	1196	12621	668	2282	336
-6807	743	12128	-527	-730	-135
-2976	128	8554	-862	-491	-2568
-397	2534	8272	572	-1284	-558
-1385	711	6401	274	-2383	355
-1338	92	3733	-42	-1725	1042
-643	-493	2229	-38	453	741
-1199	-195	3528	111	2600	-58
-2544	-287	5765	256	2055	-391
-2883	90	6421	360	-83	-435
-1804	442	4353	214	-1588	-205
-1094	463	2789	37	-1339	-137
-963	160	2378	33	-571	-70
-1152	38	2413	42	17	-12
-1260	121	2647	-1	402	45
-1293	262	3316	-44	700	105
-1432	367	4080	-76	644	260
-1582	363	4492	-73	196	484
-1476	279	4299	-75	-296	575
-1236	142	3775	-151	-482	546
-1087	8	3383	-196	-279	473
-1106	-119	3449	-173	122	332
-1283	-167	3932	-124	274	186
-1440	-70	4158	-80	110	84
-1465	24	4066	-73	-97	-8
-1417	155	3748	-91	-179	-45
-1353	216	3575	-78	-119	1
-1292	196	3579	-37	-15	25
-1295	180	3693	-2	48	19
-1341	181	3794	4	58	10
-1336	143	3883	-16	13	-13
-1334	130	3884	-45	-69	-60
-1331	175	3846	-55	-91	-66
-1333	163	3938	-40	-73	-47
-1339	158	3995	-22	-95	-49
-1353	163	3953	-30	-140	-65
-1301	233	3832	-52	-132	-62
-1286	222	3856	-43	-57	-48
-1351	197	3890	-29	-35	-79
-1339	199	3913	-14	-63	-99
-1312	198	3874	-4	-100	-85
-1289	204	3849	-3	-98	-76
-1290	179	3841	-11	-78	-80
-1312	169	3834	-16	-59	-87
-1300	177	3881	-12	-62	-93
-1307	236	3860	-8	-95	-75
-1278	224	3778	0	-129	-53
-1247	199	3659	1	-83	-56
-1235	165	3667	29	4	-62
-1297	148	3775	65	60	-53
-1336	173	3871	82	37	-36
-1326	243	3936	57	-32	-12
-1313	274	3900	24	-120	8
-1253	278	3837	-8	-126	33
-1215	215	3821	-12	-72	43
-1218	183	3900	-4	-16	27
-1415	184	3794	-1	173	24
-1449	188	3862	-3	153	53
-1475	209	3858	-4	108	65
-1466	194	3840	-11	71	69
-1459	186	3810	-19	46	100
-1455	189	3778	-23	59	137
-1439	180	3746	-23	100	153
-1446	183	3777	-26	146	156
-1473	181	3832	-30	142	169
-1484	183	3849	-42	101	171
-1485	185	3861	-50	35	167
-1496	184	3805	-59	-6	175
-1472	164	3749	-52	16	203
-1456	130	3779	-46	51	189
-1451	127	3792	-39	71	175
-1475	155	3823	-31	63	176
-1518	198	3836	-26	28	193
-1542	201	3818	-29	-3	216
-1511	185	3760	-30	-1	232
-1499	172	3740	-15	-3	233
-1516	173	3719	-9	8	240
-1494	193	3732	-11	34	238
-1480	194	3739	-12	45	243
-1504	234	3775	-19	27	259
-1498	270	3781	-37	11	303
-1516	242	3793	-62	8	323
-1474	247	3813	-79	-19	317
-1477	230	3824	-86	-88	333
-1490	210	3774	-71	-136	362
-1460	174	3715	-44	-139	374
-1412	171	3674	-28	-124	392
-1411	167	3658	-33	-104	367
-1426	133	3627	-50	-98	320
-1413	130	3554	-58	-68	293
-1375	88	3583	-48	-33	274
-1398	108	3587	-37	-64	271
-1404	85	3506	-18	-94	281
-1385	-19	3390	-27	-59	197
-1416	-37	3326	-51	11	116
-1342	-1	3225	-78	48	129
-1288	22	3063	-82	34	108
-1229	70	2819	-63	12	77
-1116	167	2525	-13	73	99
-1078	-100	2496	75	170	135
-1109	-190	2529	42	260	-66
-1212	-40	2765	12	457	-198
-1411	175	3427	58	397	-108
-1576	372	4276	181	140	135
-1885	404	5116	246	-132	178
-2091	607	5911	238	-356	111
-2186	599	7361	262	-332	103
-2807	275	10009	404	58	21
-3863	-76	11605	506	151	-734
-4193	165	11465	315	126	-1384
-3829	388	10148	-28	112	-2084
-3315	330	8159	-153	482	-2705
-3472	117	4613	-182	1196	-2607
-3536	176	2040	-181	2605	-3186
-2122	563	727	-41	2937	-3090
-799	645	720	278	2756	-2280
-574	1024	1497	111	1151	-1142
-81	450	533	717	-3144	747
25	324	-514	1491	-3616	2087
-755	567	-583	242	-3524	2888
-374	124	-580	431	-4103	2161
2725	57	-1184	480	-2248	807
2449	105	-502	606	1561	271
897	1129	694	-450	2563	-47
168	-553	1194	226	37	70
178	-513	794	70	-280	-218
-25	-425	541	205	-893	-166
-562	-155	122	254	-1573	172
-939	-157	-289	256	-1930	229
-1732	19	-550	553	-1276	-7
-3649	1146	-778	127	-57	290
-2229	-491	1190	211	2484	-371
-2040	1612	9690	186	6632	521
-7360	430	18577	174	4606	-108
-9626	-515	13156	-599	-2559	-2076
-789	1593	6563	252	-2428	-1265
205	205	5399	555	-788	-537
-1602	1194	6002	338	240	-760
-2107	1636	5817	-66	-298	-291
-2078	848	4091	-413	-777	-32
-1677	8	2885	-389	-220	408
-1378	-786	3072	-55	732	301
-1514	-822	3442	203	899	-289
-1541	-450	3501	272	586	-900
-1610	157	3230	139	250	-1219
-1764	590	2979	89	108	-954
-1742	992	2893	-5	186	-557
-1559	1107	3111	-70	307	45
-1656	956	3616	-152	314	483
-1681	604	3911	-181	-3	791
-1731	174	3824	-124	-299	779
-1646	101	3485	-108	-364	595
-1555	57	3407	-131	-142	411
-1476	93	3519	-157	2	213
-1508	214	3719	-174	55	92
-1574	268	3919	-173	-26	107
-1573	352	3952	-164	-178	250
-1526	386	3706	-147	-296	385
-1435	286	3430	-114	-170	417
-1454	153	3410	-72	68	314
-1554	105	3566	-44	166	155
-1676	85	3693	-26	105	26
-1712	157	3733	-9	17	-29
-1675	195	3717	-3	-64	-20
-1596	222	3669	-11	-104	-16
-1584	206	3619	-15	-55	-25
-1551	229	3630	-5	33	-40
-1620	282	3752	11	45	-17
-1644	329	3776	3	-22	27
-1632	346	3725	-14	-48	42
-1598	274	3695	-34	-64	18
-1578	215	3609	-48	-30	-2
-1617	192	3622	-48	32	-24
-1663	228	3673	-24	66	-21
-1703	279	3730	7	42	-2
-1686	322	3753	7	-6	35
-1694	300	3706	0	-47	38
-1681	294	3709	9	-36	31
-1693	314	3783	7	-49	41
-1661	311	3763	5	-115	60
-1607	315	3664	-5	-120	53
-1565	340	3684	-9	-82	61
-1570	370	3761	-16	-41	85
-1611	359	3775	-28	-53	119
-1635	353	3763	-30	-66	142
-1636	319	3738	-38	-77	142
-1656	205	3735	-6	62	-31
-1646	204	3742	-6	49	-45
-1661	205	3738	0	28	-46
-1647	213	3725	10	21	-54
-1640	228	3746	11	9	-69
-1643	243	3734	8	-10	-61
-1648	263	3689	4	-2	-43
-1641	250	3708	4	10	-31
-1631	228	3728	5	19	-37
-1647	219	3741	5	11	-31
-1659	221	3735	7	2	-29
-1663	220	3737	2	-16	-36
-1660	216	3702	2	-19	-49
-1663	214	3711	4	-9	-50
-1654	203	3734	4	-11	-57
-1640	213	3723	7	-20	-60
-1655	220	3754	7	-48	-54
-1641	252	3709	2	-46	-49
-1640	239	3674	-1	-26	-13
-1634	211	3637	0	19	-11
-1646	235	3698	-5	44	-16
-1649	249	3702	-8	21	19
-1663	236	3651	-22	-15	-6
-1661	222	3585	-47	-21	-13
-1639	169	3598	-48	18	-11
-1601	146	3721	-14	78	-20
-1595	164	3849	-9	45	-19
-1598	203	3943	-30	-66	-39
-1577	245	3942	-59	-181	-56
-1515	215	3903	-56	-259	-50
-1514	229	3827	-25	-291	-18
-1499	165	3765	4	-286	0
-1521	138	3699	20	-230	-30
-1551	169	3692	38	-188	-36
-1596	218	3670	63	-179	-15
-1592	260	3620	74	-165	1
-1594	256	3547	76	-145	30
-1563	269	3444	65	-88	61
-1552	309	3334	33	-7	96
-1544	219	3228	-4	81	120
-1498	105	3143	-50	145	55
-1541	33	2976	-86	163	31
-1408	116	2613	-120	207	42
-1336	167	2130	-102	327	55
-1162	153	1762	-7	524	66
-920	-67	1796	36	700	163
-993	154	1908	-15	726	89
-1280	704	2397	-98	760	302
-1662	689	3570	-95	420	684
-1757	563	5057	-192	-290	536
-2072	736	6739	-285	-1315	427
-2359	1052	7739	-480	-1781	684
-2522	1504	8760	-585	-700	1261
-4088	2265	11116	-682	513	2085
-5250	2196	12530	-925	124	2745
-4693	2079	11860	-1359	-371	3543
-4199	1526	9354	-1734	-322	3728
-3718	989	6270	-1813	167	3495
-3223	1113	2836	-1644	1097	3447
-2071	663	653	-1492	1870	3912
-1076	565	278	-1630	2300	4531
-1126	542	424	-1971	1610	4779
-1558	-75	511	-2102	-902	4580
-1669	-480	163	-1860	-4389	4325
-1256	-365	-695	-2138	-4582	4104
-845	-566	-233	-2797	-4506	4396
1269	-908	-171	-1887	-6181	4303
2288	-205	-1051	439	-4260	3697
1222	541	-1358	161	-1477	4101
306	-99	-1021	-1298	583	4535
-163	-803	-484	-2041	1376	4039
-415	-1103	-196	-1861	1295	2963
-997	-996	-74	-770	378	1629
-807	-26	-329	-458	392	1010
-871	308	-384	-15	704	1334
-2118	1302	-125	-317	780	2613
-4835	659	-581	-515	2737	4887
-731	-1016	4150	377	6617	4450
-2438	-640	17710	-862	10187	2530
-9150	-1726	19183	-1371	2461	2304
-6396	-3501	12572	-1277	-3462	542
-1241	-1948	6392	-177	-2992	-1239
-26	-437	3818	469	-802	-1332
-877	-150	3983	397	1348	-1910
-1967	84	5085	366	1653	-2134
-1880	102	4820	475	559	-1949
-1604	-45	3475	410	-300	-1746
-1350	85	2291	273	-451	-1771
-1010	289	1697	396	-108	-1400
-1194	135	1738	593	204	-1005
-1463	-129	2140	751	274	-922
-1678	-107	2667	841	436	-1094
-1877	105	3387	900	721	-1106
-1917	338	4350	918	868	-984
-2054	525	4914	745	534	-1152
-1887	667	4843	532	93	-1234
-1531	471	4346	319	-302	-1222
-1393	302	3786	235	-488	-1010
-1274	145	3417	259	-416	-821
-1319	186	3412	267	-273	-603
-1433	331	3500	231	-38	-419
-1545	530	3783	163	133	-303
-1575	370	3790	66	-9	-275
-1618	91	3685	28	-79	-381
-1643	-132	3798	132	7	-472
-1637	-173	3820	241	-38	-569
-1599	-148	3713	324	-74	-677
-1511	-2	3713	355	-21	-792
-1545	139	3805	337	-43	-788
-1566	246	3821	276	-112	-725
-1538	280	3784	219	-118	-656
-1558	282	3724	176	-85	-571
-1561	177	3677	170	-40	-489
-1513	21	3621	171	28	-499
-1510	-55	3669	155	72	-550
-1574	-45	3672	160	89	-579
-1631	-2	3753	192	119	-618
-1702	76	3886	205	77	-649
-1684	139	3825	190	-8	-583
-1616	207	3729	182	-27	-450
-1559	151	3601	190	22	-335
-1559	84	3597	210	103	-300
-1624	30	3684	217	140	-275
-1720	31	3758	200	116	-310
-1749	42	3805	170	27	-334
-1716	89	3789	154	-53	-354
-1678	87	3733	158	-44	-332
-1618	123	3676	167	-27	-279
-1628	216	3684	128	60	-244
-1663	353	3774	117	47	-154
-1638	121	3688	5	12	9
-1623	153	3793	9	11	17
-1637	125	3802	6	-64	12
-1644	142	3681	-15	-126	26
-1606	135	3581	-21	-80	46
-1596	111	3665	9	-12	77
-1623	92	3754	23	-1	84
-1659	145	3770	3	-37	69
-1678	131	3803	-25	-61	40
-1652	68	3775	-32	-97	-2
-1629	54	3715	-25	-107	-8
-1625	74	3680	-12	-82	-8
-1583	88	3660	13	-51	-11
-1593	127	3706	17	-39	-15
-1598	133	3737	7	-48	14
-1617	147	3761	-1	-54	52
-1598	100	3801	0	-48	47
-1569	97	3808	5	-70	13
-1533	117	3803	3	-88	6
-1533	151	3787	-7	-97	23
-1545	118	3772	-8	-112	45
-1551	124	3741	-16	-103	51
-1542	110	3696	-36	-74	57
-1541	58	3676	-43	-27	37
-1572	51	3730	-30	-9	26
-1572	51	3730	-30	-9	26
-1591	57	3702	-28	-56	12
-1563	33	3628	-35	-106	-20
-1489	52	3592	-12	-106	-45
-1484	29	3634	49	-74	-16
-1488	46	3758	87	-53	18
-1487	85	3870	77	-78	14
-1452	165	3886	46	-152	51
-1396	238	3884	27	-237	94
-1407	235	3869	32	-315	136
-1423	165	3796	47	-347	149
-1440	90	3750	38	-320	141
-1434	51	3648	-6	-249	106
-1431	101	3633	-58	-160	92
-1523	136	3567	-86	-212	123
-1542	17	3266	-74	-232	78
-1491	-118	2933	-55	-143	-80
-1411	-106	2620	-51	25	-154
-1236	-198	2475	-1	240	-108
-1221	-403	2681	55	333	-282
-1436	-442	2914	178	329	-400
-1587	-317	3325	327	297	-409
-1711	-253	3954	423	19	-353
-1797	12	4810	437	-439	-323
-1991	95	6067	557	-925	-260
-2221	-41	8223	677	-1134	-498
-3204	-437	11261	831	-1049	-855
-3786	458	12235	532	-668	-1719
-3798	648	10867	29	-335	-2579
-3122	-348	8895	15	853	-3006
-3293	-957	5683	291	2042	-3910
-2750	-424	2769	563	2726	-4423
-1471	-432	1127	799	2468	-4163
-1369	-216	1123	856	2020	-3572
-1723	-432	915	587	-923	-2394
-1174	-378	170	434	-4043	-1832
-760	309	-398	635	-4747	-1025
-1325	609	-572	1139	-3697	183
-699	144	-255	1954	-4295	159
1380	341	-901	2717	-6438	-2173
2603	1445	-1984	558	-3731	-4398
2051	529	-1533	-541	129	-3425
1060	4	-839	-145	2237	-1377
57	-292	-171	207	2899	-818
-909	-173	298	513	1368	-1004
-863	-96	-11	430	140	-1409
-653	-99	-144	463	-98	-1576
-1297	-184	-224	150	-2	-1525
-3725	838	-1105	584	1719	-600
-3859	336	-208	811	5036	589
2774	-45	7664	969	9917	-3865
-8136	-825	20577	854	9101	-1918
-12137	447	19000	260	-2070	-3182
-2636	1424	6394	664	-3456	-2129
-473	2082	5370	761	-983	-1009
-1698	765	5951	501	286	-438
-2697	-48	6359	397	186	-505
-2585	-247	5745	474	13	-572
-2149	-50	4976	508	-277	-862
-1616	357	4173	551	-326	-922
-1473	466	3704	525	-330	-764
-1455	627	3121	437	-518	-464
-1395	474	2442	144	-437	-316
-1386	133	2362	81	-4	-79
-1552	53	2837	136	193	51
-1648	201	2988	88	-88	121
-1498	321	2794	-25	-249	229
-1457	320	2892	-56	-124	311
-1434	153	3016	-22	-44	393
-1490	48	3144	17	60	374
-1569	16	3420	49	151	350
-1570	-103	3798	64	53	237
-1579	-153	3923	65	-137	7
-1484	-139	3904	58	-246	-107
-1443	-51	3832	38	-327	-50
-1475	91	3653	-4	-340	54
-1416	170	3554	-20	-230	137
-1446	149	3628	-33	-105	139
-1556	68	3831	-34	-122	107
-1622	-17	3919	-16	-206	22
-1597	-83	3883	11	-314	-85
-1525	-97	3739	42	-367	-139
-1426	-89	3637	67	-334	-223
-1408	26	3612	67	-209	-247
-1502	66	3713	71	-136	-257
-1529	242	3748	53	-114	-228
-1521	319	3768	22	-86	-132
-1551	302	3767	-7	-110	-87
-1625	295	3769	-4	-169	-46
-1543	251	3725	22	-217	18
-1475	126	3735	27	-185	42
-1504	160	3751	2	-166	60
-1549	137	3762	-25	-141	152
-1516	64	3724	-20	-140	151
-1413	131	3651	-46	-58	155
-1445	83	3713	-72	39	155
-1518	23	3793	-61	61	124
-1531	-11	3820	-42	38	72
-1527	-19	3795	-28	19	22
-1509	63	3757	-24	9	9
-1478	107	3754	-22	43	32
-1503	134	3823	-33	42	30
-1524	134	3805	-39	12	33
-1532	110	3787	-32	18	51
-1508	128	3814	-36	17	61
-1723	93	3701	6	-8	-32
-1735	104	3706	8	-17	-20
-1724	87	3705	4	-17	-21
-1733	68	3672	1	-15	-27
-1732	86	3696	1	-15	-24
-1722	102	3693	8	-12	-28
-1715	84	3682	2	-19	-28
-1711	80	3698	1	-14	-40
-1711	98	3734	0	-28	-31
-1717	115	3739	-8	-47	-9
-1706	100	3652	-14	-49	22
-1691	65	3637	-10	5	14
-1698	81	3673	-7	29	-6
-1724	57	3723	-1	-1	-12
-1727	78	3708	-1	-25	-40
-1703	112	3711	-11	-38	-26
-1694	138	3663	-25	-57	15
-1663	131	3631	-36	-46	53
-1645	99	3681	-42	-15	72
-1659	76	3764	-53	-2	71
-1669	86	3830	-74	-40	46
-1665	71	3802	-82	-101	32
-1628	58	3753	-76	-130	23
-1596	47	3686	-69	-119	33
-1604	55	3694	-57	-77	33
-1631	44	3707	-52	-30	27
-1647	46	3766	-45	-26	14
-1670	71	3755	-46	-55	12
-1660	98	3718	-44	-57	13
-1659	89	3704	-39	-29	14
-1661	83	3692	-33	0	16
-1656	64	3709	-26	7	18
-1658	67	3690	-17	1	30
-1691	67	3675	-17	7	38
-1696	87	3634	-21	14	39
-1687	79	3607	-17	23	46
-1692	49	3561	-3	41	46
-1700	16	3558	29	53	31
-1671	4	3531	70	55	18
-1623	-10	3531	108	42	12
-1594	54	3495	122	-19	34
-1529	145	3362	114	-119	48
-1427	270	3110	67	-136	116
-1318	388	2925	-45	-73	236
-1254	408	2786	-202	-85	376
-1256	557	2617	-387	-181	463
-1271	485	2458	-500	-276	689
-1385	299	2468	-480	-365	767
-1518	193	2952	-349	-234	1008
-1698	74	4210	-226	-191	1184
-1808	346	6474	-216	-532	1291
-2417	405	9103	-403	-1600	1029
-3018	417	10724	-574	-1889	862
-3596	635	10403	-649	-1394	1366
-3375	497	9558	-505	-497	1682
-3389	521	8410	-406	224	1623
-3272	186	5801	-552	759	1288
-2978	-100	3499	-778	1204	735
-1922	-45	1501	-815	1208	362
-1129	238	574	-606	1327	373
-635	369	432	-455	770	706
-233	242	448	-97	-1142	1577
-123	87	72	352	-3286	2834
-174	-55	-462	-116	-3486	3601
-228	-220	-364	-894	-2613	3478
-197	-581	-155	-1221	-2966	2476
706	-790	-105	-857	-3247	1308
743	-203	-22	145	-2868	521
451	273	-239	-38	-2706	186
337	412	-370	-76	-2035	488
93	351	-559	-289	-760	1247
-466	270	-1118	-128	2065	2340
-2373	-1999	-1088	-170	9560	2435
-2078	-191	3721	66	5801	546
-2129	1495	16154	-153	7922	845
-6919	1414	17094	-731	-184	261
-5787	-258	9665	-667	-5071	985
-1744	-801	5599	280	-2931	1000
290	-663	3549	277	-505	1156
-799	-1086	4357	-146	1893	97
-1966	-643	5163	-46	1538	-1320
-2171	-160	5120	178	547	-2149
-1599	63	3613	248	-567	-1942
-1172	145	2256	347	-382	-1178
-936	7	1773	284	178	-953
-1064	-310	1883	266	599	-1013
-1538	-461	2378	377	856	-1019
-1818	-73	3232	498	1215	-883
-1918	494	4358	540	1071	-718
-2023	857	4897	482	533	-686
-1772	759	4986	410	-25	-772
-1539	542	4555	320	-613	-898
-1199	381	3657	234	-877	-796
-982	256	2981	197	-573	-622
-1053	250	3006	195	78	-437
-1288	202	3618	196	465	-269
-1597	322	4129	118	386	-223
-1708	507	4178	25	56	-122
-1577	621	3918	-38	-160	47
-1439	451	3663	-65	-182	136
-1389	207	3564	-68	-58	142
-1464	23	3718	-65	87	119
-1554	-10	3893	-79	75	46
-1551	137	3868	-80	-29	32
-1498	220	3784	-77	-49	76
-1443	234	3812	-58	-15	119
-1483	181	3849	-66	-52	162
-1501	65	3760	-79	-104	137
-1479	-21	3644	-62	-44	49
-1509	-33	3654	-20	65	-18
-1561	-1	3691	3	128	-96
-1628	48	3822	15	120	-154
-1624	136	3841	22	35	-175
-1581	119	3778	31	-48	-159
-1516	113	3711	46	-29	-159
-1527	117	3728	56	16	-157
-1576	114	3761	59	22	-130
-1586	133	3809	53	9	-126
-1588	175	3820	47	-18	-126
-1547	226	3800	49	-48	-105
-1519	230	3735	44	-55	-53
-1542	229	3729	23	-29	8
-1556	229	3744	-1	-2	65
-1543	210	3774	-10	6	90
-1535	181	3801	-17	-16	84
-1521	143	3811	-20	-43	80
-1540	106	3792	-24	-55	80
-1557	120	3789	-29	-68	68
-1532	121	3744	-30	-67	29
-1519	161	3720	-29	-28	40
-1671	126	3695	-15	33	1
-1674	112	3695	-16	33	4
-1678	111	3695	-11	41	11
-1658	94	3686	-9	54	-3
-1674	83	3720	-2	55	-8
-1682	77	3682	-1	62	-5
-1707	95	3699	-2	78	-13
-1706	127	3733	-8	82	-11
-1729	125	3724	-7	69	-3
-1726	113	3735	-7	52	4
-1698	81	3683	-11	31	4
-1696	94	3636	-11	45	6
-1698	96	3641	-8	96	11
-1702	96	3674	0	110	4
-1720	104	3697	6	94	5
-1729	103	3691	7	83	18
-1731	102	3667	14	97	35
-1740	99	3687	11	110	29
-1747	99	3695	7	94	24
-1745	103	3699	-4	64	12
-1772	126	3662	-8	47	3
-1757	139	3687	-9	40	30
-1741	113	3649	-6	62	47
-1726	61	3659	4	107	-2
-1714	95	3715	10	95	-17
-1746	135	3714	9	63	-7
-1776	106	3667	20	30	1
-1766	103	3617	22	35	11
-1748	113	3628	15	55	12
-1760	135	3649	11	53	0
-1749	142	3642	10	56	6
-1728	139	3615	22	51	27
-1750	140	3547	31	52	46
-1744	143	3488	41	99	73
-1765	176	3453	33	172	97
-1792	209	3459	18	225	137
-1823	210	3366	15	230	171
-1761	105	3242	13	253	175
-1741	77	3058	-51	267	90
-1597	150	2803	-144	273	97
-1443	149	2387	-210	304	123
-1220	-10	1966	-177	386	107
-867	-210	1766	-81	611	-24
-799	-66	2015	-33	730	-81
-1046	42	2592	35	274	230
-1362	99	2983	27	-425	425
-1434	196	3094	32	-867	596
-1362	91	3460	64	-1066	645
-1286	-26	3867	38	-1082	395
-1882	83	4509	12	-391	448
-2705	381	6356	35	-44	412
-3726	602	8139	-3	-377	417
-4340	109	9885	-29	-410	-150
-4623	79	10924	32	-595	-235
-4440	-267	11022	-66	-508	-442
-4207	-146	12115	-78	-531	-1142
-3852	-119	11348	42	-1462	-1062
-2967	236	8019	-9	-1712	-1077
-2202	161	4362	-135	-629	-1839
-1530	313	2246	3	378	-1900
-1110	-66	1070	414	2079	-1485
-287	359	1640	641	2867	-847
171	502	2649	-111	-1094	684
-158	-428	1221	-94	-5620	1217
-3514	-405	994	882	-5715	1014
-3050	412	303	-39	-6260	923
-1444	291	-95	141	-4273	953
-525	-16	223	723	-6780	666
793	332	-925	571	-11302	48
2420	-347	-2087	-694	-9162	-645
1687	-249	-1655	-652	-4248	-1170
63	-26	-577	-376	-1583	-991
-359	110	-295	-46	-826	-628
-743	431	-250	12	-719	-336
-1305	742	-245	-927	-1615	382
-1659	146	-258	-1353	-2562	929
-1460	-289	-431	-753	-3290	675
-1323	-675	-883	-509	-2772	-301
-83	-938	-1920	-93	604	-1539
2932	-750	-2765	292	11346	-2336
5638	-1652	8022	-1941	17769	-2908
-8539	-1135	19903	130	14899	-2273
-6759	1711	21079	507	2422	532
-4286	1157	15292	606	-3669	-555
-692	1276	5414	844	-6154	175
899	1052	2104	-13	-3029	167
1381	415	2205	-73	100	1093
700	-80	3492	20	1817	1841
-699	-425	4418	160	2056	1682
-1516	-661	4584	215	1272	578
-1194	-29	4266	258	718	-127
-732	431	4269	208	393	241
-522	178	4218	54	35	632
-523	-234	3873	-96	-128	218
-510	-188	3516	-171	85	-485
-516	-88	3567	-125	304	-542
-673	-361	3878	-20	359	-379
-753	-512	4067	69	150	-661
-619	-104	3886	182	-90	-1152
-551	502	3717	239	-133	-1050
-573	781	3731	247	-95	-420
-636	732	3881	165	-13	127
-690	365	4050	57	24	230
-704	206	4195	-1	-68	-12
-612	148	4204	-16	-168	-150
-604	169	4150	-18	-180	-115
-665	286	4051	-11	-181	96
-690	375	4017	-18	-225	342
-604	342	3937	-29	-286	449
-536	264	3861	-26	-300	431
-501	154	3861	-8	-255	452
-556	34	3983	3	-201	558
-599	-33	4127	-3	-228	637
-609	25	4159	-27	-319	645
-565	59	4163	-32	-383	614
-497	-43	4216	9	-435	543
-429	-182	4210	22	-495	432
-376	-275	4110	23	-495	241
-341	-264	4005	29	-438	36
-351	-100	3922	32	-378	-63
-356	87	3879	-10	-283	-4
-413	156	3889	-52	-138	93
-427	121	3957	-63	2	154
-399	-1	4111	-65	81	179
-356	-99	4246	-41	17	69
-331	-49	4218	-5	-123	-121
-332	89	4041	16	-178	-164
-320	215	3865	-3	-108	-73
-339	207	3807	-29	73	58
-357	115	3955	-23	241	129
-953	29	4041	-23	1	-106
-959	51	4017	-24	-25	-100
-963	35	3956	-20	-23	-85
-964	45	3933	-22	28	-79
-981	48	3945	-29	79	-82
-981	23	3966	-33	77	-92
-983	11	3954	-35	55	-82
-996	17	3946	-29	25	-73
-998	43	3946	-22	20	-57
-1007	28	3906	-21	41	-56
-979	-9	3950	-13	53	-72
-993	-29	3966	7	35	-95
-1014	-21	3986	18	14	-104
-1011	13	4013	8	17	-103
-992	26	4059	-4	-5	-106
-959	66	4071	-2	-52	-96
-916	78	4045	12	-121	-60
-877	44	3966	23	-152	-50
-862	27	3930	37	-141	-41
-857	23	3959	37	-95	-33
-897	51	4063	18	-67	-10
-933	73	4084	9	-75	14
-942	63	4060	-6	-123	33
-926	29	3969	0	-146	23
-908	-18	3902	10	-118	2
-929	-40	3919	14	-79	-26
-947	-44	3949	5	-77	-55
-957	-10	3950	5	-93	-66
-944	-19	3913	17	-68	-62
-920	-8	3980	27	-34	-80
-961	28	4065	24	-54	-68
-1003	38	4066	24	-119	-78
-1005	50	3960	29	-163	-86
-986	22	3819	40	-153	-79
-938	10	3685	43	-78	-68
-867	-27	3599	52	20	-72
-879	11	3572	51	42	-63
-889	10	3536	53	13	-44
-899	20	3518	60	-30	-42
-879	27	3442	48	-27	-26
-896	2	3298	-3	-8	14
-924	-51	3036	-96	36	21
-807	2	2839	-155	65	-15
-654	28	2858	-70	76	104
-611	-132	3184	40	163	147
-786	-47	3739	107	144	109
-948	67	4129	37	7	75
-903	155	4606	-56	-202	127
-929	86	5018	-37	-465	165
-969	-170	5541	38	-242	8
-1003	-267	6986	86	-113	-179
-1185	-784	9052	164	-10	-332
-2238	-533	11376	215	863	-571
-2401	580	12832	-113	740	-954
-2263	834	11688	-411	64	-1019
-1711	96	8617	-338	-409	-998
-1514	-186	4661	-284	197	-1171
-1313	76	2152	-320	1038	-1305
-959	151	899	-136	1487	-1042
-491	219	553	65	1917	-498
-796	192	605	148	682	-133
-496	-25	223	584	-2144	352
-612	0	-251	786	-4195	865
-559	-43	-488	630	-4411	1562
-543	-6	-511	725	-4154	1775
792	343	-1079	427	-4066	1418
1384	272	-1538	-165	-2543	606
1259	-130	-1332	-292	302	5
710	-145	-802	-152	1755	-200
54	-150	-356	-26	2165	-26
-434	-98	57	60	2005	182
-749	-216	79	-206	1695	177
-2464	-803	509	-60	1831	-603
-5525	-1035	655	-253	3675	-1599
-1159	154	6356	-402	5901	-2092
406	713	15395	186	7832	223
-5310	665	18952	-5	990	-1593
-4855	354	10604	-879	-5330	-1167
-993	-882	5732	-254	-4069	-1034
160	-83	3272	451	79	-585
-398	-474	5274	621	2168	210
-1918	-414	6587	378	1280	-588
-1953	289	5599	261	-544	-974
-1429	278	3602	174	-1454	-765
-952	459	2030	153	-997	-771
-903	333	1645	169	46	-399
-1056	22	1999	173	524	-180
-1290	-314	2617	259	550	68
-1344	-557	3321	332	444	56
-1387	-122	3776	256	297	-90
-1338	400	4104	158	220	127
-1246	600	4579	111	207	408
-1255	624	5117	95	-97	549
-1224	445	4938	63	-710	557
-975	185	4135	-1	-1078	496
-675	-16	3391	-48	-947	462
-560	-142	3048	-85	-429	410
-728	-111	3221	-105	195	328
-998	-81	3856	-100	537	332
-1249	63	4446	-104	349	345
-1284	144	4464	-98	-138	403
-1157	99	4049	-117	-424	400
-1029	-10	3695	-115	-405	347
-950	-132	3570	-84	-211	274
-954	-203	3712	-60	-52	152
-940	-184	3935	-13	-6	28
-958	-58	4086	25	-60	-32
-968	74	4083	61	-135	-4
-956	123	3998	74	-150	44
-924	88	3977	65	-115	52
-905	19	3957	55	-105	34
-868	-62	3917	48	-91	1
-833	-76	3960	53	-31	-75
-914	-66	4019	55	-31	-140
-971	-56	4033	61	-68	-161
-983	-17	3975	62	-86	-189
-1000	33	3934	64	-89	-185
-1012	79	3920	44	-69	-178
-1014	44	3961	28	-64	-192
-953	3	4026	39	-75	-213
-923	-20	4044	48	-128	-250
-880	36	4009	45	-143	-251
-872	129	3964	48	-92	-210
-879	245	3898	21	-41	-145
-934	195	3889	16	41	-65
-955	148	3937	6	78	-17
-938	97	3980	-1	113	4
-947	119	4023	-15	106	25
-992	139	4031	-37	31	52
-984	150	3969	-54	9	102
-1274	-121	3946	-4	53	-55
-1267	-112	3922	-3	-4	-61
-1246	-97	3869	-3	-27	-53
-1229	-86	3843	-3	-20	-49
-1205	-89	3839	-4	4	-35
-1221	-85	3883	2	10	-23
-1226	-73	3897	7	4	-15
-1230	-74	3887	4	-1	-1
-1242	-91	3900	3	16	10
-1236	-107	3936	6	30	5
-1218	-99	3948	13	3	-3
-1186	-119	3918	23	-45	1
-1178	-139	3859	32	-69	-4
-1155	-124	3822	46	-55	-13
-1158	-119	3827	60	-37	-7
-1171	-84	3860	72	-21	7
-1188	-38	3924	65	-9	39
-1188	-36	3974	49	-5	57
-1182	-85	4003	34	-9	48
-1166	-104	3987	28	-56	41
-1172	-115	3973	35	-113	33
-1156	-82	3921	35	-118	27
-1124	-74	3930	37	-56	37
-1105	-59	4005	25	-47	46
-1150	-74	4003	12	-99	83
-1202	-91	3964	15	-130	64
-1214	-84	3902	14	-105	71
-1191	-106	3888	10	-73	78
-1168	-129	3862	10	-43	63
-1181	-118	3871	2	-27	49
-1177	-67	3858	3	-27	54
-1195	-64	3822	13	-18	64
-1197	-38	3786	26	4	83
-1237	7	3776	32	31	132
-1210	-31	3704	31	76	173
-1221	-1	3596	-26	106	157
-1203	2	3523	-107	128	172
-1178	-132	3500	-81	150	129
-1188	-269	3601	27	211	50
-1188	-206	3710	102	122	3
-1194	-85	3606	98	4	57
-1079	61	3448	19	-8	116
-979	153	3369	-36	-60	207
-961	86	3252	-38	-161	269
-1051	-59	2985	3	-91	232
-1071	-159	2884	15	83	148
-999	-273	3024	-17	162	109
-1071	-361	3366	-63	145	74
-1067	-254	4221	5	31	168
-1140	71	5533	151	-184	427
-1410	180	7139	294	-564	418
-1649	330	8631	205	-946	17
-1861	269	9373	-62	-1047	-45
-2188	-245	9881	-249	-290	11
-2446	-241	10907	-190	257	-189
-2876	-193	9719	-209	-342	-481
-2575	-245	6191	-289	-522	-883
-1964	-164	3039	-170	431	-1157
-1757	77	1607	37	1315	-1406
-1094	197	660	238	1592	-1228
-684	454	619	129	1527	-513
-248	247	662	9	-628	277
-113	52	228	367	-3184	913
-313	1	-296	524	-4169	1540
-72	-108	-390	153	-3963	1420
1991	-370	-1004	-93	-3089	483
1359	28	-911	70	-500	-142
799	-64	-396	180	691	-367
276	176	28	84	547	-357
-99	135	184	53	-143	194
-301	-153	54	97	-485	741
-671	-303	71	-69	327	664
-2978	-983	-52	330	2572	996
-3346	-977	2365	387	3504	-165
-459	559	9440	-163	5698	-2035
-2748	343	15229	444	4092	-576
-4934	942	13275	-350	-1299	-1093
-3902	94	7951	-166	-3279	-449
-823	380	4928	247	-2094	-194
-250	-33	4561	187	1155	392
-1025	-226	6292	-42	1502	-13
-2060	90	6241	-115	81	-573
-1688	26	4794	19	-902	-458
-1145	9	3049	80	-734	-436
-949	130	2338	67	279	-215
-1141	201	2705	92	969	133
-1409	76	3163	64	758	262
-1462	-164	3325	15	376	149
-1353	-101	3321	-19	282	68
-1330	100	3449	-86	426	117
-1261	204	3795	-71	477	202
-1359	242	4294	-16	306	255
-1313	242	4604	-56	-35	260
-1123	72	4448	-88	-390	226
-886	-28	3803	-103	-500	130
-806	-36	3412	-107	-191	88
-945	-10	3523	-92	223	44
-1173	-73	3977	-56	409	17
-1369	-81	4287	-32	198	-70
-1376	-42	4152	-23	-129	-124
-1233	-47	3914	1	-262	-142
-1096	-51	3671	37	-213	-151
-1045	6	3612	45	-71	-162
-1121	52	3721	46	53	-165
-1217	52	3909	32	90	-154
-1267	6	4000	14	20	-126
-1260	-14	3951	0	-105	-153
-1234	-44	3834	7	-162	-163
-1217	-82	3809	12	-123	-199
-1211	-78	3856	19	-89	-243
-1192	23	3854	25	-66	-230
-1187	-4	3854	32	-60	-203
-1150	-27	3861	35	-39	-214
-1150	9	3871	33	-12	-182
-1137	3	3907	41	23	-128
-1182	50	3978	21	6	-120
-1208	85	3963	-9	-60	-100
-1206	65	3881	-22	-80	-45
-1191	72	3792	-25	-25	-5
-1174	61	3796	-28	43	18
-1190	65	3834	-42	76	30
-1216	39	3907	-51	67	72
-1247	39	3966	-53	30	96
-1226	29	3966	-48	5	95
-1218	66	3988	-47	-34	92
-1197	64	3966	-51	-77	147
-1161	50	3932	-58	-95	155
-1173	85	3923	-67	-93	169
-1181	38	3894	-69	-63	194
-1183	0	3942	-58	-40	174
-1298	-91	3900	-21	-19	182
-1296	-107	3878	-23	-27	193
-1292	-112	3850	-21	-17	189
-1281	-93	3845	-23	0	168
-1282	-74	3864	-17	5	177
-1281	-77	3873	-18	5	178
-1291	-96	3892	-19	-10	174
-1291	-90	3889	-22	-19	164
-1281	-104	3836	-20	3	171
-1240	-126	3856	-7	53	133
-1251	-75	3971	-8	16	131
-1272	-83	3918	-3	-59	127
-1283	-65	3846	-7	-78	110
-1267	-80	3806	-5	-33	113
-1235	-103	3870	-11	18	108
-1234	-95	3922	-9	18	100
-1236	-64	3930	-7	-9	101
-1240	-61	3935	-7	-66	103
-1230	-58	3939	-6	-138	107
-1222	-37	3877	-16	-160	120
-1201	-28	3868	-35	-149	136
-1188	-14	3871	-61	-153	149
-1167	-23	3869	-78	-196	145
-1152	-84	3877	-76	-229	135
-1143	-124	3882	-60	-281	103
-1136	-118	3860	-42	-345	99
-1130	-95	3768	-33	-402	83
-1103	-93	3682	-6	-411	62
-1054	-58	3665	40	-379	74
-1019	11	3659	104	-401	161
-965	42	3661	146	-433	257
-984	131	3725	108	-395	332
-1021	79	3885	58	-339	394
-1092	11	3970	6	-328	393
-1122	-70	4009	-42	-300	370
-1121	-156	3996	-70	-298	296
-1121	-290	3877	-71	-289	154
-1172	-300	3634	-64	-220	2
-1169	-217	3278	-83	-35	-45
-1130	-112	3070	-112	191	-43
-1148	-75	2993	-118	258	6
-1198	-134	3007	-43	410	94
-1132	-122	3142	-17	571	94
-1057	-83	3585	-43	511	183
-1168	-236	4021	-76	172	163
-1244	-184	4360	-68	-277	18
-1152	-153	4476	38	-647	126
-1098	-164	4537	56	-810	87
-1079	83	4745	12	-778	97
-1256	119	5385	29	-362	245
-1673	-365	7050	89	-14	149
-2197	-1071	9172	132	14	-176
-2914	-559	10886	8	439	-543
-3368	837	10809	-227	174	-731
-3112	808	8851	-353	28	-293
-2565	104	6675	-436	415	54
-1938	-253	4523	-485	1024	-101
-1432	-367	2984	-420	1274	-653
-823	-408	1991	-182	803	-1007
-48	-58	1476	-244	82	-1018
404	362	896	-266	-2134	-340
-304	19	60	-90	-4643	406
-597	-204	-621	199	-5108	848
-865	-56	-796	166	-4654	1078
452	39	-1314	150	-4687	1004
1645	297	-2157	197	-3534	274
1363	291	-2065	-56	318	-212
802	1	-1307	-128	2704	-409
244	-100	-594	-219	3534	-324
-267	7	153	120	3302	44
-885	138	489	321	2021	155
-2863	-236	634	314	2857	418
-3542	-1337	2014	269	3885	-86
-1653	96	6870	-79	6202	-1633
-2030	-9	14477	460	7374	526
-6309	414	16437	-124	437	-130
-5965	-523	10964	-266	-4953	-61
-493	-602	3794	-28	-3263	-195
656	-173	3952	125	785	-566
-722	-100	5965	190	1462	-518
-1492	436	6807	127	197	-604
-1327	249	4839	41	-1252	-102
-1063	-301	2409	80	-1180	109
-873	-494	1598	139	616	69
-1118	-627	2634	216	1661	-87
-1361	-470	3641	216	1154	-402
-1430	-306	3946	272	233	-344
-1319	-104	3741	327	-354	-341
-1255	47	3507	365	-454	-253
-1281	165	3378	366	-194	-79
-1299	233	3547	318	198	30
-1319	208	4085	196	322	-12
-1286	74	4454	87	71	-128
-1161	-74	4375	28	-323	-276
-1036	-119	3972	12	-536	-362
-960	-120	3613	36	-411	-290
-986	-82	3603	74	-167	-191
-1085	53	3732	120	-23	-17
-1242	189	3993	136	-44	142
-1282	300	4028	99	-205	254
-1214	284	3835	30	-255	306
-1162	127	3718	-39	-165	303
-1207	-65	3639	-72	-27	270
-1262	-241	3746	-58	77	184
-1309	-344	3926	-37	48	48
-1271	-345	3952	-1	-91	-53
-1214	-273	3887	43	-134	-125
-1206	-93	3875	69	-132	-166
-1215	62	3839	85	-89	-114
-1180	92	3803	84	14	-77
-1161	91	3870	66	64	-26
-1215	11	3912	39	53	-13
-1243	-22	3895	14	4	-67
-1235	-54	3877	16	-14	-72
-1190	-24	3915	31	25	-39
-1203	-24	3974	29	11	-20
-1210	-13	3958	25	-43	-20
-1218	-25	3894	23	-70	-23
-1195	2	3866	10	-38	-31
-1195	-9	3868	2	-13	-11
-1188	-52	3861	0	0	5
-1199	-20	3907	4	11	28
-1193	-9	3916	4	5	58
-1171	-32	3952	6	26	60
-1169	-16	3935	8	23	51
-1174	15	3903	-1	14	71
-1196	24	3887	-5	19	100
-1212	25	3891	-22	8	100
-1215	6	3869	-30	15	117
-1193	-42	3868	-19	55	142
-1368	-53	3841	8	-23	27
-1377	-60	3856	7	-29	24
-1371	-64	3835	12	-37	27
-1359	-47	3831	15	-27	41
-1331	-39	3826	19	-23	58
-1337	-37	3832	25	-25	76
-1351	-53	3860	25	-22	82
-1348	-36	3900	14	-27	75
-1339	-30	3908	4	-54	78
-1324	-24	3877	3	-87	89
-1289	-21	3846	1	-98	107
-1269	-29	3832	-1	-84	117
-1290	-51	3853	5	-85	132
-1288	-40	3878	9	-101	148
-1258	27	3926	-3	-146	176
-1289	14	3918	-12	-184	220
-1279	-4	3877	-27	-198	218
-1237	-39	3875	-34	-175	210
-1219	-48	3898	-35	-156	203
-1246	-72	3902	-24	-169	216
-1237	-65	3896	-22	-182	223
-1259	-27	3929	-36	-194	230
-1268	-10	3916	-51	-219	234
-1280	-13	3858	-61	-227	230
-1250	-87	3782	-61	-174	202
-1244	-85	3796	-72	-106	159
-1254	-117	3808	-75	-94	131
-1276	-113	3795	-73	-92	80
-1309	-53	3793	-70	-94	68
-1333	-46	3761	-54	-95	84
-1335	-64	3718	-35	-88	70
-1315	-126	3623	-22	-90	36
-1249	-41	3496	-14	-73	30
-1243	-1	3470	8	-54	94
-1265	41	3483	25	-30	125
-1301	83	3479	33	48	136
-1298	112	3334	26	82	162
-1257	42	3059	-1	137	202
-1167	-34	2855	-64	279	184
-1134	-102	2604	-83	421	168
-1057	-250	2440	-45	640	136
-1114	-320	2424	66	845	59
-1154	-283	2436	160	942	-81
-1126	-66	2498	238	927	-91
-1108	-66	2632	277	852	23
-1032	-73	2954	200	776	-78
-968	167	3475	95	702	40
-1174	447	4208	99	461	325
-1642	401	4690	262	465	463
-1961	178	5239	333	854	405
-2384	-41	6382	208	1361	308
-3120	-39	8259	4	1542	121
-3953	-219	10605	-17	1065	-112
-4494	-19	11873	139	185	-95
-4454	515	11495	-112	-315	46
-3999	840	11277	-607	-79	-283
-3950	1110	11419	-782	-238	-384
-3954	328	8465	-666	-427	-412
-3299	-257	4043	-435	651	-967
-2394	-750	2042	-139	1852	-1215
-893	-665	1828	-259	2178	-1030
342	-259	2987	-732	1454	-439
-2631	-731	2217	-896	-5147	-628
-3409	929	-402	-205	-8193	-64
-4554	1590	-573	-179	-7165	3160
-1469	872	-1427	-37	-8909	4667
1419	-111	-4285	-1518	-9789	652
4026	-58	-6619	1609	-3403	-1015
2062	1206	-4781	63	4968	693
1115	-1181	-1237	85	6849	1651
202	-1159	489	702	6902	861
-845	-1114	1599	987	5891	416
-1175	-324	2439	70	2714	-428
-761	17	1591	-1151	-818	-1156
-676	252	1312	245	-204	-1038
-278	446	741	0	-2014	-737
214	398	-279	-127	-2469	-231
186	318	-680	83	-1933	589
-1576	367	-699	202	-1125	1555
-5743	-620	-828	60	356	2813
-1766	-1276	739	717	5484	936
711	621	8200	125	9613	-1919
-7692	25	18434	208	8437	-86
-10786	-478	19279	-762	-291	-1467
-3425	-124	6750	3	-3586	-925
-789	-303	5975	498	-1751	-573
-2015	-501	6087	693	-827	-832
-2212	300	6659	447	-1011	-1179
-2011	435	5290	316	-1550	-646
-1627	114	3996	276	-744	-582
-1740	332	4130	262	197	-520
-2104	175	4594	229	285	-123
-2116	-13	4598	145	-101	32
-2027	-165	4331	100	-321	76
-1893	-191	3942	22	-422	-15
-1783	-141	3597	-47	-379	-76
-1663	-38	3285	-84	-232	-147
-1580	42	3355	-76	-47	-164
-1485	29	3598	-26	-18	-102
-1500	-66	3794	-14	-190	-48
-1499	-43	3578	-7	-429	24
-1373	-53	3227	5	-393	91
-1233	-54	3103	47	-193	56
-1275	28	3239	125	-99	37
-1350	85	3277	148	-169	25
-1380	46	3214	92	-180	26
-1385	-67	3322	45	-38	45
-1388	-187	3645	32	2	69
-1424	-191	3797	21	-229	51
-1379	-82	3655	16	-393	20
-1294	-17	3534	23	-395	4
-1282	19	3488	49	-294	-15
-1258	0	3604	85	-166	4
-1268	-74	3828	114	-145	4
-1285	-62	4005	118	-242	-21
-1264	4	3948	98	-383	-54
-1245	32	3788	71	-419	-76
-1235	23	3772	78	-367	-52
-1253	-5	3804	77	-310	-86
-1279	38	3817	62	-307	-79
-1261	41	3792	47	-315	-81
-1250	1	3767	33	-318	-108
-1226	-91	3736	33	-276	-133
-1248	-179	3756	48	-236	-177
-1222	-213	3768	65	-173	-241
-1229	-195	3818	80	-128	-305
-1246	-137	3875	89	-123	-365
-1264	-64	3882	88	-129	-373
-1234	-8	3887	95	-135	-362
-1253	1	3878	106	-146	-337
-1554	7	3812	-9	-84	-68
-1556	14	3801	1	-119	-55
-1507	37	3722	9	-94	-16
-1477	47	3727	8	-17	7
-1506	39	3797	-1	28	2
-1533	24	3817	2	-11	-2
-1510	21	3775	7	-39	12
-1484	17	3724	4	-11	22
-1516	15	3764	-5	35	20
-1557	-9	3811	-6	20	21
-1576	23	3813	-8	-29	36
-1537	60	3797	-20	-57	38
-1506	61	3805	-39	-55	53
-1507	25	3817	-49	-53	49
-1530	-39	3754	-42	-67	44
-1513	-33	3695	-22	-75	63
-1476	-23	3694	-15	-21	56
-1483	4	3785	-19	42	21
-1514	-16	3828	-13	58	-28
-1506	-38	3814	8	6	-61
-1451	4	3756	37	-77	-27
-1412	56	3744	52	-81	9
-1395	94	3781	55	11	23
-1410	36	3869	68	81	17
-1423	28	3990	88	12	4
-1408	79	3945	105	-177	31
-1378	95	3816	113	-256	40
-1340	90	3648	104	-206	-1
-1367	92	3576	120	-120	11
-1388	101	3572	160	-86	85
-1381	30	3565	184	-90	147
-1360	39	3556	172	-85	157
-1356	77	3487	143	-88	184
-1344	124	3275	107	-68	203
-1264	127	3098	71	53	256
-1147	65	3104	22	181	283
-1162	55	3063	-50	186	275
-1141	-18	2942	-84	198	283
-1108	-212	2873	-67	250	174
-1115	-343	2944	-33	287	23
-1078	-119	3095	-6	232	2
-1134	199	3206	42	120	168
-1219	330	3379	25	-40	343
-1219	284	3471	-72	-126	431
-1248	109	3571	-139	-158	352
-1292	-90	3629	-155	-205	220
-1478	-62	3740	-147	-107	114
-1672	-154	4029	-64	152	-18
-1973	-45	4657	22	359	-124
-2257	245	5533	84	422	82
-2629	289	6854	190	595	442
-3065	-569	9097	308	853	53
-4072	-617	11111	214	423	-719
-4503	168	10925	28	-444	-894
-3849	872	9898	-85	-351	-620
-3343	1123	10080	-264	-188	-444
-3144	561	8730	-440	-656	-428
-2677	-316	5790	-495	-781	-966
-1943	-558	2965	-408	-123	-1486
-1033	-435	1369	-168	161	-1356
-205	-238	947	-86	611	-844
-169	-77	1192	-60	-46	-524
-674	-28	799	92	-3007	-404
-1100	433	92	120	-5211	-125
-2445	625	-68	-72	-6563	935
-2262	527	-824	258	-7954	2383
763	223	-2015	-388	-7542	1878
1461	-458	-3289	-423	-5884	-373
1809	145	-3579	758	-519	-1324
1089	600	-1969	-140	2969	-499
113	-280	-393	13	3576	403
-124	-149	212	348	2766	463
-429	-88	427	72	2048	491
-510	-146	410	-23	1190	543
-1326	-220	320	103	700	420
-2628	-56	444	200	1943	281
-2876	-924	1354	403	3693	549
2	-783	6875	113	6530	-2723
-3071	638	14222	343	8281	163
-6875	419	17962	-581	2377	-537
-4302	-936	11593	-232	-3781	-83
-1560	-322	4355	169	-3953	-1257
-740	-51	2509	209	-147	-1112
-1419	197	5838	245	2157	-747
-2258	279	7620	290	627	-352
-1966	321	6178	199	-1151	-229
-1323	130	4237	150	-1337	-117
-1051	44	3167	156	-535	-107
-1157	-2	3394	165	319	14
-1395	-73	3955	133	445	68
-1492	-85	4139	62	140	-38
-1453	0	3869	-13	-148	-115
-1291	103	3513	-24	-116	-84
-1219	92	3483	21	47	46
-1199	59	3572	46	115	152
-1194	40	3583	48	113	222
-1165	35	3671	24	106	187
-1152	79	3794	29	109	175
-1162	105	3862	24	18	197
-1113	121	3707	-30	-91	179
-1101	72	3568	-67	-56	184
-1111	-26	3528	-89	21	204
-1145	-107	3620	-95	103	187
-1172	-107	3814	-87	123	151
-1156	-6	3880	-64	27	128
-1130	88	3800	-44	-65	138
-1103	148	3722	-28	-77	188
-1053	135	3631	-22	25	244
-1035	82	3744	-5	131	275
-1088	-26	3884	28	130	304
-1115	-154	3934	47	118	243
-1168	-173	3963	43	92	145
-1206	-89	3964	39	42	64
-1198	-57	3934	46	-34	21
-1198	8	3917	29	-91	-15
-1158	65	3864	13	-135	-14
-1144	78	3817	1	-93	22
-1172	11	3800	-7	-54	18
-1220	-12	3796	-16	-22	-12
-1247	-3	3807	-13	-16	-5
-1194	-44	3840	-1	18	-11
-1193	-83	3976	-3	-5	-73
-1205	-169	4023	21	-88	-116
-1232	-130	4001	50	-156	-201
-1268	-27	3875	68	-191	-212
-1278	9	3729	63	-126	-236
-1191	80	3727	49	-12	-224
-1169	68	3826	41	62	-186
-1200	53	3947	19	48	-173
-1242	60	4009	4	6	-163
-1342	-1	3875	8	-8	20
-1325	1	3881	7	-38	22
-1321	-6	3873	5	-59	30
-1298	14	3889	-7	-48	22
-1285	21	3870	-9	-41	21
-1300	20	3856	-12	-23	31
-1281	-1	3857	-15	-5	44
-1296	-2	3848	-14	11	60
-1322	-5	3832	-17	22	56
-1343	-7	3845	-21	37	56
-1351	-10	3819	-26	33	51
-1349	-6	3866	-29	15	49
-1330	-2	3842	-33	-14	38
-1320	3	3810	-27	-18	43
-1338	-15	3747	-12	15	62
-1307	-26	3850	10	61	55
-1315	-13	3956	3	28	59
-1289	18	3989	-2	-47	62
-1274	29	3947	8	-115	73
-1271	16	3911	24	-136	75
-1244	33	3886	29	-116	97
-1253	56	3862	15	-91	132
-1260	30	3890	-4	-77	133
-1304	20	3896	-14	-99	133
-1309	21	3891	-16	-141	140
-1310	5	3823	-18	-143	145
-1316	1	3792	-24	-121	138
-1311	9	3754	-35	-81	135
-1309	-4	3763	-41	-53	114
-1296	-4	3742	-36	-60	124
-1291	9	3719	-9	-76	138
-1275	-15	3740	30	-79	146
-1290	-34	3819	40	-73	142
-1287	-4	3829	14	-75	140
-1253	30	3817	-17	-109	144
-1241	73	3753	-34	-160	159
-1207	10	3642	-16	-153	172
-1189	-100	3606	30	-97	125
-1174	-156	3575	52	-88	61
-1157	-66	3517	26	-98	44
-1168	9	3379	-3	-78	93
-1168	41	3285	-32	-39	93
-1118	3	3193	-83	19	37
-1042	-46	3221	-135	78	-31
-1055	-106	3408	-114	92	-1
-1187	-118	3741	-26	15	65
-1223	59	4081	-9	-44	37
-1258	310	4542	-60	-206	60
-1262	451	4859	-159	-363	130
-1249	338	5585	-256	-244	226
-1516	-58	6871	-175	-181	247
-2100	-363	8365	-36	-237	57
-2550	-250	9321	23	-130	75
-2713	212	9041	-83	-416	-141
-2424	133	7169	-226	-274	-220
-2060	-96	5507	-327	188	-259
-1558	-65	3867	-210	556	-280
-1080	-151	2439	-26	620	-597
-664	-39	1378	63	756	-748
-378	103	728	62	209	-306
-171	50	377	79	-660	230
-201	-103	269	183	-1925	538
-255	-168	105	73	-3523	743
-200	-293	-214	-53	-4504	1048
-186	-401	-397	64	-4272	994
-201	-464	-480	-73	-3531	404
-336	-304	-488	-117	-2867	-314
-767	-9	-762	232	-1852	-848
-606	327	-1808	1116	2338	-1689
-2985	572	988	-526	10031	-1356
2246	588	8780	-296	10839	-1565
-5991	-374	19008	-111	7708	-485
-7004	-80	16962	-295	-1782	-1132
-2606	-710	7042	330	-5246	-673
-102	131	2657	470	-4190	-455
1023	-70	1113	492	-1094	-300
61	-102	1307	478	2829	-588
-2027	273	3531	10	2343	-688
-1622	220	3525	-139	1048	-602
-1592	-1	3251	-81	116	-257
-1511	-303	2564	28	-289	-37
-1412	-453	2532	187	94	22
-1709	-488	3318	288	683	94
-1823	-370	4390	242	893	-54
-1720	105	5088	48	647	-450
-1624	381	5234	-2	-21	-486
-1424	370	4579	50	-763	-334
-1100	274	3592	49	-1043	-153
-782	128	2943	12	-717	54
-773	-37	2878	-28	11	120
-1105	-114	3418	-65	623	127
-1485	-104	4117	-95	746	160
-1666	23	4520	-107	368	216
-1580	79	4355	-86	-150	295
-1347	25	3832	-63	-374	245
-1172	-104	3530	-51	-211	165
-1171	-236	3624	-29	24	73
-1261	-289	3813	-22	101	-65
-1345	-224	3950	-9	61	-158
-1354	-62	3971	8	-30	-147
-1299	80	3939	19	-65	-52
-1279	112	3911	28	-43	44
-1282	104	3888	26	-63	96
-1263	38	3788	12	-40	96
-1283	-51	3794	4	8	54
-1287	-108	3803	-2	54	-17
-1311	-160	3874	5	87	-92
-1347	-159	3942	11	51	-147
-1341	-129	3917	23	-8	-153
-1333	-83	3868	33	-28	-139
-1306	-30	3804	35	-15	-130
-1314	-26	3805	34	24	-126
-1349	-27	3813	32	82	-141
-1359	-31	3885	31	97	-163
-1374	-27	3907	20	46	-185
-1347	-11	3906	13	-4	-179
-1323	25	3865	15	-32	-135
-1312	59	3771	13	-15	-63
-1294	59	3800	2	60	-11
-1333	54	3879	-21	73	46
-1381	16	3925	-37	58	49
-1419	5	3900	-53	13	44
-1388	-9	3856	-53	-9	70
-1364	-61	3815	-48	5	84
-1364	-64	3803	-38	31	72
-1350	-45	3835	-34	48	58
-1358	-15	3832	-35	52	68
-1382	-8	3869	-34	31	86
-1395	9	3898	-42	-5	93
-1430	-3	3883	-47	-28	116
-1417	-46	3807	-1	-10	40
-1410	-85	3831	-6	-9	5
-1407	-80	3839	-2	-27	-12
-1401	-70	3838	8	-42	-8
-1381	-49	3849	8	-41	-7
-1361	-31	3879	3	-53	-3
-1344	-35	3840	1	-70	2
-1320	-29	3839	13	-83	5
-1317	-38	3792	34	-96	14
-1312	-40	3768	55	-93	32
-1317	-44	3711	72	-69	43
-1315	-35	3722	95	-68	49
-1304	-21	3708	132	-103	82
-1313	22	3752	145	-144	152
-1301	75	3791	117	-170	227
-1294	123	3842	81	-225	271
-1278	168	3915	33	-319	329
-1307	87	3913	-21	-385	365
-1310	-22	3874	-82	-390	320
-1267	-138	3866	-132	-394	279
-1239	-211	3805	-156	-384	204
-1179	-225	3723	-151	-336	161
-1168	-209	3569	-115	-291	131
-1235	-126	3441	-79	-152	135
-1297	-80	3408	-57	17	157
-1343	9	3470	-75	111	210
-1313	73	3628	-89	106	342
-1340	120	3928	-128	-11	409
-1302	145	4565	-125	-102	436
-1192	-17	5752	-20	-348	461
-1545	-385	7406	37	-1001	226
-2187	-435	8018	-67	-1398	-83
-2451	-174	7865	-131	-446	-352
-2846	199	8625	-130	529	-395
-2785	133	8433	-31	133	-327
-2075	-81	5998	124	-525	-400
-1378	-327	3599	248	-421	-701
-1083	-327	2211	331	-221	-950
-694	-68	1167	282	-634	-706
-233	50	325	304	-1426	-268
-303	254	160	215	-2376	-25
-442	172	-33	136	-3721	133
-416	131	-163	169	-5120	176
-85	52	-368	270	-6436	56
1696	363	-1333	37	-6435	-167
1477	-10	-1672	-191	-3732	-51
184	-178	-1245	24	-627	70
-511	-7	-1001	450	722	-29
-431	-92	-1202	400	2750	-223
-740	-489	-1396	484	7730	-383
-3448	-3994	5320	76	10089	-2139
-1838	1873	13547	-111	9735	-2218
-8863	1816	21499	68	4505	976
-5245	-346	11182	-660	-1764	-1418
356	-565	7207	449	-2227	-807
111	-364	6383	653	-2414	-1123
-106	714	3643	344	-1999	-1218
-545	929	1694	83	-547	-525
-241	304	1122	-3	1631	325
-1112	-337	2193	-112	3135	387
-1655	-937	3109	-101	3058	136
-1763	-1211	4067	147	2199	-485
-1965	-549	4887	408	886	-1305
-1918	322	4451	429	-537	-1243
-1626	616	3318	411	-987	-591
-1146	642	2924	273	-478	-116
-844	508	3371	97	383	217
-947	408	4320	-74	659	134
-1184	364	4591	-116	144	31
-1196	294	4076	-141	-250	77
-1050	132	3626	-167	-196	216
-1002	-87	3528	-153	40	373
-1090	-302	3732	-141	197	371
-1216	-255	4055	-142	147	192
-1340	-4	4188	-80	-74	144
-1358	219	4024	-30	-304	125
-1228	324	3701	-19	-360	205
-1137	280	3500	-48	-178	292
-1166	112	3604	-95	72	319
-1234	-101	3865	-133	142	245
-1287	-226	4072	-110	59	143
-1284	-243	4104	-66	-83	67
-1271	-116	4000	-32	-190	-21
-1243	7	3872	-10	-206	-28
-1215	101	3754	-1	-149	17
-1191	116	3732	7	-46	81
-1187	63	3778	-6	32	91
-1245	25	3883	-17	86	111
-1296	-42	3957	-31	35	101
-1285	-70	3897	-33	-19	74
-1257	-31	3869	-20	-17	72
-1258	-7	3871	-9	-15	78
-1250	14	3869	-13	14	83
-1278	3	3882	-26	24	63
-1264	-13	3821	-39	33	49
-1250	-4	3825	-42	84	38
-1296	-11	3906	-24	90	38
-1330	8	3921	-21	49	13
-1356	39	3931	-19	-1	39
-1344	63	3933	-15	-44	53
-1302	82	3881	-31	-80	57
-1268	74	3775	-41	-63	92
-1257	32	3792	-31	32	78
-1276	19	3888	-25	48	58
-1306	24	3908	-24	25	37
-1325	27	3906	-21	-8	30
-1349	46	3897	-20	-23	46
-1338	32	3855	-20	-40	55
-1318	38	3813	-23	-37	55
-1296	27	3830	-16	-21	55
-1300	13	3849	-13	-12	37
-1287	21	3879	-14	-3	19
-1308	18	3906	-13	-11	18
-1282	39	3899	-11	-18	27
-1278	21	3866	-9	-15	34
-1274	24	3881	-15	-8	38
-1296	36	3867	-11	0	46
-1307	37	3881	-17	2	45
-1311	40	3884	-22	-7	37
-1291	22	3861	-27	-16	32
-1302	3	3838	-24	-7	23
-1296	-19	3841	-14	12	4
-1298	-5	3860	-7	29	-4
-1319	-19	3880	-11	37	-21
-1310	-8	3907	-13	14	-35
-1301	2	3918	-4	-24	-41
-1286	9	3869	7	-41	-38
-1287	28	3842	8	-26	-22
-1301	22	3855	7	-5	-12
-1295	30	3883	0	-4	-12
-1252	32	3834	-64	-14	24
-1242	46	3832	-67	62	5
-1236	61	3861	-63	106	-1
-1266	47	3894	-58	104	-3
-1289	30	3890	-51	99	-17
-1309	40	3857	-50	94	-35
-1313	41	3853	-43	107	-38
-1314	37	3880	-31	111	-30
-1325	32	3890	-20	107	-29
-1335	50	3879	-14	81	-28
-1337	51	3849	-18	65	-29
-1331	43	3843	-18	77	-40
-1333	46	3817	-13	96	-39
-1330	36	3813	-7	104	-26
-1360	42	3839	-1	99	-30
-1378	49	3833	1	91	-36
-1389	33	3832	1	74	-31
-1381	32	3797	-8	70	-17
-1364	16	3813	-9	76	-23
-1367	2	3834	-5	82	-54
-1380	11	3783	1	95	-54
-1317	11	3761	11	164	-42
-1340	6	3833	13	156	-23
-1365	-18	3825	23	106	-23
-1371	-66	3779	43	78	-67
-1342	-89	3710	66	61	-107
-1308	-101	3668	114	73	-104
-1302	-84	3687	174	78	-89
-1346	-80	3644	215	50	-90
-1361	-100	3554	218	31	-129
-1262	16	3511	190	57	-110
-1262	53	3468	177	49	-9
-1285	14	3427	158	68	64
-1295	-84	3390	108	126	68
-1286	-234	3298	32	162	17
-1240	-356	3128	-48	133	-67
-1095	-342	2829	-113	138	-169
-1007	-86	2564	-74	285	-136
-973	-63	2714	83	396	27
-1129	-241	3013	197	345	-51
-1316	-98	3274	197	399	-85
-1332	8	3597	156	288	93
-1356	73	3811	112	-75	213
-1252	36	3853	145	-381	255
-1237	-33	3891	175	-386	97
-1240	-32	4086	169	-73	51
-1344	64	4616	101	363	80
-1682	190	5358	101	578	69
-2107	332	5851	215	349	38
-2335	186	6034	329	179	-12
-2252	194	6383	235	147	-207
-2285	546	7427	108	87	-150
-2984	366	8587	182	-206	-136
-3581	127	8887	93	252	-488
-3502	678	10153	-71	1169	-423
-3618	652	11123	-236	624	-320
-3633	605	10138	-461	-289	-238
-2967	244	7385	-701	-975	-537
-2098	-56	3851	-725	-735	-1403
-1863	37	1837	-575	-213	-1833
-792	227	1049	-345	205	-1059
-175	439	949	-346	-935	-320
-734	261	371	-186	-3406	701
-2296	27	30	227	-5207	2028
-2875	-225	-383	14	-7211	2917
-1118	-290	-833	-477	-7526	2944
1613	-480	-2444	-1609	-7361	461
2115	-490	-3847	313	-4201	-1250
1479	943	-3178	468	1866	-1052
489	-23	-1195	-350	3272	275
-154	-113	-104	345	2817	303
-586	34	260	323	2106	301
-782	49	290	212	1309	436
-661	-125	249	142	843	459
-440	-154	273	104	526	241
-1143	-343	243	170	321	-157
-2785	-210	182	347	1609	-330
-3345	-1102	369	158	4113	-2
1030	-604	7646	39	7186	-2637
-2498	656	16405	538	7661	398
-4591	333	16765	-98	1520	-1031
-5136	498	11524	-439	-3911	-1085
-870	586	3846	-11	-2470	-1442
-688	1202	4806	356	1029	-459
-1616	110	7442	125	1201	649
-2013	-874	8061	-96	-271	604
-1730	-619	6063	3	-1688	96
-1207	-539	3929	6	-1621	-448
-950	-184	3002	154	-736	-843
-907	89	3053	319	199	-738
-1022	264	3391	321	727	-441
-1360	320	4073	116	785	-297
-1481	166	4149	59	256	-51
-1391	-52	3677	76	-167	-43
-1277	-168	3211	85	-219	-134
-1350	-235	3126	36	-87	-188
-1302	-151	3166	-13	139	-254
-1178	60	3699	43	552	-70
-1186	110	4329	64	469	176
-1218	151	4417	41	-27	171
-1174	219	3871	57	-346	182
-1001	190	3404	69	-251	180
-908	50	3330	40	118	182
-967	-65	3614	-2	327	209
-1077	-193	3855	-14	240	208
-1178	-224	3916	-19	58	133
-1216	-148	3889	-19	-75	87
-1177	-63	3851	-39	-134	57
-1118	80	3733	-34	-174	55
-1073	106	3628	-19	-114	67
-1070	28	3708	12	10	70
-1150	-138	3929	38	52	-13
-1189	-203	4028	41	-21	-187
-1192	-167	3912	50	-94	-341
-1146	-97	3783	67	-101	-414
-1101	-4	3751	91	-43	-384
-1085	32	3876	119	-11	-324
-1095	60	3937	138	-57	-248
-1107	99	3868	124	-82	-151
-1138	132	3829	108	-43	-125
-1166	85	3790	93	-5	-100
-1140	26	3819	65	76	-119
-1169	5	3935	46	80	-109
-1214	16	3983	30	-5	-135
-1199	58	3953	9	-58	-164
-1174	69	3941	-3	-83	-103
-1120	73	3901	-9	-107	-14
-1102	23	3887	-2	-99	55
-1120	14	3860	-19	-66	47
-1127	19	3855	-24	-15	77
-1336	30	3876	-1	-87	-2
-1306	52	3833	-2	-89	-15
-1301	13	3805	5	-72	-10
-1309	51	3802	6	-58	-2
-1326	75	3827	7	-57	31
-1338	68	3853	8	-68	42
-1334	82	3906	2	-104	55
-1315	87	3918	-30	-153	77
-1311	66	3934	-64	-178	80
-1294	36	3926	-66	-208	60
-1260	7	3914	-53	-245	38
-1209	-35	3877	-31	-217	24
-1204	-13	3932	-19	-238	12
-1267	-1	3893	-14	-268	21
-1320	27	3829	-13	-252	-1
-1331	66	3749	-12	-199	3
-1343	44	3710	-12	-152	34
-1315	6	3694	-29	-140	39
-1298	-17	3640	-25	-151	28
-1285	-29	3646	10	-119	24
-1299	14	3748	41	-78	44
-1324	64	3851	32	-110	71
-1287	97	3842	-13	-188	97
-1208	58	3823	-42	-265	85
-1149	-11	3821	-6	-311	77
-1163	-19	3794	37	-293	103
-1175	8	3864	19	-223	125
-1220	60	3896	-54	-234	108
-1215	34	3894	-100	-272	90
-1148	31	3905	-61	-241	80
-1139	-2	3943	16	-208	115
-1180	-25	3923	45	-237	117
-1223	7	3853	-19	-198	98
-1275	44	3828	-114	-69	108
-1251	38	3830	-144	1	102
-1198	13	3781	-98	16	69
-1140	-32	3698	-46	46	33
-1118	-28	3574	-27	123	-6
-1202	11	3428	-41	180	-25
-1270	30	3349	-70	260	1
-1310	37	3337	-79	377	42
-1301	-46	3412	-61	489	50
-1271	-71	3463	-33	431	-19
-1173	37	3456	-29	332	-66
-1128	71	3531	-14	207	-48
-1083	178	3679	-13	94	-9
-1130	382	3879	-57	40	157
-1258	371	4191	-99	62	318
-1394	282	4954	-62	41	364
-1649	-41	6317	68	27	361
-2044	-518	8661	195	44	311
-2652	-642	11979	215	358	2
-3863	188	13187	11	-663	-477
-3231	490	9744	-324	-1752	-736
-2043	-294	6567	-437	-831	-1209
-2167	-748	3779	-381	717	-2433
-2391	-66	1915	-282	2125	-2493
-1142	-74	1070	-154	2560	-1637
-24	320	1268	-243	2416	-1083
-498	435	1479	-203	0	-493
-556	624	316	341	-3193	732
-875	576	-253	296	-3317	2084
-844	371	-186	184	-3489	2780
88	43	-188	-203	-4817	1830
2398	-290	-1251	-196	-3640	402
1628	-384	-1122	-47	-229	-146
594	-530	-550	42	1047	-575
-207	6	64	435	620	-775
-176	-75	258	38	-225	-258
-182	13	198	195	-493	153
-1136	-66	191	163	-528	158
-2453	-71	446	153	-340	370
-3531	-937	802	232	1714	782
-796	-393	5612	319	4183	-1478
-278	981	13765	507	6999	845
-5912	488	17859	-290	1163	-60
-6211	-1095	11011	-481	-3928	-11
-109	-619	4275	94	-2268	-745
496	-388	5426	334	638	-677
-1023	-454	6573	122	803	-711
-1618	360	6447	-44	-228	-1085
-1279	200	4551	48	-857	-629
-856	-73	3135	39	-145	-453
-883	-335	2971	84	880	-490
-1252	-296	3233	83	947	-743
-1508	-245	3370	75	698	-847
-1349	-156	3531	183	371	-503
-1225	-128	3450	223	32	-410
-1171	-38	3199	225	-92	-340
-1140	-83	3118	203	88	-238
-1186	-43	3591	178	440	-217
-1125	147	4295	161	382	-241
-1033	256	4520	188	-56	-218
-860	384	3960	166	-402	-166
-738	378	3451	96	-178	35
-821	120	3486	23	220	168
-986	-153	3798	-15	354	150
-1123	-307	4051	-24	233	6
-1207	-206	4055	17	-12	-84
-1130	31	3874	21	-124	-110
-1044	169	3722	10	-99	-50
-1034	197	3687	10	-35	42
-1106	89	3731	-6	36	90
-1128	5	3922	-18	106	84
-1122	-32	4021	-12	30	72
-1109	-67	3990	-4	-66	61
-1078	-82	3951	3	-52	9
-1083	-35	4023	27	-41	-41
-1108	35	4028	35	-94	-54
-1117	54	3932	36	-112	-18
-1107	74	3854	39	-51	47
-1092	74	3720	15	41	99
-1080	25	3737	-18	154	99
-1136	-59	3823	-26	216	113
-1221	-104	3985	-5	201	62
-1289	-74	4026	19	94	32
-1293	-56	3976	28	29	21
-1266	-16	3893	23	20	31
-1182	-11	3834	14	23	21
-1129	-16	3782	2	46	1
-1166	-7	3787	-7	105	-1
-1240	34	3884	-5	136	3
-1305	65	3971	-1	106	38
-1319	62	3994	-4	35	73
-1264	7	3967	-9	-32	73
-1191	-10	3882	-19	-60	58
-1181	-25	3832	-16	-7	49
-1216	13	3848	-10	26	41
-1261	25	3876	-6	38	63
-1265	19	3923	-12	39	74
-1292	-39	3887	-11	-12	30
-1283	-13	3849	-8	-9	4
-1271	4	3834	-9	11	4
-1269	36	3827	-7	40	13
-1282	53	3868	-14	59	20
-1323	58	3905	-20	49	47
-1333	52	3911	-24	33	73
-1338	27	3835	-27	37	87
-1270	-8	3808	-15	109	68
-1263	-11	3937	-1	121	51
-1314	-3	3927	1	58	59
-1344	3	3864	7	32	33
-1344	20	3839	13	37	28
-1318	26	3863	22	31	39
-1289	-18	3824	49	15	36
-1258	-53	3797	90	19	13
-1235	-16	3814	117	19	-1
-1228	77	3853	121	-20	37
-1224	156	3885	114	-81	99
-1204	162	3977	113	-124	168
-1218	90	4046	121	-172	188
-1167	11	4015	117	-247	156
-1092	-8	3983	92	-292	132
-1098	8	3939	71	-284	120
-1132	73	3906	57	-295	136
-1147	60	3826	53	-283	157
-1144	47	3786	46	-198	170
-1161	-5	3801	13	-166	197
-1206	-45	3781	-37	-146	182
-1211	-61	3808	-62	-60	109
-1259	-24	3929	-45	-26	80
-1282	-76	3930	-16	-28	32
-1283	-59	3956	-12	-51	-88
-1280	-9	3906	-30	-79	-126
-1281	-2	3806	-49	-60	-136
-1288	16	3648	-28	22	-136
-1314	26	3556	4	120	-126
-1351	35	3399	17	167	-133
-1314	110	3180	2	243	-101
-1152	102	3077	-15	339	-80
-1104	94	2995	-52	320	-115
-1097	153	2779	-61	286	-69
-1021	181	2683	-48	390	68
-1081	151	2815	-17	452	190
-1162	1	2953	-8	455	220
-1197	70	3417	-71	345	134
-1283	303	3965	-39	-18	266
-1293	257	4539	-2	-423	311
-1305	365	5212	-20	-881	252
-1447	419	6067	63	-955	484
-1476	-245	7409	174	-71	431
-2391	-542	10823	286	1012	153
-4066	-340	13980	337	186	-220
-3817	483	12245	-9	-1562	-424
-2413	461	8379	-330	-1514	-728
-1870	-98	5245	-476	46	-1058
-2509	-139	2662	-288	1939	-1765
-2043	-9	1378	-142	2902	-1474
-885	200	923	-25	3445	-743
-350	373	1535	-329	3203	-399
-1008	204	1452	-823	-1037	162
-969	-101	372	-119	-4502	816
-1000	442	-383	380	-4388	1626
-714	261	-284	-15	-3768	1932
1577	-28	-589	-62	-5376	690
2654	63	-1336	60	-2745	-63
1704	-210	-976	-263	29	-538
482	-167	-582	-159	865	-629
-324	10	-139	-142	536	-329
-153	-270	56	-187	285	4
-389	-181	143	20	-40	17
-1259	31	205	170	-295	-56
-2586	187	562	450	-217	372
-4225	-760	604	358	2150	1013
-551	-167	6168	493	5516	-1609
-1886	41	15812	317	7767	26
-5712	774	18096	-359	-558	-985
-4014	413	8635	-452	-4670	-194
-758	-242	4191	0	-3173	-352
-512	321	3978	236	1513	435
-1120	-668	7133	-181	2514	534
-2387	-65	8025	-329	334	-591
-1796	558	5674	-16	-1379	-674
-898	336	3190	-8	-1533	-621
-437	288	1826	-53	-362	-147
-662	-101	1751	-81	925	271
-1341	-495	2337	-93	1429	319
-1662	-812	2947	-31	1282	22
-1695	-592	3562	52	767	-372
-1562	-55	3814	60	259	-535
-1393	377	3776	36	29	-345
-1331	506	3933	96	9	38
-1307	473	4277	146	-62	355
-1181	138	4363	113	-270	314
-1058	14	3979	-1	-522	-28
-895	26	3355	-77	-441	-104
-834	-38	3238	-83	2	-43
-915	-187	3641	-32	345	-15
-1143	-258	4202	13	332	-70
-1293	-108	4410	23	-7	-138
-1301	95	4170	15	-335	-91
-1161	159	3712	14	-410	-19
-1062	81	3408	22	-202	31
-1123	-69	3515	11	104	16
-1221	-158	3843	10	242	-35
-1338	-167	4073	36	130	-71
-1357	-201	4045	72	-36	-100
-1266	-165	3901	95	-114	-151
-1185	-59	3820	99	-112	-153
-1148	35	3764	85	-38	-118
-1186	60	3770	65	63	-94
-1232	10	3871	47	92	-75
-1256	-49	3950	39	80	-55
-1288	-142	4018	50	18	-92
-1252	-146	3982	49	-34	-177
-1222	-66	3894	42	-27	-197
-1216	-15	3857	45	-16	-161
-1234	-21	3759	42	4	-101
-1240	16	3730	16	92	-52
-1279	-9	3872	5	148	6
-1327	-76	3977	-6	115	17
-1324	-86	3981	-3	34	6
-1259	-104	3946	6	-17	-32
-1206	-65	3857	2	-40	-51
-1198	-18	3814	0	-1	-20
-1237	1	3820	-10	59	17
-1299	2	3913	-25	71	64
-1310	-3	3954	-25	36	95
-1297	-14	3970	-26	-19	103
-1268	-8	3892	-34	-66	121
-1340	-25	3820	-33	131	133
-1394	-11	3834	-33	131	189
-1418	-16	3829	-27	141	191
-1427	-11	3859	-33	136	190
-1433	-6	3860	-50	101	213
-1432	20	3819	-64	85	248
-1399	18	3818	-72	105	263
-1385	16	3858	-80	99	276
-1391	-13	3848	-91	89	291
-1385	-10	3853	-82	92	317
-1373	-13	3847	-79	88	329
-1381	-25	3795	-82	72	309
-1372	-72	3751	-82	94	270
-1363	-111	3799	-71	130	251
-1393	-136	3865	-48	135	223
-1423	-101	3903	-43	99	192
-1447	-70	3903	-35	59	179
-1422	-26	3853	-32	36	157
-1389	16	3806	-38	27	161
-1375	-21	3738	-37	61	186
-1358	-66	3751	-34	117	135
-1371	-80	3811	-41	124	119
-1426	-98	3857	-25	97	119
-1460	-111	3889	-11	60	77
-1480	-80	3876	6	12	63
-1447	-56	3843	20	-6	71
-1384	-71	3807	38	-18	72
-1349	-84	3799	55	-34	58
-1364	-60	3780	80	-59	52
-1374	-32	3761	108	-80	39
-1375	40	3784	129	-107	66
-1327	86	3771	133	-158	120
-1270	112	3746	107	-192	168
-1260	61	3705	77	-213	175
-1225	30	3687	35	-216	137
-1225	9	3585	12	-205	112
-1245	-57	3395	30	-228	89
-1207	-178	3123	69	-184	10
-1133	-196	2883	109	-55	-78
-1035	-147	2698	138	95	-94
-1020	-98	2571	195	199	-66
-1015	-100	2549	209	338	-6
-1046	43	2676	74	427	-29
-1069	142	2777	-31	401	0
-1105	124	2879	-9	223	5
-1100	54	3163	96	-14	135
-1256	156	3471	200	-62	347
-1205	534	4054	182	-146	578
-1506	636	4614	-4	-148	648
-1862	591	5152	-204	335	593
-2320	269	6372	-278	956	580
-2483	-203	8443	-125	1038	529
-3021	-725	10757	81	373	150
-4051	-572	11210	123	-474	-102
-4054	23	9853	-5	-394	-222
-3320	412	9644	-209	229	-287
-3202	677	9340	-325	229	-359
-2997	570	7115	-472	63	-464
-2626	101	4483	-480	268	-926
-1983	32	2231	-331	424	-1332
-878	204	1387	-242	586	-688
-217	145	1179	-292	243	286
-569	-130	768	-332	-1767	809
-943	-374	307	-129	-4171	914
-1381	-277	-115	140	-5715	1073
-1840	-126	-495	-112	-7272	1632
-1129	210	-848	-464	-7111	2061
1451	166	-2174	-685	-6583	1283
1952	427	-3176	164	-3773	-186
1515	455	-2688	129	1302	-49
826	-60	-1343	-363	3355	514
-188	-418	-274	-466	3635	963
-491	-448	232	165	2509	978
-502	-246	284	256	1797	699
-1274	-454	296	243	1092	318
-2715	-918	256	328	1817	-665
-4083	229	341	165	3342	-558
-1057	-212	5034	324	5967	-975
245	1121	11342	364	8759	481
-6133	-257	17611	-264	4236	-275
-6645	-819	13789	-795	-2749	-972
-2417	-59	5333	-315	-4602	-1239
-428	436	2447	217	-1253	-399
-922	367	4867	284	1647	-24
-2294	276	7412	35	1274	374
-2705	17	7459	10	-370	499
-2083	-188	5750	37	-1476	202
-1284	-357	4164	36	-1359	-354
-916	-130	3419	133	-552	-530
-974	-49	3384	194	287	-350
-1251	3	3711	132	758	-236
-1594	12	4189	59	804	-84
-1672	51	4357	13	436	-38
-1567	10	4019	6	74	-113
-1466	-102	3687	2	-47	-179
-1374	-131	3521	10	-56	-170
-1202	-127	3370	25	26	-98
-1126	-141	3458	36	171	-100
-1156	-34	3515	19	150	-160
-1054	98	3325	40	135	-118
-1108	168	3341	61	284	6
-1201	18	3513	52	349	116
-1368	-203	3766	56	329	100
-1417	-289	3895	53	106	-7
-1347	-258	3739	43	-114	-135
-1272	-181	3587	35	-198	-200
-1214	-113	3587	18	-164	-200
-1186	15	3622	23	-122	-149
-1207	30	3641	54	-133	-63
-1267	-26	3643	53	-132	-52
-1323	-106	3705	42	-42	-76
-1362	-153	3809	19	-25	-101
-1323	-220	3875	-2	-58	-188
-1270	-243	3909	-5	-139	-290
-1242	-288	3958	12	-204	-364
-1278	-236	3983	55	-259	-453
-1277	-164	3953	98	-302	-474
-1262	-68	3850	129	-302	-460
-1242	15	3758	136	-253	-420
-1221	36	3676	129	-183	-384
-1227	-4	3720	124	-102	-334
-1251	-74	3836	121	-71	-331
-1335	-81	3926	105	-117	-337
-1367	-16	3865	83	-207	-319
-1329	74	3811	67	-233	-215
-1267	5	3838	51	-223	-132
-1239	-57	3939	55	-228	-122
-1254	-42	3889	52	-255	-112
-1255	-16	3836	31	-223	-106
-1227	24	3825	27	-153	-68
-1296	-67	3821	-5	7	-26
-1288	-90	3843	-4	28	-22
-1306	-64	3879	-3	25	-21
-1296	-39	3883	-7	7	-9
-1297	-34	3878	-21	4	4
-1291	-65	3874	-28	9	13
-1291	-82	3868	-31	14	18
-1272	-99	3876	-21	20	21
-1267	-84	3898	-17	30	10
-1268	-94	3934	-11	18	-10
-1290	-66	3949	-9	-28	-16
-1272	-46	3881	-14	-54	13
-1266	-61	3813	-10	-22	37
-1288	-68	3813	-6	41	45
-1299	-74	3842	-9	57	38
-1311	-58	3877	-10	44	43
-1316	-51	3871	-13	21	62
-1305	-61	3863	-10	-4	61
-1287	-85	3892	-10	-18	45
-1283	-68	3898	-6	-36	32
-1293	-85	3832	-7	-27	44
-1249	-92	3864	2	36	23
-1233	-37	3965	2	21	28
-1234	-15	3999	-1	-53	32
-1248	14	3914	0	-112	45
-1240	-1	3864	-4	-128	80
-1224	-78	3810	5	-107	98
-1223	-155	3812	29	-72	69
-1235	-166	3860	50	-49	34
-1244	-124	3921	58	-44	23
-1258	-67	3977	81	-74	25
-1240	-30	3939	102	-137	24
-1205	-26	3867	122	-166	33
-1205	-52	3792	144	-141	70
-1176	-78	3727	149	-48	94
-1191	-86	3733	159	23	119
-1237	-45	3754	164	43	135
-1271	20	3724	158	31	167
-1339	82	3601	148	-2	218
-1382	88	3352	142	11	296
-1295	-16	3159	121	119	344
-1259	-40	3119	33	177	328
-1229	45	3046	-64	134	393
-1155	47	3045	-106	95	412
-1104	92	3069	-56	48	331
-1041	82	3166	88	14	422
-1025	49	3370	153	-89	536
-1140	153	3572	47	-231	572
-1059	305	3872	-148	-183	709
-1005	318	4885	-211	-26	813
-1508	103	6484	-20	-217	724
-2128	-520	7887	311	64	467
-2427	-709	10640	472	783	255
-3497	135	12650	200	234	-80
-3697	252	10829	-253	-1170	-609
-2818	-370	7067	-277	-1242	-868
-2084	-432	4156	28	103	-1105
-1547	72	2645	323	1227	-1224
-1381	160	1511	393	1416	-1502
-942	394	819	303	1318	-1269
-729	544	792	-44	748	-835
-395	326	658	-379	-1682	-549
-332	336	153	-428	-3930	-51
-312	-51	-230	-473	-4665	836
6	-313	-253	-269	-4528	1346
1481	-355	-598	301	-4102	855
1274	70	-770	385	-2363	-113
762	158	-661	12	-1232	-461
300	119	-514	-64	-740	-228
-26	24	-460	-239	-404	8
-133	-73	-627	-247	1171	285
-1262	-405	-1281	163	6005	764
-4633	-331	3513	896	5278	-1058
-869	1129	9897	235	6877	-1396
-3357	543	15393	333	3505	111
-5771	565	13438	-571	-1933	-29
-3988	-1033	7356	-731	-4041	-645
-759	-588	4233	71	-2101	-979
-190	421	4273	619	777	-663
-1022	981	6281	355	1555	-192
-1729	950	6314	-160	49	-369
-1439	647	4234	-249	-946	360
-1020	-236	2592	-329	-432	634
-550	-291	1945	-294	758	311
-1149	-386	2672	-42	1667	183
-1633	-294	3273	55	1310	-95
-1772	-35	3867	77	698	-1
-1560	184	4205	18	110	148
-1369	294	4008	-57	-313	240
-1129	219	3611	-153	-298	210
-1020	166	3693	-203	44	122
-1121	87	4144	-167	145	197
-1137	-111	4313	-123	-91	208
-968	-170	4068	-82	-286	163
-818	-135	3728	-52	-244	87
-903	29	3720	-41	-21	103
-1049	101	3860	-52	77	154
-1202	64	4021	-58	-7	176
-1250	-67	3915	-76	-204	132
-1160	-190	3744	-66	-229	62
-1137	-270	3722	-47	-137	-27
-1168	-300	3719	-18	-68	-121
-1197	-247	3797	18	-41	-177
-1179	-140	3883	30	-54	-176
-1114	-81	3909	53	-63	-170
-1116	-78	4011	81	-82	-202
-1199	-79	4023	80	-152	-246
-1190	-104	3968	62	-163	-300
-1137	-64	3889	72	-143	-346
-1111	-41	3827	78	-110	-321
-1127	-72	3801	81	-62	-303
-1147	19	3855	73	-23	-280
-1180	109	3877	64	-18	-206
-1177	100	3862	55	-11	-145
-1179	40	3899	31	1	-141
-1185	-17	3917	5	0	-133
-1176	-68	3950	5	9	-141
-1201	-16	3946	23	5	-139
-1173	51	3879	27	24	-98
-1127	116	3857	17	56	5
-1128	46	3876	11	86	64
-1156	77	3904	-23	103	79
-1195	26	3880	-35	102	132
-1248	-1	3910	-24	104	158
-1253	-22	3905	-21	79	144
-1236	17	3837	-36	67	143
-1246	-2	3838	-42	97	159
-1256	10	3942	-51	110	171
-1277	-34	3984	-48	52	178
-1273	-22	3979	-44	-12	167
-1104	-4	4012	-21	-227	38
-1092	17	3990	3	-266	63
-1082	49	3950	23	-267	110
-1058	71	3893	31	-251	157
-1018	62	3870	21	-217	183
-1028	60	3875	25	-176	188
-1082	-10	3878	33	-114	182
-1158	-44	3934	37	-68	134
-1198	-77	3958	61	-59	94
-1214	-119	3921	96	-50	24
-1198	-103	3907	119	-22	-21
-1223	-64	3944	114	-11	-77
-1243	29	3961	89	3	-96
-1223	78	4002	67	19	-62
-1248	94	3992	49	11	-27
-1245	51	3908	31	11	-5
-1215	8	3778	21	40	10
-1192	-33	3705	15	117	14
-1244	-57	3730	18	217	4
-1304	-94	3832	26	272	-28
-1359	-91	3959	17	227	-83
-1343	-46	3985	9	138	-110
-1301	-38	3890	16	80	-96
-1240	-65	3808	26	123	-117
-1226	-30	3886	29	145	-121
-1259	-35	3932	32	133	-124
-1282	-22	3905	36	130	-142
-1307	16	3903	25	115	-138
-1309	6	3866	16	112	-112
-1304	-22	3838	0	105	-115
-1260	-28	3815	-8	107	-151
-1241	-45	3766	2	116	-143
-1257	-56	3808	16	144	-127
-1276	-48	3853	22	133	-134
-1296	-25	3894	16	96	-124
-1257	-30	3848	24	79	-112
-1214	-43	3820	43	81	-120
-1174	-49	3764	78	72	-130
-1170	-81	3679	120	72	-132
-1191	-45	3637	154	95	-115
-1236	-32	3596	166	135	-110
-1240	-49	3459	152	137	-135
-1210	-34	3208	96	125	-179
-1143	40	2898	14	153	-166
-1127	167	2612	-87	169	-57
-1052	229	2479	-136	178	67
-1057	149	2505	-133	135	191
-1158	-53	2636	-36	54	287
-1218	-148	3199	87	179	345
-1069	-62	4517	223	348	563
-1200	-167	6926	344	-91	500
-1674	375	8943	146	-748	-104
-2195	339	10361	-111	-830	263
-3316	-607	11214	-184	-518	53
-3517	-810	11226	-63	-378	-702
-3021	-148	8903	-230	-664	-1404
-2390	-174	6157	-391	18	-1789
-2060	192	3905	-457	587	-1491
-1570	518	2015	-468	884	-1135
-850	481	954	-213	854	-1096
-423	497	468	-14	421	-730
-220	412	352	-82	-709	69
-283	300	145	67	-2519	983
-454	23	-206	13	-3587	1875
-600	-147	-345	-165	-3560	2332
-480	-465	-268	-206	-3612	2520
121	-609	-77	35	-4113	1909
988	-490	-264	545	-4491	518
974	24	-587	409	-3745	-299
613	23	-590	-214	-2433	-535
-17	-182	-626	-373	-1159	-478
-711	-220	-1248	-409	1621	-406
-2175	-1206	-1979	665	8707	206
-4099	1001	4944	1243	8941	-1091
977	1728	11429	126	11080	-313
-6220	388	19358	186	3926	-344
-6498	806	13590	-607	-4412	-889
-3648	-561	5939	-373	-5271	-521
-356	-646	2826	-100	-3188	-370
692	-736	2379	419	2195	298
-1898	-366	6199	62	3381	-143
-2040	361	6857	55	827	-933
-1553	408	5106	153	-935	-637
-948	358	2793	114	-1374	-429
-771	350	1553	102	-519	68
-993	-29	1437	94	632	513
-1359	-522	2338	102	1316	499
-1581	-904	3508	179	1131	197
-1625	-559	4255	165	556	-176
-1573	295	4316	142	153	-54
-1430	776	4361	129	170	185
-1454	669	4702	96	53	370
-1310	233	4542	-61	-258	120
-1053	-137	3928	-145	-478	-132
-866	-410	3371	-142	-424	-297
-823	-411	3138	-85	-98	-351
-1058	-213	3368	-39	259	-332
-1320	61	3855	-44	440	-208
-1463	264	4315	-71	271	-26
-1377	414	4347	-104	-79	151
-1225	330	4076	-120	-337	280
-1096	49	3710	-115	-329	256
-1079	-239	3648	-89	-126	140
-1172	-433	3788	-73	24	-87
-1268	-471	3926	-63	21	-296
-1271	-331	3922	-18	-34	-387
-1248	-125	3866	33	-58	-362
-1263	59	3874	55	-56	-276
-1250	122	3855	69	-42	-168
-1229	95	3810	71	-28	-87
-1239	15	3759	40	17	-84
-1251	-76	3803	15	88	-116
-1279	-137	3932	8	106	-178
-1272	-108	3984	16	52	-185
-1251	-17	3902	28	6	-139
-1250	78	3858	31	14	-46
-1225	92	3876	10	10	28
-1249	55	3866	-12	-4	89
-1243	-35	3846	-14	39	102
-1260	-28	3922	-16	63	72
-1267	-55	3954	-21	13	87
-1248	-68	3900	-16	-21	67
-1240	-46	3865	-8	1	76
-1262	-53	3882	0	20	123
-1274	-34	3870	-6	19	127
-1295	-17	3928	0	19	134
-1288	4	3902	-6	-8	127
-1297	21	3897	-18	-15	138
-1291	38	3918	-30	-36	156
-1293	-4	3882	-37	-49	188
-1203	-49	3863	-36	36	47
-1242	-22	3864	-37	41	40
-1235	-26	3891	-33	54	28
-1227	-27	3886	-36	31	19
-1220	-32	3817	-30	33	4
-1207	-25	3840	-23	61	-16
-1239	19	3886	-23	63	-12
-1222	22	3902	-31	33	7
-1208	25	3893	-36	10	7
-1203	24	3950	-28	31	21
-1181	33	4057	-30	17	40
-1170	37	4071	-35	-85	51
-1166	40	3974	-36	-179	23
-1148	34	3825	-32	-156	34
-1126	-8	3789	-20	-53	85
-1171	-44	3867	-10	14	82
-1228	-31	3876	-7	23	55
-1271	-8	3870	-12	29	23
-1317	11	3828	-18	16	5
-1316	44	3767	-33	16	-7
-1290	-41	3738	-33	32	-10
-1235	-51	3754	-10	11	-49
-1262	-107	3734	49	-9	-39
-1296	-73	3749	98	-27	-33
-1297	97	3855	102	-58	-25
-1218	270	3840	63	-101	60
-1120	288	3823	40	-159	119
-1102	169	3746	39	-220	165
-1086	27	3669	45	-187	194
-1078	-88	3657	117	-68	239
-1166	-109	3744	189	36	267
-1260	5	3881	174	39	240
-1374	119	3871	97	30	179
-1316	119	3779	46	85	197
-1211	-14	3890	10	89	157
-1183	-101	3948	-23	11	95
-1218	-136	3889	-16	-48	84
-1316	-129	3844	39	-25	117
-1351	-137	3832	71	146	68
-1413	-80	3766	38	236	-34
-1416	-127	3700	17	259	-51
-1374	-123	3546	-3	220	-122
-1224	-85	3405	15	191	-124
-1145	-62	3295	57	112	-144
-1082	-11	3178	81	9	-212
-1076	61	3145	71	-19	-130
-1225	60	3304	80	-24	-6
-1341	253	3480	102	63	161
-1351	357	4076	129	207	408
-1349	348	5433	160	433	495
-1807	153	8320	269	264	511
-2392	-1148	11489	436	254	352
-3925	-482	13231	47	383	-817
-4357	727	11254	-366	-299	-1250
-3075	746	9286	-551	182	-1423
-2514	61	6437	-631	582	-1539
-2829	-375	3608	-518	1017	-1624
-1774	-306	1742	-295	1158	-1411
-1036	57	1378	-232	1355	-1269
-807	308	1016	-345	-1285	-1097
-669	417	220	-310	-3859	-297
-1330	496	-124	-330	-5076	973
-1289	82	-532	251	-6032	2547
-707	-52	-537	623	-5892	3252
2669	-414	-1652	437	-6188	1712
2538	-730	-1955	178	-3296	-466
1444	-481	-1534	-132	108	-1570
384	-54	-982	-46	685	-1580
-284	343	-638	125	485	-868
-473	429	-387	-9	245	-112
-367	279	-260	-95	329	344
-379	118	-277	81	852	573
-999	29	-738	68	3328	477
-5248	-537	400	883	4040	38
-2083	-571	3375	445	6514	-208
2021	931	9331	212	9675	-1676
-3556	-956	17977	-2	7143	-63
-7465	-578	16850	-481	-1679	-1055
-3428	-594	8039	-71	-5252	-1320
-917	819	2767	180	-3262	-879
-336	639	2773	94	1796	-322
-2026	1184	7424	-23	3063	225
-2704	256	8834	-30	282	645
-2053	-113	6312	3	-1754	614
-1237	-476	3791	-73	-1705	415
-822	-426	2660	-40	-616	91
-934	-265	2805	137	531	61
-1277	-84	3478	188	771	-4
-1453	103	3859	85	444	-1
-1420	102	3840	-1	33	126
-1282	-2	3521	-83	-230	151
-1082	-53	3175	-103	-250	132
-1026	-29	3049	-66	-213	132
-1023	-6	3063	-27	-90	241
-1053	3	3393	26	126	341
-1091	50	3818	23	153	343
-1056	67	3921	-17	24	295
-998	145	3790	-78	-47	230
-1030	66	3691	-115	47	285
-1098	-65	3832	-129	123	312
-1140	-218	4044	-111	81	270
-1160	-225	4104	-86	-104	191
-1148	-181	3962	-28	-266	141
-1073	-81	3826	10	-277	89
-1056	-31	3826	39	-202	45
-1092	-11	3901	53	-156	-23
-1125	-45	3893	58	-170	-56
-1115	-94	3812	53	-168	-99
-1114	-85	3701	47	-115	-121
-1121	-96	3648	42	-12	-141
-1186	-102	3825	54	64	-180
-1250	-41	4017	61	11	-183
-1301	14	4046	65	-117	-173
-1289	39	3945	62	-197	-193
-1198	37	3797	49	-200	-182
-1127	56	3685	32	-108	-142
-1128	19	3724	22	-4	-116
-1188	14	3808	21	66	-105
-1229	34	3922	20	71	-57
-1243	60	4011	23	11	-18
-1239	63	4003	34	-85	16
-1216	50	3903	28	-141	58
-1192	78	3827	8	-96	107
-1174	101	3817	-4	-16	157
-1172	79	3839	-5	38	193
-1146	33	3905	-4	43	189
-1170	30	3933	-7	21	213
-1174	55	3962	-14	1	195
-1211	92	3970	-26	-15	226
-1206	69	3940	-31	-53	235
-1230	-18	3866	-25	51	24
-1227	-18	3893	-22	77	39
-1224	-25	3879	-14	97	53
-1206	-28	3910	-8	113	30
-1227	-23	3888	-16	82	22
-1256	1	3887	-19	85	10
-1275	19	3917	-21	83	7
-1286	5	3940	-26	44	21
-1261	-10	3919	-24	12	50
-1250	-20	3904	-27	13	63
-1223	-24	3889	-26	33	54
-1214	-14	3917	-15	39	49
-1225	-17	3942	-9	11	52
-1251	-3	3895	-19	-1	56
-1259	20	3860	-25	25	78
-1252	26	3858	-32	54	99
-1240	17	3865	-35	68	108
-1239	0	3858	-43	72	103
-1250	-26	3857	-44	77	70
-1269	-22	3842	-49	72	33
-1279	-17	3827	-57	79	35
-1290	-25	3833	-61	68	45
-1287	-74	3806	-41	29	26
-1272	-85	3795	-12	11	-15
-1236	-62	3862	16	24	-18
-1199	-22	3947	43	40	-28
-1199	16	4009	51	-34	-48
-1175	72	3981	53	-141	-43
-1184	51	3860	62	-231	-11
-1149	-1	3738	105	-233	15
-1127	-6	3677	159	-165	35
-1128	-9	3674	179	-79	45
-1187	20	3625	177	-57	4
-1222	78	3406	142	-12	-17
-1237	104	3138	127	109	44
-1158	-15	3019	148	298	104
-1193	-96	2978	141	405	65
-1242	-144	2894	118	471	10
-1238	-45	2759	123	544	-22
-1225	63	2681	198	648	18
-1184	-97	2769	277	730	28
-1222	-140	3037	265	691	-109
-1305	135	3240	254	603	-77
-1224	233	3514	257	456	127
-1225	201	3818	223	319	238
-1240	180	4054	102	340	164
-1199	277	4328	-20	390	124
-1282	342	4649	-51	398	197
-1499	297	5190	-28	313	315
-1902	263	6009	20	184	416
-2188	187	7470	71	145	594
-2970	-24	9454	96	-123	453
-3597	-126	10342	-28	-408	-99
-3634	-24	9723	-191	-805	-460
-3242	-40	8176	-384	-719	-743
-3251	155	7103	-525	52	-971
-3362	52	6667	-452	638	-1129
-2884	326	5472	-244	514	-1019
-2042	157	3694	32	239	-756
-1151	-88	2309	168	44	-793
-224	-88	1474	249	-680	-557
113	60	715	533	-2021	-30
-92	119	189	775	-3683	441
-396	27	-257	593	-4952	744
-1057	138	-438	164	-4946	1131
-1295	-94	-561	-625	-5665	1311
748	-163	-1978	-829	-6613	461
1640	-125	-3083	-160	-4378	-814
1778	452	-2610	123	1058	-931
767	429	-1157	229	3774	-274
-295	15	41	117	3518	237
-877	96	356	449	2032	590
-2242	1	27	219	2241	1025
-4680	-407	158	332	3940	1036
-2246	-1264	3048	75	6644	-683
205	1344	9730	-174	10340	-1910
-6018	757	20220	-32	6205	-327
-7018	140	15465	-658	-3718	-851
-3068	-444	5443	136	-5336	-528
-444	474	2317	400	-2757	-304
-110	574	3198	409	1133	245
-1568	296	5728	-89	1538	196
-2289	152	6228	-78	346	114
-1907	-138	5173	109	-589	35
-1219	-155	3819	147	-585	-282
-1118	0	3432	104	-29	-318
-1397	128	3527	126	121	-45
-1577	6	3604	112	-58	181
-1612	-159	3545	73	-288	80
-1485	-97	3369	32	-424	-136
-1327	58	3200	-22	-388	-221
-1229	98	3175	-25	-274	-125
-1244	111	3291	12	-179	-18
-1266	95	3548	38	-81	60
-1277	49	3703	37	-53	30
-1172	169	3610	0	-44	12
-1098	273	3472	-48	115	79
-1109	271	3646	-103	306	83
-1247	190	3938	-142	327	104
-1349	25	4087	-133	182	115
-1348	-100	4053	-93	-3	49
-1256	-102	3888	-37	-131	7
-1171	-8	3794	6	-117	26
-1174	79	3774	17	-74	1
-1204	170	3841	-11	-86	-23
-1211	168	3896	-45	-109	-3
-1249	72	3956	-61	-146	3
-1241	-15	3921	-59	-195	-22
-1228	-14	3838	-55	-213	-69
-1205	-5	3836	-36	-214	-118
-1235	7	3793	-7	-222	-124
-1241	9	3762	-1	-179	-144
-1266	62	3758	-5	-144	-144
-1281	93	3751	-6	-111	-88
-1285	69	3838	-1	-62	-68
-1281	68	3944	4	-78	-106
-1265	47	3928	12	-141	-100
-1248	47	3905	28	-169	-69
-1212	53	3925	45	-166	-20
-1235	134	3892	25	-172	1
-1209	187	3782	-7	-131	31
-1194	196	3751	-25	-36	103
-1206	99	3829	-35	13	153
-1248	23	3893	-33	9	141
-1282	27	3965	-47	-21	129
-1314	56	4040	-53	-71	129
-1278	86	3962	-68	-153	125
-1218	130	3851	-82	-155	151
-1187	97	3771	-72	-66	165
-1164	84	3829	-72	8	158
-1260	9	3891	-30	62	66
-1271	-3	3912	-25	54	43
-1253	9	3902	-16	37	25
-1263	39	3895	-21	29	28
-1269	43	3857	-21	49	56
-1269	13	3827	-22	71	58
-1247	-22	3795	-17	135	46
-1241	-11	3876	-21	157	33
-1284	-7	3907	-20	135	20
-1289	20	3914	-21	112	-18
-1318	43	3930	-22	72	-13
-1333	14	3916	-23	28	13
-1316	28	3863	-28	3	40
-1294	58	3792	-28	27	65
-1254	50	3779	-26	81	70
-1267	30	3788	-32	133	66
-1282	23	3837	-39	162	81
-1336	25	3888	-32	152	95
-1346	3	3885	-25	120	69
-1353	7	3824	-24	96	50
-1337	5	3829	-15	98	50
-1320	-35	3807	11	104	36
-1332	-36	3761	51	144	17
-1363	-35	3762	91	176	24
-1375	5	3751	120	228	15
-1382	41	3808	142	242	22
-1361	23	3851	162	194	32
-1380	40	3820	190	120	51
-1388	73	3743	225	67	117
-1390	124	3720	225	68	178
-1384	138	3687	175	97	202
-1367	123	3657	110	187	185
-1350	118	3714	71	256	168
-1330	27	3713	60	228	130
-1304	-61	3609	78	162	75
-1262	-162	3390	100	172	-39
-1224	-246	3195	103	271	-188
-1241	-248	3051	116	372	-322
-1192	-216	2948	162	518	-366
-1183	-128	2934	212	642	-390
-1193	-5	3021	258	707	-366
-1179	40	3069	329	623	-269
-1125	167	3090	307	471	-187
-999	369	3045	168	184	-47
-932	435	2953	32	-161	176
-802	161	2722	-37	-330	261
-886	37	2713	-115	-200	178
-1207	-30	3007	-50	56	359
-1487	-101	3629	53	532	455
-1938	-165	4650	113	1085	291
-2512	23	6124	162	1318	157
-3243	36	7629	138	1047	207
-3788	34	9341	114	508	97
-4170	19	10951	193	-16	-341
-4244	246	11369	149	-131	-655
-4471	984	12053	-207	-407	-793
-4405	998	11518	-386	-985	-888
-3941	231	9253	-388	-1188	-800
-3606	-4	5769	-469	-386	-1731
-2722	-90	3319	-481	889	-1953
-1412	122	2411	-421	950	-1572
-427	520	2486	-363	71	-446
-1453	304	2200	83	-2694	856
-1967	188	369	232	-6332	1761
-3271	860	-332	-383	-7102	2486
-3482	137	-684	-244	-9514	3005
108	-521	-3394	-1041	-10572	1014
2563	-591	-6895	-257	-7869	-927
3411	484	-6847	399	2318	-613
937	-546	-1960	164	7244	237
-294	-465	866	480	6171	-178
-787	-113	1803	346	4403	-198
-870	0	1638	-165	2069	-54
-679	92	1332	-135	837	0
-559	223	1326	67	-145	-125
-285	117	866	-115	-1745	-179
-112	-3	-81	-200	-2423	-20
-937	-91	-655	-46	-2023	510
-1707	54	-1082	-257	-471	1084
-5167	-807	-1211	-68	2513	2148
-402	-828	2886	819	7350	-383
-623	-429	13289	865	10210	-737
-5893	-1016	19004	-104	2959	-1905
-4744	475	14751	-247	-1197	-1688
-2616	868	6713	58	-4067	-1494
-577	1543	3734	410	131	-299
-1827	-373	7233	492	1538	763
-2710	-1119	8163	215	371	-215
-2576	-115	7549	194	-1354	-998
-1455	567	5189	189	-1933	-803
-778	612	4025	272	-855	-183
-1092	111	4075	282	-14	54
-1559	-28	4172	32	273	-33
-1820	-54	4304	-170	275	-184
-1639	-90	4281	-128	227	-261
-1476	78	4289	-59	-39	-211
-1311	178	3800	-37	-371	-30
-1183	116	3310	-22	-395	109
-1100	132	3137	-46	-231	86
-958	127	3045	-46	-133	73
-895	128	3072	-139	-48	-62
-915	181	3088	-156	-24	-13
-973	162	3161	-94	37	139
-1031	101	3203	-37	52	249
-1132	65	3284	-8	105	298
-1184	60	3453	6	83	358
-1211	8	3696	13	18	399
-1124	25	3951	-12	-57	385
-1093	35	4217	-39	-206	350
-1030	-35	4220	-31	-438	298
-961	-104	3965	8	-555	238
-880	-90	3637	28	-464	180
-842	-96	3567	43	-245	160
-889	-152	3735	69	-62	122
-974	-129	3870	65	-42	26
-1039	-96	3912	75	-89	-14
-1068	-43	3915	75	-125	-42
-1064	1	3878	70	-153	-58
-1067	28	3880	62	-154	-67
-1041	0	3944	49	-140	-93
-1013	-28	3943	48	-143	-134
-1023	-22	3936	62	-107	-173
-1063	-2	3837	61	-81	-191
-1049	17	3756	41	-38	-226
-1015	-39	3777	38	22	-261
-1046	-57	3855	45	80	-291
-1120	-8	3956	66	96	-322
-1159	42	4014	94	53	-305
-1174	87	3986	104	-17	-275
-1169	139	3869	97	-28	-215
-1158	50	3959	36	6	29
-1171	66	3955	27	-16	36
-1155	104	3914	16	-23	45
-1172	116	3904	5	-24	76
-1165	113	3912	-8	-22	117
-1144	84	3891	-15	11	128
-1131	52	3924	-27	23	123
-1147	25	3947	-22	9	112
-1160	60	3926	-19	12	98
-1155	69	3925	-13	19	101
-1130	55	3889	-13	36	101
-1122	52	3890	-12	71	89
-1114	45	3918	-11	92	85
-1135	44	3966	-8	99	76
-1156	44	3987	3	59	72
-1167	58	3954	10	22	62
-1162	60	3911	14	12	68
-1136	54	3881	5	20	61
-1132	57	3854	3	48	64
-1151	46	3837	-3	71	67
-1152	39	3865	11	87	58
-1154	12	3882	32	76	29
-1183	-2	3933	52	25	0
-1165	35	3908	71	-24	0
-1152	92	3859	72	-25	13
-1124	98	3840	67	30	40
-1091	126	3921	60	42	73
-1115	94	3955	49	-33	108
-1131	50	3899	48	-114	90
-1130	20	3764	68	-142	86
-1087	43	3724	95	-90	98
-1063	67	3761	106	-36	134
-1089	72	3787	85	-34	150
-1073	100	3812	44	-62	156
-1037	98	3878	19	-131	186
-1037	2	3776	5	-190	162
-1000	37	3632	-26	-167	138
-980	60	3551	-33	-113	163
-1000	-27	3492	-55	-82	134
-1032	-53	3435	-66	-53	92
-1032	-57	3455	-54	31	60
-1045	-10	3634	-12	34	85
-1066	27	3791	26	-67	103
-1155	101	3779	3	-177	83
-1139	240	3783	-48	-165	138
-1058	236	3948	-79	-211	213
-1038	214	4189	-74	-289	243
-1071	185	4428	-90	-207	283
-1090	139	4972	-126	42	263
-1308	144	5722	-118	103	223
-1493	119	6508	-27	62	246
-1648	28	7750	101	94	193
-2110	147	9619	173	89	-83
-2621	412	10947	115	-300	-288
-2525	115	9595	-75	-1183	-591
-1998	-296	6341	-249	-1307	-898
-1880	-191	3722	-319	-338	-1156
-1893	-12	1914	-278	846	-1929
-1816	158	1460	96	1620	-1765
-776	429	1093	190	1781	-929
-607	620	1424	110	861	12
-505	452	792	188	-1642	1079
-388	141	189	123	-3236	1690
-280	-121	1	-72	-4517	1688
6	-124	-185	-453	-5551	1241
1636	-93	-1268	-441	-5436	599
1468	-164	-1626	15	-2726	250
535	-198	-1320	221	155	91
-45	-49	-824	308	1162	-24
-444	37	-708	60	1460	7
-951	391	-767	-422	3569	336
-3939	-328	841	212	3942	554
-1715	-891	4643	202	5010	-1362
-268	503	12179	195	7421	-506
-3563	396	16618	-66	2722	-356
-5065	636	11276	-1073	-3874	-1094
-2737	-519	6437	-71	-3672	-124
-287	-216	4141	475	-138	-738
295	727	5216	569	1316	22
-1141	119	6068	8	291	-6
-2012	137	5213	-108	-631	45
-1229	-153	3318	-90	-576	296
-599	-238	2445	-76	499	-57
-745	-58	2417	17	1170	-284
-1438	-120	2837	183	1207	-139
-1817	-289	3564	252	824	-133
-1518	-287	3966	207	323	-390
-1167	-221	3909	143	23	-465
-1060	24	3727	104	51	-485
-1004	325	4005	142	302	-334
-1135	520	4649	153	234	-113
-1201	504	4721	101	-254	118
-1032	374	4004	-36	-620	166
-833	191	3296	-117	-459	199
-776	-57	3078	-132	28	165
-947	-223	3363	-113	433	46
-1259	-244	3857	-65	526	-55
-1419	-176	4282	-20	301	-116
-1370	-35	4314	-1	-75	-168
-1170	37	3958	11	-297	-171
-1006	19	3680	31	-215	-180
-995	-1	3712	40	-4	-226
-1071	16	3946	37	99	-274
-1130	16	4050	37	18	-276
-1128	28	3924	36	-35	-255
-1151	48	3872	31	31	-233
-1185	85	3931	34	71	-224
-1203	126	3926	51	44	-185
-1194	83	3878	61	12	-158
-1195	19	3846	54	13	-202
-1180	-13	3795	44	45	-215
-1161	0	3797	27	116	-192
-1207	14	3892	16	137	-157
-1255	28	4001	23	102	-162
-1242	34	4049	36	34	-142
-1180	34	3976	48	-36	-151
-1157	59	3831	49	-46	-129
-1142	69	3738	45	61	-106
-1177	128	3804	20	146	-83
-1216	126	3846	-7	179	-20
-1264	125	3944	-32	172	39
-1292	105	4029	-50	83	97
-1283	46	4006	-55	-31	139
-1226	-5	3898	-42	-65	136
-1183	-9	3824	-27	8	102
-1195	-4	3813	-30	75	80
-1226	14	3869	-29	106	97
-1254	73	3928	-34	85	124
-1265	89	3939	-35	30	163
-1268	92	3911	-40	15	211
-1378	0	3962	-18	20	66
-1371	53	4008	-35	-38	59
-1351	105	3974	-47	-111	96
-1310	62	3861	-41	-152	149
-1283	-17	3753	-33	-109	164
-1289	-54	3726	-22	-19	153
-1310	-55	3796	-25	71	135
-1366	-8	3895	-40	99	108
-1402	17	3935	-58	54	102
-1398	-7	3889	-66	-18	109
-1380	-40	3812	-65	-22	109
-1362	-110	3753	-47	53	80
-1354	-102	3818	-33	91	34
-1387	-95	3887	-16	50	38
-1420	-70	3850	-12	0	1
-1422	-42	3801	-5	6	-20
-1418	-18	3800	-8	23	-19
-1393	-3	3860	-12	25	-1
-1386	-3	3861	-4	-9	11
-1362	-15	3848	5	-28	12
-1344	-38	3851	17	-44	6
-1353	-30	3865	22	-64	19
-1360	8	3860	27	-71	43
-1373	16	3849	34	-70	73
-1359	1	3818	43	-73	80
-1330	-17	3797	55	-85	68
-1335	-23	3768	70	-94	66
-1327	-36	3761	107	-98	84
-1322	-9	3803	114	-105	102
-1338	65	3842	91	-109	142
-1332	116	3849	59	-122	172
-1292	69	3904	53	-139	194
-1291	-15	3901	60	-202	189
-1280	-66	3870	64	-223	168
-1291	-61	3813	63	-184	144
-1281	-3	3834	62	-148	137
-1307	5	3782	59	-159	129
-1301	-24	3735	66	-170	122
-1308	-110	3594	86	-136	90
-1284	-147	3463	106	-59	27
-1262	-164	3368	116	-8	-19
-1263	-94	3283	102	28	-41
-1277	-8	3184	106	52	-6
-1162	54	3136	108	148	52
-1053	107	3281	46	158	138
-1090	132	3509	-91	69	157
-1125	168	3691	-97	-42	265
-1195	51	4001	-14	-106	362
-1331	-12	4548	60	-336	386
-1397	-140	5402	134	-453	411
-1757	-112	6786	221	-310	246
-2622	260	8637	151	360	111
-3742	924	11008	-312	870	-119
-4045	554	11235	-608	-274	-212
-2959	-225	7934	-367	-1071	-27
-1881	-457	5020	14	-472	24
-1229	-215	3246	292	144	-13
-1014	-262	1993	262	607	-240
-855	-4	1206	218	887	-544
-589	404	982	26	722	-877
-403	367	697	124	-1088	-778
-171	323	140	531	-3110	-321
-210	5	-92	477	-4062	166
-204	-77	-235	532	-4764	531
278	-97	-397	-142	-5347	765
1511	-158	-1280	-707	-4578	691
910	-204	-1292	-173	-1819	17
67	227	-970	564	289	-531
-388	467	-954	560	1326	-645
-1613	1133	-1163	-20	3511	-124
-4424	-1117	159	-1071	7368	1387
-999	-1141	4128	152	7504	-1220
-1187	824	13986	106	9602	208
-5667	279	18045	-699	1826	-415
-5817	-294	11009	-1101	-4789	-657
-2239	-728	4810	-133	-4092	-776
-614	-2	2507	528	-1499	-270
-74	353	3086	724	2559	-110
-1521	979	5921	82	2610	-12
-1840	961	5713	-229	603	263
-1735	583	4211	-292	-753	737
-1252	-128	2385	-195	-917	961
-1065	-666	1553	-119	16	586
-1217	-675	1861	11	1009	184
-1546	-606	2867	162	1292	9
-1751	-484	3897	238	1024	-214
-1731	-146	4612	199	485	-448
-1643	214	4646	131	-16	-501
-1539	458	4409	141	-231	-370
-1446	487	4116	153	-376	-156
-1227	218	3793	120	-379	-95
-1120	16	3663	54	-218	-250
-1140	-35	3631	25	-66	-312
-1225	9	3691	25	53	-320
-1364	121	3859	32	61	-277
-1464	186	3917	14	-73	-178
-1449	228	3893	9	-169	-53
-1420	211	3885	8	-203	37
-1368	179	3839	3	-208	66
-1395	124	3852	-12	-191	33
-1408	40	3884	-27	-186	-23
-1363	-73	3931	-32	-219	-121
-1318	-144	3889	-28	-292	-223
-1275	-111	3833	-16	-315	-269
-1275	-6	3831	7	-269	-241
-1295	69	3843	7	-239	-199
-1325	142	3783	-1	-233	-183
-1319	143	3745	-12	-176	-145
-1348	97	3755	-11	-119	-135
-1340	15	3729	-8	-99	-131
-1331	-47	3755	-18	-62	-181
-1346	-48	3782	-24	-72	-215
-1349	1	3764	-11	-62	-209
-1356	13	3815	11	-15	-194
-1376	24	3919	31	-5	-188
-1350	45	3979	41	-50	-172
-1331	43	3984	59	-100	-190
-1313	114	3913	66	-121	-185
-1268	180	3833	59	-122	-108
-1255	226	3817	44	-96	-10
-1240	188	3857	27	-81	52
-1237	129	3839	15	-65	60
-1255	98	3846	21	-47	71
-1274	62	3877	20	-28	83
-1320	55	3966	2	-33	65
-1344	93	3922	-16	-84	67
-1271	98	3833	-11	-87	113
-1214	78	3771	0	-32	143
-1233	35	3815	10	55	128
-1290	22	3864	16	91	114
-1347	78	3909	-35	20	-36
-1330	70	3893	-27	21	-29
-1339	78	3870	-15	17	-27
-1341	80	3856	-3	27	-35
-1324	107	3832	-9	36	-39
-1325	119	3830	-18	39	-23
-1333	97	3825	-30	47	-18
-1366	93	3854	-30	49	-26
-1378	77	3839	-35	51	-27
-1369	50	3846	-39	51	-34
-1367	14	3861	-37	50	-60
-1377	3	3890	-32	31	-86
-1387	14	3870	-21	14	-88
-1352	39	3857	-3	24	-82
-1318	-2	3777	5	63	-106
-1332	44	3848	0	92	-126
-1360	28	3854	-1	61	-95
-1403	23	3819	-4	61	-111
-1411	13	3815	-4	71	-110
-1425	-23	3836	-16	68	-120
-1430	-47	3865	-31	55	-146
-1426	-62	3839	-36	39	-172
-1392	-85	3846	-24	48	-199
-1392	-64	3880	0	47	-221
-1414	-28	3853	14	36	-207
-1427	-4	3822	13	45	-184
-1421	8	3785	5	80	-177
-1409	-4	3766	-1	105	-166
-1405	-25	3768	-13	98	-158
-1428	-31	3779	-20	90	-163
-1455	-12	3794	-14	84	-152
-1461	-16	3817	-9	85	-142
-1457	-47	3837	-5	81	-146
-1430	-72	3839	3	42	-153
-1407	-95	3811	18	-11	-162
-1389	-82	3797	37	-45	-173
-1361	-35	3800	78	-63	-157
-1335	-6	3829	122	-109	-119
-1322	-1	3797	159	-176	-84
-1312	3	3719	184	-230	-45
-1285	12	3617	211	-276	-15
-1260	15	3495	241	-295	39
-1222	25	3355	273	-295	92
-1218	83	3170	277	-344	154
-1233	188	2852	233	-410	282
-1252	178	2426	107	-375	422
-1136	210	2141	-80	-179	446
-1012	84	2409	-231	-15	472
-1094	-308	3123	-174	131	469
-1213	-327	4636	84	283	532
-1364	-596	7687	474	-275	499
-2060	340	9270	442	-1256	-231
-2467	1019	9291	12	-285	-158
-3025	248	8643	-600	69	144
-3179	-593	7995	-553	475	-211
-3099	-345	7248	-205	589	-451
-2713	84	5817	55	545	-470
-1747	91	4446	183	317	-596
-923	-211	3339	92	-161	-681
-375	-260	2190	-156	-1125	-729
-63	85	697	-223	-2175	-653
-333	201	7	128	-3009	-548
-357	339	-145	352	-3804	-311
-350	243	-277	546	-4590	212
-404	156	-369	802	-5540	571
-280	158	-501	806	-6342	695
816	10	-1181	759	-6357	851
889	-354	-1678	176	-4818	583
387	-386	-2129	-166	-734	-218
-696	-260	-2743	356	5095	-571
-996	-576	-2729	1037	12992	-468
-2984	235	5426	1158	13161	-2187
-2493	2667	11944	-327	12998	-1463
-8967	880	23328	-205	5141	-264
-5315	632	12185	-579	-5362	-725
-1804	-416	4073	77	-5227	-155
105	150	2459	139	-2900	-267
322	215	2058	458	759	-263
-2035	1358	3698	335	2905	-203
-2071	331	4815	-98	1410	304
-1910	-293	4334	-105	319	282
-1487	-300	3323	18	-341	29
-1161	-260	2526	158	-254	-117
-1367	-200	2581	295	176	-220
-1602	-121	2904	278	190	-411
-1666	-59	3174	160	101	-593
-1520	7	3483	64	79	-716
-1459	121	3901	56	49	-683
-1495	210	4160	128	-110	-508
-1534	316	4161	209	-278	-308
-1455	370	3968	247	-320	-162
-1350	497	3782	222	-130	-73
-1327	492	3761	148	79	61
-1298	377	3808	40	150	64
-1315	223	3876	-19	62	16
-1326	113	3885	-5	-94	42
-1332	96	3845	24	-175	50
-1336	149	3774	40	-183	72
-1353	179	3754	21	-135	91
-1380	178	3778	-13	-112	119
-1421	108	3798	-43	-77	108
-1408	114	3871	-57	-70	34
-1408	139	3843	-60	-83	-23
-1423	137	3831	-49	-81	-84
-1450	104	3861	-31	-87	-128
-1427	129	3836	-35	-97	-160
-1375	141	3796	-38	-78	-157
-1340	165	3767	-51	-44	-163
-1334	235	3758	-78	23	-147
-1373	285	3780	-90	84	-86
-1375	275	3781	-77	146	-5
-1404	275	3873	-85	125	45
-1406	244	3844	-104	65	88
-1371	230	3855	-119	25	82
-1356	205	3825	-137	10	106
-1364	178	3759	-160	10	133
-1402	153	3757	-163	46	163
-1436	126	3786	-134	59	166
-1412	96	3791	-92	67	137
-1405	36	3827	-59	50	83
-1445	70	3820	-52	45	47
-1483	80	3817	-32	50	37
-1498	116	3842	-19	28	4
-1468	243	3836	-39	-13	6
-1392	372	3887	-71	-61	80
-1321	443	3916	-105	-131	177
-1283	403	3930	-135	-188	258
-1265	310	3908	-136	-173	324
-1276	208	3904	-111	-136	352
-1294	122	3900	-74	-92	341
-1343	131	3865	-9	32	-135
-1323	131	3853	-3	34	-158
-1318	98	3867	8	37	-172
-1321	115	3904	19	28	-179
-1333	147	3920	17	-2	-171
-1317	148	3878	18	-4	-180
-1308	141	3807	24	27	-173
-1290	113	3786	31	78	-165
-1327	82	3810	39	112	-144
-1384	109	3843	44	116	-135
-1402	121	3846	43	98	-158
-1391	133	3796	33	109	-203
-1390	151	3818	19	115	-213
-1404	156	3826	15	100	-181
-1417	142	3818	12	94	-174
-1425	148	3851	25	78	-159
-1431	104	3867	33	46	-156
-1407	72	3849	48	11	-155
-1382	74	3842	63	-9	-165
-1350	100	3848	71	-29	-181
-1349	152	3867	74	-47	-186
-1343	173	3891	88	-73	-172
-1332	220	3885	100	-109	-134
-1321	208	3837	124	-155	-84
-1310	149	3811	137	-143	-60
-1284	143	3806	133	-96	-49
-1299	168	3826	142	-77	-13
-1305	191	3808	152	-77	11
-1309	185	3840	152	-89	26
-1299	146	3829	145	-109	34
-1300	130	3822	142	-98	29
-1334	97	3824	136	-81	22
-1334	117	3848	123	-53	-4
-1325	174	3884	105	-64	3
-1325	168	3872	91	-95	30
-1339	134	3796	79	-106	16
-1349	98	3721	63	-82	-1
-1310	41	3684	53	-46	-26
-1310	-44	3639	67	-16	-70
-1306	-79	3591	85	7	-123
-1315	-24	3536	83	39	-132
-1265	46	3477	75	103	-115
-1250	105	3428	30	87	-115
-1249	58	3278	-45	59	-116
-1268	63	3058	-165	117	-136
-1139	163	2880	-235	239	-56
-1022	28	3049	-219	295	22
-1213	-88	3527	-120	120	-10
-1532	62	4162	117	22	148
-1774	205	5548	298	-66	533
-2150	343	7422	269	-455	378
-2331	1306	9219	-23	-43	282
-3142	1450	10562	-595	271	108
-4078	324	9336	-984	-497	-166
-3258	-233	7053	-634	-216	-3
-2301	-188	5221	-48	449	325
-1565	-204	3871	356	596	218
-1250	-330	2763	373	128	-324
-759	-153	1577	190	-762	-783
-246	325	460	-23	-1918	-852
-203	633	43	352	-2838	-343
-325	583	-161	144	-3731	443
-297	-1	-215	-25	-4502	913
-48	-110	-229	50	-5541	1122
1392	-262	-966	-202	-6040	1000
1625	-693	-1446	-227	-4044	549
821	-368	-1268	350	-1326	-409
38	83	-1199	934	687	-770
-515	620	-1529	881	3183	-451
-1246	429	-848	-673	7771	24
-1715	-389	3366	456	8457	-2084
-2487	1840	11137	-452	10775	-2334
-8517	1842	20464	153	5012	-293
-5934	698	12530	-486	-4306	-46
-1954	-526	4939	-26	-4943	-18
410	-162	2720	118	-2011	36
38	103	3167	606	1980	-114
-2054	741	5572	118	1928	-517
-1875	515	5054	151	277	-410
-1312	107	3325	232	-549	-153
-846	-35	1988	179	-398	-160
-743	-74	1621	163	269	-192
-1018	-67	2044	59	640	-297
-1379	24	2605	-5	617	-279
-1564	-59	3116	-48	559	-281
-1782	-31	3873	-32	651	-503
-1723	578	4818	205	858	-152
-1751	777	5532	454	674	478
-1923	705	5264	299	-135	415
-1511	404	4076	-30	-636	21
-975	82	3305	-229	-497	-322
-737	-110	2994	-247	-176	-445
-822	-281	3002	-110	207	-474
-1173	-93	3408	54	470	-406
-1500	262	3865	118	466	-174
-1633	543	4136	72	304	97
-1572	686	4195	-30	139	200
-1566	559	4207	-100	-1	254
-1543	196	4138	-127	-132	131
-1404	-32	3878	-98	-217	-69
-1276	-115	3577	-24	-163	-182
-1186	-56	3513	43	-6	-277
-1296	187	3703	79	114	-216
-1403	414	3962	56	99	-121
-1482	524	4034	24	-27	47
-1443	504	3939	2	-164	188
-1354	317	3792	2	-169	237
-1334	192	3763	-5	-88	174
-1345	122	3771	-9	-40	73
-1369	178	3766	-5	-2	4
-1423	304	3855	-10	-3	32
-1458	348	3842	-28	-61	112
-1444	310	3798	-36	-72	176
-1439	246	3826	-40	-63	198
-1398	153	3812	-39	-69	194
-1388	159	3771	-40	-64	142
-1395	211	3752	-29	-6	119
-1428	272	3860	-30	28	101
-1432	307	3872	-42	-3	116
-1435	296	3850	-50	-31	146
-1452	281	3779	-40	-38	182
-1457	235	3747	-35	0	191
-1416	186	3733	-36	37	171
-1415	162	3787	-34	61	136
-1451	157	3878	-24	50	98
-1484	166	3869	-24	4	75
-1467	186	3809	-22	-17	43
-1441	206	3811	-16	2	43
-1439	189	3767	-7	14	55
-1426	173	3764	-4	21	50
-1470	213	3914	-4	-88	-49
-1445	260	3879	-5	-122	-45
-1405	268	3871	9	-74	-5
-1357	274	3925	21	-36	20
-1356	278	3933	21	-56	22
-1359	277	3880	8	-71	6
-1358	277	3789	0	-41	-2
-1372	260	3738	13	19	0
-1406	222	3762	27	72	-12
-1411	238	3781	22	91	-13
-1458	245	3834	19	77	-2
-1450	270	3817	10	45	16
-1435	263	3828	-4	25	8
-1404	237	3786	-11	16	3
-1392	204	3771	3	2	-11
-1376	205	3774	15	8	-22
-1374	234	3736	19	21	-33
-1351	242	3732	23	55	-31
-1346	253	3768	32	103	-23
-1370	263	3843	37	110	-4
-1401	292	3912	45	43	23
-1415	328	3965	39	-22	85
-1415	340	3960	10	-37	104
-1403	302	3952	-25	4	96
-1336	224	3969	-33	48	59
-1331	198	4053	-15	6	18
-1374	173	3935	-4	-85	5
-1383	225	3752	-4	-73	-45
-1376	270	3710	-7	13	-34
-1391	245	3737	-10	71	-14
-1415	212	3800	-12	77	-17
-1433	216	3788	-13	46	-30
-1451	216	3764	-5	18	-49
-1437	223	3732	10	10	-75
-1447	217	3725	22	14	-82
-1445	205	3724	33	11	-93
-1448	195	3726	45	3	-103
-1426	202	3702	54	5	-112
-1386	224	3664	75	5	-102
-1330	236	3602	111	16	-77
-1301	242	3503	144	-7	-37
-1336	176	3311	150	-6	5
-1412	63	3049	81	83	-51
-1473	-9	2674	-23	243	-157
-1478	-37	2296	-68	418	-252
-1307	-3	2177	-54	676	-290
-1300	58	2371	68	735	-222
-1275	-17	2708	252	598	-88
-1395	-61	3311	368	393	-90
-1364	251	4512	268	217	104
-1577	212	6535	177	-364	595
-1726	618	8541	116	-982	423
-2422	946	10075	52	-292	841
-4066	591	11298	-336	164	598
-4350	64	10795	-678	-423	525
-3293	-635	8457	-976	-490	-345
-2814	-509	5936	-1187	201	-1353
-2028	24	4044	-1131	679	-1779
-1342	268	2659	-748	814	-1885
-638	382	1639	-362	465	-1575
-369	500	831	-262	-1074	-834
-397	398	120	-61	-2710	72
-594	461	-249	350	-3384	1069
-1030	418	-294	344	-3958	2234
-697	-2	-476	406	-4602	2894
-422	-109	-394	336	-4621	2535
584	-333	-465	-146	-4873	1518
1414	-935	-960	-986	-4611	0
864	-1168	-1028	-846	-2656	-1129
153	-671	-826	-431	-1121	-1738
-417	-120	-1046	75	153	-1256
-976	403	-2139	152	4669	-42
-4208	-1472	-150	-655	12410	-317
-292	1395	7486	-87	9356	-3679
-4860	-150	17869	211	9937	219
-10256	-353	21985	-68	-174	-856
-5941	23	9719	309	-6452	-562
124	973	3081	613	-4093	-941
2138	687	2485	1035	-661	-1192
-1078	1608	4176	751	1194	-803
-1282	1458	4014	159	-189	165
-1032	760	2346	-95	-689	1254
-1005	-1	1187	-53	295	1445
-1326	-501	1417	15	1727	827
-1774	-513	2877	74	2032	94
-1915	-90	4221	127	1353	-30
-2352	159	5093	157	167	360
-1987	319	4358	45	-552	316
-1279	463	3900	-111	-150	130
-1155	551	4272	-122	109	101
-1195	489	4606	-38	-273	290
-1112	273	4190	-27	-909	434
-863	96	3398	-58	-1002	434
-732	-14	2990	-87	-474	355
-908	53	3218	-76	235	238
-1311	55	3854	16	584	248
-1563	95	4464	110	421	232
-1566	206	4567	148	-116	230
-1293	219	4056	106	-535	145
-1052	235	3551	47	-500	101
-983	217	3503	18	-192	135
-1116	168	3729	10	-6	167
-1252	92	3879	11	10	166
-1277	58	3956	30	2	145
-1236	38	3978	53	-4	93
-1197	87	4023	75	-54	-1
-1160	162	3960	73	-108	-81
-1139	256	3879	58	-119	-85
-1143	291	3808	48	-106	-13
-1162	296	3769	30	-45	52
-1211	293	3825	34	25	140
-1275	292	3991	19	24	192
-1239	222	4032	1	-59	209
-1191	140	3956	-11	-101	163
-1183	25	3916	-8	-102	103
-1147	-46	3868	8	-79	8
-1133	43	3849	24	-40	-63
-1165	175	3843	16	17	-62
-1206	250	3874	6	75	-9
-1258	263	3868	3	72	59
-1253	214	3929	6	48	73
-1255	144	3943	-5	12	58
-1244	133	3923	-8	-27	6
-1250	161	3868	-7	-39	-5
-1246	194	3850	-4	-21	16
-1197	180	3907	8	14	47
-1204	167	3937	7	-13	34
-1192	168	3881	5	-34	15
-1200	184	3893	1	-9	-27
-1196	183	3900	1	-15	-38
-1269	195	3923	-1	12	39
-1276	206	3866	10	-14	44
-1291	250	3801	12	18	43
-1326	242	3841	6	48	52
-1333	233	3876	-4	51	74
-1337	229	3848	-11	58	76
-1317	211	3815	-8	67	52
-1316	196	3817	-5	72	31
-1322	211	3818	-7	81	27
-1344	244	3856	-17	95	41
-1335	232	3851	-25	105	52
-1353	244	3861	-25	122	60
-1340	241	3887	-21	106	63
-1332	243	3845	-19	89	78
-1343	237	3841	-24	86	81
-1340	226	3848	-26	87	67
-1353	223	3849	-25	90	51
-1369	236	3848	-22	80	61
-1363	253	3836	-21	71	86
-1371	246	3806	-19	55	103
-1356	247	3820	-19	50	102
-1331	223	3845	-15	30	98
-1341	210	3859	-9	13	87
-1334	221	3920	2	-16	90
-1316	243	3891	8	-34	91
-1291	292	3912	7	-44	99
-1267	275	3902	3	-56	112
-1281	257	3909	3	-80	132
-1268	238	3890	-2	-93	135
-1297	213	3832	-8	-105	128
-1278	172	3770	5	-50	109
-1283	155	3790	18	-12	61
-1293	132	3844	33	-18	24
-1327	121	3788	54	-65	-41
-1341	159	3709	75	-85	-66
-1316	191	3622	85	-65	-60
-1295	231	3558	81	-21	-26
-1282	300	3606	79	8	35
-1284	318	3643	82	38	89
-1308	299	3628	81	23	120
-1293	315	3504	48	-41	139
-1243	361	3231	7	-86	178
-1171	353	2865	-30	0	262
-1084	370	2545	-103	88	319
-965	263	2316	-171	191	285
-852	107	2311	-208	390	176
-936	57	2670	-160	486	174
-1131	185	3171	-59	413	235
-1380	507	3939	-11	324	358
-1667	823	5028	-116	55	434
-1771	1069	6242	-337	-453	339
-1680	963	7135	-365	-964	462
-1593	399	8461	-112	-982	539
-2108	-212	10302	191	-591	37
-2864	-19	11308	363	-105	-491
-3351	774	11036	252	-228	-508
-3007	776	8775	52	-362	-851
-2644	553	5804	-48	-7	-1294
-2377	306	2953	50	977	-1594
-1824	138	1167	95	1924	-1691
-1335	42	548	3	2752	-1368
-826	159	656	4	2755	-924
-662	228	1013	-116	740	-180
-346	23	677	-363	-3502	660
-191	-83	-149	-370	-5491	1269
-48	-238	-563	-33	-4115	1838
123	-296	-111	31	-3041	1237
1416	-326	-398	-81	-3582	-434
1381	130	-694	133	-2442	-1161
948	420	-738	108	-1298	-1239
189	419	-599	121	-407	-881
-367	331	-359	226	112	-335
-559	340	-279	190	491	246
-312	-308	338	-5	2529	1019
-5648	50	1680	588	1709	783
-1741	588	5635	637	3453	-1151
354	1096	12428	348	6054	623
-4824	1618	15473	-727	1545	-137
-5976	-716	11727	-950	-2987	600
-1595	-1562	6343	-381	-4021	-1134
146	-725	3638	175	-1495	-1999
-659	538	4897	431	1525	-1785
-1506	1513	6724	309	1464	-1000
-1596	1590	5947	-63	-43	-202
-1073	784	3883	-250	-605	778
-872	-76	2674	-156	195	927
-1062	-630	2646	104	967	513
-1213	-805	2778	307	993	-23
-1450	-503	3091	357	835	-377
-1470	-42	3226	307	454	-363
-1336	127	3377	184	219	-357
-1176	106	3551	24	152	-377
-1177	325	3867	-94	151	-298
-1190	707	4100	-112	62	96
-1130	755	4176	-26	-64	578
-1018	472	4027	-19	-115	714
-972	84	3804	-122	-102	529
-907	-148	3738	-205	-18	322
-940	-320	3832	-223	75	142
-1062	-222	3960	-194	88	-47
-1196	15	4025	-144	8	-103
-1219	283	3971	-108	-80	-47
-1201	463	3875	-48	-105	187
-1176	451	3781	-19	-129	330
-1150	266	3747	-65	-66	336
-1087	22	3780	-104	31	190
-1100	-102	3956	-88	78	59
-1151	-130	4102	-43	-12	-63
-1161	-4	4044	-3	-107	-129
-1159	179	3941	30	-133	-119
-1126	300	3849	58	-114	-43
-1123	333	3847	58	-52	-12
-1151	268	3840	21	-11	-22
-1179	163	3805	-2	26	-38
-1217	111	3863	-3	60	-78
-1262	167	3934	16	15	-75
-1275	218	3910	46	-37	-37
-1236	204	3867	45	-57	-34
-1176	221	3851	26	-8	-32
-1175	216	3891	4	38	-6
-1172	181	3913	17	56	-8
-1188	206	3905	12	64	-59
-1211	244	3899	-8	68	-91
-1227	300	3910	0	67	-29
-1233	335	3842	-14	56	17
-1193	317	3768	-12	110	72
-1226	242	3869	-31	155	85
-1261	193	3941	-46	162	68
-1275	212	3965	-43	142	49
-1287	221	3921	-28	105	69
-1342	152	3809	-17	-31	13
-1338	157	3839	-16	-9	7
-1345	162	3856	-16	-8	3
-1358	142	3898	-14	-29	1
-1355	155	3884	-22	-59	-4
-1345	184	3862	-27	-67	7
-1324	147	3788	-24	-35	34
-1301	123	3816	-15	23	5
-1291	115	3894	-9	18	-5
-1341	121	3902	-6	-21	-35
-1352	150	3858	2	-33	-33
-1353	177	3856	-2	-37	-22
-1336	162	3872	-2	-37	-4
-1318	182	3870	-5	-40	23
-1286	191	3861	-13	-47	43
-1307	169	3841	-20	-32	39
-1324	154	3875	-25	-39	28
-1324	133	3887	-21	-68	25
-1307	126	3834	-16	-71	29
-1293	145	3796	-18	-46	23
-1284	151	3810	-23	-6	11
-1278	176	3880	-24	8	4
-1301	171	3896	-34	-5	0
-1286	167	3896	-41	-29	19
-1282	140	3888	-42	-44	26
-1264	125	3895	-36	-42	8
-1256	128	3885	-33	-29	-15
-1248	125	3869	-28	-18	-30
-1249	148	3857	-24	-13	-25
-1266	179	3827	-16	2	-12
-1293	190	3829	-12	31	24
-1298	189	3840	-12	51	62
-1314	160	3839	-21	52	65
-1317	136	3833	-24	61	74
-1329	142	3819	-33	66	67
-1303	151	3825	-36	43	59
-1306	160	3786	-44	-18	72
-1272	158	3709	-45	-38	106
-1243	79	3632	-26	-38	87
-1226	31	3445	-3	37	29
-1137	31	3225	11	182	-26
-1072	151	2958	5	300	-42
-1209	252	2601	25	437	-58
-1204	130	2142	47	526	-83
-1049	171	1750	-50	663	-145
-859	438	1618	-118	678	38
-999	598	1838	-35	593	602
-1333	525	2612	72	318	1196
-1542	178	3808	306	19	1590
-1672	-128	5593	478	-644	1126
-1351	99	7607	485	-1024	969
-1747	-564	11676	356	1268	499
-5617	773	15586	-114	1044	-637
-4975	1288	13485	-233	-1033	-639
-3008	1212	10187	-492	-939	-599
-2765	210	7164	-679	247	-657
-2558	47	4532	-607	1105	-790
-1977	40	2517	-432	1436	-695
-1252	192	1437	-225	1711	-639
-925	377	1156	-172	1143	-679
-936	188	779	-113	-1259	-348
-674	-49	263	251	-4084	329
-607	-25	-254	629	-5567	1231
-796	-110	-630	639	-5665	2313
-762	-29	-637	198	-4761	2665
-401	-86	-396	-310	-4498	2302
919	-225	-612	-291	-5122	1141
1526	-187	-988	-184	-5095	-260
1135	78	-1161	-188	-3469	-751
286	169	-1054	11	-1606	-668
-324	302	-747	186	-415	-182
-451	4	-458	-139	119	246
-697	-246	-630	-274	858	282
-619	-456	-1552	-160	4410	363
-4765	-1710	-782	1991	12640	-157
684	576	8877	359	10587	-3578
-5565	881	16295	130	8450	148
-8123	580	19665	-205	2956	-1353
-4766	1071	12453	67	-3909	-767
-1117	1474	5091	56	-4476	-720
-220	701	2981	-173	-1317	-82
-996	213	3903	-122	1444	584
-1910	-527	5397	-289	1339	558
-2132	-607	5157	-113	320	-166
-1730	-345	4107	219	-210	-653
-1352	83	3229	423	-313	-943
-1246	324	2680	452	-274	-749
-1090	339	2333	331	-254	-512
-1133	162	2255	157	-103	-456
-1324	11	2438	90	97	-469
-1529	-9	2929	55	417	-461
-1605	296	3743	51	698	-329
-1606	567	4575	115	656	4
-1665	762	4972	146	207	205
-1607	777	4753	115	-459	272
-1333	531	4004	34	-808	220
-988	241	3400	-55	-627	101
-863	-4	3145	-116	-177	-20
-1013	-135	3277	-100	236	-104
-1291	-111	3652	-30	414	-157
-1476	84	3966	-16	234	-186
-1488	330	3954	-30	-71	-28
-1385	464	3673	-47	-175	117
-1278	352	3670	-14	1	215
-1349	171	3866	1	104	202
-1470	42	4006	-18	38	145
-1448	-103	3999	-36	-38	-8
-1364	-56	3869	-36	-94	-192
-1329	63	3736	-4	-53	-260
-1293	190	3723	22	33	-267
-1332	288	3824	26	39	-175
-1374	336	3801	13	-9	-29
-1353	320	3792	6	2	64
-1334	243	3772	-3	37	92
-1378	178	3787	-7	64	109
-1419	150	3863	-5	81	92
-1426	169	3894	-3	39	50
-1396	271	3782	-22	26	45
-1347	231	3723	-23	76	80
-1340	190	3744	-15	162	70
-1347	176	3775	-7	200	64
-1407	159	3826	-6	204	65
-1447	191	3861	-5	177	61
-1463	244	3873	-14	142	66
-1477	305	3842	-25	119	59
-1494	269	3835	-13	92	88
-1486	261	3810	-9	62	114
-1480	256	3795	-22	48	114
-1435	239	3827	-25	49	111
-1414	252	3830	-33	44	118
-1416	155	3741	10	-75	-25
-1417	161	3828	27	-104	-10
-1398	157	3960	53	-213	9
-1358	144	3987	60	-329	-3
-1283	134	3924	76	-377	-32
-1260	143	3795	94	-420	-69
-1202	177	3709	112	-421	-69
-1157	233	3727	167	-373	11
-1167	287	3819	215	-358	150
-1188	260	3896	214	-384	255
-1227	295	3926	138	-384	257
-1243	308	3953	48	-306	250
-1221	258	4011	-28	-199	221
-1274	149	4069	-54	-209	157
-1282	110	4040	-82	-171	61
-1239	97	3994	-100	-94	-32
-1262	88	3961	-86	-42	-27
-1339	86	3842	-62	42	-50
-1400	159	3809	-54	168	-56
-1495	204	3803	-58	233	-19
-1533	162	3765	-63	226	-7
-1509	164	3727	-69	221	-3
-1459	160	3659	-57	232	4
-1376	179	3708	-47	254	-54
-1364	193	3693	-48	214	-58
-1399	157	3680	-51	171	-81
-1422	112	3693	-20	152	-90
-1485	110	3818	28	148	-88
-1519	118	4041	70	151	-85
-1542	130	4263	90	138	-99
-1517	170	4331	73	39	-125
-1410	239	4185	47	-110	-120
-1284	250	3892	29	-193	-101
-1202	278	3603	23	-121	-68
-1185	272	3487	10	66	-9
-1273	232	3504	-9	195	29
-1365	153	3565	-25	218	18
-1411	85	3604	-32	193	-18
-1464	55	3629	-23	116	-29
-1526	79	3549	3	65	-3
-1562	103	3473	29	107	27
-1554	100	3432	27	167	2
-1478	113	3296	-4	198	-72
-1364	43	3033	-32	203	-114
-1272	44	2734	-66	160	-164
-1099	146	2392	-85	78	-148
-1074	196	2250	-50	81	23
-1115	343	2486	81	147	251
-1312	481	3370	236	130	825
-1424	436	4883	284	-112	1114
-1678	333	7675	313	-1034	841
-1481	473	9516	191	-1849	164
-1908	445	10738	-208	-416	-629
-3726	982	10702	-341	-53	-670
-3729	201	10558	-216	57	-366
-3075	-234	8561	-216	-204	-486
-2319	-125	5482	-442	-114	-1290
-1710	190	3089	-503	355	-1851
-1261	282	1818	-461	593	-1921
-739	567	1240	-355	19	-1747
-394	710	757	91	-1326	-689
-321	592	216	625	-2687	960
-571	706	-162	317	-3632	2200
-555	13	-367	-23	-3962	3187
-559	-281	-324	102	-4054	3354
-506	-501	-202	261	-4745	3032
213	-642	-382	357	-5808	2152
936	-902	-939	81	-5672	393
706	-502	-1062	-49	-3715	-1196
142	63	-861	29	-1999	-1681
-158	331	-858	-112	-587	-1217
-272	230	-1210	-231	2025	-315
-278	-324	-1906	45	8339	613
-3978	-1118	4826	2025	11609	-1410
879	2139	10675	368	10751	-3277
-7008	2457	17689	245	8410	784
-9016	743	19001	-777	-990	614
-3456	-373	7161	-592	-5694	-204
753	-470	2768	-180	-2844	-2093
1100	449	3267	1018	1856	-1337
-2062	691	6395	297	1309	-441
-1523	678	4661	-170	-821	45
-1007	216	2660	-182	-672	594
-761	-289	2035	-84	500	97
-1054	-154	2304	167	1240	-466
-1590	-39	2881	409	985	-528
-1834	85	3410	514	571	-382
-1741	245	4083	564	135	-245
-1474	213	4123	487	-394	-143
-1153	186	3873	316	-498	-227
-967	652	3979	98	-274	-330
-851	1064	4132	10	-202	-33
-854	859	4117	14	-295	415
-787	483	3833	-1	-287	557
-821	185	3614	-23	-140	526
-876	-21	3548	-92	116	398
-1040	-57	3752	-156	319	191
-1203	107	4085	-155	291	99
-1259	312	4239	-115	39	145
-1167	391	4064	-73	-195	255
-1046	330	3801	-50	-238	309
-980	338	3746	-51	-123	334
-1036	290	3917	-72	-68	372
-1105	218	4066	-89	-120	303
-1085	115	4098	-104	-197	225
-985	83	3997	-83	-224	137
-945	118	3905	-44	-178	54
-917	239	3786	-8	-86	-12
-931	303	3798	2	25	-39
-997	299	3870	-5	89	-22
-1080	284	3991	1	82	-21
-1081	296	3986	9	47	-33
-1080	341	3930	-45	10	-62
-1135	284	4025	-51	-16	47
-1193	268	4015	-30	-112	134
-1092	183	3825	-7	-128	70
-933	132	3849	46	49	-5
-938	297	3914	22	74	-29
-958	330	3930	3	96	-15
-1027	374	3978	-2	103	-21
-1109	430	3967	-5	68	17
-1128	407	3921	-10	65	51
-1121	358	3950	-16	56	39
-1118	344	3988	-27	27	17
-1124	313	3979	-46	-7	13
-1122	315	3905	-56	-4	-6
-1103	327	3835	-59	21	-16
-1119	319	3794	-48	76	-19
-1149	261	3797	-22	150	2
-1233	236	3902	10	173	-2
-1212	226	3864	-9	69	-10
-1224	242	3896	-12	64	-9
-1230	238	3891	-14	78	5
-1230	196	3964	0	93	-5
-1226	197	3979	8	41	-2
-1203	211	3911	4	8	-26
-1191	243	3836	-6	39	-44
-1221	238	3822	-8	92	-42
-1278	231	3830	-6	125	-25
-1321	231	3818	-14	144	-4
-1327	233	3837	-16	148	9
-1322	222	3879	-20	131	-1
-1312	232	3887	-29	112	-6
-1331	237	3927	-34	91	-15
-1334	250	3883	-38	61	-18
-1302	267	3826	-39	59	0
-1255	239	3790	-40	110	13
-1248	242	3815	-25	169	25
-1276	231	3847	-11	205	25
-1326	245	3856	-11	220	9
-1358	265	3836	-19	217	13
-1372	243	3854	-27	214	13
-1378	240	3871	-22	186	18
-1380	217	3847	-2	141	28
-1355	215	3813	14	100	27
-1347	247	3775	10	94	35
-1336	258	3731	1	121	37
-1326	200	3686	6	147	12
-1318	175	3620	16	171	-19
-1355	158	3602	30	181	-44
-1336	177	3694	53	191	-53
-1374	205	3770	103	224	-8
-1372	205	3827	128	196	-29
-1329	248	3863	112	95	-43
-1327	267	3649	82	-21	-33
-1237	302	3481	70	18	-8
-1204	262	3414	90	108	69
-1224	212	3360	88	238	93
-1321	209	3297	75	336	81
-1336	124	3152	83	448	94
-1371	47	3039	81	459	14
-1303	123	2742	79	412	7
-1238	249	2435	79	409	59
-1006	319	2359	77	449	96
-1050	189	2526	77	304	68
-1198	147	2647	74	49	42
-1339	368	2852	53	-45	132
-1249	577	3401	44	8	497
-1476	716	4296	76	-83	790
-1699	720	4986	156	305	889
-2325	167	6821	167	1202	657
-3503	-279	9865	46	1391	276
-4815	-687	12882	128	281	-373
-4261	527	12356	190	-854	-787
-3464	2004	11390	-139	-553	-901
-3625	2060	11465	-547	-127	-1247
-3643	1227	9543	-703	-281	-1005
-3242	285	5423	-584	43	-1025
-2757	-220	2243	-340	730	-1582
-1661	-104	1044	-169	1192	-1298
-1620	71	1080	-71	1097	-418
-2888	-363	1433	35	-1883	618
-2286	818	251	-35	-6293	1365
-2212	696	-440	-171	-7100	2510
-1496	658	-753	-251	-8067	3248
2615	237	-2933	-1205	-9198	2055
3806	-719	-5625	-1023	-6140	84
2559	-515	-4736	-568	2472	-181
933	-815	-1496	-337	5925	231
-114	-860	240	30	5867	504
-746	-681	935	590	4762	290
-888	-130	1276	337	2609	-405
-489	-61	1060	-100	214	-1012
-891	406	869	374	20	-963
-534	206	439	81	-929	-767
-115	277	124	-26	-1019	-603
-479	413	180	65	-1036	-99
-1834	698	421	80	-1239	1014
-6207	-492	-1495	341	605	2268
-203	-2274	2719	343	6579	-1734
-341	1092	14016	288	11475	-1708
-5668	1178	17620	295	4029	-597
-6718	1264	15294	-682	-1681	-889
-2655	651	6819	-72	-3816	-177
-924	-10	5046	382	-533	352
-1911	-829	6348	408	303	-54
-2706	-675	6769	281	234	-829
-2531	161	6538	339	-479	-1041
-1826	830	5351	232	-830	-1008
-1554	910	4546	124	-502	-717
-1713	650	4197	25	-401	-372
-1747	376	3680	-90	-601	-63
-1607	-65	3117	-200	-508	24
-1488	-253	3024	-198	-215	-107
-1257	-104	2953	-75	-53	-196
-1156	-15	3113	-24	185	-229
-1243	115	3296	11	226	-247
-1353	273	3376	39	186	-177
-1405	338	3464	19	131	-36
-1353	328	3448	13	43	108
-1318	342	3499	22	22	195
-1294	248	3547	17	-104	272
-1244	101	3516	2	-172	297
-1249	-119	3522	3	-171	274
-1306	-250	3668	16	-133	181
-1315	-216	3747	31	-123	71
-1308	-66	3788	49	-160	-26
-1289	106	3754	45	-256	-60
-1275	247	3742	35	-291	-20
-1197	265	3711	36	-308	73
-1143	157	3705	35	-259	104
-1185	67	3713	26	-228	77
-1213	-13	3688	29	-186	57
-1253	-68	3671	35	-152	25
-1205	-48	3659	34	-85	-33
-1282	31	3857	16	-87	-137
-1325	105	3912	33	-156	-153
-1315	130	3853	42	-209	-149
-1310	177	3804	44	-192	-135
-1285	155	3755	41	-185	-69
-1271	35	3734	52	-149	-49
-1250	7	3784	54	-69	-76
-1253	82	3851	36	-30	-91
-1297	153	3846	28	-31	-68
-1260	199	3826	17	-54	-30
-1273	289	3849	3	-44	39
-1285	220	3873	-6	-52	127
-1266	85	3904	-2	-52	148
-1242	82	3954	-2	-54	132
-1240	105	3925	-14	-88	130
-1581	143	3784	59	86	-155
-1574	128	3869	30	85	-115
-1508	135	3946	-9	60	-105
-1456	92	3975	-32	-14	-110
-1441	64	3887	-10	-34	-88
-1414	50	3807	31	7	-85
-1398	53	3686	56	34	-76
-1423	48	3623	51	139	-74
-1508	53	3713	62	247	-98
-1639	71	3770	58	255	-132
-1680	79	3746	48	204	-129
-1702	90	3770	34	165	-144
-1676	123	3785	26	141	-145
-1641	143	3806	20	125	-116
-1624	119	3827	16	97	-98
-1597	78	3876	22	56	-83
-1563	22	3838	17	16	-111
-1526	56	3763	8	3	-132
-1492	123	3704	27	27	-102
-1487	172	3666	46	50	-62
-1497	163	3683	53	90	-3
-1562	154	3680	47	148	30
-1604	152	3783	37	171	53
-1597	139	3818	24	142	64
-1574	119	3813	11	95	36
-1557	126	3777	-10	53	8
-1526	136	3782	-21	34	9
-1507	113	3773	-11	35	12
-1456	51	3745	7	83	-19
-1467	65	3833	21	76	-48
-1489	42	3816	37	1	-36
-1483	36	3736	48	-47	-82
-1457	93	3640	56	-32	-88
-1422	111	3634	56	24	-77
-1440	136	3715	41	40	-78
-1417	99	3793	34	0	-106
-1380	95	3817	51	-84	-110
-1308	84	3794	100	-210	-84
-1255	165	3728	146	-330	-25
-1261	241	3636	165	-422	69
-1172	294	3479	137	-386	185
-1193	273	3515	62	-319	238
-1211	157	3414	-32	-330	255
-1261	9	3174	-88	-376	220
-1328	-95	2846	-154	-362	115
-1231	-23	2574	-212	-233	-3
-1182	45	2652	-176	-198	14
-1315	151	2939	-87	-259	111
-1498	416	3668	-6	-145	406
-1627	425	5343	59	-127	772
-2309	273	7488	66	-608	464
-2652	-367	9777	-33	240	109
-3871	-582	13029	-107	553	-517
-3963	154	12308	8	-972	-772
-3083	802	8842	-254	-1493	-1180
-2390	772	5485	-391	-840	-1223
-2107	494	3088	-377	102	-1083
-1613	75	1589	-288	899	-1083
-1231	237	909	-115	1278	-901
-1159	416	728	-52	894	-178
-868	161	482	163	-918	651
-666	-167	218	426	-2732	1111
-388	-131	-139	366	-4107	1316
-325	-105	-201	336	-4876	1669
-141	48	-231	113	-6085	1686
1841	-12	-1029	-140	-6499	719
1723	-217	-1393	-235	-3922	6
752	-494	-1134	-335	-956	-492
45	-349	-649	-15	420	-612
-330	-171	-504	267	738	-366
-427	83	-1111	-188	2833	94
-2541	-904	-2052	305	9967	880
-2617	-606	4010	508	7654	-712
163	2093	10827	-408	10886	-1717
-5933	532	18745	109	5182	-562
-7038	1131	13992	-606	-3422	-289
-3592	-323	7053	-133	-4791	591
-688	-831	3196	76	-3092	179
-283	-487	2123	195	1096	-91
-1569	-200	4952	-108	2473	-752
-2158	178	5733	-2	904	-1224
-1895	312	4730	310	-546	-1131
-1245	341	3123	381	-1034	-995
-1072	555	2039	354	-571	-497
-1243	277	1772	300	220	127
-1450	-158	2292	234	681	198
-1557	-355	3090	177	710	15
-1589	-264	3813	115	634	-130
-1633	91	4333	92	485	-219
-1574	430	4606	179	287	-206
-1600	621	4652	280	-61	-66
-1449	499	4201	285	-409	-10
-1234	267	3651	221	-447	-35
-1121	-4	3351	94	-194	-140
-1189	-75	3230	-66	105	-291
-1362	-54	3345	-158	366	-325
-1570	123	3737	-141	484	-146
-1675	133	3959	-72	311	-8
-1587	122	4007	3	175	73
-1529	-69	3890	67	2	52
-1466	-30	3795	75	39	-101
-1536	-187	3810	78	167	-283
-1571	-263	4006	69	187	-619
-1555	-176	3925	91	-35	-828
-1435	1	3696	162	-120	-777
-1366	116	3575	232	-97	-567
-1378	267	3571	243	-21	-328
-1455	387	3721	204	55	-71
-1556	364	3934	159	18	96
-1594	275	3992	114	-73	179
-1571	137	3972	79	-97	153
-1541	39	3841	16	-59	5
-1491	-6	3709	-14	-5	-109
-1482	5	3642	-12	64	-148
-1483	84	3653	6	100	-95
-1510	180	3692	15	103	20
-1530	245	3766	4	85	125
-1541	242	3837	-24	60	212
-1576	253	3858	-66	39	273
-1577	239	3796	-93	35	341
-1547	202	3794	-100	51	340
-1576	193	3756	-98	37	354
-1573	172	3763	-91	32	341
-1572	172	3809	-92	14	344
-1572	163	3791	-96	-26	380
-1589	184	3746	-101	-46	412
-1608	190	3727	-108	-30	443
-1586	162	3781	-104	-19	456
-1579	122	3829	-96	-53	445
-1565	130	3830	-89	-104	439
-1487	52	3762	7	71	-1
-1497	46	3818	19	64	-42
-1519	40	3845	24	27	-92
-1512	58	3814	36	-17	-122
-1513	84	3764	43	-13	-133
-1509	66	3736	52	52	-159
-1503	108	3816	59	53	-184
-1505	121	3801	59	2	-145
-1513	92	3740	61	-5	-160
-1525	116	3731	72	28	-174
-1527	118	3773	70	58	-180
-1541	115	3793	65	48	-160
-1555	86	3759	64	37	-163
-1526	89	3750	71	43	-175
-1513	78	3735	80	56	-188
-1519	107	3716	79	57	-181
-1551	175	3716	73	91	-150
-1570	172	3738	63	144	-111
-1586	164	3762	50	153	-81
-1560	120	3742	40	136	-54
-1540	105	3726	38	129	-47
-1544	111	3679	32	154	-38
-1563	145	3674	23	210	-31
-1577	153	3703	10	249	-9
-1569	138	3747	2	248	14
-1577	102	3712	3	247	11
-1598	87	3706	4	264	-18
-1623	108	3700	1	263	-63
-1642	136	3649	6	239	-71
-1644	167	3579	-3	257	-68
-1653	180	3539	-6	315	-53
-1661	214	3566	-2	313	-46
-1663	211	3586	8	287	-29
-1629	164	3520	23	260	-14
-1573	176	3454	63	232	-1
-1510	201	3225	104	258	27
-1384	336	3014	136	317	70
-1344	443	2797	204	349	279
-1239	364	2602	252	383	507
-1181	298	2390	205	469	569
-1083	373	2261	111	642	567
-1103	244	2463	-2	724	694
-1202	124	2743	37	549	757
-1218	58	2968	188	266	810
-1326	-113	3151	282	26	775
-1371	48	3229	121	-183	404
-1268	632	3433	-8	-204	483
-1364	725	3825	-9	-99	1015
-1888	513	4321	36	115	1186
-2575	307	4923	46	788	1104
-3161	238	6322	-39	1153	801
-4055	330	7880	-211	730	359
-4410	479	8911	-240	77	61
-4773	247	9629	-32	-402	-42
-5216	-188	9554	53	-389	-592
-4979	163	10565	-94	121	-923
-4741	1322	11017	-364	-727	-1284
-4046	1886	8778	-599	-1477	-1508
-3077	1428	5520	-715	-1231	-1186
-2190	335	2697	-834	-236	-1369
-1697	-240	1352	-671	416	-1445
-671	-240	1102	-423	760	-833
-679	-270	1629	-184	-1011	217
-1116	-445	689	-282	-5112	596
-1690	-171	-348	308	-6376	983
-2750	854	-460	152	-7636	1916
-1858	498	-968	63	-8295	2739
1031	420	-2234	-623	-8354	1527
2966	-398	-4386	-1656	-6208	-1532
2220	660	-4085	-5	963	-1372
822	-466	-1843	-1051	3939	448
107	-984	-474	-407	4150	941
-505	-729	275	259	3795	771
-776	-428	425	569	2764	252
-817	-232	461	477	1853	-344
-505	102	452	222	1174	-889
-950	383	537	107	479	-1048
-1924	799	592	178	290	-388
-5321	575	-186	401	1955	1820
-1009	-1875	4094	261	6035	-761
-2404	148	15127	-216	10970	-1362
-6331	1446	17092	-38	5375	-462
-5678	191	16083	-431	-2401	193
-2381	491	6346	33	-4758	-287
-1194	583	3187	147	-1304	15
-1406	-397	4916	67	977	90
-2271	-585	6719	118	974	74
-2478	-178	6618	129	-260	-97
-2006	11	5165	89	-999	-395
-1436	14	3684	124	-978	-619
-1215	41	3199	158	-278	-523
-1282	36	3285	168	118	-246
-1473	41	3370	51	53	-251
-1570	171	3177	-40	-207	-283
-1541	341	2899	-67	-322	-151
-1384	358	2806	-60	-74	62
-1339	282	3053	-28	255	182
-1361	229	3423	-8	345	213
-1429	210	3597	-27	147	214
-1450	152	3577	-81	-49	215
-1431	78	3480	-133	-102	214
-1342	-15	3382	-143	-36	162
-1279	-97	3513	-117	32	106
-1348	-177	3760	-44	22	124
-1408	-175	3942	18	-62	67
-1422	-45	3991	38	-129	-8
-1431	69	3987	34	-204	-35
-1382	75	3820	23	-258	-72
-1288	52	3647	23	-259	-99
-1226	-8	3550	47	-177	-105
-1231	-31	3584	52	-63	-147
-1337	-28	3688	38	-43	-163
-1388	31	3660	7	-58	-136
-1420	4	3643	9	-7	-64
-1430	-32	3766	23	8	-68
-1435	0	3887	20	-45	-94
-1413	20	3913	19	-106	-107
-1357	1	3920	31	-117	-132
-1296	-22	3896	39	-141	-199
-1261	-44	3861	39	-143	-223
-1272	-2	3836	53	-102	-205
-1317	60	3852	69	-82	-164
-1337	157	3855	64	-85	-104
-1315	165	3822	50	-87	-51
-1331	109	3808	28	-89	-35
-1347	92	3771	1	-63	-28
-1363	91	3787	-15	-20	-1
-1370	93	3877	-17	3	23
-1362	124	3908	-20	-14	36
-1353	133	3929	-30	-54	76
-1281	-17	3821	15	90	-100
-1330	-19	3877	16	102	-136
-1342	40	3907	11	87	-144
-1344	65	3913	2	56	-144
-1373	33	3907	5	8	-160
-1346	-45	3855	3	-37	-188
-1334	-68	3801	12	-9	-226
-1346	-54	3776	40	74	-246
-1350	-63	3794	61	158	-277
-1371	-23	3862	60	165	-323
-1422	70	3846	55	153	-330
-1416	193	3811	32	146	-287
-1441	274	3854	-9	129	-172
-1471	218	3829	-39	112	-57
-1453	157	3830	-51	128	29
-1447	112	3829	-49	163	87
-1431	84	3818	-51	170	112
-1486	119	3843	-75	153	122
-1512	210	3798	-108	114	189
-1529	266	3739	-137	118	320
-1498	220	3733	-162	139	437
-1455	137	3777	-181	152	508
-1439	72	3804	-212	155	544
-1454	22	3802	-211	158	556
-1469	-18	3807	-206	172	524
-1498	-10	3840	-206	162	502
-1526	-29	3851	-204	126	497
-1525	-65	3831	-198	82	472
-1475	-118	3795	-180	72	412
-1436	-145	3785	-165	79	339
-1445	-146	3749	-136	77	266
-1454	-123	3708	-110	67	195
-1465	-127	3674	-93	70	120
-1446	-140	3670	-67	112	34
-1425	-197	3754	-14	104	-44
-1425	-201	3694	71	42	-143
-1353	-215	3602	185	14	-257
-1266	-168	3531	316	-27	-366
-1170	-6	3414	437	-89	-351
-1134	189	3242	535	-138	-176
-1084	373	3070	553	-141	50
-1083	523	3072	382	-86	370
-1161	518	3048	24	-33	597
-1228	291	2972	-300	40	645
-1061	-156	3099	-411	86	499
-1172	-596	3348	-286	-66	346
-1344	-931	3513	-78	-266	-5
-1478	-459	3841	106	-374	-395
-1465	311	4534	199	-337	-153
-1500	612	5980	268	-421	315
-1964	453	7281	270	-582	327
-2505	-338	8349	205	193	107
-3792	-997	10098	42	810	-588
-4178	-255	10314	13	-6	-1140
-3636	428	8278	-19	-664	-1407
-3054	559	6091	-86	-534	-1262
-2373	584	4400	-19	-115	-682
-1754	402	3190	121	73	-499
-1151	159	2008	296	49	-420
-686	363	1325	317	81	-187
-304	417	914	573	-768	334
37	227	528	1121	-2726	876
-46	219	136	1006	-4840	1093
-94	22	-335	309	-5686	1181
-123	-156	-475	-82	-5208	1254
-198	-380	-494	-50	-4864	1161
196	-607	-878	20	-4993	678
261	-602	-1377	-236	-4497	-175
141	-72	-1668	-18	-2293	-1152
135	552	-2047	273	1532	-1224
-451	294	-2298	558	8075	-106
-4328	-710	1454	493	12440	166
-210	936	8262	1007	11693	-1344
-6264	1552	16277	177	11137	740
-9045	1476	19887	-1400	770	-1545
-3777	-263	8693	-964	-5355	-435
-767	-616	4878	453	-3170	258
-406	-64	3099	805	-1562	676
-749	142	2538	325	-161	189
-981	390	2271	-58	570	-323
-1294	176	2459	-112	1106	-128
-1398	-187	2678	-34	1117	-211
-1425	-133	2786	120	1103	-451
-1654	84	3060	227	1013	-318
-1963	52	3632	295	844	-27
-2061	-154	4139	288	380	44
-1939	-220	4235	176	15	-292
-1669	172	4222	83	-11	-669
-1469	577	4248	129	-124	-610
-1369	689	4084	172	-337	-298
-1235	545	3732	139	-389	-155
-1213	336	3536	72	-243	-120
-1260	244	3451	-7	-76	-154
-1390	151	3538	-65	76	-203
-1558	63	3732	-85	97	-239
-1673	77	3832	-75	1	-275
-1664	176	3799	-40	-106	-261
-1601	278	3699	-11	-172	-220
-1535	223	3666	20	-183	-182
-1458	130	3676	19	-97	-216
-1454	187	3840	-26	-47	-286
-1510	241	3935	-56	-111	-292
-1510	315	3867	-69	-186	-285
-1468	397	3769	-79	-189	-173
-1477	417	3709	-87	-175	-58
-1500	409	3624	-106	-155	57
-1539	347	3605	-112	-115	169
-1599	228	3665	-102	-69	212
-1606	158	3727	-94	-47	179
-1583	140	3828	-100	-45	135
-1551	162	3916	-101	-112	127
-1523	231	3928	-108	-172	150
-1483	294	3912	-116	-221	194
-1486	300	3839	-106	-253	291
-1438	266	3736	-94	-224	353
-1412	232	3707	-85	-167	394
-1424	200	3715	-80	-100	394
-1488	233	3739	-95	-53	358
-1538	245	3789	-108	-49	357
-1576	223	3839	-112	-80	354
-1578	195	3849	-129	-127	344
-1539	168	3814	-135	-160	333
-1505	143	3769	-119	-171	321
-1476	154	3717	-114	-149	294
-1459	174	3740	-114	-85	288
-1482	212	3792	-100	-66	278
-1507	245	3797	-89	-76	295
-1501	199	3774	-84	-72	299
-1509	177	3780	-87	-58	265
-1480	154	3772	-83	-44	243
-1573	-86	3800	-276	113	-268
-1567	-159	3759	-252	95	-270
-1525	-189	3723	-210	66	-269
-1500	-189	3654	-173	33	-272
-1511	-73	3610	-145	59	-169
-1535	39	3657	-105	123	65
-1530	67	3775	-89	165	257
-1554	62	3909	-77	77	396
-1581	-11	3909	-72	-70	464
-1561	-66	3821	-72	-122	497
-1556	-19	3745	-85	-39	558
-1531	0	3706	-97	31	633
-1521	26	3689	-117	109	645
-1553	-6	3727	-134	139	666
-1614	-74	3773	-147	141	686
-1619	-209	3809	-127	125	693
-1608	-273	3786	-89	82	645
-1642	-255	3739	-39	31	626
-1649	-245	3677	6	43	607
-1654	-185	3676	32	88	540
-1667	-16	3723	29	110	494
-1679	99	3786	18	120	486
-1690	220	3843	9	60	441
-1658	333	3731	16	-41	463
-1627	415	3548	22	-91	542
-1619	423	3348	18	-44	646
-1591	436	3239	-14	112	724
-1586	390	3347	-70	305	730
-1629	384	3673	-99	400	703
-1703	374	4047	-96	388	633
-1765	384	4252	-77	210	470
-1760	481	4097	-40	20	358
-1671	496	3770	-2	-36	326
-1612	403	3453	40	59	271
-1594	347	3267	71	269	202
-1613	390	3291	89	510	181
-1691	423	3462	105	540	141
-1775	435	3485	111	401	96
-1707	344	3342	132	319	9
-1572	223	3234	189	308	-128
-1519	67	3038	317	265	-276
-1497	-125	2660	503	207	-506
-1368	-140	2284	651	280	-729
-1092	251	2136	764	284	-658
-937	834	2049	810	258	-315
-954	1078	2066	775	264	173
-909	785	2325	514	167	398
-895	533	2818	242	8	520
-1196	552	3607	175	-43	791
-1624	406	4696	309	-138	768
-1967	794	6461	264	220	189
-3117	919	10539	259	321	181
-6129	315	14178	174	-404	-808
-6600	317	12799	-83	-2043	-998
-4770	729	9612	-123	-1588	-1387
-3793	1552	9429	-122	559	-1588
-4193	1769	8728	-364	912	-1511
-3824	1122	4709	-688	747	-2067
-2218	394	1735	-764	1325	-2445
-951	312	824	-700	1850	-2251
-1326	151	961	-790	1405	-817
-2920	-572	1354	-264	-3116	989
-2686	-451	490	519	-9601	1988
-1200	12	-1423	287	-9442	3226
-1292	348	-852	-155	-6240	3918
278	-29	-715	-592	-7037	2933
2720	-440	-2428	-1748	-8976	-1047
3150	-451	-3309	38	-4560	-2134
1570	-27	-2458	-262	571	-1504
251	-167	-1244	-339	2196	-451
-397	-138	-503	-358	2273	20
-459	-163	-236	-347	2063	131
-495	-231	-208	-161	2246	73
-1089	70	87	121	1725	-357
-814	122	-4	-193	706	-849
-1387	247	-361	-125	1185	-1081
-2943	-384	-177	-74	3317	-997
-1706	-1092	1538	-675	6419	-70
836	-262	11490	834	9631	-2858
-7507	1875	19127	940	6582	-1016
-6677	728	13364	-808	1244	-522
-3686	-303	11879	-348	-2073	-974
-1664	669	6569	334	-2593	-1107
-1509	640	5013	251	-878	-792
-1489	335	5809	-24	-7	-222
-1595	-218	5859	-90	-279	183
-1767	-438	5061	46	-539	-53
-1551	-431	4100	208	-554	-520
-1484	-69	3581	375	-218	-625
-1134	221	3298	517	35	-339
-1220	386	3376	314	246	-243
-1426	491	3418	155	115	-105
-1499	392	3148	45	-84	84
-1401	212	2887	-2	-135	148
-1258	16	2861	-39	13	161
-1218	-35	3034	-43	193	225
-1199	-60	3228	-73	287	187
-1231	74	3494	-50	391	138
-1291	283	3828	-34	369	133
-1331	338	3935	-34	121	256
-1237	299	3789	-62	-71	381
-1145	126	3657	-130	-111	423
-1103	-94	3604	-162	-10	421
-1171	-274	3751	-130	97	328
-1264	-298	3877	-66	131	198
-1382	-88	3912	-17	98	114
-1450	85	3854	6	41	96
-1421	184	3754	5	26	78
-1403	105	3708	-1	30	122
-1313	-137	3667	15	70	99
-1323	-236	3676	13	164	-35
-1383	-249	3713	26	210	-114
-1475	-208	3788	64	190	-232
-1482	-109	3846	102	132	-273
-1428	-14	3905	114	103	-277
-1432	95	3887	96	29	-261
-1371	175	3817	74	1	-209
-1350	185	3810	57	38	-179
-1391	157	3869	61	30	-117
-1418	175	3902	45	-22	-65
-1433	168	3857	-3	-15	-15
-1408	136	3866	-46	7	19
-1384	109	3880	-66	-28	69
-1368	89	3795	-72	-59	121
-1388	114	3721	-61	-42	174
-1413	138	3729	-49	-25	220
-1481	114	3713	-40	-8	264
-1501	42	3766	-40	17	258
-1508	-18	3822	-47	0	201
-1562	-49	3825	-28	-45	173
-1485	106	3811	-18	-83	-8
-1470	130	3765	-26	-61	3
-1455	128	3776	-31	-15	48
-1432	96	3822	-27	11	87
-1431	75	3818	-28	-8	80
-1440	76	3826	-41	-29	56
-1465	67	3823	-41	-35	50
-1457	67	3814	-42	-42	42
-1442	66	3790	-38	-29	48
-1434	38	3803	-33	-10	45
-1457	40	3817	-27	-1	28
-1458	73	3828	-30	-1	14
-1437	80	3844	-34	-24	11
-1436	80	3833	-35	-41	15
-1410	101	3799	-39	-35	32
-1395	82	3786	-33	-10	45
-1408	58	3797	-29	0	32
-1428	33	3802	-27	-9	20
-1439	93	3796	-23	-19	22
-1411	139	3839	-25	-25	65
-1412	160	3879	-47	-58	89
-1419	147	3887	-73	-125	107
-1374	120	3821	-92	-198	118
-1325	94	3753	-88	-217	135
-1314	38	3768	-48	-208	148
-1342	30	3863	-1	-196	158
-1350	93	3975	11	-230	147
-1353	152	3936	-4	-302	177
-1309	165	3841	-17	-319	243
-1273	126	3903	9	-256	247
-1292	100	3984	29	-251	252
-1320	88	3965	17	-273	212
-1351	98	3869	-21	-254	194
-1366	77	3779	-48	-169	197
-1400	48	3712	-51	-78	197
-1428	27	3692	-38	1	178
-1467	14	3680	-27	37	160
-1450	-12	3649	-30	52	122
-1457	-41	3640	-23	58	80
-1436	-64	3665	-5	67	8
-1448	-28	3647	1	55	-30
-1468	26	3608	7	37	-32
-1454	48	3565	6	31	-41
-1435	102	3538	-13	17	-44
-1400	105	3333	-34	-23	-18
-1355	98	3100	-72	-19	13
-1335	162	3025	-137	-23	19
-1348	185	3228	-134	36	181
-1328	319	4188	-69	239	398
-1342	-106	6251	162	125	629
-2104	-225	8796	194	-638	260
-2611	32	9274	-66	-246	27
-3046	305	8908	-363	157	-561
-3234	-91	8229	-301	341	-437
-2667	-38	6548	-113	-67	-403
-2092	-5	4402	120	-302	-597
-1587	-121	2631	261	-406	-1089
-1156	-127	1414	213	-530	-1314
-615	101	510	134	-1222	-783
-227	60	102	383	-1989	-335
-199	82	68	702	-3150	91
-119	56	-70	724	-4581	292
198	41	-93	604	-5817	121
1449	79	-498	339	-6144	-294
1735	84	-1017	-49	-3835	-560
766	31	-813	-210	-1728	-595
-50	181	-859	-98	-2	-457
-754	60	-1300	-689	2725	-22
-2899	-1990	-1169	-25	7278	398
-1111	-571	3708	1047	8100	-1747
-1710	2018	10523	-1	9046	-2653
-6358	2639	17388	266	5904	456
-5946	1819	13407	-542	-2247	259
-2368	169	5814	-327	-4378	394
-383	-94	3114	-401	-2422	-86
-85	-207	3080	47	1188	-235
-1575	474	5173	219	2225	-107
-1789	446	5386	72	768	23
-1796	102	4359	-55	-239	262
-1315	-133	3179	-21	-436	312
-1008	-41	2461	-26	-123	90
-1152	238	2318	36	351	95
-1562	243	2645	145	656	312
-1551	69	3176	209	697	326
-1426	-70	3828	233	618	172
-1512	-71	4257	158	398	-94
-1471	119	4322	104	257	-234
-1356	367	4378	62	157	-277
-1231	466	4334	55	-62	-193
-1071	307	3991	89	-223	-117
-996	119	3675	97	-100	-175
-1078	105	3582	60	89	-234
-1233	74	3620	23	200	-294
-1373	74	3722	36	193	-346
-1486	122	3826	79	85	-288
-1523	204	3859	109	-50	-180
-1432	354	3783	124	-172	-60
-1318	450	3673	89	-191	34
-1255	400	3654	45	-95	114
-1349	237	3784	12	17	121
-1408	43	3936	-11	11	21
-1383	-181	3956	-32	-71	-163
-1381	-428	3862	-19	-122	-353
-1357	-508	3752	26	-31	-533
-1293	-283	3723	72	110	-605
-1241	104	3760	86	194	-550
-1256	400	3882	52	211	-329
-1235	385	4063	-19	105	-129
-1193	207	4105	-98	-6	3
-1258	-10	4089	-184	-16	31
-1279	-130	4068	-199	-2	3
-1296	-170	4021	-177	-51	-98
-1263	-147	3855	-133	-123	-150
-1192	-103	3727	-104	-91	-179
-1151	-45	3667	-93	21	-158
-1224	53	3694	-88	137	-109
-1299	69	3766	-69	184	-17
-1332	62	3860	-62	186	40
-1331	96	3997	-79	125	118
-1321	131	3999	-101	18	244
-1248	124	3856	-107	-33	328
-1214	122	3866	-96	-9	396
-1236	57	3909	-59	11	433
-1282	14	3943	-26	-20	442
-1264	-28	3933	6	-94	466
-1224	5	3865	5	-107	469
-1211	67	3830	1	-79	515
-1205	130	3789	-35	-10	559
-1200	194	3815	-69	85	594
-1215	221	3889	-75	108	662
-1405	158	3943	253	-29	-665
-1374	299	4048	213	-91	-689
-1346	442	4015	193	-202	-616
-1232	562	3866	185	-217	-445
-1271	579	3864	177	-224	-200
-1352	466	3759	153	-239	-79
-1386	341	3697	129	-188	-56
-1300	209	3704	125	-128	-119
-1245	226	3693	128	-89	-164
-1299	365	3696	139	-20	-110
-1401	583	3699	150	46	-5
-1468	746	3816	168	52	107
-1441	580	3975	174	-95	195
-1333	270	3965	109	-226	61
-1300	30	3933	77	-307	-153
-1282	22	3847	78	-329	-358
-1274	38	3806	102	-315	-484
-1163	76	3778	126	-275	-575
-1175	286	3744	132	-190	-594
-1245	479	3764	107	-97	-543
-1259	604	3873	92	1	-445
-1236	688	3957	95	-18	-275
-1247	722	3900	76	-108	-108
-1235	640	3853	38	-137	14
-1230	500	3804	3	-95	51
-1228	358	3784	-6	-18	43
-1274	228	3786	-4	59	-29
-1301	139	3822	3	81	-79
-1288	133	3826	29	30	-132
-1303	176	3853	76	1	-156
-1271	161	3884	115	-58	-195
-1339	232	3928	102	-115	-280
-1417	310	3923	80	-170	-249
-1411	343	3872	91	-215	-167
-1332	379	3758	101	-192	-78
-1293	381	3759	94	-174	-53
-1334	393	3696	59	-163	-24
-1339	287	3579	21	-146	22
-1388	127	3376	12	-121	-49
-1339	118	3067	24	-10	-133
-1249	170	3002	98	205	-49
-1222	145	3098	166	268	42
-1257	226	3142	142	97	58
-1351	355	2919	32	-158	188
-1305	324	2445	-62	-258	291
-1112	104	2260	-66	-163	243
-981	83	2765	-76	-144	225
-1091	124	3585	-57	-373	352
-1419	146	4722	40	-751	494
-1495	440	5920	192	-958	478
-1335	269	7502	253	-356	339
-1669	315	9885	186	447	-65
-3449	322	12057	-2	252	-95
-3651	616	11889	-106	-237	-295
-3039	646	9581	-246	-221	-370
-2730	454	7224	-544	520	-561
-2285	182	4705	-546	1181	-818
-1704	133	2784	-469	1607	-1144
-1002	56	1621	-406	1677	-944
-830	235	1310	-533	1247	-295
-802	103	827	-471	-665	413
-1050	-96	303	-234	-2537	749
-1393	-211	0	-182	-4088	761
-751	-4	-497	203	-4789	1149
-398	-14	-404	468	-4878	1696
-262	125	-184	486	-6015	1894
1900	79	-918	-48	-7046	728
1585	44	-1293	-368	-4701	105
802	5	-1183	-416	-2301	-132
107	3	-773	-243	-959	-12
-117	-76	-511	-55	-226	275
-531	-191	-759	-99	1144	502
-1335	-534	-1850	-711	5613	349
-4358	-991	-1042	2070	12927	8
37	-414	7216	263	12099	-2208
-6402	131	15117	-550	10516	-1465
-9759	138	22340	-9	4342	-714
-5798	315	12536	53	-5773	-687
-1981	716	3241	396	-5926	-187
183	504	1005	230	-1806	181
-421	380	2889	258	3388	5
-2315	58	6808	25	2651	-372
-2638	259	6965	261	157	-616
-1872	265	4747	279	-1404	-494
-1145	168	2698	120	-1542	-401
-748	85	1732	54	-500	-105
-923	-61	2089	70	676	64
-1340	-164	2997	103	1040	72
-1602	-10	3677	95	685	-67
-1614	277	3908	60	154	-88
-1589	450	3896	6	-214	61
-1610	484	3849	-7	-358	252
-1594	335	3907	40	-300	409
-1513	223	3899	17	-55	347
-1425	218	3948	-67	112	264
-1316	122	3829	-112	17	229
-1302	82	3777	-92	-39	206
-1345	104	3867	-6	-102	278
-1352	141	3842	3	-185	301
-1385	218	3716	-27	-188	352
-1403	254	3682	-52	-143	451
-1383	237	3692	-97	-125	493
-1406	153	3748	-134	-142	488
-1431	100	3731	-151	-120	400
-1441	84	3722	-137	-69	330
-1472	90	3772	-110	-28	261
-1483	83	3911	-81	-65	211
-1435	64	3954	-65	-153	173
-1382	63	3900	-62	-253	138
-1307	130	3755	-70	-284	133
-1262	179	3689	-54	-204	165
-1270	172	3704	-42	-123	162
-1299	136	3818	-30	-59	113
-1325	87	3937	-29	-55	57
-1325	47	4043	-7	-68	-55
-1333	129	4031	18	-144	-119
-1325	191	3902	32	-192	-118
-1275	198	3793	38	-156	-117
-1248	181	3740	42	-92	-136
-1265	224	3739	31	-19	-125
-1288	205	3797	20	41	-116
-1301	196	3861	-2	65	-150
-1337	209	3903	-18	53	-147
-1326	226	3866	-31	8	-120
-1331	240	3836	-41	-11	-81
-1290	238	3756	-50	28	-37
-1309	231	3794	-37	96	3
-1341	259	3804	-48	128	20
-1359	295	3847	-62	136	46
-1354	279	3883	-58	122	98
-1407	96	3836	-6	43	-71
-1387	99	3839	-1	55	-70
-1378	96	3833	7	63	-67
-1379	98	3839	8	55	-70
-1397	109	3837	14	45	-65
-1427	133	3811	8	43	-53
-1413	156	3781	-2	50	-25
-1416	106	3811	-5	75	-16
-1410	96	3839	-9	81	-32
-1407	100	3869	-5	63	-38
-1426	99	3886	1	40	-48
-1427	108	3851	4	18	-52
-1395	118	3837	-3	20	-29
-1375	130	3822	-9	41	-12
-1363	105	3855	-14	48	-11
-1368	94	3885	-6	22	-16
-1387	124	3890	-5	-16	-19
-1390	138	3834	-9	-21	13
-1385	131	3815	-11	1	25
-1381	92	3790	-10	14	21
-1400	65	3782	-10	38	15
-1434	69	3795	-6	58	4
-1450	95	3840	-14	60	-9
-1445	111	3920	-30	22	-11
-1440	116	3919	-33	-43	-2
-1413	99	3859	-27	-66	22
-1363	64	3732	-16	-8	23
-1364	104	3788	-11	63	0
-1412	111	3839	-8	61	35
-1444	108	3804	-23	36	20
-1465	123	3795	-37	37	39
-1455	85	3864	-38	39	54
-1437	48	3882	-31	0	30
-1423	61	3826	-33	-30	19
-1405	77	3791	-23	-20	12
-1394	58	3768	-10	-8	15
-1400	61	3745	-2	-5	16
-1423	75	3727	5	12	26
-1422	93	3746	10	18	35
-1403	109	3753	3	-13	27
-1405	93	3662	-5	-65	27
-1369	104	3527	-17	-101	27
-1326	72	3359	-23	-135	32
-1326	4	3129	-26	-167	0
-1244	46	2898	-47	-166	-49
-1114	203	2807	-22	-100	-13
-1057	421	2983	55	-122	268
-1152	392	3464	94	-322	577
-1198	486	4198	1	-454	690
-1188	447	5731	-175	-428	835
-1595	-49	7444	-348	-343	695
-2386	-457	8633	-355	399	254
-3763	-235	9049	-357	308	-37
-3861	111	8701	-232	14	90
-2989	733	7469	112	-508	513
-2160	342	4993	369	-785	506
-1624	-23	3125	294	-586	-31
-1034	-115	1969	107	-328	-200
-513	-1	1031	52	-576	6
-92	101	322	-45	-1043	263
-72	49	156	-224	-1688	275
-207	-14	153	-349	-3257	305
-173	25	-71	-215	-4857	382
18	138	-280	-60	-5701	431
388	235	-459	-94	-6100	437
1323	265	-1111	-256	-5269	303
761	59	-1693	-361	-2167	232
-617	-299	-2858	-749	4507	271
-4920	-1168	-1329	1879	11969	1019
833	-827	6514	756	11029	-1500
-4690	898	14331	106	9911	-466
-7918	907	21249	-355	1762	-753
-3548	271	9073	-352	-5825	240
-1272	-462	2982	12	-4589	47
198	-12	1519	285	-1038	139
-200	340	2885	600	3248	315
-2140	360	5655	-7	2539	158
-2098	235	5296	-167	653	-145
-1782	32	4282	102	-415	-174
-1211	-179	2772	310	-850	-48
-947	-227	1804	300	-371	-166
-1188	-274	1847	271	558	-259
-1465	-296	2861	309	1128	-299
-1675	-21	4020	282	1011	-369
-1703	302	4729	219	303	-331
-1576	635	4545	151	-552	-259
-1344	834	3928	163	-861	4
-1192	785	3396	149	-567	248
-1074	540	3340	84	9	347
-1186	281	3689	-32	371	270
-1362	-13	3909	-127	321	23
-1434	-106	3966	-203	149	-246
-1390	8	3897	-183	4	-307
-1327	189	3770	-106	-2	-184
-1302	316	3775	-28	41	21
-1334	309	3815	-24	75	85
-1395	240	3841	-55	81	72
-1432	157	3800	-106	71	-46
-1445	106	3814	-101	90	-148
-1521	58	3917	-27	71	-176
-1523	89	3848	25	-38	-197
-1463	144	3763	52	-60	-154
-1423	146	3690	61	-24	-130
-1429	173	3756	42	34	-164
-1427	193	3806	21	45	-169
-1421	200	3850	15	40	-168
-1431	123	3804	20	34	-182
-1422	67	3850	40	42	-222
-1419	75	3902	71	18	-244
-1408	127	3894	101	-29	-248
-1375	128	3838	96	-65	-264
-1358	160	3761	84	-11	-239
-1386	161	3746	80	69	-202
-1413	183	3759	68	120	-191
-1429	122	3803	60	123	-189
-1466	116	3841	63	114	-197
-1442	140	3776	60	74	-191
-1442	140	3776	60	74	-191
-1442	140	3776	60	74	-191
-1441	123	3827	63	107	-215
-1470	165	3861	55	88	-183
-1475	177	3820	42	46	-171
-1480	165	3783	39	1	-148
-1497	164	3740	33	11	-108
-1503	152	3749	35	61	-61
-1536	153	3802	30	80	-31
-1528	162	3815	4	75	-42
-1524	185	3813	-18	62	-41
-1527	172	3836	-26	21	-31
-1508	147	3790	-25	-6	1
-1425	127	3830	-8	-34	34
-1420	135	3817	-5	-39	29
-1430	134	3816	-2	-38	34
-1442	125	3812	2	-40	30
-1423	151	3814	4	-32	33
-1418	155	3820	-2	-34	42
-1419	147	3814	-6	-20	36
-1426	143	3832	-11	-4	38
-1427	140	3811	-13	-5	38
-1444	143	3844	-5	-22	48
-1441	146	3850	-5	-46	51
-1430	153	3819	-13	-71	51
-1410	168	3769	-23	-57	66
-1404	191	3752	-25	-4	97
-1400	199	3795	-29	45	117
-1432	170	3836	-38	19	113
-1447	148	3815	-47	-21	111
-1425	169	3816	-53	-40	121
-1427	165	3772	-44	-19	146
-1400	160	3834	-34	37	140
-1410	190	3929	-43	4	160
-1384	162	3905	-54	-57	146
-1353	172	3850	-59	-102	109
-1342	184	3800	-55	-111	127
-1314	147	3785	-40	-83	159
-1340	99	3829	-16	-60	160
-1374	114	3860	-6	-68	155
-1373	120	3827	-6	-89	149
-1365	167	3778	-4	-117	146
-1341	195	3718	-7	-133	178
-1309	177	3715	5	-139	208
-1311	166	3695	43	-122	236
-1310	169	3732	100	-121	274
-1298	202	3698	137	-160	333
-1268	200	3619	141	-233	380
-1260	290	3439	77	-304	415
-1179	401	3307	-2	-267	528
-1091	366	3260	-51	-130	688
-1072	289	3385	-151	-36	711
-1122	126	3459	-258	-86	703
-1150	96	3442	-355	-181	635
-1166	111	3246	-339	-174	628
-1138	12	3141	-276	-48	548
-1117	121	3235	-237	72	468
-1117	185	3707	-208	134	530
-1208	330	4231	-231	110	567
-1389	443	4770	-266	-47	717
-1428	428	5227	-314	-146	703
-1476	366	5757	-321	-343	643
-1651	256	6137	-227	-416	701
-1767	156	7104	-125	168	735
-1889	337	8856	-127	426	608
-2520	742	9730	-288	-124	431
-2891	932	7963	-533	-964	267
-2849	516	5893	-549	-458	138
-2533	131	4543	-353	600	-318
-2341	229	3660	-166	1151	-289
-1956	156	2653	-92	1163	32
-871	202	1857	-75	1058	202
-40	202	1710	-44	289	426
166	212	1319	-4	-1317	971
183	16	512	116	-3001	1600
-22	-74	65	-379	-4219	1807
-71	-283	-199	-727	-4910	1764
-10	-308	-424	-538	-4705	1482
48	-54	-451	-119	-4145	1056
287	112	-614	46	-3938	480
264	283	-869	210	-3375	159
-34	398	-1459	-79	-1224	285
-1271	-48	-2676	-250	4747	1209
-4992	-1580	1232	960	8900	1060
1042	-435	8260	461	9550	-2029
-4941	1263	17318	265	7966	370
-7073	1838	17571	-913	-1311	-372
-2887	451	6771	-580	-4926	856
-686	346	3441	51	-2845	418
608	458	2916	433	1298	1044
-928	-14	5727	-17	2203	1114
-2057	-347	5461	-316	544	457
-1972	-348	4393	-230	-253	163
-1242	-407	3188	-31	-353	123
-784	-155	2392	56	43	-78
-856	196	2128	114	613	-142
-1216	254	2432	129	1073	-25
-1510	152	3241	97	1177	96
-1615	69	4026	31	841	98
-1582	27	4272	-48	246	-39
-1362	102	3926	-37	-80	-127
-1200	197	3870	69	-13	-65
-1172	243	4125	191	79	20
-1178	273	4260	193	-61	25
-1043	323	3931	76	-213	-47
-961	313	3523	-38	-69	-113
-1002	270	3483	-90	195	-147
-1136	148	3738	-71	321	-155
-1304	81	4023	-4	244	-141
-1391	170	4130	44	67	-143
-1368	298	4042	49	-84	-137
-1270	339	3855	22	-154	-131
-1223	270	3713	-1	-114	-112
-1210	211	3764	-6	-50	-139
-1240	185	3879	-5	-55	-164
-1248	203	3913	20	-101	-159
-1248	231	3896	39	-128	-139
-1285	254	3891	54	-112	-110
-1316	248	3877	50	-105	-132
-1316	240	3869	50	-112	-154
-1272	244	3867	56	-114	-164
-1244	220	3889	57	-99	-170
-1262	213	3848	54	-98	-184
-1278	257	3797	40	-79	-184
-1259	285	3817	35	-48	-122
-1307	271	3865	20	-64	-97
-1292	198	3831	16	-82	-116
-1254	163	3830	25	-47	-147
-1244	177	3845	38	-6	-166
-1274	229	3871	38	17	-163
-1294	292	3905	40	16	-126
-1297	318	3921	24	-14	-122
-1280	361	3930	10	-34	-53
-1240	343	3844	-5	5	18
-1268	325	3894	-22	14	63
-1291	298	3874	-24	-3	103
-1321	249	3851	-21	-19	101
-1330	185	3821	-24	-17	56
-1342	136	3811	-26	8	44
-1344	140	3806	-17	37	39
-1351	136	3827	2	59	19
-1353	186	3871	10	53	-4
-1365	204	3902	1	37	-6
-1375	120	3777	39	132	-180
-1382	136	3843	45	135	-169
-1405	190	3910	42	108	-154
-1432	225	3948	34	72	-130
-1437	229	3935	12	19	-102
-1405	201	3868	-8	-22	-68
-1367	161	3819	-15	-18	-40
-1368	112	3787	-11	9	-35
-1401	86	3785	-4	41	-43
-1426	93	3796	-8	55	-62
-1465	94	3812	-12	68	-86
-1485	116	3834	-23	66	-80
-1456	125	3801	-26	67	-69
-1436	114	3843	-23	60	-80
-1468	121	3823	-16	24	-77
-1481	111	3797	-19	15	-70
-1476	107	3784	-17	12	-77
-1459	127	3791	-16	33	-87
-1470	111	3812	-16	50	-84
-1464	112	3836	-13	45	-73
-1493	108	3828	-9	31	-69
-1478	102	3791	-8	16	-67
-1443	117	3761	-10	25	-74
-1439	123	3754	-5	47	-76
-1454	90	3748	-2	78	-83
-1472	110	3788	-2	104	-81
-1477	88	3803	0	103	-87
-1466	113	3803	11	92	-105
-1466	74	3807	26	75	-114
-1468	76	3752	40	54	-126
-1453	76	3731	62	39	-127
-1449	87	3639	79	51	-133
-1453	37	3530	97	90	-140
-1357	65	3571	114	188	-182
-1356	128	3694	163	199	-135
-1412	87	3726	265	96	-77
-1432	137	3620	353	-19	-46
-1380	226	3422	348	-60	30
-1317	413	3153	252	-40	223
-1201	463	2862	134	57	478
-1087	382	2656	4	259	595
-962	165	2652	-99	408	616
-992	-100	2921	-228	385	586
-1177	-359	2999	-315	148	426
-1203	-382	2965	-267	-174	221
-1111	-347	2968	-38	-499	216
-1139	-202	2972	144	-782	243
-1118	32	3017	145	-764	337
-1011	560	3558	66	-322	564
-1244	770	5055	132	16	1229
-2116	1020	6608	303	102	1170
-3057	338	9181	312	947	1229
-5112	170	12716	-247	1229	299
-5575	556	13552	-466	-191	-432
-3794	1016	11908	-481	-898	-267
-3028	1127	10069	-780	-329	-656
-3361	219	7046	-873	296	-1143
-3470	-133	3092	-829	1935	-1835
-2243	114	1628	-493	2743	-1607
-889	578	1723	-434	2906	-1152
-1427	1132	2259	-755	697	2
-2840	436	1007	-387	-4187	1986
-2281	660	-253	-367	-5599	3658
-1502	-26	-402	-342	-5987	4587
-38	-337	-731	-186	-6984	4045
2687	-856	-3040	-1753	-8052	1428
2994	-1595	-4747	-142	-2790	-117
2532	-1066	-3235	398	3682	-595
676	-417	-741	620	6928	-869
-186	-15	1063	-329	5754	-669
-769	217	2109	-437	2745	-599
-708	187	1377	328	-368	10
-617	652	756	647	-514	585
-878	286	389	-164	-1219	668
-548	69	23	-31	-1638	1027
-1945	-189	-176	53	-1323	1361
-4525	276	-934	495	-204	2175
-2664	-1364	-259	284	3551	890
968	130	6852	514	8599	-1982
-6202	33	15643	488	9852	260
-8634	261	20468	-671	1385	-1399
-5634	-199	10444	-280	-4831	-724
-945	1610	3222	412	-3038	-791
-691	1816	4821	390	719	825
-2396	622	6567	-155	822	1116
-3005	-243	7098	-282	-194	770
-2442	-664	5756	-105	-990	262
-1627	-508	4499	32	-801	-303
-1356	91	3954	221	-452	-518
-1497	463	3635	255	-350	-340
-1531	610	3179	138	-258	-71
-1468	419	3074	13	197	70
-1535	315	3377	-40	478	-5
-1599	242	3572	-25	358	-84
-1550	281	3455	-52	-1	-61
-1422	280	3172	-92	-166	70
-1287	168	3106	-89	-15	131
-1299	147	3287	-45	128	151
-1346	262	3361	-45	159	160
-1390	370	3453	-72	141	202
-1395	392	3629	-114	100	277
-1498	221	3921	-174	-11	322
-1519	77	4004	-218	-229	296
-1492	25	3890	-231	-415	219
-1462	56	3760	-207	-485	141
-1352	81	3681	-166	-489	77
-1322	114	3572	-116	-515	63
-1228	47	3428	-105	-467	10
-1164	-25	3465	-103	-318	-69
-1231	37	3656	-60	-160	-89
-1361	98	3912	-37	-145	-81
-1426	151	4090	-32	-302	-150
-1435	212	4066	-38	-534	-205
-1351	178	3878	-53	-666	-223
-1210	125	3684	-54	-623	-254
-1145	69	3665	-45	-483	-281
-1181	90	3703	-23	-373	-269
-1222	97	3723	14	-288	-242
-1257	151	3854	35	-243	-254
-1278	213	3874	52	-275	-200
-1298	232	3802	48	-292	-164
-1323	294	3728	36	-265	-105
-1291	333	3692	15	-212	17
-1297	248	3761	-30	-158	46
-1304	179	3794	-79	-172	49
-1289	162	3834	-101	-165	76
-1290	148	3924	-90	-139	104
-1201	160	3842	-65	-68	132
-1233	217	3880	-52	-9	144
-1262	248	3877	-57	-4	204
-1379	85	3838	-23	92	-21
-1376	104	3822	-29	67	-26
-1372	129	3823	-34	77	-3
-1386	120	3819	-32	101	15
-1403	93	3818	-45	99	8
-1402	65	3786	-52	84	-8
-1388	49	3774	-40	91	-34
-1389	15	3813	6	101	-35
-1381	57	3940	16	74	-52
-1404	162	4003	-4	28	-35
-1388	209	4035	-9	-54	5
-1346	209	3973	-13	-159	40
-1308	178	3874	5	-197	100
-1290	126	3763	21	-153	130
-1294	129	3722	16	-59	143
-1333	156	3776	-6	16	160
-1389	132	3744	-25	62	168
-1402	115	3792	-35	81	138
-1445	127	3792	-43	51	140
-1446	75	3767	-37	7	103
-1441	50	3712	-10	-38	77
-1420	-28	3623	44	-48	78
-1375	17	3730	78	-11	121
-1390	40	3859	97	17	143
-1371	120	4033	106	-26	94
-1376	234	4107	126	-131	96
-1345	248	4089	130	-248	148
-1280	250	3963	90	-290	202
-1262	210	3875	29	-213	222
-1286	153	3815	-21	-94	196
-1326	95	3815	-38	-1	180
-1424	55	3827	-53	43	154
-1456	29	3803	-51	57	125
-1445	50	3736	-38	49	76
-1420	47	3603	-16	43	62
-1414	36	3493	7	95	32
-1403	-36	3401	24	176	-16
-1363	-97	3341	47	232	-92
-1372	-87	3262	59	236	-138
-1357	38	3255	66	221	-110
-1330	169	3265	111	240	-20
-1360	328	3220	102	272	77
-1258	267	3179	61	266	182
-1178	89	3227	-31	156	134
-1118	29	3304	-191	-10	95
-1078	117	3484	-152	1	245
-1187	139	4009	4	83	443
-1358	133	4552	24	36	469
-1477	227	5041	-125	-85	365
-1605	232	5616	-228	-204	370
-1762	-98	6704	-152	-186	252
-2325	-325	8839	176	-173	90
-3060	-125	11246	364	131	-159
-3784	997	11011	-73	-760	-563
-3364	772	7651	-428	-1108	-831
-2788	9	5305	-320	-271	-1264
-2069	102	3305	-217	415	-1504
-1435	-80	2076	9	1018	-1272
-885	-152	1303	198	1115	-1122
-575	54	1129	284	907	-548
-410	262	827	396	-631	198
-142	142	414	802	-2445	1003
-164	-10	21	775	-4147	1408
-183	-132	-234	307	-4810	1435
-112	-134	-341	-390	-4977	1029
190	-109	-436	-613	-5312	280
1148	-155	-1052	-71	-4745	-578
855	132	-1058	528	-2476	-548
251	158	-1038	361	-487	-136
-9	303	-1351	174	2189	263
-656	-26	-1770	21	7745	559
-4650	-72	4048	688	6397	-1638
-1268	1553	9282	311	8833	-1144
-4786	1402	16863	240	5408	49
-7020	880	14379	-1274	-2111	-455
-4403	-1160	8677	-559	-3755	-193
-654	132	5440	704	-2230	-177
118	826	3392	888	-572	25
-575	1015	3898	192	624	-278
-1228	1071	3983	-139	397	-167
-1271	553	3214	-277	161	503
-1150	-220	2365	-273	236	633
-1099	-454	1921	-243	752	227
-1296	-412	2306	-19	1354	4
-1518	-371	3157	206	1421	-51
-1717	-232	4138	328	948	40
-1889	59	4622	247	147	12
-1697	569	4168	81	-193	-76
-1434	983	4179	26	135	77
-1429	799	4530	-8	187	114
-1313	380	4272	-34	-191	-29
-1095	-13	3825	-66	-417	-123
-951	-240	3452	-69	-420	-174
-968	-167	3230	-64	-114	-265
-1054	80	3409	-38	298	-242
-1295	287	3868	-12	422	-138
-1460	454	4151	8	257	1
-1447	505	4200	15	-2	90
-1310	379	3988	40	-187	123
-1188	129	3765	53	-163	36
-1211	47	3792	39	-17	-93
-1315	104	3981	19	-17	-156
-1306	184	4072	13	-157	-183
-1265	255	3955	26	-312	-130
-1219	266	3791	37	-291	-31
-1225	246	3785	49	-179	3
-1265	262	3831	57	-118	-12
-1333	288	3832	46	-104	-1
-1287	313	3849	27	-73	-3
-1268	318	3896	2	-79	13
-1257	289	3847	-12	-109	33
-1263	265	3836	-15	-108	38
-1287	265	3860	-16	-80	73
-1303	234	3881	-15	-56	106
-1324	186	3839	-23	-49	82
-1276	178	3803	-24	7	28
-1283	193	3864	-19	41	-5
-1313	201	3932	-19	-12	-38
-1335	227	3844	-13	-69	-51
-1322	262	3765	-14	-45	-24
-1319	224	3736	-8	34	24
-1319	203	3800	-10	109	9
-1368	244	3920	-2	107	5
-1396	240	3918	-4	54	7
-1391	277	3852	-8	13	12
-1349	270	3840	-4	21	41
-1318	250	3835	-11	38	66
-1311	258	3855	-24	40	82
-1341	230	3879	-17	29	103
-1364	204	3899	-9	11	100
-1383	180	3794	-42	-56	52
-1336	172	3751	-38	5	45
-1328	158	3803	-35	38	50
-1350	120	3849	-27	38	13
-1389	139	3876	-15	21	-29
-1386	155	3876	-18	-4	-45
-1364	150	3856	-17	-16	-43
-1357	134	3796	-12	-16	-51
-1341	137	3786	-10	6	-83
-1321	155	3759	-5	27	-98
-1312	155	3797	2	25	-97
-1323	152	3797	10	17	-92
-1305	154	3827	15	18	-81
-1303	146	3958	28	-12	-70
-1318	175	4041	40	-61	-60
-1272	237	4085	40	-142	-35
-1200	278	3999	30	-232	-6
-1124	245	3887	28	-241	41
-1136	230	3842	23	-143	68
-1199	207	3881	17	-46	92
-1273	180	3879	11	-36	105
-1308	137	3821	-5	-39	114
-1337	125	3781	-21	-21	97
-1347	122	3757	-32	17	48
-1364	111	3763	-36	73	28
-1415	64	3837	-21	115	8
-1446	66	3871	-23	109	-26
-1432	69	3837	-23	93	-62
-1403	96	3781	-16	94	-76
-1397	105	3741	-2	125	-74
-1433	130	3761	0	168	-62
-1440	158	3814	0	173	-44
-1446	151	3780	-3	169	-38
-1423	145	3794	-2	175	-60
-1420	136	3760	0	157	-74
-1393	138	3667	-11	147	-119
-1378	135	3557	-8	157	-126
-1373	71	3445	-4	182	-149
-1382	35	3257	-2	225	-209
-1427	90	2871	-10	266	-270
-1418	217	2263	-42	387	-283
-1262	403	1670	-78	558	-286
-994	564	1271	-95	762	-204
-763	513	1300	27	957	247
-785	312	1798	229	776	950
-1330	286	2512	328	491	1418
-1532	316	3199	454	213	1782
-1128	212	4289	427	-328	1847
-1378	159	4786	104	-583	1494
-1334	342	5852	-32	422	1466
-2684	-9	8555	-21	1451	810
-4850	-12	13184	30	1406	-83
-5492	516	14884	-33	-590	-347
-4539	583	12257	-297	-1509	-592
-3364	908	11013	-569	-748	-1122
-3770	904	9521	-523	29	-2028
-4051	1463	5340	-681	1384	-2804
-2584	754	3503	-627	1914	-1704
-1130	216	2393	-369	1730	-400
-1178	-190	2163	-642	1251	822
-3360	-926	2073	-258	-3121	1799
-2374	-257	103	569	-7840	2179
-2706	432	-591	-455	-7222	2234
-2139	207	-727	-593	-8133	2360
68	226	-1216	-765	-9363	1692
2912	-199	-3976	-2408	-9713	-751
3612	-81	-5365	12	-3291	-1047
2149	-86	-3531	-297	3116	-52
796	-746	-1475	-116	5511	382
-536	-413	42	572	5177	1
-979	-124	524	419	3452	-82
-1171	26	355	225	2081	-127
-1143	-30	450	143	1582	-291
-608	-223	736	147	851	-731
-153	-21	882	204	-32	-1109
-855	371	782	40	-506	-378
-1840	727	744	116	-753	972
-5497	302	-660	402	910	2599
-283	-2119	3873	725	5640	-1711
143	241	14289	-377	10975	-2630
-4902	-139	15831	-10	2915	-1454
-5507	849	14467	-150	-393	-842
-2695	1497	8145	268	-3188	-899
-926	1449	4069	364	-738	-33
-1696	45	6724	200	1763	442
-2775	-362	8264	122	731	26
-2661	34	7377	223	-949	-452
-1701	226	5200	188	-1619	-326
-950	258	3893	158	-868	-284
-1027	106	3746	112	-61	-383
-1362	295	3548	5	167	-467
-1445	255	3326	-97	239	-315
-1313	195	3179	-34	261	39
-1373	98	3392	-53	371	180
-1343	156	3454	-72	256	211
-1298	233	3366	-97	40	286
-1254	261	3072	-105	-40	354
-1166	273	2948	-153	7	360
-1118	139	2952	-188	116	414
-1095	47	3086	-212	244	424
-1168	-51	3328	-181	270	422
-1233	-109	3491	-130	187	324
-1243	-67	3526	-71	133	298
-1283	-42	3669	-3	146	371
-1349	-54	3862	43	120	353
-1346	-10	4008	22	64	222
-1306	125	4060	-23	-88	136
-1259	152	3958	-47	-306	88
-1087	34	3747	-4	-332	71
-975	-37	3650	56	-188	54
-1029	-25	3724	95	-15	51
-1120	7	3820	92	72	-5
-1232	93	3981	75	43	-32
-1277	111	3991	57	-115	-32
-1257	39	3845	43	-204	-86
-1211	75	3760	25	-139	-189
-1177	161	3848	41	-91	-204
-1197	147	3976	70	-118	-183
-1221	78	4012	92	-173	-208
-1239	88	3941	102	-186	-221
-1236	107	3841	117	-172	-193
-1196	166	3741	107	-135	-205
-1191	192	3763	99	-60	-187
-1213	185	3864	93	-34	-166
-1243	195	3921	88	-56	-141
-1244	183	3898	78	-79	-111
-1199	269	3841	60	-46	-61
-1199	303	3838	40	-1	18
-1220	263	3863	15	34	114
-1259	193	3904	-22	68	179
-1364	92	3841	-7	-2	-3
-1367	85	3845	0	-2	0
-1381	87	3849	3	-7	-14
-1368	87	3828	-3	0	-37
-1352	107	3850	-7	2	-35
-1352	101	3893	-1	-11	-30
-1332	95	3866	-4	-29	-32
-1326	91	3836	-9	-18	-41
-1330	95	3836	-9	-2	-51
-1335	75	3831	-9	16	-54
-1333	73	3828	-2	38	-59
-1333	71	3849	8	44	-61
-1351	67	3875	13	29	-75
-1354	56	3879	13	0	-96
-1337	102	3823	14	3	-106
-1318	104	3791	11	43	-98
-1314	133	3809	9	75	-85
-1349	126	3853	5	87	-54
-1342	103	3898	1	64	-50
-1374	79	3848	5	38	-53
-1331	38	3835	13	89	-80
-1339	69	3891	14	83	-103
-1340	103	3880	19	45	-93
-1372	126	3776	21	46	-90
-1391	130	3788	15	76	-66
-1409	94	3842	7	82	-54
-1394	82	3864	4	62	-66
-1383	98	3848	9	27	-79
-1381	106	3807	8	21	-71
-1358	108	3782	4	41	-54
-1377	99	3757	1	55	-46
-1395	78	3734	0	72	-37
-1358	50	3699	14	82	-44
-1371	2	3720	27	77	-95
-1420	-57	3629	32	47	-177
-1389	17	3526	26	57	-231
-1346	61	3396	40	124	-221
-1297	113	3193	81	160	-219
-1258	104	2880	154	183	-188
-1124	109	2522	202	260	-165
-1031	135	2231	197	331	-159
-933	542	2039	179	378	-1
-910	640	2201	202	466	519
-919	306	2687	234	287	924
-1105	160	3066	211	-17	994
-1169	205	3396	175	-280	1117
-977	343	3945	90	-531	1075
-1089	380	4238	0	-776	972
-1332	347	4052	-100	-266	722
-1928	371	4750	-81	884	739
-2668	185	6522	35	1064	925
-3094	-294	8805	68	918	577
-4234	-654	11474	53	365	-404
-4201	-101	11944	71	219	-555
-3952	437	12457	-89	48	-656
-4025	1349	11594	-420	-52	-1210
-3672	1429	9549	-767	-93	-1612
-3290	808	6189	-872	386	-1235
-2586	-20	2761	-592	850	-1094
-1788	-101	1232	-312	1306	-697
-1348	-228	769	72	1417	68
-2653	-653	1219	411	-82	975
-3028	-844	1125	269	-4703	1000
-1512	-616	-256	-106	-7238	431
-1363	272	-577	40	-7650	516
1114	436	-1593	-435	-8925	866
3307	1376	-5384	-2786	-8148	-429
3545	1547	-6437	161	906	-41
1332	-211	-2485	-1057	6891	1112
-316	-874	523	-375	7170	1059
-1020	-1111	1628	328	6009	1008
-1203	-1088	2284	1229	3293	421
-985	-375	2295	45	-218	-879
-665	-299	1370	-642	-2098	-1362
-869	466	398	311	-2422	-957
-390	29	-663	-126	-3078	-677
-168	214	-1138	14	-1928	-307
-1364	515	-1092	41	-1014	545
-3460	518	-1697	322	184	1592
-3571	-468	-2109	-21	4111	1554
-1039	481	1519	858	10434	-905
-6351	834	13582	436	16502	771
-8813	-2125	19683	263	10100	-1338
-8755	548	21144	601	-1963	-1437
-3536	305	9415	909	-7356	-71
-677	834	3490	521	-4880	-774
-927	746	2669	254	-1061	-352
-1816	522	3756	180	1243	-63
-2428	-7	5190	241	1927	-188
-3144	-39	6434	134	1650	-301
-3302	55	6441	-43	448	-314
-2707	5	5262	-149	-686	-322
-2010	-3	3983	-124	-1253	-370
-1552	92	3028	-40	-1438	-404
-1283	155	2232	-155	-1300	-302
-1144	55	1873	-98	-735	-7
-1209	-139	2278	-98	-1	82
-1363	-202	2864	-28	204	81
-1606	-196	3321	41	103	33
-1693	-68	3594	53	-198	-63
-1655	95	3684	37	-541	-10
-1641	136	3554	31	-878	116
-1534	120	3256	-9	-958	196
-1434	58	3134	-38	-729	232
-1453	-63	3325	-41	-444	210
-1542	-91	3497	-90	-282	110
-1597	-142	3689	-75	-244	79
-1624	-163	3874	-40	-263	-14
-1570	-49	3971	-8	-372	-68
-1515	46	3950	-1	-485	-31
-1473	60	3777	-12	-516	8
-1354	33	3624	-42	-426	1
-1366	47	3549	-32	-303	-21
-1403	-57	3460	5	-173	-32
-1429	-93	3552	59	-74	-69
-1508	-50	3525	78	-108	-91
-1522	-25	3507	80	-106	-89
-1562	-14	3699	81	-136	-112
-1529	-9	3761	83	-261	-143
-1493	-2	3711	92	-281	-149
-1447	-21	3666	100	-251	-158
-1434	13	3601	84	-196	-175
-1438	14	3617	80	-118	-156
-1450	-10	3678	87	-72	-155
-1455	43	3736	84	-41	-172
-1460	77	3840	87	-41	-136
-1505	81	3844	79	-87	-108
-1498	35	3773	78	-113	-96
-1509	29	3662	69	-65	-141
-1469	10	3600	55	14	-161
-1537	14	3817	-43	79	50
-1561	4	3799	-38	44	47
-1552	-37	3689	-28	79	47
-1549	-56	3741	-25	158	11
-1587	-59	3824	-11	153	-8
-1618	-17	3801	-4	101	-47
-1638	62	3766	-1	63	-16
-1642	82	3707	-7	54	36
-1644	67	3695	-16	65	64
-1636	33	3696	-28	91	71
-1615	-20	3715	-34	119	60
-1651	-37	3746	-34	122	26
-1669	-18	3740	-21	113	5
-1654	-9	3721	-9	120	-6
-1644	6	3720	-6	119	-10
-1656	8	3692	-10	126	-6
-1677	14	3670	-9	149	8
-1695	36	3710	-14	148	38
-1738	32	3767	-30	114	61
-1745	-6	3778	-33	76	50
-1719	-52	3788	-29	32	10
-1645	-84	3749	-10	-13	-38
-1600	-79	3678	13	-18	-73
-1556	-25	3565	12	69	-88
-1558	-19	3528	16	223	-84
-1610	-49	3591	24	348	-80
-1676	-80	3680	28	373	-81
-1719	-63	3767	32	323	-97
-1728	-70	3798	38	243	-114
-1691	-92	3783	35	172	-145
-1653	-35	3713	25	161	-151
-1636	-42	3595	15	215	-139
-1570	-48	3576	18	300	-154
-1597	-50	3619	12	290	-118
-1590	-45	3679	2	275	-101
-1649	-43	3743	-2	255	-113
-1647	-59	3769	-7	211	-114
-1655	-54	3736	-24	144	-113
-1597	-2	3547	-50	94	-113
-1541	19	3351	-30	56	-64
-1450	-75	3156	22	68	-68
-1382	-60	2946	64	105	-99
-1324	64	2585	103	83	-28
-1114	250	2150	140	19	121
-723	536	1921	139	-15	350
-500	635	2064	91	-106	761
-858	278	2507	18	-451	995
-1340	16	2897	-110	-656	1074
-1773	-170	3944	-100	-501	1258
-2142	79	5716	55	-754	1227
-2178	71	7118	147	-906	1016
-2791	-302	10174	210	97	306
-5774	-446	12699	213	-36	38
-5393	-256	12537	35	-640	-464
-4425	268	11454	-136	-833	-863
-3746	263	8867	-306	-395	-1225
-3236	151	5474	-417	813	-1661
-2892	53	3046	-406	1597	-1798
-1660	-101	1800	-339	1890	-1648
-491	273	1616	-347	1155	-958
-1222	203	1182	-474	-1252	342
-2120	-114	365	-85	-4456	1467
-2134	-29	-297	11	-5596	2161
-1501	2	-618	-220	-6222	2303
-513	62	-623	35	-6151	2153
1580	-92	-1653	-542	-7716	475
2611	196	-2971	500	-5169	-576
2178	646	-2564	13	68	-311
1275	114	-1505	-614	2339	490
460	-92	-665	-476	3231	762
-561	-403	-97	-152	3244	742
-956	-368	167	159	1962	503
-761	-221	102	-31	1225	194
-920	-278	128	11	997	-22
-2244	-63	4	60	1026	-224
-4530	43	-219	363	1666	287
-2340	-666	1622	145	4705	940
458	-275	9188	421	8114	-1676
-6933	-9	18086	194	7166	543
-6547	-32	15238	-26	161	-497
-4325	-658	9604	108	-4334	-880
-1002	143	3195	361	-3660	-796
-567	608	2798	383	432	-447
-1977	879	5585	348	2183	25
-3114	314	7426	243	1127	483
-2811	-142	7142	271	-786	213
-1901	-334	5335	214	-1780	-224
-1339	-285	3799	92	-1292	-515
-1365	22	3357	64	-213	-576
-1599	195	3676	107	659	-402
-1815	190	4438	125	940	-341
-2089	227	5021	113	616	-271
-2113	171	4820	47	-80	-264
-1759	131	4123	-5	-362	-252
-1508	80	3627	-26	-287	-213
-1377	100	3344	-15	-93	-141
-1328	82	3224	-16	112	-72
-1347	137	3189	23	319	-27
-1391	78	3290	15	419	-75
-1511	45	3394	45	364	-31
-1522	50	3268	49	230	14
-1488	15	3113	55	174	55
-1458	-66	2965	70	163	34
-1475	-71	2977	100	347	-16
-1510	-120	3325	132	516	-86
-1561	-53	3725	135	476	-189
-1607	16	3968	149	151	-227
-1594	12	3794	146	-197	-255
-1483	12	3504	99	-279	-305
-1405	-5	3381	45	-150	-314
-1396	-16	3437	23	54	-292
-1473	40	3718	29	163	-262
-1548	104	3901	28	71	-242
-1591	208	3897	15	-133	-163
-1565	182	3760	-6	-270	-63
-1475	83	3585	-41	-271	-24
-1469	-9	3538	-82	-189	-21
-1492	-50	3548	-97	-113	-35
-1530	-63	3627	-94	-39	-50
-1548	-1	3777	-76	-28	-63
-1580	73	3792	-80	-108	0
-1542	106	3784	-93	-172	54
-1504	122	3712	-102	-195	108
-1483	67	3698	-95	-163	193
-1525	-13	3767	-96	-148	194
-1550	-82	3787	-107	-152	159
-1555	-78	3740	-97	-149	122
-1493	-40	3713	-56	-109	123
-1511	-20	3772	-45	-80	127
-1517	-28	3805	-48	-104	140
-1481	-23	3797	9	-7	-74
-1475	-14	3801	-3	-3	-49
-1477	-62	3791	-12	-2	-29
-1479	-103	3799	-10	-2	-24
-1451	-125	3770	1	21	-38
-1471	-129	3795	15	37	-76
-1485	-118	3823	17	9	-94
-1501	-74	3793	10	1	-87
-1467	-34	3765	8	32	-62
-1465	-65	3806	10	44	-49
-1471	-97	3824	-1	25	-46
-1497	-73	3793	-3	11	-41
-1510	-45	3798	-5	1	-36
-1494	-45	3778	-8	-8	-18
-1509	-73	3767	-9	6	-6
-1522	-108	3800	-7	24	-9
-1517	-91	3787	-3	22	-12
-1520	-77	3785	-8	13	-14
-1525	-64	3772	-13	11	-10
-1530	-40	3772	-24	18	-5
-1556	-45	3799	-31	23	10
-1551	-122	3803	-14	28	13
-1547	-109	3839	-12	2	-15
-1536	-89	3817	-5	-32	-6
-1558	-52	3784	-6	-75	-15
-1544	-25	3731	-10	-98	15
-1524	-56	3683	-10	-73	57
-1482	-54	3707	-15	-31	76
-1468	-45	3803	-12	-12	84
-1463	-45	3874	-2	-35	85
-1473	-9	3902	8	-109	103
-1456	-3	3823	11	-179	142
-1412	23	3738	14	-181	190
-1357	18	3739	20	-157	237
-1315	25	3749	28	-135	245
-1294	35	3816	40	-130	267
-1290	23	3836	78	-168	296
-1297	-7	3762	105	-215	297
-1336	-60	3579	93	-243	278
-1313	-65	3349	55	-186	243
-1272	-34	3189	25	-67	279
-1228	-78	3124	22	-30	339
-1254	-165	2990	27	-56	352
-1199	-144	2857	-17	-82	216
-1109	34	2680	-62	-38	191
-1049	39	2686	-31	-17	353
-1010	-256	2889	5	-106	351
-1133	-227	3214	-34	-58	191
-1272	-28	3948	37	149	369
-1417	-23	5336	135	91	411
-1722	75	6958	152	-303	223
-2016	389	8248	106	-516	98
-2225	101	10210	176	192	60
-2817	-105	12145	168	-43	-9
-3267	49	10156	-165	-1078	-393
-3069	-88	6806	-444	-909	-1074
-2908	-27	4156	-423	536	-1709
-2753	228	2388	-286	1699	-1366
-2058	37	1437	-97	2492	-862
-1417	-54	1079	171	2384	-377
-664	-67	1211	266	1737	-41
-422	-162	1427	114	-660	304
95	88	625	-7	-3911	702
171	-363	-95	-507	-4715	1087
238	-638	-259	-84	-4002	1100
236	-496	-231	371	-3391	306
201	47	-201	639	-3315	-750
489	382	-374	456	-3418	-1496
640	643	-539	555	-2563	-1407
398	773	-608	830	-1493	-546
74	1066	-896	1190	531	898
-1801	1489	-1575	445	4992	2828
-4257	-1749	1674	338	4224	3146
-287	-1244	7362	254	7439	-1655
-4039	-80	17053	31	6941	-737
-7449	507	15658	-620	-1316	-1395
-5721	-539	7880	-520	-4702	-795
-49	14	4650	263	-1516	-1109
545	1256	4379	511	365	-541
-1390	1046	4856	199	706	-35
-2045	598	4544	-136	32	128
-1621	-52	3520	-17	-59	479
-876	-505	2727	-6	420	189
-806	-485	2269	15	884	-274
-1354	-405	2324	124	1094	-413
-1745	-234	2780	248	966	-511
-1651	-32	3476	260	839	-496
-1621	129	4281	245	585	-381
-1761	211	4538	183	3	-291
-1514	426	4177	69	-254	-263
-1342	701	4244	-13	-240	-112
-1304	637	4265	-42	-408	123
-1203	309	3910	-78	-516	179
-1022	49	3526	-99	-353	88
-1004	-79	3415	-53	42	101
-1251	-116	3710	-24	337	77
-1458	-17	4030	-27	270	-10
-1545	85	4077	-28	-18	-25
-1477	171	3978	-29	-206	-8
-1372	144	3845	-35	-251	46
-1290	58	3611	-55	-200	18
-1305	11	3523	-62	-63	-13
-1376	-11	3658	-47	63	-38
-1406	-41	3921	-15	75	-66
-1476	-72	4074	25	-80	-88
-1449	-62	3968	39	-247	-147
-1367	6	3835	50	-272	-171
-1354	69	3775	55	-222	-191
-1343	89	3726	40	-170	-204
-1325	115	3685	18	-90	-161
-1304	73	3717	11	24	-115
-1330	45	3822	-4	64	-115
-1405	59	3776	-23	31	-96
-1395	66	3716	-30	59	-73
-1402	39	3794	-24	76	-84
-1422	3	3850	-9	45	-110
-1392	-27	3798	5	64	-168
-1366	26	3823	29	97	-186
-1353	90	3801	41	106	-133
-1358	165	3811	42	115	-89
-1356	188	3887	33	104	4
-1417	161	3900	12	50	65
-1421	106	3855	-20	13	41
-1372	135	3845	-42	14	30
-1349	121	3850	-50	22	71
-1392	75	3821	-50	36	81
-1416	152	3794	-67	74	84
-1464	111	3767	-77	94	99
-1468	41	3744	-88	124	84
-1476	-11	3725	-79	150	69
-1460	10	3793	-18	10	2
-1469	14	3824	-9	11	-14
-1454	36	3863	-4	-25	-33
-1434	25	3843	2	-40	-48
-1428	13	3792	-1	-49	-58
-1427	17	3769	4	-11	-65
-1431	44	3818	5	3	-67
-1418	47	3834	5	7	-65
-1434	49	3864	5	-18	-56
-1427	20	3856	3	-66	-55
-1416	33	3790	6	-74	-56
-1391	12	3702	19	11	-59
-1391	1	3820	31	61	-97
-1445	6	3826	39	13	-118
-1445	46	3766	46	-29	-163
-1427	92	3779	38	-62	-143
-1410	91	3856	7	-89	-99
-1404	64	3929	-3	-95	-81
-1334	54	4005	-4	-123	-116
-1303	67	4024	17	-201	-100
-1278	68	3956	29	-250	-63
-1284	77	3883	24	-226	-34
-1269	97	3860	31	-160	-5
-1305	80	3847	39	-104	27
-1368	72	3842	37	-83	39
-1432	61	3762	26	-71	32
-1459	52	3708	11	-26	2
-1453	12	3701	-3	38	-26
-1485	2	3707	-16	115	-47
-1546	-11	3766	-20	152	-66
-1536	0	3791	-9	145	-79
-1540	11	3824	5	119	-80
-1535	52	3812	3	85	-68
-1534	87	3800	-11	56	-57
-1508	101	3745	-19	76	-23
-1487	63	3725	-24	102	12
-1473	63	3728	-26	120	23
-1479	64	3730	-30	142	39
-1495	79	3744	-42	155	41
-1493	56	3708	-44	142	51
-1522	-17	3563	-55	125	29
-1508	-44	3388	-61	129	-11
-1487	-100	3154	-51	190	-45
-1457	-188	2957	-31	254	-156
-1431	-131	2781	10	225	-237
-1276	-20	2622	113	173	-242
-1207	179	2582	277	29	-107
-1143	591	2865	448	-184	448
-1326	758	3661	455	-465	1053
-1434	762	5219	263	-484	1233
-2110	406	8626	-150	-678	1074
-2459	-1030	10832	-315	347	394
-4614	-1017	11091	-166	392	-871
-4408	-530	9693	165	232	-782
-3012	-48	8005	355	-234	-741
-2013	166	4986	443	-772	-952
-1418	218	2590	396	-855	-1419
-676	244	1248	207	-713	-1358
-410	396	454	-131	-1231	-1228
-241	295	56	-294	-2083	-981
-176	181	-29	-217	-2959	-360
-274	-191	-88	186	-4130	529
-129	-117	-179	739	-5333	1086
144	233	-325	874	-6349	906
1101	517	-866	626	-6460	363
907	631	-1155	386	-4559	301
113	698	-1074	246	-2801	626
-401	202	-1143	-316	-654	1088
-855	-413	-1773	-800	2667	1236
-1153	-2200	-2507	-490	9944	923
-3083	-1868	6957	2142	13073	-3136
-4085	2343	16521	111	11130	-1465
-9076	3190	21170	-894	2349	-1100
-4198	318	10166	-551	-3730	1122
-70	-790	2887	263	-1221	165
-70	-790	2887	263	-1221	165
-824	-45	2565	27	961	-556
-1243	234	3136	-132	1536	-734
-1264	281	3035	-67	1138	-351
-1219	22	2775	-4	897	219
-1155	-283	2693	-10	686	133
-1244	-327	2620	75	345	-158
-1423	-256	2536	153	73	-327
-1417	-182	2686	186	1	-390
-1404	-159	3118	196	47	-457
-1433	-59	3662	164	275	-582
-1567	86	4351	115	411	-728
-1797	313	4866	79	249	-778
-1904	353	4931	99	-25	-600
-1738	293	4677	176	-216	-325
-1424	327	4222	239	-200	-72
-1233	381	3809	177	-114	24
-1162	261	3536	47	-8	-57
-1124	162	3454	-18	76	-68
-1177	10	3517	31	160	2
-1274	-9	3681	135	130	33
-1379	57	3817	201	52	14
-1462	110	3945	202	1	55
-1545	122	4050	144	-31	73
-1605	183	4103	33	-92	58
-1552	230	4038	-83	-141	6
-1445	187	3890	-131	-177	-26
-1347	146	3813	-112	-215	-37
-1286	132	3681	-59	-217	48
-1274	148	3667	-51	-120	108
-1337	130	3714	-58	-16	142
-1336	99	3841	-76	20	165
-1391	88	3886	-80	5	215
-1411	103	3841	-76	-22	228
-1409	115	3801	-78	-3	212
-1414	135	3797	-67	7	218
-1389	142	3779	-64	31	214
-1431	57	3821	-67	48	176
-1432	-25	3848	-61	10	114
-1397	-43	3819	-33	-24	88
-1379	20	3807	-10	-13	79
-1372	71	3835	-1	3	94
-1411	109	3851	-5	-1	94
-1419	100	3862	-15	-15	91
-1397	66	3837	-18	-36	89
-1373	60	3793	-9	-30	77
-1349	98	3804	-1	11	65
-1414	136	3824	3	33	60
-1467	154	3841	4	13	80
-1440	167	3829	-8	16	124
-1417	161	3834	-17	12	162
-1403	151	3830	-27	2	151
-1419	109	3813	-28	1	110
-1439	65	3804	-11	17	61
-1472	60	3802	11	25	12
-1394	85	3884	-11	44	-92
-1395	92	3880	-19	6	-84
-1373	98	3843	-26	0	-58
-1370	89	3809	-27	27	-45
-1361	97	3845	-31	53	-54
-1391	85	3869	-33	45	-39
-1385	33	3867	-29	35	-34
-1385	21	3831	-29	28	-42
-1376	24	3833	-25	37	-46
-1394	23	3819	-16	49	-49
-1389	27	3811	-9	99	-88
-1422	28	3847	-8	81	-87
-1423	27	3828	-3	50	-111
-1430	50	3833	5	31	-112
-1413	38	3797	5	31	-83
-1415	31	3814	3	43	-75
-1424	42	3861	1	57	-91
-1426	53	3869	-5	52	-84
-1432	34	3857	-6	41	-69
-1446	32	3848	-3	15	-68
-1448	42	3835	-10	-4	-69
-1424	25	3790	-7	-1	-51
-1424	5	3767	-10	38	-41
-1417	2	3790	-6	62	-61
-1435	30	3837	-4	66	-72
-1461	42	3837	-12	41	-64
-1460	53	3851	-13	9	-56
-1441	48	3795	-17	2	-51
-1437	41	3782	-16	25	-28
-1434	20	3812	-16	33	-10
-1438	8	3833	-19	30	-18
-1435	-1	3863	-15	8	-48
-1431	0	3873	-12	-19	-61
-1430	21	3859	-5	-59	-39
-1407	42	3829	-2	-76	-17
-1372	56	3843	-6	-60	-5
-1358	65	3833	-10	-53	15
-1361	62	3802	-15	-67	41
-1361	48	3749	-15	-78	49
-1372	40	3635	-24	-95	61
-1400	39	3447	-55	-91	68
-1364	23	3267	-97	-34	49
-1349	-25	3238	-130	4	0
-1305	-114	3255	-117	13	-113
-1342	-189	3127	-46	-61	-233
-1247	-181	2951	45	-165	-241
-1053	20	2892	152	-332	-145
-975	367	2963	279	-464	392
-1187	201	3442	309	-494	649
-1094	222	4581	96	-279	541
-1645	201	6392	-26	-81	833
-2310	-277	8887	61	478	514
-3485	-346	12213	32	507	-275
-3906	454	12961	11	-453	-341
-2882	40	9188	-131	-1389	-544
-2518	-645	4672	-41	-200	-1676
-2352	-323	2214	-14	1066	-2518
-2038	-32	689	-92	1865	-2203
-1294	389	298	-247	2248	-1349
-1198	366	455	-284	2141	-361
-1526	-151	779	-139	615	550
-664	-172	655	193	-2417	954
1175	-193	736	658	-3302	746
2141	148	1148	1671	-3494	342
1794	572	670	1583	-3390	-40
766	941	40	718	-3479	-66
428	755	-261	-383	-2970	712
99	105	-281	-985	-2487	1316
17	-199	-219	-1026	-1918	1459
-430	-443	-284	-848	-937	1404
-2314	-1410	-375	550	176	856
-5857	85	-495	1181	1863	-351
648	-61	681	1212	5172	-205
1193	68	9776	162	9487	-50
-6838	1176	20946	-425	5414	-1123
-7036	1077	14686	-434	-3404	75
-2421	81	5572	-245	-4987	-541
638	-256	2864	-10	-2555	-223
549	-351	2989	315	1426	-60
-1587	126	5226	29	2433	-62
-2253	152	5706	-69	1187	-310
-2169	26	4877	27	34	-443
-1446	-15	3471	112	-382	-470
-1070	88	2767	214	173	-330
-1190	82	2950	257	628	-243
-1395	99	3178	214	506	-258
-1473	118	3359	149	174	-209
-1308	81	3378	126	212	-153
-1241	188	3737	43	481	-233
-1302	452	4173	-47	412	-202
-1429	556	4333	-42	117	50
-1331	404	4307	-16	-218	218
-1176	223	3961	-39	-462	304
-1018	69	3429	-85	-429	325
-952	23	3152	-115	-98	301
-1068	0	3368	-124	297	230
-1298	-15	3814	-122	391	181
-1454	-17	4133	-129	186	131
-1453	38	4082	-108	-83	119
-1373	80	3819	-93	-240	144
-1313	61	3576	-89	-212	169
-1215	15	3602	-105	-64	91
-1262	-12	3765	-81	19	51
-1287	-98	3893	-43	26	-4
-1331	-26	4009	-2	-48	-95
-1390	50	3959	24	-143	-102
-1351	134	3843	43	-162	-143
-1315	180	3843	40	-144	-153
-1287	198	3828	19	-142	-103
-1287	182	3815	21	-134	-55
-1269	147	3811	38	-82	-49
-1289	156	3855	37	-74	-57
-1340	163	3835	8	-97	-32
-1334	127	3787	-17	-86	-27
-1294	154	3769	-25	-33	5
-1269	184	3811	-32	29	69
-1328	177	3861	-43	43	116
-1365	186	3852	-46	50	146
-1362	140	3820	-59	59	136
-1376	153	3802	-81	67	137
-1372	130	3769	-84	90	189
-1374	157	3783	-78	98	261
-1409	123	3837	-61	79	310
-1458	124	3849	-73	59	272
-1480	171	3906	-88	21	248
-1441	200	3927	-107	-40	262
-1358	189	3909	-112	-113	281
-1311	159	3872	-107	-142	298
-1310	146	3864	-88	-97	332
-1350	167	3918	-75	-74	354
-1218	137	3841	-56	9	3
-1221	148	3835	-66	29	14
-1249	126	3866	-68	40	39
-1273	119	3921	-58	33	46
-1270	90	4005	-42	-8	36
-1244	77	4009	-35	-76	25
-1230	90	3961	-31	-131	33
-1221	128	3870	-25	-133	55
-1189	125	3805	-10	-63	60
-1184	115	3872	1	-32	58
-1220	113	3930	5	-57	82
-1257	151	3916	0	-82	100
-1316	162	3923	-5	-72	134
-1314	136	3901	-19	-59	163
-1308	95	3867	-28	-57	184
-1306	46	3790	-31	-29	166
-1305	20	3780	-40	4	132
-1356	23	3794	-43	31	112
-1401	22	3809	-52	56	95
-1417	26	3841	-64	78	79
-1420	-4	3842	-63	93	57
-1401	-37	3855	-52	102	10
-1383	-38	3826	-34	114	-39
-1394	5	3798	-26	122	-61
-1378	26	3798	-16	164	-67
-1384	34	3821	-10	181	-88
-1377	30	3834	-1	166	-75
-1418	40	3839	3	170	-63
-1419	51	3865	9	166	-67
-1418	43	3925	10	100	-119
-1420	60	3859	4	35	-142
-1387	55	3793	8	34	-127
-1384	27	3784	22	57	-121
-1391	45	3792	32	76	-143
-1401	47	3781	42	77	-148
-1408	43	3752	45	57	-163
-1418	18	3703	59	25	-173
-1406	34	3592	78	13	-174
-1418	57	3372	92	52	-140
-1392	106	3157	85	128	-132
-1393	179	2916	50	166	-101
-1333	84	2600	22	219	-82
-1325	-4	2246	-87	171	-203
-1259	35	1862	-140	217	-221
-1071	-81	1774	14	466	-72
-917	-276	2231	229	588	-84
-1124	55	2906	431	443	89
-1257	445	3610	581	98	756
-1194	565	4398	517	-172	1126
-1453	413	5530	316	-385	952
-2073	839	6837	112	49	1225
-3008	-1185	10478	184	1016	1336
-4732	-1001	13851	30	264	-295
-4619	865	12710	-239	-568	-1097
-3844	1814	10934	-566	-207	-1197
-2985	1270	9696	-964	493	-946
-3047	-142	6848	-829	790	-571
-2496	-597	3177	-566	1330	-1041
-1495	-298	1373	-244	1922	-1729
-958	358	844	-184	2382	-1749
-1499	642	1129	-600	856	-703
-2401	-668	1051	-50	-4015	817
-2160	-471	223	1768	-8152	1776
-1251	303	-961	751	-8076	2464
-1420	119	-858	-610	-7032	2971
925	267	-1462	-766	-7471	2728
2923	-466	-3148	-2393	-6561	-251
3187	-309	-3689	367	-952	-1141
1939	-59	-2187	17	3643	-183
919	-175	-767	-227	5482	646
-659	-384	256	283	5304	660
-842	-242	459	535	3478	466
-665	-181	448	605	1818	183
-525	-116	380	529	643	-139
-1390	-328	298	287	-267	-616
-3551	53	-234	590	359	-1324
-4853	640	-347	312	2557	-697
-1368	808	4264	775	6515	395
-1663	1341	13902	-154	12928	56
-11489	-585	22073	-469	4205	-733
-7106	-483	12899	-516	-4674	-1149
-1399	325	5677	352	-4934	-298
31	334	3411	381	-1678	254
-1581	475	5293	-129	475	75
-2419	111	5890	-158	106	44
-2289	-410	5158	97	-466	-39
-1678	-332	4211	280	-307	-232
-1448	9	3992	319	261	-261
-1629	181	3900	193	346	-329
-1732	303	3558	94	252	-342
-1738	238	3575	17	334	-162
-1688	71	3777	-11	280	-78
-1643	21	3700	-40	48	-130
-1517	47	3545	-116	-77	-158
-1386	113	3379	-100	-131	-43
-1343	112	3306	-87	-98	66
-1321	106	3256	-97	-68	154
-1283	123	3144	-129	-11	213
-1255	104	3123	-163	156	277
-1313	104	3285	-176	204	319
-1410	-47	3514	-148	96	376
-1462	-121	3621	-132	-90	296
-1461	-89	3666	-137	-216	239
-1453	-2	3727	-113	-285	280
-1408	98	3738	-111	-308	305
-1377	146	3713	-118	-305	327
-1320	144	3707	-136	-295	323
-1299	74	3743	-163	-294	313
-1289	-67	3724	-171	-296	277
-1276	-84	3708	-173	-245	191
-1252	-49	3761	-143	-218	125
-1316	-24	3864	-108	-218	69
-1344	19	3956	-102	-267	-29
-1367	45	4023	-95	-339	-90
-1364	57	4040	-91	-419	-100
-1316	122	3939	-101	-482	-116
-1256	176	3718	-96	-439	-77
-1223	179	3653	-85	-331	-9
-1277	141	3600	-61	-248	49
-1324	104	3639	-49	-178	94
-1383	80	3692	-43	-127	58
-1420	58	3799	-24	-102	-8
-1400	20	3881	-23	-126	-121
-1342	67	3893	-33	-170	-162
-1303	121	3949	-30	-192	-136
-1291	213	4044	-25	-241	-47
-1352	232	4085	-17	-312	80
-1341	199	3983	-11	-348	127
-1282	169	3864	4	-316	160
-1253	100	3731	-1	-209	105
-1305	-1	3841	-60	-18	126
-1316	-20	3892	-56	-6	126
-1313	-3	3887	-58	7	117
-1292	-5	3893	-56	1	117
-1263	-8	3871	-58	-9	98
-1249	-20	3829	-56	7	87
-1249	-29	3841	-55	37	74
-1259	-10	3862	-56	56	58
-1265	5	3886	-53	57	69
-1237	-21	3929	-47	49	70
-1252	-28	3928	-48	27	61
-1238	-55	3960	-38	9	53
-1235	-28	3938	-33	-19	42
-1224	-4	3901	-29	-28	41
-1210	-1	3877	-29	-14	39
-1194	12	3850	-36	13	35
-1185	-24	3889	-39	40	36
-1222	-45	3919	-40	39	24
-1242	-52	3933	-41	17	2
-1256	-35	3891	-34	-2	-8
-1246	-70	3759	-29	40	-16
-1235	-81	3835	-23	108	-74
-1285	-85	3917	-6	90	-91
-1309	-80	3965	11	35	-135
-1314	-35	3948	11	-26	-152
-1288	4	3917	1	-68	-143
-1231	0	3888	3	-70	-111
-1212	-10	3871	13	-54	-92
-1241	-3	3856	12	-35	-89
-1258	29	3853	3	-15	-59
-1267	-2	3823	-3	-7	-31
-1278	-47	3798	5	-8	-26
-1282	-71	3751	28	8	-22
-1284	-83	3794	43	27	-24
-1315	-64	3831	45	-5	-40
-1298	4	3822	23	-52	-64
-1250	110	3811	32	-88	-11
-1246	113	3715	66	-149	90
-1257	50	3548	102	-180	133
-1244	59	3286	124	-137	160
-1184	84	3028	140	-23	237
-1146	87	2739	129	90	287
-1105	127	2454	56	203	323
-1056	273	2447	-22	285	415
-1164	334	2707	-65	289	738
-1358	81	3229	-70	225	1037
-1372	-24	3840	-188	81	963
-1154	17	4502	-256	-120	937
-1108	57	5132	-211	-597	900
-1198	-107	5816	-141	-848	741
-1790	-393	7262	-24	23	543
-2730	-961	10956	143	1384	531
-4302	-569	13735	24	543	-47
-3759	125	11234	-302	-1122	-418
-2401	129	7512	-400	-912	-602
-1915	111	4895	-351	265	-532
-1883	173	2950	-138	1068	-358
-1388	0	1485	129	1283	-447
-820	159	742	110	1758	-308
-959	198	752	-71	1469	116
-965	-1	657	-26	-577	310
-725	-184	269	148	-2806	295
-416	-210	-148	512	-4019	430
-239	-139	-386	624	-3853	873
-191	-142	-272	584	-3954	1216
-38	-102	-47	229	-4927	911
1125	-430	-395	-7	-6061	-271
1348	-2	-856	344	-4720	-1190
910	405	-849	-6	-2774	-1090
223	361	-795	-371	-979	-525
-459	538	-1310	-89	1550	357
-1557	71	-2320	-430	8113	1246
-5384	-1067	2167	1058	10639	998
1192	1177	8305	83	10764	-1109
-5538	511	19286	28	8792	374
-8053	80	18116	-696	-1930	-615
-4969	-1147	7565	-376	-6500	-509
-1223	-540	2314	-112	-4707	-915
1015	-819	1375	-131	260	-1499
-1357	1481	4813	597	4471	-1220
-2448	1505	7719	356	2155	-182
-2796	891	7120	66	-970	243
-1834	506	3826	9	-2284	731
-922	-30	1824	-153	-1169	470
-623	-58	1545	-13	568	197
-1170	-85	2468	132	1382	116
-1619	-20	3279	185	1038	82
-1729	177	3864	115	557	165
-1530	158	3992	-17	52	159
-1342	62	3899	-108	-105	77
-1237	168	3854	-122	-37	85
-1211	290	3971	-125	84	231
-1252	354	4237	-134	71	430
-1270	215	4309	-147	-170	514
-1183	36	3934	-147	-364	424
-1096	-25	3465	-143	-212	307
-1061	-7	3326	-128	105	249
-1161	15	3614	-123	300	229
-1311	-28	3938	-132	209	188
-1359	-79	4043	-127	9	129
-1329	-120	4087	-99	-158	34
-1260	-156	4000	-59	-282	-76
-1191	-196	3855	-11	-309	-227
-1200	-179	3801	24	-273	-379
-1209	-90	3783	69	-195	-446
-1215	1	3869	116	-147	-455
-1238	61	3941	149	-178	-472
-1270	93	3908	159	-213	-500
-1272	85	3885	148	-203	-524
-1265	49	3858	133	-177	-530
-1288	27	3731	132	-141	-518
-1273	37	3695	137	-80	-531
-1258	30	3703	129	-11	-486
-1266	-5	3750	128	20	-525
-1311	3	3776	121	47	-544
-1336	49	3777	104	69	-509
-1358	143	3843	74	65	-461
-1386	204	3849	44	55	-408
-1384	184	3912	6	47	-377
-1394	161	3982	-21	-16	-297
-1427	148	3957	-44	-108	-230
-1414	187	3837	-64	-136	-163
-1373	207	3793	-80	-115	-58
-1380	235	3748	-83	-83	56
-1388	214	3734	-100	-32	143
-1437	238	3799	-119	6	221
-1438	180	3862	-138	-18	271
-1418	184	3829	-155	-49	353
-1403	97	3798	-157	-29	415
-1412	67	3836	-156	-3	424
-1409	-84	3852	6	-21	-10
-1401	-56	3831	2	-18	-14
-1378	-22	3846	-3	-12	-14
-1357	-18	3872	-8	-33	-8
-1341	-45	3852	-6	-46	11
-1324	-70	3840	-1	-26	14
-1353	-56	3890	6	-24	11
-1361	-20	3892	7	-39	24
-1363	-5	3854	-3	-42	43
-1369	-4	3786	-16	-18	67
-1377	-22	3797	-18	7	95
-1399	-42	3787	-18	24	103
-1400	-56	3801	-25	38	93
-1425	-62	3803	-32	37	102
-1432	-45	3858	-39	36	100
-1423	-63	3808	-46	47	106
-1395	-91	3870	-36	54	80
-1391	-91	3888	-19	20	70
-1395	-66	3859	-7	-8	23
-1424	6	3837	-10	-23	45
-1444	12	3805	-24	-20	89
-1419	-11	3806	-33	9	125
-1398	-44	3759	-31	37	127
-1388	-89	3785	-17	51	101
-1393	-111	3845	-7	39	75
-1417	-72	3812	-5	6	56
-1423	-25	3755	-7	13	63
-1434	23	3723	-1	33	90
-1435	-24	3630	7	26	114
-1410	-111	3605	41	37	79
-1386	-188	3661	94	38	44
-1388	-149	3725	122	25	3
-1370	-8	3780	131	-11	-30
-1363	129	3805	155	-117	4
-1353	165	3672	201	-258	102
-1285	112	3455	241	-302	159
-1154	60	3278	242	-253	207
-1103	34	3164	185	-171	283
-1192	67	3102	75	-126	370
-1300	83	3177	-47	-31	382
-1334	36	3439	-83	180	385
-1326	-23	3903	-38	253	373
-1459	-96	4224	41	30	419
-1555	-196	4333	37	-208	321
-1492	-64	4062	-39	-354	124
-1259	43	3746	-40	-345	77
-1114	51	3642	29	-211	58
-1157	81	3845	84	-39	68
-1419	121	4471	121	8	67
-1750	263	5631	148	-148	188
-2365	258	7106	124	-332	237
-2288	164	8931	49	627	-110
-3086	172	11745	0	799	-378
-3629	77	10494	-121	-746	-333
-2872	-130	7518	-204	-1202	-545
-2039	-191	4866	-266	-459	-1030
-1602	10	3060	-206	536	-1467
-1347	18	2096	-1	1001	-1553
-1008	-41	1332	146	1135	-1400
-417	69	1058	202	774	-772
-311	79	836	322	-661	-29
-101	75	320	787	-2710	435
-141	97	-99	895	-3984	792
-239	14	-381	667	-3970	1070
-302	84	-377	307	-3729	1272
-249	-41	-335	51	-4172	1212
329	-243	-589	-200	-4914	368
852	-567	-919	56	-4072	-911
536	-59	-854	362	-2518	-1347
113	373	-918	315	-876	-720
-524	608	-1232	450	1809	421
-1314	655	-2002	545	7674	1295
-4873	-1061	2844	891	8322	-593
1279	1631	9715	-900	10558	-2967
-6582	-34	21002	525	7402	429
-7003	-125	17040	126	-2631	-504
-3752	-581	6353	277	-6254	-424
-553	562	2152	-91	-4305	-1653
2241	1340	1694	520	1119	-1796
-2590	2191	5967	545	4285	-1084
-3009	1331	7773	225	1255	-69
-2469	319	6168	-89	-947	8
-1488	-230	4184	-112	-1239	-141
-794	-255	2906	-51	-526	-427
-883	-119	2734	92	340	-622
-1228	103	2907	181	644	-791
-1470	246	3276	95	675	-845
-1573	297	3669	33	545	-692
-1563	235	3812	32	242	-561
-1421	130	3493	31	11	-568
-1334	174	3302	58	25	-556
-1383	235	3400	92	117	-520
-1432	386	3660	97	110	-449
-1354	389	3840	82	-8	-344
-1297	295	3783	66	-114	-276
-1290	118	3634	77	-97	-247
-1310	-14	3649	121	52	-301
-1332	-2	3810	141	97	-354
-1339	36	3916	143	-22	-427
-1336	65	3841	143	-187	-437
-1351	112	3721	150	-221	-415
-1329	153	3690	165	-178	-386
-1334	192	3693	143	-162	-377
-1362	169	3711	99	-154	-377
-1348	137	3772	74	-159	-350
-1344	80	3906	89	-240	-314
-1368	-3	3867	131	-331	-332
-1345	-60	3767	149	-317	-442
-1316	-134	3627	155	-213	-523
-1260	-188	3609	153	-50	-664
-1235	-68	3649	169	74	-746
-1213	87	3797	165	149	-722
-1233	222	3977	142	106	-586
-1256	385	4061	86	41	-419
-1241	359	4108	29	-60	-209
-1218	112	4083	-35	-147	-113
-1197	-38	4032	-82	-194	-202
-1113	-29	3929	-92	-196	-244
-1090	40	3860	-56	-216	-217
-1079	77	3794	-38	-191	-160
-1027	89	3818	-36	-92	-122
-1082	95	3949	-53	-45	-54
-1154	37	3986	-71	-86	21
-1176	1	3936	-84	-127	19
-1138	3	3932	-74	-163	81
-1099	-88	3940	-56	-192	126
-1086	-31	3931	-22	-181	137
-1105	-15	3928	40	-211	179
-1144	-26	3905	72	-199	205
-1145	11	3886	65	-137	230
-1300	432	3925	-3	-252	-236
-1258	481	3805	-49	-274	-217
-1209	474	3661	-62	-197	-151
-1180	407	3635	-64	-21	-148
-1246	448	3720	-48	96	-150
-1327	430	3865	-23	97	-107
-1400	449	3914	-32	39	-138
-1356	424	3863	-58	-18	-137
-1346	387	3832	-72	-56	-137
-1323	344	3824	-76	-80	-132
-1306	342	3821	-76	-46	-122
-1281	370	3877	-79	-41	-118
-1260	387	3867	-89	-73	-102
-1241	380	3820	-79	-53	-64
-1222	350	3840	-59	-9	-61
-1223	356	3865	-53	18	-77
-1228	353	3931	-51	20	-79
-1264	325	3977	-52	-25	-78
-1283	332	3936	-51	-73	-91
-1279	358	3828	-51	-78	-63
-1245	344	3749	-52	-20	-41
-1224	345	3761	-46	64	-10
-1202	308	3807	-48	119	-17
-1243	260	3884	-47	121	-32
-1300	244	3921	-37	75	-67
-1318	233	3911	-32	26	-114
-1308	234	3846	-28	7	-170
-1260	247	3853	-17	5	-203
-1266	282	3839	-3	-3	-211
-1251	320	3766	16	21	-191
-1237	341	3718	20	70	-178
-1255	367	3666	5	87	-169
-1242	363	3632	-13	100	-150
-1210	301	3615	-15	121	-153
-1205	270	3451	-6	127	-173
-1193	199	3194	32	222	-184
-1087	221	3070	57	342	-241
-1015	357	3027	94	404	-116
-1048	448	2974	156	335	-20
-1106	484	2948	216	203	153
-1037	338	3046	228	54	329
-987	249	3107	86	-117	364
-962	380	3134	-60	-293	498
-940	311	3313	-114	-503	700
-982	190	3403	-30	-742	709
-914	49	3513	77	-860	591
-894	32	3619	105	-773	407
-1084	397	3945	-23	-560	360
-1672	840	4551	-141	-223	679
-2286	841	6062	-81	327	913
-2871	286	8883	72	563	584
-3674	206	11362	34	681	-218
-3872	872	12500	-220	219	-489
-3612	1063	11522	-345	-439	-425
-3121	1051	9992	-404	-5	-555
-2991	951	8701	-661	257	-796
-2711	589	5692	-774	424	-1083
-2101	171	2935	-741	1029	-1411
-1277	-222	1400	-485	1432	-1310
-524	-77	1022	-266	1711	-955
-391	70	1373	-384	256	-208
-481	-46	599	-526	-3409	632
-1120	-20	-228	13	-4676	1157
-2107	313	-300	320	-5327	1791
-1359	40	-862	133	-5922	2074
-260	82	-583	-363	-5385	1953
2266	-126	-1533	-921	-6040	465
1889	-503	-1974	-216	-3461	-557
955	-217	-1634	-130	-357	-835
389	-33	-1093	-58	408	-377
68	53	-643	142	670	327
-162	61	-404	209	962	739
-170	21	-322	17	1325	755
-325	-124	-532	-329	2454	511
-1600	-1229	-454	460	4636	-396
-4936	292	-135	1056	5136	-1585
-1705	448	5037	885	7447	-881
-567	1536	11520	358	9655	-798
-5781	-535	17749	-93	6503	-1088
-7148	-156	16116	-579	-1973	-1595
-2981	126	8023	164	-5552	-1320
-441	1273	3358	482	-4466	-1188
-168	1441	2228	246	-665	-460
-1321	881	4289	-12	1854	137
-2200	-262	6698	39	1687	524
-2497	-1064	7035	329	119	102
-1977	-752	5728	464	-999	-870
-1341	365	4315	414	-1038	-1372
-976	989	3636	286	-402	-983
-1155	956	3737	85	169	-352
-1424	563	3861	-97	307	36
-1508	137	3960	-104	326	157
-1469	-93	4043	-9	187	131
-1349	-128	3915	22	-15	30
-1244	-70	3657	36	-147	-54
-1110	63	3331	50	-107	-26
-1091	166	3231	53	83	-20
-1087	339	3344	76	161	4
-1111	413	3408	53	213	43
-1092	395	3478	-8	192	31
-1103	207	3591	-56	157	55
-1200	-122	3695	-52	89	72
-1265	-344	3779	-34	58	-35
-1248	-210	3907	0	35	-164
-1246	62	4003	38	-120	-194
-1202	255	3880	49	-282	-199
-1125	409	3697	14	-357	-176
-1084	420	3531	-16	-302	-43
-1068	256	3474	-30	-136	87
-1146	112	3535	-34	6	139
-1227	63	3578	-53	79	118
-1206	52	3717	-63	114	68
-1236	20	3938	-40	60	21
-1275	-9	4050	-17	-75	-42
-1242	62	4020	-16	-150	-114
-1194	165	3933	-28	-187	-140
-1174	245	3815	-55	-196	-128
-1106	238	3813	-77	-114	-34
-1128	176	3931	-82	-77	-21
-1177	132	4007	-92	-107	-17
-1173	174	3974	-115	-171	-45
-1168	237	3848	-120	-182	-18
-1164	260	3769	-121	-123	63
-1188	221	3767	-127	-68	157
-1237	170	3812	-137	-24	185
-1236	166	3908	-135	-17	190
-1244	87	3882	-121	-38	191
-1227	81	3920	-107	-25	146
-1253	119	3927	-79	-26	167
-1263	167	3919	-66	-58	142
-1273	81	3813	-19	33	-3
-1279	76	3869	-15	53	18
-1306	73	3917	-16	35	30
-1316	77	3941	-21	-14	37
-1284	91	3919	-15	-52	48
-1254	58	3875	-12	-70	55
-1231	68	3838	-9	-56	46
-1239	80	3837	-6	-29	52
-1229	74	3836	6	-19	67
-1239	45	3866	17	-30	71
-1258	49	3852	23	-41	84
-1227	74	3848	21	-11	109
-1202	96	4002	4	-20	94
-1221	115	4052	11	-101	104
-1218	115	4010	14	-192	103
-1203	93	3966	11	-240	130
-1180	53	3905	-9	-200	120
-1156	55	3876	-13	-131	104
-1141	64	3845	-7	-65	98
-1184	64	3843	1	-11	105
-1238	71	3858	-6	28	101
-1327	86	3876	-25	45	91
-1370	83	3825	-49	67	89
-1363	-2	3864	-43	90	62
-1343	-24	3879	-27	91	12
-1317	5	3829	-3	86	-33
-1330	96	3838	7	77	-50
-1317	152	3861	6	73	-23
-1323	138	3888	-11	66	18
-1306	93	3912	-22	72	25
-1309	75	3884	-14	51	29
-1292	71	3849	5	36	27
-1284	94	3835	23	49	22
-1270	92	3825	30	68	13
-1275	80	3781	39	71	1
-1267	80	3759	50	85	-4
-1250	97	3703	67	69	-2
-1241	94	3606	94	35	31
-1209	86	3548	127	25	53
-1211	102	3499	150	47	64
-1155	52	3374	171	129	22
-1127	156	3340	179	153	9
-1182	174	3157	157	107	94
-1162	358	2875	87	67	144
-1056	561	3021	7	27	410
-1009	170	3301	23	-170	600
-1062	-396	3385	133	-168	221
-1178	-395	3454	214	136	170
-1155	-98	4345	320	530	230
-1386	385	6127	330	401	-103
-1926	992	8043	241	-164	-123
-1983	979	9808	28	-305	15
-2415	770	9990	-277	268	24
-2947	-32	9287	-437	359	-344
-2924	-253	7840	-364	493	-836
-2769	110	6050	-189	503	-954
-2233	381	3818	3	420	-828
-1572	130	2165	-34	379	-804
-792	245	1199	-206	445	-665
-510	215	631	-370	-224	-334
-200	109	307	-18	-1233	199
-21	41	260	434	-2503	947
-50	-86	169	454	-4162	1362
-50	-200	-263	422	-5109	1428
-75	-189	-432	103	-4540	1384
-136	-56	-448	-227	-3895	1270
-39	-3	-446	-403	-3317	868
-176	16	-577	-157	-2298	225
-451	92	-886	-113	-307	-556
-684	-385	-1272	122	4246	-927
-2287	-157	2468	1567	8827	-836
65	70	8048	-273	8714	-2420
-4130	487	13318	-133	7781	-1294
-6116	1106	14719	-305	1233	-1373
-4015	-26	9599	172	-3159	85
-1971	-235	5264	477	-3957	198
-718	195	2396	337	-2192	-259
-797	472	2020	103	828	-846
-1711	606	3871	50	2186	-1116
-2074	525	4962	75	1467	-782
-1900	253	4634	65	356	-231
-1345	0	3374	2	-369	-23
-985	-187	2357	52	-147	-109
-1089	-185	2362	194	524	-206
-1502	-98	3165	283	635	-234
-1656	139	3753	223	208	-311
-1546	436	3932	78	-247	-288
-1448	463	3870	-34	-391	-197
-1447	181	3951	-4	-113	-75
-1482	247	4194	79	408	56
-1570	455	4352	66	478	228
-1470	312	4157	-29	179	155
-1281	221	3822	-126	-79	63
-1212	86	3567	-148	-158	141
-1195	63	3548	-132	-17	168
-1321	127	3761	-110	105	255
-1430	151	3915	-102	92	320
-1393	97	3872	-141	20	302
-1397	81	3801	-191	-3	250
-1364	115	3735	-196	23	201
-1366	76	3812	-132	79	149
-1435	0	3944	-65	77	67
-1477	41	3927	-42	-22	12
-1415	64	3883	-59	-81	-29
-1370	113	3859	-80	-119	-8
-1348	128	3770	-95	-109	18
-1376	84	3661	-79	-38	23
-1394	49	3651	-28	98	36
-1421	49	3763	18	189	57
-1489	23	3885	23	193	-10
-1519	64	3923	12	121	-109
-1505	156	3856	9	46	-136
-1477	207	3813	7	18	-92
-1469	180	3809	7	9	-44
-1466	118	3787	5	-1	-8
-1471	105	3774	8	19	24
-1458	79	3771	19	54	24
-1473	153	3844	24	54	15
-1494	196	3864	13	25	13
-1498	215	3892	-13	-16	19
-1460	199	3857	-35	-72	43
-1433	184	3773	-42	-82	69
-1440	156	3752	-43	-46	100
-1458	158	3760	-43	-2	137
-1472	129	3768	-40	59	137
-1480	159	3817	-60	68	121
-1476	156	3848	-66	26	133
-1504	145	3844	-58	-26	141
-1527	134	3794	-46	-47	147
-1526	107	3777	-44	-34	148
-1456	61	3893	-19	13	63
-1431	52	3857	-15	-40	64
-1393	48	3795	-11	-26	70
-1357	59	3825	-10	-1	62
-1396	55	3869	-21	15	64
-1421	29	3922	-21	-8	52
-1409	25	3915	-12	-37	32
-1366	29	3853	-8	-33	19
-1346	45	3775	-14	20	-2
-1359	55	3775	-16	59	-4
-1413	53	3761	-19	92	27
-1486	39	3746	-18	123	43
-1538	15	3754	-20	153	10
-1523	15	3793	-24	171	-31
-1531	16	3830	-17	159	-45
-1529	-6	3841	-14	110	-76
-1524	11	3835	-6	71	-96
-1483	48	3804	12	51	-96
-1458	94	3770	17	45	-70
-1465	109	3755	12	76	-41
-1476	99	3764	8	110	-20
-1483	92	3803	0	115	-10
-1468	69	3800	4	100	13
-1453	42	3778	13	81	5
-1450	40	3782	17	64	-16
-1469	42	3717	27	77	-21
-1478	32	3697	47	125	-60
-1498	11	3703	76	128	-59
-1502	-16	3732	105	95	-83
-1524	29	3690	131	51	-86
-1538	84	3629	153	42	-51
-1514	121	3629	166	49	-37
-1466	175	3603	172	28	-12
-1451	158	3470	176	-28	36
-1439	103	3281	166	-81	33
-1369	99	3070	157	-58	17
-1286	119	2949	184	57	71
-1267	62	2947	256	134	206
-1322	-9	3042	248	114	301
-1386	129	3303	89	89	233
-1387	119	3641	4	-16	290
-1446	-42	3793	52	-186	206
-1455	-25	3625	151	-397	31
-1186	-9	3211	254	-489	20
-1076	-81	3090	223	-349	-40
-1134	64	3297	148	-221	-1
-1399	248	3726	150	-118	244
-1658	397	4397	227	-194	444
-1876	476	4939	290	-347	429
-1952	573	5705	280	69	419
-2008	170	7953	314	811	572
-3334	-440	11149	260	732	165
-4800	547	11440	-44	90	-812
-4236	1415	11326	-280	217	-673
-3371	1381	11043	-549	127	-329
-2755	620	8775	-751	-181	-474
-2331	-338	5054	-624	171	-1515
-1814	-222	2191	-448	612	-2159
-1016	121	830	-224	1027	-1812
-289	438	741	-532	1360	-1083
-745	97	955	-787	-617	81
-1626	-144	495	-95	-4152	1131
-2492	377	-146	370	-6731	2286
-2509	556	-1149	105	-6329	3827
-986	68	-670	-273	-5629	4032
1968	-149	-1609	-1383	-6591	1422
2985	-1092	-2642	-1073	-4561	-1343
2072	-19	-2650	304	41	-1941
1116	281	-1596	-55	2221	-588
581	97	-776	-136	3066	832
-286	-247	-211	275	3453	1122
-854	-136	149	401	2427	830
-845	-211	187	247	1521	443
-943	-489	167	242	1092	-76
-2382	-883	-27	215	1204	-875
-5097	414	127	575	2554	-994
-2495	-515	2022	322	4838	-69
585	165	8498	770	7817	-3008
-4550	-538	16427	566	8068	203
-8681	-46	20758	-166	679	-1636
-4688	93	9239	214	-5917	-1643
-638	1655	2867	506	-3555	-1912
-387	1929	3724	475	1102	-720
-2242	824	6731	73	1951	385
-3343	-522	7711	-56	731	438
-3033	-876	6901	159	-665	-307
-1973	-443	5096	363	-1422	-925
-1281	50	3639	392	-1257	-1231
-1071	476	2963	310	-684	-1163
-1079	663	2712	111	39	-796
-1273	328	2802	0	613	-362
-1388	110	3179	17	856	-270
-1536	98	3532	80	643	-236
-1584	112	3529	115	197	-119
-1457	176	3294	115	-33	-21
-1326	277	3230	20	-21	44
-1225	239	3260	-86	63	56
-1290	68	3419	-54	188	123
-1355	120	3635	-27	212	144
-1396	135	3787	8	68	228
-1381	129	3796	-15	-146	262
-1379	58	3696	-33	-267	280
-1355	-77	3576	-23	-253	275
-1326	-129	3611	-20	-142	187
-1370	-130	3729	-1	-112	71
-1399	-5	3738	-2	-162	-38
-1338	76	3681	10	-219	-55
-1310	76	3611	45	-217	-55
-1307	50	3593	85	-132	-48
-1350	14	3754	114	-65	-52
-1413	43	3840	105	-122	-51
-1446	79	3875	73	-181	-66
-1397	65	3884	47	-243	-71
-1363	-14	3840	42	-303	-106
-1353	-39	3728	55	-287	-188
-1327	6	3720	97	-202	-204
-1317	74	3789	146	-150	-190
-1386	95	3822	167	-186	-167
-1367	146	3801	148	-211	-192
-1329	163	3767	107	-194	-183
-1320	167	3771	63	-152	-173
-1332	187	3818	37	-113	-137
-1390	154	3901	12	-123	-124
-1397	130	3926	4	-161	-126
-1345	60	3799	24	-151	-144
-1267	56	3760	28	-91	-203
-1316	94	3749	36	-41	-184
-1377	143	3766	28	-7	-213
-1414	201	3838	7	27	-205
-1418	234	3856	-24	11	-176
-1403	-52	3767	-36	82	41
-1361	-102	3671	-21	166	2
-1345	-109	3730	-5	254	-40
-1370	-128	3814	19	275	-36
-1448	-111	3870	36	257	-84
-1488	-106	3899	52	207	-113
-1472	-58	3938	52	144	-114
-1434	-50	3867	51	88	-113
-1402	-59	3834	46	75	-131
-1401	-45	3782	45	107	-130
-1411	-57	3794	52	140	-112
-1436	-34	3855	48	132	-107
-1464	-13	3905	32	75	-83
-1472	-33	3873	23	26	-62
-1443	-52	3850	26	13	-57
-1401	-77	3815	34	31	-73
-1383	-49	3834	31	38	-97
-1419	0	3828	30	28	-93
-1438	36	3830	33	18	-60
-1434	34	3848	35	2	-4
-1416	20	3836	29	-27	45
-1442	40	3800	14	-42	86
-1442	38	3822	5	-34	120
-1428	8	3868	0	-40	141
-1415	-9	3886	-7	-71	156
-1394	-9	3860	-6	-104	175
-1393	-19	3829	-3	-109	188
-1385	-13	3839	-4	-98	190
-1387	-17	3827	-7	-106	206
-1380	-33	3836	-10	-94	221
-1399	-5	3811	-10	-89	237
-1422	-14	3812	-19	-96	244
-1399	-32	3833	-25	-115	235
-1392	-9	3848	-27	-144	251
-1379	-37	3814	-17	-155	287
-1352	-61	3844	-9	-132	258
-1387	-11	3870	-25	-143	234
-1368	-25	3834	-40	-159	208
-1364	-24	3810	-57	-173	167
-1360	-61	3757	-60	-195	166
-1316	-112	3639	-69	-188	149
-1302	-85	3521	-93	-156	115
-1255	-24	3382	-141	-126	75
-1243	1	3171	-210	-112	58
-1200	-16	2989	-279	-84	43
-1148	20	2929	-343	-75	-11
-1094	93	3063	-316	-106	67
-1111	45	3496	-132	-113	289
-1243	-130	4409	52	-320	444
-1377	-140	5778	200	-508	451
-1860	266	7918	235	-764	385
-2339	1101	8614	18	-806	530
-2675	636	8420	-543	-331	484
-3051	-321	8127	-743	178	-139
-2889	-399	7375	-375	475	-396
-2569	-266	5375	119	530	-641
-2334	-254	3269	331	748	-1128
-1657	-110	1643	221	953	-1270
-985	168	898	81	927	-1054
-294	264	615	169	207	-407
104	251	589	483	-1233	427
274	126	340	402	-2846	1055
260	-26	79	496	-3749	1112
246	-65	-52	684	-4111	981
335	95	-185	670	-4312	782
409	103	-338	240	-3982	780
240	-86	-505	34	-2945	923
-346	-46	-798	-187	-774	837
-2284	-966	-1347	339	3593	604
-3727	382	-303	1232	5028	-328
164	-1147	5056	761	7274	-2596
-4951	511	17022	503	9786	-435
-8156	1579	18306	-418	370	-1327
-2036	350	7027	-478	-2923	-1330
-15	1097	6796	875	-1683	-573
-576	1350	5026	785	-2053	-196
-934	1355	3063	237	-1223	129
-1087	592	2065	-152	-156	748
-900	-527	1853	-188	1274	899
-1242	-1281	2730	-124	2187	222
-1609	-1312	3583	123	1999	-670
-1797	-420	4188	326	1114	-1312
-1858	475	4301	391	146	-1198
-1821	691	4052	406	-416	-675
-1658	628	3721	256	-550	-350
-1300	689	3494	62	-430	-82
-1099	711	3509	-89	-234	165
-1165	506	3708	-76	-121	344
-1232	193	3958	-37	-76	296
-1337	100	4038	0	-142	160
-1315	108	3909	24	-155	89
-1259	115	3865	18	-100	63
-1254	139	3826	5	-54	73
-1326	221	3870	-7	-20	82
-1408	319	3930	-31	-56	105
-1397	353	3811	-86	-132	144
-1295	267	3586	-139	-76	124
-1263	77	3449	-129	125	34
-1313	-42	3629	-72	322	-139
-1465	-22	3886	-13	269	-217
-1553	4	4008	33	40	-286
-1548	152	3907	33	-159	-360
-1477	261	3745	29	-208	-331
-1380	300	3668	20	-128	-299
-1321	370	3687	19	-22	-274
-1359	299	3798	42	41	-216
-1398	195	3936	64	-12	-221
-1430	167	3966	66	-129	-251
-1401	166	3943	47	-192	-305
-1347	159	3856	40	-202	-345
-1314	201	3805	54	-142	-354
-1317	230	3798	62	-99	-337
-1353	265	3786	56	-74	-309
-1361	257	3781	35	-63	-264
-1360	198	3812	20	-42	-233
-1332	129	3844	12	-33	-268
-1353	65	3884	11	-40	-321
-1373	40	3916	15	-81	-378
-1358	114	3914	19	-125	-379
-1334	169	3890	37	-133	-337
-1316	209	3849	37	-131	-295
-1300	155	3818	29	-113	-242
-1312	146	3842	23	-110	-199
-1297	160	3836	18	-111	-165
-1298	188	3804	20	-96	-133
-1330	186	3812	27	-55	-92
-1330	219	3861	23	-39	-44
-1341	211	3873	10	-49	5
-1333	204	3855	-18	-52	52
-1300	154	3919	-34	-35	66
-1299	231	3441	-343	-1283	-58
-1127	109	3343	-347	-1077	-89
-1116	-50	3380	-310	-813	-110
-1250	-91	3575	-282	-575	-76
-1317	-141	3783	-307	-340	-83
-1358	-92	4105	-365	-157	-218
-1393	-44	4339	-404	-283	-390
-1362	17	4202	-423	-484	-524
-1267	55	3979	-410	-596	-526
-1172	94	3773	-376	-554	-497
-1091	124	3599	-332	-384	-434
-1065	148	3520	-290	-125	-365
-1049	185	3600	-257	79	-280
-1126	125	3756	-222	156	-188
-1194	80	3900	-187	105	-149
-1202	60	3954	-148	53	-120
-1151	84	3943	-118	8	-95
-1124	187	3870	-118	-15	-32
-1154	286	3817	-100	-26	97
-1161	256	3791	-67	0	226
-1148	197	3812	-91	78	257
-1172	149	3861	-123	149	277
-1223	54	3939	-128	154	286
-1248	16	3981	-109	78	244
-1277	73	3955	-67	-14	260
-1276	128	3877	-45	-39	317
-1267	147	3778	-52	5	348
-1236	126	3740	-70	84	355
-1220	50	3728	-79	173	361
-1283	-4	3803	-79	232	319
-1336	-58	3885	-45	227	265
-1328	-42	3942	-15	160	245
-1304	-26	3942	4	67	273
-1302	17	3858	2	49	269
-1291	87	3802	3	112	293
-1271	118	3822	-18	147	354
-1292	180	3774	-77	125	373
-1286	270	3652	-143	66	428
-1259	296	3479	-204	9	520
-1212	221	3256	-257	26	559
-1194	147	2977	-319	110	561
-1091	41	2737	-417	291	548
-1038	-17	2566	-530	433	422
-904	-46	2511	-526	433	401
-938	-109	2764	-403	277	449
-1064	-134	3110	-177	-145	456
-1338	-88	3431	92	-594	531
-1425	-169	3925	248	-1021	521
-1348	108	4574	193	-1274	384
-1656	527	5914	172	-1277	861
-1738	1065	7303	318	-821	1183
-2322	984	9884	198	300	616
-4155	972	12809	-86	347	383
-4033	429	13031	-373	-565	27
-3174	406	10603	-609	-922	-737
-2400	126	7301	-693	236	-1497
-2225	-32	4059	-382	1875	-2175
-2041	327	1691	-489	3089	-1848
-1141	390	1177	-179	3589	-1160
-631	826	1530	-662	3423	-388
-1805	153	1581	-592	-589	676
-2197	-429	626	209	-4726	1518
-959	306	-438	234	-5438	2048
-575	29	-468	-11	-4574	2660
81	-22	-42	-303	-5721	2667
2764	-615	-1734	45	-6348	1435
1887	-537	-2015	223	-1945	272
798	-655	-1546	-101	862	-512
511	-458	-799	218	1937	-511
114	-82	-180	564	2301	-593
-753	309	114	626	1770	-448
-869	400	48	48	513	-182
-766	108	8	184	163	235
-1745	320	-69	169	348	542
-4653	-619	-109	236	1130	389
-3013	-816	980	675	4250	-43
2203	2	9505	193	9319	-2591
-6354	1158	22910	496	6578	-1242
-8045	2255	17045	-194	-3753	-137
-2504	434	6996	-149	-6048	-346
852	1048	2834	111	-3376	-937
-31	699	3041	212	1147	-832
-1975	226	5664	-5	2355	-542
-2557	-176	6795	13	1385	-239
-2194	-393	6067	121	-57	-230
-1610	-462	4384	261	-838	-511
-1237	-279	2960	393	-771	-940
-1061	113	2317	550	-161	-1161
-1112	486	2455	486	562	-1067
-1316	673	2778	429	674	-682
-1518	641	3139	312	515	-412
-1579	550	3227	169	146	-328
-1487	337	3280	110	69	-222
-1452	140	3569	87	203	-212
-1479	164	3984	90	285	-300
-1492	310	4258	99	182	-400
-1416	533	4292	98	-165	-483
-1295	593	3925	76	-501	-365
-1141	482	3504	14	-514	-224
-1041	309	3303	-31	-189	-133
-1136	132	3468	-31	181	-163
-1309	64	3809	-8	278	-352
-1487	147	4031	32	110	-472
-1553	249	4053	76	-103	-545
-1481	301	3944	116	-295	-560
-1387	336	3674	141	-347	-491
-1332	297	3498	131	-225	-398
-1344	212	3519	100	-65	-382
-1378	226	3593	61	21	-426
-1404	228	3708	45	31	-477
-1464	222	3811	64	-20	-499
-1488	157	3854	111	-59	-482
-1475	130	3918	172	-129	-446
-1476	129	3874	203	-214	-445
-1414	154	3827	203	-254	-461
-1348	208	3817	177	-237	-515
-1330	271	3848	161	-191	-525
-1323	276	3827	160	-170	-482
-1333	259	3759	145	-176	-446
-1348	193	3701	132	-146	-403
-1340	161	3768	130	-101	-347
-1388	164	3864	122	-136	-279
-1382	230	3905	92	-193	-228
-1319	287	3942	66	-248	-170
-1339	271	3901	39	-310	-147
-1335	177	3772	6	-312	-134
-1259	67	3775	-32	-252	-139
-1217	13	3834	-64	-205	-110
-1242	-61	3901	-58	-208	-72
-1271	-80	3957	-19	-254	-114
