-686	-16	4004	-86	-190	10
-677	-67	4073	-87	-175	26
-665	-115	4172	-82	-207	22
-668	-135	4171	-67	-312	-6
-656	-77	4116	-61	-386	-16
-615	-49	4031	-55	-374	-3
-556	-46	4009	-66	-321	5
-526	-85	4009	-70	-272	11
-522	-136	3988	-64	-222	4
-538	-161	4009	-63	-182	-26
-579	-129	4011	-57	-153	-49
-615	-115	4025	-54	-122	-44
-641	-121	4032	-50	-123	-46
-636	-109	4033	-53	-137	-37
-617	-76	3994	-54	-108	3
-597	-54	4008	-57	-55	28
-578	-48	4008	-53	2	50
-588	-106	4040	-59	18	51
-598	-144	3960	-59	39	9
-630	-123	3908	-56	72	-11
-662	-86	3839	-48	144	-11
-696	-72	3865	-43	258	-14
-778	-73	3945	-45	302	-2
-857	-87	3902	-40	257	20
-861	-115	3765	-20	255	16
-854	-34	3658	-6	350	-4
-914	32	3610	4	450	52
-965	53	3527	7	581	125
-1042	23	3489	7	703	176
-1113	-15	3366	-9	754	184
-1163	40	3210	-16	826	204
-1184	97	2968	29	959	300
-1235	54	2693	45	1127	378
-1201	68	2426	5	1378	359
-1146	59	2345	-9	1651	353
-1093	-12	2321	22	1824	332
-1127	-178	2294	96	1990	315
-1236	-350	2260	87	2088	104
-1280	-317	2330	14	2095	-221
-1290	-90	2400	-48	2002	-323
-1274	-62	2345	34	1837	-138
-1191	-198	2183	119	1810	-50
-1056	-230	2307	198	1873	-18
-958	-167	2600	286	1729	-16
-914	46	2885	359	1481	-38
-979	430	3198	407	1201	135
-1192	668	3706	493	826	590
-1547	507	4376	507	280	1063
-2111	122	4959	347	-162	1166
-2576	-278	5620	-15	-548	758
-2805	-371	6446	-413	-1422	203
-2811	-431	7060	-531	-3153	34
-2188	-384	6458	-554	-4877	-22
-1697	-304	6151	-474	-5742	118
-1427	-128	6458	-346	-5363	-219
-1251	-94	8375	-413	-3393	-668
-1635	-188	10836	-391	-2377	-426
-2689	-137	9578	-251	-1547	-233
-1640	-119	7475	-295	-3348	-639
822	73	3290	-101	-5423	-829
2190	343	-840	91	-4898	-483
2139	428	-2525	58	-1633	-117
1011	80	-1000	-33	2340	106
-311	-304	2159	-96	4090	-70
-807	-277	5136	-142	3310	-326
-794	-286	7123	-133	782	-318
-916	-209	7513	-28	-2217	-213
-785	-123	6022	70	-4004	-178
-262	50	4385	3	-3771	-311
107	18	3696	-188	-2736	-439
577	-208	3548	-294	-1899	-605
1260	-148	3117	-217	-1216	-590
1196	20	2939	-60	-298	-378
627	96	3157	57	482	-213
135	112	3562	115	799	-130
-78	-29	4100	114	696	-79
-51	-192	4666	77	240	-181
51	-254	4992	24	-445	-339
219	-225	4851	-11	-1111	-405
434	-132	4356	-45	-1389	-326
631	-58	3798	-59	-1269	-227
734	-46	3367	-52	-791	-104
721	-50	3333	-29	-182	-57
594	-72	3744	-2	292	-54
442	-72	4132	-8	380	-19
389	-2	4288	4	249	-57
373	-10	4279	-6	84	-22
331	-72	4174	-11	-16	-29
334	-72	4141	-15	-65	-77
416	-37	4138	-13	-132	-94
562	-37	4076	-24	-213	-62
632	-53	3930	-37	-138	-13
586	-97	3904	-42	105	19
448	-133	4042	-39	277	22
353	-148	4171	-33	257	3
329	-168	4184	-22	124	9
350	-157	4106	-13	57	15
380	-153	4013	4	103	37
378	-157	4032	11	196	46
331	-149	4102	19	228	30
321	-128	4178	24	189	8
329	-119	4144	29	144	-6
326	-105	4086	24	141	-6
299	-108	4090	11	170	-6
267	-92	4096	7	164	-5
290	-68	4080	6	167	10
309	-73	4086	3	196	18
309	-103	4091	0	222	2
288	-113	4085	0	245	-19
235	-109	4098	0	264	-28
215	-124	4170	-10	266	-32
205	-121	4217	-20	204	-28
230	-100	4180	-18	111	-9
245	-94	4104	-8	90	8
243	-102	4068	-5	141	17
206	-105	4076	-7	204	19
177	-101	4118	-7	226	2
161	-102	4177	-18	194	-11
150	-93	4198	-21	122	-8
164	-97	4163	-25	51	9
179	-106	4139	-32	35	30
196	-102	4123	-33	46	44
166	-108	4109	-34	53	39
151	-116	4147	-31	43	34
144	-148	4166	-36	3	9
159	-141	4146	-34	-28	-13
179	-135	4098	-32	-22	-20
195	-146	4093	-31	-1	-4
183	-144	4097	-34	15	11
153	-138	4117	-30	13	35
-1069	53	3753	571	-321	-2091
-1025	47	3487	575	-149	-1825
-1030	22	3356	611	118	-1492
-1131	-263	3481	628	293	-1259
-1270	-503	3673	609	331	-1287
-1352	-558	3865	625	302	-1337
-1314	-528	3953	662	260	-1309
-1269	-497	3995	682	171	-1323
-1220	-399	3897	670	140	-1285
-1235	-241	3891	668	151	-1135
-1199	-134	3872	703	128	-998
-1153	-11	3912	746	113	-857
-1272	85	4055	746	-15	-639
-1543	-157	3979	662	-93	-493
-1456	-476	3722	554	350	-462
-1308	-380	4141	503	705	-793
-1296	93	4519	514	132	-1013
-1172	722	4045	633	-633	-777
-1064	1091	3147	703	-686	48
-901	953	2554	562	151	823
-1050	706	2861	334	1154	1198
-1465	306	3554	246	1493	1275
-1791	-117	4027	301	1316	1000
-1881	-70	4228	316	924	506
-1814	158	4209	319	626	339
-1759	182	4134	314	421	349
-1610	188	3824	283	249	204
-1410	234	3423	258	224	35
-1317	221	3166	211	371	-163
-1390	139	3014	174	561	-390
-1528	-14	2764	143	775	-698
-1537	-107	2496	144	1058	-1070
-1574	43	2307	189	1390	-1409
-1748	231	2130	270	1712	-1490
-1979	350	1997	305	2095	-1413
-2075	404	1993	248	2495	-1274
-2132	497	2066	106	2645	-972
-2040	493	2134	-17	2707	-535
-1943	351	2372	-56	2748	-190
-1910	140	2747	-73	2426	54
-1943	-141	2948	-48	1828	246
-1922	-272	2779	-50	1384	290
-1907	-127	2551	-19	1262	263
-1814	51	2427	84	1105	268
-1830	224	2302	136	886	400
-1877	409	2174	125	798	777
-1973	345	2203	170	858	1251
-2218	17	2360	111	1100	1328
-2713	-103	2874	-89	1716	1077
-3343	-82	3765	-321	2005	755
-3922	212	5565	-362	1322	497
-4063	349	6229	-382	-529	341
-3817	-44	5263	-223	-2615	507
-3319	77	4125	-245	-3394	552
-3013	190	3623	-378	-3394	364
-2846	345	3614	-395	-3318	228
-2769	498	3792	-268	-3303	249
-3026	248	4626	-115	-3620	279
-3382	222	5763	-156	-4424	224
-3786	487	6619	-345	-5013	359
-4083	789	7271	-603	-4679	45
-3329	1375	7126	-629	-3116	-342
-2593	1089	7138	-801	-2332	-789
-1729	374	6019	-961	-3999	-925
-133	-108	3341	-838	-5999	-738
1556	-431	631	-646	-5670	-366
2352	-655	-455	-664	-3464	-127
1814	-678	431	-746	-494	89
338	-818	3268	-675	1210	-42
-778	-924	6004	-536	208	-530
-1035	-568	6767	-463	-2081	-951
-544	-255	5921	-482	-3393	-992
-162	5	5055	-501	-3460	-955
-20	121	4414	-462	-3185	-911
178	156	3730	-323	-3037	-769
561	248	2902	-96	-2660	-435
865	230	2246	68	-1819	-127
894	110	2144	95	-631	-37
690	-5	2862	-28	531	-65
402	-229	4078	-152	937	61
234	-506	4966	-185	555	134
124	-626	5295	-152	-219	32
266	-517	4851	-82	-1022	-117
606	-357	4107	-34	-1295	-158
864	-242	3532	-28	-1036	-110
887	-247	3292	-40	-506	-21
667	-274	3490	-42	-4	-54
383	-209	3877	-58	163	-50
278	-106	4150	-62	98	61
352	-147	4296	-56	-13	169
446	-274	4330	-55	-92	111
593	-306	4223	-36	-100	-43
697	-108	4015	-19	-42	-122
713	-23	3774	17	90	65
693	-147	3648	29	386	245
588	-271	3784	6	675	203
416	-305	3997	-35	785	97
274	-356	4188	-27	758	27
247	-356	4327	13	625	-19
322	-338	4347	57	415	-6
451	-287	4205	77	205	29
542	-244	3898	84	274	98
510	-236	3740	73	574	135
328	-258	3797	49	871	125
111	-291	4003	47	1010	91
7	-276	4172	64	959	66
-2	-253	4234	76	838	85
-33	-211	4222	86	738	138
-133	-212	4242	82	638	187
-138	-205	4198	70	541	201
-113	-178	4140	63	500	204
-92	-187	4122	48	480	196
-108	-186	4072	39	488	188
-141	-186	4067	29	547	186
-199	-182	4092	28	612	191
-250	-198	4143	21	606	190
-284	-258	4156	13	528	140
-294	-244	4131	13	468	103
-281	-236	4120	25	465	84
-279	-202	4155	18	460	79
-310	-218	4205	16	401	51
-373	-240	4221	9	289	4
-397	-253	4167	11	200	-40
-369	-246	4092	19	176	-49
-325	-226	4044	22	196	-56
-314	-205	4044	9	239	-69
-352	-198	4049	-4	294	-81
-409	-182	4144	-9	304	-88
-449	-173	4225	-12	235	-63
-429	-188	4221	-11	104	-32
-631	-106	4068	21	111	80
-653	-104	4101	22	85	86
-663	-102	4135	17	35	80
-632	-109	4106	15	-26	90
-625	-97	4030	18	-22	100
-624	-122	4008	17	35	96
-630	-124	4101	17	56	78
-633	-95	4112	23	-17	75
-647	-103	4048	20	-61	63
-651	-75	4007	16	-19	66
-680	-96	4021	13	23	96
-703	-87	4012	15	21	105
-723	-43	4030	15	13	126
-756	-25	4019	6	-1	160
-797	-45	4026	-11	-6	191
-879	-73	3994	-19	-10	211
-962	-104	3874	-3	9	225
-985	-85	3751	39	76	232
-959	44	3659	51	157	271
-951	115	3572	50	298	371
-949	167	3597	42	508	497
-1021	95	3759	20	634	625
-1137	11	3812	-32	568	631
-1222	-25	3695	-55	552	612
-1267	27	3498	-34	600	645
-1267	-34	3337	2	672	646
-1328	-88	3138	-31	703	565
-1309	-187	2849	-108	870	517
-1279	-91	2548	-165	1243	513
-1214	11	2468	-135	1669	569
-1214	33	2532	-57	1835	518
-1229	-107	2530	-32	1771	383
-1236	-205	2417	-59	1754	230
-1253	-268	2281	-82	1930	142
-1247	-122	2324	-44	2167	141
-1225	29	2516	-10	2253	276
-1359	164	2808	-36	1990	384
-1426	164	2870	-124	1585	500
-1388	165	2729	-140	1523	577
-1365	304	2872	-134	1590	601
-1470	267	3117	-152	1191	691
-1529	-66	3142	-256	653	691
-1585	-216	3002	-345	532	530
-1633	-105	3190	-348	707	617
-1831	-88	3737	-300	771	818
-2068	8	4546	-259	487	862
-2321	46	5369	-250	-566	866
-2254	-34	5356	-271	-2143	821
-1964	-303	4693	-329	-3206	722
-2005	-593	4589	-754	-2396	378
-2081	-580	6954	-1025	-2986	87
-2297	-1102	8187	-799	-5178	-412
-2544	-1026	8076	-482	-5454	-1084
-2183	-493	8787	-268	-3545	-1133
-1833	-189	9280	-506	-1435	-507
-1740	225	8644	-635	-1590	-713
-436	482	5712	-262	-3894	-578
1009	604	2345	156	-4474	-157
1539	552	167	212	-3490	219
1173	174	-607	-71	-1846	364
379	-480	-188	-337	370	144
-191	-699	1616	-422	2257	-166
-599	-751	4969	-301	2057	-195
-889	-856	7206	-104	-864	-317
-824	-562	6343	67	-3765	-527
-580	-372	4711	213	-3836	-537
-143	-95	4351	252	-2553	-608
150	251	4684	152	-1867	-440
405	207	4436	46	-1970	-114
859	-42	3622	-8	-1923	38
910	-210	2987	-21	-1384	23
600	-318	2826	-17	-673	5
362	-406	3305	50	-189	62
337	-419	4123	125	-335	93
474	-444	4684	160	-897	42
632	-377	4753	123	-1442	-114
698	-254	4486	34	-1676	-180
728	-183	4232	-32	-1707	-98
779	-163	4006	-42	-1745	22
931	-199	3830	-32	-1727	16
1109	-176	3626	-28	-1661	-3
1221	-208	3427	4	-1283	15
1210	-167	3527	63	-807	-77
976	-82	3955	82	-587	-89
973	-27	4201	62	-746	-63
1144	-88	4166	38	-925	18
1267	-157	3958	25	-941	16
1336	-221	3790	46	-798	-3
1289	-228	3836	73	-575	-59
1139	-165	3961	88	-533	-76
1143	-47	4004	69	-627	3
1277	-97	3978	44	-729	96
1370	-161	3939	27	-789	35
1397	-162	3911	22	-817	3
1425	-202	3837	34	-833	33
1488	-243	3813	40	-770	60
1512	-260	3832	37	-682	35
1461	-195	3893	38	-654	4
1436	-140	3852	45	-675	-5
1522	-135	3781	52	-638	8
1633	-171	3743	59	-593	-9
1656	-189	3731	67	-525	-24
1668	-229	3757	68	-431	-41
1623	-216	3824	59	-401	-57
1620	-183	3750	53	-408	-53
1646	-142	3735	32	-326	-29
1645	-125	3796	13	-280	-28
1655	-96	3793	13	-314	-52
1689	-96	3703	5	-300	-35
1692	-167	3688	-10	-187	-34
1668	-163	3788	-19	-156	-89
1681	-136	3843	-24	-242	-75
1700	-126	3771	-32	-310	-17
1722	-119	3698	-29	-271	20
1759	-127	3685	-11	-224	0
1752	-134	3719	-9	-159	-29
1718	-118	3798	-18	-159	-31
1730	-154	3815	-34	-236	-12
1778	-168	3756	-47	-252	13
1799	-166	3735	-51	-233	31
1771	-171	3664	-47	-212	36
1757	-175	3625	-36	-138	49
1760	-174	3663	-32	-69	35
1784	-161	3715	-33	-27	21
1769	-148	3784	-38	-40	29
1800	-158	3778	-45	-79	59
1804	-199	3736	-33	-103	55
1806	-209	3683	-24	-98	41
1818	-199	3651	-21	-63	44
1845	-198	3678	-21	-14	48
-1491	-481	3852	543	441	-1312
-1474	-370	3962	540	360	-1362
-1412	-299	3965	541	190	-1294
-1366	-260	3852	529	89	-1209
-1331	-268	3735	525	101	-1113
-1337	-259	3714	539	134	-992
-1379	-307	3700	554	172	-880
-1402	-297	3683	556	328	-813
-1398	-229	3781	566	343	-774
-1353	-204	3688	561	205	-713
-1318	-247	3529	511	204	-664
-1334	-228	3385	469	394	-559
-1435	-228	3489	436	675	-394
-1639	-254	3718	401	787	-247
-1744	-264	3820	379	770	-163
-1714	-282	3902	387	673	-89
-1718	-282	3874	369	470	-121
-1664	-161	3673	370	312	-88
-1620	13	3345	403	315	35
-1540	130	2966	468	461	210
-1438	48	2684	491	805	292
-1505	-98	2738	477	1269	257
-1679	-178	3066	468	1597	211
-1893	-132	3504	428	1696	92
-2031	196	3811	389	1377	-9
-1879	504	3703	354	907	61
-1801	596	3339	338	561	219
-1679	356	2741	301	420	349
-1502	81	2233	230	585	311
-1327	-180	1868	181	780	121
-1185	-261	1580	195	1016	-204
-1112	-217	1442	295	1303	-376
-1191	-238	1499	495	1606	-563
-1447	-12	1675	634	1858	-737
-1770	410	1875	698	1929	-643
-1897	857	1888	772	2054	-325
-2001	868	2333	827	2261	-26
-2188	554	3166	617	1982	120
-2364	373	3830	341	1615	224
-2761	347	4357	124	1140	226
-2999	467	3537	43	469	272
-3157	506	4440	-61	862	189
-3343	294	4931	-62	-435	243
-3286	-3	4560	-164	-1645	221
-3256	-204	3837	-328	-2013	-129
-3008	89	3737	-398	-1826	-36
-3006	368	4288	-384	-1994	80
-3123	374	4683	-337	-2721	-27
-3058	257	4884	-386	-3460	17
-3067	26	5387	-498	-4010	34
-3336	-215	6311	-567	-4768	-217
-3767	-319	7008	-542	-5460	-347
-3484	-92	7315	-416	-5359	-407
-2491	260	6206	-313	-3917	-415
-2034	398	5826	-265	-2679	-526
-1172	332	5408	-381	-4140	-836
541	255	2781	-385	-5883	-769
1967	-67	134	-219	-4908	-331
2232	-53	-466	-187	-2270	-4
1375	-20	1488	-213	459	226
89	-73	4631	-278	811	196
-573	28	6414	-311	-920	-35
-586	108	6525	-211	-2884	-77
-175	192	5607	-76	-3765	-36
54	-128	4661	-74	-3608	-221
292	-65	4055	-195	-3168	-508
687	-95	3296	-143	-2958	-570
999	-28	2549	-49	-2276	-520
1136	-41	2176	-41	-1292	-280
1158	-59	2443	-94	-64	-174
834	-38	3605	-115	726	-11
643	-72	4620	-115	470	92
691	-178	4999	-153	-273	69
753	-326	4734	-193	-939	48
813	-343	4198	-214	-1105	-114
831	-220	3865	-179	-906	-122
880	-247	3683	-95	-583	-38
830	-203	3639	-37	-267	55
717	-181	3700	6	2	122
532	-188	3960	20	142	128
395	-197	4207	6	44	52
425	-190	4301	-17	-148	-11
529	-182	4216	-46	-292	-33
655	-185	4064	-62	-318	-29
694	-179	4049	-57	-271	-7
722	-147	4078	-42	-304	2
759	-146	4030	-32	-303	11
799	-143	3934	-14	-218	16
774	-122	3974	11	-114	16
746	-125	4019	41	-76	26
736	-130	4039	60	-74	40
756	-156	4028	59	-64	28
758	-159	4073	62	-36	25
764	-182	4129	45	-92	10
729	-132	4139	7	-180	6
773	-136	4123	-14	-236	42
754	-163	4095	-27	-295	44
817	-184	4003	-18	-287	23
829	-208	4002	3	-202	19
862	-187	3989	9	-140	26
869	-166	3981	1	-75	25
891	-150	3979	-4	-12	32
850	-164	4004	-7	50	43
770	-182	4052	-11	70	19
765	-175	4081	-13	28	-14
770	-187	4071	-18	-6	-11
782	-179	4059	-15	-14	2
774	-194	4101	-13	-34	14
771	-181	4073	-2	-66	16
788	-201	4054	7	-79	-2
799	-170	4064	8	-88	-19
811	-165	4064	15	-88	-20
832	-146	4043	7	-93	-15
848	-165	4016	0	-90	-3
869	-175	4042	-1	-76	17
874	-211	4030	1	-75	10
840	-167	3967	13	-43	-7
842	-166	4011	14	28	-12
813	-169	4083	2	29	-9
822	-158	4098	0	-60	-12
847	-163	4036	-1	-115	-6
867	-164	3999	4	-86	17
846	-167	4017	7	-46	32
881	-160	3986	8	-33	24
961	-160	3939	8	-1	10
1006	-178	3892	10	128	-6
934	-171	3937	10	264	-9
822	-184	4072	8	280	-7
755	-174	4128	6	187	12
760	-172	4102	5	113	24
-970	-206	3923	-15	358	112
-987	-182	3959	-1	423	88
-1046	-144	4026	2	428	88
-1105	-157	4073	2	360	79
-1132	-163	4063	2	287	55
-1129	-122	4079	-3	220	26
-1120	-114	4064	-6	145	17
-1145	-88	3968	-15	97	22
-1176	-74	3887	-17	112	45
-1220	-46	3886	-10	179	85
-1298	-24	3898	-19	149	110
-1340	11	3791	-41	69	152
-1356	17	3632	-58	104	218
-1378	-2	3474	-77	233	259
-1417	46	3351	-86	466	286
-1532	52	3323	-98	683	355
-1642	28	3287	-127	819	391
-1730	30	3164	-150	934	440
-1766	-24	3052	-179	1081	469
-1778	-70	3001	-259	1273	441
-1812	-60	3058	-338	1462	384
-1890	90	3111	-341	1502	412
-1943	56	3067	-308	1333	569
-1959	-93	2828	-286	1177	631
-1930	-243	2475	-291	1262	544
-1925	-342	2240	-297	1604	410
-1910	-337	2281	-260	2041	341
-2012	-245	2497	-200	2300	250
-2092	-81	2709	-153	2290	193
-2107	45	2732	-90	2110	234
-2015	39	2614	-61	1971	239
-1854	-70	2577	-49	1953	296
-1764	-40	2568	-61	1897	313
-1948	105	2567	12	1687	465
-2194	-90	2372	169	1399	731
-2033	-355	2108	311	1693	655
-1908	-146	2598	330	2328	383
-2207	144	3549	333	2002	343
-2542	222	4129	345	880	397
-2669	212	4116	322	-298	357
-2540	317	2934	333	-136	225
-2926	99	3941	40	142	450
-3277	-218	4528	-146	-773	284
-3433	-283	4853	-295	-1962	-178
-3323	-66	4598	-336	-3204	-283
-2901	-30	3855	-362	-4030	-115
-2401	42	3207	-392	-4040	-185
-2139	-134	3415	-505	-3545	-150
-2057	-382	4769	-619	-3741	-369
-2310	-580	5985	-717	-4710	-811
-2340	-874	6537	-683	-5785	-1078
-2281	-1057	6090	-505	-5377	-1069
-2174	-709	6418	-253	-4330	-1302
-1848	-261	6808	-233	-3812	-1432
-1411	71	6656	-42	-3511	-1392
-882	353	5979	177	-3820	-1165
-33	325	4423	324	-4653	-790
725	130	2490	364	-4606	-507
1201	-105	1168	216	-3435	-533
1079	-237	1117	103	-1535	-527
634	-264	2318	85	-44	-375
80	-232	4179	117	-32	-263
-229	-175	5261	180	-1297	-384
-54	106	5049	180	-2438	-554
313	238	4621	88	-2728	-468
507	234	4453	-28	-2799	-416
461	278	4123	-83	-2836	-333
673	140	3540	-27	-2681	-168
1241	30	3119	57	-2203	-95
1498	-41	3073	101	-1467	6
1307	-93	3644	84	-746	88
1143	-27	4218	49	-596	101
1133	26	4450	-20	-757	113
1236	31	4258	-101	-907	136
1291	-40	3979	-161	-924	229
1294	-249	3812	-195	-862	304
1368	-378	3649	-214	-864	315
1541	-357	3383	-202	-628	335
1547	-334	3386	-161	-160	291
1348	-240	3773	-119	201	181
1143	-259	4163	-99	118	125
1049	-198	4229	-99	-203	117
1076	-248	4087	-101	-400	188
1090	-297	3991	-113	-429	133
1041	-343	3973	-98	-396	81
1045	-345	3969	-49	-418	15
1122	-285	3891	-19	-431	-12
1237	-215	3807	-18	-379	23
1324	-190	3739	-66	-230	105
1295	-246	3786	-98	-34	151
1194	-375	3892	-66	84	59
1087	-404	3997	-43	73	-24
1043	-379	4057	-33	-33	-39
1067	-313	4010	-39	-107	-4
1100	-300	4007	-58	-117	65
1104	-346	4031	-74	-117	58
1118	-342	4023	-67	-156	-57
1144	-285	4020	-16	-237	-180
1176	-289	3960	-10	-300	-126
1202	-327	3967	15	-307	-105
1228	-362	3970	23	-332	-125
1276	-336	3943	3	-365	-119
1282	-326	3939	-10	-351	-82
1295	-322	3956	-10	-377	-84
1332	-330	3907	2	-389	-111
1427	-316	3802	37	-368	-135
1487	-281	3739	61	-258	-134
1466	-248	3762	68	-112	-130
1415	-235	3854	58	-47	-126
1392	-228	3890	59	-61	-118
1379	-239	3933	64	-83	-94
1397	-238	3907	61	-105	-81
1392	-239	3868	54	-109	-66
1378	-230	3877	52	-94	-57
1389	-217	3887	43	-93	-61
1375	-189	3923	40	-101	-61
1384	-172	3921	40	-121	-31
1398	-180	3918	36	-137	-16
1394	-199	3870	45	-166	1
1414	-210	3783	54	-116	16
1414	-209	3838	55	-33	6
1435	-193	3912	50	-34	-10
1415	-222	3915	39	-84	-14
1424	-206	3894	31	-135	-24
1453	-199	3851	24	-120	1
1451	-200	3836	22	-75	24
1443	-211	3838	16	-34	26
1411	-223	3875	12	-23	12
1427	-213	3889	6	-48	-14
1435	-200	3846	10	-50	-9
-989	63	3926	139	87	-86
-1001	92	3978	115	66	-80
-1018	125	3946	92	21	-94
-1015	164	3904	76	21	-53
-1022	174	3861	65	60	-10
-998	208	3874	63	153	23
-1009	221	3986	72	203	97
-1028	143	4056	56	150	122
-1077	152	3984	25	62	83
-1074	157	3915	4	45	88
-1068	179	3893	11	96	127
-1096	196	3909	12	142	179
-1130	188	3883	-5	161	215
-1191	124	3862	-31	173	219
-1240	134	3853	-42	142	186
-1225	147	3718	-20	93	211
-1177	141	3508	-7	162	214
-1180	224	3306	15	377	214
-1203	243	3136	61	684	302
-1231	105	3061	89	1046	327
-1346	16	3002	86	1269	254
-1400	-74	2919	67	1520	145
-1485	-44	3001	59	1794	25
-1595	85	3167	81	1869	2
-1734	249	3231	100	1784	41
-1773	307	3255	68	1666	126
-1740	252	3236	-36	1482	167
-1767	20	3100	-180	1284	183
-1749	-282	2836	-340	1214	-53
-1687	-301	2610	-412	1367	-428
-1648	-223	2595	-391	1451	-660
-1627	-116	2572	-337	1368	-745
-1627	68	2449	-306	1188	-706
-1418	271	2185	-233	1141	-464
-1274	296	1994	-153	1269	-50
-1300	170	1967	-69	1358	229
-1519	-18	2019	-9	1318	284
-1796	-206	1985	28	1430	110
-2037	-173	2262	14	2027	-43
-2404	66	3233	6	2381	-89
-2691	200	4254	77	1993	-25
-2933	182	5003	176	1262	88
-2988	143	5267	221	120	44
-2733	260	3287	367	-501	126
-2651	218	4570	168	330	199
-2856	13	5361	73	-1317	55
-2791	-245	4266	135	-2825	-63
-2476	-35	3386	71	-3041	-44
-2449	74	3405	-89	-2251	-330
-2708	386	4426	-160	-2127	-17
-3109	126	5801	-223	-2999	166
-3402	-157	6900	-352	-4419	-105
-4224	-622	8614	-275	-5478	-168
-4342	-43	8777	-361	-6020	-409
-2317	279	6679	-370	-3814	-242
-1591	457	6947	-634	-2514	-569
-943	135	5730	-614	-5573	-654
1084	-223	1870	-101	-7534	-226
2731	-715	-1197	292	-6258	-67
3149	-471	-2037	240	-2686	-159
1894	-595	80	43	1622	81
219	-491	4640	-31	2934	-169
-843	-195	8255	-52	-227	-451
-272	10	7449	124	-3678	-377
453	107	5632	71	-4275	-219
763	77	4477	-71	-3727	-156
927	107	3656	-279	-3316	-232
1504	43	2716	-393	-2643	-303
1866	14	2009	-385	-1663	-144
1709	-85	1701	-204	-302	229
840	-207	2025	44	1371	353
-159	-53	3327	140	2345	226
-504	23	4628	135	2079	181
-659	-13	5691	63	1146	114
-688	-59	6178	-24	-243	44
-341	-37	5577	-116	-1524	-6
159	-168	4592	-128	-2081	15
723	-316	3582	-78	-2096	-56
1224	-360	2843	-22	-1480	-89
1432	-367	2605	22	-523	-58
1242	-287	3016	31	574	-43
815	-200	3913	18	1047	14
597	-184	4492	-3	798	68
533	-181	4616	-15	337	52
484	-200	4426	-21	-41	44
478	-214	4149	-33	-178	5
568	-132	4048	-48	-176	-44
708	-21	4049	-81	-193	-29
744	1	4029	-96	-193	57
700	-31	3995	-90	-154	91
623	-75	4031	-58	-70	124
533	-156	4126	-18	-3	140
446	-246	4220	-9	-34	80
442	-268	4171	-5	-170	-37
526	-260	4024	-19	-198	-85
554	-245	4001	-8	-83	-92
429	-287	4114	-24	14	-49
279	-251	4244	-39	-64	-41
219	-287	4249	-51	-247	-37
294	-219	4277	-53	-388	-54
464	-254	4295	-32	-568	-91
697	-217	4253	-27	-838	-127
937	-135	3992	-21	-945	-114
1143	-65	3730	-4	-728	-68
1201	-52	3658	3	-328	14
1080	-127	3784	13	-42	35
946	-151	3870	6	80	1
831	-163	3995	2	189	-3
768	-165	4181	-6	206	15
713	-193	4262	-10	82	18
706	-204	4168	-7	-69	-1
733	-226	4091	-3	-149	-19
780	-241	4087	8	-216	-39
826	-228	4088	23	-279	-45
832	-262	4030	40	-326	-37
854	-252	3967	53	-254	-30
845	-226	3987	47	-150	-14
848	-206	4036	40	-125	-8
841	-190	4048	31	-175	-21
864	-184	4006	26	-206	-20
912	-203	3969	33	-181	-35
917	-187	4004	32	-122	-48
894	-136	3997	32	-88	-28
899	-153	3944	32	-64	-2
935	-161	3957	34	-18	-18
952	-159	3966	25	29	-27
948	-150	3999	21	62	-33
912	-147	4037	15	68	-20
882	-166	4059	17	53	-16
847	-177	4064	18	36	-34
-1368	46	3829	-71	22	1215
-1294	86	3732	-23	39	1316
-1250	102	3736	9	135	1370
-1234	129	3842	22	208	1344
-1285	219	3929	-21	219	1253
-1321	331	4000	-41	164	1223
-1301	252	3982	-11	59	1188
-1240	180	3841	11	28	1004
-1180	213	3774	46	116	846
-1200	234	3823	93	196	748
-1231	312	3904	103	243	645
-1242	438	3971	70	204	586
-1231	490	3936	20	96	595
-1213	412	3824	-49	64	555
-1196	337	3764	-118	63	441
-1172	275	3696	-192	30	309
-1153	216	3624	-257	47	181
-1181	76	3646	-319	216	12
-1371	-35	3819	-351	382	-160
-1572	6	3949	-331	405	-214
-1672	65	4008	-243	319	-191
-1615	270	3740	-91	369	-34
-1472	392	3562	30	512	240
-1324	348	3541	84	501	371
-1320	273	3479	90	461	367
-1442	143	3403	35	508	294
-1569	112	3357	-36	628	94
-1665	248	3366	-115	783	-80
-1769	466	3419	-133	926	-81
-1919	567	3407	-82	921	183
-1940	415	3210	-103	901	379
-1977	226	2962	-217	956	418
-1985	32	2695	-360	1061	366
-1961	-63	2524	-449	1284	207
-1932	-53	2440	-424	1558	49
-2002	2	2448	-304	1726	29
-2116	28	2389	-216	1708	-25
-2075	74	2212	-229	1661	-53
-1890	56	1973	-279	1773	19
-1719	134	1892	-341	1995	53
-1598	341	2006	-382	2085	33
-1635	405	2176	-350	1941	297
-1720	80	2195	-256	1808	537
-1860	-146	2251	-233	1653	480
-1940	-156	2317	-332	1478	374
-1954	-168	2474	-431	1550	259
-2083	-69	3001	-493	1819	267
-2487	-101	3548	-388	1453	341
-2873	-102	3165	-273	2355	212
-3559	-388	4821	-281	1740	357
-3489	-336	5666	-330	-356	386
-3437	49	5527	-361	-2209	268
-3358	390	4561	-299	-3397	202
-3307	128	3957	-232	-3599	288
-3031	-164	3780	-330	-3360	168
-2610	1	4355	-519	-3435	159
-2367	-111	4719	-555	-3975	208
-2409	-150	5044	-463	-4581	-98
-2436	-118	5476	-474	-5073	-418
-2164	-453	6364	-399	-5147	-762
-2046	-249	6558	-388	-4997	-1129
-1637	-192	6406	-471	-4448	-1068
-1446	-102	6065	-381	-3905	-641
-1300	-346	5134	-247	-3379	-466
-751	-243	4497	-177	-3286	-490
-41	-299	3578	-107	-3629	-319
626	-300	2515	3	-3460	-209
858	-292	2037	64	-2582	-292
745	-223	2146	7	-1446	-313
284	-173	3112	-95	-605	-245
-132	-175	4263	-165	-808	-150
-209	-185	4861	-180	-1633	-106
-94	-83	4802	-142	-2352	-72
51	-75	4471	-76	-2621	-63
234	-45	4196	-63	-2673	-167
490	-7	4002	-47	-2521	-210
648	24	3934	-19	-2183	-106
731	-53	3949	-6	-1851	0
846	-197	3841	-6	-1662	-57
973	-210	3725	-11	-1416	-167
1033	-296	3681	-21	-1136	-183
995	-331	3834	-33	-934	-166
985	-289	3985	-34	-929	-79
1106	-273	4070	-41	-1040	34
1243	-268	3953	-58	-1131	105
1285	-297	3851	-75	-1026	137
1298	-324	3856	-96	-871	94
1246	-328	3933	-90	-754	41
1225	-320	3953	-66	-805	-26
1265	-269	3846	-46	-827	-95
1335	-205	3823	-58	-708	-64
1350	-224	3861	-53	-575	35
1253	-305	3976	-37	-527	13
1187	-372	3974	-4	-586	-86
1161	-382	3936	6	-663	-180
1254	-348	3795	1	-704	-183
1409	-361	3735	-16	-611	-192
1457	-352	3761	-33	-497	-258
1487	-258	3774	-26	-401	-263
1486	-221	3793	-11	-311	-189
1435	-233	3814	-10	-251	-205
1422	-253	3816	-16	-217	-241
1443	-249	3785	-17	-141	-275
1398	-250	3848	-21	-53	-296
1360	-221	3905	-19	-48	-294
1341	-185	3940	-14	-94	-268
1378	-182	3882	-7	-168	-240
1447	-212	3850	-1	-173	-214
1486	-204	3848	-2	-162	-191
1475	-194	3882	-5	-165	-177
1434	-174	3919	-10	-194	-167
1438	-172	3934	-9	-253	-164
1456	-171	3857	7	-249	-153
1499	-192	3798	24	-263	-124
1507	-183	3781	23	-183	-93
1489	-188	3821	17	-144	-78
1482	-186	3862	20	-148	-64
1483	-177	3847	22	-150	-46
1480	-170	3850	18	-121	-30
1501	-166	3789	19	-117	-14
1508	-166	3794	14	-51	-2
1492	-182	3849	21	-34	17
1480	-208	3905	26	-63	-1
1506	-187	3872	31	-103	-9
1559	-184	3832	29	-108	17
1584	-188	3814	24	-69	38
1538	-182	3807	20	-53	61
1519	-220	3802	22	-34	38
1533	-215	3842	17	-16	-2
1544	-229	3852	18	-39	-14
-1080	-134	3980	-20	271	-13
-1065	-115	3953	-14	232	-9
-1088	-136	3901	-3	230	17
-1117	-126	3841	-3	275	-2
-1179	-116	3857	-15	332	-28
-1222	-109	3891	-23	370	-31
-1230	-65	3904	-19	369	-14
-1242	-45	3879	-2	336	40
-1270	-45	3794	3	311	100
-1317	-74	3642	-7	334	144
-1320	-73	3509	-19	465	144
-1361	-63	3404	-17	652	167
-1409	-86	3370	1	852	234
-1492	-174	3402	-13	972	233
-1552	-180	3401	-35	1096	172
-1634	-47	3386	-37	1205	220
-1681	41	3312	-14	1236	398
-1699	22	3221	-10	1296	541
-1752	73	3139	-33	1444	604
-1762	90	3081	-29	1631	742
-1802	-113	3116	-64	1701	795
-1886	-284	3100	-97	1736	673
-1942	-365	3015	-109	1799	510
-1952	-401	2963	-87	1888	345
-1999	-323	2976	-87	1930	213
-2078	-248	3010	-65	1939	139
-2143	-168	2973	-57	1903	54
-2118	-94	2780	-92	1803	-60
-1929	22	2573	-158	1825	-76
-1817	52	2456	-221	1868	0
-1785	22	2461	-254	1825	3
-1773	65	2440	-264	1745	116
-1812	-15	2467	-263	1620	262
-1848	-56	2476	-342	1461	258
-1843	-100	2488	-368	1343	216
-1827	-80	2564	-348	1176	148
-1849	27	2727	-237	841	330
-1864	-170	2748	40	400	689
-1667	-294	1531	403	1203	583
-2494	-357	2911	245	2255	601
-2980	-387	3914	219	1467	433
-3269	-236	4571	278	133	238
-3408	21	4566	241	-1162	-247
-3635	460	4325	321	-1834	-30
-3800	472	4136	390	-2414	125
-3665	519	3716	193	-2810	-221
-3501	469	3947	-43	-3133	-204
-3099	165	3756	-327	-3354	-204
-3057	157	4190	-465	-3521	-345
-3239	110	5041	-606	-4176	-470
-3315	290	5767	-673	-5045	-580
-3820	216	6656	-786	-5702	-843
-4215	297	7316	-909	-5818	-817
-3010	-212	6189	-706	-3911	-547
-2238	148	6419	-360	-1776	-526
-1324	116	5940	-433	-3215	-231
482	-364	3176	-393	-5270	-117
1981	-682	447	-23	-4533	-158
2287	-957	-282	-26	-2090	-362
1202	-995	1428	-142	288	-649
-277	-1112	4429	-94	480	-825
-794	-960	6090	14	-1487	-878
-625	-765	5906	71	-3241	-639
-201	-879	5248	-42	-3588	-599
70	-628	4715	-268	-3190	-765
17	-349	4409	-407	-2885	-639
256	-211	3884	-358	-3031	-424
759	-36	3013	-196	-2681	-116
1111	156	2222	-60	-1781	281
1065	74	2185	85	-382	298
666	155	3224	158	722	55
448	26	4442	136	638	23
566	-75	5011	126	-119	146
691	-267	4881	127	-801	227
752	-376	4438	126	-1035	170
728	-363	4109	100	-1008	57
708	-436	3896	71	-892	64
789	-406	3708	33	-807	73
837	-393	3614	5	-630	60
755	-352	3571	-17	-358	-51
535	-241	3720	-7	47	-37
302	-201	3992	-17	248	9
202	-128	4259	-29	247	76
117	-139	4461	-10	-9	137
209	-288	4389	7	-361	175
364	-450	4201	55	-512	66
572	-390	4053	100	-562	-89
715	-266	3942	104	-527	-37
752	-293	3855	54	-365	58
663	-437	3901	-5	-139	72
581	-563	4033	-48	-34	-3
550	-537	4079	-42	-106	-31
646	-482	4050	-5	-163	11
713	-431	4096	36	-167	11
723	-317	4143	54	-198	-9
709	-266	4170	50	-261	-9
672	-241	4084	35	-293	17
665	-267	4054	31	-265	24
686	-319	4079	29	-282	-25
793	-311	4058	35	-327	-69
890	-323	4091	45	-357	-62
946	-330	3998	60	-404	-62
981	-304	3917	75	-317	-69
969	-236	3882	75	-177	-41
948	-237	3875	68	-13	16
863	-307	3966	48	108	3
781	-320	4065	37	128	-47
691	-312	4185	39	33	-83
664	-294	4234	47	-111	-74
655	-286	4184	50	-239	-53
704	-252	4087	51	-319	-29
807	-247	4006	52	-326	7
902	-274	3944	52	-302	12
998	-263	3862	42	-213	-3
969	-278	3855	18	-54	1
918	-295	3918	6	61	6
861	-297	3992	2	113	3
816	-285	4088	3	63	-8
833	-279	4113	2	-34	1
851	-279	4082	-3	-105	10
914	-288	4010	2	-130	20
970	-279	3948	10	-108	20
1030	-280	3886	6	-22	18
996	-263	3918	1	109	19
893	-267	4010	-5	182	21
824	-256	4085	-14	158	10
822	-260	4093	-23	87	6
814	-252	4068	-17	34	18
811	-292	4043	-10	30	30
795	-309	4027	-4	42	12
-1002	-22	3872	-10	-23	162
-1020	-41	3900	-18	23	155
-1059	-55	3885	-17	51	148
-1086	-78	3898	-17	106	124
-1111	-46	3929	-22	134	95
-1094	-3	3954	-21	116	80
-1078	-1	3888	-25	72	99
-1037	9	3830	-23	111	94
-1025	-2	3807	-13	208	104
-1055	6	3919	-9	286	112
-1104	24	3986	-10	248	114
-1165	23	3926	-7	170	111
-1219	12	3796	-10	189	104
-1253	37	3747	-6	265	115
-1317	83	3711	7	317	154
-1345	112	3676	16	372	216
-1428	139	3662	-10	435	269
-1550	173	3601	-36	452	339
-1648	150	3505	-46	479	435
-1729	125	3412	-60	508	467
-1705	100	3255	-55	557	494
-1632	109	3063	-49	674	487
-1548	162	2912	-61	789	529
-1534	82	2772	-113	966	625
-1598	72	2597	-205	1262	555
-1586	155	2529	-290	1605	492
-1556	103	2661	-274	1812	508
-1677	-106	2791	-246	1776	495
-1794	-297	2668	-173	1684	436
-1699	-379	1828	-109	1832	242
-1814	-366	2072	-210	2792	122
-1881	-213	2477	-254	2852	17
-1765	65	2537	-211	2552	-45
-1597	257	2466	-67	2372	41
-1667	259	2503	75	2195	211
-1842	86	2539	44	1941	347
-1958	-115	2597	-137	1828	300
-2032	-41	2839	-318	2059	267
-2287	32	3377	-296	2097	464
-2587	-98	3814	-155	1737	648
-2767	-341	4332	-4	1083	706
-2741	-501	4747	50	1	521
-2737	-655	4862	63	-1220	197
-2724	-573	4568	69	-2107	-63
-2583	-272	4135	6	-2578	-395
-2461	272	3922	62	-2942	-385
-2310	549	3897	222	-2970	-196
-2325	545	4412	561	-3013	80
-2443	386	4916	737	-3406	251
-2594	228	5822	559	-3856	263
-2551	-66	6713	244	-4616	-10
-2278	-413	6735	-53	-4857	-362
-1959	-190	6357	-171	-4409	-732
-1758	-13	6346	-330	-4243	-1012
-1260	-29	5677	-375	-4409	-1126
-746	-31	5010	-228	-3982	-1136
-375	73	4604	-74	-3840	-1001
207	189	3784	2	-3914	-672
689	235	2994	65	-3517	-473
728	186	2677	53	-2714	-467
596	132	2725	-54	-2023	-596
478	136	3181	-201	-1663	-638
413	138	3645	-204	-1525	-517
338	144	4165	-123	-1546	-431
233	143	4524	-68	-1775	-370
288	299	4620	-73	-2066	-357
466	420	4546	-77	-2289	-250
673	434	4286	-20	-2402	-2
1075	249	3845	26	-2266	135
1325	37	3672	-31	-1931	201
1491	-206	3452	-130	-1649	171
1540	-299	3301	-182	-1182	0
1428	-111	3402	-163	-643	-66
1347	-34	3532	-92	-227	132
1285	-241	3748	-77	73	126
1123	-282	3995	-114	145	-80
974	-274	4123	-154	61	-223
952	-209	4140	-172	-80	-291
947	-162	4101	-169	-210	-314
939	-204	4051	-125	-246	-320
870	-136	4047	-100	-265	-381
833	-50	4030	-86	-296	-398
801	70	4024	-106	-365	-331
872	74	4061	-105	-366	-261
853	111	4077	-130	-387	-225
877	48	4060	-104	-414	-192
936	31	4067	-75	-420	-149
999	11	4027	-69	-463	-42
1098	-7	3927	-92	-492	53
1189	-22	3804	-101	-425	62
1230	-48	3798	-128	-266	53
1160	-49	3917	-121	-107	50
1087	-131	4035	-76	-139	55
1156	-175	4009	-81	-298	80
1271	-181	3895	-39	-336	75
1328	-192	3890	-40	-261	92
1286	-146	3936	-50	-160	85
1235	-137	3995	-47	-168	96
1210	-145	3951	-34	-205	84
1203	-127	3888	-27	-191	97
1180	-108	3930	-19	-144	124
1166	-119	3967	-11	-144	135
1172	-106	4006	-4	-187	147
1221	-126	3957	-1	-224	178
1265	-137	3903	1	-217	198
1259	-165	3919	18	-159	154
1250	-204	3935	-19	-139	150
1226	-214	3944	-1	-131	108
1257	-220	3922	42	-136	47
1302	-167	3899	-6	-143	64
1304	-149	3892	-19	-104	77
1285	-178	3907	-23	-66	81
1265	-178	3956	-17	-49	56
1256	-189	3983	-9	-82	32
1272	-152	3972	5	-130	37
1311	-164	3925	7	-141	53
1317	-167	3894	5	-139	45
1314	-193	3876	2	-102	26
1328	-200	3845	3	-34	1
1330	-176	3942	5	-6	-25
1319	-159	3966	8	-42	-17
1307	-154	3978	5	-96	-7
1301	-164	3939	6	-119	-7
1313	-183	3911	10	-123	-6
1332	-182	3881	17	-98	1
1338	-175	3879	26	-62	2
1333	-186	3903	25	-43	-5
1340	-176	3902	33	-35	-10
1344	-161	3922	35	-38	0
1358	-164	3903	36	-58	10
-776	-76	4009	6	-13	-1
-783	-75	3966	7	38	-17
-826	-55	3992	12	69	-32
-844	-10	4037	13	27	-31
-822	-2	3979	4	3	6
-802	-36	3970	-11	75	8
-835	-13	4063	-20	94	16
-833	-9	4063	-17	13	52
-809	9	3910	-15	3	73
-838	35	3817	-19	108	108
-906	23	3785	-28	234	148
-987	-38	3798	-34	304	156
-1092	-92	3774	-36	311	137
-1160	-84	3711	-33	354	104
-1209	-56	3720	-18	447	105
-1216	-92	3700	2	479	97
-1122	-111	3660	24	485	53
-1073	-51	3546	24	519	48
-1107	14	3453	31	694	95
-1156	-18	3427	57	909	116
-1237	8	3461	44	1005	105
-1237	43	3381	-3	1035	108
-1302	120	3209	-81	1084	164
-1373	134	2982	-150	1241	243
-1424	62	2784	-144	1474	288
-1430	-97	2642	-190	1597	267
-1371	-254	2471	-228	1644	209
-1321	-416	2337	-294	1715	69
-1218	-348	2161	-325	1872	-70
-1086	-202	2038	-272	2139	-47
-1155	-93	1839	-182	2240	-56
-1033	-142	1784	-24	2724	-11
-1320	-364	2280	83	2957	-67
-1522	-184	2469	170	2999	-120
-1697	173	2673	344	3188	158
-1964	383	3220	547	2952	569
-2232	321	3664	622	2156	811
-2354	237	3823	465	1706	777
-2517	80	4297	277	1585	627
-2796	-352	4836	134	1171	290
-2856	-644	4859	26	606	-275
-3038	-486	5155	-108	-190	-504
-2935	12	4798	-54	-1348	-227
-2653	322	3953	169	-1929	251
-2545	131	3576	332	-1904	332
-2531	152	3414	329	-1524	-17
-2682	88	4157	305	-1765	38
-2643	-5	4761	342	-2478	-1
-2373	141	5138	431	-3558	6
-2287	295	5495	399	-4779	-5
-2502	440	6285	122	-6074	-116
-3382	251	7829	-232	-7112	-322
-3155	641	7108	-318	-5906	-373
-1878	804	6389	-145	-750	-292
-2602	598	8900	-563	-348	-692
-1076	10	6093	-433	-5795	-935
1770	-231	350	120	-7238	-386
3346	-569	-2776	231	-4036	67
3220	-1038	-2404	-237	660	401
1167	-1063	1293	-435	4550	185
-755	-1031	6310	-392	3641	-902
-979	233	8612	-41	-363	-1238
-636	730	7564	-55	-3720	-254
131	335	5525	-71	-3840	117
542	352	4672	-132	-2924	134
417	5	4259	-334	-2166	-245
452	-318	3463	-321	-2043	-598
609	-161	2755	-70	-1765	-719
666	68	2207	240	-1344	-298
587	155	1952	325	-458	151
201	178	2677	268	845	214
-467	130	4205	132	1340	250
-805	66	5473	44	849	120
-861	-3	6239	-4	-313	-139
-427	43	5728	-28	-1676	-274
95	70	4654	-41	-2241	-228
462	16	3600	-71	-2121	-92
691	-129	2953	-102	-1507	34
850	-203	2636	-102	-750	116
917	-265	2927	-78	206	124
644	-169	3874	-41	766	50
465	-37	4665	-37	499	-7
464	-21	4946	-54	-129	12
524	-27	4692	-53	-674	48
603	-76	4236	-43	-855	57
671	-127	3890	-20	-785	11
754	-77	3701	10	-581	15
784	-38	3674	37	-340	34
774	-21	3787	45	-99	56
646	-28	4034	27	32	39
512	-38	4222	8	5	13
442	-23	4274	-13	-137	3
486	-27	4220	-36	-270	10
584	-19	4021	-49	-307	43
709	-37	3853	-54	-198	92
762	-72	3808	-48	0	117
709	-103	3923	-44	185	81
630	-100	4091	-40	234	33
588	-110	4165	-38	153	17
594	-95	4128	-36	83	26
619	-86	4110	-27	84	47
642	-84	4088	-26	86	55
646	-78	4084	-26	55	59
644	-94	4051	-32	51	56
622	-102	4059	-34	83	29
570	-114	4116	-40	102	4
539	-103	4146	-41	74	5
505	-98	4129	-37	50	28
497	-87	4114	-31	46	44
506	-92	4130	-32	28	33
523	-89	4122	-30	-8	17
526	-101	4108	-27	-23	1
549	-122	4094	-28	-28	-14
538	-106	4120	-21	-42	-14
548	-112	4126	-19	-74	-3
591	-113	4125	-17	-113	18
606	-105	4083	-17	-124	24
628	-116	4044	-17	-92	13
624	-94	4043	-19	-46	-5
603	-80	4071	-19	-29	-11
633	-100	4100	-28	-45	1
656	-118	4094	-26	-67	15
688	-129	4081	-13	-49	10
663	-142	4076	-8	-14	-3
606	-115	4081	-7	-17	1
584	-107	4075	-5	-26	18
600	-108	4062	-22	-27	15
671	-120	4042	-27	-14	-4
658	-136	4051	-23	15	-9
638	-140	4076	-21	32	-4
-1069	304	3813	-326	107	453
-976	312	3856	-309	192	499
-952	288	3996	-312	201	607
-969	135	4087	-331	80	636
-956	11	4057	-343	-1	495
-958	-13	4031	-336	-6	357
-944	81	4014	-301	-4	287
-951	230	3947	-281	-6	315
-959	302	3854	-290	68	400
-979	284	3869	-308	184	521
-1059	184	3877	-308	209	601
-1119	92	3850	-320	191	589
-1144	88	3820	-313	165	572
-1163	115	3764	-280	148	549
-1152	109	3622	-269	182	521
-1137	103	3498	-259	317	539
-1176	81	3471	-270	459	546
-1227	78	3457	-312	580	547
-1305	98	3467	-317	732	577
-1352	100	3492	-318	851	606
-1416	63	3446	-296	861	615
-1458	-69	3154	-265	917	565
-1477	-115	2874	-246	1099	473
-1467	-128	2641	-266	1362	389
-1422	-1	2543	-263	1627	389
-1592	122	2606	-287	1828	415
-1778	207	2538	-324	1937	481
-1892	33	2507	-402	2140	589
-1869	-158	2603	-478	2255	513
-1849	-181	2738	-501	2173	358
-1829	-249	2766	-454	1821	191
-1752	-275	2552	-433	1569	-37
-1749	-133	2260	-359	1792	6
-1890	-282	2342	-184	2225	136
-2083	-369	2654	-112	2276	0
-2172	-179	2927	-79	2027	-125
-2148	10	3065	-66	1684	-33
-2176	18	3089	24	1427	64
-2171	-78	3070	87	1328	-37
-2225	-39	3104	112	1319	-121
-2421	-57	3452	125	1399	-74
-2748	-73	4285	66	962	-54
-3055	130	4792	-19	-16	-18
-3048	252	5018	-78	-1187	198
-2982	255	4869	-149	-2310	349
-2547	178	4209	-214	-3006	417
-2346	-122	4229	-278	-3240	282
-2454	-369	4552	-406	-3798	95
-2625	-725	4739	-337	-4486	69
-2527	-614	5138	-104	-4561	-88
-2238	-750	6168	93	-4306	-538
-2110	-351	6617	-4	-3945	-873
-2058	-287	6771	-261	-3137	-840
-1945	-296	6255	-318	-2412	-796
-1750	-137	5645	-209	-1790	-843
-1272	12	5016	-184	-2163	-646
-503	-94	3920	-163	-2869	-445
132	-157	2856	-71	-2876	-435
232	-182	2268	35	-2293	-447
38	-150	2189	69	-1547	-403
-267	-64	2828	56	-1045	-312
-572	13	3805	43	-1158	-134
-715	27	4564	28	-1820	-22
-762	-9	4752	11	-2536	12
-663	-50	4519	-30	-2645	-16
-422	-98	4500	-96	-2489	-104
-262	-119	4463	-90	-2534	-146
-197	-170	4419	-17	-2511	-109
55	-219	4225	101	-2515	-191
323	-99	4086	165	-2434	-233
539	-43	3932	139	-2363	-71
765	-170	3716	64	-2319	4
1008	-189	3426	-7	-2092	-56
1086	-224	3474	-43	-1630	-82
932	-265	3788	-47	-1295	-36
880	-227	4058	-35	-1312	44
984	-191	4127	-27	-1507	132
1175	-166	3926	-37	-1565	146
1438	-117	3683	-24	-1379	75
1539	-134	3634	4	-1094	25
1459	-118	3668	8	-789	-13
1331	-29	3919	-14	-567	13
1261	4	4049	-33	-571	195
1309	-173	3986	-30	-631	294
1459	-303	3806	-30	-621	183
1493	-321	3639	-14	-473	97
1441	-316	3625	7	-239	65
1300	-263	3854	19	-88	28
1194	-168	4013	5	-189	47
1201	-151	4015	-26	-319	110
1262	-216	4011	-49	-387	92
1286	-241	4013	-36	-454	-2
1278	-228	3974	5	-531	-26
1288	-219	3884	37	-548	6
1357	-202	3800	33	-516	29
1425	-168	3717	10	-449	13
1483	-149	3688	-40	-316	45
1448	-243	3708	-62	-141	80
1395	-283	3764	-58	24	18
1319	-246	3879	-36	110	-11
1281	-207	3918	-18	101	16
1289	-199	3939	-5	56	35
1300	-195	3946	-9	29	41
1278	-233	3986	-21	-2	52
1249	-248	4011	-34	-69	30
1283	-292	3964	-38	-140	8
1333	-286	3927	-24	-181	-14
1346	-267	3904	-14	-190	-5
1368	-249	3886	-6	-165	14
1398	-266	3868	-2	-127	-11
1390	-262	3861	8	-92	-39
1397	-275	3860	11	-56	-44
1384	-271	3888	7	-39	-45
1383	-270	3872	2	-27	-37
1380	-258	3904	11	-12	-29
1372	-246	3922	11	-33	-36
1401	-215	3895	14	-64	-46
1425	-199	3877	7	-61	-31
1452	-214	3865	8	-42	-22
1442	-200	3837	14	-2	-21
1384	-209	3848	24	33	3
1358	-223	3910	18	53	5
1386	-224	3969	11	1	-21
1416	-224	3883	6	-74	-39
1440	-208	3832	8	-65	-21
1465	-203	3820	12	9	4
1441	-220	3863	8	56	24
1411	-214	3879	8	58	25
1403	-208	3899	7	41	19
1410	-209	3898	14	27	10
-874	71	3951	-44	-57	242
-880	43	3992	-40	-57	274
-843	36	4027	-38	-63	283
-848	14	4007	-35	-81	278
-855	20	4013	-40	-94	286
-862	34	3991	-47	-88	308
-856	40	3952	-49	-47	327
-853	46	3974	-45	-10	340
-851	19	3965	-49	0	350
-848	-1	3967	-52	16	328
-870	-33	3978	-53	23	308
-881	-30	4009	-56	14	283
-851	3	3957	-56	34	280
-831	22	3952	-59	78	297
-851	1	3955	-74	123	296
-888	-10	3964	-71	147	296
-959	-16	3981	-54	130	296
-975	4	3945	-45	120	279
-997	11	3919	-45	121	260
-999	29	3890	-50	122	254
-1022	53	3873	-49	135	261
-1070	7	3838	-53	150	252
-1140	36	3759	-50	191	232
-1192	71	3657	-40	246	242
-1221	50	3555	-9	333	264
-1257	-7	3491	-19	419	223
-1265	52	3394	-46	526	174
-1307	138	3235	-28	667	211
-1304	133	2973	14	833	243
-1246	134	2732	34	1098	249
-1268	111	2583	37	1430	239
-1368	95	2467	22	1687	188
-1381	16	2323	-5	1969	95
-1371	66	2242	-68	2365	5
-1425	12	2287	-40	2675	98
-1428	-115	2431	2	2870	83
-1584	-191	2542	32	2853	48
-1747	-85	2593	40	2698	-12
-1813	127	2662	48	2573	56
-1846	164	2766	91	2553	177
-1838	-28	2950	149	2511	204
-1845	-76	3136	206	2432	146
-1959	-79	3398	208	2099	110
-1983	-51	3344	141	1363	40
-1901	55	3000	109	897	75
-1944	63	2746	149	920	207
-2070	112	2692	146	1125	226
-2314	213	2925	152	1675	244
-2713	161	4019	96	1796	163
-3181	239	5056	123	1042	97
-3654	-147	5857	173	-317	189
-3708	-77	5304	21	-1726	-137
-3523	91	4584	-61	-2469	-179
-3168	450	4084	-142	-2544	-233
-2873	399	4147	-240	-2456	-260
-2662	145	4242	-345	-2631	-349
-2537	-126	4471	-422	-2931	-352
-2494	-498	4735	-506	-3162	-546
-2708	-601	5607	-473	-3488	-813
-3094	-904	6445	-403	-4422	-964
-3284	-1048	6713	-217	-4933	-1010
-2703	-1114	5956	-76	-4277	-974
-1458	-377	5182	-19	-2808	-1063
-854	360	4985	-209	-2263	-863
-247	576	4037	-391	-3241	-544
529	538	2665	-455	-3726	-194
1184	430	1718	-358	-3115	93
1389	101	1591	-118	-1730	276
876	-85	2636	144	-401	273
-42	-84	4284	282	-248	149
-924	-96	5560	313	-1228	275
-972	-83	5932	310	-2482	169
-500	238	5511	253	-3083	-76
-200	256	4901	249	-3161	-222
131	132	4192	206	-2987	-287
500	17	3571	131	-2771	-177
905	-280	3028	120	-2378	-25
1216	-501	2622	145	-1827	-110
1335	-413	2459	147	-856	-218
1168	-250	3116	131	291	-273
728	-147	4052	88	638	-149
355	-103	4589	-16	351	-14
129	-144	4807	-116	-67	16
88	-81	4759	-148	-568	-54
105	0	4459	-111	-989	-36
289	6	4102	-68	-1134	-5
505	-19	3804	-30	-1034	40
675	-91	3655	3	-747	97
711	-165	3630	26	-344	40
588	-111	3880	33	-30	-58
492	-48	4159	62	-53	-60
508	-33	4271	81	-249	-16
599	-61	4233	73	-421	2
675	-138	4106	37	-489	-12
707	-98	3982	-6	-450	3
744	-149	3961	-2	-350	35
727	-173	3994	7	-287	-9
734	-134	3995	25	-283	-65
739	-43	3981	38	-222	-48
707	-23	4049	26	-158	14
664	-8	4110	-9	-165	29
685	-29	4086	-47	-217	24
741	-32	4019	-69	-188	26
742	-69	3963	-63	-104	38
705	-85	3965	-45	-3	53
701	-89	4003	-38	25	47
753	-101	4030	-37	35	6
773	-71	4038	-35	51	7
711	-81	4068	-32	62	62
642	-115	4137	-32	43	88
640	-152	4157	-36	-30	55
699	-129	4109	-34	-115	21
785	-123	4026	-34	-113	32
796	-134	4020	-29	-51	36
758	-132	4040	-22	-4	40
701	-132	4071	-18	-11	55
706	-134	4082	-16	-47	53
743	-147	4039	-12	-42	22
773	-128	4040	-9	-2	-4
768	-106	4068	-5	6	-8
749	-104	4081	-10	-14	8
756	-133	4043	-16	-10	21
740	-137	4020	-10	18	26
729	-147	4068	4	43	26
713	-138	4123	10	20	9
705	-121	4117	13	-27	11
712	-121	4093	12	-60	12
710	-132	4070	4	-77	12
728	-119	4049	2	-79	13
737	-117	4039	3	-55	19
-797	-91	3998	8	48	-26
-824	-88	4016	1	49	-39
-824	-87	3987	1	59	-33
-812	-53	3920	6	112	-2
-840	-59	3970	-1	193	26
-883	-57	4054	-17	186	30
-903	-56	4003	-26	118	46
-935	-45	3975	-37	108	68
-982	-31	3928	-48	141	123
-1006	-25	3888	-54	205	201
-1072	-24	3844	-63	251	264
-1132	13	3783	-77	268	325
-1201	54	3630	-92	328	422
-1232	64	3559	-115	442	500
-1264	9	3534	-131	580	606
-1337	-70	3522	-155	662	668
-1406	-112	3444	-202	753	686
-1455	-2	3263	-213	911	733
-1495	70	3085	-205	1168	929
-1584	135	2933	-266	1383	1085
-1586	123	2747	-342	1617	1218
-1620	69	2615	-453	1846	1322
-1661	-24	2462	-539	2042	1378
-1726	-117	2336	-557	2254	1383
-1786	-267	2296	-558	2447	1326
-1842	-348	2233	-562	2597	1204
-1916	-381	2235	-574	2745	1023
-1991	-350	2226	-651	2860	858
-1998	-364	2367	-664	2950	682
-1981	-262	2509	-600	2886	595
-1976	-295	2477	-410	2733	622
-1932	-398	2425	-210	2583	658
-1869	-394	2439	-133	2589	494
-1932	-193	2748	-137	2577	179
-2034	-129	3127	-132	2132	100
-2044	-244	3315	-68	1559	217
-2150	-422	3430	-84	1202	197
-2436	-509	3752	-193	792	29
-2790	-206	3714	-217	45	-119
-3037	26	3654	-26	-286	118
-3276	-75	4370	111	-431	124
-3743	-27	5239	141	-1529	-120
-3733	-97	5018	155	-2468	157
-3364	-354	4523	114	-3208	271
-2986	186	4520	194	-3769	405
-2642	22	4719	230	-4442	347
-2521	-322	5344	256	-5153	-273
-2273	-292	5447	150	-5809	-664
-1852	-479	5755	-109	-5604	-756
-1611	-330	5846	-360	-4495	-1005
-1797	-138	6515	-514	-3341	-1046
-1776	-60	6466	-507	-2712	-1194
-1508	72	6389	-366	-2691	-1331
-830	-78	5382	-168	-3802	-992
222	-293	3534	82	-4522	-718
955	-166	2071	269	-3856	-537
1116	-35	1485	342	-2325	-277
887	-201	2169	227	-994	-416
300	-250	3614	78	-575	-631
-237	-250	4730	6	-1269	-616
-431	-242	5091	-22	-2245	-486
-394	-184	4932	-19	-2920	-308
-168	-138	4505	-19	-3206	-275
115	-109	4121	-15	-3091	-323
386	-35	3907	8	-2893	-372
634	252	3648	40	-2674	-261
842	201	3400	65	-2362	54
1153	101	3246	33	-1787	189
1316	-5	3396	23	-1049	288
1114	-133	3866	-20	-475	326
850	-185	4248	-51	-484	279
908	-244	4279	-75	-761	144
1090	-201	4191	-100	-964	39
1290	-122	3914	-113	-1106	83
1466	-198	3652	-77	-1007	173
1571	-294	3437	-68	-732	193
1517	-401	3504	-100	-325	88
1333	-379	3738	-111	-81	-28
1160	-335	3992	-98	-60	-82
1012	-296	4124	-77	-159	-90
922	-156	4194	-82	-307	-88
920	-192	4154	-77	-478	-69
1023	-209	3998	-96	-589	-86
1141	-209	3840	-91	-564	-53
1218	-251	3765	-65	-422	16
1206	-322	3763	-37	-288	53
1159	-344	3824	-30	-174	53
1125	-351	3870	-18	-130	47
1165	-374	3888	-18	-125	17
1231	-379	3868	-10	-68	-35
1234	-322	3884	4	20	-72
1191	-288	3948	18	65	-22
1136	-268	4018	20	24	17
1140	-275	4017	25	-64	-3
1191	-256	3965	33	-114	-30
1204	-260	3938	48	-104	-19
1191	-263	3939	49	-89	-16
1175	-255	3958	42	-73	-16
1183	-254	3941	39	-54	-28
1210	-256	3952	37	-39	-60
1212	-217	3895	33	-13	-41
1204	-231	3895	29	43	-12
1196	-221	3929	29	101	-21
1160	-204	4010	30	96	-27
1167	-237	4011	37	34	-13
1169	-232	3967	44	-2	17
1182	-249	3973	54	16	39
1184	-238	3960	55	45	48
1168	-231	3972	54	48	52
1177	-215	3966	42	26	45
1165	-212	3983	33	12	37
1162	-202	3994	33	-2	48
1161	-209	3993	31	-38	45
1188	-226	3973	35	-55	36
1196	-226	3937	39	-47	29
1205	-206	3913	42	-17	20
1215	-208	3936	39	12	22
1199	-209	3972	33	6	15
1191	-208	4008	21	-30	20
1189	-229	3982	16	-58	30
1204	-237	3953	8	-69	30
1215	-230	3945	6	-51	18
1214	-233	3955	7	-40	5
1216	-224	3937	4	-48	4
1212	-216	3940	-3	-52	16
1204	-221	3930	-7	-42	6
1195	-221	3962	-9	-33	-7
1183	-209	3952	-2	-45	-2
1196	-230	3966	6	-57	-6
1223	-223	3926	9	-62	-10
-968	-38	3988	84	97	-162
-995	-10	4064	88	71	-123
-993	-27	4054	86	10	-100
-979	-58	4015	84	-47	-101
-973	-82	3993	91	-81	-107
-959	-78	3949	104	-71	-119
-985	-80	3979	108	-57	-139
-1002	-67	3966	105	-49	-162
-983	-42	3960	101	-55	-160
-988	-19	3910	96	-33	-162
-1009	24	3905	103	-1	-145
-1081	40	3901	105	9	-103
-1128	-1	3856	106	28	-84
-1134	-38	3774	103	81	-107
-1076	-11	3717	104	180	-135
-1045	43	3745	97	262	-109
-1094	118	3767	91	273	-78
-1217	176	3701	88	314	-6
-1314	175	3571	94	440	58
-1405	101	3489	102	591	67
-1412	-14	3452	86	693	6
-1431	5	3428	68	745	-69
-1547	23	3290	77	747	-69
-1614	72	3035	110	802	-85
-1593	81	2794	170	1046	-69
-1604	4	2646	214	1333	-82
-1583	-21	2479	196	1473	-215
-1591	12	1944	153	1655	-284
-1334	213	1436	80	2531	-205
-1456	121	1816	47	3012	-54
-1420	-9	1952	86	2908	-130
-1489	-22	1966	36	2857	-262
-1540	280	2046	-64	2908	-120
-1649	373	2331	-102	2858	211
-1842	156	2686	-111	2444	317
-1854	-194	2759	-135	1987	235
-1818	-189	2822	-178	2024	176
-1986	-46	3294	-189	1981	219
-2265	-15	3747	-173	1464	222
-2491	91	3820	-122	799	288
-2533	16	3564	-108	490	453
-2630	-68	3583	-253	484	509
-2755	135	3823	-355	449	527
-2985	345	4198	-327	252	662
-3065	612	4601	-154	-115	896
-3501	-6	5026	-104	-1405	799
-3660	-344	4602	-180	-2518	360
-3407	-383	4487	-342	-3131	176
-2938	25	4977	-427	-3813	55
-2728	350	5784	-367	-5101	26
-2825	154	6314	-369	-6435	-69
-4030	-462	7734	-412	-7297	-206
-4518	-791	7721	-173	-6622	84
-2361	-608	6517	63	-1248	19
-2831	126	9083	-249	-132	-593
-1338	346	6539	-422	-5904	-628
1920	39	362	-31	-8001	-202
3500	-460	-3040	213	-4850	-370
2914	-348	-2709	-69	-53	-515
826	-362	729	-23	4155	-216
-1358	-162	6399	166	3493	-304
-1700	307	9056	104	-1163	-258
-771	98	7586	-89	-4410	57
-95	80	5738	-136	-4741	-232
47	513	4970	33	-3827	-648
-438	324	4663	-179	-4131	-748
645	172	3157	-210	-4253	-868
1344	350	1652	-19	-3406	-389
1540	245	926	195	-1425	128
1223	243	1374	259	474	374
628	79	3183	160	1867	346
162	6	4930	15	1543	92
-44	-8	5855	-25	324	112
39	-145	5760	-111	-999	112
307	-98	4985	-186	-1605	84
551	-155	4240	-220	-1736	75
831	-251	3578	-199	-1635	8
1100	-262	3113	-146	-1250	-41
1210	-161	2933	-68	-716	0
1072	-81	3196	-6	103	121
744	-42	3897	-28	519	121
602	-18	4322	-69	434	59
605	-69	4519	-82	190	24
595	-74	4434	-106	-139	-15
653	-74	4133	-107	-321	34
726	-110	3875	-100	-256	71
702	-95	3833	-100	-73	52
659	-56	3926	-99	51	20
664	-21	4094	-91	25	-4
780	-33	4146	-70	-97	47
923	-90	4049	-48	-153	66
954	-141	3940	-55	-34	28
852	-126	3923	-81	161	-3
704	-77	3995	-81	258	14
619	-76	4026	-59	228	84
610	-87	4039	-39	201	111
614	-98	4077	-18	191	107
560	-110	4116	2	206	73
508	-100	4162	-12	180	84
499	-122	4225	-2	91	69
553	-223	4215	-34	-20	39
636	-251	4164	-34	-113	-41
702	-261	4069	-35	-161	-50
724	-239	3981	-20	-123	-37
679	-228	3932	-30	6	4
571	-190	4012	-31	129	-2
510	-124	4172	-24	138	-33
489	-75	4254	-16	41	-20
512	-84	4227	-13	-97	12
595	-115	4170	-17	-190	37
661	-139	4089	-24	-222	33
727	-129	4016	-26	-211	24
771	-160	3993	-21	-152	17
783	-174	4013	-16	-87	-5
755	-121	4073	-8	-47	-23
722	-83	4107	-7	-66	6
708	-89	4134	-23	-103	37
695	-126	4178	-48	-169	31
700	-169	4084	-49	-226	22
696	-174	3952	-25	-189	47
710	-169	3974	-17	-82	38
673	-183	4112	-14	-58	28
653	-174	4196	-17	-168	32
715	-182	4146	-24	-282	24
783	-183	4058	-26	-311	14
849	-172	4008	-23	-258	8
856	-180	3975	-11	-186	9
836	-181	3968	-4	-122	6
808	-181	3952	3	-65	13
774	-163	4024	-14	-23	12
-756	5	4106	-14	-13	111
-756	-31	4052	-12	-43	113
-788	-55	4074	-10	-61	97
-788	-54	4071	-4	-97	87
-795	-45	4033	3	-116	72
-773	-49	3962	8	-92	44
-771	-11	3984	-4	-38	13
-795	6	4034	-7	-36	43
-839	-12	4038	-5	-77	65
-872	-20	4000	-7	-107	58
-861	-40	3973	-2	-91	70
-836	-36	3961	8	-61	72
-838	-43	3942	11	-24	67
-832	-20	3917	2	21	52
-847	16	3962	-9	60	56
-873	23	3988	-10	66	100
-875	18	3982	-13	54	118
-897	11	3957	-14	68	124
-932	62	3904	-24	101	135
-944	69	3887	-23	159	194
-981	73	3884	-31	209	220
-1030	112	3860	-31	219	257
-1065	88	3806	-27	213	302
-1090	116	3602	-42	254	344
-1147	224	3408	-69	430	436
-1228	252	3304	-83	665	602
-1343	158	3259	-86	881	698
-1384	6	3220	-92	1086	676
-1405	-62	3174	-75	1246	572
-1484	-101	3012	-52	1320	533
-1503	-74	2751	-77	1463	435
-1516	25	2551	-122	1755	274
-1574	96	2464	-153	2068	341
-1627	96	2503	-178	2364	477
-1725	146	2596	-209	2517	466
-1796	74	2645	-180	2628	497
-1768	-106	2653	-195	2605	466
-1725	-72	2609	-230	2448	385
-1634	102	2467	-241	2144	358
-1595	31	2282	-211	1909	444
-1541	-5	2059	-229	2024	490
-1625	44	2141	-203	2411	582
-1736	57	2528	-180	2604	583
-1861	-58	3117	-218	2412	436
-1910	-220	3605	-187	1594	129
-1924	-260	3554	-82	768	16
-2036	-233	3470	17	578	106
-2399	-87	3781	96	521	282
-2850	-20	4333	148	235	392
-3114	-23	5058	247	-431	356
-3256	-308	5692	210	-1654	134
-3277	-544	5300	8	-2922	-369
-2985	-20	4614	-123	-3337	-739
-2676	344	4260	-80	-3179	-653
-2552	621	4959	94	-3055	-110
-2515	18	5965	199	-3554	159
-2651	-310	6475	-100	-4180	-87
-2265	-666	6267	-444	-4351	-553
-1735	-551	5658	-499	-3930	-1117
-1402	-186	5606	-440	-3590	-1306
-1151	85	5440	-260	-3899	-1123
-730	113	4935	-126	-3677	-859
-418	50	4679	-70	-3452	-710
-230	-28	3932	-118	-3513	-480
-5	-40	3098	-12	-3207	-175
298	-202	2821	-56	-2609	-218
548	-194	2949	-212	-1930	-420
435	-156	3401	-292	-1450	-485
195	-105	3885	-240	-1326	-460
0	-14	4278	-149	-1460	-475
-145	126	4494	-76	-1753	-389
-69	61	4558	-44	-2076	-264
162	-47	4411	-50	-2285	-215
420	-100	4132	-36	-2386	-252
523	-99	3889	-1	-2181	-218
601	-189	3852	29	-1885	-221
739	-215	3906	37	-1699	-312
824	-187	3979	45	-1589	-350
1014	-111	3874	41	-1668	-247
1189	-127	3622	-6	-1459	-103
1245	-226	3587	-85	-1024	-57
1191	-304	3753	-138	-688	-83
1083	-415	3978	-137	-539	-136
1039	-421	4170	-105	-580	-222
1056	-226	4257	-80	-698	-247
1088	16	4236	-36	-869	-85
1170	64	4076	9	-1044	48
1270	-113	3865	44	-1042	54
1400	-214	3671	45	-953	-101
1448	-245	3618	31	-738	-194
1443	-238	3629	-2	-543	-193
1374	-200	3733	-2	-342	-169
1248	-220	3897	-3	-266	-156
1204	-254	3991	-12	-310	-224
1206	-247	3956	-28	-384	-271
1294	-219	3888	-48	-412	-303
1352	-196	3811	-35	-341	-298
1342	-142	3784	-13	-217	-285
1307	-69	3835	-1	-102	-220
1294	-34	3905	4	-76	-151
1313	-23	3888	-3	-95	-84
1323	-101	3918	-4	-102	-70
1293	-129	3939	1	-108	-103
1290	-132	3920	12	-135	-106
1331	-134	3896	31	-152	-69
1337	-137	3853	42	-136	-24
1333	-144	3878	37	-70	-18
1296	-124	3931	29	-69	-33
1315	-132	3982	19	-126	-33
1330	-136	3927	7	-180	-58
1340	-114	3897	1	-164	-45
1344	-99	3872	-8	-122	-2
1369	-124	3908	-9	-93	14
1341	-97	3887	-8	-95	25
1351	-130	3850	-6	-75	39
1378	-141	3883	-11	-40	23
1385	-135	3939	-11	-48	2
1385	-137	3946	-11	-91	15
1382	-158	3913	-10	-123	41
1378	-173	3872	-7	-119	46
1406	-171	3839	-9	-92	37
1415	-163	3854	-8	-63	21
1421	-150	3838	-9	-34	20
1412	-144	3857	-19	3	11
1404	-165	3893	-19	10	17
1385	-163	3899	-20	-13	17
1393	-162	3870	-15	-30	22
1430	-161	3857	-12	7	38
1431	-174	3879	-8	39	44
1425	-171	3872	-2	51	42
-1175	-53	4081	-64	538	-1425
-1180	9	4205	-22	476	-1218
-1130	-80	4302	9	317	-997
-1070	-182	4299	-17	88	-864
-1008	-186	4192	-78	-81	-806
-909	-25	4014	-105	-86	-672
-866	119	3930	-93	35	-399
-880	123	3999	-116	133	-169
-953	90	4031	-154	16	-8
-948	28	3908	-147	-123	163
-918	-41	3845	-98	-136	340
-931	-113	3853	-24	-109	508
-946	-150	3869	65	-92	653
-1039	-204	3899	114	-103	719
-1164	-228	3894	133	-84	726
-1335	-236	3931	116	8	720
-1475	-405	3923	77	174	612
-1424	-520	3931	-19	384	228
-1276	-420	4007	-72	280	-93
-1132	-201	3964	-40	-62	-146
-1078	83	3780	-6	-275	33
-1105	316	3536	22	-135	357
-1187	357	3533	10	228	705
-1350	198	3641	-50	435	894
-1445	-51	3701	-91	459	855
-1511	-228	3644	-105	431	684
-1547	-243	3494	-74	399	516
-1520	-158	3270	-17	401	395
-1507	-43	3031	38	495	331
-1499	11	2814	77	722	330
-1491	-22	2676	104	1088	361
-1523	-166	2709	55	1459	289
-1673	-161	2867	-56	1653	91
-1759	31	2877	-64	1659	13
-1787	30	2718	19	1684	51
-1661	-44	2545	97	1748	-42
-1599	-63	2512	60	1747	-110
-1693	-21	2396	-92	1545	-61
-1715	124	2117	-338	1558	-5
-1661	245	1998	-466	1815	130
-1595	90	2079	-408	2017	228
-1564	-200	2241	-287	2084	149
-1674	-171	2478	-250	1899	114
-1885	-2	2700	-245	1371	210
-1946	69	2503	-248	961	352
-1901	101	2327	-238	1277	520
-1967	185	2620	-163	1955	776
-2427	205	3419	6	2307	1171
-3031	13	4471	116	1849	1150
-3361	-199	5339	168	942	763
-3382	-268	5815	154	-419	359
-3120	-517	5247	-67	-2012	92
-2847	-498	4419	-283	-2717	-323
-2341	125	3357	-405	-2898	-406
-2153	521	3187	-395	-2474	-190
-2412	508	4055	-342	-2178	-54
-2963	397	5490	-284	-2803	152
-3418	-316	6896	-269	-4368	24
-3813	-365	7735	-306	-6108	-201
-4183	-420	8175	-472	-6165	-547
-3075	647	6897	-365	-4212	-314
-2180	789	7056	-308	-2129	-315
-1413	491	6383	-531	-3800	-472
499	-105	3097	-465	-6129	-316
1896	-465	-37	-112	-5302	125
2468	-674	-1230	71	-2595	178
1956	-482	-287	6	908	-14
343	-423	3116	-145	2851	-37
-570	-604	6328	-291	1244	-286
-787	-682	7289	-336	-1973	-609
-106	-689	6105	-316	-3865	-819
98	-101	5314	-375	-3532	-990
-243	276	4880	-455	-3271	-659
-6	16	4124	-311	-2931	-269
274	46	3558	-215	-2884	-76
795	-57	2835	-70	-2637	110
1257	-117	2166	-46	-2157	206
1356	-262	2043	-58	-682	124
913	-255	3145	-63	782	-101
375	-251	4465	-44	924	-10
44	-414	5226	13	232	146
2	-458	5273	18	-691	95
262	-385	4731	-32	-1233	-22
567	-307	4081	-95	-1352	-90
805	-378	3606	-119	-1166	-130
915	-394	3346	-106	-808	-185
911	-389	3339	-62	-371	-157
754	-377	3662	5	2	-99
615	-294	4083	39	73	-56
570	-276	4356	34	-89	-27
638	-280	4384	1	-342	-54
747	-287	4190	-4	-487	-69
810	-310	3991	14	-462	-73
857	-281	3847	45	-331	-66
876	-233	3770	72	-174	-37
890	-204	3819	73	-47	-21
902	-201	3869	45	67	-24
866	-211	3978	28	171	-3
790	-257	4096	16	202	10
747	-313	4168	11	146	14
740	-344	4153	20	60	-1
803	-316	4050	28	4	-33
821	-282	3971	39	25	-2
813	-280	3928	33	108	28
768	-280	3946	25	206	35
703	-290	4041	24	271	34
630	-314	4129	24	239	18
599	-295	4180	25	154	-9
633	-243	4139	24	92	-10
671	-237	4079	24	58	31
668	-235	4016	17	91	44
634	-249	3998	14	178	27
576	-270	4070	12	205	11
531	-273	4183	15	146	-11
531	-278	4227	14	33	-17
576	-272	4227	2	-100	-16
629	-248	4158	-16	-183	-1
686	-269	4044	-18	-199	25
698	-293	3971	-9	-118	17
669	-308	4009	-2	-36	-19
667	-293	4125	8	-40	-69
683	-254	4142	6	-114	-64
732	-269	4068	9	-159	-14
785	-268	3975	5	-104	8
773	-282	3980	-3	-20	4
738	-283	4038	-7	18	-12
719	-279	4060	-13	-9	-26
756	-264	4041	-11	-22	-23
778	-257	4030	-7	-9	-4
763	-262	4035	-11	24	17
-909	-158	4043	56	57	-21
-883	-123	4030	57	-1	-75
-864	-76	3995	50	-27	-92
-842	-73	3972	55	21	-97
-860	-67	3978	67	68	-91
-881	-53	3990	71	64	-77
-903	-35	3970	71	32	-64
-920	-13	3975	61	25	-60
-897	-9	3960	52	37	-55
-891	-42	3981	57	55	-41
-909	-55	3979	63	45	-49
-947	-48	3924	55	35	-65
-1001	-37	3902	61	89	-49
-1016	-36	3941	64	133	-55
-982	-56	3982	65	117	-59
-949	-54	3975	74	44	-66
-968	-47	3911	79	-13	-102
-984	-23	3784	89	47	-98
-1005	-22	3750	92	189	-60
-1020	-54	3756	94	308	-48
-1048	-34	3765	86	343	-59
-1077	-28	3737	78	371	-64
-1104	20	3691	87	418	-40
-1169	35	3684	95	499	-2
-1231	28	3684	78	579	14
-1271	37	3698	65	615	51
-1303	111	3647	51	584	111
-1279	95	3523	75	588	228
-1318	89	3404	64	660	262
-1408	124	3283	36	729	266
-1477	96	3038	62	834	311
-1524	20	2837	77	1026	325
-1511	37	2708	29	1291	234
-1440	93	2576	9	1540	182
-1433	30	2625	-10	1752	155
-1530	2	2663	-39	1731	100
-1534	63	2527	18	1636	19
-1497	124	2356	118	1645	69
-1478	88	2211	182	1666	112
-1422	90	2147	175	1688	184
-1271	36	2217	127	1688	271
-1183	99	2391	95	1688	367
-1241	111	2573	118	1655	428
-1375	212	2785	183	1534	414
-1586	289	3032	275	1258	469
-1790	265	3379	296	928	610
-2014	110	3846	269	784	749
-2284	3	4466	175	743	662
-2610	7	5087	108	377	336
-2505	208	4316	16	933	-72
-2876	225	6993	-253	469	-161
-3229	301	7194	-130	-3111	-142
-2550	70	4948	-88	-5000	-197
-1792	187	3565	-101	-4588	-242
-1436	402	3774	-135	-3472	-109
-1437	327	5034	-178	-2966	-36
-1732	11	6676	-250	-3419	-267
-1976	-184	7284	-211	-4139	-576
-1859	-232	7280	-331	-4010	-783
-1789	67	7162	-552	-4576	-862
-1153	86	5516	-583	-4574	-951
-539	391	4487	-325	-3970	-921
-89	598	3813	-83	-3678	-852
503	594	2929	-81	-3563	-532
998	247	1963	-153	-2983	-130
1062	-141	1655	-148	-1604	56
631	-214	2615	-84	-208	2
165	-191	4106	-89	-123	-155
121	-158	4908	-120	-858	-357
205	9	5031	-128	-1712	-476
386	143	4607	-180	-2199	-395
616	149	4235	-276	-2220	-282
716	182	4090	-307	-2085	-193
841	159	3998	-249	-1964	-95
1012	17	3835	-155	-1786	-30
1109	-21	3730	-108	-1532	-55
1125	-77	3719	-80	-1239	-33
1054	-100	3791	-81	-967	-52
1035	-110	3888	-95	-845	-103
1045	-41	3863	-91	-752	-109
1014	-23	3964	-89	-601	-36
968	-66	4122	-103	-602	52
949	-117	4196	-122	-751	117
1002	-137	4109	-120	-896	91
1112	-84	3992	-115	-1004	86
1242	-22	3839	-125	-1034	136
1332	-16	3760	-149	-937	205
1349	-92	3812	-169	-758	230
1322	-190	3850	-156	-617	162
1287	-191	3893	-126	-527	116
1317	-176	3883	-96	-524	107
1393	-142	3827	-76	-480	126
1383	-110	3788	-64	-367	167
1344	-142	3824	-51	-276	194
1319	-181	3877	-51	-254	159
1337	-231	3870	-46	-243	120
1392	-241	3863	-39	-222	81
1409	-249	3806	-35	-174	48
1433	-224	3819	-35	-114	43
1432	-195	3790	-32	-46	53
1382	-168	3860	-30	13	59
1371	-184	3910	-26	9	53
1372	-203	3940	-16	-34	35
1400	-220	3886	-9	-64	15
1424	-234	3826	-3	-44	8
1420	-224	3834	-6	0	-4
1371	-205	3883	-6	19	1
1351	-205	3929	-15	19	1
1328	-217	3947	-19	-2	-21
1318	-224	3925	-7	-37	-21
1330	-206	3874	13	-39	-25
1348	-204	3846	21	-2	-20
1353	-183	3849	18	42	-20
1366	-169	3902	15	60	-15
1349	-164	3918	10	40	-5
1318	-143	3942	5	25	-3
1337	-171	3946	0	3	-18
1355	-159	3907	1	-21	-28
1356	-166	3892	6	-32	0
1372	-205	3820	6	14	2
1376	-205	3844	8	90	-23
1367	-176	3907	7	95	-27
1354	-181	3932	10	60	-1
1348	-181	3929	4	17	6
1350	-192	3902	-2	4	-3
1361	-186	3872	-3	19	-26
1353	-203	3852	0	68	-36
1338	-184	3865	3	97	-47
1342	-179	3898	15	118	-13
1341	-166	3929	14	133	12
-725	106	3932	-72	94	-54
-760	65	4027	-79	98	-31
-791	48	4040	-78	30	-47
-777	53	3962	-64	30	-73
-805	58	3978	-66	100	-87
-832	90	4007	-68	117	-75
-854	115	3976	-67	104	-40
-850	99	3908	-62	135	-13
-884	83	3872	-66	201	-13
-914	107	3851	-69	257	9
-930	106	3863	-44	306	42
-949	80	3833	-43	355	38
-943	79	3828	-45	444	21
-1003	108	3863	-50	492	34
-1094	101	3757	-56	501	85
-1190	95	3569	-61	619	115
-1273	87	3495	-63	764	123
-1392	82	3338	-55	822	144
-1382	17	3147	-24	971	131
-1327	-92	3129	-15	1220	47
-1345	-21	3168	-39	1339	-112
-1411	6	3060	-31	1360	-106
-1429	-32	2804	-28	1437	-148
-1429	-88	2564	-61	1709	-243
-1405	-37	2523	-128	2069	-301
-1403	3	2658	-192	2095	-315
-1331	26	2620	-159	1858	-336
-1345	-213	2509	-67	1726	-270
-1391	-328	2462	-29	1869	-431
-1425	-7	2637	-55	1952	-535
-1364	253	2664	42	1775	-262
-1221	273	2464	174	1488	26
-1057	227	2259	175	1333	122
-1081	165	2220	102	1418	112
-1402	29	2466	20	1617	-4
-1901	82	2983	11	1790	-66
-2319	129	3613	106	1741	104
-2574	84	4216	136	1410	170
-2758	175	4687	15	757	240
-2777	80	4898	-104	-123	378
-2652	-13	4765	-266	-737	200
-2644	-99	4617	-338	-1052	34
-2737	-253	4304	-211	-1416	-77
-2838	-345	3124	-48	-1055	-257
-2856	-215	4743	-202	-494	-50
-2973	-97	5178	-227	-1443	4
-2740	-50	5230	-204	-2444	81
-2403	31	4939	-133	-2996	-119
-2332	-305	5112	-63	-3111	-150
-2323	-532	5586	-118	-3144	-307
-2616	-888	6433	-176	-3429	-390
-2785	-647	7337	-227	-3918	-585
-2239	-271	6749	-257	-4199	-475
-1413	-10	5519	-394	-3607	-518
-804	-113	4948	-482	-3519	-601
249	-97	3493	-406	-3981	-502
1099	-50	1894	-220	-3621	-99
1321	-113	1122	-48	-2493	207
955	-100	1623	106	-975	246
175	-153	3647	145	-229	208
-330	-132	5238	93	-1119	-19
-347	1	5545	40	-2467	-148
4	-102	5163	-30	-3042	-149
197	-177	4843	-52	-2823	-296
163	-113	4412	-50	-2399	-325
292	-6	3831	-8	-2123	-145
739	-108	3114	40	-1908	25
1088	-163	2596	34	-1326	4
1147	-298	2548	-24	-417	18
836	-517	3362	-43	425	-102
543	-506	4280	-20	507	-281
467	-394	4876	32	22	-326
565	-316	4913	63	-687	-298
778	-184	4373	70	-1144	-262
950	-141	3794	76	-1123	-144
1097	-61	3382	72	-798	-60
1167	-133	3279	56	-303	37
994	-251	3498	34	304	36
654	-345	3898	26	692	-24
352	-281	4258	34	715	-45
341	-138	4395	49	491	-22
527	40	4262	45	164	97
650	-27	3928	43	107	213
637	-127	3782	39	366	224
533	-184	3890	53	592	187
462	-201	4101	63	597	130
530	-139	4185	60	474	104
593	-120	4107	50	400	114
548	-125	4016	34	498	118
428	-122	4005	15	647	121
310	-125	4067	6	701	127
235	-135	4071	14	687	157
194	-158	4111	24	653	191
152	-162	4163	24	594	223
111	-190	4172	24	570	250
82	-215	4212	15	546	252
69	-240	4171	4	510	223
58	-234	4140	-9	481	199
38	-221	4108	-13	465	174
16	-216	4174	-13	458	132
46	-164	4192	-3	383	128
57	-181	4116	12	383	143
28	-234	4153	4	410	63
-5	-232	4155	-6	356	-50
-36	-199	4165	-8	301	-96
-66	-180	4208	-23	244	-91
-78	-155	4228	-31	170	-76
-49	-158	4213	-32	98	-83
-1	-151	4161	-34	48	-86
41	-153	4053	-34	61	-70
58	-154	4001	-29	140	-51
-31	-179	4067	-35	221	-37
-89	-197	4155	-29	208	-24
-94	-179	4180	-23	157	8
-86	-170	4123	-20	139	42
-104	-183	4115	-20	140	40
-111	-191	4148	-19	113	23
-108	-189	4158	-9	55	24
-99	-192	4158	-1	-4	25
-83	-188	4122	2	-27	30
-78	-190	4117	0	-24	36
-74	-205	4099	-1	-7	46
-88	-199	4087	0	10	39
-81	-195	4102	3	10	22
-74	-200	4133	0	-6	10
-86	-194	4150	-4	-34	-1
-65	-197	4110	0	-57	-12
-60	-199	4118	6	-52	-17
-39	-218	4126	5	-47	-24
-67	-230	4156	11	-61	-34
-897	-89	4041	64	45	69
-874	-46	4033	62	5	71
-858	-34	3981	67	2	104
-858	-34	3984	63	55	113
-853	-32	4059	63	65	103
-850	-40	4079	55	20	80
-847	-11	4076	55	-41	41
-852	5	4043	67	-66	39
-859	3	3945	58	-74	40
-870	3	3896	47	-19	31
-904	41	3927	55	46	60
-973	36	3998	56	42	95
-1025	44	4007	50	0	108
-1055	90	3978	40	-72	140
-1035	126	3882	29	-87	204
-971	88	3812	42	3	289
-984	69	3750	34	94	306
-1047	83	3758	32	204	334
-1160	125	3790	51	241	399
-1241	117	3757	73	231	460
-1268	91	3629	68	244	454
-1264	60	3446	47	338	444
-1290	-10	3307	32	479	436
-1335	0	3111	0	634	414
-1366	127	2921	-5	917	424
-1372	257	2858	66	1230	595
-1356	33	2867	136	1423	766
-1420	-105	2805	48	1444	642
-1474	-40	2533	-67	1533	493
-1412	41	2237	-95	1698	444
-1271	-81	2057	-29	1886	414
-1177	-196	1958	14	2010	235
-1172	-28	1897	-14	2128	176
-1295	153	1842	-39	2322	313
-1399	326	1952	-49	2603	543
-1535	214	2215	-88	2763	809
-1612	-97	2446	-100	2794	829
-1694	-279	2738	-68	3000	529
-1572	-53	2546	-24	3919	175
-2214	43	4106	-113	3641	262
-2426	169	4748	-40	2210	530
-2557	250	5029	47	888	794
-2579	361	4824	90	-344	1049
-2595	305	4405	53	-863	1055
-2699	330	4432	0	-1022	736
-2968	264	4993	-42	-1295	708
-3172	105	5096	-155	-2034	498
-3160	162	4984	-214	-2837	474
-2857	299	5044	-194	-3459	448
-2551	251	5284	-243	-4048	266
-2352	-52	6195	-405	-4796	-189
-1931	-292	6479	-637	-5481	-589
-1706	-33	6213	-652	-5004	-753
-1456	340	6441	-529	-4086	-682
-1468	257	6302	-420	-3835	-589
-1114	113	5572	-324	-3119	-816
-744	-153	4935	-160	-2964	-905
-159	-104	3708	28	-3177	-916
428	155	2571	203	-2926	-554
670	192	1951	259	-2176	-124
636	20	2054	169	-1051	-17
235	-21	3119	44	-240	-253
-170	123	4296	-61	-520	-303
-307	214	4950	-80	-1329	-226
-300	308	4981	-92	-2050	-182
-179	386	4621	-95	-2373	-144
13	355	4296	-130	-2369	-31
231	280	3998	-145	-2300	6
442	207	3683	-120	-1995	40
611	95	3524	-58	-1523	55
699	-15	3546	-4	-1060	-9
732	-30	3671	2	-694	-171
769	113	3855	-12	-452	-191
704	142	4028	-27	-366	-68
636	77	4111	-42	-406	-24
668	12	4159	-42	-422	-83
683	47	4232	-34	-474	-126
724	56	4290	-38	-686	-72
831	92	4050	-45	-867	-86
958	124	3795	-53	-803	-75
1021	114	3677	-56	-542	-17
965	57	3699	-49	-240	23
892	-10	3846	-39	1	26
835	-15	3977	-33	140	-20
762	55	4025	-40	206	-15
689	66	4080	-45	228	40
641	9	4117	-51	197	39
665	-19	4056	-58	166	-4
680	-8	3976	-61	203	-44
677	12	3993	-58	289	-27
608	34	4071	-54	324	-8
572	27	4095	-46	294	3
607	11	4045	-43	284	-3
631	13	4023	-42	307	-15
617	16	4034	-44	330	-5
577	26	4043	-41	372	11
598	47	4034	-40	419	24
618	61	4019	-41	453	38
667	-1	3985	-39	528	49
599	-9	4052	-42	626	-10
477	5	4162	-29	609	-19
363	36	4188	-18	522	13
314	9	4139	-10	462	40
307	-10	4124	-13	408	18
327	-12	4114	-18	349	-33
325	43	4104	-17	365	-56
309	52	4099	-24	395	-16
296	39	4090	-29	412	1
249	57	4097	-34	431	0
204	46	4103	-40	431	26
169	14	4079	-40	451	16
153	-11	4075	-33	481	3
144	-43	4143	-31	471	-3
136	-11	4152	-31	427	-17
125	4	4190	-32	379	7
95	-27	4224	-35	323	27
110	-43	4195	-28	254	15
131	-68	4126	-13	224	-26
150	-54	4085	-2	249	-51
125	-40	4071	4	298	-46
80	-27	4107	4	336	-21
51	-22	4149	7	327	10
24	-9	4144	10	289	31
22	-16	4149	13	251	34
-9	-11	4147	12	221	13
18	-19	4144	17	203	5
13	-13	4156	19	191	-5
17	1	4167	25	169	-5
4	3	4136	29	157	13
-6	4	4151	29	142	27
-945	-1	3790	61	201	-257
-940	-14	3813	65	310	-274
-939	38	3849	73	390	-235
-1011	54	3880	72	416	-155
-1041	19	3842	60	443	-99
-1064	-20	3862	42	456	-83
-1103	-7	3851	36	487	-82
-1187	14	3849	34	549	-58
-1272	63	3834	27	570	-44
-1362	85	3733	30	532	-25
-1396	52	3597	46	528	25
-1388	-30	3482	40	633	-4
-1421	-43	3451	11	720	-30
-1417	-27	3366	-27	789	-31
-1443	98	3248	-37	914	19
-1483	134	3065	-3	1089	133
-1463	94	2892	5	1358	141
-1453	24	2882	-28	1616	72
-1540	-15	2952	-49	1764	15
-1654	-6	2971	-35	1885	1
-1747	-108	2935	37	2055	27
-1802	-175	2935	54	2187	-81
-1813	-106	3069	23	2252	-143
-1902	50	3187	-27	2111	-70
-1942	84	3098	-14	1929	36
-1916	-12	2930	23	1893	68
-1873	58	2867	21	1885	10
-1937	57	2889	11	1702	25
-1945	20	2714	-51	1466	-24
-1909	-46	2439	-105	1505	-3
-2008	-169	2410	-154	1518	-24
-2170	-172	2352	-191	1435	-75
-2200	-110	2246	-192	1585	-42
-2271	0	2368	-119	1934	97
-2438	28	2785	-3	2105	278
-2625	-38	3280	97	1808	328
-2729	-183	3490	136	1073	270
-2672	-327	3501	37	447	87
-2600	-101	3448	-105	-58	-46
-2607	240	3305	-106	-356	92
-2755	364	3423	46	-523	258
-2963	453	3527	302	-736	604
-3386	199	3996	419	-1083	645
-3498	-67	4137	294	-1671	459
-3385	-110	4271	2	-2086	96
-3168	187	4292	-142	-2618	-175
-2995	279	4288	-263	-3075	-349
-2848	237	4051	-382	-3369	-322
-2973	60	4512	-504	-3650	-398
-3067	-131	4982	-507	-4269	-160
-3367	-276	5799	-481	-4897	-57
-3867	-309	7160	-426	-5551	34
-3184	-55	6425	-330	-5333	-175
-1911	82	5398	-277	-2806	-296
-1592	52	6212	-441	-1923	-544
-622	-273	5051	-399	-4384	-638
1247	-383	1907	-208	-5326	-417
2171	-475	115	-34	-3687	-101
1811	-536	427	-10	-1329	-58
514	-517	2780	9	362	-242
-414	-318	5415	-56	-229	-397
-436	-209	6457	-167	-2081	-233
-123	-326	5789	-260	-3493	-181
159	-290	4823	-293	-3533	-326
230	-98	4305	-270	-2946	-395
232	-108	3921	-196	-2634	-306
580	-142	3072	-50	-2293	-154
786	42	2379	20	-1365	-22
598	24	2342	75	-228	23
343	-41	3239	54	624	-58
156	-68	4312	33	522	-112
267	-181	4889	45	-119	-129
521	-172	4911	40	-794	-111
731	-219	4536	8	-1151	11
857	-282	4128	-32	-1101	44
849	-361	3879	-67	-924	16
741	-342	3638	-88	-690	-30
691	-340	3510	-79	-425	-9
696	-332	3488	-65	-79	18
612	-267	3761	-24	291	-4
411	-194	4113	26	413	7
284	-115	4302	37	321	16
200	-62	4352	28	139	73
242	-110	4224	-2	-29	117
350	-193	4042	-11	-61	90
484	-263	3978	3	30	44
599	-290	4028	4	56	13
677	-344	4008	-8	12	21
676	-373	3971	-26	70	14
597	-330	3996	-17	217	17
457	-269	4082	6	277	29
376	-212	4185	22	221	49
400	-189	4234	19	104	60
462	-233	4224	22	-31	47
476	-237	4132	31	-106	22
467	-223	4010	40	-63	4
418	-221	3995	44	62	23
326	-226	4072	32	133	16
309	-217	4150	22	93	-3
352	-213	4147	18	22	5
413	-216	4080	21	-2	21
448	-252	4059	20	36	11
441	-255	4039	24	92	3
436	-222	4068	26	107	1
483	-212	4052	27	116	19
492	-226	4056	25	154	20
482	-232	4061	23	188	8
441	-206	4087	27	196	-9
426	-175	4069	35	185	-7
433	-182	4031	48	237	27
427	-192	4069	45	310	34
385	-206	4146	30	298	7
344	-202	4197	25	218	-8
297	-202	4178	26	139	-5
279	-218	4108	28	132	0
264	-243	4088	25	150	2
255	-236	4095	30	160	0
267	-215	4110	28	153	16
281	-225	4124	24	150	10
282	-230	4157	20	116	-4
296	-208	4189	20	66	-16
281	-192	4152	18	13	5
295	-197	4093	19	-1	22
311	-201	4066	18	58	10
302	-196	4071	20	97	7
284	-203	4097	25	112	-2
284	-199	4130	27	90	-10
282	-182	4137	26	44	3
281	-200	4138	20	20	17
285	-207	4133	14	13	13
-1127	-50	3893	1	-101	182
-1108	-122	3902	-5	-60	132
-1091	-109	3962	-19	-69	74
-1101	-70	3984	-17	-142	51
-1126	-35	3897	-9	-197	35
-1126	-5	3847	-5	-155	28
-1126	-14	3872	-5	-81	50
-1180	17	3893	0	-73	91
-1178	-1	3899	16	-59	118
-1169	-28	3903	27	-71	81
-1170	-17	3854	26	-91	49
-1194	35	3797	21	-55	61
-1203	129	3751	36	31	124
-1214	160	3742	50	118	213
-1232	148	3728	30	163	264
-1277	174	3662	11	209	320
-1320	185	3555	17	294	391
-1347	136	3492	41	433	429
-1365	1	3437	42	545	381
-1453	42	3419	32	658	291
-1559	126	3284	64	744	362
-1580	117	3102	113	902	401
-1576	85	2985	123	1132	314
-1547	27	2963	112	1341	215
-1608	77	2977	89	1430	174
-1665	81	2865	74	1471	201
-1630	26	2763	47	1605	212
-1649	71	2731	-1	1762	109
-1665	114	2746	19	1945	104
-1685	-22	2740	54	1992	71
-1697	20	2712	56	2014	-19
-1734	98	2728	18	1921	-34
-1752	104	2696	-30	1726	-24
-1726	235	2580	-5	1661	118
-1689	286	2483	121	1752	446
-1664	249	2572	271	1740	645
-1697	125	2726	277	1347	542
-1743	3	2661	170	949	312
-1774	101	2533	49	942	125
-1843	239	2657	-32	1293	188
-2085	130	3202	-48	1351	298
-2446	116	3809	-87	799	174
-2656	215	4045	-119	-1	166
-2685	280	4058	-183	-518	279
-2852	375	4380	-221	-898	492
-3163	282	4962	-162	-1694	647
-3200	169	4715	-247	-2552	326
-3082	82	4447	-342	-2935	273
-2947	170	4806	-625	-3008	217
-2813	307	5489	-733	-3767	307
-2650	127	6261	-760	-4976	-28
-1862	-138	6513	-768	-6085	-209
-1387	-274	6137	-613	-6239	-491
-916	-217	5526	-444	-5430	-589
-804	38	5900	-283	-4799	-302
-435	8	5486	-126	-3673	-357
-531	72	5558	-118	-2632	-649
-275	83	4895	-135	-3013	-704
505	-27	3329	-25	-3368	-523
895	-136	2186	28	-2716	-416
918	-217	1745	25	-1574	-344
596	-217	2442	-55	-409	-297
142	-192	3848	-92	-168	-250
-66	-119	4830	-94	-922	-300
-45	31	5125	-80	-1848	-368
82	160	4897	-75	-2411	-297
192	255	4524	-109	-2606	-122
437	160	4168	-163	-2701	-24
757	122	3831	-190	-2624	-87
1021	14	3487	-144	-2251	-85
1216	-163	3374	-49	-1672	-116
1177	-145	3586	12	-1170	-123
1073	-107	3861	43	-901	-33
1043	-147	4025	85	-878	-56
1037	-7	4076	110	-874	-71
1100	-25	4067	87	-890	8
1152	-52	3920	6	-883	11
1154	-88	3823	-61	-869	-94
1183	-22	3783	-92	-800	-122
1296	13	3726	-42	-694	-74
1371	20	3709	2	-522	-67
1374	40	3823	39	-365	-61
1370	48	3846	35	-305	-22
1389	15	3824	23	-265	-4
1361	-3	3768	-9	-143	21
1298	-40	3665	6	51	45
1175	-23	3836	27	231	0
1110	11	3981	23	195	-21
1105	10	3998	-1	105	-6
1136	-37	4002	-25	59	-33
1128	-31	4045	-33	38	-58
1080	38	4070	-45	-19	-35
1100	36	4041	-55	-93	11
1149	34	3935	-60	-121	6
1230	-5	3840	-49	-54	-36
1238	0	3815	-42	74	-54
1195	-14	3900	-38	167	-25
1119	-39	4012	-43	175	-15
1089	-68	4006	-40	122	-29
1069	-110	3976	-35	112	-31
1051	-115	4025	-24	125	-16
1031	-98	4093	-12	45	13
1042	-78	4105	-7	-79	31
1106	-78	4009	-5	-139	34
1147	-72	3906	5	-120	9
1172	-60	3830	18	-13	4
1175	-72	3894	19	86	-6
1168	-63	3990	16	88	-2
1147	-86	3988	17	52	0
1138	-95	3937	19	52	-10
1153	-87	3942	26	98	-18
1166	-70	3974	35	97	-23
1183	-47	3961	41	79	-7
1238	-44	3897	36	108	6
1210	-50	3851	28	216	-1
1132	-41	3929	26	297	7
1061	-29	4009	31	302	2
1042	-15	4018	28	259	-15
1055	0	3992	28	254	-29
1066	9	3964	17	287	-28
1058	-7	3970	13	305	-34
1049	-6	3969	8	307	-42
992	-27	4000	-3	314	-42
954	-27	4014	-13	312	-52
942	-49	4025	-3	309	-52
956	-60	4019	6	290	-69
974	-28	4004	5	272	-85
991	-32	3992	6	295	-76
974	-14	3995	-2	332	-65
950	-17	4010	-11	343	-43
-687	50	4044	30	-162	48
-693	46	4023	23	-171	33
-709	71	4006	22	-175	29
-737	116	3965	22	-147	42
-712	71	3929	19	-75	49
-714	21	3918	8	-14	15
-704	-17	3964	6	13	-32
-726	27	4047	8	5	-72
-755	109	4084	2	-23	-78
-770	143	4051	-6	-68	-50
-782	124	3917	-24	-47	-34
-798	71	3807	-23	47	-18
-814	-11	3796	-9	215	-42
-833	8	3927	-8	312	-94
-856	86	4050	-12	236	-115
-882	144	4100	-20	77	-102
-900	134	3946	-27	-1	-54
-915	87	3740	-52	93	-55
-986	77	3579	-62	282	-58
-1028	81	3574	-49	455	-33
-1125	6	3567	-20	528	-26
-1248	-79	3344	-28	552	-127
-1277	34	3036	-23	649	-187
-1199	60	2730	36	921	-124
-1074	55	2504	99	1415	-169
-1100	57	2457	121	1865	-280
-1102	251	2509	84	2085	-269
-1138	241	2494	124	2259	-126
-1316	110	2454	168	2428	-83
-1536	-24	2343	131	2550	-124
-1520	-15	2276	56	2680	-115
-1393	-68	2321	-18	2811	-97
-1326	29	2529	-35	2859	-143
-1344	-2	2912	23	2653	-104
-1533	-79	3328	81	2071	-186
-1527	40	3199	42	1376	-272
-1472	85	2986	31	1068	-171
-1495	164	2943	28	999	37
-1595	144	3035	54	1078	259
-1723	11	3179	81	1116	286
-1854	-16	3244	64	1466	190
-2227	18	4129	-7	1715	116
-2630	138	4884	-34	1029	175
-2887	223	5331	-4	98	409
-3076	74	5604	-17	-995	612
-3077	9	5012	-157	-1999	441
-2812	-7	4438	-319	-2227	139
-2574	99	4743	-454	-2247	-162
-2305	137	5058	-433	-2815	-140
-2169	-60	5479	-222	-3796	7
-2279	-247	6158	-164	-4677	203
-2957	-650	7820	-178	-5601	256
-3093	-115	8044	-147	-5807	45
-1973	387	7656	-96	-3201	-210
-1714	58	7520	-514	-2394	-650
-517	-131	5311	-639	-4808	-990
1622	-327	1219	-276	-5648	-491
2426	-527	-1110	58	-3326	-16
1959	-322	-1191	90	-324	103
911	-171	996	108	2565	88
-357	-251	4822	18	2828	-171
-665	-169	7514	-40	40	-530
-323	67	7124	-76	-3197	-433
63	144	5701	-91	-4084	-292
-78	416	4683	-44	-3287	-261
-301	347	4432	-125	-2589	-192
5	29	3808	-197	-2656	-183
584	-140	2972	-119	-2388	-124
996	-132	2317	1	-1640	70
889	-234	2219	91	-421	232
528	-282	3286	100	581	122
334	-347	4503	84	398	-8
408	-259	5105	43	-415	-148
692	-213	4989	46	-1140	-127
948	-162	4459	35	-1365	-91
1033	-67	3866	7	-1109	-55
999	-15	3492	-20	-681	6
929	-17	3328	-52	-252	1
829	-84	3437	-76	86	-31
692	-88	3812	-66	293	-81
524	-55	4140	-11	279	-83
472	16	4337	54	126	19
430	7	4416	60	-82	100
429	-67	4293	26	-231	105
458	-154	4161	4	-276	67
520	-199	4049	5	-278	-11
616	-152	3937	13	-269	-63
712	-86	3838	12	-159	-29
705	-67	3908	15	-27	28
639	-73	3999	13	31	56
583	-139	4102	21	38	39
596	-149	4191	16	-13	-20
650	-153	4230	8	-129	-56
700	-72	4179	4	-237	-41
753	-36	4109	-11	-269	25
776	-69	4040	-7	-241	61
757	-121	4015	-9	-200	34
753	-151	3983	-16	-159	-28
765	-113	3999	-15	-100	-42
736	-72	4090	-16	-76	1
715	-85	4099	-14	-87	43
701	-113	4085	-14	-99	46
692	-112	4066	-15	-93	18
699	-132	4061	-12	-96	5
686	-121	4073	-8	-99	2
708	-119	4080	-11	-124	13
752	-95	4060	-16	-153	13
768	-72	4016	-18	-141	14
786	-78	4024	-26	-99	31
780	-104	4027	-34	-75	36
765	-119	4042	-40	-77	20
793	-136	4064	-36	-94	3
797	-136	4078	-35	-109	1
798	-128	4090	-37	-132	19
811	-124	4062	-33	-165	41
844	-137	3975	-27	-138	43
870	-139	3961	-19	-60	33
858	-142	3974	-12	16	29
817	-161	3997	-7	66	26
783	-150	4060	0	80	24
753	-138	4089	-4	50	38
759	-129	4103	-5	12	34
772	-123	4111	-9	-32	16
777	-131	4052	-17	-65	4
785	-127	4000	-7	-42	12
811	-134	3998	2	17	16
806	-139	4057	3	34	-5
788	-119	4101	0	3	-24
770	-115	4087	-4	-47	-10
761	-126	4092	-12	-82	5
-1130	-89	3757	-33	119	-158
-1128	1	3881	-48	147	-155
-1131	150	4017	-74	93	-144
-1114	225	4026	-98	48	-37
-1058	168	3950	-124	26	63
-1012	85	3881	-148	57	151
-976	-58	3843	-147	125	199
-988	-167	3912	-142	158	172
-1005	-181	3936	-124	143	112
-1021	-173	3916	-96	154	61
-1039	-88	3926	-77	170	41
-1028	-74	3906	-68	195	57
-1011	-72	3824	-56	248	84
-1031	-68	3798	-39	347	106
-1084	-35	3864	-26	406	110
-1127	-26	3897	-20	390	116
-1151	-55	3904	-28	384	108
-1156	-42	3913	-38	395	115
-1181	4	3904	-26	363	189
-1160	-8	3797	-10	373	247
-1191	-25	3722	-18	455	247
-1215	-15	3696	-30	567	243
-1287	-35	3677	-40	604	273
-1315	-32	3581	-27	642	280
-1350	1	3473	7	751	296
-1387	-33	3432	42	841	316
-1450	-57	3434	38	931	260
-1530	-56	3415	14	983	208
-1644	-3	3339	-45	980	186
-1679	69	3157	-104	1000	224
-1635	187	3086	-125	1110	351
-1658	160	3057	-120	1096	529
-1650	10	2864	-132	1068	537
-1688	-145	2635	-217	1254	421
-1706	-257	2553	-278	1490	254
-1723	-360	2544	-280	1604	55
-1804	-373	2452	-208	1752	-67
-1800	-274	2340	-133	1951	-126
-1716	-87	2341	-106	2130	-150
-1673	42	2328	-138	2099	-122
-1654	124	2234	-124	2009	1
-1660	49	2188	-51	2078	168
-1807	-98	2345	69	2104	225
-1971	-201	2414	99	1925	102
-2013	-15	2430	89	1842	68
-1979	242	2560	100	1877	306
-2155	406	2858	111	2019	655
-2517	346	3579	125	2066	833
-3087	86	4469	118	1613	748
-3520	-248	5137	54	606	408
-3781	-295	5671	-27	-667	384
-3557	-424	5173	-216	-2209	231
-3044	-215	4056	-114	-2618	144
-2810	-19	3829	-26	-2660	93
-2698	205	3994	-38	-2875	18
-2649	213	4348	12	-3004	33
-2671	-141	5023	40	-2949	-135
-2808	-274	6011	-23	-3634	-418
-2624	-243	6174	-199	-4334	-496
-2382	-257	5969	-395	-4531	-469
-2095	-260	5360	-411	-4321	-599
-1658	-225	4959	-391	-3851	-553
-1312	-125	4901	-389	-3906	-559
-838	-155	4316	-350	-3665	-390
-610	-200	3958	-305	-2980	-341
-511	-114	3785	-229	-2429	-240
-406	-19	3725	-90	-2305	-144
-154	-54	3578	7	-2341	-190
15	15	3377	1	-2192	-282
32	23	3359	-2	-1899	-226
-69	31	3675	49	-1674	-176
-97	89	4107	140	-1720	-231
-21	226	4349	192	-1922	-323
55	391	4443	180	-2089	-284
119	376	4411	119	-2261	-108
234	218	4194	4	-2273	-14
405	-1	3998	-46	-2079	56
558	-160	3843	-54	-1744	6
655	-196	3860	-48	-1416	23
703	-266	3888	-76	-1223	-5
700	-243	3876	-129	-1046	-66
655	-236	3919	-158	-914	-115
628	-133	4010	-159	-861	-156
650	-99	4100	-129	-945	-110
693	-119	4040	-98	-977	-110
717	-115	4090	-85	-920	-100
737	-72	4152	-64	-975	-32
720	-101	4150	-62	-1134	54
787	-185	4038	-78	-1227	43
899	-169	3906	-100	-1155	-12
987	-198	3891	-99	-1022	-34
1022	-199	3924	-95	-925	-62
1042	-183	3910	-89	-822	-61
1104	-189	3905	-85	-744	-36
1177	-215	3896	-73	-687	-15
1192	-204	3875	-46	-609	-1
1176	-213	3878	-23	-540	-6
1206	-216	3921	-18	-513	-23
1228	-235	3952	-29	-523	-35
1281	-241	3912	-31	-516	-37
1293	-233	3927	-26	-489	-22
1282	-174	3920	-19	-509	2
1278	-173	3909	-11	-517	8
1317	-150	3892	-4	-492	-39
1317	-138	3860	-3	-432	-59
1302	-148	3868	9	-364	-34
1297	-158	3923	26	-338	6
1310	-202	3908	27	-353	4
1327	-209	3845	26	-345	-10
1346	-207	3834	15	-302	-24
1325	-204	3855	3	-258	-56
1331	-173	3871	-7	-236	-75
1386	-174	3864	-6	-217	-55
1430	-169	3844	2	-181	-39
1390	-163	3830	15	-129	-2
1373	-192	3862	9	-72	-7
1395	-186	3931	-4	-92	-43
1437	-175	3897	0	-153	-63
1479	-170	3801	8	-142	-67
1480	-187	3781	23	-62	-60
1467	-166	3812	27	34	-59
1413	-160	3868	32	75	-58
1391	-164	3900	33	74	-44
1393	-145	3925	34	31	-38
1383	-157	3914	34	-5	-44
1403	-159	3906	25	-31	-46
1405	-147	3885	16	-49	-31
1417	-155	3860	12	-29	-26
1418	-129	3860	9	-9	-7
1393	-142	3857	9	15	7
-1007	75	3833	11	-232	393
-1107	-101	3961	-28	-58	516
-1149	-264	4067	-35	-91	439
-1120	-204	4027	-37	-261	257
-1056	-114	3833	-5	-361	203
-1023	-95	3698	23	-293	210
-1038	-121	3650	46	-141	214
-1097	-197	3707	32	14	198
-1172	-285	3851	22	130	105
-1243	-302	3935	26	122	-32
-1284	-231	3927	42	57	-107
-1232	-124	3796	62	26	-121
-1204	-41	3728	83	83	-105
-1215	7	3628	99	161	-79
-1266	1	3533	126	269	-27
-1337	22	3468	148	424	5
-1442	89	3463	150	582	29
-1493	97	3390	172	676	93
-1469	-129	3247	150	740	19
-1412	-170	3068	56	891	-251
-1452	74	2917	21	1191	-280
-1521	128	2846	122	1477	-55
-1611	-51	2819	223	1712	5
-1713	-174	2789	185	1878	-101
-1783	-57	2712	54	1998	-240
-1803	75	2552	20	2069	-186
-1682	-14	2340	171	2160	-121
-1552	-205	2165	330	2342	-165
-1553	-206	2145	365	2559	-258
-1621	199	2193	301	2569	-170
-1602	375	2219	261	2399	232
-1665	229	2180	244	2278	485
-1643	-9	2044	201	2334	357
-1637	-80	2210	116	2583	37
-1756	215	2627	17	2630	-71
-1943	336	3152	55	2476	299
-2272	15	3791	91	1881	480
-2503	-167	3999	67	1000	367
-2544	-130	3863	-111	361	367
-2545	-319	3735	-210	76	318
-2642	-395	3939	-160	-52	15
-2991	-121	4461	-91	-282	-211
-3282	272	4657	-181	-952	-37
-3393	453	4602	-91	-1273	187
-3325	429	4513	5	-1662	323
-3258	333	4408	45	-2021	427
-3123	173	4254	-89	-2487	302
-3022	169	4437	-299	-2612	-96
-2930	239	4960	-396	-3004	-294
-2989	91	5552	-435	-3725	-223
-3058	-161	5874	-360	-4595	-255
-3266	82	6342	-235	-5144	-174
-3154	654	6434	-155	-5136	348
-2259	777	5653	-223	-4103	94
-1397	812	5144	-383	-2740	-175
-959	390	5128	-561	-2929	-513
-117	-233	3545	-510	-4188	-393
867	-492	1733	-241	-4042	-144
1257	-483	849	-109	-2600	198
894	-505	1621	-190	-835	280
22	-482	3850	-349	-161	205
-448	-437	5397	-449	-1264	-42
-428	-457	5620	-518	-2589	-304
-175	-377	5253	-600	-3020	-484
-51	-487	4968	-566	-2653	-592
-118	-443	4708	-440	-2429	-627
262	-313	4097	-201	-2634	-493
832	-2	3183	2	-2647	-214
1185	22	2361	100	-1997	84
1245	-87	2138	30	-746	129
1047	-262	2890	-39	471	27
644	-311	4144	-85	770	-141
469	-276	4811	-86	229	-154
518	-303	4899	-81	-418	-87
597	-316	4529	-75	-814	-82
603	-186	4017	-90	-780	-44
586	-190	3673	-77	-480	48
545	-274	3604	-55	-129	47
422	-290	3755	-23	100	-13
310	-249	3988	17	194	-36
242	-202	4222	31	151	10
269	-221	4316	22	-15	36
334	-249	4211	6	-83	11
375	-244	4111	7	-77	12
394	-268	4036	14	-62	10
386	-244	4032	19	-29	-6
379	-233	4084	6	-28	10
436	-253	4059	1	-33	38
484	-278	4031	-6	10	49
492	-293	4033	4	84	43
461	-285	4062	10	130	-2
408	-267	4139	14	96	-10
399	-264	4172	19	23	-4
421	-241	4138	21	-28	8
463	-260	4113	26	-63	18
497	-261	4050	33	-53	16
529	-276	3999	37	-2	5
542	-263	4009	36	82	10
506	-261	4038	34	148	14
439	-261	4062	34	190	10
378	-234	4121	36	193	5
358	-223	4162	42	133	25
339	-239	4142	45	75	38
349	-255	4126	37	43	13
358	-245	4117	33	26	-19
339	-225	4147	35	-2	-31
343	-209	4115	42	-8	-15
368	-201	4094	46	-11	0
402	-212	4083	28	5	10
442	-212	4024	23	41	18
478	-214	4000	24	139	50
462	-242	4083	15	192	51
409	-249	4176	1	165	9
373	-253	4192	0	78	-14
375	-239	4120	0	18	-23
383	-230	4051	6	53	-4
362	-234	4053	10	105	7
337	-235	4083	13	117	2
316	-206	4108	15	133	0
317	-202	4099	14	136	10
302	-225	4122	10	135	6
307	-228	4122	9	120	3
319	-245	4089	11	117	17
301	-237	4109	6	124	15
296	-246	4155	7	109	11
324	-226	4145	8	55	6
345	-218	4128	5	20	-3
356	-220	4118	-2	3	-11
348	-222	4123	-3	-3	-13
353	-223	4107	1	4	-5
-708	-18	4126	-255	-190	-152
-851	72	4187	-157	-169	-23
-818	127	4070	-55	-312	145
-682	126	3879	-39	-411	177
-621	86	3809	-85	-379	109
-689	24	3888	-118	-275	-13
-756	27	3979	-141	-191	-165
-789	119	4025	-147	-165	-237
-756	147	3968	-142	-115	-186
-684	118	3948	-142	-65	-146
-634	108	3949	-140	-71	-120
-627	111	3926	-135	-66	-104
-673	174	3892	-144	-14	-95
-726	193	3880	-153	97	-42
-769	194	3871	-143	157	28
-785	120	3814	-129	174	84
-814	-7	3728	-136	209	78
-925	-47	3640	-152	289	49
-1021	13	3519	-175	413	56
-1065	141	3433	-174	581	134
-1107	216	3336	-161	744	258
-1114	148	3191	-171	872	341
-1098	107	3074	-202	1061	344
-1143	5	2965	-242	1203	339
-1246	-120	2723	-299	1323	281
-1241	-108	2428	-326	1660	200
-1257	-84	2411	-286	2078	191
-1339	-161	2550	-246	2305	186
-1443	-146	2628	-220	2412	120
-1541	-190	2652	-185	2356	103
-1585	-226	2583	-199	2179	28
-1499	-143	2532	-199	2094	-74
-1483	-85	2576	-62	2029	-55
-1515	-57	2517	141	1919	-37
-1509	17	2460	346	2081	7
-1595	-22	2765	370	2170	-40
-1613	-3	3133	279	2167	-171
-1744	163	3505	181	2314	-81
-1955	61	4002	136	2169	57
-2116	24	4368	138	1563	-45
-2150	181	4521	125	823	-33
-2225	322	4552	76	303	211
-2236	251	4608	80	-180	370
-2417	12	4831	104	-646	420
-2455	-164	5127	-106	-1389	143
-2271	-173	5377	-327	-2658	-83
-2042	-294	5340	-224	-3882	-46
-2057	-401	5410	-85	-4792	-62
-1966	-216	5352	2	-4914	-51
-1671	-171	5822	-66	-4300	-180
-1807	-116	7193	-149	-3999	-561
-1543	-12	7539	-266	-4226	-768
-1073	-287	6257	-452	-3895	-627
-939	-371	5559	-406	-2657	-672
-783	-233	5143	-276	-2443	-498
-255	-176	4199	-140	-3010	-227
423	-202	2947	-36	-3117	-143
767	-218	2164	2	-2329	-204
720	-237	2078	0	-1220	-193
403	-292	2913	-48	-474	-149
101	-301	3977	-165	-673	-121
-30	-334	4635	-250	-1411	-205
-130	-256	4780	-270	-1984	-370
-204	-71	4780	-229	-2255	-424
-144	-58	4753	-170	-2524	-338
109	-38	4506	-135	-2831	-306
405	-54	4095	-79	-2884	-230
712	27	3675	0	-2663	-142
961	56	3335	38	-2166	13
1081	5	3294	17	-1421	60
1030	-92	3628	-34	-893	-1
1048	-103	3970	-76	-759	-64
1048	-48	4109	-122	-861	48
1083	-200	4113	-161	-965	149
1117	-340	4053	-185	-1011	64
1198	-459	3962	-215	-1029	-59
1304	-425	3809	-237	-950	-139
1319	-146	3785	-168	-754	-49
1361	-81	3846	-61	-694	107
1407	-191	3901	-10	-705	137
1420	-343	3897	-46	-713	-45
1384	-324	3847	-90	-640	-199
1333	-249	3785	-106	-552	-170
1282	-320	3709	-104	-399	-110
1214	-368	3723	-105	-291	-177
1193	-315	3852	-108	-251	-222
1263	-215	3874	-114	-293	-168
1384	-179	3804	-122	-279	-16
1373	-204	3783	-123	-146	72
1301	-232	3867	-108	-72	91
1261	-316	3896	-84	-79	81
1321	-337	3838	-69	-89	37
1376	-279	3820	-58	-47	40
1368	-288	3837	-45	23	74
1338	-311	3888	-25	77	81
1276	-392	3907	-5	66	19
1265	-374	3886	6	39	-57
1281	-337	3890	18	45	-42
1292	-306	3938	13	59	-2
1306	-281	3955	-4	36	25
1333	-315	3950	-15	-4	22
1320	-341	3912	-10	-18	-6
1280	-321	3887	5	-1	-26
1246	-311	3873	12	52	-10
1239	-325	3958	17	70	0
1244	-316	3978	15	11	-2
1294	-312	3960	20	-48	1
1287	-327	3946	24	-67	-10
1310	-305	3909	23	-59	-28
1295	-337	3896	31	-38	-31
1310	-349	3893	40	-17	-46
1304	-316	3871	41	1	-61
1312	-318	3898	40	20	-40
1322	-334	3916	43	18	-35
1322	-329	3932	50	-9	-43
1313	-319	3922	49	-13	-39
1299	-303	3918	50	-6	-40
1306	-306	3934	54	-27	-44
1353	-286	3901	64	-41	-52
1353	-273	3878	63	-12	-61
1341	-262	3884	55	21	-57
1296	-251	3937	47	35	-54
1275	-243	3939	46	9	-53
1279	-220	3935	55	-12	-50
1290	-225	3958	52	-15	-43
1299	-214	3926	43	-26	-48
1318	-227	3924	33	-40	-49
1311	-225	3916	27	-41	-50
1301	-228	3913	28	-38	-39
1303	-218	3911	23	-35	-37
-743	-20	4039	-44	-130	-102
-748	-50	4022	-46	-133	-116
-749	-69	4022	-43	-129	-147
-739	-25	4014	-36	-116	-153
-760	-7	4013	-28	-115	-137
-750	-12	3964	-34	-95	-133
-747	-33	3992	-43	-53	-123
-788	-16	4078	-56	-68	-103
-803	-1	4092	-64	-129	-75
-771	10	4035	-78	-156	-53
-743	-27	3943	-100	-119	-28
-741	-81	3893	-116	-34	-14
-785	-143	3935	-116	-1	-7
-842	-207	3896	-100	6	-27
-837	-191	3907	-93	49	-89
-878	-103	3983	-88	72	-58
-889	-31	3958	-77	45	30
-868	-28	3931	-69	51	109
-902	-83	3871	-83	77	147
-991	-147	3777	-98	103	149
-1083	-168	3600	-119	164	130
-1099	-81	3498	-113	353	101
-1146	20	3477	-91	510	152
-1245	80	3330	-86	594	245
-1255	85	3100	-97	734	373
-1317	36	2906	-143	971	445
-1347	34	2725	-206	1228	465
-1399	50	2532	-188	1506	513
-1417	-71	2371	-136	1789	545
-1411	-200	2118	-127	2031	451
-1358	-199	1927	-100	2386	293
-1278	-284	1966	-42	2694	178
-1336	-462	2248	6	2741	56
-1421	-495	2415	37	2568	-172
-1451	-387	2507	138	2537	-341
-1617	-233	1965	222	2413	-356
-1425	-40	2417	279	3057	-336
-1611	61	3278	226	2613	-420
-1819	25	3606	221	1553	-303
-1962	107	3441	205	1281	-172
-2088	136	3597	119	1495	-204
-2137	128	3931	84	1417	-282
-2234	104	4171	44	1025	-178
-2291	37	4051	65	664	-81
-2352	-5	3967	188	434	173
-2566	3	3989	300	182	398
-2759	-26	3978	337	-54	456
-3120	-120	4578	248	-71	212
-3353	51	4860	141	-370	-295
-3542	-174	5397	1	-1250	-507
-3549	-19	5670	-139	-2400	-588
-3126	-266	5216	-244	-3580	-530
-2702	-383	5070	-195	-4072	-743
-2519	-514	5509	9	-4704	-715
-2582	-854	6019	20	-5421	-583
-2574	-1454	6385	85	-5875	-670
-2078	-1266	5727	-109	-4804	-944
-1247	-757	5197	-456	-2280	-910
-1170	-77	5593	-671	-1131	-697
-465	55	4927	-569	-2624	-426
708	184	2704	-325	-3856	-106
1445	42	968	-39	-3149	184
1621	-201	551	232	-1229	158
806	-198	2154	522	821	20
-323	65	4763	678	837	-61
-956	259	6510	627	-964	63
-955	351	6717	509	-2945	231
-568	275	5723	488	-3923	172
-188	494	4673	497	-3921	-59
178	302	3828	318	-3515	-46
578	38	3189	63	-2851	-129
859	-190	2648	-69	-2233	-309
1134	-242	2348	-44	-1265	-365
1133	-252	2667	73	-172	-225
810	-170	3639	157	608	-83
509	-175	4585	135	459	-1
472	-216	4929	54	-288	6
619	-216	4645	-35	-908	-41
712	-190	4161	-79	-1020	-70
706	-179	3936	-78	-840	-58
625	-83	3923	-57	-720	-23
585	18	3965	-24	-699	62
537	12	4011	4	-686	142
577	-33	3998	1	-643	138
619	-43	3989	-6	-532	84
594	-53	4028	-15	-425	65
528	-80	4108	-6	-353	64
502	-84	4165	10	-418	82
609	-83	4128	6	-529	70
780	-125	3999	-9	-561	74
847	-232	3937	-26	-490	42
829	-237	3931	-42	-355	14
799	-218	3967	-40	-247	26
806	-185	4078	-28	-220	1
877	-120	4076	-21	-284	-16
937	-72	4045	-25	-338	-22
980	-60	3989	-43	-341	-8
1007	-66	3914	-65	-300	2
1014	-91	3884	-74	-184	34
970	-117	3936	-74	-89	65
926	-117	4012	-65	-68	63
952	-120	4030	-65	-72	50
966	-121	3963	-56	-62	40
939	-143	3924	-50	11	42
889	-162	3942	-53	111	41
869	-176	4011	-53	153	38
851	-183	4061	-46	131	35
851	-187	4075	-41	79	39
868	-183	4016	-35	57	50
864	-197	4003	-35	67	58
868	-187	4011	-30	87	53
869	-193	4002	-28	121	34
869	-192	4008	-14	140	26
873	-190	4032	3	147	37
863	-180	4013	19	145	58
845	-185	4011	26	153	64
838	-173	4051	25	169	46
811	-163	4067	18	171	21
809	-160	4101	15	144	5
816	-158	4088	9	108	-4
821	-167	4068	7	95	-8
818	-165	4053	6	105	-1
795	-158	4059	4	110	13
799	-158	4060	4	100	22
804	-158	4054	9	84	21
809	-155	4058	10	89	19
791	-168	4059	3	105	17
773	-157	4072	-3	114	7
764	-147	4098	-8	92	2
770	-147	4089	-18	59	6
-1363	-367	3891	-215	76	141
-1374	-470	3846	-232	104	-26
-1373	-421	3928	-212	170	-162
-1391	-389	4012	-141	104	-213
-1365	-335	3952	-95	-60	-245
-1322	-253	3752	-58	-49	-207
-1285	-157	3758	-28	128	-170
-1327	-82	3924	-18	74	-75
-1331	-91	3862	10	-80	-3
-1353	-62	3719	38	-61	108
-1390	-63	3617	36	58	234
-1417	-97	3587	9	209	316
-1475	-114	3641	19	292	352
-1536	-160	3648	65	288	388
-1594	-187	3542	101	269	410
-1666	-173	3482	106	383	421
-1701	-173	3457	80	526	361
-1700	-129	3439	51	626	269
-1715	-118	3465	60	609	256
-1708	-86	3390	51	495	264
-1752	46	3281	17	519	346
-1745	153	3131	-3	716	535
-1764	183	3047	-16	964	769
-1757	122	3042	19	1076	878
-1781	-81	3047	1	1028	822
-1843	-232	2889	-87	1020	593
-1867	-274	2743	-173	1213	406
-1851	-214	2789	-176	1400	245
-1803	-221	2847	-83	1315	162
-1686	-295	2715	59	1110	65
-1597	-264	2500	106	1005	-187
-1495	-176	2266	45	912	-365
-1455	-135	2031	-29	960	-373
-1463	-16	1910	-82	1158	-378
-1544	112	1978	23	1515	-325
-1719	304	2191	205	1768	-90
-1911	417	2436	354	1798	217
-2088	230	2634	404	1624	369
-2328	169	2844	346	1537	304
-2509	181	3073	233	1662	407
-2808	-120	3640	152	1683	508
-3074	-405	4346	160	1164	-13
-3278	-357	5024	100	291	-689
-3429	-153	5292	-57	-1009	-916
-3304	1	4874	-267	-2370	-823
-2931	274	4133	-379	-3065	-716
-2678	476	4023	-351	-3260	-464
-2465	398	4177	-316	-3293	-191
-2342	434	4601	-258	-3397	9
-2337	-27	5304	-228	-3816	175
-2339	-469	6128	-336	-4747	-42
-2036	-621	6164	-409	-5650	-380
-1905	-739	6046	-325	-5589	-651
-1532	-692	5826	-163	-5182	-840
-1285	-283	5799	-53	-5243	-1055
-722	-177	5054	14	-4897	-939
-420	146	4687	165	-3956	-737
-149	138	4261	314	-3568	-530
373	24	3410	342	-3492	-426
804	-153	2614	313	-2969	-260
918	-311	2360	263	-2118	-116
655	-329	2985	247	-1134	-42
309	-260	4159	213	-1073	46
304	-154	4562	197	-1865	44
467	-134	4324	130	-2367	13
580	-205	4139	6	-2384	-118
648	-136	4118	-91	-2394	-240
779	10	4048	-119	-2483	-275
1034	209	3920	-48	-2405	-164
1339	356	3761	85	-2152	67
1560	324	3701	126	-1696	276
1533	87	3785	46	-1228	311
1494	-39	3823	-25	-1024	140
1612	-22	3695	-50	-944	-6
1769	80	3456	-60	-754	11
1749	131	3319	-75	-376	228
1622	-38	3355	-92	4	433
1453	-300	3613	-138	299	335
1321	-345	3943	-178	270	123
1233	-330	4108	-188	46	22
1193	-226	4142	-165	-171	51
1207	-238	4166	-139	-295	137
1115	-217	4239	-158	-448	85
1104	-301	4118	-195	-640	-2
1165	-290	4046	-229	-693	-132
1178	-204	3973	-240	-738	-146
1248	-183	3814	-214	-759	-153
1362	-109	3614	-166	-673	-166
1471	-98	3512	-134	-490	-110
1576	-135	3476	-118	-195	-1
1500	-196	3599	-111	159	23
1322	-229	3832	-114	338	-31
1194	-285	4003	-92	277	-102
1212	-327	3988	-62	157	-157
1298	-286	3939	-54	123	-157
1339	-255	3912	-55	152	-121
1321	-239	3926	-75	173	-99
1312	-277	3979	-83	120	-110
1353	-282	3963	-83	18	-143
1405	-290	3855	-68	-37	-179
1421	-292	3846	-48	-5	-188
1406	-284	3845	-37	56	-170
1360	-305	3857	-18	110	-162
1324	-273	3899	-3	116	-152
1309	-256	3935	7	115	-154
1292	-217	3952	7	87	-130
1315	-198	3968	9	57	-118
1323	-195	3991	12	12	-106
1289	-170	3923	15	-8	-70
1294	-215	3865	19	34	-37
1293	-237	3907	20	73	-52
1291	-222	3947	26	63	-83
1293	-199	3989	34	22	-68
1304	-183	3989	37	-52	-43
1300	-175	3918	29	-85	-14
1309	-176	3900	32	-62	14
1295	-185	3903	31	-32	14
1290	-194	3919	38	-3	-6
1284	-177	3933	42	-4	-21
1300	-188	3991	40	-32	-3
1298	-195	3975	28	-103	19
1345	-235	3910	16	-138	19
1358	-228	3852	16	-81	11
1353	-229	3871	22	-22	12
1342	-215	3913	27	-24	14
1338	-200	3924	27	-52	22
1349	-212	3920	22	-62	16
1335	-212	3915	22	-70	-4
1348	-193	3895	28	-80	-11
1380	-190	3873	28	-65	3
-1117	-279	4342	197	-208	542
-1177	-380	4374	72	-194	219
-988	-313	4288	8	-482	22
-791	-203	4011	4	-793	-14
-639	1	3749	14	-807	91
-599	104	3733	6	-572	412
-664	4	3971	-61	-296	670
-831	-178	4318	-140	-272	713
-871	-310	4312	-158	-479	611
-821	-365	4120	-112	-681	491
-708	-327	3874	-48	-735	393
-640	-293	3747	-7	-626	346
-635	-286	3804	5	-464	309
-698	-255	3974	-13	-371	263
-786	-194	4069	-41	-369	246
-853	-154	4048	-56	-377	261
-836	-130	4003	-63	-365	296
-792	-147	3908	-56	-330	346
-767	-198	3807	-36	-228	382
-772	-227	3858	-17	-129	349
-800	-230	3878	-8	-109	322
-864	-197	3799	-9	-73	272
-933	-139	3706	-26	49	237
-989	-119	3670	-46	203	249
-1051	-56	3638	-49	299	278
-1091	-86	3613	-29	334	358
-1182	-199	3515	-26	344	316
-1233	-225	3272	-49	448	223
-1204	-143	3054	-76	624	189
-1180	-55	2826	-47	790	236
-1165	-99	2606	-70	1072	267
-1245	-150	2466	-146	1488	239
-1314	-100	2375	-217	1931	244
-1242	-120	2227	-185	2184	185
-1226	-232	2112	-126	2237	65
-1199	-361	1929	-74	2133	-33
-1165	-349	1578	-73	2245	-89
-1258	-154	1322	-44	2855	-37
-1350	21	1514	-42	3669	72
-1572	180	2312	31	4060	196
-1721	161	3091	241	3657	355
-1649	-58	3294	377	2932	393
-1635	-191	3405	358	2551	288
-1700	-295	3803	239	2288	105
-1917	-191	4181	116	1803	-94
-2075	59	4271	90	1198	-151
-2229	320	4381	185	504	94
-2207	191	4290	364	-34	573
-2391	-22	4361	472	-41	661
-2747	-162	5097	378	-138	441
-3315	-42	5804	163	-1250	346
-3288	-205	5653	120	-2790	181
-2984	-26	5207	32	-3876	-225
-2603	95	4575	-40	-4119	-277
-2991	-108	6013	-208	-4413	-689
-3393	-491	7705	-298	-5486	-618
-3925	-569	8491	-360	-6025	-314
-2446	-475	7100	-212	-3286	-39
-2086	192	7531	-184	-925	-523
-1137	458	6758	-363	-3046	-822
809	309	2962	-296	-5493	-441
2299	-255	-386	23	-4353	-114
2351	-552	-1394	254	-1643	-16
1385	-608	-374	380	1571	201
-56	-501	3389	347	3142	15
-1043	-254	6902	130	1093	-493
-1062	69	7530	-55	-2164	-675
-774	264	6424	-106	-3691	-424
-573	379	5525	63	-3774	-285
-656	413	5087	157	-3570	-389
-444	164	4299	39	-3878	-498
532	202	3127	24	-3565	-463
1045	186	2143	145	-2741	-59
1243	178	1888	260	-1347	230
1045	17	2553	311	-243	346
786	-213	3609	261	238	242
594	-176	4418	182	150	97
423	-173	4815	99	-185	157
378	-159	4892	-10	-467	104
387	-180	4690	-93	-764	0
497	-111	4299	-130	-996	-73
592	-65	3907	-113	-1052	-84
691	-10	3555	-84	-910	-50
764	33	3421	-37	-594	-11
769	58	3543	-10	-206	19
673	52	3900	-1	68	34
556	46	4252	10	68	71
490	11	4397	16	-108	95
499	-28	4317	41	-323	104
603	-96	4123	69	-403	81
736	-129	3925	50	-409	47
812	-117	3851	13	-274	26
864	-101	3841	-34	-144	26
882	-116	3913	-46	-50	33
857	-88	3967	-34	48	57
747	-95	4053	-20	117	87
666	-99	4138	-4	86	70
676	-22	4153	-11	-31	53
746	0	4110	-20	-136	71
787	-10	4049	-28	-135	83
750	-11	4003	-38	-80	103
705	-39	4036	-40	-31	94
650	-52	4066	-32	-8	67
626	-65	4118	-22	-10	55
595	-71	4147	-12	-69	39
619	-59	4117	-13	-142	46
687	-92	4066	-22	-185	70
758	-107	4018	-25	-159	81
773	-154	4045	-22	-94	70
728	-159	4094	-24	-55	37
698	-126	4067	-28	-80	20
723	-123	4039	-16	-71	20
775	-86	4045	-17	-48	7
805	-58	4090	-21	-53	36
800	-69	4096	-24	-102	68
793	-80	4062	-23	-124	68
757	-73	4058	-17	-85	32
717	-85	4126	-14	-103	15
732	-86	4153	-15	-195	5
769	-86	4080	-19	-269	17
816	-74	4019	-19	-272	15
828	-107	4002	-20	-225	39
851	-114	3965	-19	-150	35
844	-123	3974	-12	-89	10
840	-101	4015	-8	-42	-8
841	-98	4020	-9	-13	9
847	-116	4054	-13	-13	-7
825	-91	4058	-10	-33	-10
807	-82	4057	-11	-51	13
829	-102	4053	-8	-53	22
-1048	-686	3813	-245	-26	199
-1008	-684	3793	-212	158	107
-927	-403	3925	-156	256	30
-862	110	4102	-57	91	176
-814	481	4169	72	-250	618
-815	417	3997	124	-393	1090
-912	-124	3764	30	-105	1271
-1094	-488	3758	-74	291	1043
-1223	-655	3983	-111	348	692
-1243	-538	4118	-127	225	413
-1172	-185	4149	-126	4	352
-1080	107	3964	-133	-130	424
-1063	263	3807	-156	-90	615
-1090	265	3736	-190	-17	833
-1106	127	3631	-203	76	1012
-1202	-87	3693	-219	261	1003
-1260	-242	3824	-216	380	891
-1303	-299	3862	-191	384	789
-1297	-271	3864	-161	311	703
-1273	-206	3820	-162	258	647
-1236	-108	3794	-153	274	630
-1257	-19	3752	-134	288	701
-1339	4	3670	-96	294	780
-1385	-48	3496	-68	435	787
-1403	-51	3406	-66	628	707
-1414	-55	3472	-53	748	703
-1464	-88	3543	-91	742	717
-1602	-73	3420	-150	711	730
-1708	46	3100	-209	764	784
-1667	193	2783	-242	988	842
-1581	273	2658	-226	1324	965
-1542	142	2613	-189	1596	1109
-1647	-101	2675	-214	1559	968
-1697	-280	2556	-341	1336	740
-1753	-286	2185	-406	1432	606
-1708	-203	1875	-357	1927	525
-1676	-205	1931	-214	2434	351
-1650	-16	2173	-133	2656	148
-1810	52	2406	-9	2671	344
-2020	-24	2555	34	2515	407
-2016	-22	2544	17	2411	414
-1894	-50	2582	0	2473	456
-1997	-60	2669	20	2520	435
-2183	-26	2830	60	2300	382
-2222	-282	3014	149	1788	277
-2118	-359	2962	168	1407	38
-2229	-57	3131	131	1276	62
-2470	27	3483	123	974	185
-2996	197	4359	198	666	245
-3407	253	5145	279	-160	520
-3821	-93	5393	330	-1392	339
-3684	47	5054	194	-2614	124
-3420	-109	4975	28	-3400	-128
-2892	117	4384	-139	-3751	-411
-2703	160	4957	-212	-3845	-519
-2559	48	5339	-193	-4465	-583
-2453	-133	5610	-296	-4874	-691
-2091	-208	5465	-423	-4644	-704
-2104	-149	5604	-437	-4018	-764
-1739	-45	5621	-468	-3511	-942
-1422	-20	5539	-538	-3640	-950
-969	-194	5027	-464	-3446	-960
-770	-55	4721	-339	-2913	-967
-634	-26	4482	-228	-2951	-793
-299	18	3923	-139	-3208	-604
-15	-14	3320	-128	-2997	-337
117	-163	3140	-172	-2552	-299
157	-304	3239	-294	-2178	-448
155	-296	3456	-360	-2035	-541
134	-246	3575	-314	-1960	-497
60	-205	3777	-239	-1793	-460
10	-180	4151	-180	-1633	-463
26	-66	4497	-135	-1736	-470
161	-37	4610	-124	-2015	-309
394	-89	4326	-88	-2262	-204
553	-159	3978	-69	-2143	-143
650	-276	3757	-61	-1763	-140
744	-388	3735	-102	-1361	-221
807	-338	3771	-146	-1113	-308
800	-265	3898	-154	-901	-272
776	-177	3957	-115	-845	-135
852	-225	3958	-112	-804	44
925	-327	3994	-134	-747	127
948	-380	3994	-143	-718	128
903	-399	4039	-123	-641	105
873	-448	4091	-83	-646	35
889	-359	4082	-64	-699	-13
896	-322	4032	-57	-762	35
903	-380	3997	-62	-791	46
875	-406	3984	-53	-787	-38
935	-382	3980	-29	-769	-85
1067	-336	3991	2	-791	-23
1210	-367	3907	9	-851	34
1257	-354	3848	-6	-755	-6
1195	-326	3845	-24	-596	-68
1116	-318	3908	-25	-527	-102
1128	-308	3916	-12	-544	-76
1219	-321	3816	6	-558	-8
1313	-368	3761	20	-437	15
1314	-397	3766	29	-273	-17
1246	-363	3833	33	-165	-66
1186	-334	3895	35	-120	-87
1150	-314	3931	26	-101	-78
1145	-295	3992	21	-117	-61
1170	-310	4025	28	-184	-32
1213	-314	3963	36	-256	-51
1244	-305	3921	41	-280	-43
1254	-342	3875	40	-236	-31
1266	-369	3869	43	-176	-47
1243	-323	3896	45	-131	-52
1216	-321	3957	53	-131	-7
1218	-322	3947	53	-169	11
1271	-344	3877	52	-189	-16
1311	-331	3857	52	-149	-40
1333	-323	3886	51	-97	-46
1319	-322	3898	41	-74	-25
1316	-318	3927	27	-68	-12
1323	-320	3877	30	-63	5
1315	-326	3836	40	-6	14
1295	-311	3884	39	53	-3
1287	-291	3952	31	48	-38
1275	-264	3979	22	-23	-52
1281	-259	3977	19	-92	-41
1305	-281	3901	22	-104	-31
1299	-276	3855	24	-60	-16
1302	-289	3875	27	-16	-3
1320	-266	3892	21	9	-5
1298	-278	3905	16	25	-22
1300	-258	3937	15	17	-25
1306	-282	3945	13	-7	-8
-691	87	3814	46	-85	494
-817	-38	3965	9	27	482
-924	-116	4040	1	30	456
-907	-157	4036	3	-20	429
-850	-174	4020	-12	-43	369
-783	-156	3990	-31	-81	269
-682	-141	3902	-27	-46	174
-639	-132	3847	-10	63	111
-687	-108	3886	14	217	68
-743	-97	3938	31	296	43
-764	-94	3947	47	287	49
-767	-68	4000	50	282	58
-757	-51	4015	39	282	44
-752	-16	3987	19	299	32
-750	-21	3994	16	277	12
-849	-68	3909	17	253	-40
-929	-77	3780	13	325	-87
-977	-60	3656	3	432	-124
-1078	1	3585	-11	580	-88
-1184	33	3527	8	624	-42
-1218	35	3459	41	625	-25
-1270	-2	3270	52	595	-24
-1277	-1	2947	49	746	-25
-1222	37	2741	56	1027	89
-1166	13	2512	33	1329	139
-1107	-17	2349	93	1674	105
-1119	-77	2219	69	1919	-54
-1177	-41	2057	-12	2175	-183
-1219	114	1934	-88	2557	-175
-1257	196	1948	-26	2935	49
-1349	64	2127	127	3093	231
-1449	-143	2356	204	2991	149
-1609	-343	2520	187	2890	-111
-1777	-258	2642	61	2810	-308
-1781	33	2944	-16	2844	-111
-1745	234	3414	85	2565	256
-1883	244	3608	278	2094	480
-2086	303	3622	344	1811	495
-2248	221	3747	229	1725	609
-2447	-80	4010	66	1680	664
-2673	-390	4450	-23	1406	280
-2835	-398	4936	-34	737	-210
-3010	-155	5100	-32	-313	-354
-2996	44	4818	-118	-1141	-216
-2942	189	4441	-19	-1914	95
-2978	139	4238	83	-2202	54
-2939	80	4311	68	-2364	-134
-2829	84	4480	-92	-2496	-212
-2891	121	5117	-268	-2705	-345
-2784	48	5749	-312	-3371	-323
-2701	-267	6057	-298	-4285	-159
-2898	-712	6195	-197	-5095	-233
-2840	-860	6040	-90	-5328	-356
-2095	-642	5224	-66	-3842	-238
-1595	-168	5284	-59	-1696	-361
-1376	269	5342	-174	-1515	-327
-551	356	4371	-263	-2858	-208
451	146	2601	-161	-3574	30
1073	-171	1243	-1	-2735	116
1064	-208	1380	183	-1026	45
376	14	3245	310	94	70
-336	122	5168	314	-634	153
-618	221	6006	296	-2294	157
-629	372	5809	316	-3479	144
-445	456	5145	402	-3825	166
-228	268	4436	356	-3439	62
13	46	4151	168	-3057	-118
486	-74	3595	54	-2919	-382
917	-60	2872	2	-2431	-534
1245	121	2323	-4	-1620	-572
1297	174	2472	18	-432	-307
1051	184	3361	26	304	-32
821	43	4284	15	476	94
700	-110	4925	-11	-64	88
660	-188	4777	-32	-786	-5
663	-83	4289	-52	-1012	-67
708	56	3979	-56	-894	-30
757	121	3842	-62	-782	109
760	125	3736	-64	-686	186
762	93	3696	-71	-449	191
639	33	3907	-70	-167	126
496	60	4131	-78	-104	57
466	68	4253	-99	-219	29
490	90	4214	-143	-336	46
545	-25	4085	-153	-354	72
529	-119	3973	-147	-257	32
526	-167	3931	-96	-158	-2
551	-116	4016	-44	-124	-22
639	-35	4127	-24	-216	20
742	-3	4173	-25	-343	76
822	-35	4199	-33	-456	104
886	-41	4172	-32	-552	75
914	2	4109	-33	-623	57
973	11	3996	-27	-612	51
1021	-31	3951	-26	-561	63
1044	-17	3891	-52	-460	28
1044	-4	3829	-75	-309	52
1038	-35	3803	-89	-113	97
964	-74	3921	-75	57	103
867	-100	4008	-61	96	58
838	-95	4067	-49	34	50
848	-86	4046	-43	-23	54
862	-88	4008	-37	-20	56
829	-91	4040	-39	3	61
818	-94	4075	-42	-9	45
818	-87	4097	-38	-71	44
870	-90	4038	-27	-118	56
931	-94	3956	-15	-95	72
989	-101	3907	-1	-10	74
1015	-73	3897	11	98	61
995	-60	3970	10	181	46
930	-75	4079	2	185	32
874	-90	4131	-2	109	27
844	-96	4060	10	54	35
897	-103	4000	18	82	11
941	-93	4012	17	107	-18
928	-75	4056	10	76	-22
886	-70	4049	13	26	3
851	-93	4062	8	14	10
829	-88	4074	8	11	3
848	-85	4036	14	3	-9
858	-63	4025	20	-4	-7
855	-58	4021	19	0	-6
857	-65	4038	9	11	-7
884	-74	4024	9	22	-3
896	-71	4011	12	46	-8
899	-87	4007	10	87	-10
862	-64	4064	7	91	-15
848	-61	4069	5	54	-3
843	-52	4094	-5	18	0
-759	-12	3958	-416	-201	-383
-875	-72	4292	-421	-208	-461
-1186	130	4330	-254	-25	-353
-1275	336	4210	-54	177	-67
-909	325	4012	29	-42	95
-662	294	3778	-10	-282	210
-631	129	3600	-101	-320	279
-676	-70	3579	-121	13	169
-871	-133	3989	-62	290	-67
-988	-28	4191	1	222	-226
-976	133	4087	-6	58	-283
-902	217	3924	-69	28	-178
-847	225	3873	-116	56	-25
-821	183	3808	-108	122	137
-887	99	3810	-91	219	215
-950	51	3844	-99	299	189
-1007	6	3903	-113	314	159
-995	-85	3912	-110	316	113
-988	-109	3901	-111	330	18
-1020	-65	3818	-110	339	-10
-1071	-64	3583	-83	415	1
-1114	-21	3361	-56	601	5
-1190	30	3243	-40	793	69
-1239	110	3064	-28	976	138
-1343	146	3027	-31	1207	283
-1441	150	2869	-22	1331	419
-1489	47	2593	-49	1490	415
-1497	38	2317	-181	1621	356
-1463	78	2090	-329	1812	357
-1439	143	1946	-401	2032	356
-1364	3	1840	-301	2246	262
-1381	-276	1867	-112	2309	69
-1473	-483	1929	-3	2264	-255
-1592	-306	1938	-19	2220	-398
-1629	2	1919	-136	2446	-252
-1575	290	2197	-165	2859	59
-1659	269	2823	25	3011	353
-1910	79	3358	228	2748	496
-2310	31	3813	340	2588	560
-2571	-192	4362	197	2284	450
-2768	-258	4809	-34	1589	-28
-2970	-75	5036	-172	729	-218
-2943	-53	4913	-137	-114	28
-2837	-16	4792	-117	-833	413
-2712	-106	4560	-159	-1409	179
-2700	-32	4642	-90	-1874	-21
-2683	9	4761	-64	-2400	-26
-2592	14	5135	-99	-2929	-80
-2378	140	5494	-160	-3611	39
-2212	109	5624	-244	-4255	22
-2288	-64	6164	-343	-4864	-244
-1971	-407	5982	-443	-5246	-439
-1556	-572	5495	-410	-4951	-651
-1222	-229	5420	-408	-4358	-709
-1094	-64	5040	-342	-3871	-516
-969	3	5077	-209	-2882	-387
-926	12	5235	-153	-2639	-417
-469	-83	4523	-80	-3158	-473
133	-226	3382	60	-3327	-328
536	-419	2472	149	-2877	-288
620	-387	2299	144	-1946	-323
436	-307	2986	130	-1206	-270
197	-238	3981	74	-1101	-186
74	-214	4562	-9	-1562	-197
133	-131	4595	-105	-1996	-266
249	-200	4435	-183	-2241	-269
412	-164	4187	-252	-2305	-276
618	-193	3905	-257	-2187	-204
789	-141	3731	-196	-1838	-166
876	-14	3785	-97	-1440	-149
915	66	3917	-23	-1168	-59
909	55	4011	-8	-1021	16
908	9	4027	-27	-934	58
940	-33	4043	-47	-871	52
1033	-71	3970	-39	-849	64
1077	-121	3889	-23	-808	102
1033	-252	3849	-15	-744	112
1057	-327	3790	-19	-630	-7
1084	-317	3792	-35	-456	-94
1073	-323	3872	-45	-326	-75
1084	-391	3964	-45	-290	-109
1095	-359	4003	-42	-322	-155
1097	-371	4000	-22	-337	-175
1084	-339	3967	-16	-294	-231
1039	-294	3968	-14	-258	-263
989	-256	3954	-3	-239	-251
969	-298	3974	2	-237	-278
966	-259	4022	-24	-269	-327
998	-266	4000	-47	-318	-364
1030	-302	3967	-41	-312	-432
1053	-253	3931	-19	-255	-511
1044	-170	3966	-6	-212	-525
1077	-96	3958	-14	-202	-483
1139	-48	3923	-28	-183	-432
1141	-69	3891	-30	-134	-385
1131	-103	3924	-14	-61	-374
1083	-117	3985	-3	-25	-374
1051	-112	4052	-3	-63	-355
1086	-107	4032	-10	-126	-354
1119	-65	3959	-7	-185	-300
1144	-88	3887	4	-144	-222
1168	-97	3939	1	-82	-205
1190	-107	3984	-6	-79	-214
1184	-99	3970	-14	-99	-209
1206	-76	3926	-25	-60	-166
1179	-85	3928	-28	-27	-109
1173	-94	3920	-20	-9	-62
1164	-121	3920	-11	22	-39
1141	-140	3960	2	26	-6
1143	-134	3982	7	23	-14
1125	-102	4043	6	-10	15
1122	-148	4014	8	-70	30
1135	-176	3934	13	-63	23
1143	-158	3930	18	-18	24
1161	-151	3941	17	5	25
1178	-148	3971	15	-1	24
1178	-146	3951	14	-12	20
1174	-156	3954	10	-5	23
1164	-159	3975	13	0	20
1163	-134	3962	9	-1	17
1154	-142	3971	8	-13	18
1179	-132	3954	6	-8	14
1191	-158	3925	11	13	20
1181	-170	3945	13	44	4
1131	-153	3956	10	61	-2
1139	-140	3998	8	53	0
1153	-136	3988	6	36	-4
1152	-160	3966	6	34	-4
1129	-156	3950	9	49	-7
1122	-175	3962	17	49	-21
-831	-130	4017	-57	-63	-83
-822	-155	3997	-51	-84	-127
-766	-139	4013	-28	-78	-153
-751	-103	4048	-7	-51	-182
-773	-34	4088	4	-75	-159
-793	-3	4086	17	-150	-130
-763	40	3959	34	-168	-80
-718	44	3816	22	-54	-49
-755	40	3811	19	104	-10
-809	38	3911	13	169	24
-889	14	3974	16	112	27
-921	-5	3984	11	55	11
-924	4	3961	8	12	-8
-910	29	3861	17	45	68
-901	3	3751	26	98	122
-804	-42	3605	23	226	65
-883	-29	3651	-1	469	-4
-950	28	3720	-19	599	-8
-957	52	3764	-11	605	43
-1051	65	3691	5	590	88
-1133	89	3417	-20	611	96
-1144	75	3115	-21	786	92
-1150	110	2946	8	1046	154
-1232	90	2741	43	1296	256
-1253	-10	2531	38	1561	256
-1158	-134	2306	25	1773	132
-1084	-189	2154	6	1962	-22
-1152	-211	2076	-6	2204	-98
-1294	-159	2062	-31	2598	-168
-1410	-19	2249	-43	2957	-141
-1571	159	2631	36	3014	-13
-1654	91	2921	163	2649	113
-1619	-25	2921	263	2214	91
-1533	-32	2842	245	1761	17
-1478	-53	2729	179	1499	-15
-1588	26	2701	74	1543	-4
-1801	12	2850	63	1690	37
-2025	56	3020	128	1929	-15
-2259	153	3390	153	2249	36
-2536	155	4127	64	2160	191
-2819	129	4832	-19	1425	226
-2858	164	5050	-103	350	142
-2890	38	4999	-111	-573	134
-2916	-149	4708	-88	-1136	52
-3092	-232	4722	-119	-1632	-51
-3132	-213	4623	-93	-2123	-280
-2971	189	4647	-42	-2583	-291
-2643	429	4599	-51	-2749	12
-2569	324	5296	-201	-3210	-32
-2406	278	5747	-332	-4131	-106
-2678	-209	6564	-478	-5074	-109
-3012	-821	6885	-282	-5812	-63
-2699	-932	6472	-230	-4889	73
-1811	-639	5843	-243	-2191	-209
-1387	-128	6035	-415	-1461	-498
-635	281	4882	-591	-3480	-576
826	124	2201	-517	-4620	-246
1723	-91	347	-282	-3433	-159
1920	-323	10	-111	-1005	-94
964	-268	1922	41	1323	-25
-280	5	4989	106	1271	23
-764	129	7069	181	-1096	125
-683	179	6899	309	-3644	23
-341	188	5485	326	-4418	-160
155	245	4332	317	-3807	-61
190	-51	3818	172	-3090	57
632	-6	3319	18	-2662	-27
902	-279	2919	-7	-2151	-56
1192	-223	2329	-103	-1527	-140
1223	-176	2291	-58	-321	-33
960	-85	3114	4	797	38
546	5	4305	-30	1046	77
302	-35	5055	-55	360	104
227	23	5026	-75	-408	59
283	-44	4608	-108	-839	33
382	-50	4234	-142	-1026	23
585	-64	3953	-149	-1065	29
763	-81	3763	-117	-984	66
871	-92	3655	-56	-799	97
834	-127	3655	-12	-438	102
719	-145	3822	-22	-58	128
575	-236	4092	-45	75	137
510	-281	4231	-66	-25	81
513	-277	4211	-69	-169	33
570	-284	4115	-51	-263	1
636	-239	4035	-31	-282	-9
697	-203	3985	-22	-245	7
716	-145	3996	-42	-176	24
713	-100	4031	-62	-130	42
697	-124	4082	-58	-124	31
692	-121	4117	-41	-149	-3
695	-99	4121	-25	-201	1
742	-79	4107	-23	-262	33
770	-110	4077	-23	-281	51
803	-159	4004	-18	-291	25
851	-179	3948	-21	-221	-26
832	-200	3952	-18	-140	-11
818	-184	4007	-11	-91	23
821	-220	4010	-3	-79	42
819	-224	4023	-2	-54	16
828	-209	4005	12	-18	-10
788	-172	4032	28	22	-4
758	-168	4084	32	15	14
759	-178	4068	25	-19	15
784	-175	4027	14	-27	6
773	-157	4039	8	-6	12
759	-147	4056	8	-6	9
755	-142	4080	6	-31	1
786	-119	4065	-1	-55	13
797	-113	4024	-2	-35	51
791	-159	3999	6	32	72
775	-192	4028	9	86	43
797	-188	4017	12	92	0
818	-168	4013	24	80	6
806	-182	3998	36	87	37
804	-178	4005	31	121	41
763	-181	4057	23	140	28
741	-165	4112	25	128	18
735	-158	4134	23	80	10
745	-138	4133	19	19	-1
756	-132	4093	16	-27	-5
781	-143	4058	5	-42	-2
784	-150	4024	-4	-14	8
782	-159	3998	-16	36	-1
772	-136	4035	-22	73	-2
757	-129	4065	-23	68	17
761	-146	4067	-27	55	27
759	-168	4090	-39	51	13
725	-158	4110	-45	21	11
720	-156	4106	-51	-25	19
-689	324	3886	130	-483	-461
-701	351	3707	-20	-435	-448
-777	323	3625	-150	-336	-434
-845	295	3651	-211	-237	-425
-921	247	3699	-210	-116	-429
-997	113	3958	-183	23	-460
-1149	13	4248	-160	135	-448
-1353	77	4360	-123	66	-295
-1191	93	4120	-104	-176	-154
-973	136	3769	-145	-305	-79
-910	98	3512	-166	-200	-9
-940	19	3487	-164	96	33
-1025	-58	3613	-150	315	-3
-1149	-84	3800	-117	400	-76
-1267	-25	3926	-97	386	-88
-1286	75	3887	-116	331	-8
-1280	118	3669	-144	337	173
-1253	109	3477	-178	509	339
-1244	141	3454	-193	767	425
-1283	107	3529	-172	905	514
-1379	5	3510	-135	912	552
-1451	-69	3359	-147	975	527
-1541	-41	3268	-186	1144	534
-1593	-3	3157	-215	1319	634
-1572	33	3136	-225	1510	714
-1547	-29	3184	-199	1654	748
-1614	-121	3267	-200	1605	698
-1731	-241	3114	-228	1501	618
-1759	-271	2853	-284	1476	479
-1655	-242	2572	-289	1581	407
-1444	-249	2367	-286	1638	304
-1362	-192	2210	-281	1682	112
-1275	-111	2033	-275	1764	0
-1273	-76	1942	-171	1967	47
-1416	-97	1946	-65	2104	104
-1513	-43	1972	81	2083	110
-1498	-68	2051	103	2037	144
-1575	-146	2238	67	1978	88
-1736	-110	2586	77	1970	20
-2112	-121	3267	193	1739	106
-2436	-214	3759	339	1094	136
-2612	76	4104	318	634	198
-2783	397	4649	250	155	429
-2924	466	5249	233	-600	810
-3156	132	5317	156	-1794	960
-2882	-485	4843	-69	-2792	369
-2555	-663	4656	-355	-3251	-437
-2344	-598	4704	-474	-3813	-659
-2181	-250	4919	-338	-4052	-536
-2195	-45	5700	-166	-4073	-453
-2321	190	6840	-159	-4359	-398
-2267	-334	7353	-407	-4309	-444
-2154	-394	7099	-611	-3744	-669
-1924	-171	6458	-636	-3845	-867
-1137	-72	5248	-400	-3453	-902
-599	134	4558	-119	-3074	-766
-150	185	3811	96	-3083	-572
281	102	2978	291	-3111	-284
646	-245	2326	344	-2610	-150
666	-315	2509	351	-1591	-206
287	-379	3549	341	-1001	-195
-53	-427	4504	239	-1443	-193
-91	-352	4628	137	-2247	-176
65	-250	4322	65	-2631	-168
239	-174	4119	9	-2618	-229
320	-119	4043	-62	-2481	-234
402	-137	4064	-109	-2288	-220
570	-67	4130	-120	-2104	-154
751	2	4089	-109	-1983	-144
914	101	3909	-85	-1785	-88
1037	63	3679	-34	-1424	-81
1028	92	3615	18	-978	-106
933	64	3692	49	-610	-92
821	58	3894	37	-422	-95
819	30	4121	9	-503	-95
862	17	4165	-24	-680	-77
945	-103	4066	-19	-758	-15
982	-188	4008	-13	-754	4
981	-251	4019	-28	-776	0
1021	-216	4006	-50	-842	-44
1116	-192	3994	-63	-893	-45
1214	-146	3935	-77	-914	-80
1255	-107	3900	-99	-864	-52
1256	-134	3891	-112	-806	-34
1287	-187	3853	-117	-749	-55
1349	-183	3755	-117	-664	-54
1375	-228	3664	-97	-504	-47
1371	-223	3714	-59	-285	-53
1268	-216	3896	-29	-137	-46
1151	-225	4026	-18	-147	-48
1131	-235	4115	-15	-245	-61
1171	-207	4040	-19	-361	-91
1265	-193	3869	-11	-393	-70
1367	-175	3773	2	-336	-90
1408	-137	3734	5	-219	-95
1386	-137	3768	13	-85	-74
1341	-129	3885	24	-25	-69
1309	-123	3970	37	-67	-45
1386	-120	3965	36	-128	-17
1402	-149	3957	26	-158	-8
1400	-167	3928	15	-174	-41
1387	-150	3855	28	-167	-66
1366	-113	3843	42	-138	-59
1365	-87	3847	49	-108	-16
1369	-90	3880	36	-95	17
1365	-88	3916	18	-99	32
1358	-104	3961	0	-118	35
1309	-118	3955	-15	-159	20
1319	-106	3889	-19	-183	38
1385	-142	3833	-20	-148	67
1403	-138	3775	-17	-71	67
1353	-144	3796	-5	31	82
1313	-167	3908	-8	100	60
1313	-162	3994	-16	39	34
1343	-160	3989	-10	-56	35
1387	-154	3918	-4	-97	45
1400	-173	3878	-9	-70	33
1362	-188	3873	-11	-52	21
1349	-171	3894	-9	-50	21
1378	-173	3883	-6	-60	20
1415	-165	3854	-13	-47	19
1417	-167	3855	-12	-17	28
1422	-185	3896	-12	-6	29
1399	-176	3891	-10	-6	16
1377	-183	3882	-6	6	13
1373	-164	3907	-8	4	14
1405	-171	3871	-5	2	20
1418	-164	3857	-4	23	4
1401	-147	3886	-6	37	3
1359	-149	3928	-7	27	13
-980	-34	3976	-36	134	-147
-963	-69	4002	-14	142	-141
-972	-70	4060	-13	106	-174
-1022	-43	4046	-23	23	-194
-1026	-13	3980	-14	7	-192
-1035	1	3991	-11	8	-184
-1001	-2	3968	-13	7	-164
-985	-26	3969	-5	16	-143
-937	-52	4010	-5	0	-156
-938	-28	3998	-9	-40	-167
-902	-25	3983	-18	-24	-157
-928	3	4000	-23	25	-110
-981	-4	4006	-14	66	-54
-995	-35	4005	-19	69	-47
-1015	-46	4025	-20	21	-34
-1032	-61	3975	-13	-28	-27
-1033	-42	3917	-11	-24	-10
-1060	-15	3920	-17	13	3
-1085	-31	3967	-25	15	14
-1110	-50	3980	-31	-25	18
-1120	-83	3934	-38	-66	15
-1098	-74	3927	-34	-49	-1
-1128	-53	3893	-31	-61	2
-1176	-30	3818	-30	-44	3
-1218	5	3698	-33	31	22
-1264	-7	3614	-33	116	44
-1338	-14	3519	-37	219	56
-1397	24	3417	-39	314	82
-1407	88	3295	-25	480	125
-1362	48	3294	1	659	150
-1395	-49	3311	-13	749	98
-1459	-79	3135	-33	875	19
-1469	-25	2910	-44	1106	-49
-1488	56	2736	-15	1314	-81
-1481	25	2564	65	1543	-57
-1461	86	2500	71	1786	-86
-1490	191	2473	13	1944	17
-1533	105	2376	-27	2020	132
-1530	-64	2218	-74	1952	63
-1467	-190	1973	-125	2008	-43
-1482	-135	1934	-112	2237	-93
-1559	44	1965	-45	2382	81
-1612	59	1895	113	2439	264
-1623	-6	1915	269	2453	268
-1641	-51	1952	314	2386	162
-1801	-75	2069	315	2515	96
-1977	103	2282	336	2933	82
-2277	143	2924	421	3458	307
-2948	45	4054	465	3268	272
-3416	151	5002	488	2132	151
-3685	160	5662	442	607	151
-3703	98	5656	309	-885	113
-3586	-24	5166	-7	-1766	-172
-3323	143	4230	-210	-2325	-325
-3156	142	3547	-328	-2417	-205
-2852	130	3474	-272	-2086	-338
-2905	328	3863	-174	-1694	-95
-3104	110	4445	-150	-1890	97
-3260	-95	5247	-283	-2306	-195
-3025	-304	5550	-406	-3136	-228
-2837	-649	5581	-475	-4161	-332
-2833	-799	5477	-435	-5001	-490
-3000	-757	5983	-445	-5764	-591
-2667	-762	5990	-528	-5960	-642
-1832	-479	4972	-635	-4453	-765
-1387	-49	4699	-543	-2454	-842
-1106	377	5138	-454	-2446	-658
0	504	3758	-373	-3898	-276
1255	304	1816	-302	-3786	254
1682	-210	1011	-156	-2193	394
1169	-444	1911	23	-326	318
144	-397	4003	223	160	202
-380	-291	5474	339	-866	7
-425	-146	5868	387	-2226	-150
-197	-50	5345	360	-2991	-240
-7	23	4806	240	-3035	-241
37	65	4340	88	-2777	-218
176	16	3758	-41	-2563	-238
420	-115	3120	-132	-2069	-245
565	-306	2740	-161	-1428	-240
592	-298	2755	-130	-633	-266
440	-237	3433	-60	-56	-192
183	-141	4226	-26	20	-95
109	-197	4835	-10	-327	-45
294	-310	4980	-18	-924	-147
543	-274	4716	-42	-1513	-310
827	-160	4203	-27	-1813	-273
1104	-164	3669	-13	-1687	-113
1281	-204	3292	-7	-1224	-7
1382	-263	3190	10	-634	2
1276	-261	3458	6	-133	-30
1057	-217	3862	2	169	-78
877	-181	4191	-8	163	-64
703	-115	4290	-4	27	-4
594	-130	4227	5	-70	54
559	-167	4180	-10	-162	32
601	-172	4103	-29	-270	3
664	-158	4009	-44	-325	-1
716	-150	3935	-44	-291	7
723	-165	3964	-39	-180	15
734	-157	4017	-33	-84	31
700	-171	4043	-22	-44	49
697	-207	4050	-22	-33	53
724	-228	4064	-40	-44	27
759	-239	4113	-58	-85	8
801	-241	4064	-57	-131	6
842	-237	4010	-50	-113	17
896	-229	3973	-43	-63	31
909	-229	3977	-33	-12	32
909	-205	3977	-27	29	33
900	-215	4003	-21	55	41
882	-213	4028	-22	73	36
853	-215	4018	-24	84	30
805	-232	4029	-24	110	19
766	-233	4054	-24	126	16
729	-241	4087	-24	105	23
716	-277	4099	-19	77	21
725	-262	4082	-18	60	18
712	-271	4083	-8	36	13
700	-251	4082	0	6	6
687	-245	4069	8	-11	1
681	-247	4065	13	-8	-19
684	-243	4034	12	-8	-40
699	-220	4029	14	-4	-49
741	-224	4042	14	5	-46
766	-221	4039	8	10	-41
798	-208	4056	0	15	-35
831	-228	4069	-3	20	-20
836	-227	4062	-1	18	-14
827	-219	4073	3	-3	-5
-905	241	3961	-253	432	0
-1004	272	4072	-261	450	53
-1067	253	4149	-226	493	111
-1145	349	4131	-201	604	231
-1037	335	4082	-166	542	426
-832	197	4023	-160	297	517
-780	14	3848	-188	143	481
-752	-214	3720	-208	243	303
-819	-385	3770	-195	491	-5
-948	-344	3996	-152	635	-266
-1001	-222	4211	-97	574	-369
-965	-22	4256	-65	364	-377
-886	130	4166	-44	238	-274
-872	227	4076	-24	174	-112
-911	257	3964	-12	163	24
-972	230	3955	-11	200	151
-1065	171	3968	-14	205	237
-1138	165	3914	-13	191	308
-1163	99	3773	-2	160	370
-1203	32	3639	-23	170	350
-1258	33	3517	-63	197	302
-1332	42	3233	-72	292	291
-1406	27	2939	-82	519	286
-1400	79	2781	-127	831	283
-1317	146	2710	-136	1128	293
-1348	28	2664	-120	1361	318
-1448	-171	2577	-153	1447	279
-1521	-209	2326	-176	1501	208
-1623	-270	1834	-217	1553	107
-1507	-209	1750	-262	2270	-49
-1666	-186	1997	-245	2504	-133
-1580	-167	2075	-95	2614	-149
-1671	-204	2271	-31	2668	-279
-1834	-42	2488	-13	2614	-436
-2047	49	2587	18	2470	-263
-2172	66	2593	8	2560	-14
-2137	165	2803	-101	2808	150
-2225	97	3327	-202	2841	177
-2379	22	3881	-185	2481	210
-2508	80	4260	-134	1866	345
-2816	-44	4597	-9	874	387
-2833	-315	4264	191	-465	487
-2451	-416	3609	224	-735	477
-2340	-86	3834	266	-406	311
-2535	169	4642	390	-1016	277
-2627	-150	4480	201	-2129	-8
-2539	-275	4183	54	-2892	-276
-2389	29	4227	43	-3370	-149
-2322	33	4790	68	-3679	90
-2453	96	5942	58	-4402	44
-2459	215	7013	-127	-5844	-151
-2160	-46	6504	-368	-6047	-412
-1799	-41	6241	-425	-4769	-627
-1563	-26	6329	-511	-3339	-552
-1484	133	6048	-521	-2155	-490
-1233	144	5776	-476	-1612	-573
-615	9	4836	-319	-2387	-526
268	-6	3108	-55	-3037	-275
812	-185	1852	162	-2418	-10
838	-418	1579	182	-1045	71
424	-526	2548	40	151	-66
-83	-449	4092	-101	112	-241
-282	-329	5033	-154	-1094	-362
-279	-217	5172	-145	-2289	-314
-298	-145	4835	-164	-2863	-212
-336	-59	4353	-164	-2837	-174
-141	-55	4141	-214	-2631	-267
179	-28	4171	-295	-2477	-386
390	57	4054	-253	-2347	-378
553	112	3768	-122	-2004	-261
553	127	3639	-32	-1499	-97
526	-16	3525	-12	-1074	30
472	-189	3646	-17	-657	46
435	-263	3891	-11	-451	-66
406	-279	4195	-2	-473	-205
414	-270	4308	-28	-730	-227
526	-360	4180	-40	-975	-178
689	-341	4008	-59	-1056	-173
823	-356	3951	-55	-1003	-173
910	-315	3926	-34	-956	-265
924	-203	3991	-11	-873	-232
930	-130	3980	14	-871	-97
910	-181	3994	0	-842	6
917	-196	4019	-20	-825	-32
957	-229	4080	-14	-816	-76
1011	-210	4075	20	-899	-141
1116	-181	3961	46	-957	-154
1180	-194	3913	38	-904	-138
1187	-190	3862	24	-788	-169
1149	-198	3887	26	-643	-172
1113	-184	3940	33	-597	-170
1174	-149	3932	42	-617	-163
1243	-101	3923	42	-626	-153
1289	-80	3894	34	-593	-123
1299	-82	3859	33	-534	-115
1312	-102	3858	26	-451	-110
1344	-140	3844	23	-413	-115
1381	-108	3812	13	-345	-115
1392	-89	3777	13	-280	-73
1383	-84	3811	10	-162	-40
1327	-124	3907	17	-76	-36
1275	-126	3973	19	-107	-47
1277	-106	3969	17	-195	-51
1314	-103	3927	21	-231	-12
1343	-129	3854	14	-223	5
1376	-127	3822	8	-164	0
1377	-121	3835	1	-85	-2
1359	-114	3879	-2	-35	6
1334	-137	3941	-17	-35	-15
1336	-145	3938	-14	-69	-17
1341	-127	3906	-8	-67	3
1331	-116	3881	-6	-53	54
1325	-132	3877	-13	-41	78
1334	-146	3888	-20	-32	82
1339	-158	3918	-14	-24	81
1351	-190	3928	-16	-26	51
1343	-145	3919	-15	-30	43
1370	-154	3880	-2	-16	90
1417	-162	3875	-1	9	105
1379	-166	3855	-4	48	114
1354	-197	3876	-2	105	80
1323	-191	3923	-6	120	29
1340	-159	3967	-9	62	-4
1335	-140	3962	-9	2	6
1345	-155	3924	-19	-18	42
1342	-158	3920	-15	13	52
1336	-182	3886	-24	-31	46
1345	-192	3845	-19	4	35
1347	-173	3880	-13	49	27
1337	-168	3892	-13	71	27
-976	-132	3869	-94	-363	156
-988	-182	3902	-91	-330	133
-1004	-197	3935	-88	-312	91
-1010	-173	3972	-78	-345	73
-949	-147	3908	-62	-345	69
-905	-104	3898	-66	-281	78
-908	-118	3953	-73	-222	93
-944	-120	4032	-77	-232	100
-975	-123	4024	-75	-307	113
-975	-156	3875	-65	-320	106
-950	-189	3693	-53	-202	82
-957	-179	3738	-43	-27	56
-1005	-174	3871	-46	41	49
-1059	-120	3861	-36	-2	38
-1114	-109	3788	-28	17	46
-1184	-146	3649	-27	144	47
-1254	-177	3459	-17	287	14
-1317	-152	3251	-17	391	-16
-1260	-91	3134	39	705	-12
-1356	-129	3209	101	942	20
-1547	-96	3134	115	999	-39
-1605	63	2851	109	1051	7
-1582	70	2646	30	1189	109
-1464	56	2465	-68	1488	63
-1433	116	2425	-95	1880	113
-1540	4	2474	-55	2113	235
-1554	-264	2520	-5	2280	73
-1633	-473	2565	38	2368	-155
-1688	-500	2527	-9	2428	-293
-1691	-219	2520	-67	2447	-298
-1642	248	2516	55	2288	-78
-1614	266	2504	330	2125	358
-1642	-18	2357	472	2045	510
-1747	-108	2309	362	2256	334
-1873	-39	2532	139	2441	150
-1948	-20	2909	28	2376	147
-2035	28	3206	128	2008	114
-2171	43	3292	356	1510	209
-2326	22	3288	470	1110	396
-2495	-46	3439	361	1252	619
-2830	-41	3972	149	1226	653
-2989	23	4173	7	769	533
-3121	66	4907	57	121	341
-3211	93	5044	27	-910	-11
-3293	-25	4736	92	-1903	-117
-3080	-145	4021	29	-2538	-74
-2912	-109	4060	-92	-2552	15
-2561	120	4113	-245	-2782	-13
-2481	335	5027	-289	-3162	-136
-2602	11	5365	-318	-4011	-187
-2971	-438	6125	-408	-4614	-464
-3597	-884	7020	-441	-5578	-405
-3612	-730	7371	-365	-6068	-455
-2290	-214	5519	-178	-4111	-191
-1476	313	5656	-229	-1513	-709
-953	477	5511	-295	-2180	-903
310	333	3581	-200	-3879	-557
1439	10	1425	34	-3825	-214
1739	-189	414	236	-2103	-7
1258	-228	1214	390	-54	62
167	-164	3576	320	802	43
-502	-127	5817	67	-488	-235
-681	-26	6639	-135	-2643	-341
-486	183	5964	-190	-4175	-221
-241	211	4992	-126	-4149	-172
-48	116	4487	-152	-3279	-287
107	-123	4247	-236	-2942	-565
454	-22	3632	-137	-2955	-728
932	71	2657	72	-2740	-492
1355	79	1939	166	-1714	-136
1420	-15	2049	128	-360	75
1111	-135	3050	52	913	59
703	-202	4318	-45	1089	-57
564	-344	5083	-77	389	-107
528	-298	5162	-99	-551	-143
585	-177	4657	-114	-1101	-58
616	-63	4108	-121	-1140	44
669	-107	3762	-108	-982	147
763	-126	3570	-95	-760	66
869	-107	3500	-43	-448	-26
831	-86	3658	-25	-52	-36
638	-120	4009	-16	187	-6
492	-102	4257	-15	149	1
460	-125	4323	-11	-4	-6
458	-72	4267	-17	-158	5
488	-154	4170	-12	-288	41
573	-202	4072	7	-382	-16
675	-187	4007	19	-406	-65
782	-156	3989	14	-378	-51
840	-153	4021	-3	-325	-36
873	-120	4041	-24	-297	-27
888	-83	4045	-28	-280	-23
875	-63	3973	-35	-209	8
852	-69	3968	-42	-119	28
794	-57	3982	-52	-50	11
755	-84	4043	-66	-50	20
764	-124	4065	-66	-79	26
792	-140	4083	-53	-100	27
792	-158	4093	-43	-126	43
816	-145	4089	-48	-157	58
864	-167	4043	-52	-188	54
902	-177	4006	-53	-181	32
934	-179	3949	-56	-131	36
928	-191	3914	-48	-8	41
838	-186	3971	-50	94	39
767	-180	4058	-52	88	36
767	-170	4089	-55	35	39
786	-171	4097	-55	-6	46
813	-194	4091	-55	-21	55
824	-208	4086	-49	-53	53
794	-197	4005	-25	-56	14
826	-199	3985	-28	-5	22
821	-190	4033	-25	42	24
837	-206	4064	-22	12	17
852	-203	4042	-18	-31	30
848	-204	4024	-19	-33	50
858	-225	4011	-15	-7	60
874	-227	4018	-11	30	53
878	-213	4015	-6	51	51
869	-196	3997	0	74	44
851	-176	4001	3	88	23
827	-164	4059	-1	108	22
800	-175	4080	-6	107	32
782	-185	4090	-5	65	30
796	-190	4071	-10	36	8
805	-202	4042	-14	31	-7
815	-186	4025	-15	29	-5
815	-191	4033	-14	35	-1
814	-193	4065	-12	41	8
799	-207	4087	-12	21	12
-945	8	3942	-8	13	112
-978	-3	3960	2	20	155
-962	-37	3974	5	14	151
-941	-61	3988	6	5	127
-932	-74	3952	4	-6	96
-916	-63	3946	-4	23	63
-901	-33	3930	-3	67	69
-929	-25	3939	-1	104	76
-965	4	3943	-2	138	91
-976	-5	3929	8	145	122
-985	-25	3962	6	154	146
-1003	-15	4003	-7	132	141
-995	14	3925	-11	114	148
-997	46	3844	3	182	174
-1008	-12	3815	5	290	191
-1053	-24	3925	-8	330	145
-1130	19	3985	-21	230	162
-1179	70	3855	-9	165	205
-1175	117	3676	4	232	249
-1214	163	3588	14	373	338
-1255	122	3525	19	480	397
-1313	136	3412	24	619	439
-1403	218	3382	26	711	515
-1481	158	3256	48	771	590
-1529	182	2931	54	956	597
-1549	309	2692	44	1204	664
-1485	393	2578	15	1490	756
-1532	448	2510	16	1762	894
-1591	284	2446	41	1895	1005
-1638	14	2265	-14	1865	896
-1652	-105	2086	-154	1868	647
-1687	-64	1927	-242	1959	495
-1665	-250	1826	-189	2144	479
-1588	-384	1727	-137	2338	161
-1485	-335	1752	-116	2604	-197
-1588	-260	2000	-82	2623	-404
-1744	-100	2161	-39	2448	-430
-1858	124	2318	94	2430	-154
-1991	23	2626	243	2579	167
-2256	-144	3216	281	2540	84
-2548	-39	4055	155	2124	-114
-2996	69	4853	24	1347	-159
-3328	110	5244	-43	260	-138
-3373	228	5046	-100	-815	-45
-3318	265	4999	-93	-1517	42
-3325	229	5139	-109	-2397	7
-2975	59	4420	-197	-3342	-54
-2786	-342	4351	-376	-3707	-200
-2443	-315	4816	-620	-3661	-450
-2357	-100	5716	-545	-3905	-493
-2510	-161	6866	-453	-4694	-560
-2256	-562	6808	-409	-5191	-441
-1916	-414	6092	-291	-5009	-582
-1461	-186	5907	-340	-4697	-743
-836	51	5181	-399	-4117	-725
-590	78	5195	-263	-2932	-607
-702	60	5025	-119	-2834	-408
-352	-20	4008	77	-3294	12
177	-176	2812	223	-3351	319
545	-268	2015	214	-2629	397
684	-309	2086	89	-1578	320
414	-336	3172	-12	-811	224
80	-325	4312	-56	-1033	89
-39	-257	4764	-58	-1792	27
-35	-184	4601	-26	-2317	-29
61	-92	4308	-41	-2360	-100
200	-36	4237	-78	-2231	-132
310	70	4299	-86	-2164	-97
461	43	4276	-50	-2163	-21
633	61	4133	-48	-2072	40
831	55	3832	-58	-1888	90
936	-79	3646	-74	-1547	121
910	-212	3583	-74	-1243	94
859	-291	3677	-57	-976	25
848	-283	3946	-72	-895	-17
941	-275	4082	-114	-967	-47
1018	-260	4111	-142	-1005	-74
1043	-202	4128	-126	-1007	-67
1034	-156	4126	-89	-1054	-3
1062	-156	4061	-42	-1179	64
1155	-175	3946	-13	-1305	126
1358	-202	3796	-18	-1312	138
1532	-240	3641	-32	-1152	133
1576	-271	3604	-59	-886	123
1542	-376	3619	-52	-615	87
1476	-379	3706	-41	-442	-59
1488	-299	3766	-42	-373	-95
1534	-252	3771	-33	-306	-49
1516	-256	3787	-12	-217	-32
1435	-253	3835	-4	-130	-74
1349	-262	3912	-15	-95	-88
1315	-284	3968	-27	-141	-75
1289	-291	3995	-31	-205	-96
1295	-249	3999	-26	-293	-107
1349	-217	3908	-28	-355	-118
1396	-177	3817	-34	-352	-115
1415	-193	3758	-39	-295	-119
1439	-228	3746	-31	-185	-124
1454	-234	3808	-27	-89	-136
1453	-208	3864	-19	-69	-150
1469	-219	3858	-22	-76	-126
1465	-227	3815	-20	-44	-123
1435	-200	3857	-21	-10	-92
1402	-194	3903	-20	-22	-59
1462	-189	3895	-17	-56	-57
1483	-171	3840	-13	-77	-30
1469	-221	3787	3	-22	6
1472	-217	3838	4	29	-41
1476	-215	3884	5	5	-60
1454	-205	3883	2	-10	-52
1422	-203	3895	9	-33	-47
1399	-230	3904	7	-63	-56
1423	-219	3845	4	-76	-50
1435	-221	3803	7	-35	-28
1434	-223	3807	10	31	-20
1405	-204	3882	15	56	-33
1384	-192	3971	14	21	-23
1408	-203	3952	10	-57	-18
1441	-201	3872	9	-73	-7
1435	-215	3817	6	-42	13
1446	-238	3812	8	7	8
1479	-228	3837	15	18	-11
1483	-206	3846	10	25	-8
1488	-205	3885	6	31	-1
1462	-198	3929	3	18	-2
1458	-196	3895	-2	-12	7
1471	-214	3854	-5	-38	7
1481	-208	3810	-1	-30	0
1497	-224	3814	3	23	2
1476	-217	3841	8	76	12
-999	13	3909	-5	60	-68
-975	-29	3880	-3	116	-65
-959	-71	3903	5	203	-79
-963	-93	3947	21	237	-103
-977	-100	3967	37	238	-120
-998	-123	3947	31	226	-144
-1055	-106	3966	24	207	-170
-1074	-82	3998	12	167	-198
-1074	-91	4000	7	120	-199
-1065	-105	3971	4	104	-205
-1110	-79	4040	-11	90	-205
-1174	-78	4030	-15	-1	-192
-1148	-103	3884	3	-80	-227
-1059	-50	3819	-2	-64	-282
-1008	-54	3769	11	-1	-242
-1010	-63	3745	14	143	-222
-1072	11	3842	15	255	-181
-1202	20	3874	19	259	-72
-1317	1	3785	4	238	-19
-1415	16	3666	-19	246	12
-1540	1	3457	-18	255	75
-1586	-16	3187	-38	307	71
-1566	97	2957	-35	527	46
-1556	120	2847	72	798	205
-1478	1	2572	138	908	220
-1359	-48	2071	143	1166	94
-1261	56	1725	23	1531	-8
-1167	191	1543	-61	1929	-26
-1204	156	1490	-11	2403	48
-1155	-121	1478	126	2935	163
-1238	-290	1633	163	3300	25
-1469	-123	1962	127	3216	-160
-1615	219	2202	136	3009	6
-1606	310	2317	231	2854	487
-1592	174	2508	309	2878	755
-1769	-191	3174	374	2797	590
-2203	-367	3878	384	2322	106
-2487	-304	4078	266	1870	-34
-2695	-211	4299	107	1685	36
-2836	-194	4714	119	973	-80
-2945	-31	4446	134	-1	-152
-2928	88	4461	175	-285	14
-3072	22	4667	71	-941	-78
-3099	147	4471	-113	-1583	-219
-3053	143	4043	-206	-1804	86
-3162	183	4222	-310	-1866	34
-2950	109	4804	-315	-2311	-32
-2749	-168	5140	-367	-3032	-44
-2642	-625	5077	-410	-3777	-73
-2618	-479	5513	-375	-4567	-307
-3028	-7	6810	-355	-5657	-81
-3760	721	7839	-404	-7044	324
-2201	951	5244	-112	-4670	668
-1802	956	6192	-258	-290	-189
-1931	44	6946	-516	-909	-664
-613	-493	4881	-285	-4278	-628
1481	-520	1320	160	-4976	-363
2452	-380	-602	332	-2809	103
1935	-256	144	280	79	269
363	-432	3169	43	1431	62
-601	-555	5798	-187	161	-519
-695	-545	6749	-211	-2264	-756
-211	-293	5946	-197	-3563	-646
-47	134	5105	-169	-3459	-56
9	-209	4528	-139	-2708	23
43	-305	4438	-375	-2500	-471
434	-217	3651	-414	-2583	-723
843	50	2692	-213	-2213	-483
1051	94	2037	19	-1178	-58
965	34	2019	96	120	36
491	-1	2957	102	1336	-47
-93	-12	4160	101	1587	-77
-439	-60	5056	89	1095	-32
-560	-117	5599	34	153	-3
-408	-218	5406	-53	-969	-67
-43	-210	4684	-95	-1574	-159
293	-180	3995	-104	-1657	-134
597	-209	3449	-71	-1333	-74
840	-200	3120	-44	-774	-34
873	-191	3188	-31	-98	-4
656	-181	3648	-13	470	-25
416	-169	4195	-3	569	-33
307	-147	4476	-11	327	-10
289	-161	4470	-16	2	27
371	-146	4270	-5	-191	29
456	-121	4108	10	-250	31
535	-130	3984	10	-240	21
583	-138	3882	-6	-119	-7
543	-144	3871	-37	96	11
438	-135	4004	-54	265	31
350	-163	4139	-44	233	47
273	-183	4159	-25	165	63
197	-183	4123	-24	156	72
170	-210	4118	-26	128	74
169	-177	4081	-12	99	49
150	-117	4094	14	87	83
197	-121	4142	38	75	96
234	-115	4190	34	34	65
297	-152	4159	11	-39	37
397	-168	4175	-17	-51	17
453	-226	4222	-48	-103	22
464	-287	4156	-66	-201	40
436	-382	4044	-63	-217	63
382	-356	4000	-53	-149	34
344	-251	4004	-31	-41	-3
310	-170	4101	-10	32	11
280	-129	4193	-5	-12	42
299	-134	4219	-22	-79	25
288	-171	4223	-47	-161	2
302	-174	4220	-50	-268	0
380	-188	4124	-41	-326	3
462	-198	4022	-15	-275	16
497	-184	3952	-6	-163	13
501	-188	3971	-7	-51	7
490	-198	4066	-5	7	-11
481	-208	4158	-2	-25	-21
467	-203	4175	-9	-88	-24
471	-203	4110	-18	-104	-17
480	-213	4065	-17	-82	11
485	-236	4043	-13	-65	16
480	-243	4037	-11	-46	-10
476	-215	4052	-10	0	-10
458	-223	4066	-11	39	0
425	-215	4134	-6	45	-7
414	-217	4133	-8	14	-7
405	-235	4118	-10	-16	-3
413	-202	4066	-7	-18	-7
417	-215	4074	-5	4	2
394	-215	4097	-6	8	9
411	-217	4154	-10	-42	6
-1345	-75	4058	-34	-88	567
-1236	16	4124	-67	-216	533
-1236	16	4124	-67	-216	533
-1285	44	4117	-98	-345	591
-1327	158	3972	-107	-386	687
-1290	174	3822	-57	-294	832
-1261	130	3776	25	-190	908
-1244	6	3776	104	-174	890
-1245	-26	3790	163	-170	796
-1282	24	3902	209	-139	748
-1279	82	4021	250	-157	686
-1278	155	4135	264	-220	602
-1244	194	4158	239	-346	500
-1226	246	4101	180	-414	382
-1173	285	3981	98	-452	274
-1038	285	3874	29	-470	134
-974	266	3711	-59	-489	17
-995	221	3580	-179	-445	-130
-1062	156	3489	-292	-361	-270
-1200	194	3445	-356	-167	-354
-1390	240	3503	-376	-10	-400
-1517	281	3547	-363	60	-368
-1620	370	3678	-327	230	-218
-1732	378	3941	-267	285	0
-1818	333	3824	-172	297	236
-1697	126	3549	-105	273	326
-1462	-52	3280	-71	259	205
-1354	-15	3121	-38	273	89
-1453	51	2915	0	331	134
-1603	151	2643	-25	567	118
-1668	406	2525	-82	1054	78
-1740	585	2619	-96	1441	259
-1769	428	2683	-124	1537	516
-1776	165	2636	-223	1506	541
-1804	18	2548	-353	1497	426
-1803	-193	2355	-399	1475	358
-1767	-492	2155	-333	1492	114
-1603	-517	1887	-273	1599	-306
-1523	-180	1721	-269	1869	-547
-1432	166	1721	-226	2162	-379
-1498	365	1950	-86	2313	-32
-1620	219	2113	95	2258	363
-1750	-78	2130	189	2393	665
-1868	-264	2559	125	2540	551
-1904	-114	3371	-2	2045	289
-2156	109	4049	-30	886	266
-2338	208	4157	18	-123	421
-2553	285	4340	48	-414	557
-3042	314	4970	78	-735	890
-3289	-63	5549	87	-1671	1086
-3251	-305	5706	-78	-3077	495
-2581	-522	5013	-287	-4024	69
-2169	-504	5037	-604	-4296	-618
-2230	-123	5319	-774	-4577	-769
-2228	248	6465	-784	-4826	-1036
-2129	123	7103	-631	-4906	-940
-1812	-9	7843	-606	-4757	-994
-1264	-37	7627	-695	-5007	-1117
-752	-69	6545	-523	-4376	-935
-528	0	5851	-203	-3986	-747
104	123	4342	82	-4573	-419
864	55	2258	5	-4338	-158
1349	-165	1192	-148	-2674	-181
1146	-358	2236	-228	-767	-382
597	-527	3970	-311	-609	-466
491	-607	4284	-326	-1537	-494
540	-392	3774	-250	-1878	-367
536	-314	3628	-172	-1670	-123
486	-329	3830	-109	-1419	-110
356	-394	4159	-49	-1333	-221
357	-205	4445	10	-1502	-342
463	37	4353	27	-1705	-226
668	125	4017	27	-1717	-160
916	27	3706	-12	-1463	-104
1015	-171	3520	-34	-1017	-105
1008	-270	3533	-45	-482	-122
936	-367	3869	-34	-58	-75
860	-397	4244	-43	-93	-49
849	-328	4296	-56	-383	-143
911	-270	4138	-81	-534	-210
995	-190	3995	-85	-534	-229
1052	-45	3942	-65	-478	-145
1078	-45	3908	-37	-455	17
1093	-165	3849	-34	-419	116
1118	-319	3888	-76	-354	93
1105	-384	3934	-82	-314	-83
1083	-318	3975	-65	-293	-212
1066	-252	3970	-37	-258	-165
1058	-295	3943	-17	-208	-89
1014	-304	3905	-6	-116	-102
932	-252	3941	-3	-54	-124
883	-212	3946	-4	-51	-95
907	-216	4005	5	-64	-66
940	-215	4039	18	-107	-68
995	-225	4037	14	-150	-54
1047	-252	3967	8	-119	-44
1038	-266	3896	-4	-45	-49
1000	-265	3872	-1	41	-69
988	-256	3915	17	106	-74
984	-256	3981	24	145	-79
955	-238	4037	20	154	-59
924	-236	4042	27	130	-22
906	-246	4057	34	97	0
904	-240	4072	41	64	7
900	-238	4050	36	43	-11
901	-246	4059	28	17	-45
902	-237	4070	25	-10	-45
922	-215	4051	27	-37	-34
948	-237	4008	24	-42	-20
957	-243	3996	28	-30	-16
981	-238	3976	31	-13	-25
987	-225	3966	30	14	-41
977	-188	4001	21	42	-23
979	-203	4019	21	59	-4
965	-200	4032	15	51	-10
949	-187	4041	21	26	-7
965	-210	4062	14	7	-2
959	-207	4032	11	-10	-9
934	-237	3983	10	3	7
926	-235	3975	11	57	-3
939	-243	4014	4	57	-25
937	-221	4032	9	36	-38
928	-197	4057	8	0	-18
918	-217	4069	4	-29	-1
923	-216	4029	0	-46	2
922	-222	4015	0	-50	-2
925	-211	3996	3	-38	-3
946	-208	3991	1	-13	0
955	-207	4025	-4	-9	-4
954	-211	4038	-10	-30	2
-900	-35	3833	-67	-332	119
-879	-8	3867	-49	-222	93
-885	3	3962	-37	-171	98
-880	11	4009	-36	-187	79
-900	36	4027	-35	-213	67
-860	27	3969	-37	-217	51
-850	24	3892	-36	-164	43
-843	8	3889	-23	-59	33
-875	-7	3995	-9	-6	18
-908	-20	4033	0	-69	-12
-878	-14	4010	-7	-113	-73
-854	34	3992	-21	-106	-92
-843	45	3964	-24	-56	-64
-848	41	3995	-28	0	-37
-879	-3	4005	-30	-2	-41
-871	-12	3975	-31	-4	-60
-882	-17	3954	-35	-14	-75
-899	22	3910	-40	3	-68
-923	25	3931	-34	65	-60
-933	10	3959	-39	117	-54
-962	-5	3968	-45	123	-61
-1004	-57	3908	-47	102	-67
-1045	-97	3800	-36	153	-110
-1106	-69	3725	-23	278	-176
-1169	12	3711	-11	374	-196
-1255	69	3668	5	391	-151
-1285	126	3589	29	451	-105
-1268	117	3560	46	556	-52
-1297	83	3570	45	622	-45
-1366	61	3464	64	640	-21
-1421	146	3230	81	695	-57
-1453	181	2948	111	792	12
-1447	167	2611	113	1052	48
-1386	109	2381	107	1452	31
-1381	34	2241	56	1820	-13
-1426	60	2164	2	2027	-70
-1434	36	1976	-22	2062	-147
-1330	-119	1686	13	2163	-249
-1317	-182	1495	108	2461	-274
-1379	-170	1476	209	2766	-186
-1534	-12	1613	286	2984	-178
-1600	148	1912	321	3046	-41
-1566	90	2153	335	3006	82
-1552	35	2667	350	2999	14
-1614	251	3420	316	2413	-38
-1793	439	3730	340	1476	102
-2183	378	3573	375	990	384
-2451	69	3361	427	1126	543
-2608	-84	3967	209	1760	578
-3103	44	5652	36	1439	347
-3603	51	6538	-6	-516	260
-3587	-85	6098	-43	-2120	-132
-3190	-22	4699	-108	-3178	-120
-2727	224	4157	-52	-3143	66
-2320	269	3947	93	-2770	154
-2578	422	5028	256	-2679	48
-2830	332	5964	180	-3538	197
-3571	-64	7246	-239	-4608	177
-4148	40	7984	-451	-5371	-71
-3384	92	7598	-402	-4504	-235
-2048	614	6990	-231	-2929	-739
-1044	697	6154	-415	-3037	-869
-152	502	4120	-451	-4734	-558
1152	12	1623	-342	-5116	-164
1863	-81	51	-255	-3703	170
1938	-303	-169	-167	-1459	402
1054	-461	1619	-96	880	168
-89	-308	4441	-169	1128	-216
-444	-71	6415	-205	-557	-330
-618	45	7003	-194	-2588	-244
-136	37	6081	-183	-3669	-228
31	227	5058	-193	-3241	-439
-48	173	4329	-311	-3105	-478
359	-4	3515	-233	-3004	-468
840	84	2721	-78	-2685	-321
1264	67	2000	61	-1810	21
1326	-60	1963	71	-453	148
923	-69	2977	-3	946	97
431	-46	4322	-107	1189	3
149	-87	5184	-135	503	16
98	-89	5337	-125	-408	22
231	-126	4868	-121	-1012	48
389	-154	4271	-158	-1171	30
526	-133	3849	-171	-1069	-17
650	-108	3620	-158	-902	-56
791	-30	3506	-98	-663	-68
805	6	3590	-26	-309	0
685	-19	3903	-3	-24	69
584	-36	4197	-9	6	29
563	-66	4338	-41	-148	44
603	-88	4278	-70	-320	65
667	-139	4097	-70	-361	69
689	-184	3986	-67	-298	12
697	-174	3886	-54	-216	-28
736	-127	3852	-49	-97	-47
751	-116	3902	-42	37	-8
727	-138	4015	-32	124	49
666	-173	4141	-24	103	46
632	-147	4176	-15	23	25
656	-98	4127	-15	-46	9
667	-64	4045	-15	-47	25
705	-77	4010	-26	-1	23
739	-110	3973	-31	40	2
747	-100	3990	-26	102	-10
722	-106	3993	-17	170	10
670	-109	4048	-14	223	34
599	-114	4118	-16	221	36
559	-115	4162	-25	167	35
545	-117	4172	-28	93	38
589	-122	4104	-31	33	32
632	-131	4078	-32	23	36
631	-130	4056	-24	51	56
608	-142	4059	-14	79	72
592	-141	4054	-8	112	71
597	-139	4060	-1	129	61
600	-139	4068	-3	142	40
598	-136	4071	-5	149	38
580	-112	4107	-5	137	36
574	-142	4154	-2	105	32
579	-167	4162	1	59	8
583	-140	4145	2	30	1
607	-142	4087	1	1	18
611	-163	4041	4	16	23
600	-160	4038	6	60	24
578	-155	4058	6	83	1
575	-152	4121	10	75	-2
553	-141	4134	8	36	3
537	-144	4129	6	10	16
527	-127	4110	4	-6	15
542	-109	4107	4	-27	10
-790	-6	4005	-24	174	129
-809	-31	4001	-28	203	155
-801	-45	4019	-22	212	158
-807	-62	4063	-22	180	150
-792	-42	4083	-25	119	149
-808	-23	4052	-34	66	157
-813	-34	4058	-42	48	167
-859	-37	4055	-50	41	178
-876	-50	4047	-41	59	182
-900	-59	4076	-33	18	188
-903	-53	4049	-28	-47	179
-865	-27	3983	-21	-85	199
-803	-14	3925	-27	-43	221
-805	-10	3946	-36	20	236
-826	-6	3973	-39	67	247
-871	-6	3990	-34	53	260
-887	-1	3932	-53	58	235
-943	1	3926	-44	76	283
-992	12	3865	-44	129	304
-1039	34	3890	-46	204	341
-1076	28	3921	-57	232	389
-1085	35	3948	-47	175	422
-1043	87	3878	-54	79	485
-1001	112	3641	-62	121	543
-1021	108	3412	-60	329	603
-1062	51	3314	-40	680	643
-1151	31	3401	-9	1001	645
-1277	-38	3488	15	1100	643
-1401	-77	3391	23	1109	547
-1413	57	3228	-4	1179	467
-1393	225	3024	34	1363	634
-1450	270	2824	51	1581	830
-1418	230	2577	-3	1880	865
-1452	274	2395	-30	2320	938
-1503	134	2398	-48	2647	966
-1589	6	2472	-63	2792	837
-1681	-251	2571	-107	2811	667
-1687	-289	2555	-163	2729	380
-1702	-294	2505	-206	2568	146
-1650	-235	2344	-177	2381	-21
-1526	-280	2084	-135	2496	-111
-1516	-314	2055	-108	2857	-277
-1528	-103	2389	-16	3028	-249
-1728	-50	2847	107	2732	27
-1993	85	3086	206	2128	189
-2189	299	3149	289	1758	413
-2444	142	3320	353	1613	585
-2738	32	3740	383	1586	496
-3107	45	4498	359	1206	465
-3264	48	5119	303	290	305
-3441	175	5771	334	-1052	212
-3373	97	5056	242	-2524	148
-3102	-32	4034	41	-2791	-141
-2867	137	3780	-96	-2546	-385
-2651	310	3922	-143	-2346	-432
-2580	587	4743	-162	-2595	-303
-2447	352	5256	-123	-3389	-160
-2418	-124	5455	-189	-4078	-233
-2399	-269	5643	-262	-4415	-322
-2301	-397	5448	-308	-4310	-501
-2156	-196	5025	-288	-3676	-959
-1984	163	5142	-330	-2959	-1103
-1621	220	5201	-288	-2843	-927
-1198	210	4573	-81	-2277	-735
-1004	265	4247	27	-1571	-624
-738	260	4000	30	-1428	-511
-435	250	3671	60	-1534	-360
-226	99	3402	96	-1415	-196
-251	-56	3471	63	-1269	-156
-344	-153	3745	-18	-1319	-199
-467	-157	4015	-83	-1595	-242
-516	-132	4161	-127	-1923	-261
-506	-124	4089	-160	-2130	-278
-432	-86	3934	-207	-2091	-310
-297	-55	3868	-253	-1858	-335
-118	5	3961	-270	-1535	-296
-33	34	4173	-258	-1258	-235
-56	-1	4347	-222	-1120	-229
-97	-30	4387	-173	-1127	-308
-67	-29	4224	-141	-1168	-373
2	-39	4027	-108	-1094	-341
70	-19	3898	-90	-989	-347
91	-3	3864	-100	-845	-348
85	-35	3944	-117	-733	-311
108	-51	4104	-132	-702	-286
108	-125	4245	-128	-796	-217
134	-192	4201	-127	-954	-243
166	-152	4129	-167	-988	-214
298	-120	4033	-161	-968	-176
378	-108	3960	-145	-842	-139
413	-143	4008	-146	-780	-109
430	-178	4031	-136	-760	-137
500	-155	4035	-140	-723	-156
530	-137	4011	-130	-691	-100
538	-163	4004	-111	-620	-3
547	-202	4023	-84	-550	39
582	-239	4096	-67	-513	10
585	-219	4092	-56	-525	-17
613	-216	4035	-36	-521	16
638	-215	4007	-34	-471	30
677	-201	3989	-33	-410	50
743	-234	3962	-28	-341	73
737	-241	3994	-26	-280	82
746	-236	4034	-25	-240	73
723	-227	4052	-18	-211	75
723	-226	4045	-5	-198	80
729	-210	4030	14	-169	84
725	-204	4022	19	-135	82
742	-209	4018	20	-85	77
726	-214	4013	16	-36	69
700	-222	4043	17	-7	54
667	-225	4065	18	7	40
654	-220	4095	19	-7	23
675	-213	4054	22	-14	25
707	-214	4035	28	9	36
706	-216	4021	27	46	47
698	-240	4068	21	54	36
673	-243	4069	24	49	18
661	-255	4061	29	50	8
678	-223	4062	23	49	-2
675	-180	4048	15	57	35
706	-207	4043	9	81	26
699	-178	4047	7	110	15
661	-188	4029	13	164	22
623	-199	4099	5	203	-5
592	-194	4142	0	151	-31
598	-176	4136	-1	75	-24
622	-205	4078	5	40	0
642	-215	4034	-3	56	-2
621	-219	4046	-3	95	-9
-1182	-108	3759	30	249	-58
-1218	-115	3768	25	344	-61
-1233	-118	3814	31	427	-50
-1278	-101	3817	42	403	-38
-1300	-71	3722	50	379	-20
-1357	-55	3568	67	455	28
-1341	-67	3455	64	656	31
-1353	-60	3483	72	870	37
-1400	-22	3523	86	940	82
-1452	-28	3466	102	990	125
-1512	-73	3369	93	1122	68
-1553	-64	3303	90	1292	8
-1599	-84	3315	113	1493	20
-1671	-80	3360	128	1565	-2
-1729	-50	3305	141	1629	8
-1777	-148	3289	138	1695	13
-1845	-161	3232	71	1662	-111
-1916	-73	3095	20	1709	-139
-1929	-18	2934	23	1765	-45
-1814	9	2755	33	1833	23
-1788	-62	2614	59	2118	32
-1883	-172	2651	35	2368	-136
-2041	-142	2700	-12	2369	-205
-2026	-108	2471	-29	2333	-109
-1847	-275	2349	-34	2385	-43
-1702	-457	2290	-38	2403	-274
-1724	-373	2382	-49	2403	-552
-1811	-213	2376	-71	2201	-569
-1968	-49	2356	-82	2110	-460
-2124	99	2373	-82	1986	-193
-2116	190	2378	-6	1784	98
-2189	255	2283	54	1709	328
-2371	237	2593	174	1759	478
-2664	63	3059	192	1609	703
-2945	-169	3502	132	1255	765
-3301	-307	3921	-71	546	484
-3424	-338	4256	-92	-266	263
-3348	-283	3939	-68	-1297	5
-3393	39	3803	-2	-1672	-121
-3493	289	3703	-79	-2042	-43
-3577	367	3933	-195	-2179	134
-3689	324	3990	-204	-2374	305
-3623	-70	3874	-213	-2588	179
-3363	-37	3892	-218	-2630	90
-3122	61	3965	-235	-2747	144
-2911	79	4017	-247	-2857	170
-2786	-124	4179	-170	-2979	210
-2728	-362	4535	-87	-3258	63
-2729	-510	4925	-72	-3694	18
-3047	-594	5588	-54	-4192	-26
-3309	-418	5841	-22	-4505	-1
-2916	-434	4968	-18	-3644	-60
-2315	-214	4476	-70	-1951	-404
-1766	-74	4398	-226	-1360	-572
-990	39	3993	-303	-1903	-485
-57	109	3084	-250	-2469	-197
576	87	2315	-112	-2141	39
542	93	2484	-9	-1264	100
-54	101	3561	-26	-880	130
-745	131	4722	-98	-1365	139
-1097	202	5203	-137	-2303	103
-1025	233	5185	-78	-2978	66
-806	361	4758	45	-3242	81
-737	264	4058	172	-2868	54
-399	196	3922	69	-2267	-232
-135	-61	3658	-28	-1951	-311
190	-208	3249	-94	-1530	-443
351	-275	3003	-98	-1047	-461
364	-366	3089	-135	-511	-366
181	-422	3664	-163	-141	-235
-33	-420	4416	-164	-254	-119
-134	-421	4908	-125	-772	-83
-87	-320	4926	-85	-1387	-124
110	-190	4639	-88	-1837	-162
304	-84	4098	-127	-1921	-84
449	-66	3641	-127	-1558	43
547	-128	3469	-69	-1075	89
603	-144	3433	6	-632	27
485	-198	3565	51	-196	-20
338	-169	3858	49	53	-59
250	-201	4155	29	91	-39
183	-210	4418	7	-102	-16
235	-214	4494	-13	-429	-7
344	-217	4329	-30	-676	7
480	-200	4084	-31	-738	27
584	-174	3860	-17	-617	70
665	-177	3711	-3	-379	98
631	-187	3806	7	-131	83
563	-162	3976	13	27	28
506	-117	4068	10	98	7
482	-104	4099	8	106	18
466	-112	4103	-5	97	16
431	-152	4079	-7	80	0
449	-157	4021	5	81	-7
487	-128	4012	15	121	8
466	-160	4068	15	175	56
426	-196	4137	-2	183	71
397	-217	4166	-24	144	57
419	-223	4111	-28	113	19
439	-198	4069	-22	128	15
399	-190	4039	-16	189	25
327	-198	4066	-21	242	40
277	-220	4139	-18	244	39
287	-215	4156	-11	198	33
297	-207	4128	-8	151	38
301	-173	4079	-6	156	51
311	-169	4084	-6	197	65
314	-164	4108	-9	220	73
302	-184	4152	-11	206	75
287	-175	4152	-13	175	68
282	-178	4139	-7	156	78
269	-198	4141	-7	142	90
257	-201	4124	-20	125	83
258	-177	4119	-30	120	62
281	-173	4112	-24	95	58
277	-183	4030	-3	117	59
263	-191	4066	-1	197	54
242	-190	4115	-8	213	52
209	-200	4150	-6	190	51
194	-238	4168	-4	131	50
201	-214	4132	-12	92	37
215	-209	4104	-18	97	29
222	-188	4104	-20	124	37
204	-172	4105	-17	137	49
193	-189	4114	-13	142	46
177	-192	4123	-17	143	46
174	-207	4162	-23	116	39
175	-210	4138	-20	91	44
192	-193	4092	-18	91	55
183	-172	4090	-21	108	68
-896	8	4062	21	92	16
-890	42	4073	11	46	26
-910	38	4017	1	13	62
-910	22	3979	0	20	76
-947	33	3999	-9	26	80
-960	25	4021	-14	13	107
-985	5	4046	-24	-50	108
-948	11	4021	-31	-111	95
-904	2	3919	-35	-88	106
-898	-62	3865	-27	28	105
-944	-33	3937	-35	74	72
-992	-35	3965	-26	62	64
-1078	-20	3989	-23	34	55
-1090	24	3924	-23	1	80
-1112	8	3880	-27	3	103
-1164	36	3826	-37	33	99
-1218	79	3736	-27	52	140
-1198	29	3575	-27	99	193
-1198	18	3455	-37	278	134
-1215	82	3402	-14	497	160
-1266	83	3315	12	647	213
-1362	94	3106	1	813	264
-1401	122	2890	1	1141	272
-1421	88	2805	3	1524	271
-1453	83	2774	9	1757	263
-1498	120	2746	6	1930	296
-1644	143	2613	-59	1997	305
-1725	190	2360	-141	2117	329
-1736	143	2105	-200	2400	363
-1661	-41	2055	-234	2667	287
-1634	-234	2120	-287	2724	103
-1731	-500	2141	-274	2702	-70
-1786	-536	2093	-233	2772	-385
-1850	-299	2069	-170	2939	-580
-1871	-54	2172	-113	3118	-377
-1820	16	2599	-102	3121	-110
-2004	-44	3245	-152	2724	-61
-2285	-14	3550	-237	2016	-150
-2478	52	3642	-163	1481	-20
-2498	27	3580	27	1260	255
-2496	112	3621	181	1105	472
-2935	-53	4176	256	804	551
-3338	-315	4944	382	70	573
-3282	-342	4449	163	-871	256
-3155	-153	4334	-29	-1183	-49
-2892	293	4013	-62	-1731	59
-2695	240	4263	107	-2095	197
-2549	58	4371	243	-2334	299
-2903	-58	4919	238	-2486	328
-2992	-325	5365	159	-3070	111
-2887	-172	5917	89	-3937	-194
-2508	92	5771	-136	-5108	-505
-2007	-81	4927	-312	-5456	-562
-1757	-175	4466	-325	-4783	-671
-1550	41	4565	-234	-3763	-571
-1605	313	5281	-231	-3295	-275
-1540	219	5303	-213	-2945	-91
-1504	120	5005	-101	-2404	-262
-1172	10	4608	-73	-2416	-360
-515	-131	3819	-31	-2778	-325
58	-283	2920	37	-2610	-193
276	-384	2535	101	-1846	-126
170	-341	2860	108	-1101	-137
-49	-307	3497	52	-809	-184
-251	-193	4067	-7	-936	-252
-305	-99	4384	-13	-1257	-314
-229	-107	4354	-50	-1581	-298
-103	-64	4240	-62	-1746	-247
69	-45	4239	-61	-1768	-109
250	-41	4220	-62	-1679	2
393	-86	4247	-95	-1451	32
402	-47	4323	-93	-1248	-28
348	12	4285	-87	-1209	-72
373	-6	4084	-61	-1169	-96
443	-46	3894	-40	-1028	-114
466	-111	3782	-22	-782	-118
433	-132	3775	20	-541	-199
341	-120	3935	25	-380	-241
273	-29	4062	30	-408	-256
289	-18	4168	6	-494	-180
344	-71	4139	-23	-573	-132
417	-161	4079	-50	-565	-157
468	-189	4037	-66	-484	-223
468	-162	4086	-78	-425	-246
483	-99	4089	-59	-450	-259
514	-58	4041	-51	-401	-220
525	-56	4032	-54	-358	-162
565	-67	4030	-31	-351	-173
587	-45	4017	-22	-321	-147
604	-94	4035	-17	-298	-117
628	-118	4023	-14	-232	-131
626	-129	4057	-16	-177	-130
612	-134	4087	-13	-173	-128
606	-149	4099	-9	-184	-135
609	-147	4083	-2	-192	-138
643	-127	4028	5	-167	-113
671	-113	4007	11	-107	-55
659	-111	3986	6	-51	-9
646	-124	4046	-7	-9	1
595	-136	4068	-12	22	-22
533	-114	4112	-7	31	-29
560	-89	4107	13	15	-21
584	-83	4067	24	15	-15
571	-73	4032	30	54	4
541	-109	4087	22	99	0
540	-114	4143	19	44	-43
572	-82	4126	21	-31	-55
588	-87	4079	20	-64	-19
611	-96	4037	16	-35	-1
600	-99	4018	8	20	2
581	-96	4043	8	74	9
574	-103	4080	3	94	4
540	-108	4112	1	75	-15
555	-97	4122	6	45	-9
581	-127	4073	9	31	-15
576	-111	4032	5	48	-19
565	-123	4068	2	89	-4
546	-128	4102	-2	108	-15
545	-114	4120	-4	110	-26
538	-106	4118	-2	87	-22
542	-110	4113	-3	55	-13
538	-106	4095	3	34	-7
543	-116	4075	4	36	-4
547	-107	4080	4	47	-13
524	-97	4095	-4	52	-13
508	-110	4100	0	48	-3
508	-97	4105	-1	42	7
510	-104	4074	-8	42	1
524	-94	4097	-10	46	-6
506	-97	4117	-11	42	5
-1224	-24	3842	21	201	199
-1305	-29	3882	21	227	203
-1341	-32	3904	25	216	215
-1314	-50	3909	28	190	187
-1304	12	3896	23	139	162
-1304	18	3845	23	126	191
-1336	7	3811	34	153	193
-1388	8	3834	37	154	165
-1414	12	3813	48	166	173
-1408	51	3758	43	195	161
-1424	101	3732	45	253	193
-1487	177	3693	41	267	247
-1619	213	3603	45	282	348
-1675	156	3474	58	399	408
-1685	117	3458	54	526	368
-1730	88	3421	50	597	347
-1791	75	3300	70	626	337
-1830	111	3035	88	742	346
-1771	139	2787	115	928	343
-1701	258	2555	148	1143	431
-1734	321	2359	155	1502	620
-1857	268	2269	123	1975	747
-1901	227	2258	64	2466	755
-1829	20	2348	16	2688	543
-1843	-128	2552	21	2437	195
-1926	-355	2534	21	1936	12
-1890	-430	2050	-68	1931	-165
-1702	-73	1753	-211	2399	-283
-1609	215	1907	-236	2773	-297
-1821	243	2136	-110	2811	-356
-2104	142	2263	72	2691	-292
-2176	110	2405	148	2759	-90
-2180	211	2658	100	3022	241
-2267	279	3090	69	2937	414
-2467	187	3665	189	2415	330
-2818	-14	3898	367	1282	117
-2871	-206	3284	323	442	-36
-3012	-184	3468	65	558	-125
-2927	143	3805	97	-130	-140
-3246	315	4070	274	-394	72
-3462	464	3919	444	-1074	314
-3320	424	3552	551	-1531	506
-3222	101	4240	374	-2099	267
-2803	188	4018	218	-2567	-45
-2972	346	4202	90	-2874	-51
-3067	330	3860	14	-3265	-201
-2940	387	3943	32	-3416	-185
-2679	397	4238	-105	-3722	-156
-2556	88	4727	-350	-4234	-122
-2811	-247	5510	-476	-4724	-174
-3521	-474	6509	-389	-5276	-359
-4077	-382	6520	51	-5016	-91
-3446	-461	5710	80	-2208	-414
-2689	31	5769	-131	-533	-863
-1779	650	5767	-274	-1664	-541
-279	635	3927	-349	-3842	45
1165	120	1521	-419	-4061	242
1747	-276	284	-378	-2174	57
1206	-255	1591	-84	62	-31
-108	8	4098	94	475	66
-938	200	6039	55	-1006	65
-1160	425	6435	-21	-2973	-109
-1085	502	5416	-19	-3960	-191
-436	811	4419	237	-3585	-404
-398	846	4168	171	-3327	-439
127	716	3646	45	-2865	-436
372	374	3587	-36	-2404	-412
735	247	3202	-29	-2028	-278
977	5	2820	39	-1534	-200
1105	-57	2479	133	-458	-76
871	12	2843	137	764	-27
226	-5	3977	67	1337	109
-247	-162	4745	-49	788	119
-340	-261	4897	-125	12	70
-343	-206	4859	-172	-534	108
-303	-160	4675	-201	-950	74
-222	-76	4480	-211	-1214	-104
-115	84	4321	-181	-1378	-225
108	236	3953	-148	-1512	-180
357	365	3619	-93	-1314	-11
544	365	3468	-68	-824	129
537	193	3511	-66	-267	173
327	36	3911	-79	139	100
137	-25	4258	-63	96	19
172	-46	4413	-49	-213	-13
365	-48	4284	-35	-491	-57
539	10	4136	-34	-570	-25
611	-1	3995	-54	-475	61
575	-25	3955	-72	-328	85
464	11	4062	-88	-224	48
415	34	4151	-97	-257	47
442	49	4215	-92	-387	56
532	68	4142	-75	-489	52
581	107	4076	-63	-443	46
546	105	4016	-67	-384	66
553	75	3973	-66	-294	110
528	41	4015	-62	-229	120
511	-9	4103	-41	-237	127
542	-78	4163	-37	-306	72
600	-90	4141	-30	-347	55
582	-42	4083	-6	-322	49
616	-48	4033	-26	-344	95
680	-59	4026	-47	-300	89
702	-66	4046	-71	-268	75
700	-107	4035	-72	-245	41
662	-84	4047	-67	-224	13
675	-63	4024	-45	-183	24
681	-13	4027	-46	-151	34
694	-14	3981	-44	-105	60
700	-41	3975	-46	-30	51
667	-52	4026	-46	35	27
596	-32	4127	-40	38	5
558	-28	4158	-30	-50	1
611	-21	4129	-18	-137	-5
691	-11	4086	-17	-185	-6
782	-22	3989	-18	-148	21
806	-51	3970	-15	-65	32
795	-74	3973	-8	4	34
764	-97	4035	4	60	19
746	-67	4042	11	54	8
761	-51	4020	16	60	31
756	-35	4013	19	111	57
724	-43	4051	18	157	55
672	-33	4092	11	161	38
637	-41	4107	8	116	22
632	-31	4094	-1	68	17
647	-39	4081	-1	55	12
667	-45	4069	-4	59	14
661	-47	4076	-5	65	19
661	-58	4087	-4	78	28
-1434	16	3664	-795	214	2008
-1519	-50	3747	-792	266	1729
-1553	69	3735	-803	251	1456
-1554	190	3726	-814	238	1350
-1594	305	3687	-825	273	1326
-1601	368	3627	-813	317	1406
-1624	324	3614	-787	435	1471
-1698	262	3709	-716	575	1527
-1735	181	3767	-655	654	1539
-1734	226	3723	-626	562	1527
-1656	237	3489	-627	427	1509
-1556	142	3192	-619	482	1439
-1492	-6	3051	-592	740	1283
-1538	-115	3122	-513	1050	1141
-1696	-142	3347	-439	1308	1017
-1848	-66	3685	-395	1380	941
-1927	18	3862	-369	1208	878
-1922	98	3820	-394	964	759
-1797	206	3714	-402	873	699
-1727	171	3738	-401	838	717
-1764	66	3739	-374	830	771
-1874	-41	3685	-351	774	787
-1955	-122	3467	-333	757	702
-1998	-81	3332	-353	805	555
-2002	-11	3233	-370	802	458
-2014	121	3178	-360	735	439
-2024	139	3021	-369	738	540
-2063	124	2875	-383	753	628
-2103	62	2681	-402	737	642
-2116	-59	2496	-378	754	511
-1995	-237	2231	-250	842	338
-1697	-476	1997	-118	859	14
-1544	-515	1726	-16	817	-332
-1454	-396	1491	-7	653	-591
-1261	-115	939	136	916	-529
-1097	296	620	242	2159	-232
-1484	652	1238	366	3265	224
-2068	678	2374	602	2902	477
-2462	562	2898	823	1987	645
-2591	412	3183	904	1544	816
-2722	132	3837	877	1002	829
-2849	90	4350	647	84	397
-2987	209	4369	457	-762	82
-3207	135	4336	445	-1535	2
-3178	48	3987	259	-2181	-229
-3017	173	3854	-129	-2515	-538
-2862	547	3994	-447	-2667	-693
-2942	532	4858	-650	-2930	-541
-2838	317	5260	-841	-3842	-485
-2630	254	5519	-900	-4576	-394
-2516	-61	6508	-922	-5316	-421
-2304	-336	6369	-843	-5725	-593
-2163	-399	6258	-635	-4927	-977
-1987	-71	6717	-548	-3968	-1060
-1765	-74	6341	-459	-4015	-1160
-1257	19	5316	-283	-3500	-1400
-598	29	4555	-179	-3384	-1167
250	72	3259	-24	-3446	-832
781	-16	2270	50	-2770	-429
765	-206	2244	58	-1584	-328
440	-236	3223	4	-770	-379
106	-247	4267	-92	-1016	-262
51	-286	4646	-168	-1892	-200
67	-130	4437	-143	-2541	-136
70	-104	4045	-150	-2626	-81
107	-87	3878	-213	-2263	-159
154	-61	4109	-240	-2044	-238
276	41	4164	-197	-2043	-194
374	129	4041	-129	-1970	-81
477	211	3812	-51	-1718	-78
642	186	3684	18	-1293	-142
716	118	3703	45	-823	-246
640	72	3907	46	-522	-229
587	36	4131	49	-535	-110
647	-2	4177	31	-716	11
789	-114	4075	-12	-855	112
950	-190	3905	-76	-856	96
1007	-265	3864	-149	-722	22
990	-290	3942	-182	-632	-22
991	-262	3974	-174	-618	-25
998	-252	3966	-144	-637	17
1014	-234	3898	-93	-581	6
998	-181	3982	-71	-448	2
957	-150	4134	-49	-412	20
940	-132	4153	-34	-486	33
998	-186	4083	-32	-604	43
1114	-279	3913	-41	-624	12
1161	-348	3749	-46	-491	-32
1177	-370	3681	-43	-285	-82
1116	-322	3715	-26	-86	-91
1044	-283	3867	1	54	-78
999	-223	3996	25	113	-40
945	-208	4128	30	72	-15
901	-211	4202	27	-46	-52
905	-201	4126	14	-175	-94
948	-192	4021	14	-238	-114
1036	-121	3911	26	-210	-105
1051	-78	3884	71	-131	-55
1045	-89	3897	99	-58	-22
1000	-132	3986	86	-18	-34
964	-132	4068	50	-27	-52
959	-162	4094	21	-78	-45
987	-170	4049	9	-125	-61
1016	-155	3963	22	-140	-73
1050	-139	3901	28	-82	-42
1043	-128	3921	25	-6	-5
1018	-145	4001	21	17	-6
1022	-125	4038	22	-9	-23
1022	-117	4071	15	-37	-22
1024	-97	4041	8	-63	-1
1047	-140	4030	2	-88	9
1092	-155	4024	1	-118	-15
1076	-141	3934	8	-96	22
1075	-189	3907	8	1	26
1070	-194	3979	-3	37	-16
1057	-154	4039	-12	-3	-33
1061	-154	4048	-9	-56	-11
1078	-165	4009	-3	-74	9
1069	-162	3962	-5	-49	8
1051	-174	3957	1	-12	11
1043	-166	3992	9	4	-3
1052	-151	3994	6	-8	-13
1062	-154	3988	2	-5	-5
1065	-157	4013	0	-11	8
1043	-154	4001	-5	-28	8
1056	-157	3983	-1	-19	10
1064	-157	3971	-5	-9	8
1067	-158	3987	1	-6	10
1082	-137	3987	4	-4	8
1085	-151	3982	-6	-14	12
-1119	60	4184	3	355	-608
-1187	90	4332	-1	171	-503
-1055	-11	4323	-48	-44	-471
-890	-72	4090	-95	-248	-473
-749	-20	3852	-73	-249	-434
-714	29	3811	-24	-109	-388
-780	11	3902	-10	23	-350
-841	-17	3968	-8	77	-318
-874	-70	4013	-16	82	-314
-889	-47	4006	-3	63	-343
-862	-41	3979	21	59	-342
-830	-40	3968	35	82	-346
-823	12	3933	48	118	-320
-867	63	3931	57	165	-229
-929	86	3906	37	220	-154
-1034	44	3856	10	277	-135
-1139	-10	3854	-15	292	-121
-1173	-10	3881	-16	298	-132
-1172	-33	3875	11	239	-139
-1141	-22	3697	34	178	-172
-1157	-28	3414	70	296	-157
-1264	-53	3147	117	613	-149
-1399	-166	2889	182	1014	-213
-1451	-285	2767	226	1426	-391
-1484	-241	2853	223	1647	-606
-1534	-278	2773	232	1692	-673
-1568	-132	2447	218	1816	-727
-1535	113	2154	214	2118	-636
-1574	170	1984	205	2522	-494
-1594	-67	1952	229	2909	-464
-1669	-274	2050	156	3090	-607
-1788	-273	2243	11	2943	-673
-1791	-92	2187	-72	2590	-579
-1699	181	1950	-98	2602	-430
-1560	452	1855	-16	2871	-166
-1411	402	2109	96	2887	210
-1446	221	2517	145	2584	594
-1795	67	2773	48	2256	841
-2245	-45	3116	-61	2183	811
-2615	-81	3760	-69	1822	653
-2888	-168	4660	47	1117	750
-3045	-195	5094	40	-19	779
-3167	-184	4923	-113	-1235	694
-3215	-305	4660	-305	-1701	557
-3148	-31	4221	-463	-1950	193
-2961	-60	4103	-455	-2279	149
-2911	-37	4318	-435	-2918	267
-2523	-164	4509	-498	-3367	482
-1930	238	4803	-537	-4126	329
-1715	148	5253	-568	-4776	213
-2440	-348	6780	-722	-5682	117
-4548	-912	8947	-550	-7057	441
-4244	-1004	6810	295	-5223	512
-2094	160	7376	-259	848	-531
-2993	667	9761	-1051	-1091	-946
-1128	853	5073	-858	-6623	-670
1683	280	-375	-378	-6877	342
3046	-657	-3039	-22	-3299	255
2638	-818	-2264	20	1549	69
668	-346	1895	235	4726	81
-955	-447	6727	289	3112	-13
-1176	-324	9104	123	-1885	-463
-381	-358	7174	-228	-5158	-778
339	253	5425	-334	-4547	-703
252	129	4660	-342	-2965	-222
214	-181	4642	-397	-2796	-558
442	-31	3737	-426	-3402	-498
938	-220	2553	-174	-3107	-294
1250	-166	1753	21	-2058	-341
969	-2	1730	93	-546	-388
444	113	2384	116	870	-115
-309	-123	3942	101	1530	259
-538	-494	5084	31	1035	275
-605	-521	5786	-29	128	64
-460	-413	5725	-87	-1048	-39
-3	-412	4899	-153	-1801	-115
507	-407	3873	-187	-1888	-263
909	-346	3132	-186	-1417	-317
1138	-280	2851	-109	-717	-240
1175	-198	2970	19	-10	-109
986	-223	3581	80	526	-29
785	-279	4173	57	609	-47
690	-273	4472	9	453	-111
577	-197	4589	7	160	-144
499	-118	4435	65	-206	-84
540	-85	4117	111	-395	-21
600	-79	3832	108	-321	63
621	-195	3655	84	-78	138
607	-393	3763	58	241	79
505	-380	4024	47	386	-72
408	-312	4255	59	325	-95
382	-207	4389	49	148	-58
377	-151	4356	10	-117	-16
464	-207	4121	-20	-291	-3
502	-247	3910	-19	-167	13
486	-302	3908	8	38	20
411	-296	4020	34	139	-30
375	-191	4120	45	100	-62
370	-157	4208	66	31	-63
393	-126	4268	56	-46	-58
423	-161	4280	34	-150	-32
497	-202	4183	5	-285	-6
597	-241	4033	-7	-300	-19
676	-225	3922	-10	-193	-7
697	-212	3957	-11	-66	-7
653	-213	4057	-13	-23	-7
615	-227	4100	-10	-60	-6
652	-214	4084	3	-96	0
763	-212	3954	11	-65	-15
803	-180	3897	17	75	23
726	-207	3942	21	262	66
539	-236	4091	10	331	70
413	-223	4195	2	269	22
425	-197	4183	8	132	14
514	-184	4115	9	67	46
544	-187	4045	-12	101	81
510	-209	4067	-27	140	70
465	-235	4116	-36	122	40
473	-208	4103	-26	83	13
540	-176	4050	-16	85	41
578	-195	4002	-12	137	94
552	-238	4010	-31	244	107
511	-266	4047	-45	300	82
466	-282	4070	-45	317	50
468	-266	4142	-39	315	50
445	-239	4188	-42	261	55
435	-226	4127	-41	195	54
432	-210	4071	-38	179	83
402	-226	4047	-46	207	88
367	-226	4084	-50	235	80
-1045	-217	3980	-12	119	156
-1045	-214	3988	-6	133	157
-1037	-203	3959	-7	135	155
-1029	-185	3950	-8	107	160
-1029	-147	3941	-8	88	180
-1038	-182	3937	-10	92	202
-1086	-188	3932	-16	96	217
-1140	-192	3939	-19	97	240
-1177	-135	3926	-22	94	275
-1205	-111	3883	-22	106	323
-1175	-140	3862	-33	115	353
-1188	-182	3838	-40	143	353
-1186	-176	3834	-41	148	325
-1171	-163	3718	-37	175	349
-1191	-186	3648	-25	336	353
-1247	-90	3706	-21	493	393
-1305	-63	3748	-8	539	479
-1303	-79	3792	2	477	496
-1305	-103	3684	-16	392	543
-1368	-60	3509	-31	534	580
-1518	-11	3369	-38	745	694
-1609	-25	3316	-43	969	713
-1627	-28	3398	-25	1113	719
-1627	-33	3496	-71	1015	673
-1698	3	3287	-128	909	721
-1745	14	3002	-190	1026	806
-1795	-59	2836	-282	1252	789
-1738	-68	2760	-321	1439	697
-1718	-139	2800	-310	1560	696
-1774	-178	2756	-317	1462	676
-1678	-112	2447	-363	1482	627
-1623	-160	2227	-407	1802	584
-1500	-325	2233	-398	2174	425
-1534	-490	2581	-321	2247	215
-1650	-437	2727	-256	1882	-36
-1587	-167	2401	-195	1679	3
-1420	7	2072	-28	1912	310
-1357	16	2104	169	2239	493
-1534	93	2371	291	2183	594
-1735	-90	2405	414	1894	628
-1818	-315	2471	329	1970	328
-1984	-211	2993	148	1956	-32
-2200	-57	3783	116	1360	-102
-2330	-28	4259	247	205	29
-2359	114	4445	337	-704	240
-2426	344	4605	287	-1501	649
-2584	336	4746	198	-2334	962
-2774	-84	4739	173	-3083	766
-2983	-233	5035	90	-3950	284
-3006	-524	5599	-155	-4484	-243
-3032	-591	6307	-367	-5059	-630
-2765	-247	6845	-412	-5155	-922
-2683	-149	7381	-380	-4351	-1039
-2753	214	7394	-328	-3408	-921
-2324	292	6796	-368	-3245	-831
-1542	224	5584	-300	-2833	-931
-853	205	4866	-271	-2657	-853
-243	73	3537	-120	-3069	-604
450	-4	2144	66	-2743	-383
732	-187	1724	169	-1568	-359
509	-258	2491	180	-407	-471
52	-303	3790	136	-310	-480
-206	-306	4721	80	-1205	-454
-236	-270	5058	-17	-2420	-449
-254	-202	4523	-116	-3192	-371
-190	-94	3926	-152	-3142	-302
-40	-75	3676	-216	-2761	-289
107	-124	3725	-305	-2262	-268
268	28	4045	-242	-1764	-328
242	237	4457	-95	-1505	-253
191	230	4482	15	-1568	-118
237	46	4166	15	-1617	-94
455	-100	3774	-69	-1460	-246
651	-100	3635	-94	-1088	-304
629	-97	3764	-38	-717	-174
546	-154	4031	50	-635	-90
595	-175	4190	95	-754	-82
752	-215	4226	86	-955	-63
874	-302	4081	11	-1098	-36
933	-348	3934	-53	-1130	-62
983	-312	3834	-99	-1047	-94
1024	-313	3716	-82	-882	-105
1046	-262	3782	-34	-627	-182
1015	-100	4055	-3	-478	-211
988	57	4231	29	-516	-133
1009	46	4213	43	-653	-50
1114	-89	4033	40	-769	-39
1169	-173	3789	-4	-653	-121
1156	-207	3699	-28	-428	-177
1095	-167	3765	-34	-261	-153
1064	-164	3846	-35	-175	-51
1075	-209	3899	-47	-121	-15
1034	-226	4005	-64	-112	-64
993	-165	4050	-53	-161	-113
976	-131	4066	-35	-209	-81
1025	-142	4057	-30	-238	-66
1075	-129	3979	-32	-242	-73
1083	-105	3917	-16	-183	-35
1055	-108	3949	0	-123	3
1026	-143	4011	9	-130	-14
1013	-116	4019	11	-190	-26
1036	-124	4000	11	-218	17
1054	-140	4016	-2	-206	44
1043	-148	4045	-11	-207	75
1062	-188	4080	-20	-274	54
1079	-157	4001	-15	-321	52
1088	-155	3925	-11	-295	89
1125	-202	3916	-9	-237	74
1143	-180	3915	-12	-194	26
1141	-185	3920	-2	-151	32
1165	-196	3901	12	-121	42
1170	-181	3916	12	-93	40
1187	-179	3936	13	-55	50
1171	-158	3940	12	-26	55
1189	-153	3962	7	-9	62
1195	-155	3995	2	-34	60
1193	-137	4018	0	-69	62
1207	-150	3979	-7	-104	67
1236	-160	3933	-15	-96	72
1230	-164	3886	-24	-52	67
1212	-164	3911	-22	-7	57
1192	-171	3941	-26	11	66
1197	-183	3969	-27	8	67
1189	-203	3974	-29	-16	63
1194	-208	3936	-21	-18	70
1189	-212	3931	-8	4	71
1169	-196	3975	-1	30	78
1182	-219	3973	-12	14	63
1192	-203	3981	-19	-11	35
1186	-187	3970	-21	-19	26
-1069	-22	3665	-124	-45	81
-992	0	3589	-119	141	61
-1001	20	3748	-93	332	66
-1045	-22	3929	-70	379	55
-1136	-75	3981	-53	371	6
-1185	-102	4013	-36	348	-54
-1206	-84	4052	-31	279	-106
-1196	-56	3959	-23	187	-146
-1132	-49	3874	-17	141	-189
-1109	-46	3796	1	153	-196
-1118	-70	3744	13	263	-227
-1123	-39	3840	6	397	-299
-1164	-5	3948	11	369	-307
-1229	3	3982	17	256	-310
-1250	78	3967	6	156	-290
-1306	140	3878	-2	110	-196
-1337	132	3715	-21	144	-123
-1377	76	3616	-21	195	-71
-1392	9	3443	-8	209	-97
-1389	32	3181	18	279	-124
-1382	-42	2945	47	457	-121
-1346	-41	2827	26	686	-183
-1277	-42	2820	-17	853	-263
-1326	-34	2678	-8	1048	-285
-1418	-88	2558	11	1366	-243
-1486	-163	2609	-6	1593	-341
-1581	-75	2590	-52	1766	-412
-1606	-4	2552	-75	1912	-351
-1552	-45	2562	-107	1843	-325
-1481	-112	2239	-115	1869	-334
-1459	-101	2089	-128	2115	-318
-1502	99	2132	-103	2344	-169
-1628	61	2154	74	2484	193
-1735	-62	2247	254	2722	364
-1920	-180	2683	366	2720	386
-2123	-335	3026	390	2112	91
-2080	-265	3023	312	1893	-183
-2134	118	3248	309	2139	-71
-2304	330	3892	326	1800	322
-2687	258	4596	420	788	552
-2868	233	4677	353	-237	514
-2921	113	4664	180	-836	461
-3091	-55	5058	14	-1486	345
-2989	-433	4654	-135	-2276	151
-2727	-435	3898	-229	-2499	-159
-2492	-281	3745	-132	-2467	33
-2285	-217	3981	-35	-2050	-81
-2310	-30	4889	98	-2316	-90
-2359	46	5527	66	-3049	-179
-2512	-81	5858	-99	-4162	-278
-2830	-71	6421	-260	-5105	-252
-3446	372	7263	-361	-5705	-52
-3276	865	6940	-216	-4606	175
-2300	881	6118	-263	-2801	-421
-1766	952	6268	-634	-2470	-1013
-842	280	4721	-569	-4601	-795
827	-351	1576	-322	-5356	-157
1743	-603	-586	-17	-3506	231
1867	-707	-628	14	-366	391
668	-499	2441	-84	2145	431
-343	-930	5591	-307	1360	86
-285	-687	7123	-335	-1089	-541
141	-261	6641	-223	-2998	-594
379	-184	5572	-300	-3665	-400
587	-250	4318	-396	-3186	-402
831	-262	3564	-497	-2647	-343
1137	-193	2926	-477	-2130	-455
1339	-198	2441	-308	-1348	-365
1229	-125	2235	-53	-263	-273
838	-65	2636	144	882	-53
111	-72	3701	162	1532	68
-484	-69	4657	131	1243	148
-748	-187	5234	73	494	160
-715	-292	5402	-35	-396	22
-527	-358	5122	-121	-1163	-86
-216	-308	4572	-169	-1586	-166
211	-335	3919	-142	-1624	-189
623	-284	3418	-109	-1310	-144
927	-256	3033	-66	-759	-44
1055	-227	2959	-28	89	35
792	-262	3484	0	865	57
459	-291	4182	-2	1010	35
311	-281	4615	-12	639	17
340	-282	4663	-16	153	5
385	-278	4521	-3	-246	1
410	-272	4222	18	-463	-43
477	-216	3955	35	-454	-40
513	-181	3867	42	-287	4
483	-211	3878	36	-78	16
412	-221	3982	22	91	38
300	-226	4117	7	134	43
185	-241	4217	-4	68	32
153	-210	4226	-16	-50	35
241	-225	4233	-33	-132	13
318	-249	4175	-50	-218	-6
351	-263	4058	-36	-211	-11
361	-307	4051	-34	-144	7
381	-306	4049	-30	-106	11
416	-283	4065	-21	-87	13
426	-279	4104	-20	-92	3
434	-284	4095	-11	-87	7
429	-284	4132	-12	-102	0
420	-283	4146	-16	-159	10
471	-252	4119	-12	-217	24
543	-295	4085	-19	-231	25
595	-259	4076	-21	-222	12
656	-264	4026	-19	-196	-2
646	-235	3945	-16	-87	-15
582	-248	3970	-10	48	12
487	-270	4039	-12	122	27
448	-256	4090	-15	111	20
447	-264	4117	-14	79	21
444	-275	4116	-17	61	28
410	-282	4160	-22	32	33
396	-298	4130	-21	0	28
411	-294	4109	-17	-27	15
445	-284	4095	-17	-50	17
474	-282	4058	-18	-47	17
484	-292	4039	-19	-6	6
460	-285	4067	-13	29	9
430	-307	4112	-15	20	16
455	-299	4113	-13	-10	8
488	-313	4110	-7	-33	-2
506	-300	4074	-2	-27	2
526	-295	4052	1	-1	18
501	-277	4076	3	33	24
477	-277	4098	-1	31	16
480	-278	4037	0	37	21
512	-276	4024	5	103	16
496	-294	4065	0	144	13
-1062	-126	3945	-38	75	311
-1051	-141	3957	-38	73	281
-1059	-116	3956	-41	55	266
-1054	-69	3929	-35	53	308
-1058	-82	3896	-32	76	344
-1051	-117	3905	-46	115	325
-1075	-118	3936	-49	148	305
-1094	-127	3982	-44	129	284
-1098	-124	3965	-47	92	261
-1118	-109	3952	-49	71	252
-1112	-63	3933	-42	60	266
-1096	-35	3863	-41	59	290
-1098	-24	3796	-31	145	347
-1102	-33	3889	-30	219	366
-1155	-22	3976	-41	163	389
-1220	-39	3944	-33	105	415
-1252	-32	3823	-40	110	422
-1267	4	3761	-68	172	429
-1310	90	3653	-93	252	505
-1330	150	3578	-103	346	628
-1393	95	3495	-120	460	772
-1519	16	3427	-169	590	806
-1564	30	3359	-193	765	808
-1653	82	3272	-187	869	895
-1710	145	3029	-186	942	1017
-1653	180	2784	-169	1237	1148
-1670	186	2750	-147	1562	1206
-1776	115	2644	-136	1701	1274
-1873	19	2349	-114	1810	1278
-1945	-28	2027	-106	2043	1226
-1851	-54	1849	-47	2423	1077
-1824	-241	1894	-11	2636	931
-1844	-368	1798	-36	2695	638
-1871	-250	1664	-84	2833	291
-1847	-202	1628	-102	3036	-48
-1779	-123	1721	-72	3021	-375
-1733	5	1790	72	2958	-282
-1792	-47	2011	136	3100	-6
-2029	123	2698	165	3230	133
-2234	373	3632	182	2796	427
-2277	287	4029	213	1814	879
-2501	101	4345	254	891	941
-2705	-34	4524	301	-266	734
-2858	-210	4168	284	-1109	583
-3121	-317	4307	101	-1312	194
-3187	-29	4231	5	-1474	12
-3250	252	3991	127	-1582	103
-3232	482	4215	333	-1972	398
-3244	416	4492	355	-2519	312
-3320	315	5198	200	-3240	501
-3322	152	5940	-140	-3749	-173
-3413	286	7041	-333	-4700	-757
-3053	257	6444	-598	-5489	-1312
-2264	32	5620	-811	-5324	-1202
-1861	174	4793	-586	-4414	-934
-1551	279	4783	-307	-3327	-696
-1408	253	4686	-162	-2313	-769
-1233	201	4812	-159	-1764	-1004
-862	69	4582	-211	-2110	-1006
-407	-25	3716	-183	-2584	-801
-11	-172	2900	-92	-2505	-580
129	-277	2493	-58	-1969	-475
30	-209	2889	-50	-1323	-475
-255	-188	3745	-62	-1239	-429
-421	-182	4317	-98	-1659	-437
-433	-100	4291	-113	-2038	-455
-346	-24	4062	-155	-2030	-499
-219	17	4052	-219	-1765	-434
-126	22	4187	-217	-1454	-415
-32	85	4365	-183	-1233	-392
39	202	4398	-124	-1133	-324
146	252	4270	-62	-1096	-298
237	272	4002	-48	-1016	-302
229	242	3787	-77	-790	-263
177	79	3803	-101	-563	-256
149	-20	3893	-104	-436	-273
107	-114	4027	-84	-391	-278
71	-149	4160	-84	-437	-282
83	-162	4256	-103	-591	-281
112	-203	4194	-142	-731	-327
180	-208	4124	-167	-770	-315
262	-160	4047	-149	-726	-286
308	-124	4062	-136	-663	-225
310	-112	4021	-150	-617	-152
313	-109	4009	-154	-532	-138
340	-133	4010	-161	-434	-139
336	-158	4051	-142	-375	-119
358	-174	4053	-103	-320	-104
384	-156	4063	-66	-305	-64
413	-177	4047	-36	-290	-29
472	-196	4015	-24	-244	4
513	-232	3991	-30	-176	45
496	-257	4022	-34	-95	39
481	-222	4071	-31	-62	53
488	-215	4074	-21	-53	71
481	-209	4089	-14	-41	84
442	-189	4114	-17	-32	87
406	-177	4120	-12	-54	73
423	-131	4083	-9	-58	60
439	-133	4049	0	-26	82
435	-174	4077	0	9	105
404	-197	4087	1	24	91
357	-185	4120	3	19	59
335	-204	4144	6	-15	37
345	-204	4116	2	-55	12
392	-183	4080	-5	-57	21
436	-190	4015	-4	-8	25
425	-209	3994	-5	77	37
381	-223	4068	1	163	17
358	-218	4166	-2	155	6
359	-213	4161	-10	82	-15
393	-193	4104	-2	30	-19
412	-201	4069	1	43	-4
391	-195	4080	5	71	-6
368	-209	4094	5	72	-18
379	-202	4079	9	79	-31
371	-200	4098	12	98	-45
374	-200	4094	2	114	-46
356	-180	4120	-10	117	-23
334	-215	4102	-11	105	-16
332	-203	4118	-14	103	-10
344	-191	4115	-17	111	10
350	-185	4109	-19	123	23
346	-172	4096	-26	129	21
327	-177	4116	-26	128	14
313	-200	4122	-20	109	8
299	-188	4130	-14	84	12
303	-173	4113	-14	73	31
307	-182	4114	-22	82	43
304	-197	4114	-31	83	43
-1038	-98	3962	-1	55	21
-1063	-122	3968	6	24	19
-1055	-125	3921	9	-4	6
-1023	-114	3893	8	27	9
-1005	-99	3946	1	54	-7
-996	-115	3962	1	31	-12
-959	-100	3960	10	31	-9
-947	-124	3882	5	79	14
-991	-106	3890	6	178	47
-1050	-102	3916	10	212	53
-1042	-87	3959	7	182	4
-1051	-69	3923	1	175	2
-1102	-76	3880	4	182	35
-1186	-84	3815	0	208	72
-1277	-69	3658	-2	265	100
-1357	-38	3526	-4	356	123
-1398	27	3370	-7	481	183
-1370	37	3232	3	744	225
-1340	49	3191	31	976	273
-1352	26	3139	37	1078	309
-1502	5	2891	-16	1213	307
-1560	54	2619	-102	1535	320
-1584	191	2511	-165	1971	342
-1584	148	2721	-136	2241	500
-1747	-76	2863	-91	2104	533
-1893	-289	2705	-76	2028	392
-1952	-361	2565	-83	2067	259
-1955	-451	2451	-156	2213	133
-1879	-275	2443	-218	2342	23
-1703	-161	2489	-154	2440	24
-1639	-280	2619	-20	2332	-53
-1666	-363	2467	53	2132	-286
-1836	-288	2329	42	2008	-442
-1863	-42	2280	74	1893	-303
-1753	-22	2145	171	1837	-3
-1667	47	2146	318	2113	140
-1785	221	2465	379	2305	140
-2072	430	2978	369	2257	400
-2612	401	3983	345	1667	759
-2871	140	4466	294	156	747
-2956	79	4416	300	-518	515
-3089	140	4314	193	-969	501
-3125	71	4300	109	-1007	433
-3134	-72	4562	33	-1344	384
-3155	-199	4163	10	-2263	308
-3060	-154	4255	-28	-2489	126
-2914	-170	4547	-102	-2778	-95
-2792	194	4581	-70	-2691	-61
-2960	36	5355	-225	-2953	-171
-2889	85	5647	-275	-3897	-291
-3013	-147	6052	-375	-4580	-362
-3512	-289	6589	-395	-5055	-347
-3752	-248	6276	-257	-4598	-122
-2439	-125	5338	-209	-2461	-424
-1538	398	5489	-399	-1444	-825
-937	558	5108	-605	-2542	-801
-2	369	3423	-605	-4011	-287
923	-165	1691	-479	-3790	123
1269	-529	1050	-219	-2307	92
878	-528	2025	17	-775	-145
-58	-333	3871	113	-565	-222
-462	-210	5214	102	-1658	-244
-522	-416	5565	151	-2989	-302
23	13	5140	209	-2936	-616
-133	143	5138	40	-2649	-447
106	131	4841	-76	-2114	-413
110	79	4622	-249	-2578	-365
617	-27	3476	-209	-2655	-194
1107	-33	2638	-103	-2294	-170
1342	-157	1991	-21	-1216	-2
1279	-156	1859	-41	178	79
655	-235	2986	2	1666	130
-116	-204	4360	65	1761	122
-492	-146	5276	89	958	68
-587	2	5617	30	-121	30
-407	22	5218	-53	-1005	92
-113	-150	4558	-134	-1367	82
201	-259	3876	-182	-1364	-57
456	-318	3358	-154	-1034	-138
634	-310	3126	-84	-500	-113
666	-276	3235	22	200	-52
423	-204	3830	65	709	-20
225	-167	4380	70	684	5
127	-141	4675	41	315	0
148	-168	4588	2	-125	30
269	-210	4266	-11	-399	-9
379	-186	4007	-7	-401	-59
447	-142	3877	6	-270	-41
402	-110	3941	12	-123	-12
380	-69	4038	6	-63	3
384	-55	4108	1	-49	33
382	-55	4105	-25	-32	65
352	-149	4105	-46	-2	73
309	-180	4072	-46	47	30
275	-213	4088	-38	65	-7
256	-195	4070	-18	74	-20
285	-177	4086	-10	77	18
275	-193	4116	-6	81	47
249	-207	4164	-7	56	40
246	-206	4155	-13	-2	2
287	-182	4136	-13	-47	-4
299	-186	4132	-12	-73	4
320	-190	4108	-15	-81	2
358	-195	4092	-13	-72	-8
330	-151	4055	-6	-54	14
342	-172	4045	2	-2	46
359	-206	4043	-4	43	21
385	-182	4098	-7	51	-20
370	-168	4103	-6	35	-18
342	-166	4104	-8	28	-3
319	-167	4123	-13	39	17
310	-186	4121	-19	40	36
304	-209	4112	-19	25	15
316	-184	4077	-14	27	4
328	-182	4044	-10	65	14
340	-189	4060	-13	121	23
303	-178	4096	-11	148	24
262	-173	4138	-10	136	40
245	-179	4164	-10	102	38
251	-180	4185	-14	40	20
283	-190	4146	-11	-11	6
325	-196	4045	-2	8	13
321	-193	4044	8	67	28
309	-188	4069	18	110	41
283	-175	4109	23	123	51
281	-173	4106	13	120	59
273	-174	4121	1	119	53
287	-175	4099	-10	120	40
271	-168	4095	-22	147	38
273	-196	4089	-15	176	51
-1007	-24	3909	-19	-27	38
-1015	-46	3937	-22	-11	52
-1022	-52	3949	-22	-5	64
-1010	-76	3962	-22	13	83
-990	-79	3936	-22	28	69
-987	-52	3900	-11	59	74
-980	-22	3889	-8	100	88
-1014	-12	3916	-16	139	108
-1022	-18	3917	-27	180	129
-1044	-7	3928	-26	191	154
-1065	-2	3937	-21	182	179
-1061	-16	3893	-19	208	208
-1081	-40	3906	-26	245	201
-1131	-9	3884	-36	237	196
-1187	7	3812	-39	239	233
-1235	40	3719	-42	301	272
-1290	56	3636	-47	409	315
-1296	53	3607	-43	506	346
-1326	27	3596	-37	569	335
-1380	32	3530	-55	634	330
-1465	40	3417	-66	744	329
-1507	13	3363	-58	918	347
-1535	-24	3304	-23	1104	320
-1571	-103	3183	15	1261	208
-1635	-26	2998	-30	1352	111
-1683	155	2748	-62	1528	149
-1724	181	2623	8	1872	291
-1863	74	2464	74	2167	377
-1846	-19	2276	82	2456	294
-1805	11	2265	36	2639	135
-1882	100	2256	17	2571	63
-1893	18	2100	6	2424	202
-1754	-83	1828	0	2620	215
-1602	-62	1916	0	3047	41
-1592	-26	2334	-73	3100	-220
-1696	54	2710	-45	2700	-287
-1743	52	2919	46	2053	-65
-1795	-9	2835	142	1551	240
-1977	-22	2605	177	1417	457
-2222	-275	2608	226	1599	467
-2455	-453	2967	188	2056	103
-2990	-206	4141	67	1838	-205
-3244	161	4565	63	604	-120
-3020	321	4378	54	-262	59
-2863	565	4166	38	-808	106
-2765	452	3846	86	-1319	448
-2871	-131	3577	24	-1435	598
-2977	-254	3905	20	-1809	370
-2985	-167	4352	-8	-2250	293
-2905	30	5155	-129	-2860	49
-3044	254	6227	-156	-3966	-143
-3156	283	6537	-189	-5347	-128
-3024	-196	5993	-410	-6169	-224
-1981	-370	4710	-584	-5321	-132
-2005	-180	4600	-494	-3398	-13
-2289	-92	5604	-339	-2126	-107
-2330	17	5784	-262	-1448	-309
-2021	-4	5240	-275	-819	-604
-1398	-47	4526	-299	-999	-731
-736	-81	3511	-179	-1485	-623
-392	18	2607	-36	-1535	-328
-271	-129	2133	50	-1072	-56
-331	-276	2406	22	-461	-50
-577	-310	3343	-37	-383	-144
-801	-224	4253	-96	-1064	-207
-916	-189	4693	-137	-1941	-147
-1028	-262	4552	-138	-2473	-114
-835	-262	4073	-177	-2410	-233
-498	-149	3854	-297	-2052	-353
-317	-86	3937	-384	-1581	-353
-297	-110	4245	-367	-1138	-350
-333	12	4371	-245	-845	-304
-306	58	4344	-130	-707	-185
-311	26	4138	-64	-702	-150
-299	-95	3905	-59	-670	-138
-265	-213	3827	-55	-598	-260
-250	-181	3881	-40	-546	-339
-192	-182	4007	-16	-549	-336
-150	-197	4100	1	-608	-316
-183	-206	4104	0	-672	-287
-194	-244	4106	-8	-662	-251
-175	-260	4092	-11	-622	-250
-127	-292	4065	-33	-559	-257
-73	-269	4005	-37	-459	-267
-106	-253	4009	-77	-289	-247
-102	-216	4023	-72	-256	-264
-81	-179	4038	-69	-238	-245
-91	-139	4038	-45	-232	-159
-96	-181	4076	-11	-206	-91
-58	-211	4125	-4	-185	-57
-47	-199	4102	-11	-183	-27
1	-269	4073	-16	-166	-9
28	-265	4057	-21	-131	-21
0	-233	4087	-23	-75	-38
2	-224	4090	-15	-64	-37
1	-230	4048	-1	-31	6
-12	-245	4056	-1	24	36
-48	-251	4093	-8	34	40
-57	-260	4110	1	39	28
-71	-252	4150	11	20	5
-75	-228	4128	19	-2	-1
-78	-219	4118	23	-16	9
-84	-209	4106	24	-8	14
-55	-220	4093	28	21	25
-71	-225	4094	19	45	28
-80	-229	4115	14	57	2
-94	-212	4089	13	66	-24
-93	-206	4121	18	67	-42
-98	-208	4101	19	56	-45
-60	-228	4100	13	51	-38
-56	-218	4100	7	56	-20
-56	-248	4081	6	78	-17
-65	-266	4107	9	91	-26
-82	-236	4141	10	89	-33
-102	-242	4141	13	57	-27
-78	-235	4131	19	37	-25
-84	-229	4114	21	35	-11
-106	-227	4100	20	44	0
-126	-246	4087	17	58	7
-111	-255	4120	11	50	-13
-92	-252	4107	17	58	-37
-97	-219	4090	31	76	-22
-135	-198	4094	41	80	8
-134	-206	4105	40	84	21
-148	-205	4138	29	83	12
-163	-215	4164	21	41	2
-169	-212	4153	23	-1	0
-149	-196	4118	18	-16	-5
-125	-196	4101	15	-27	8
-111	-199	4024	23	16	9
-1144	-107	3986	80	-63	352
-1181	-159	3982	50	-98	441
-1179	-206	3908	27	-65	459
-1176	-246	3869	13	-16	432
-1171	-286	3804	26	8	394
-1183	-296	3774	50	42	338
-1194	-271	3764	72	90	320
-1199	-250	3799	82	139	329
-1223	-209	3783	86	195	345
-1262	-189	3850	80	247	381
-1317	-141	3875	70	242	432
-1375	-122	3805	63	259	465
-1413	-49	3696	68	278	484
-1454	-34	3635	83	340	580
-1526	-44	3601	82	400	664
-1554	-68	3529	69	509	707
-1572	-99	3499	53	620	708
-1608	-112	3506	53	639	705
-1622	-164	3359	68	676	727
-1620	-153	3195	41	896	640
-1567	-105	3096	55	1133	578
-1614	-8	3039	49	1315	622
-1731	19	2937	45	1539	661
-1843	-14	2886	41	1782	654
-1967	-1	2816	15	1876	591
-1952	-72	2681	5	2021	513
-1907	-136	2585	-3	2179	359
-1911	-115	2455	-19	2266	184
-1891	-99	2416	-59	2379	188
-1885	-100	2426	-88	2368	212
-1882	-41	2254	-98	2370	259
-1872	10	2201	-88	2558	277
-1702	12	2198	-98	2628	281
-1646	-50	2171	-74	2572	325
-1649	-18	2314	-61	2373	327
-1707	96	2398	-22	1979	519
-1792	143	2273	53	1754	805
-1868	81	2239	85	1904	910
-2050	105	2677	51	2055	752
-2435	184	3484	-14	1620	761
-2881	62	4032	-90	844	860
-3134	-103	4258	-130	146	814
-3253	-65	4313	-101	-471	650
-3228	-114	4523	-110	-906	371
-3273	-107	4501	-140	-1644	231
-3214	-180	3909	-129	-2260	234
-2943	473	3214	16	-2596	392
-2787	312	3370	90	-2683	547
-2925	508	3824	159	-2551	530
-3105	609	4854	173	-2760	329
-3192	467	5866	40	-3706	-9
-3217	438	6121	-96	-4879	-137
-3595	505	6728	-156	-5831	-18
-4663	1253	7040	122	-6146	459
-3719	1676	5674	562	-4208	467
-2199	2110	5364	20	-1874	-262
-1298	1186	4637	-689	-1444	-988
-331	262	3288	-818	-2349	-893
549	-598	1380	-414	-2564	-360
975	-859	563	-63	-1177	5
724	-957	2065	-132	601	3
-161	-837	4433	-511	615	-359
-823	-635	5992	-701	-1008	-761
-1082	-307	6047	-555	-2812	-811
-983	-40	5080	-442	-3590	-597
-655	172	4329	-530	-2940	-411
-553	277	4361	-812	-1996	-402
-566	189	4403	-953	-1888	-555
-452	157	3901	-792	-2011	-695
-210	211	3290	-483	-1813	-590
49	219	2883	-175	-1294	-211
120	268	2870	19	-707	59
-73	234	3511	-8	-223	104
-310	-18	4391	-112	-231	-27
-405	-193	5030	-207	-642	-269
-284	-250	5115	-251	-1270	-415
-39	-264	4651	-266	-1740	-361
291	-275	3980	-266	-1828	-200
463	-300	3469	-245	-1495	-45
642	-280	3222	-172	-968	47
617	-247	3307	-97	-406	143
432	-248	3706	-66	-16	138
232	-254	4209	-75	34	89
156	-212	4530	-71	-210	39
242	-241	4475	-68	-529	38
397	-256	4168	-77	-641	20
511	-257	3894	-89	-521	-35
609	-209	3697	-68	-260	-42
581	-211	3615	-31	78	-22
506	-163	3777	-15	459	17
332	-101	4066	4	571	45
211	-91	4194	25	477	102
172	-179	4142	36	400	137
159	-241	4138	23	361	140
138	-346	4115	18	318	134
91	-302	4095	14	316	75
63	-263	4115	21	306	35
80	-147	4108	20	307	30
94	-118	4080	40	303	82
98	-80	4015	67	405	113
80	-141	4030	71	503	118
66	-142	4206	53	548	98
54	-205	4289	13	362	79
112	-259	4176	-8	206	56
123	-279	4005	-6	233	68
55	-261	3942	10	401	98
-43	-235	4012	21	515	113
-146	-187	4152	35	508	104
-171	-138	4217	45	415	108
-180	-176	4217	50	315	117
-175	-218	4158	35	258	122
-177	-214	4071	17	262	104
-151	-213	4075	13	304	87
-149	-163	4093	20	329	82
-134	-133	4095	34	344	107
-150	-153	4136	41	353	112
-195	-179	4163	32	320	105
-206	-205	4164	26	271	88
-206	-200	4116	9	247	83
-196	-190	4087	10	238	81
-199	-185	4076	3	247	81
-216	-168	4100	6	255	64
-245	-165	4170	3	228	51
-278	-167	4139	2	196	51
-313	-181	4143	-5	192	52
-341	-198	4120	-19	167	46
-336	-181	4086	-19	148	29
-324	-200	4102	-18	139	20
-335	-175	4102	-19	140	9
-347	-175	4130	-17	143	6
-1029	-100	3920	45	-64	28
-1041	-111	3966	37	-20	6
-1065	-58	3952	28	-45	12
-1075	-61	3875	30	-51	35
-1068	-55	3847	25	-15	28
-1100	-57	3856	9	41	50
-1107	-66	3912	1	103	72
-1089	-112	3934	0	122	47
-1108	-79	3917	-2	122	10
-1108	-43	3891	-2	133	25
-1126	-39	3920	-5	142	19
-1134	-38	3891	-3	159	43
-1123	-52	3883	2	185	65
-1136	-23	3909	3	189	91
-1136	20	3900	9	192	130
-1166	14	3900	0	208	173
-1230	12	3870	-12	233	193
-1302	11	3869	-27	237	210
-1386	22	3804	-33	208	265
-1444	35	3663	-14	236	309
-1467	58	3514	10	331	361
-1486	-66	3457	-1	463	386
-1529	-78	3409	-40	592	307
-1574	14	3346	-79	753	301
-1636	166	3189	-103	805	409
-1713	169	2867	-118	938	558
-1775	173	2618	-127	1229	639
-1795	129	2339	-139	1586	748
-1803	-4	2221	-147	2004	819
-1768	-162	2316	-188	2161	650
-1707	-180	2218	-175	2182	537
-1792	-163	2021	-148	2350	445
-1785	-49	1797	-133	2561	305
-1679	168	1655	-194	2860	212
-1618	243	1678	-234	3019	368
-1612	81	1729	-174	3074	471
-1700	-144	1967	-21	3109	482
-1797	-287	2115	134	2960	484
-1924	-348	2306	132	2796	524
-1987	-162	2633	1	2747	438
-2122	34	3381	63	2733	301
-2488	119	4235	110	2112	253
-2898	-32	4811	108	994	325
-3245	-163	4974	70	-248	211
-3210	-240	4612	-106	-1109	290
-2918	-72	4294	-177	-1623	362
-2672	77	3814	-165	-1721	327
-2703	479	4002	96	-2128	458
-2821	124	4350	187	-2619	654
-2852	-104	5187	-29	-3354	362
-2937	251	5905	-10	-3739	355
-3224	-3	6777	-24	-4862	33
-3428	-183	6711	-209	-5633	-353
-2682	-193	5587	-519	-5235	-484
-2180	59	4906	-679	-3829	-516
-1853	137	5516	-646	-2769	-590
-1716	195	5253	-296	-2094	-607
-1524	96	4789	-126	-1270	-786
-1090	44	4478	-117	-1263	-865
-620	20	3814	-47	-1819	-764
-295	45	3024	62	-2031	-587
-126	-91	2647	141	-1724	-487
-122	-148	2938	126	-1394	-477
-247	-125	3494	94	-1438	-432
-348	-121	3996	69	-1787	-287
-459	-184	4157	38	-2062	-151
-499	-251	4025	18	-2056	-151
-385	-257	3930	-10	-1885	-291
-276	-176	4082	-81	-1597	-336
-264	-114	4423	-153	-1336	-363
-265	32	4639	-179	-1183	-415
-174	152	4595	-145	-1117	-421
-84	215	4277	-64	-1094	-359
-52	242	3885	-11	-968	-222
31	166	3583	37	-783	-153
71	76	3531	44	-507	-136
57	-19	3695	63	-265	-161
-26	-106	4066	51	-147	-215
-114	-181	4385	14	-305	-310
-96	-225	4432	-25	-564	-367
-24	-218	4315	-48	-725	-414
106	-79	4143	-54	-807	-397
218	-11	3995	-57	-761	-323
287	35	3921	-64	-620	-308
291	41	3905	-45	-465	-273
269	-24	3916	-16	-298	-236
195	-72	3973	15	-150	-179
139	-91	4117	22	-94	-115
72	-64	4239	17	-159	-84
104	-85	4273	-3	-318	-107
225	-110	4109	-11	-408	-127
284	-110	3926	-4	-271	-82
257	-101	3936	13	-42	-40
198	-86	4102	8	25	-15
188	-57	4213	10	-85	-22
215	-8	4150	21	-182	-18
268	-42	4096	20	-166	1
251	-76	4075	2	-114	17
214	-86	4094	-9	-78	6
210	-106	4094	2	-75	-25
218	-72	4079	15	-84	-45
251	-67	4101	23	-80	-27
255	-56	4118	20	-51	-10
236	-60	4106	5	-36	7
250	-68	4099	-14	-22	0
267	-67	4111	-24	-12	-22
283	-51	4078	-20	-3	-38
280	-62	4084	-10	18	-45
284	-76	4071	-13	50	-35
262	-68	4102	-16	66	-35
245	-80	4116	-27	51	-29
246	-88	4127	-32	39	-29
281	-91	4078	-33	52	-39
278	-88	4084	-31	83	-33
240	-97	4081	-26	114	-19
210	-101	4104	-17	140	-8
187	-118	4129	-15	139	-10
164	-112	4150	-10	119	-16
162	-101	4140	-8	98	-25
194	-80	4119	-9	78	-9
189	-77	4095	-1	84	8
168	-85	4135	-1	104	16
158	-79	4154	-3	85	11
157	-75	4163	-7	60	9
165	-76	4149	-13	35	10
179	-74	4086	-12	39	20
185	-102	4065	-4	101	19
173	-105	4129	-2	126	14
143	-83	4138	0	96	3
143	-76	4158	5	65	12
-923	-65	4015	45	102	-78
-971	-59	4025	53	101	-92
-1004	-29	4053	69	83	-75
-1026	5	4034	77	40	-45
-1008	8	3949	77	23	-24
-957	10	3903	69	46	-3
-948	5	3871	61	123	11
-952	-23	3923	52	177	5
-978	-7	4004	57	170	-15
-982	-32	3977	69	141	-23
-1009	-28	3975	70	149	-28
-1043	-6	3966	71	163	-26
-1053	40	3952	71	179	4
-1044	24	3875	67	198	46
-1051	9	3837	58	248	17
-1117	41	3821	50	300	8
-1234	39	3792	62	337	24
-1343	7	3759	82	351	19
-1472	-66	3727	71	344	-23
-1513	9	3640	96	343	-60
-1476	59	3502	133	391	-1
-1469	32	3276	145	508	17
-1459	66	3090	140	666	-45
-1402	154	2885	161	880	-73
-1442	191	2660	182	1193	61
-1498	148	2448	187	1630	136
-1528	197	2308	115	2077	137
-1431	270	2322	96	2447	80
-1411	116	2372	176	2586	112
-1569	-133	2398	186	2529	74
-1690	-34	2282	169	2416	-123
-1816	157	1977	162	2414	-69
-1736	118	1700	176	2793	61
-1619	61	1839	150	3191	-47
-1600	203	2293	173	3261	-158
-1648	277	2493	301	2962	0
-1745	202	2482	413	2635	269
-1641	-17	2469	411	2311	225
-1708	120	2391	408	2375	90
-1973	191	2561	501	2689	223
-2580	12	3796	540	2827	165
-3102	199	4986	422	1454	29
-3025	501	4777	314	44	138
-3220	523	5024	275	-566	384
-3176	233	4695	193	-1219	386
-3281	-67	4674	56	-1748	270
-3234	122	4448	-187	-2454	93
-3018	392	3991	-350	-3030	431
-2968	311	4261	-371	-2984	88
-3136	450	5083	-247	-3351	4
-3320	117	5781	-268	-3940	-182
-3635	159	6798	-417	-4581	-125
-4098	424	7190	-364	-5261	205
-4023	694	6651	-165	-4712	179
-2842	743	5462	-221	-2952	-235
-1609	675	4980	-521	-1763	-706
-815	336	4634	-784	-2271	-671
73	-187	3172	-716	-3342	-369
878	-304	1802	-496	-3072	-215
1040	-337	1471	-279	-1823	-119
521	-336	2597	-136	-748	-199
-225	-228	4285	-139	-852	-347
-729	-125	5406	-124	-1991	-397
-912	43	5524	-112	-3140	-315
-397	160	4825	55	-3612	-46
-601	219	4749	-92	-3233	-132
-264	393	4489	-235	-2761	-224
-141	27	4665	-378	-2563	-408
194	60	3857	-407	-2595	-379
696	29	3215	-237	-2346	-323
1122	210	2419	-48	-1802	-69
1138	207	2153	46	-595	133
940	84	2465	52	549	267
345	-32	3697	-29	1354	175
-173	-168	4743	-70	1086	86
-406	-98	5208	-93	329	40
-368	-9	5192	-120	-510	112
-160	-100	4677	-135	-1019	133
-2	-133	4214	-172	-1149	8
126	-61	3889	-159	-1052	-61
260	-54	3707	-116	-906	-26
434	-81	3545	-89	-662	16
491	-10	3575	-81	-267	33
423	-60	3881	-82	56	76
273	-145	4225	-86	111	82
193	-193	4376	-65	-55	16
234	-171	4338	-57	-262	-31
343	-156	4228	-65	-418	-6
450	-131	4098	-78	-485	38
514	-170	3973	-79	-430	86
540	-198	3916	-73	-286	38
495	-135	3963	-66	-158	-13
462	-85	4047	-47	-79	15
375	-68	4140	-35	-51	48
311	-77	4219	-30	-116	63
335	-93	4235	-32	-214	36
368	-84	4185	-44	-332	22
442	-77	4044	-38	-381	34
500	-113	3956	-23	-275	47
458	-141	3987	-19	-135	43
421	-127	4076	-15	-77	9
392	-129	4157	-14	-119	20
432	-117	4135	-13	-191	28
475	-121	4103	-15	-222	43
488	-157	4058	-16	-199	34
500	-183	4044	-19	-160	15
530	-194	4019	-13	-116	0
537	-147	4054	-3	-93	7
548	-146	4035	-1	-60	26
549	-116	4087	-5	-27	35
530	-129	4120	-6	-22	27
523	-156	4126	-10	-54	3
522	-157	4013	-2	-46	7
551	-162	3985	14	46	26
551	-162	4018	27	104	30
555	-130	4054	30	130	22
535	-110	4099	27	122	22
507	-122	4122	16	101	24
490	-116	4148	8	72	19
462	-132	4165	5	28	16
453	-146	4123	4	-7	14
463	-135	4094	5	-3	14
476	-119	4122	0	-15	8
495	-114	4103	-6	-37	5
514	-130	4102	-20	-51	4
534	-159	4039	-15	-17	1
529	-146	4030	-9	38	-3
512	-137	4073	-8	71	0
505	-134	4111	-5	65	3
496	-136	4129	-9	42	4
-1057	-89	4073	47	166	-33
-1056	-69	4083	51	70	-49
-1035	-18	4027	51	-5	-25
-1008	10	3956	49	-6	20
-999	0	3949	41	47	39
-990	22	4011	20	31	59
-1019	-35	4050	11	-17	87
-1047	-55	4037	9	-81	60
-1060	-56	3980	2	-110	69
-1038	-92	3950	7	-95	64
-1027	-87	3938	6	-93	36
-1018	-46	3923	3	-89	40
-1047	-55	3879	-1	-60	53
-1090	-56	3924	-14	-21	53
-1141	-45	3915	-22	-35	66
-1198	-15	3844	-22	-39	100
-1228	-11	3730	-27	0	123
-1276	-17	3598	-40	78	139
-1301	15	3554	-40	252	149
-1376	56	3584	-25	358	243
-1477	77	3595	-7	415	333
-1572	113	3470	-13	460	391
-1611	115	3220	-20	624	462
-1611	93	3038	-27	872	530
-1598	40	3009	-46	1092	528
-1684	39	2875	-65	1260	483
-1731	73	2581	-109	1435	489
-1676	172	2292	-154	1729	494
-1697	156	2194	-194	1937	541
-1675	19	1960	-199	2154	599
-1649	-167	1808	-246	2487	439
-1647	-300	1869	-273	2681	151
-1667	-385	1863	-214	2833	45
-1846	-472	1917	-111	3046	-43
-2009	-187	2026	-82	3012	-215
-1976	129	1888	20	2958	-118
-1769	96	1920	116	3233	113
-1740	69	2401	188	3505	244
-2004	167	3088	258	3292	364
-2339	199	3686	287	2580	543
-2624	121	4071	345	1691	470
-2754	100	4382	418	993	465
-2824	110	4720	400	50	506
-3042	19	4768	252	-887	841
-3209	-123	4656	138	-1635	733
-3103	-60	4584	-10	-2198	256
-2949	-140	4270	-125	-2705	-28
-3065	-302	3862	-208	-2844	-200
-3114	98	4344	-263	-2901	-120
-3059	231	5495	-245	-3072	-191
-3153	597	6070	-30	-4056	-209
-3118	385	6245	-67	-4635	-339
-2797	117	6454	-303	-5572	-425
-2024	-1	5082	-437	-5554	-494
-1455	62	4681	-529	-4269	-477
-1340	146	5058	-501	-3565	-514
-1209	81	4769	-242	-3024	-717
-1047	152	4671	-72	-2588	-768
-628	-16	4225	14	-2789	-654
-120	-109	3404	121	-2868	-541
129	-151	2787	216	-2437	-394
152	-231	2873	217	-1772	-251
47	-247	3399	136	-1420	-181
-58	-268	3827	69	-1457	-111
-39	-268	4094	67	-1534	-97
-69	-274	4228	21	-1549	-108
-51	-231	4303	-42	-1626	-196
64	-249	4343	-93	-1733	-323
202	-97	4338	-128	-1742	-411
329	101	4361	-121	-1643	-396
426	289	4311	-80	-1513	-331
525	352	4077	-18	-1413	-268
595	291	3738	15	-1150	-194
621	153	3541	71	-741	-179
565	100	3628	105	-315	-201
418	52	3929	109	-70	-242
277	15	4267	82	-130	-298
229	-35	4340	65	-384	-340
252	-95	4321	16	-602	-287
357	-56	4160	13	-728	-352
406	-62	4141	-23	-750	-320
471	26	4094	-32	-775	-298
549	87	4014	-42	-807	-208
661	69	3865	-17	-730	-185
684	51	3865	-35	-486	-169
649	-7	3981	-41	-355	-167
604	26	4044	-20	-295	-133
610	25	4073	5	-292	-81
617	24	4078	18	-253	-57
610	26	4062	21	-223	-43
619	32	4101	10	-241	-15
657	-18	4059	0	-276	-2
687	-42	4015	-9	-240	-13
699	-56	4058	-10	-187	-9
676	-36	4109	-3	-185	1
669	2	4105	-6	-220	30
722	-1	4053	-10	-263	52
786	-9	3985	-12	-212	58
763	-4	3986	-17	-126	59
735	-6	4021	-18	-65	51
727	2	4077	-18	-47	19
739	3	4100	-15	-67	13
737	23	4012	-11	-57	35
744	-10	4024	-8	1	59
736	-28	4067	-10	-3	43
739	-14	4079	-23	-33	2
745	2	4078	-31	-57	4
759	-1	4045	-32	-52	20
742	-15	4041	-34	-19	27
719	-17	4061	-36	-1	29
689	-13	4065	-36	-4	24
681	-20	4087	-39	-22	23
718	-33	4099	-35	-52	14
735	-30	4065	-39	-58	12
732	-15	4041	-40	-44	24
720	-50	4045	-44	-23	25
726	-55	4054	-49	-10	8
756	-50	4072	-48	-7	-3
772	-51	4044	-44	6	-3
761	-58	4049	-50	20	0
730	-67	4041	-48	42	-5
709	-81	4086	-40	46	-17
709	-66	4078	-32	11	-10
729	-71	4069	-26	-3	5
718	-64	4069	-31	9	15
701	-69	4082	-33	11	10
704	-80	4072	-29	-1	-4
703	-56	4063	-23	-3	-7
699	-61	4059	-24	11	-1
690	-70	4072	-27	20	0
-1024	62	3915	45	116	130
-1010	26	3894	44	162	137
-1025	22	3899	44	208	117
-1049	3	3888	55	249	135
-1088	0	3929	65	287	115
-1083	56	3928	59	311	95
-1070	50	3887	49	351	95
-1061	41	3906	49	392	69
-1071	55	3977	57	367	67
-1099	66	3980	53	302	58
-1192	95	3948	48	262	99
-1283	73	3920	40	277	133
-1366	72	3897	38	331	138
-1467	96	3923	29	310	137
-1539	138	3863	28	223	162
-1564	72	3814	24	160	160
-1497	81	3681	15	117	99
-1445	126	3480	-1	145	72
-1432	141	3178	17	341	92
-1493	116	2911	19	671	90
-1524	35	2773	62	1145	12
-1557	-98	2675	111	1583	-105
-1639	-49	2582	155	1948	-266
-1713	0	2535	161	2129	-265
-1715	61	2467	125	2259	-349
-1737	206	2298	95	2549	-359
-1672	225	2100	87	2924	-206
-1571	104	2072	79	3186	-150
-1661	38	2176	106	3190	-160
-1692	-45	2236	55	3121	-215
-1656	28	2124	-8	3038	-293
-1580	99	2076	-24	3199	-273
-1716	67	2275	18	3187	-241
-1818	285	2277	138	3066	-33
-1767	143	2335	274	3014	466
-1864	-148	2758	392	2718	507
-2084	-168	3200	364	2314	321
-2438	12	3690	299	2022	285
-2708	154	4111	312	1355	458
-2919	225	4428	391	456	436
-2848	282	4158	453	-653	447
-3012	133	4089	429	-1038	525
-3295	328	4150	290	-1433	687
-3342	348	3892	67	-1983	686
-3374	337	4370	-65	-2253	565
-3466	189	4579	-214	-2511	108
-3534	-124	5134	-585	-3056	-244
-3181	-183	5300	-888	-3973	-203
-2509	-229	4930	-943	-4985	-53
-2421	-104	4929	-898	-5491	-71
-3421	-255	5813	-655	-5778	-87
-5226	-334	6522	7	-5242	89
-4158	-161	5469	250	-2305	-272
-2819	608	6150	-285	35	-807
-1837	1100	5918	-632	-910	-808
-656	969	3981	-638	-3072	-206
654	234	1424	-530	-3405	304
1307	-272	194	-331	-1757	380
1134	-478	1139	-73	396	151
39	-222	3707	116	999	-89
-1009	-128	6061	164	-749	-181
-1306	86	6583	132	-3375	-242
-1188	236	5423	36	-4489	-262
-802	404	4592	50	-3741	-242
-531	319	4763	8	-2743	-433
-680	253	4797	-304	-2742	-816
-496	396	3973	-470	-2989	-742
-26	119	3007	-313	-2617	-249
568	-235	2367	-120	-1754	11
697	-285	2150	56	-816	42
475	-261	2747	137	290	109
122	-426	4101	100	681	120
-34	-362	5232	41	7	-64
112	-293	5454	6	-1031	-175
332	-189	4952	-67	-1739	-267
624	-53	4203	-149	-1883	-123
783	-94	3691	-179	-1539	39
839	-25	3337	-89	-1093	57
704	12	3231	-15	-494	79
518	31	3385	40	17	26
284	16	3791	8	317	8
76	54	4110	-28	377	24
-70	-61	4361	-44	300	56
-116	-115	4437	-40	103	-12
-42	-75	4431	-1	-129	-49
99	-26	4270	36	-364	-90
239	39	4033	42	-415	-64
380	32	3926	27	-256	-14
392	-52	4078	-18	-181	35
340	-85	4181	12	-295	47
366	-59	4144	24	-417	-42
467	82	4063	4	-417	-3
500	38	4024	-16	-310	150
504	-36	3970	-76	-181	167
455	-110	3943	-137	-32	96
382	-162	4003	-148	128	9
294	-115	4144	-114	184	-10
239	-76	4204	-86	89	34
277	-86	4156	-74	10	56
322	-92	4117	-65	-4	83
338	-134	4087	-62	9	90
322	-185	4126	-69	10	55
319	-187	4181	-70	-35	8
352	-160	4186	-65	-111	-5
433	-135	4112	-51	-175	15
488	-146	4011	-42	-137	34
497	-140	3961	-38	-15	49
477	-133	3975	-34	121	47
415	-141	4030	-32	238	39
374	-130	4088	-30	270	21
362	-117	4120	-20	236	4
349	-114	4114	-3	205	-3
329	-110	4139	8	177	11
317	-132	4107	11	155	37
319	-147	4111	7	153	42
327	-136	4136	-1	154	23
309	-114	4141	-9	151	17
304	-125	4121	-15	148	21
285	-140	4124	-21	154	10
254	-156	4125	-30	129	10
242	-156	4113	-20	116	16
267	-158	4093	-13	123	13
277	-136	4101	-5	134	21
273	-137	4143	0	118	31
268	-140	4149	-1	73	16
261	-140	4139	-2	55	6
265	-147	4128	3	49	13
279	-148	4121	6	46	25
282	-147	4087	12	53	28
281	-138	4084	19	82	21
-1357	-122	3812	-92	282	273
-1391	-162	3831	-104	301	317
-1385	-159	3831	-98	301	298
-1376	-161	3772	-76	280	293
-1360	-168	3729	-66	324	305
-1386	-169	3704	-51	361	310
-1410	-143	3717	-39	437	306
-1435	-116	3741	-16	471	319
-1485	-112	3770	-3	468	322
-1518	-125	3743	13	467	355
-1546	-164	3747	16	463	333
-1539	-134	3766	14	450	313
-1530	-149	3765	14	452	300
-1523	-151	3768	6	455	244
-1551	-124	3741	11	429	262
-1575	-138	3734	6	439	264
-1620	-164	3762	-1	451	246
-1725	-136	3765	-10	417	249
-1826	-55	3748	-20	347	269
-1860	34	3577	-22	268	358
-1835	21	3410	-12	210	413
-1807	193	3105	-40	195	450
-1771	319	2737	-54	421	667
-1720	211	2504	-62	769	805
-1688	77	2301	-119	1109	759
-1699	-171	2270	-203	1474	591
-1816	-121	2337	-317	1707	371
-1925	-70	2299	-395	1923	377
-1915	-70	2347	-328	2107	297
-1864	-329	2333	-164	2131	106
-1951	-379	2143	-54	2140	-245
-1974	-219	1945	-28	2299	-372
-1808	-62	1787	-28	2551	-242
-1689	195	1796	26	2812	-39
-1751	231	1977	171	2818	297
-1997	33	2077	366	2602	454
-2274	-104	2233	481	2489	374
-2533	-10	2618	478	2529	373
-2537	55	3133	486	2563	445
-2864	373	3946	477	1895	649
-3127	334	4597	567	794	802
-3368	166	4607	638	-398	698
-3292	13	4196	385	-1116	258
-3217	-40	3813	59	-1610	-87
-3137	-233	3799	-164	-2021	-403
-3077	215	3777	-200	-2559	-428
-3213	-23	3929	-164	-2730	-194
-3387	422	4515	-108	-3144	-275
-3209	400	5037	-94	-3315	-209
-3207	27	5600	-56	-3798	-110
-3170	-314	5771	-207	-4696	-356
-2926	-304	5722	-363	-5174	-547
-2380	-386	4939	-561	-4670	-793
-2087	-119	4369	-545	-3671	-988
-1907	172	4708	-395	-2936	-826
-1795	199	4881	-247	-2526	-641
-1639	173	4876	-237	-2058	-666
-1325	35	4641	-238	-2101	-694
-841	-1	4044	-155	-2395	-644
-473	-27	3348	-70	-2436	-575
-331	-104	3016	-15	-2170	-513
-290	-220	3098	13	-1931	-543
-353	-176	3287	34	-1734	-490
-455	-92	3719	58	-1682	-410
-426	-74	3933	66	-1837	-400
-389	-1	3937	22	-1802	-450
-361	-77	4050	-6	-1637	-393
-342	-116	4293	-23	-1537	-390
-259	-98	4424	-49	-1485	-392
-136	-64	4505	-90	-1428	-403
-18	26	4442	-127	-1431	-424
140	73	4206	-144	-1427	-415
256	48	3842	-169	-1243	-309
344	-36	3620	-148	-956	-242
358	-66	3555	-101	-543	-212
293	-143	3799	-43	-212	-167
157	-164	4042	-10	-98	-151
87	-171	4266	-15	-181	-168
71	-186	4345	-45	-398	-202
144	-235	4210	-66	-542	-236
207	-235	4025	-79	-542	-196
267	-186	3955	-77	-469	-192
257	-190	3952	-90	-363	-152
251	-184	3988	-84	-236	-126
203	-204	4055	-83	-141	-111
173	-202	4105	-81	-108	-115
168	-154	4142	-81	-138	-98
191	-178	4096	-78	-168	-63
201	-205	4044	-63	-123	-41
193	-193	4050	-49	-51	-18
188	-197	4090	-46	-29	2
221	-188	4083	-46	-30	31
242	-214	4077	-43	-20	62
234	-245	4073	-46	7	65
226	-262	4091	-43	63	51
206	-283	4126	-34	91	26
197	-250	4130	-21	62	7
196	-223	4126	-10	19	14
218	-243	4073	-10	27	33
194	-265	4085	-7	59	40
186	-253	4121	-10	61	36
180	-264	4138	-6	47	19
172	-244	4111	-14	40	9
171	-224	4089	-14	58	-2
160	-222	4098	-15	79	0
153	-236	4117	-11	75	-6
141	-250	4099	-9	71	-7
142	-242	4111	-7	78	-17
137	-267	4117	4	78	-17
127	-231	4161	-2	60	-18
117	-218	4203	-10	-1	-17
142	-250	4161	-16	-50	-26
178	-249	4014	0	-7	-15
182	-237	4036	-1	83	-9
139	-245	4095	-2	110	2
138	-239	4129	2	84	-3
123	-247	4149	0	37	7
119	-237	4144	4	24	11
126	-227	4119	4	11	17
145	-215	4125	6	7	20
151	-239	4096	2	14	20
143	-233	4081	-3	43	17
106	-229	4100	0	71	8
96	-239	4143	5	62	3
92	-250	4139	15	32	21
122	-248	4102	16	30	26
128	-238	4115	7	36	21
115	-225	4133	5	26	8
110	-237	4116	2	21	-3
112	-249	4105	4	26	-4
-1283	-166	3870	18	136	-21
-1274	-162	3820	18	156	-17
-1284	-140	3830	17	179	-11
-1327	-120	3819	20	199	21
-1392	-147	3824	25	225	56
-1455	-167	3825	21	220	52
-1466	-164	3791	20	230	32
-1447	-163	3705	33	288	27
-1460	-145	3717	53	348	37
-1498	-65	3752	45	348	64
-1603	-38	3705	46	333	151
-1691	-52	3614	43	342	170
-1813	-58	3532	29	395	198
-1949	-42	3434	28	460	272
-1974	-54	3273	48	598	344
-1910	-62	3158	75	716	321
-1869	19	3132	70	771	351
-1941	91	2993	45	937	458
-1953	79	2906	11	1171	563
-1972	99	2774	-53	1341	581
-1938	77	2512	-119	1503	557
-1833	-18	2279	-127	1832	455
-1806	-96	2261	-146	2093	363
-1794	-255	2168	-187	2261	303
-1808	-334	2021	-178	2598	201
-1813	-482	2016	-122	2932	47
-1886	-556	2028	-16	3190	-164
-2010	-512	2254	20	3274	-340
-2120	-167	2550	47	3292	-374
-2169	336	2592	110	3116	-150
-2020	478	2380	292	2896	340
-1873	158	2334	421	2813	486
-1955	23	2693	432	2584	394
-2209	30	2716	403	2236	477
-2429	-28	2794	319	2092	527
-2525	25	3378	255	1807	521
-2512	173	3581	227	1043	594
-2735	18	3596	321	325	788
-3198	-314	3669	328	-390	698
-3355	-98	3511	190	-908	500
-3363	190	3612	231	-1526	344
-3365	424	4444	168	-2260	445
-3296	557	4060	69	-2834	649
-3491	483	3836	-35	-3110	628
-3670	280	4010	-250	-3284	405
-3421	215	3975	-531	-3771	210
-2959	130	3801	-894	-4007	74
-2575	-80	4135	-1002	-4228	-141
-2403	-105	4722	-905	-4796	-256
-2757	-124	5884	-681	-5453	-284
-4179	289	7817	-332	-5996	16
-5394	572	5954	70	-4478	195
-3602	937	5326	97	-629	-497
-2344	883	6046	-192	-527	-863
-972	691	4797	-183	-2633	-633
775	366	2028	-150	-3739	-204
1685	-249	419	-193	-2472	99
1316	-745	1181	-126	-688	165
214	-810	3488	-135	-134	105
-786	-707	5525	-221	-1185	-306
-1093	-351	5948	-282	-2758	-528
-835	-92	5294	-332	-3569	-550
-424	146	4495	-318	-3121	-546
-405	280	4528	-206	-2179	-676
-686	214	4882	-403	-2326	-908
-511	277	4363	-535	-2963	-810
315	-54	3269	-406	-2779	-528
680	71	2496	-310	-2165	-153
939	-221	2043	-69	-759	129
696	-136	2770	63	339	68
382	-132	3796	104	902	-95
88	-61	4725	62	495	-139
29	-200	4962	42	-210	-133
20	-110	4835	-17	-771	-152
160	-45	4420	-62	-1019	-62
304	-111	3957	-67	-938	79
306	-167	3618	-66	-614	125
219	-192	3591	-38	-244	79
91	-169	3829	-15	-64	-10
20	-70	4007	13	-44	-8
37	-23	4117	17	-42	41
19	-44	4156	-14	5	67
-23	-145	4225	-37	21	52
-57	-190	4225	-33	-45	-1
17	-203	4141	-27	-118	-47
122	-159	4057	-20	-147	-71
228	-103	3996	1	-121	-30
302	-153	3996	4	-58	9
288	-159	4047	-3	41	27
245	-170	4126	-12	81	19
194	-155	4141	-5	67	23
188	-132	4130	-6	46	19
211	-126	4099	-13	34	19
221	-118	4079	-17	48	23
217	-116	4034	-24	109	20
179	-121	4067	-28	187	15
114	-133	4128	-22	201	-10
61	-127	4156	-26	155	-19
58	-157	4151	-26	114	-23
55	-158	4155	-21	90	-7
99	-202	4118	-13	84	15
83	-206	4098	-11	123	20
55	-207	4135	-4	116	23
41	-197	4175	-3	71	21
39	-165	4192	-5	3	28
77	-176	4084	2	-32	30
136	-157	4064	6	33	20
157	-122	4105	2	79	26
119	-132	4160	3	75	6
88	-143	4164	9	27	-10
78	-136	4110	10	8	-2
116	-133	4085	4	20	20
137	-146	4091	1	41	39
95	-172	4119	-4	80	33
37	-182	4142	-13	94	-12
15	-157	4161	-19	63	-15
27	-127	4206	-23	-9	6
41	-128	4156	-14	-70	27
76	-139	4087	-9	-84	31
91	-175	4054	-18	-34	29
81	-184	4067	-18	18	20
83	-169	4112	-15	23	11
66	-146	4137	-13	20	-3
58	-156	4136	-11	22	-3
49	-163	4156	-13	23	5
44	-163	4138	-9	-13	12
63	-175	4117	-1	-42	5
82	-183	4109	-5	-39	-9
87	-177	4131	-1	-23	-14
73	-171	4137	-2	-19	-10
-1024	-68	3896	-43	66	118
-1012	-83	3896	-37	88	116
-1007	-118	3919	-35	118	112
-1006	-152	3951	-34	145	87
-1038	-167	3991	-34	135	57
-1058	-142	4008	-34	98	32
-1049	-98	3954	-28	70	24
-997	-100	3871	-33	107	32
-979	-136	3952	-48	162	7
-1024	-152	4018	-58	136	17
-1074	-133	3999	-55	88	20
-1108	-108	3986	-56	47	10
-1102	-76	3943	-64	28	15
-1078	-52	3893	-81	41	55
-1072	-55	3891	-92	65	101
-1087	-59	3903	-104	93	146
-1150	-90	3931	-120	91	176
-1188	-56	3894	-130	83	214
-1172	-60	3852	-138	113	264
-1186	-70	3847	-139	163	308
-1212	-109	3808	-138	200	342
-1210	-86	3794	-133	278	367
-1249	-52	3808	-150	327	402
-1314	17	3746	-178	339	462
-1375	-31	3686	-209	399	530
-1453	-42	3565	-252	486	540
-1531	-58	3458	-281	584	558
-1591	-44	3356	-306	687	599
-1689	17	3266	-319	796	666
-1792	-28	3118	-340	892	733
-1790	-71	2825	-380	1063	671
-1717	-17	2641	-444	1270	576
-1721	35	2440	-449	1471	669
-1847	-11	2289	-426	1643	765
-1947	-98	2165	-406	1754	737
-1926	-246	1912	-391	1982	611
-1764	-366	1841	-440	2326	370
-1644	-283	1937	-555	2454	-18
-1616	-119	1979	-616	2414	-180
-1587	-142	2051	-600	2454	-53
-1657	-93	2044	-454	2522	111
-1591	-106	2042	-347	2606	220
-1568	-305	2230	-307	2283	157
-1686	-598	2254	-228	1674	50
-1916	-788	2237	-62	1644	-63
-1934	-673	2520	77	2077	-294
-2089	-225	3395	126	2239	-341
-2445	122	4651	344	1726	-108
-3029	264	5648	577	87	328
-3432	-245	5233	750	-1286	748
-3611	-1267	5330	862	-2052	629
-3619	-914	5762	559	-3106	-78
-2849	-77	4497	194	-4027	-255
-2342	-478	4630	356	-4304	-369
-2321	-677	5338	566	-4887	-738
-2700	-718	6415	688	-5098	-346
-2498	-774	6925	513	-4997	-364
-2675	-199	7095	-65	-4679	-713
-2025	271	6158	-657	-3616	-490
-1569	114	5354	-741	-2670	-343
-1146	228	4746	-767	-1584	-284
-748	-62	4369	-504	-1432	-117
-231	-251	3490	-109	-1706	160
17	-412	2736	165	-1435	239
-5	-561	2675	250	-878	53
-166	-572	3254	272	-668	-322
-324	-533	3987	305	-1079	-650
-437	-415	4433	324	-1869	-824
-426	-268	4370	287	-2459	-796
-365	-57	4042	249	-2497	-607
-306	-34	3880	243	-2093	-426
-303	-53	4178	199	-1796	-383
-328	-114	4446	123	-1808	-496
-254	-195	4469	-13	-1753	-681
-58	-241	4420	-139	-1617	-840
43	-179	4086	-169	-1491	-801
111	-128	3693	-86	-1229	-615
209	-126	3475	31	-897	-576
221	-137	3558	82	-513	-601
135	-229	3912	61	-254	-664
61	-314	4279	33	-367	-748
105	-403	4470	0	-673	-807
229	-343	4424	-32	-985	-914
377	-199	4300	-65	-1194	-915
521	-145	4078	-27	-1350	-927
647	-88	3849	-12	-1288	-879
716	-114	3742	11	-1115	-809
708	-152	3734	-4	-840	-750
721	-136	3847	-22	-592	-728
693	-162	3958	-32	-446	-704
633	-268	4049	-57	-363	-770
560	-248	4151	-81	-350	-846
539	-196	4175	-102	-403	-800
612	-116	4069	-92	-426	-639
762	-99	4029	-56	-407	-557
815	-50	3991	-30	-439	-559
755	-52	3925	-21	-358	-537
709	-52	4022	-69	-268	-465
709	-96	4098	-121	-324	-396
736	-112	4094	-126	-360	-361
722	-52	4093	-104	-354	-323
744	-73	4103	-79	-372	-264
789	-86	4032	-67	-400	-274
823	2	3932	-81	-324	-256
875	-97	3917	-103	-176	-224
876	-166	3970	-127	-79	-213
832	-213	3984	-134	-22	-141
835	-270	4003	-117	-12	-98
830	-286	4014	-93	-20	-79
866	-322	4038	-93	-76	-97
871	-331	4023	-104	-98	-95
872	-301	3972	-75	-47	-114
842	-229	3977	-69	43	-133
790	-159	4027	-95	94	-98
765	-123	4043	-120	84	-54
809	-136	4047	-119	74	-37
851	-179	3992	-85	91	-36
851	-217	3960	-35	160	-44
831	-216	4016	-3	218	-26
808	-266	4093	-1	200	13
775	-277	4111	-12	147	31
789	-281	4107	-14	92	55
780	-301	4094	-12	38	68
797	-309	4080	-8	10	32
799	-281	4041	-15	12	1
781	-252	4004	-20	47	24
768	-246	4010	-4	84	51
755	-241	4064	6	97	63
754	-243	4073	5	99	55
729	-239	4080	17	79	64
-1127	-118	3919	-6	-35	-33
-1153	-125	3891	-12	-22	-37
-1164	-133	3875	-13	9	-38
-1170	-141	3857	-13	42	-41
-1191	-142	3868	-2	58	-42
-1204	-142	3858	-4	74	-68
-1236	-135	3872	-5	81	-79
-1268	-146	3886	-5	72	-90
-1266	-149	3855	2	70	-105
-1263	-104	3810	6	109	-100
-1256	-102	3776	10	160	-73
-1266	-109	3757	4	205	-89
-1307	-90	3762	5	269	-61
-1352	-92	3810	14	318	-18
-1406	-102	3801	15	329	-38
-1418	-69	3714	-2	324	-58
-1478	-55	3562	-2	377	-10
-1565	-76	3391	-11	515	36
-1686	-50	3254	-33	682	55
-1704	-75	3234	-25	872	104
-1719	-150	3197	-32	963	78
-1727	-104	2979	-58	966	36
-1794	-88	2593	-93	1077	109
-1812	-24	2240	-179	1365	124
-1790	44	1983	-263	1761	202
-1677	7	1759	-322	2155	253
-1487	-70	1716	-327	2414	178
-1559	-223	1705	-337	2408	112
-1654	-351	1454	-271	2408	89
-1720	-319	1348	-167	2912	119
-1801	-159	1466	-17	3603	207
-1775	81	1884	156	4082	373
-1798	150	2520	333	4051	588
-1831	113	2950	434	3360	624
-2010	16	3324	439	2584	684
-2209	-406	3474	283	1751	576
-2537	-363	3383	103	1344	245
-2737	-304	3523	89	1087	166
-3148	-39	4277	129	739	118
-3467	335	4625	174	67	299
-3598	361	4440	178	-383	511
-3603	-5	4460	155	-943	624
-3351	-86	4301	73	-1590	505
-2955	-171	4215	57	-2183	524
-2827	-283	3757	64	-2343	145
-3218	222	4756	69	-2918	-292
-3011	489	4850	90	-3817	-255
-2893	109	4712	31	-4019	-176
-2884	-268	4951	-35	-4561	-125
-2983	-158	5773	-183	-5025	-243
-3783	-67	7076	-149	-5594	-167
-4347	-114	6749	-259	-5077	-184
-3139	97	5070	-517	-2896	-638
-2286	16	5419	-638	-1492	-1038
-1138	376	5491	-687	-2942	-1002
308	62	2758	-656	-4568	-459
1465	-456	456	-538	-3588	-45
1366	-752	327	-322	-1327	-99
327	-538	2800	-79	56	-229
-499	-486	5236	52	-745	-449
-555	-281	6191	9	-2369	-642
-518	-62	5817	-66	-3512	-477
465	-173	5006	28	-3561	-695
-289	216	4912	-135	-3441	-397
380	300	4186	-71	-3049	-335
386	-41	3765	-348	-2978	-376
1173	72	2645	-260	-2480	-57
1390	-22	2040	-281	-1524	-252
1194	-297	2060	-103	-39	-177
748	-153	3062	-41	1040	-230
196	-166	4159	36	1266	-56
-208	-130	4907	87	839	165
-356	-299	5139	47	113	203
-262	-417	4897	-14	-509	131
-97	-352	4439	-81	-836	6
74	-375	4017	-110	-872	-62
188	-318	3818	-108	-735	-80
335	-310	3672	-76	-552	-50
471	-239	3635	-18	-266	-51
471	-213	3776	8	73	6
397	-232	4018	15	248	27
353	-247	4154	11	241	28
305	-320	4213	16	148	17
262	-319	4215	27	56	10
265	-307	4217	30	-56	12
301	-289	4168	21	-143	13
336	-240	4141	-1	-200	32
372	-270	4092	5	-238	16
385	-255	4064	12	-182	9
365	-231	4061	22	-120	-4
329	-218	4047	31	-59	7
313	-199	4030	41	-3	30
342	-217	4016	43	26	29
326	-227	4066	33	64	10
307	-253	4113	36	97	-16
261	-232	4184	36	58	-26
247	-230	4188	36	-18	-13
279	-232	4141	36	-77	-10
324	-230	4101	34	-85	0
367	-235	4069	34	-48	27
374	-251	4053	22	2	37
352	-250	4051	12	33	33
333	-225	4066	5	63	34
303	-217	4122	-9	74	20
272	-214	4074	-12	65	18
265	-234	4058	-2	128	26
236	-247	4123	2	158	10
229	-238	4211	4	107	-7
213	-216	4246	13	-28	-1
233	-218	4196	21	-132	13
283	-245	4116	13	-153	2
302	-272	4087	11	-136	-33
322	-245	4095	6	-120	-36
367	-255	4068	4	-109	-26
389	-255	4065	-1	-72	-14
408	-259	4077	-6	-30	1
389	-234	4112	-11	-30	5
371	-233	4096	-14	-34	4
339	-238	4089	-10	-15	6
328	-224	4112	-7	-1	11
337	-213	4125	-2	-25	16
350	-222	4113	-1	-38	27
337	-226	4104	1	-29	28
327	-225	4132	0	-34	10
318	-227	4110	-5	-53	-8
322	-241	4117	-12	-69	-12
335	-250	4096	-16	-68	-7
347	-272	4089	-12	-70	-5
368	-244	4104	-6	-72	-1
390	-249	4096	-3	-66	11
-1206	-70	3863	5	-97	40
-1213	-54	3903	-1	-58	62
-1229	-72	3881	-1	-52	67
-1215	-88	3831	-11	-19	60
-1258	-102	3820	-16	20	58
-1293	-74	3894	-20	27	59
-1300	-52	3873	-27	5	76
-1297	-71	3780	-28	43	93
-1304	-56	3786	-40	115	80
-1341	-52	3812	-47	145	120
-1408	-115	3765	-37	160	144
-1439	-117	3715	-29	215	89
-1464	-22	3731	-23	257	90
-1451	31	3732	-32	274	156
-1424	40	3726	-51	306	212
-1470	42	3696	-63	348	270
-1536	-19	3640	-73	405	301
-1596	-48	3642	-73	464	314
-1649	-54	3630	-69	510	314
-1724	-51	3571	-66	523	326
-1781	-41	3484	-62	557	324
-1797	-39	3391	-59	615	312
-1880	2	3200	-71	658	334
-1989	31	2960	-95	792	375
-1987	89	2797	-93	1126	417
-1988	-32	2834	-85	1411	473
-2064	-6	2804	-151	1404	431
-2104	155	2600	-186	1408	500
-2038	86	2341	-202	1488	667
-1920	-20	2020	-299	1739	551
-1644	-31	1724	-365	2157	362
-1502	-168	1643	-433	2459	262
-1447	-363	1543	-466	2638	40
-1519	-435	1513	-452	2936	-228
-1709	-247	1560	-389	3071	-308
-1746	-79	1617	-175	3147	-145
-1644	-69	1781	109	3193	2
-1662	-83	2350	325	3083	97
-1700	-9	2922	579	2445	405
-1804	24	3083	733	1712	668
-2223	88	3651	739	1224	715
-2823	324	4222	808	517	836
-3377	300	4492	799	-120	1027
-3826	-34	4690	681	-899	1024
-3887	-140	4888	366	-1653	567
-3542	71	5151	124	-2880	51
-3170	-27	4666	-54	-3826	-222
-2920	-179	4090	-284	-4151	-346
-2800	-143	4460	-512	-4028	-552
-2839	-58	5531	-544	-4088	-768
-3379	-147	6809	-426	-4696	-815
-3242	-348	6704	-286	-5302	-900
-2548	-54	5607	-404	-4547	-1045
-2336	101	5347	-640	-3097	-1013
-2233	275	5798	-512	-2755	-975
-1648	331	5182	-246	-2606	-968
-1107	277	4578	-155	-2499	-917
-597	-4	3772	-84	-2809	-703
-117	-153	2885	90	-2823	-462
160	-321	2588	265	-2318	-374
164	-340	2999	249	-1898	-515
29	-269	3392	182	-1777	-577
-33	-219	3805	134	-1844	-585
-200	-96	3918	60	-2048	-499
-256	-118	3927	-11	-1947	-340
-277	-105	4196	-92	-1756	-180
-284	-98	4492	-124	-1685	-111
-216	-98	4614	-151	-1618	-102
-144	-19	4604	-203	-1600	-53
45	47	4303	-160	-1639	-139
231	122	3814	-93	-1503	-174
380	140	3465	-42	-1062	-116
425	52	3447	-2	-478	-104
292	-49	3823	-18	-118	-115
186	-146	4220	-30	-171	-160
155	-180	4411	-42	-446	-212
200	-217	4391	-85	-768	-235
377	-264	4254	-107	-1008	-322
488	-189	4071	-128	-1080	-253
543	-119	3926	-92	-995	-143
535	-96	3900	-26	-788	-38
517	-211	3943	36	-671	-5
542	-347	4014	45	-610	-55
559	-412	3985	-36	-506	-115
574	-427	3948	-95	-351	-137
539	-314	3957	-95	-187	-135
517	-230	3981	-47	-81	-99
483	-156	4038	-14	-46	-67
496	-143	4053	9	-34	-31
512	-170	4051	20	-1	-18
530	-173	4126	28	19	-17
546	-169	4139	33	-29	-20
574	-111	4098	28	-104	-4
636	-150	4013	33	-100	-26
670	-150	3983	26	-29	-56
632	-168	3990	23	55	-30
611	-182	4018	22	143	-37
562	-161	4055	26	191	-28
522	-165	4102	27	187	-21
478	-149	4130	26	160	-6
474	-177	4086	20	140	5
471	-168	4062	22	167	-1
417	-192	4089	26	190	12
382	-187	4149	24	173	16
373	-184	4141	13	143	12
397	-167	4121	-7	142	-5
398	-160	4079	-9	149	1
388	-143	4077	7	169	10
384	-154	4089	9	178	11
409	-153	4089	7	168	3
403	-144	4079	12	170	14
407	-176	4128	4	170	6
360	-197	4144	-9	141	-7
355	-212	4124	-13	121	-11
361	-209	4092	-17	118	4
377	-211	4059	-11	136	22
354	-216	4103	-3	161	37
332	-184	4132	7	151	41
331	-173	4151	10	116	44
343	-172	4097	14	119	42
324	-174	4119	9	150	43
322	-182	4134	3	141	33
311	-175	4124	11	111	17
321	-174	4123	14	92	11
319	-172	4093	3	96	18
316	-183	4103	-3	110	20
298	-185	4125	-6	100	19
298	-189	4119	-1	86	6
289	-188	4126	-5	83	6
296	-185	4114	-1	93	6
-1021	-64	3962	3	40	33
-1041	-102	3958	1	34	21
-1044	-119	3959	-1	41	-6
-1016	-97	3978	1	36	-34
-1017	-54	3944	6	35	-25
-1026	-55	3936	5	56	-7
-1062	-58	3942	-3	76	4
-1081	-74	3915	-5	90	8
-1060	-103	3908	1	116	-14
-1056	-78	3919	0	138	-21
-1072	-78	3901	-2	160	-7
-1120	-66	3901	-9	199	-19
-1192	-48	3903	-14	212	-8
-1216	-59	3886	-21	224	4
-1268	-55	3900	-18	238	18
-1341	-57	3854	-25	252	46
-1465	-82	3783	-47	317	72
-1530	-93	3719	-4	300	71
-1469	-47	3587	7	329	24
-1412	22	3521	-12	419	26
-1504	95	3427	-10	557	113
-1681	92	3300	-33	766	209
-1777	61	3125	10	920	310
-1833	23	2942	14	1137	336
-1717	13	2830	33	1349	300
-1579	-66	2761	33	1605	276
-1663	-91	2650	10	1689	214
-1725	9	2271	-14	1857	255
-1703	12	1969	-61	2312	230
-1611	-97	1954	-128	2737	98
-1529	-284	2038	-163	2963	-105
-1678	-303	2280	-218	2896	-190
-1772	-232	2199	-189	2667	-109
-1685	-94	1986	-106	2759	19
-1531	-149	2141	-82	2941	36
-1486	-250	2171	-88	2755	-64
-1504	-222	2059	-95	2621	-101
-1576	-2	2661	-87	2554	10
-1695	148	3126	32	1886	405
-1872	200	3076	213	1343	761
-2092	9	3226	320	1059	920
-2470	-319	3805	311	566	697
-2621	-99	3978	210	18	447
-2965	100	4760	146	-440	602
-3264	-17	5189	128	-1351	697
-3288	-48	4803	-8	-2275	358
-3290	305	4486	-214	-2791	284
-3251	122	4400	-260	-3310	456
-2831	-265	3935	-272	-3307	535
-2683	70	5086	-304	-3741	170
-2653	-21	6102	-274	-4613	129
-3534	-204	7647	-240	-5520	116
-5353	-414	8865	19	-5952	311
-4589	-1071	6161	-73	-3603	-40
-3124	-660	5574	-469	23	-543
-2288	-136	6319	-577	-1095	-1211
-455	775	3938	-306	-3879	-990
1205	611	964	-345	-4116	-336
1920	84	-539	-348	-1945	59
1537	-354	490	-122	799	87
54	-246	3378	142	1630	-18
-1166	-104	6039	190	-29	-209
-1481	151	6920	51	-2413	-269
-1142	181	6153	-143	-3884	-337
-662	452	4995	-178	-3801	-414
-560	587	4676	-79	-3203	-520
-704	453	4461	-108	-3162	-737
-314	474	3617	-170	-3131	-733
237	238	2640	-127	-2470	-432
424	110	2315	42	-1450	-121
365	47	2494	192	-528	66
141	-65	3411	195	145	170
-82	-302	4509	116	114	235
-85	-693	5226	3	-552	31
123	-425	5266	-86	-1342	-181
341	-388	4780	-101	-1900	-174
750	-285	4062	-160	-2038	-182
1045	-230	3428	-154	-1683	-90
1152	-124	3024	-139	-1026	72
1103	-212	2953	-98	-214	129
810	-215	3481	-86	439	52
511	-143	4091	-68	581	-41
318	-28	4462	-54	357	-29
248	-3	4577	-48	-9	48
223	50	4376	-34	-270	117
245	-47	4090	-11	-305	168
304	-177	3942	-11	-212	112
267	-185	3952	1	-90	41
219	-181	4071	26	-39	41
240	-174	4175	24	-96	24
330	-163	4178	16	-152	20
358	-172	4056	5	-133	20
415	-170	3969	6	-27	24
412	-153	4035	9	60	0
420	-69	4100	16	56	-2
421	-27	4120	17	33	29
446	-77	4113	0	3	63
474	-102	4075	-16	-11	61
501	-124	4057	-16	11	43
507	-116	4054	-11	51	40
488	-62	4051	-7	94	77
472	-87	4079	-15	122	113
439	-115	4095	-38	121	107
408	-174	4095	-42	146	94
376	-211	4082	-40	172	63
340	-235	4087	-30	206	42
270	-215	4109	-20	212	39
231	-171	4173	-6	185	57
241	-159	4171	6	130	67
254	-175	4144	18	75	54
273	-150	4107	29	70	30
281	-147	4123	39	79	14
290	-152	4173	37	67	7
301	-158	4169	38	20	-3
321	-142	4158	32	-26	-7
377	-130	4109	39	-44	2
396	-146	4056	38	0	2
389	-127	4049	35	59	-2
368	-113	4084	32	86	-6
363	-111	4140	24	69	9
367	-119	4138	11	49	6
343	-116	4135	5	28	8
357	-137	4129	8	3	2
344	-123	4106	15	16	1
318	-137	4089	23	34	0
308	-116	4136	22	41	-4
280	-120	4141	10	20	-2
282	-124	4099	6	1	-3
292	-110	4102	0	13	6
279	-153	4109	0	25	4
-1239	-64	3878	-66	44	286
-1249	-56	3843	-78	57	316
-1253	-70	3825	-90	107	358
-1247	-91	3882	-103	125	370
-1264	-120	3893	-102	108	380
-1277	-76	3828	-99	119	407
-1247	-124	3786	-83	201	429
-1247	-91	3819	-82	265	412
-1275	-49	3835	-89	279	441
-1366	-43	3814	-102	290	458
-1413	-15	3804	-112	317	488
-1482	-11	3820	-120	333	550
-1491	25	3810	-122	292	609
-1493	23	3722	-123	286	675
-1474	33	3665	-138	349	709
-1503	2	3662	-163	413	728
-1548	4	3617	-201	470	745
-1657	33	3514	-223	609	784
-1680	110	3431	-209	720	881
-1749	76	3416	-215	806	976
-1794	57	3356	-227	888	972
-1839	54	3245	-252	1040	990
-1945	2	3113	-270	1180	1036
-2069	-29	2951	-301	1276	989
-2097	23	2758	-354	1448	970
-2038	91	2625	-372	1747	947
-2043	125	2579	-386	1981	971
-2073	19	2464	-401	2031	965
-2129	4	2194	-397	2098	894
-2164	-73	1962	-374	2227	838
-2131	-230	1642	-338	2417	731
-2023	-356	1492	-325	2712	511
-1889	-295	1403	-261	3089	239
-1955	-197	1438	-100	3413	99
-2003	-17	1533	123	3590	43
-1968	166	1715	394	3627	207
-2029	-22	2452	513	3197	398
-1956	171	2811	566	2218	384
-1582	380	2633	532	1825	633
-1912	411	3444	513	1720	770
-2548	335	4224	599	962	1018
-3203	-125	4473	482	-158	713
-3645	-345	4841	171	-1274	266
-3716	-476	4568	-136	-2318	107
-3321	-157	3911	-164	-2765	-246
-3228	429	3631	64	-3011	-398
-3136	546	3513	248	-3005	-255
-3111	359	4321	274	-3218	-118
-2882	285	4581	-30	-3632	-127
-3082	407	5411	-342	-4094	-246
-3478	200	6578	-448	-5321	-803
-3843	-76	6975	-434	-6645	-1442
-2610	-8	4441	-546	-5920	-1443
-2255	65	4520	-742	-3466	-1094
-2389	21	6210	-674	-2036	-941
-2205	261	5867	-423	-1423	-1018
-1780	123	5377	-291	-1213	-1163
-1036	73	4383	-306	-1985	-1152
-325	-28	3003	-188	-2563	-861
192	-226	1935	-44	-2222	-573
377	-437	2020	-54	-1256	-520
174	-467	3126	-163	-655	-655
-242	-370	4310	-197	-955	-756
-615	-355	4839	-139	-1810	-670
-771	-368	4532	-40	-2530	-622
-634	-360	3813	56	-2547	-666
-383	-273	3789	-7	-2061	-772
-212	-173	4105	-27	-1593	-829
-280	-80	4469	46	-1207	-887
-369	18	4637	154	-1109	-905
-298	24	4378	206	-1223	-999
-120	9	3828	144	-1157	-1018
24	-48	3349	42	-774	-1008
47	-174	3267	-27	-232	-960
-84	-249	3632	-20	156	-996
-266	-240	4159	25	146	-985
-311	-241	4479	51	-148	-1006
-211	-149	4542	48	-495	-1023
-49	-107	4458	23	-793	-1009
98	-104	4208	-21	-908	-916
256	-123	3997	-31	-885	-856
297	-209	3806	-12	-737	-810
269	-276	3701	19	-452	-786
199	-283	3786	55	-134	-839
69	-171	4059	26	88	-843
2	-33	4288	-10	11	-827
-10	19	4320	-10	-140	-767
29	-17	4214	30	-275	-753
100	-88	4055	50	-299	-755
160	-88	3995	32	-226	-702
197	-113	4022	-33	-172	-607
203	-142	4031	-66	-106	-486
134	-207	4066	-66	-70	-446
97	-190	4123	-70	-42	-437
52	-152	4170	-66	-61	-398
65	-144	4107	-50	-84	-371
133	-86	4071	-46	-40	-341
142	-109	4046	-21	-11	-311
126	-135	4053	15	35	-306
73	-148	4107	25	66	-313
54	-183	4157	7	43	-356
70	-188	4153	-10	9	-385
107	-134	4119	-32	-20	-379
139	-113	4090	-37	-21	-322
135	-152	4099	-40	-2	-249
159	-211	4088	-30	23	-208
153	-222	4061	-18	61	-176
153	-245	4064	-16	103	-175
150	-195	4121	-25	115	-177
147	-196	4123	-17	90	-172
156	-213	4074	-5	83	-177
138	-212	4131	14	106	-146
103	-189	4173	20	89	-100
104	-179	4171	25	54	-76
123	-185	4107	39	40	-66
119	-164	4026	51	82	-41
106	-166	4026	51	174	-19
64	-188	4103	53	203	-39
11	-177	4189	47	171	-73
29	-174	4177	49	115	-84
75	-189	4131	57	87	-50
75	-219	4075	77	102	13
86	-240	4031	102	152	40
53	-238	4073	120	197	40
23	-231	4129	132	194	14
9	-186	4187	119	156	8
-5	-151	4197	104	99	22
-2	-138	4150	92	64	25
10	-121	4115	99	50	24
3	-131	4104	106	56	12
-1067	-129	4009	10	-74	-59
-1035	-112	3940	14	-106	-58
-1028	-102	3902	7	-73	-45
-1053	-83	3906	4	-38	-23
-1063	-86	3926	2	-16	2
-1068	-102	3954	0	-15	5
-1086	-87	3941	2	-16	3
-1097	-73	3920	-2	-6	25
-1110	-87	3943	-11	1	49
-1142	-66	3949	-18	-20	51
-1148	-51	3892	-19	-10	94
-1147	-79	3875	-5	45	105
-1155	-84	3875	-19	72	110
-1183	-90	3866	-22	85	118
-1241	-71	3837	-19	96	105
-1288	-36	3779	-22	132	117
-1335	-43	3708	-26	230	144
-1386	-68	3677	-34	307	165
-1435	-86	3675	-30	373	166
-1506	-88	3636	-10	435	179
-1603	-108	3537	-7	473	155
-1726	-37	3379	-14	524	142
-1808	-41	3142	-38	599	159
-1803	54	2949	-68	823	101
-1777	95	2925	-41	1101	179
-1752	-52	2864	-2	1208	266
-1660	-167	2653	-25	1281	74
-1624	-75	2357	-47	1460	-35
-1637	-69	2094	-57	1804	22
-1630	21	1986	-111	2216	-17
-1617	191	1985	-122	2587	34
-1613	89	2057	-72	2710	166
-1554	-194	2068	-20	2786	118
-1577	-424	2131	-27	2803	-53
-1533	-444	2166	-50	2890	-233
-1590	-202	2418	-76	2821	-279
-1651	66	2529	-10	2600	7
-1599	-48	2493	108	2489	234
-1641	-245	2656	149	2381	-118
-1891	36	3130	237	2101	-190
-2161	238	3337	286	1480	225
-2355	41	3448	396	1068	586
-2530	15	4012	410	718	462
-2736	144	4668	369	27	496
-2980	92	4801	294	-1004	587
-3161	-106	4823	69	-1985	317
-2983	-120	4381	-147	-2727	26
-2723	-92	3940	-213	-3089	134
-2598	-218	3279	-189	-2798	261
-2961	35	4658	-135	-2502	-87
-3027	131	6195	-47	-3616	-249
-3151	-164	6852	-30	-4653	-187
-4089	-167	8074	-141	-5554	-263
-5229	-5	8176	-224	-5796	-156
-3431	137	5064	-364	-2893	-317
-2305	181	5655	-602	-380	-838
-1335	315	5705	-676	-1556	-936
-6	176	3690	-459	-3835	-440
1315	-242	1022	-326	-3746	105
1561	-777	161	-167	-1531	160
819	-636	1732	0	376	-183
-214	-532	4034	39	412	-381
-855	-498	5701	6	-1018	-631
-931	-311	5938	-76	-2695	-614
-674	-284	5211	-103	-3508	-414
-460	-226	4458	-95	-3128	-422
-406	-107	4389	-125	-2129	-553
-667	-52	4712	-184	-1842	-560
-602	-29	4378	-99	-2294	-447
70	199	3536	-52	-2320	-284
332	-56	2930	-117	-1982	-85
662	-200	2428	-60	-1099	-117
604	-279	2913	16	-147	-152
452	-353	3736	119	277	-78
276	-271	4556	169	132	-16
230	-125	4953	157	-454	95
285	-188	4830	85	-975	171
363	-275	4417	-11	-1206	140
412	-310	3949	-72	-1155	63
461	-310	3618	-114	-848	28
433	-260	3466	-108	-460	-40
348	-193	3615	-69	-78	-30
220	-194	3919	-37	81	-5
158	-161	4137	-26	82	-39
96	-142	4301	-30	33	-34
77	-132	4303	-37	-88	-9
76	-166	4206	-33	-189	17
123	-219	4070	-20	-221	8
172	-221	4044	3	-201	19
245	-286	4070	23	-198	36
295	-297	4087	26	-206	20
331	-320	4115	21	-208	10
321	-296	4118	5	-210	17
370	-269	4138	-11	-201	26
379	-244	4109	-24	-208	17
385	-200	4086	-30	-210	14
434	-172	4046	-39	-180	15
437	-152	4025	-52	-143	28
429	-202	4023	-48	-97	44
408	-237	4039	-39	-10	39
360	-271	4116	-28	45	20
311	-270	4159	-22	10	21
327	-257	4150	-21	-44	23
337	-270	4096	-21	-71	22
368	-281	4066	-23	-62	24
341	-290	4088	-20	-30	36
326	-306	4123	-13	-55	29
326	-296	4155	-12	-100	24
363	-269	4122	-9	-131	22
381	-253	4075	-9	-140	21
423	-262	4047	-7	-113	15
417	-246	4044	-5	-58	7
424	-250	4059	0	-14	5
429	-249	4092	-3	0	2
445	-235	4079	-4	17	9
444	-248	4070	0	47	23
394	-248	4092	9	74	27
345	-252	4157	11	57	22
331	-285	4199	22	-27	13
374	-292	4137	22	-106	7
411	-278	4074	27	-108	11
407	-301	4035	41	-49	41
349	-292	4122	45	-26	51
339	-263	4169	47	-58	63
370	-233	4124	40	-110	62
402	-224	4072	21	-88	43
400	-213	4043	2	-21	12
397	-229	4059	-8	24	-14
366	-242	4108	-7	29	-16
351	-243	4140	-3	-2	-10
-1235	-159	3872	-6	28	0
-1249	-151	3893	-15	30	8
-1249	-177	3911	-8	12	2
-1251	-157	3910	1	-14	0
-1219	-178	3884	12	-18	-6
-1227	-152	3886	0	-13	-11
-1246	-147	3870	-4	-13	6
-1251	-155	3871	-2	0	13
-1262	-169	3878	1	15	9
-1266	-158	3891	0	17	-1
-1260	-157	3879	-4	5	6
-1258	-151	3879	-12	10	14
-1291	-125	3880	-16	15	34
-1303	-123	3848	-16	20	66
-1302	-141	3782	-18	68	91
-1329	-166	3840	-28	134	77
-1396	-121	3843	-28	133	117
-1477	-134	3798	-20	143	164
-1532	-98	3742	-30	172	184
-1530	-103	3716	-42	220	216
-1509	-82	3672	-57	279	255
-1479	-103	3619	-45	377	296
-1501	-79	3611	-44	468	315
-1621	-90	3621	-56	523	340
-1736	-126	3582	-90	569	384
-1797	-93	3519	-103	625	396
-1836	-60	3410	-102	683	465
-1895	-42	3350	-50	725	551
-1892	-71	3202	-19	748	627
-1966	-49	3060	-40	838	682
-2040	-37	2928	-70	993	747
-2054	56	2791	-109	1207	809
-1967	98	2643	-109	1398	882
-1890	110	2541	-153	1501	958
-1875	34	2386	-244	1536	1032
-1815	-67	2202	-393	1665	935
-1818	-153	2006	-565	1823	818
-1757	-232	1760	-670	2054	695
-1699	-388	1609	-625	2321	537
-1817	-519	1594	-504	2579	361
-2024	-508	1632	-340	2929	246
-1899	-334	1812	-144	3182	197
-1455	-266	2008	-21	3301	82
-1273	-193	2574	-4	3011	-188
-1469	69	3275	0	1756	-112
-1612	395	2859	95	642	513
-1715	189	2554	262	426	1073
-2068	-260	2682	387	501	972
-2670	-357	3346	370	847	689
-3336	-357	4899	313	742	819
-3845	-188	6089	180	-494	410
-3790	317	6233	188	-2436	291
-3396	26	5232	255	-3704	319
-2823	-425	3900	261	-4319	198
-2247	-365	3742	248	-3961	36
-2271	-368	5243	110	-4203	-302
-2529	581	6563	75	-4970	-581
-3359	527	8027	18	-6179	-1043
-3332	338	6832	-265	-5981	-1207
-2475	389	6059	-669	-3291	-787
-2460	54	6266	-706	-1296	-385
-2269	-69	5687	-348	-1062	-611
-1197	178	4003	9	-1702	-692
-326	213	2408	192	-1752	-500
31	115	1579	181	-1016	-461
-20	-83	1779	104	-75	-512
-233	-217	2830	62	308	-603
-469	-191	4016	79	-137	-624
-630	-76	4908	116	-1126	-573
-773	-71	5105	102	-2200	-435
-755	-177	4428	109	-2663	-468
-646	-206	3817	91	-2397	-610
-485	-213	3855	-42	-2044	-759
-375	-285	4153	-164	-1740	-828
-378	-232	4353	-183	-1403	-916
-381	-48	4343	-158	-1075	-904
-342	26	4124	-118	-802	-858
-372	68	3836	-74	-568	-851
-384	138	3689	-26	-342	-748
-415	111	3805	37	-246	-619
-422	105	4047	118	-351	-573
-382	-2	4198	130	-517	-529
-349	-36	4321	87	-696	-608
-272	-128	4245	18	-802	-603
-179	-51	4143	-41	-819	-670
-88	-43	4116	-74	-846	-596
-25	-22	4069	-80	-841	-481
-9	-61	3994	-80	-764	-397
8	-87	3906	-93	-603	-335
16	-93	3985	-106	-421	-295
29	-82	4061	-94	-372	-249
39	-68	4075	-83	-375	-163
28	-43	4117	-75	-372	-129
40	-23	4148	-68	-395	-103
59	-57	4111	-47	-398	-47
100	-105	4081	-35	-374	5
113	-124	4034	-24	-328	71
128	-162	4074	-18	-306	106
119	-167	4142	-14	-306	119
160	-202	4139	-16	-331	114
189	-196	4100	-22	-331	114
211	-165	4073	-26	-296	137
229	-152	4056	-23	-254	170
232	-131	4016	-17	-183	195
237	-122	4066	-8	-128	209
226	-135	4072	2	-97	212
205	-164	4103	7	-87	199
203	-172	4115	5	-80	187
205	-182	4129	-2	-101	164
201	-206	4110	-9	-104	138
196	-189	4060	-13	-80	119
220	-195	4053	-14	-44	101
225	-200	4078	-13	1	92
224	-205	4081	-22	45	64
189	-204	4102	-18	61	44
181	-202	4103	-17	59	40
185	-200	4090	-12	72	39
181	-193	4095	-8	96	28
186	-192	4105	0	107	15
190	-189	4124	-2	97	-6
167	-183	4157	-13	79	-28
155	-195	4149	-21	55	-34
162	-196	4107	-20	50	-35
169	-171	4083	-9	69	-24
180	-168	4080	-3	95	-12
165	-168	4088	-4	125	-15
149	-174	4098	-10	141	-20
124	-173	4141	-15	137	-31
113	-180	4167	-12	117	-29
92	-182	4137	-7	100	-10
-1186	-116	3906	-15	-220	108
-1173	-92	3918	-22	-232	107
-1178	-65	3960	-28	-250	118
-1201	-73	3934	-31	-288	134
-1202	-70	3859	-38	-279	149
-1180	-109	3808	-38	-224	149
-1180	-110	3806	-40	-158	120
-1182	-109	3803	-34	-105	102
-1199	-80	3841	-27	-51	112
-1215	-80	3890	-21	-29	129
-1203	-92	3914	-28	-19	123
-1197	-94	3916	-36	-21	126
-1216	-99	3888	-27	-19	117
-1206	-112	3811	-25	26	89
-1210	-93	3848	-27	77	59
-1238	-96	3895	-24	79	45
-1247	-98	3855	-22	71	41
-1272	-106	3837	-19	93	37
-1295	-96	3831	-34	139	24
-1317	-110	3799	-45	170	-6
-1359	-106	3730	-46	187	-15
-1425	-87	3667	-47	231	8
-1477	-73	3624	-49	272	36
-1546	-107	3559	-50	324	69
-1583	-148	3371	-69	418	34
-1625	-101	3173	-171	687	-17
-1685	-20	3041	-93	774	88
-1707	-126	2828	-70	992	118
-1767	-137	2638	-137	1277	-4
-1679	-33	2504	-145	1549	-57
-1643	-19	2309	-117	1831	-17
-1653	-33	2109	-121	1983	-67
-1637	-36	1907	-139	2144	-91
-1633	-124	1781	-136	2338	-86
-1680	-168	1621	-86	2619	-75
-1652	54	1590	-6	3057	41
-1572	344	1830	111	3284	520
-1622	261	2217	152	3170	828
-1660	35	2370	157	2732	635
-1785	-339	2556	101	2471	338
-1970	-439	2833	62	2208	116
-2067	-363	3189	146	2050	174
-2205	-134	3566	307	1753	311
-2506	-143	3717	363	1239	254
-2683	-20	3768	415	736	196
-2674	-31	3851	360	158	270
-2775	39	3936	175	-217	343
-2916	59	4156	120	-529	498
-3052	18	4301	179	-877	387
-3287	11	4800	327	-1360	266
-3758	-210	5640	300	-2250	94
-3457	82	4869	219	-2911	68
-3306	183	5271	-56	-3220	106
-3062	17	5315	-251	-4002	-237
-2820	16	5221	-411	-4638	-432
-2940	-231	5703	-474	-4993	-442
-3573	-348	6371	-363	-5103	-211
-3750	-477	5988	-256	-4279	103
-2736	34	5267	-153	-2539	-240
-1823	364	4934	-223	-1668	-545
-868	480	4265	-279	-2288	-744
132	255	2629	-316	-2761	-466
745	-53	1571	-257	-1939	-204
635	-128	1882	-90	-664	-17
75	-7	3234	75	-188	131
-493	10	4496	95	-774	160
-748	76	5240	20	-1840	31
-792	255	5289	-23	-2811	37
-764	387	4864	11	-3147	134
-629	420	4501	14	-2792	103
-478	255	4519	-110	-2196	-158
-512	134	4450	-341	-2077	-453
-318	-108	3880	-393	-2178	-483
130	-282	3141	-315	-1982	-448
536	-330	2647	-215	-1381	-302
541	-425	2770	-121	-529	-67
245	-526	3572	-72	82	8
-5	-524	4476	-47	102	-81
-72	-476	5030	-63	-410	-250
48	-356	4939	-100	-1080	-341
258	-259	4527	-137	-1472	-348
488	-211	3993	-176	-1534	-303
684	-115	3570	-144	-1237	-181
738	-114	3357	-50	-777	-19
664	-131	3396	30	-282	51
541	-158	3747	44	56	12
390	-143	4155	30	126	-50
313	-150	4379	24	21	-75
315	-182	4375	23	-147	-59
368	-193	4209	11	-260	-37
423	-203	3960	-21	-248	-16
450	-208	3820	-31	-79	2
465	-167	3820	-1	115	18
403	-103	3962	39	235	62
314	-68	4140	51	269	93
233	-75	4248	37	199	96
277	-132	4197	31	88	90
346	-172	4013	23	81	79
417	-192	3898	10	222	61
402	-143	3944	0	368	52
303	-124	4056	6	433	86
219	-140	4160	6	432	104
219	-140	4170	-14	386	113
234	-159	4172	-29	353	109
218	-176	4123	-31	343	99
174	-207	4102	-25	344	86
106	-231	4100	-21	349	60
87	-220	4096	-13	367	52
71	-205	4134	-2	365	66
20	-206	4138	7	341	83
-16	-213	4155	8	324	67
2	-202	4145	5	296	45
14	-208	4115	5	269	35
15	-209	4114	12	272	39
-3	-209	4099	13	283	39
-13	-185	4102	17	304	49
-19	-162	4101	20	316	62
-34	-164	4128	24	302	67
-62	-172	4153	18	274	56
-57	-169	4184	13	230	37
-76	-172	4132	16	214	35
-88	-159	4105	26	245	34
-142	-148	4187	14	235	38
-207	-155	4250	-4	154	13
-231	-179	4261	-8	29	-15
-207	-189	4228	-6	-70	-36
-177	-180	4141	4	-126	-20
-125	-183	4074	13	-97	-11
-123	-168	4066	14	-46	12
-193	-203	4177	15	-57	10
-1123	-104	3920	2	71	54
-1146	-127	3933	0	85	10
-1136	-114	3928	9	103	-24
-1131	-85	3936	14	113	-55
-1116	-40	3956	21	107	-85
-1133	-29	3959	30	86	-81
-1147	-98	3939	36	60	-114
-1140	-139	3923	24	60	-200
-1148	-122	3972	28	53	-265
-1150	-59	4008	39	10	-281
-1143	-1	3989	41	-21	-269
-1134	41	3944	29	-31	-265
-1137	71	3945	3	-29	-219
-1157	74	3968	-10	-42	-166
-1181	73	3969	-14	-74	-110
-1190	58	3937	-18	-106	-82
-1213	22	3833	-36	-100	-57
-1198	-6	3798	-52	-24	-62
-1236	10	3838	-63	17	-24
-1297	-31	3876	-60	10	1
-1379	-72	3839	-61	-2	0
-1421	-53	3789	-76	9	-2
-1422	-10	3796	-61	50	75
-1439	22	3738	-36	80	157
-1464	67	3661	-54	107	218
-1530	24	3545	-89	170	262
-1636	-24	3434	-128	280	277
-1703	43	3410	-136	442	333
-1790	11	3364	-124	551	435
-1848	19	3287	-141	588	466
-1895	111	3003	-169	659	523
-1840	-40	2803	-214	835	529
-1782	-13	2735	-283	1090	433
-1857	-83	2569	-315	1328	426
-1820	-169	2328	-318	1466	391
-1812	-104	2086	-329	1702	347
-1894	-211	1966	-305	2014	361
-1899	-431	1763	-272	2398	200
-1744	-462	1707	-317	2850	-166
-1610	-218	1880	-373	3086	-400
-1594	171	2085	-399	3029	-387
-1676	397	2147	-286	2802	-109
-1707	296	2026	-118	2506	268
-1713	-69	1830	15	2373	543
-1721	-317	1938	97	2577	653
-1770	-199	2456	140	2592	684
-1889	2	2973	214	2020	702
-2030	-68	3357	352	1417	637
-2265	0	3787	473	968	564
-2833	-71	4662	523	489	799
-3357	-183	5806	428	-382	943
-3835	-210	6269	286	-1830	732
-3957	-103	6152	98	-3061	574
-3771	-395	5401	-30	-4209	249
-3235	-325	4084	-186	-4484	-154
-2677	422	4466	-41	-4170	-162
-2454	-227	5475	69	-3862	-231
-2768	133	6767	43	-4180	-562
-2357	-43	6875	-153	-4367	-568
-2088	-80	5725	-461	-3638	-562
-1929	-106	5728	-546	-3354	-541
-1414	-33	4826	-384	-3337	-682
-908	75	4072	-275	-2701	-713
-634	28	3577	-260	-2052	-589
-518	-100	3295	-158	-1679	-410
-413	-215	3188	3	-1484	-276
-325	-356	3322	78	-1359	-276
-387	-300	3647	28	-1354	-342
-483	-252	3939	-50	-1576	-371
-518	-199	4138	-107	-1932	-406
-426	-82	4088	-119	-2244	-424
-330	19	3976	-67	-2314	-414
-230	54	4041	-18	-2234	-417
-165	44	4177	16	-2125	-387
-92	7	4296	34	-1949	-390
19	-42	4355	2	-1720	-437
99	-42	4321	-37	-1512	-503
139	-51	4203	-66	-1400	-554
190	-58	3977	-62	-1310	-559
247	-95	3744	-66	-1116	-538
371	-102	3692	-41	-813	-512
420	-160	3821	-33	-571	-405
350	-185	4069	-43	-483	-386
327	-181	4238	-76	-519	-416
336	-99	4301	-116	-688	-488
408	-31	4221	-123	-847	-444
536	-68	4022	-91	-876	-361
637	-77	3967	-83	-814	-324
662	-74	3975	-77	-762	-291
663	-98	3968	-48	-720	-313
641	-140	3963	-44	-623	-330
640	-186	4009	-57	-529	-276
659	-168	4025	-34	-460	-268
658	-198	4023	-9	-390	-220
671	-146	4028	27	-358	-233
664	-104	4040	30	-350	-124
718	-88	3977	56	-320	-87
735	-143	3923	64	-184	-35
712	-205	3981	71	-71	-17
700	-213	4034	70	-24	-16
689	-191	4048	76	-14	-17
686	-206	4059	82	-17	39
732	-153	4033	111	6	31
746	-132	4038	112	25	39
715	-104	4041	109	44	51
663	-127	4050	89	68	100
692	-65	4057	110	87	8
676	-30	4098	103	68	30
697	-52	4027	97	46	57
712	-57	3990	86	99	22
688	-55	4032	75	179	2
620	-59	4094	77	212	-6
598	-57	4124	70	184	-8
622	-53	4105	59	155	-1
616	-74	4115	45	129	2
596	-83	4074	24	128	-3
584	-107	4096	8	141	-12
580	-103	4085	0	130	-28
599	-76	4093	-4	114	-23
623	-63	4072	-5	124	-15
609	-69	4053	-2	155	5
575	-59	4087	3	174	19
546	-66	4131	-1	155	20
525	-50	4110	-2	124	20
517	-55	4113	-2	102	34
545	-66	4100	-8	96	29
526	-53	4052	-6	120	38
512	-84	4056	-5	170	47
496	-97	4097	-14	190	41
510	-100	4107	-17	178	39
-710	131	4080	11	56	-1
-720	117	4055	7	39	2
-726	116	4042	6	36	3
-1631	236	2691	-159	1396	827
-1631	236	2691	-159	1396	827
-1631	236	2691	-159	1396	827
-1631	236	2691	-159	1396	827
-1631	236	2691	-159	1396	827
-1631	236	2691	-159	1396	827
-1631	236	2691	-159	1396	827
-1631	236	2691	-159	1396	827
-1631	236	2691	-159	1396	827
-1631	236	2691	-159	1396	827
-1631	236	2691	-159	1396	827
-1631	236	2691	-159	1396	827
-1631	236	2691	-159	1396	827
-1631	236	2691	-159	1396	827
-1631	236	2691	-159	1396	827
-1631	236	2691	-159	1396	827
-1631	236	2691	-159	1396	827
-1631	236	2691	-159	1396	827
-1631	236	2691	-159	1396	827
-1631	236	2691	-159	1396	827
-1631	236	2691	-159	1396	827
-1631	236	2691	-159	1396	827
-1631	236	2691	-159	1396	827
-1631	236	2691	-159	1396	827
-1631	236	2691	-159	1396	827
-1631	236	2691	-159	1396	827
-1631	236	2691	-159	1396	827
-1497	104	2415	-180	1504	788
-1295	-181	2129	-181	1681	626
-1188	-384	1968	-203	1971	390
-1052	-444	1893	-298	2199	163
-987	-341	1893	-316	2442	-5
-1017	-395	2092	-280	2513	-133
-1089	-238	2456	-221	2206	-249
-1178	-189	2760	-74	1710	-39
-1405	-134	3172	68	1192	25
-1647	-68	3571	223	653	0
-1834	66	3954	265	398	-19
-2008	349	4646	211	-47	-12
-2511	595	5602	213	-811	-52
-2651	256	5547	115	-1837	117
-2619	-82	5193	105	-2582	301
-2382	-49	4959	178	-2935	576
-1867	-11	4776	141	-3244	463
-1676	160	5120	1	-3651	130
-1666	561	5835	-176	-4527	-82
-1198	352	6242	-254	-5046	-331
-1299	605	7296	-577	-5670	-801
-1075	372	6293	-476	-4418	-640
-984	281	7597	-773	-2789	-410
-1279	-177	6704	-786	-2302	-507
-850	-177	5804	-410	-2335	-492
-185	48	4419	-89	-2929	-443
450	92	2882	42	-2930	-119
916	-54	1935	-39	-1967	-138
926	-48	2056	-156	-754	-195
707	-181	2997	-117	-114	-92
334	-129	4065	-50	-338	55
87	51	4587	-55	-1220	257
47	156	4462	-89	-1919	312
32	190	4018	-106	-1865	169
243	244	4032	-111	-1372	43
364	250	4406	-149	-1233	112
397	67	4491	-194	-1404	237
571	-43	4281	-252	-1441	234
822	-230	4097	-315	-1343	162
1032	-249	3927	-330	-1177	93
1071	-349	3769	-263	-965	149
1064	-366	3731	-176	-702	228
1017	-309	3799	-124	-502	328
974	-273	3922	-124	-404	369
895	-226	4042	-156	-380	320
840	-207	4114	-160	-410	260
850	-186	4142	-138	-476	239
874	-214	4102	-121	-538	220
888	-288	3983	-150	-524	172
893	-358	3894	-162	-474	123
882	-381	3860	-132	-381	90
844	-332	3899	-104	-267	62
817	-313	3919	-70	-163	84
810	-305	3957	-57	-52	53
786	-295	4050	-64	-9	-2
763	-275	4085	-52	-18	-30
777	-240	4067	-29	-45	-24
806	-238	4051	-9	-51	-16
854	-223	3993	-9	-42	-38
885	-222	3959	-11	0	-64
892	-222	3975	-9	38	-72
895	-241	4024	-4	50	-81
896	-239	4051	-1	50	-84
877	-221	4031	-5	70	-83
824	-220	4040	-16	104	-47
818	-225	4049	-25	125	-32
807	-203	4040	-33	122	-40
803	-207	4017	-24	138	-47
804	-202	4049	-16	153	-59
801	-208	4082	-4	141	-52
805	-208	4077	3	134	-51
791	-217	4049	9	121	-46
763	-235	3991	20	152	-41
768	-240	4008	24	227	-46
775	-235	4032	27	288	-58
740	-256	4061	26	293	-56
721	-240	4098	35	261	-47
668	-235	4098	45	232	-41
663	-214	4129	54	220	-32
659	-221	4127	60	195	-29
663	-231	4137	60	156	-34
647	-225	4113	58	112	-45
653	-215	4082	56	90	-47
674	-219	4083	59	79	-54
701	-205	4052	52	82	-75
707	-186	4035	55	127	-70
687	-183	4060	58	182	-50
651	-169	4090	61	184	-30
618	-166	4123	63	164	-10
614	-175	4097	62	153	-9
619	-168	4086	47	133	-39
641	-178	4066	44	118	-55
640	-188	4089	49	118	-57
605	-175	4112	56	109	-51
606	-177	4107	60	103	-29
601	-162	4090	63	96	-16
601	-159	4081	59	99	-11
596	-155	4061	56	116	-13
584	-130	4061	53	128	-17
589	-119	4080	43	134	-23
-861	117	3999	4	-16	6
-853	129	4028	3	-5	27
-842	113	4048	1	-5	16
-843	113	4017	-1	-18	-4
-871	109	4007	-10	-14	-5
-921	103	4018	-14	-22	-11
-928	97	4019	-12	-33	-12
-936	104	3973	-4	-51	11
-926	163	3914	-8	-22	31
-946	193	3906	-12	44	53
-959	168	3910	-25	94	60
-985	176	3945	-31	116	80
-1006	149	3954	-41	137	98
-1023	145	3939	-49	141	109
-1033	157	3866	-52	162	122
-1036	159	3843	-44	232	129
-1087	188	3832	-47	286	148
-1174	237	3773	-56	330	206
-1281	203	3691	-47	386	231
-1319	163	3572	-43	498	196
-1308	141	3565	-23	666	193
-1342	67	3659	5	780	174
-1296	82	3719	-4	715	140
-1391	90	3567	15	703	210
-1530	71	3486	56	854	195
-1652	101	3448	77	975	112
-1673	116	3384	69	1054	75
-1700	-55	3295	63	1072	-31
-1625	-36	3135	16	974	-208
-1591	48	2929	16	942	-160
-1656	118	2667	-8	1053	-38
-1620	256	2380	7	1329	71
-1521	313	2068	79	1629	144
-1379	278	1863	102	1793	181
-1273	106	1712	92	2000	190
-1261	-122	1668	45	2293	145
-1295	-120	1808	-85	2581	-16
-1306	136	2005	-114	2747	27
-1371	236	2185	-137	2629	181
-1348	301	2405	-122	2377	327
-1308	79	2589	2	2103	388
-1566	-121	3021	166	1620	283
-1908	-109	3234	320	1013	406
-1818	43	3448	313	938	665
-2119	429	4672	286	429	907
-2474	571	5302	277	-1059	533
-2802	505	5665	304	-2144	464
-2792	302	5714	155	-3191	465
-2670	226	5273	-118	-4051	419
-2350	315	5293	-454	-4283	413
-2271	257	6154	-546	-4822	320
-2491	279	7004	-551	-5534	116
-2430	227	7648	-433	-5366	-20
-1899	406	7716	-308	-3769	-126
-1677	590	7872	-460	-2512	-600
-1327	624	6417	-600	-1981	-736
-857	366	5458	-504	-2492	-837
-69	239	3598	-122	-3329	-665
748	326	1734	151	-2873	-218
1141	269	993	184	-1416	192
1012	26	1743	98	-37	203
512	31	3294	-26	329	3
37	180	4624	-86	-419	-53
-177	209	5174	-88	-1537	65
-383	307	5131	-82	-2315	256
-398	309	4706	-82	-2577	361
-211	238	4400	-147	-2450	166
22	198	4265	-306	-2292	-46
292	44	3946	-482	-2140	-207
439	-47	3475	-565	-1671	-224
568	-34	3224	-501	-902	-103
612	21	3277	-327	-99	74
479	41	3686	-187	409	186
284	20	4192	-143	447	238
177	-78	4529	-169	154	229
222	-86	4636	-213	-298	161
394	-31	4459	-238	-720	117
564	-64	4146	-237	-880	36
661	-36	3959	-221	-809	-43
689	-31	3885	-192	-661	-20
653	-48	3901	-168	-520	9
627	-86	3936	-149	-402	28
620	-132	4003	-124	-314	22
602	-162	4038	-110	-211	-32
584	-175	4039	-93	-99	-63
526	-133	4059	-73	-18	-60
513	-55	4071	-51	-1	-24
524	-36	4060	-38	1	10
539	-67	4049	-29	30	19
540	-90	4058	-20	63	-1
573	-83	4075	-15	88	1
598	-60	4094	-10	70	4
592	-53	4023	-4	115	20
563	-57	3993	2	221	34
546	-90	4060	1	291	40
552	-88	4130	6	276	26
552	-70	4120	16	208	9
518	-40	4070	31	209	27
457	-57	4052	45	280	42
401	-59	4070	56	339	55
368	-80	4105	58	351	63
353	-73	4146	47	334	50
350	-59	4157	35	284	52
344	-63	4135	32	255	48
325	-62	4101	31	279	42
294	-39	4118	34	300	50
278	-41	4139	38	315	59
288	-57	4151	41	287	45
272	-40	4136	47	248	17
268	-61	4122	53	237	2
247	-32	4134	61	237	4
244	-20	4143	56	225	27
227	-29	4137	48	206	32
236	-32	4137	41	199	24
233	-35	4132	35	195	-2
233	-19	4155	35	186	2
228	-15	4120	36	184	11
215	-8	4104	30	193	14
204	-23	4090	28	224	18
202	-32	4103	29	260	7
181	-36	4125	44	258	9
145	-10	4177	58	230	19
130	-3	4170	57	180	15
154	11	4165	52	153	18
161	1	4148	50	147	24
129	-7	4125	46	156	40
110	-15	4087	49	194	48
94	-21	4131	45	216	47
77	-2	4181	40	192	47
76	-6	4178	35	143	34
-1040	-82	3925	-60	-109	-111
-1040	-82	3925	-60	-109	-111
-1040	-82	3925	-60	-109	-111
-1040	-82	3925	-60	-109	-111
-1040	-82	3925	-60	-109	-111
-1040	-82	3925	-60	-109	-111
-1040	-82	3925	-60	-109	-111
-1040	-82	3925	-60	-109	-111
-1040	-82	3925	-60	-109	-111
-1040	-82	3925	-60	-109	-111
-1080	-68	3911	-49	-157	113
-1159	-138	3906	-49	-157	289
-1253	-306	3864	-47	-130	360
-1253	-353	3878	-19	-75	355
-1222	-264	3838	1	-60	351
-1247	-114	3769	7	-47	364
-1296	-52	3674	-21	26	384
-1319	-61	3640	-73	178	414
-1405	-94	3653	-136	299	445
-1528	-94	3649	-180	339	496
-1605	-33	3532	-188	337	596
-1714	-80	3269	-187	420	701
-1615	36	3005	-204	669	799
-1606	-37	2912	-217	992	962
-1709	-144	2902	-274	1222	947
-1849	-119	2793	-395	1336	851
-1797	46	2560	-479	1547	880
-1656	34	2456	-513	1835	946
-1649	-114	2508	-499	2104	920
-1795	-271	2526	-462	2242	910
-1891	-320	2394	-450	2276	863
-1735	-268	2083	-327	2318	908
-1627	-308	1833	-237	2393	900
-1546	-350	1734	-321	2508	573
-1537	-105	1821	-467	2620	334
-1595	261	1880	-436	2679	428
-1655	436	1971	-291	2594	807
-1636	139	2039	-141	2314	1073
-1442	-283	2244	-53	2256	951
-1533	-419	2986	-6	2039	854
-2108	-245	4388	139	1412	1042
-2493	-438	5176	93	186	997
-2690	-332	5234	174	-1034	586
-2767	-469	5673	141	-2170	570
-2766	-573	5472	60	-3340	145
-2824	-544	4915	-247	-3961	-353
-2678	-698	4629	-517	-4275	-594
-2310	-464	4623	-435	-4309	-547
-2141	-236	5015	-170	-4430	-438
-2181	-125	5869	-21	-4630	-461
-2275	3	6520	12	-4707	-231
-2108	-430	7097	98	-3982	-544
-2044	44	7777	-133	-2617	-789
-1759	-147	7338	-433	-1837	-854
-1708	-315	6601	-343	-1866	-729
-1436	-130	4990	-8	-3318	-800
-499	67	2827	237	-4095	-666
548	146	1330	199	-3336	-502
1058	128	870	169	-1770	-213
968	10	1900	169	-127	-94
335	-66	3782	191	373	-124
-222	-20	5208	205	-494	-104
-563	-38	5432	187	-1876	-126
-433	29	4792	118	-2707	-132
-185	88	4267	57	-2702	-120
-41	125	4101	-1	-2317	-193
45	-3	4100	-93	-2006	-299
277	-259	4134	-210	-1806	-455
442	-465	4049	-301	-1734	-623
642	-516	3902	-306	-1573	-654
787	-397	3784	-229	-1294	-505
777	-191	3804	-171	-1083	-360
750	-12	3754	-153	-941	-192
714	-78	3752	-148	-692	-145
727	-173	3949	-155	-495	-151
749	-225	4119	-185	-511	-130
809	-246	4174	-213	-607	-107
838	-233	4164	-201	-703	-97
902	-196	4085	-184	-753	-122
978	-205	3890	-155	-719	-105
1045	-229	3775	-139	-558	-91
1043	-266	3765	-133	-361	-58
1018	-277	3782	-126	-153	-47
933	-285	3861	-127	23	-23
857	-316	4008	-116	114	-34
796	-304	4083	-102	106	-61
782	-301	4096	-101	66	-50
794	-322	4067	-94	41	-4
783	-351	4006	-77	57	-4
771	-352	3994	-64	113	-41
732	-322	4020	-54	151	-41
714	-322	4082	-44	143	-21
702	-327	4101	-40	105	-6
700	-335	4060	-26	80	1
752	-296	4026	-18	94	10
757	-286	3980	-17	148	38
735	-270	3981	-16	202	42
723	-280	4042	-5	237	60
728	-321	4045	-6	257	52
725	-334	4053	-1	266	30
701	-355	4052	10	271	47
678	-366	4012	22	297	59
706	-374	4036	26	333	44
741	-338	4031	30	337	25
734	-322	3990	36	380	38
665	-332	4026	39	445	48
584	-311	4059	46	480	54
524	-321	4093	48	469	45
483	-312	4148	50	419	21
478	-292	4125	59	380	8
467	-298	4075	51	376	-9
458	-286	4087	51	393	-18
440	-273	4106	48	404	-16
412	-283	4134	48	380	-4
419	-296	4114	50	366	9
417	-298	4086	47	394	2
419	-290	4067	52	423	-2
375	-294	4102	51	437	-21
335	-278	4142	47	411	-40
306	-285	4151	47	358	-33
302	-272	4143	40	314	-20
297	-295	4119	42	281	-13
283	-294	4067	47	281	-9
262	-275	4081	62	321	-13
243	-286	4106	70	333	-16
215	-262	4130	74	317	-29
187	-261	4121	72	309	-28
171	-258	4168	68	297	-18
162	-250	4165	68	257	-7
165	-239	4168	65	213	-9
-1473	11	3681	265	-361	-1061
-1477	-58	3547	190	-327	-1265
-1548	7	3464	128	-212	-1407
-1661	225	3512	73	-26	-1373
-1824	477	3611	26	115	-1140
-1783	526	3732	24	260	-932
-1657	475	3924	63	232	-658
-1656	251	3938	97	13	-419
-1658	80	3783	102	-155	-359
-1647	-96	3507	73	-137	-435
-1603	-110	3415	27	56	-562
-1623	-42	3550	14	205	-613
-1736	3	3592	32	192	-569
-1806	9	3459	45	174	-525
-1847	-11	3238	21	272	-468
-1805	-14	3171	-14	452	-379
-1829	-89	3229	-39	642	-315
-1949	-109	3286	-77	736	-318
-2042	-31	3180	-102	737	-266
-1997	51	2933	-121	739	-165
-1913	10	2574	-139	822	-72
-1831	-110	2245	-161	1116	-44
-1772	-208	2104	-232	1496	-27
-1880	-240	2091	-309	1895	49
-2062	-246	2068	-360	2122	109
-2127	-336	1971	-376	2236	127
-2126	-368	2076	-339	2433	157
-2130	-438	2283	-315	2372	137
-2003	-277	2334	-328	2042	100
-1957	-373	2146	-359	1889	45
-2001	-184	2152	-305	2008	-10
-2084	106	2339	-190	2181	382
-2258	148	2656	-80	2218	832
-2472	-22	3033	-32	2033	990
-2683	-320	3397	19	1655	987
-2757	-587	3662	-7	1109	732
-2834	-738	3884	-69	413	593
-2633	-746	3490	-113	-274	256
-2498	-460	3178	-33	-596	55
-2433	-291	3286	181	-821	127
-2505	43	3381	365	-975	122
-2639	189	3603	456	-1205	201
-2700	166	3688	513	-1488	335
-3045	27	4086	497	-1927	176
-3096	-299	3932	367	-2563	-231
-3194	26	4131	155	-2940	-602
-2990	-79	4301	-10	-3310	-522
-2617	-86	4629	-171	-3851	-673
-2317	169	4814	-286	-4502	-664
-2308	119	5072	-339	-5305	-469
-2917	-145	6524	-252	-5970	-278
-4698	-661	8412	-132	-6156	-689
-3074	-510	6845	-554	-3080	-801
-2204	-606	7464	-462	-1049	-358
-1896	-269	6159	-60	-3634	-618
-319	56	2349	-74	-5511	-761
1980	-244	-506	-254	-4207	-520
2872	-1726	-1293	-186	-992	-822
1956	-328	1368	-20	1860	-1251
105	-310	4506	278	1206	-713
-516	46	6031	283	-434	-595
-1077	334	6268	174	-2092	-487
-191	-163	5446	227	-2557	-388
580	4	5355	314	-2241	-392
518	160	5110	390	-1829	-156
138	263	4604	400	-2151	157
201	44	3717	284	-2401	57
607	-23	2832	140	-2143	-141
807	103	1959	-7	-1226	-209
808	127	1760	-76	228	25
388	77	2731	-68	1493	236
-297	-111	4289	-13	1880	295
-817	-193	5753	30	1196	242
-908	-218	6277	32	-135	206
-594	-163	5463	-20	-1372	111
-186	-153	4201	-119	-1754	2
199	-245	3155	-194	-1362	-29
473	-357	2633	-171	-486	64
483	-494	2869	-136	468	69
206	-503	3550	-102	1022	71
-63	-474	4324	-80	1056	65
-233	-402	4870	-60	654	20
-193	-232	4959	-42	25	-17
-55	-129	4563	-20	-498	-19
125	-81	3981	-4	-578	-22
197	-142	3613	14	-267	23
203	-198	3595	35	179	29
188	-243	3808	45	450	-14
131	-214	4026	23	522	-56
95	-176	4133	-8	518	-74
38	-219	4187	-28	527	-69
36	-225	4256	-36	498	-64
19	-238	4275	-52	378	-35
50	-224	4156	-67	276	13
57	-149	4049	-72	297	85
12	-170	3996	-57	394	177
-36	-144	3970	-45	521	222
-129	-158	4052	-16	660	226
-232	-188	4208	-4	678	218
-306	-274	4271	8	546	177
-318	-207	4235	-13	411	159
-255	-181	4162	-16	332	167
-219	-238	4042	-10	347	177
-230	-255	3963	2	462	159
-266	-257	4005	-4	575	129
-293	-257	4134	-9	593	117
-343	-276	4188	-15	535	117
-371	-271	4140	-22	451	120
-372	-234	4092	-32	414	133
-378	-246	4078	-37	422	126
-407	-239	4068	-44	465	116
-450	-244	4128	-45	478	100
-494	-243	4117	-32	448	69
-533	-233	4129	-29	407	48
-550	-216	4116	-34	345	30
-581	-239	4079	-40	322	31
-587	-229	4045	-42	337	31
-584	-229	4050	-41	374	20
-588	-245	4063	-31	388	15
-574	-241	4085	-25	353	-3
-586	-240	4085	-21	332	7
-584	-231	4006	-21	324	39
-596	-242	3995	-10	345	57
-640	-262	4070	-8	376	59
-660	-283	4080	8	360	68
-671	-280	4133	5	302	70
-694	-274	4156	0	232	72
-705	-241	4086	6	193	64
-701	-223	4019	19	186	57
-723	-200	3991	21	222	71
-1275	-495	3626	3	599	-1195
-1281	-436	3873	-32	677	-1225
-1343	-335	4103	-6	579	-1047
-1305	-261	4163	53	471	-842
-1274	-182	4138	82	276	-720
-1293	-169	3934	65	139	-617
-1287	-137	3764	35	148	-536
-1263	-161	3646	32	271	-386
-1312	-237	3730	28	369	-280
-1397	-219	3854	27	369	-198
-1526	-149	3928	40	279	-88
-1613	-1	3884	67	218	109
-1622	71	3834	76	174	330
-1609	-17	3684	71	100	486
-1631	-173	3452	63	45	461
-1620	-275	3179	45	157	389
-1698	-344	3050	-30	415	275
-1852	-313	3076	-138	665	181
-1879	-142	2937	-191	826	322
-1784	-65	2707	-216	1014	524
-1684	-164	2744	-269	1234	566
-1678	-157	2780	-376	1282	481
-1748	-97	2642	-410	1374	596
-1820	-67	2509	-320	1569	779
-1796	-233	2356	-194	1859	779
-1703	-498	2361	-120	2081	391
-1735	-466	2435	-136	2242	11
-1972	-196	2661	-183	2365	20
-1977	-52	2683	-228	2296	219
-1912	47	2692	-207	2175	413
-1859	-131	2559	-123	1947	344
-1883	-301	2419	-114	1769	75
-1783	-353	2305	-233	1734	-123
-1700	-144	2358	-379	1804	18
-1765	-106	2578	-426	1860	273
-2101	-81	2882	-347	1759	438
-2342	-113	3071	-210	1509	642
-2598	-194	3697	-74	956	853
-2698	-226	4047	-87	225	682
-2965	-330	4777	-80	-594	719
-3085	-450	4750	-216	-1570	702
-3035	-438	4221	-309	-2136	473
-2997	-153	4083	-375	-2325	330
-2885	-17	3926	-340	-2329	171
-2994	113	4447	-194	-2533	47
-2645	-46	4452	-31	-2770	315
-2480	-35	5003	-77	-3225	4
-2185	61	4980	-249	-3949	-315
-2155	-198	5188	-335	-4669	-339
-2439	-719	5939	-186	-5423	-362
-3272	-1018	6730	47	-5690	-377
-3826	-1083	6308	-214	-4103	-555
-2565	-763	6503	-515	-1947	-541
-2002	-270	5820	-271	-2137	-545
-1000	399	3952	-92	-3516	-385
184	494	1652	-253	-3696	-181
1246	5	469	-209	-2221	61
1558	-235	1289	120	-320	154
790	11	3798	524	443	383
-308	144	6052	697	-734	448
-530	138	6481	574	-2625	157
-325	-29	5615	415	-3678	-252
283	-25	4657	344	-3620	-548
455	421	3940	230	-3278	-619
393	288	3321	110	-2785	-455
758	73	3094	-81	-2016	-294
1005	-161	2771	-59	-1300	-252
1200	-84	2713	53	-206	-175
800	-292	3306	127	581	62
402	-218	3942	126	826	137
161	-225	4548	89	579	154
173	-82	4821	-13	-13	106
293	-3	4642	-122	-526	87
359	25	4331	-147	-747	100
388	17	4051	-109	-721	146
375	-43	3864	-58	-571	185
394	-84	3794	-44	-374	130
423	-111	3763	-45	-137	83
420	-163	3757	-27	120	6
311	-205	3756	-19	429	-51
205	-234	3875	8	699	-69
87	-211	4103	34	797	-67
29	-142	4302	41	697	-20
17	-160	4402	30	463	15
109	-175	4344	7	220	7
203	-164	4228	-13	108	23
302	-137	4103	-22	86	58
338	-123	3990	-1	170	94
333	-86	3921	32	335	117
288	-94	3951	43	547	106
207	-84	4055	44	663	70
152	-75	4130	52	658	63
118	-29	4139	62	605	133
44	-39	4177	68	553	181
2	-77	4164	54	510	152
-19	-119	4194	37	460	83
1	-91	4193	17	397	28
38	-89	4170	-5	366	14
38	-111	4115	-24	356	13
28	-103	4073	-28	378	27
-47	-70	4087	-16	437	49
-98	-73	4058	-5	515	57
-170	-78	4158	-3	565	41
-234	-73	4226	7	471	52
-236	-79	4223	7	349	54
-257	-63	4210	-5	259	57
-291	-87	4167	-15	223	69
-331	-126	4111	-10	229	71
-331	-185	4091	19	233	75
-290	-196	4046	49	256	60
-275	-157	4017	66	336	57
-312	-122	4069	64	399	37
-372	-127	4162	47	395	4
-425	-122	4191	47	341	-8
-411	-93	4193	54	245	1
-360	-85	4164	68	190	3
-334	-95	4162	79	135	-36
-299	-73	4136	94	101	-37
-274	-49	4087	98	98	-16
-287	-32	4094	93	121	11
-311	-33	4126	79	142	39
-351	-46	4171	53	134	33
-372	-42	4157	40	90	29
-363	-67	4106	57	57	0
-336	-47	4056	78	82	-13
-359	-27	4033	77	137	8
-402	-8	4084	57	183	20
-474	5	4158	42	165	11
-532	-36	4200	35	85	-15
-552	-80	4181	46	-12	-46
-1348	362	3777	-45	-189	-36
-1317	302	3735	-51	-149	-41
-1264	192	3715	-43	-68	-60
-1298	136	3742	-23	20	-90
-1323	139	3817	2	91	-75
-1346	193	3838	9	159	-58
-1358	268	3894	3	182	-11
-1380	290	3870	-18	160	62
-1401	315	3856	-45	148	102
-1417	315	3858	-77	134	132
-1433	297	3888	-124	112	159
-1448	294	3900	-156	54	223
-1449	302	3891	-183	6	320
-1478	284	3866	-212	-41	399
-1477	260	3838	-247	-74	435
-1486	239	3771	-286	-90	470
-1492	188	3695	-326	-82	490
-1528	188	3636	-364	-42	488
-1557	203	3619	-387	37	514
-1610	190	3623	-396	89	522
-1607	149	3526	-384	131	554
-1595	170	3456	-387	185	572
-1678	228	3334	-409	227	649
-1715	254	3230	-452	341	703
-1709	270	3149	-505	515	741
-1786	223	3099	-582	653	787
-1851	157	3036	-676	709	777
-1874	114	2900	-757	767	780
-1842	41	2734	-844	797	766
-1802	40	2551	-918	854	799
-1772	27	2367	-992	941	817
-1790	5	2166	-991	1033	825
-1769	-83	1921	-945	1168	805
-1741	-208	1765	-924	1284	647
-1658	-282	1666	-946	1455	462
-1528	-225	1611	-882	1738	387
-1474	-166	1727	-717	1964	381
-1489	21	2051	-534	2013	432
-1549	313	2553	-393	1861	599
-1930	510	3126	-229	1426	1004
-2222	232	3450	-67	820	1201
-2283	-82	3898	-50	480	1203
-2447	-226	4513	-172	-100	930
-2614	-175	4936	-344	-839	496
-2440	-331	4756	-432	-1702	309
-2344	-323	4673	-355	-2411	165
-2293	-38	4490	-196	-2902	292
-2149	11	4359	-73	-3210	463
-1971	92	4804	-37	-3440	397
-1987	131	5618	0	-4000	373
-2135	-100	6563	-21	-4797	314
-1683	-407	6747	-133	-5179	-72
-1315	16	6592	-275	-4206	-345
-1500	148	7892	-510	-3166	-524
-1058	180	7061	-704	-2209	-895
-1359	77	6586	-641	-2043	-806
-914	55	4911	-502	-2887	-684
-102	55	3135	-241	-3320	-340
709	-65	1676	-58	-2898	-48
1043	-357	1000	40	-1575	75
786	-530	1671	72	-163	-72
328	-335	3323	58	415	-238
-114	-128	4838	48	-23	-267
-449	40	5591	57	-1135	-255
-469	77	5309	62	-2113	-205
-121	172	4642	42	-2403	-96
146	98	4244	-81	-2204	-67
312	-64	4103	-265	-1886	-192
511	-288	3955	-341	-1678	-283
729	-489	3655	-321	-1370	-342
872	-522	3347	-217	-916	-206
892	-382	3228	-91	-357	-6
826	-251	3478	-26	174	67
681	-256	4028	-10	398	34
489	-264	4501	-13	261	-41
403	-218	4683	-43	-145	-103
441	-135	4481	-96	-548	-103
514	-131	4122	-124	-678	-98
599	-100	3792	-139	-545	-91
664	-10	3603	-121	-207	-10
657	2	3705	-13	111	73
535	-96	3970	29	359	109
321	-181	4275	19	390	114
219	-232	4489	-27	190	132
279	-329	4356	-127	-93	86
319	-329	4123	-180	-171	1
352	-254	4069	-139	-140	-49
405	-119	4076	-53	-152	-31
456	-108	4049	41	-148	76
506	-122	4097	111	-131	163
556	-160	4192	113	-149	186
519	-181	4222	57	-239	109
471	-176	4180	13	-342	81
520	-223	4024	6	-321	84
589	-227	3925	18	-221	123
602	-225	3868	7	-63	154
591	-239	3887	-24	119	185
529	-215	3971	-45	268	191
472	-172	4058	-47	332	216
467	-171	4083	-56	351	224
481	-173	4112	-51	357	221
483	-184	4059	-63	346	204
429	-159	4051	-72	390	201
385	-162	4128	-66	415	201
350	-191	4199	-58	328	201
353	-219	4212	-54	218	190
358	-284	4182	-52	127	155
391	-348	4077	-45	128	100
435	-387	4062	0	214	8
460	-431	4099	38	223	-31
366	-386	3991	14	258	-78
307	-228	3949	-34	402	-96
298	-128	4063	-57	505	-58
262	-158	4158	-66	501	-24
250	-170	4142	-69	487	9
242	-200	4123	-55	491	64
216	-239	4060	-29	520	76
198	-290	4066	-7	534	60
190	-346	4100	10	544	-19
140	-348	4143	14	507	-109
93	-300	4122	8	478	-139
93	-285	4102	-4	483	-92
71	-295	4113	-10	505	-30
45	-253	4103	-4	521	32
5	-249	4089	25	539	84
-48	-271	4143	54	542	90
-73	-250	4132	69	515	80
-103	-246	4180	70	487	85
-130	-238	4196	64	454	78
-145	-222	4206	60	412	64
-1520	481	4064	-234	96	-176
-1457	260	4042	-136	5	-57
-1359	104	3907	-91	-127	-39
-1326	-19	3751	-82	-196	-68
-1245	-85	3622	-83	-149	-167
-1253	-75	3585	-74	25	-288
-1331	18	3668	-56	201	-388
-1424	114	3785	-52	297	-444
-1503	189	3911	-39	309	-423
-1553	249	3907	-50	249	-369
-1540	331	3791	-58	186	-255
-1469	335	3662	-73	180	-143
-1447	318	3533	-81	243	-52
-1420	238	3447	-82	446	29
-1504	212	3527	-82	630	83
-1639	139	3562	-85	714	127
-1724	70	3491	-109	741	56
-1738	109	3427	-124	814	34
-1814	85	3386	-131	886	80
-1872	137	3324	-89	928	143
-1912	117	3262	-37	981	183
-1970	159	3150	-46	986	116
-1899	226	3022	-50	1086	196
-1855	215	2906	-51	1150	201
-1693	162	2603	-23	1258	258
-1634	90	2384	-27	1642	236
-1668	91	2338	-55	1990	169
-1751	92	2332	-120	2310	142
-1844	95	2293	-129	2474	105
-1848	-52	2156	-96	2582	-17
-1864	-41	2110	-52	2713	-135
-1781	36	2133	-35	2828	-31
-1788	18	2263	9	2924	28
-1827	173	2311	33	2766	69
-1832	438	2354	73	2460	254
-1906	407	2445	161	2119	522
-1978	157	2468	173	1843	601
-1993	-53	2565	80	1587	534
-2039	-183	2916	-90	1507	334
-2293	-234	3699	-183	948	319
-2648	-114	4253	-224	-27	157
-3062	-22	4654	-151	-1225	384
-3254	162	4508	-89	-2320	349
-3162	86	3992	-151	-2947	430
-2871	151	3537	-153	-2961	385
-2942	62	3641	-166	-2732	218
-2961	114	3826	-234	-2622	183
-3089	111	4117	-316	-2616	123
-2975	355	4494	-233	-2668	187
-2902	284	5198	-168	-2985	498
-3261	-105	6354	-267	-3901	85
-3668	-158	7215	-393	-4851	-287
-4811	-471	7609	-404	-4942	-590
-3928	218	5880	-516	-3211	-433
-2255	552	5030	-602	-1532	-560
-1104	679	4601	-426	-1701	-599
-261	362	3597	-206	-2797	-407
529	-20	2296	-282	-2827	-345
1058	-323	2021	-277	-1884	-270
821	-248	2675	-178	-1195	-216
132	-101	3690	-119	-1201	-167
-500	228	4669	-178	-1625	-163
-925	290	5144	-231	-2307	-72
-812	367	4885	-136	-2630	-22
-510	352	4587	41	-2324	8
-448	310	4683	146	-1883	-2
-573	138	4398	31	-1882	-44
-428	-95	3715	-51	-1911	-130
-14	-266	3112	-87	-1539	-237
322	-282	2846	-100	-919	-284
345	-263	3022	-98	-307	-249
194	-273	3580	-72	70	-172
42	-198	4274	-51	141	-116
-22	-116	4818	-49	-128	-36
19	-103	4894	-53	-608	-5
59	-66	4617	-84	-1002	-25
116	-84	4257	-144	-1149	-41
154	-155	3852	-170	-1090	-81
276	-138	3441	-120	-747	-103
350	-63	3349	-47	-249	-35
292	-56	3600	-4	155	51
92	-55	4027	-4	327	107
-6	-37	4377	-13	261	104
10	-16	4476	-24	69	98
77	-15	4346	-48	-137	110
169	-69	4074	-54	-177	127
204	-111	3935	-38	-62	141
222	-118	3892	-12	79	153
187	-108	3953	1	209	159
98	-119	4042	-5	287	135
12	-111	4113	-20	336	93
-51	-99	4166	-30	320	50
-62	-97	4176	-28	273	36
-49	-126	4133	-22	242	12
-82	-133	4082	-10	271	-4
-117	-111	4084	-5	321	-17
-173	-107	4140	-5	319	-27
-197	-103	4164	-8	279	-32
-191	-120	4170	-6	235	-44
-175	-92	4155	-14	213	-60
-165	-85	4135	-17	202	-54
-161	-92	4154	-19	181	-53
-161	-117	4185	-17	142	-62
-154	-129	4163	-6	100	-66
-127	-131	4131	7	79	-60
-151	-101	4088	17	84	-34
-149	-124	4068	19	116	-6
-174	-112	4091	19	131	7
-162	-113	4141	19	126	6
-163	-124	4126	19	108	3
-164	-102	4131	22	98	22
-179	-79	4151	18	74	37
-203	-60	4142	17	48	57
-198	-78	4068	25	74	66
-205	-82	4117	23	95	48
-186	-98	4155	23	48	34
-173	-125	4151	25	18	-1
-183	-102	4099	29	18	-7
-183	-105	4064	32	54	22
-178	-101	4096	30	86	35
-197	-94	4137	27	84	33
-201	-105	4133	27	54	21
-208	-113	4137	31	39	3
-202	-96	4097	27	46	-2
-194	-85	4111	26	52	9
-210	-87	4116	22	51	20
-205	-95	4105	29	70	25
-209	-85	4103	32	79	19
-210	-81	4108	35	93	8
-208	-72	4129	31	88	-19
-1424	72	3796	-94	239	237
-1435	46	3772	-96	253	274
-1430	11	3802	-91	273	283
-1436	-1	3812	-92	288	267
-1456	-24	3874	-86	281	246
-1493	-16	3881	-85	230	228
-1486	6	3810	-82	187	224
-1492	26	3791	-77	181	213
-1498	48	3742	-74	215	204
-1523	51	3766	-77	234	192
-1540	72	3789	-86	229	194
-1555	92	3752	-90	221	209
-1598	115	3771	-110	222	238
-1619	157	3760	-125	199	277
-1650	121	3673	-133	179	303
-1575	120	3632	-135	254	294
-1607	146	3671	-141	302	339
-1683	162	3700	-151	275	408
-1784	140	3614	-166	212	424
-1761	160	3409	-181	237	422
-1785	163	3276	-192	368	485
-1813	176	3236	-187	554	589
-1849	155	3245	-206	661	660
-1913	186	3221	-221	684	707
-1967	224	3052	-266	640	729
-1982	293	2851	-279	761	889
-2006	191	2818	-319	943	983
-2084	168	2774	-405	1033	962
-2105	181	2673	-455	1084	1008
-2032	94	2437	-542	1107	1017
-1871	-1	2110	-584	1184	957
-1811	-208	1801	-632	1360	822
-1737	-280	1517	-697	1685	624
-1629	-328	1420	-678	2026	437
-1593	-490	1476	-631	2282	267
-1684	-522	1594	-611	2319	-59
-1846	-359	1769	-506	2285	-185
-1696	-243	1847	-349	2289	-148
-1599	121	2157	-162	2230	26
-1679	433	2532	76	2019	559
-2008	362	3169	373	1685	970
-2450	180	4114	531	1013	1034
-2721	-51	4870	454	55	589
-3052	-192	5442	330	-1117	91
-3281	-245	5563	291	-2531	191
-3238	-371	4707	205	-3485	-82
-3017	17	4262	190	-3828	-325
-2731	392	4189	188	-4063	-127
-2585	404	4457	-22	-4032	57
-2743	583	5144	-207	-4003	293
-3273	21	6600	-355	-4340	33
-3031	32	8275	-550	-5328	-797
-2111	168	6365	-626	-4423	-774
-1862	-2	6943	-812	-3154	-910
-1509	75	6347	-564	-2733	-762
-1051	300	5433	-381	-2827	-873
-414	426	3939	-287	-3243	-787
239	234	2600	-208	-3093	-585
731	-42	1818	-120	-2411	-395
841	-345	1841	41	-1396	-309
588	-385	2720	101	-710	-334
321	-286	3744	33	-687	-407
-29	-198	4427	-94	-1119	-437
-342	-76	4660	-143	-1609	-417
-354	-74	4501	-142	-1779	-386
-294	-94	4491	-131	-1542	-400
-330	-75	4713	-91	-1419	-326
-213	-68	4534	-79	-1535	-256
-12	12	3967	-111	-1518	-240
329	-45	3419	-122	-1070	-190
486	-62	3232	-83	-372	-133
391	-47	3455	-3	193	-45
188	-68	3949	56	448	-3
55	-76	4439	70	327	-46
37	-92	4658	34	-80	-86
130	-110	4453	-9	-423	-102
241	-151	4250	-47	-569	-85
292	-180	4058	-51	-594	-75
320	-182	3875	-35	-497	-104
306	-133	3787	-16	-333	-104
258	-145	3847	3	-98	-36
182	-166	3993	21	110	-2
104	-134	4179	21	188	-12
70	-57	4226	12	144	-14
118	-71	4190	9	70	4
119	-76	4162	5	3	5
146	-102	4124	3	-23	14
172	-118	4066	6	-9	17
208	-127	4058	11	33	30
217	-148	4075	19	79	51
223	-131	4085	29	105	60
215	-144	4118	34	117	42
204	-124	4129	31	120	19
194	-116	4097	32	142	10
143	-102	4066	36	203	25
88	-115	4080	43	257	69
57	-140	4107	43	280	81
23	-144	4170	45	251	55
24	-125	4165	40	192	1
45	-97	4147	45	140	-45
53	-69	4124	44	141	-50
45	-76	4100	36	180	-26
35	-55	4110	29	208	-2
2	-53	4138	20	213	8
-43	-51	4166	3	187	0
-43	-65	4166	-7	152	-4
-36	-72	4166	-8	103	-1
-28	-96	4073	-1	103	-5
-17	-107	4055	7	178	-12
-37	-120	4112	4	213	-18
-59	-112	4166	0	183	-25
-63	-110	4169	-3	131	-38
-77	-117	4159	-6	104	-30
-76	-110	4129	-2	106	-16
-86	-114	4119	0	120	2
-92	-93	4140	6	104	1
-74	-96	4115	4	85	-1
-69	-105	4129	2	91	3
-62	-106	4139	7	93	9
-98	-102	4145	8	83	9
-108	-97	4130	12	70	11
-106	-101	4141	10	61	4
-66	-110	4154	8	48	-10
-52	-98	4105	10	54	-14
-75	-99	4094	8	80	-8
-108	-80	4115	9	101	-2
-106	-87	4136	9	102	6
-124	-89	4129	1	78	1
-125	-84	4137	2	60	-1
-125	-103	4131	1	46	-8
-1133	343	3790	540	-6	64
-1138	66	3904	405	55	-145
-1218	-29	3966	342	-18	-309
-1247	4	3992	373	-48	-418
-1253	97	4134	454	-115	-477
-1247	274	4123	503	-239	-515
-1203	430	4083	520	-337	-533
-1075	475	4007	488	-411	-565
-1002	381	3931	429	-483	-629
-940	214	3770	311	-499	-844
-972	148	3739	115	-450	-1053
-1244	208	3752	-111	-414	-1118
-1506	206	3709	-232	-232	-1135
-1381	394	3822	-143	103	-1143
-1254	608	4218	22	129	-772
-1295	518	4356	118	-216	-296
-1252	297	4102	117	-591	-60
-1142	63	3749	95	-628	-109
-1086	-103	3627	76	-427	-320
-1117	-85	3789	99	-242	-503
-1183	25	3909	155	-218	-551
-1224	145	3867	197	-246	-482
-1248	248	3816	184	-251	-422
-1251	375	3726	133	-227	-362
-1322	443	3534	82	-129	-239
-1347	434	3487	54	49	-126
-1376	322	3636	53	148	-40
-1475	153	3743	67	114	-58
-1553	68	3627	68	30	-119
-1605	52	3373	45	18	-168
-1583	118	3101	8	181	-143
-1548	210	2824	-20	441	-39
-1468	214	2545	-25	761	97
-1532	127	2348	-81	1156	70
-1528	233	2294	-163	1486	171
-1573	194	2157	-208	1817	337
-1632	85	2005	-166	2077	332
-1554	-56	1843	-122	2218	264
-1621	-155	1780	-150	2357	217
-1641	-140	1667	-243	2431	118
-1555	-101	1565	-391	2518	-2
-1416	-96	1485	-478	2759	17
-1435	26	1684	-482	2892	36
-1322	97	1893	-354	2840	145
-1425	142	2309	-196	2872	355
-1710	-74	3020	-114	2659	464
-2155	-167	3598	-49	2162	378
-2372	-100	4324	-54	1623	593
-2682	-2	5191	-159	664	556
-3148	318	5574	-132	-513	600
-3245	350	5860	-223	-1751	406
-3024	234	5076	-282	-2796	162
-2919	-83	4315	-319	-3098	368
-2712	-284	4280	-432	-3097	441
-2413	-11	4727	-481	-3294	427
-2480	-12	5539	-526	-3517	588
-3106	377	7401	-753	-4730	96
-4157	339	9142	-959	-5868	207
-4672	366	8166	-919	-5191	184
-2460	-22	6496	-521	-2249	21
-1650	245	5876	-323	-1905	-471
-525	242	4097	-43	-3434	-468
655	-161	1658	-80	-3871	-430
1782	-162	151	-211	-2126	-392
1740	-415	716	-124	6	-292
539	-419	2872	-27	680	-293
-389	-316	4856	1	-312	-449
-620	-113	5790	-40	-1770	-323
-513	-235	5794	-82	-2799	-101
-297	-407	5398	-69	-2938	-192
-327	-165	5420	-34	-2448	-499
-477	55	5134	-34	-2706	-375
-351	86	3797	-53	-2951	-287
143	121	2577	-36	-2245	-179
598	-36	2183	-1	-1069	-45
709	-195	2396	108	-21	38
445	-121	3182	246	584	113
210	-75	4156	277	605	280
234	-127	4928	220	283	246
377	62	5215	131	-287	205
436	12	4803	42	-880	131
572	-131	4255	-56	-1110	-18
812	-106	3664	-50	-923	-114
914	-70	3214	65	-351	-59
687	-20	3091	148	367	2
290	0	3496	176	945	127
-22	-37	4219	128	1036	163
-193	-85	4710	82	674	146
-287	-98	4726	9	223	29
-212	-56	4402	-42	-86	-68
-58	-14	4048	-59	-150	-83
79	35	3793	-46	-22	-13
152	74	3783	-7	244	1
104	91	3990	27	453	55
125	-49	4198	13	458	67
157	-152	4265	-30	358	31
180	-182	4173	-67	248	-38
221	-149	4027	-45	273	-68
202	-38	3933	-7	378	-33
150	24	3984	17	516	54
38	-14	4121	17	546	127
-85	-67	4215	-3	472	144
-139	-96	4233	-17	428	124
-168	-87	4175	-18	398	96
-186	-46	4111	-17	422	70
-204	0	4109	-22	460	71
-248	12	4147	-25	435	71
-283	-36	4142	-31	389	44
-296	-57	4155	-33	358	15
-312	-59	4157	-29	323	-1
-303	-44	4166	-20	295	19
-278	-58	4146	-15	274	33
-257	-82	4148	-28	245	16
-238	-96	4143	-42	227	-7
-233	-115	4123	-40	203	-16
-277	-109	4115	-40	181	-2
-295	-85	4107	-25	166	33
-300	-71	4073	-18	205	58
-302	-72	4071	-14	278	53
-302	-62	4126	-20	285	26
-308	-91	4177	-23	245	0
-350	-97	4156	-24	167	-20
-366	-59	4122	-29	134	-9
-371	-30	4129	-20	138	41
-358	-73	4129	-8	145	52
-365	-88	4146	7	121	29
-405	-86	4138	10	85	24
-440	-95	4106	0	41	32
-465	-87	4133	-23	17	29
-464	-92	4134	-24	-34	34
-1465	172	3919	-167	42	-201
-1510	266	3883	-134	-22	-223
-1513	309	3841	-101	-74	-131
-1437	323	3757	-85	-102	-2
-1335	340	3661	-80	-51	113
-1310	347	3715	-98	57	169
-1356	296	3843	-121	116	180
-1409	210	3962	-139	78	181
-1438	137	3952	-139	-6	162
-1401	91	3888	-129	-47	115
-1389	95	3793	-109	-59	82
-1389	153	3746	-98	-37	66
-1392	212	3762	-90	6	72
-1415	238	3819	-84	11	77
-1420	214	3821	-69	3	115
-1391	136	3793	-43	41	132
-1385	136	3890	-35	54	111
-1421	151	3948	-43	-10	112
-1447	166	3883	-46	-101	95
-1447	186	3753	-43	-96	88
-1431	212	3732	-38	-26	126
-1451	180	3732	-40	16	160
-1493	186	3715	-47	25	185
-1529	302	3675	-57	55	293
-1545	335	3587	-67	116	410
-1561	360	3564	-88	179	472
-1642	372	3456	-100	230	560
-1700	266	3332	-110	351	599
-1753	208	3197	-120	490	559
-1782	118	3026	-113	632	541
-1827	48	2838	-138	798	467
-1819	186	2630	-175	1043	467
-1811	291	2492	-160	1378	645
-1783	253	2448	-155	1667	715
-1881	124	2403	-137	1872	621
-1999	75	2246	-168	1992	482
-2095	133	2112	-244	2131	381
-2129	193	1996	-314	2282	432
-2012	290	2053	-332	2519	557
-1932	196	2195	-367	2478	586
-1810	87	2153	-436	2325	421
-1781	-27	1981	-453	2139	271
-1621	-40	1674	-472	2036	337
-1300	348	1651	-473	2291	638
-1192	459	2037	-485	2438	1119
-1521	358	2755	-542	2367	1174
-2361	59	3753	-514	1748	883
-2987	35	4046	-495	805	825
-3159	-445	4584	-241	-52	1481
-3138	-227	4918	-44	-869	1016
-3425	360	5648	209	-2040	877
-3357	676	5218	274	-2904	607
-3283	352	4853	240	-3533	486
-2930	39	3779	50	-3714	269
-2394	53	3455	-261	-3128	-89
-2308	349	4479	-393	-2812	-284
-2882	319	5815	-590	-3358	-445
-3030	375	6583	-793	-4463	-540
-2176	762	6109	-880	-4952	-422
-1489	659	5003	-982	-4287	49
-1604	482	5576	-1024	-3222	-371
-1695	11	5946	-891	-3169	-499
-1252	-109	5345	-693	-2746	-513
-916	-70	4805	-618	-2654	-562
-415	107	3836	-591	-2792	-545
72	219	3060	-549	-2601	-292
406	59	2565	-526	-2050	-157
464	-131	2731	-482	-1287	-71
244	-289	3483	-431	-900	-43
-18	-345	4169	-431	-1079	-44
-206	-377	4519	-480	-1489	-48
-301	-455	4496	-507	-1833	-141
-162	-527	4355	-464	-1928	-320
-20	-523	4237	-369	-1813	-474
114	-365	4149	-269	-1616	-504
226	-187	4040	-191	-1419	-423
332	0	3852	-146	-1178	-300
412	23	3750	-139	-832	-223
451	25	3760	-142	-478	-146
395	-50	3951	-113	-277	-25
336	-186	4064	-89	-255	50
298	-329	4110	-81	-272	55
302	-434	4163	-71	-323	2
328	-402	4200	-45	-395	-65
358	-344	4139	-33	-483	-108
404	-253	4029	-43	-516	-145
488	-207	3879	-48	-427	-96
491	-191	3796	-26	-163	-38
411	-198	3911	-2	119	10
305	-216	4113	15	212	35
259	-239	4195	5	168	10
313	-242	4147	-2	89	-16
338	-239	4022	14	82	-22
340	-244	3981	49	153	-7
313	-213	4053	66	226	0
311	-150	4140	69	225	53
363	-162	4103	52	178	100
389	-181	4040	41	208	125
337	-218	4009	35	350	152
268	-274	4055	56	453	143
212	-305	4109	100	484	146
195	-296	4108	128	421	145
200	-253	4024	132	448	149
151	-226	4015	119	547	153
68	-224	4063	111	625	137
-40	-226	4173	126	624	113
-108	-204	4233	147	520	93
-127	-189	4228	156	397	81
-94	-192	4212	155	305	43
-53	-193	4087	153	297	21
-55	-199	4042	148	370	-23
-72	-174	4068	137	398	-52
-107	-156	4114	141	415	-52
-101	-180	4150	149	423	-65
-139	-175	4183	157	390	-91
-144	-143	4134	162	354	-68
-152	-107	4121	161	358	-44
-143	-73	4096	150	384	-54
-140	-37	4075	135	391	-61
-167	-23	4093	115	410	-63
-232	-36	4158	97	406	-71
-275	-74	4197	90	355	-77
-280	-110	4191	90	292	-77
-267	-113	4145	103	250	-59
-276	-106	4112	103	253	-20
-260	-99	4074	92	273	0
-283	-74	4069	74	303	6
-334	-65	4122	61	309	-3
-344	-62	4169	60	275	-12
-363	-50	4187	60	219	-7
-1378	-74	3715	533	66	-818
-1404	-91	3817	501	141	-667
-1394	-150	3897	466	131	-592
-1381	-190	3957	419	30	-630
-1398	-192	3937	375	-68	-622
-1406	-134	3932	336	-99	-485
-1370	-104	3967	303	-97	-324
-1366	-73	3963	263	-140	-242
-1400	-71	3875	245	-180	-166
-1406	-133	3708	228	-154	-128
-1359	-201	3592	183	-41	-150
-1327	-234	3533	145	113	-170
-1380	-206	3481	130	303	-167
-1417	-176	3461	137	506	-142
-1471	-186	3494	160	666	-138
-1463	-148	3542	187	752	-141
-1469	-158	3562	194	794	-117
-1500	-124	3492	187	844	-74
-1548	-136	3445	192	983	-37
-1695	-145	3499	194	1061	-43
-1821	-192	3473	203	1099	-80
-1903	-228	3523	188	1130	-161
-1972	-185	3507	180	1113	-163
-2028	-126	3537	148	1002	-114
-1996	-99	3405	105	765	-100
-1959	-44	3097	95	630	8
-1909	-24	2846	91	611	64
-1827	117	2577	56	668	121
-1685	83	2294	58	827	267
-1457	99	1980	59	903	334
-1337	108	1685	50	1075	515
-1277	-76	1506	67	1379	585
-1269	-162	1349	22	1805	375
-1220	-39	1324	-97	2244	207
-1318	7	1494	-108	2617	268
-1600	-121	1771	-20	2793	288
-1806	-220	2204	-11	2760	154
-1933	-100	2690	-77	2507	94
-2088	131	3216	-130	2002	164
-2262	275	3834	-265	1471	337
-2712	259	4584	-295	796	538
-2934	-31	4643	-301	-238	465
-3153	-56	4792	-318	-1143	436
-3136	43	4601	-457	-1784	445
-3064	190	4371	-542	-2154	503
-3059	-58	4387	-430	-2290	478
-2950	1	4266	-336	-2552	436
-2843	153	4256	-313	-2656	381
-2687	-184	4873	-246	-2811	664
-2588	-511	5609	-277	-3360	347
-2786	-592	6513	-322	-4228	80
-3266	-888	7420	-275	-5396	-108
-3891	-567	7441	-216	-5854	-46
-3113	158	6092	-278	-3852	-221
-1983	593	5759	-142	-2133	-315
-1250	860	5237	-13	-2489	-563
-441	764	3506	119	-3661	-511
708	495	1616	87	-3493	-211
1327	238	818	120	-2033	23
1273	285	1580	254	-420	122
462	222	3383	326	44	330
-169	146	5026	149	-734	505
-586	170	5945	-55	-2069	491
-625	310	5731	-151	-2955	227
-194	326	5173	-119	-3070	24
-90	199	4719	-117	-2679	-279
-235	115	4285	-164	-2579	-440
-45	6	3402	-138	-2494	-332
540	-276	2821	-99	-1880	-340
960	-495	2620	-116	-1093	-343
1000	-342	2740	-29	-290	-163
936	-273	3376	44	332	138
717	-373	4233	-1	477	215
544	-328	4746	-53	221	100
448	-218	4859	-86	-234	21
510	-159	4426	-105	-553	27
593	-68	4015	-85	-533	57
561	-8	3725	-28	-250	49
360	37	3746	14	32	46
232	1	3764	12	176	34
154	-67	3871	17	288	33
41	24	4079	9	324	41
8	-34	4214	17	325	34
5	21	4349	29	256	36
64	22	4339	73	129	80
253	18	4276	100	4	75
443	27	4177	78	-120	12
553	39	3986	25	-137	-27
589	-27	3814	9	27	-15
565	-59	3802	-15	313	3
357	-95	3911	-20	542	29
138	-85	4071	-19	683	12
-27	-17	4280	4	656	13
-51	15	4398	29	425	48
9	3	4290	35	217	62
122	3	4137	14	139	46
207	-12	3955	-17	218	-20
197	-38	3892	-30	391	-60
129	-74	4014	-24	554	-83
82	-63	4216	-3	552	-61
69	-55	4281	9	418	-18
130	-46	4190	3	326	16
125	-26	4068	-1	350	48
72	-16	4007	-6	443	74
-43	-41	4056	-8	513	78
-159	-42	4168	-6	498	85
-243	-23	4274	-3	388	95
-228	-24	4228	-5	270	109
-191	-11	4157	9	243	134
-175	-22	4102	24	266	146
-168	-22	4082	36	319	146
-163	-30	4075	40	349	148
-158	-16	4063	40	370	145
-212	-29	4062	31	411	138
-282	-54	4140	18	424	104
-352	-52	4221	6	345	78
-342	-39	4244	1	210	79
-323	-42	4221	16	103	95
-282	-8	4186	15	35	103
-267	-16	4124	12	37	103
-295	-12	4085	5	55	100
-322	-37	4058	6	98	81
-334	-52	4075	7	146	57
-326	-26	4125	1	134	34
-327	-22	4157	-5	101	12
-325	3	4136	-8	72	8
-292	5	4085	-3	69	20
-291	-6	4081	6	96	26
-294	-10	4123	4	108	28
-276	-14	4143	-4	102	18
-1882	186	3862	-697	652	3190
-1820	145	4052	-708	489	2841
-1768	196	3983	-742	280	2507
-1672	307	3840	-736	188	2332
-1664	399	3784	-707	164	2198
-1677	500	3816	-668	196	2051
-1723	543	3963	-615	108	1949
-1760	496	3780	-567	-20	1871
-1703	447	3509	-519	4	1796
-1653	430	3439	-480	131	1686
-1664	514	3420	-467	253	1571
-1655	565	3420	-477	350	1472
-1710	584	3482	-502	406	1373
-1755	574	3451	-555	428	1258
-1774	538	3449	-613	446	1158
-1781	544	3393	-681	448	1062
-1794	591	3333	-741	526	1013
-1827	585	3413	-757	607	929
-1960	462	3499	-763	628	810
-2184	378	3553	-749	703	676
-2201	482	3543	-681	798	727
-1994	579	3597	-606	734	1028
-1951	531	3503	-553	516	1237
-1975	422	3262	-521	331	1198
-1951	191	2930	-484	331	924
-1930	-13	2644	-439	547	482
-2006	149	2430	-425	838	187
-2058	238	2364	-432	1127	196
-2090	360	2384	-486	1331	344
-2082	549	2372	-543	1467	674
-2085	512	2251	-574	1514	951
-1895	241	2039	-627	1472	1005
-1773	-93	1819	-721	1622	851
-1768	-177	1776	-840	1737	635
-1870	-101	1652	-752	1767	618
-1889	-243	1572	-578	1948	583
-1749	-446	1702	-415	2124	269
-1836	-230	2033	-210	2006	-26
-1886	62	2352	-37	1726	86
-1976	291	2687	56	1408	493
-2151	447	3296	18	1063	860
-2686	354	4140	-26	444	1066
-3096	259	5041	-151	-458	653
-3269	55	5323	-225	-1555	359
-3132	-106	4988	-408	-2527	15
-2972	-318	4480	-669	-3121	-253
-2782	-132	4033	-918	-3533	-415
-2531	154	3513	-928	-3460	-194
-2389	439	3637	-759	-2912	-24
-2574	610	4742	-609	-2590	238
-2891	482	5956	-598	-3176	264
-2823	176	6635	-683	-3993	196
-2838	-159	7044	-845	-4781	-78
-1771	-126	5326	-869	-4602	-536
-1541	-94	5013	-902	-3498	-814
-1497	171	5693	-884	-3048	-959
-1311	199	5618	-654	-2830	-740
-1096	22	5282	-473	-2973	-622
-676	16	4269	-333	-3329	-592
-223	38	3201	-247	-3396	-380
240	-96	2423	-195	-2982	-125
533	-227	2246	-154	-2151	-26
537	-410	2854	-120	-1353	13
312	-520	3704	-117	-1047	-131
70	-538	4346	-117	-1103	-254
-134	-435	4725	-91	-1330	-321
-158	-292	4842	-55	-1696	-350
62	-69	4637	-41	-2003	-317
307	58	4198	-59	-2079	-228
487	79	3720	-73	-1741	-166
588	81	3531	-78	-1170	-166
587	60	3617	-57	-678	-169
468	-42	3875	-42	-444	-121
406	-96	4048	-30	-404	-96
390	-145	4171	-29	-439	-88
382	-226	4240	-47	-523	-141
427	-219	4225	-63	-606	-168
465	-183	4164	-63	-660	-147
521	-203	4065	-54	-687	-107
580	-219	3999	-47	-663	-80
642	-239	3965	-36	-584	-91
655	-265	3972	-34	-498	-122
599	-246	3986	-20	-388	-134
556	-244	4050	-3	-307	-106
549	-220	4103	13	-320	-80
569	-197	4098	24	-354	-60
593	-187	4094	22	-366	-50
642	-184	4028	30	-344	-36
672	-215	3953	44	-251	-38
685	-213	3980	58	-149	-62
644	-166	4052	72	-126	-57
628	-132	4071	74	-117	-37
636	-107	4082	67	-105	-20
658	-137	4127	59	-132	-11
654	-115	4080	61	-172	-14
665	-131	4072	55	-176	-9
694	-135	4106	56	-195	-19
700	-135	4057	62	-202	3
704	-125	4009	62	-147	16
713	-134	4041	59	-84	20
728	-126	4072	58	-80	-2
701	-142	4052	53	-94	-14
719	-144	4026	49	-75	-7
749	-134	3969	53	-16	21
747	-144	3957	53	85	40
728	-132	4032	59	164	28
671	-118	4116	50	173	7
638	-103	4131	38	130	-6
635	-107	4149	26	73	-3
662	-122	4103	20	37	-9
680	-125	4050	18	40	-8
701	-123	4036	18	69	-12
677	-118	4059	13	94	-21
664	-108	4075	9	99	-29
644	-121	4125	4	81	-43
646	-121	4107	1	56	-35
647	-114	4075	-1	54	-43
661	-128	4040	-5	79	-42
642	-120	4065	1	108	-36
622	-116	4098	5	111	-20
605	-117	4111	5	87	-25
614	-117	4123	4	66	-32
625	-121	4103	6	48	-26
632	-132	4093	11	41	-21
643	-131	4066	15	59	-18
636	-116	4074	13	74	-10
632	-129	4099	12	77	-8
612	-126	4107	11	66	4
609	-120	4112	14	65	-7
600	-116	4116	22	62	4
-1174	136	3983	17	-218	86
-1193	101	3963	1	-256	107
-1196	105	3961	-23	-285	109
-1177	62	3925	-26	-317	80
-1154	57	3888	-32	-325	53
-1130	46	3817	-38	-290	45
-1118	32	3840	-39	-213	36
-1135	30	3876	-33	-124	26
-1176	38	3894	-24	-56	39
-1207	42	3955	-15	-49	29
-1221	52	3955	-3	-87	28
-1207	72	3871	-4	-133	38
-1206	85	3796	3	-107	47
-1208	80	3750	0	-19	54
-1228	90	3780	2	72	60
-1256	102	3885	-11	60	59
-1267	119	3877	-27	1	52
-1285	146	3834	-37	-20	73
-1297	168	3695	-30	-6	130
-1298	210	3529	-29	87	169
-1276	189	3439	-16	243	225
-1326	121	3421	-14	386	233
-1357	88	3379	-37	531	188
-1366	160	3316	-70	626	220
-1386	195	3059	-57	687	303
-1359	111	2595	-16	848	304
-1269	23	2304	20	1258	225
-1237	62	2116	-47	1646	219
-1221	108	1870	-135	2068	301
-1326	61	1855	-148	2517	354
-1479	-14	2035	-110	2743	291
-1645	-17	2243	-59	2713	244
-1732	-65	2261	-46	2596	185
-1719	20	2405	-153	2559	59
-1722	218	2641	-197	2228	161
-1648	105	2584	-168	1807	299
-1566	62	2699	-109	1555	332
-1571	117	2885	21	1347	537
-1822	7	3050	155	1248	654
-1989	32	3337	138	1011	561
-2082	80	3667	-64	606	614
-2410	238	4199	-172	23	660
-2360	335	4029	-105	-450	600
-2718	299	4771	3	-818	553
-2933	36	5156	-7	-1223	230
-3108	-110	5468	-37	-2036	147
-2881	-142	5000	-61	-2723	237
-2659	33	4807	27	-2920	127
-2579	229	4982	45	-3176	-96
-2315	435	5161	-65	-3421	-251
-2668	556	6493	-339	-3864	-537
-3340	654	7476	-661	-4332	-587
-3897	706	7547	-720	-3728	-379
-2408	918	6692	-515	-2300	-98
-1373	875	5626	-357	-2167	-180
-587	485	4573	-436	-3062	-279
381	-251	2361	-453	-3830	-316
1261	-528	752	-424	-2605	-206
1256	-643	1067	-282	-795	-56
505	-590	2894	-262	68	-39
-155	-548	4854	-295	-411	-223
-495	-495	6048	-231	-1546	-336
-561	-445	5888	-170	-2844	-390
-223	-241	5077	-146	-3210	-339
36	-50	4677	-188	-2816	-228
-116	94	4509	-283	-2614	-236
-19	112	3891	-333	-2671	-274
405	40	2965	-228	-2331	-180
727	-1	2352	-78	-1368	-57
744	18	2458	40	-171	104
484	51	3324	65	608	224
168	25	4341	44	682	290
1	-96	5138	-7	102	183
187	-144	5248	-74	-876	63
513	-161	4731	-123	-1540	-15
843	-135	4157	-180	-1646	-46
1027	-247	3644	-172	-1369	-34
1151	-197	3259	-89	-837	1
1154	-190	3160	-22	-212	43
995	-146	3397	3	362	67
740	-136	3860	9	666	71
470	-133	4223	-5	679	57
297	-138	4424	-28	496	37
253	-139	4411	-51	226	24
270	-135	4286	-60	6	20
290	-139	4146	-66	-96	26
309	-155	4059	-64	-119	36
351	-186	4055	-52	-120	48
357	-188	4028	-40	-48	64
351	-186	3991	-39	97	57
326	-204	4036	-36	212	53
292	-206	4122	-35	248	39
268	-168	4176	-38	210	10
281	-128	4199	-39	148	14
308	-154	4197	-45	85	22
348	-183	4153	-49	23	13
396	-173	4151	-45	-19	-13
416	-180	4143	-34	-52	-17
411	-166	4171	-44	-99	-13
414	-168	4168	-57	-150	-1
415	-186	4131	-55	-160	5
413	-187	4068	-45	-136	3
428	-184	4017	-31	-86	-2
443	-152	4048	-15	-26	13
453	-171	4066	-8	6	30
429	-176	4104	-4	24	33
421	-187	4118	-5	34	23
413	-220	4156	-5	9	8
400	-201	4139	-12	-5	12
383	-218	4124	-17	-12	24
397	-261	4080	-10	-11	16
427	-277	4044	-6	15	-5
468	-240	4024	19	85	-8
497	-210	4125	55	88	21
503	-152	4141	77	26	47
460	-99	4078	75	23	49
457	-113	4065	47	88	43
473	-168	4066	38	149	20
436	-224	4034	36	217	-17
383	-209	3996	61	348	-37
312	-166	4054	83	423	-9
248	-145	4111	73	400	44
241	-138	4132	53	329	58
260	-145	4186	30	254	41
267	-146	4209	6	161	36
257	-138	4168	13	98	32
267	-137	4151	37	119	48
307	-177	4184	41	107	34
341	-162	4176	13	32	-17
326	-185	4075	-14	-14	-22
-1922	541	3599	-1028	115	2322
-1959	414	3482	-992	104	2248
-1946	330	3446	-978	173	2096
-1925	351	3447	-970	245	1952
-1963	422	3538	-960	268	1860
-1992	539	3601	-938	214	1804
-1935	536	3582	-905	170	1760
-1869	501	3549	-890	164	1668
-1827	465	3530	-906	163	1562
-1831	438	3515	-940	150	1443
-1833	431	3506	-987	166	1280
-1894	400	3534	-1032	162	1131
-1976	321	3613	-1061	127	933
-2059	198	3610	-1056	74	726
-2212	14	3615	-1006	13	489
-2278	-17	3482	-925	28	258
-2097	302	3348	-745	219	478
-2000	483	3445	-523	324	974
-2049	411	3405	-387	170	1230
-1984	240	3049	-380	61	1187
-1988	34	2723	-462	178	958
-2017	-53	2559	-534	506	659
-2091	77	2631	-535	814	580
-2150	148	2684	-447	1032	654
-2235	267	2717	-370	1189	756
-2314	202	2662	-376	1290	830
-2265	114	2594	-464	1311	766
-2257	-5	2458	-558	1310	705
-2229	-60	2237	-619	1317	641
-2181	-118	2109	-594	1460	630
-2069	-257	2006	-527	1448	473
-2074	-256	1858	-473	1426	221
-1910	-210	1614	-486	1589	191
-1778	-210	1512	-414	1906	222
-1763	-172	1662	-348	2141	207
-1904	-67	1907	-261	2144	317
-2182	-10	2159	-180	2141	495
-2265	-81	2373	-149	2119	584
-2227	-111	2725	-120	1939	547
-2468	-209	3260	-42	1510	561
-2667	-293	3524	60	892	579
-2988	-69	4011	196	-35	569
-2988	-266	4332	213	-1002	512
-3249	88	4869	197	-1896	154
-3409	212	4685	141	-2914	-118
-3276	236	3854	133	-3530	120
-2989	266	4014	-20	-3585	70
-2299	440	4473	-250	-4020	334
-2005	181	4747	-575	-4306	296
-2584	237	5739	-719	-5213	52
-3406	71	6601	-879	-6224	-426
-2659	6	6211	-887	-6197	-795
-1821	146	4677	-776	-4221	-586
-2131	-219	6140	-572	-1895	-484
-2139	36	6787	-262	-1043	-462
-1569	148	6040	-143	-1323	-674
-826	219	4393	-98	-2053	-792
-180	238	3133	-8	-2274	-593
210	60	2502	30	-2071	-331
375	-184	2375	35	-1630	-221
299	-371	2799	24	-1206	-198
-10	-327	3596	-47	-1179	-285
-394	-199	4366	-140	-1635	-332
-689	-103	4729	-194	-2184	-306
-738	-9	4709	-213	-2447	-315
-556	165	4524	-237	-2420	-434
-344	269	4328	-173	-2257	-402
-240	242	3962	-70	-1945	-234
-161	241	3653	39	-1456	-43
-47	162	3565	80	-1016	70
58	-22	3529	49	-609	50
45	-73	3693	-10	-298	31
7	-79	4023	-74	-244	29
47	-47	4274	-96	-413	66
172	-33	4368	-90	-624	68
305	-31	4397	-96	-848	50
424	-93	4237	-126	-997	-7
508	-108	3986	-149	-961	-56
583	-80	3772	-153	-809	-36
579	-136	3655	-113	-572	29
539	-227	3743	-63	-272	18
442	-240	3957	-23	-45	4
353	-195	4155	-11	40	9
295	-139	4276	1	36	56
223	-139	4271	-7	-52	63
242	-136	4158	-35	-114	-1
270	-91	4032	-45	-87	2
280	-52	4004	-40	-28	60
286	-77	3944	-31	78	106
285	-77	3999	-35	185	105
334	-50	4100	-44	205	106
330	-53	4118	-49	203	119
332	-60	4118	-53	236	128
308	-98	4113	-60	257	127
233	-164	4070	-62	273	115
193	-197	4052	-61	308	74
188	-159	4082	-62	334	24
157	-145	4068	-55	343	-3
162	-103	4095	-34	379	7
126	-91	4164	-16	399	45
41	-117	4220	-15	346	45
3	-187	4207	-25	265	12
28	-222	4146	-28	237	-16
45	-227	4064	-14	281	-41
60	-199	4052	6	351	-49
30	-181	4062	27	400	-46
-12	-158	4146	39	387	-38
8	-154	4149	43	349	-38
20	-161	4131	45	338	-35
24	-170	4142	49	327	-40
-14	-153	4134	56	331	-54
-31	-164	4136	62	341	-67
-73	-147	4133	72	340	-73
-102	-148	4147	83	324	-57
-131	-130	4155	85	303	-42
-144	-115	4138	85	290	-25
-184	-113	4169	86	251	-16
-208	-127	4153	93	211	-19
-206	-105	4160	96	184	-19
-192	-98	4143	88	159	-23
-207	-86	4152	87	154	-28
-205	-62	4083	95	163	-33
-180	-68	4081	103	197	-30
-181	-65	4091	96	216	-25
-223	-56	4139	83	208	-19
-241	-42	4160	78	179	-15
-226	-59	4169	78	128	-12
-237	-70	4152	72	93	-7
-219	-74	4131	73	73	-5
-216	-64	4165	78	56	-17
-804	147	4091	-107	120	138
-823	189	4121	-96	43	123
-807	223	4104	-89	-13	117
-766	211	4090	-79	-38	96
-728	183	4080	-57	-57	30
-712	191	4060	-41	-77	-19
-735	222	4013	-43	-84	-42
-757	276	3963	-52	-41	-37
-749	328	3937	-61	-5	-4
-728	300	3947	-64	45	20
-741	233	4023	-64	62	5
-781	178	4071	-58	29	-19
-789	177	4080	-50	-13	-62
-802	243	4040	-55	-32	-95
-778	266	4031	-54	-24	-97
-786	278	3997	-52	-39	-90
-802	273	3958	-53	-29	-74
-842	273	3975	-47	-16	-77
-864	278	4007	-54	-23	-80
-905	297	4003	-73	-52	-76
-944	286	3944	-77	-77	-84
-912	256	3868	-80	-69	-116
-806	288	3821	-78	-35	-116
-835	284	3784	-73	61	-76
-933	277	3746	-94	213	-55
-1047	264	3747	-109	338	-38
-1138	228	3731	-106	403	-31
-1156	217	3704	-88	443	-54
-1160	208	3642	-78	452	-78
-1230	252	3502	-73	486	-96
-1326	191	3168	-82	556	-107
-1261	245	2812	-137	784	-174
-1240	296	2594	-159	1069	-96
-1191	183	2329	-122	1393	-62
-1162	65	2125	-112	1693	-123
-1072	-3	1918	-199	2062	-294
-1098	213	1810	-322	2448	-343
-1105	227	1866	-360	2883	-246
-1413	43	2108	-332	3074	-142
-1463	-160	2170	-362	2988	-220
-1563	-92	2266	-379	2937	-260
-1552	-6	2451	-413	2846	-215
-1609	-5	2823	-436	2601	-253
-1573	-155	3006	-459	2288	-315
-1659	-120	3151	-334	1984	-180
-1673	-38	3160	-97	1570	60
-1750	81	3158	55	1421	220
-2058	303	3620	150	1465	468
-2581	248	4859	153	1111	762
-2734	421	5459	272	188	850
-3017	227	5943	242	-978	852
-2895	150	5703	108	-2166	791
-2605	-55	4924	-182	-3141	638
-2224	-171	4042	-277	-3427	564
-2150	-561	4433	-230	-3246	295
-2392	-437	5428	-246	-3291	-7
-2654	-105	6717	-284	-3589	1
-3957	235	8639	-422	-4042	204
-4643	488	8397	-520	-3729	-192
-2759	952	7198	-473	-2626	-276
-1308	727	5587	-227	-2580	-253
-409	346	4037	-72	-3477	-115
613	-182	2182	-136	-3691	123
1369	-506	813	-147	-2607	272
1485	-686	738	-13	-814	88
787	-404	2315	52	377	-147
-88	-72	4381	-29	203	-288
-585	-7	5899	-185	-975	-277
-712	-46	6310	-255	-2464	-255
-283	-324	5608	-239	-3283	-343
-109	49	4887	-162	-3127	-536
-206	203	4533	-130	-2771	-474
-114	-59	4149	-201	-2704	-508
217	88	3519	-239	-2681	-585
636	302	2694	-117	-2164	-337
1040	193	2470	6	-1146	-112
985	18	2793	67	-324	92
758	-145	3554	70	345	162
458	-102	4397	57	381	114
358	-186	4883	49	-9	65
386	-97	4822	43	-487	-16
467	7	4476	29	-752	-25
508	96	4092	3	-750	29
537	87	3812	-20	-585	73
573	-11	3704	-43	-433	57
569	-66	3695	-28	-292	40
486	-83	3817	3	-104	43
404	-68	4057	17	7	52
283	-51	4279	4	9	30
258	-32	4385	-18	-95	3
261	-34	4338	-39	-258	-20
312	-14	4135	-44	-329	-23
434	-17	3983	-43	-314	17
529	-44	3856	-48	-245	40
550	-66	3864	-48	-62	31
505	-92	3964	-41	85	4
408	-61	4163	-46	106	-4
393	-20	4257	-53	-15	6
502	-22	4254	-52	-133	17
566	-27	4219	-60	-204	27
575	-53	4141	-74	-230	4
567	-54	4138	-77	-235	-7
537	-66	4147	-74	-270	-10
537	-71	4115	-64	-306	-21
566	-89	4057	-34	-289	-2
610	-89	4028	-13	-250	19
630	-87	4050	0	-218	38
650	-117	4001	3	-204	39
653	-115	3991	-3	-126	24
635	-145	3977	-10	-39	10
637	-181	4053	-1	32	-1
616	-153	4151	29	29	-6
602	-99	4115	47	-36	-5
587	-20	4048	40	-41	-7
578	14	4021	25	-1	1
550	-22	4062	-1	27	-5
539	-53	4116	-20	27	-18
512	-73	4189	-28	-6	-20
534	-87	4184	-29	-81	-20
565	-71	4139	-18	-137	-4
623	-69	4037	-2	-124	6
670	-70	3968	5	-67	-14
682	-65	3958	-2	23	-19
634	-67	4042	-8	91	-16
576	-77	4154	-20	74	-16
597	-68	4195	-22	-1	-8
659	-74	4120	-25	-60	-4
676	-95	4023	-22	-48	10
702	-94	3943	-17	56	7
660	-105	4047	-8	134	2
-1696	-392	3792	-887	292	3441
-1651	-595	3645	-928	364	3245
-1636	-579	3522	-977	544	3102
-1667	-381	3463	-1000	775	3067
-1754	-68	3580	-993	935	3213
-1900	92	3592	-968	924	3412
-2093	24	3540	-967	914	3444
-2124	-22	3450	-966	904	3438
-2056	-99	3420	-959	930	3427
-1954	-40	3457	-945	967	3369
-1955	101	3563	-924	919	3366
-2088	153	3585	-890	802	3348
-2165	210	3507	-864	750	3324
-2138	218	3422	-815	834	3251
-2150	310	3454	-816	905	3022
-2131	362	3478	-915	1000	2749
-1998	498	3510	-1057	1075	2410
-1989	654	3552	-1128	1094	2304
-2200	871	3613	-1099	954	2460
-2335	855	3464	-1029	705	2746
-2365	679	3270	-1036	530	2871
-2270	483	3007	-1103	453	2840
-2164	461	2774	-1246	488	2738
-2195	398	2749	-1333	613	2684
-2241	-42	2623	-1313	684	2385
-2191	-158	2434	-1203	1014	1785
-2214	213	2275	-1097	1250	1859
-2101	334	2063	-918	1470	2134
-1890	456	1990	-804	1647	2186
-1937	377	2060	-732	1776	2140
-2095	217	2020	-736	1664	1951
-2029	-13	1873	-808	1727	1638
-1937	-79	1777	-906	1923	1379
-1794	49	1863	-944	2136	1291
-1752	354	2073	-997	2093	1273
-1751	431	2366	-1105	1802	1352
-1903	418	2398	-1087	1354	1443
-2118	157	2354	-1061	1124	1555
-2215	-177	2389	-1003	1064	1346
-2295	-354	2829	-931	1191	1185
-2572	-168	3843	-725	928	1028
-2860	-60	4765	-723	-130	551
-3171	78	5094	-741	-1259	256
-3179	345	4797	-721	-2219	115
-3057	427	4450	-803	-2777	230
-2907	506	4284	-944	-3110	223
-2714	681	4119	-939	-3268	351
-2685	637	4740	-963	-3487	508
-2609	541	5303	-952	-4148	655
-2384	385	5942	-953	-5033	935
-2444	139	6314	-842	-5313	972
-1916	520	6476	-853	-4911	364
-1452	955	6185	-943	-3742	-147
-1579	581	6802	-1062	-2885	-520
-1434	252	6525	-626	-2862	-541
-896	230	5307	-273	-3271	-539
-267	265	4067	-169	-3659	-507
335	319	2889	-225	-3733	-282
745	65	1872	-330	-3173	11
753	-177	1607	-398	-1912	101
415	-279	2427	-437	-744	-27
69	-231	3811	-486	-522	-136
-308	-121	4860	-507	-1177	-222
-572	-118	5099	-506	-2049	-178
-393	-154	4798	-471	-2462	-116
-28	-81	4581	-432	-2506	-61
181	41	4183	-389	-2482	33
310	19	3656	-328	-2249	125
590	-176	3408	-287	-1784	101
869	-185	3479	-271	-1220	113
920	-280	3725	-198	-808	229
887	-290	3864	-147	-563	245
906	-304	3930	-130	-417	130
963	-168	3934	-126	-282	50
1017	-143	4060	-102	-198	65
963	-119	4183	-67	-228	106
819	-113	4248	-43	-300	172
700	-198	4275	-33	-489	165
704	-287	4103	-57	-684	103
802	-328	3874	-68	-658	22
838	-324	3815	-50	-482	0
726	-288	3807	2	-275	-55
637	-210	3975	41	-108	-59
586	-176	4151	55	-112	2
581	-145	4134	49	-189	10
634	-122	4060	47	-160	7
645	-81	4047	57	-111	3
634	-40	4088	68	-115	0
634	-43	4085	79	-135	8
671	-50	4133	80	-174	47
690	-105	4187	85	-266	60
736	-146	4152	96	-362	37
777	-164	4062	97	-396	-11
826	-182	4031	87	-390	-13
838	-183	4024	75	-359	-4
840	-202	4026	60	-324	-33
851	-159	4029	53	-316	-75
898	-88	4000	55	-297	-77
917	-63	3971	50	-247	-39
916	-96	3929	56	-157	-48
899	-60	3896	59	-31	-89
866	-58	3963	55	66	-62
828	-91	4017	53	100	-21
834	-118	4049	51	104	-3
866	-99	4067	61	106	31
853	-103	4009	70	117	70
859	-89	3994	70	175	59
843	-59	4086	57	170	32
822	-40	4150	46	95	18
815	-46	4155	33	-5	19
839	-77	4108	23	-63	5
832	-52	4080	16	-70	5
839	-63	4009	23	-41	15
822	-62	4020	32	8	19
802	-45	4037	34	22	15
795	-40	4086	32	23	30
803	-50	4110	23	-7	34
827	-54	4074	14	-20	39
815	-65	4083	8	-31	33
826	-77	4068	10	-44	27
835	-70	4074	13	-57	27
859	-77	4054	8	-81	22
876	-91	4031	-1	-78	12
870	-69	4022	-6	-56	3
867	-73	4047	-6	-30	-3
850	-62	4036	-4	-18	8
835	-81	4045	-7	-11	11
839	-59	4050	-5	-9	0
826	-77	4070	-3	-24	4
825	-66	4079	-2	-45	2
-1484	402	3925	-93	-379	237
-1300	120	3550	-78	-431	117
-1186	-40	3340	-72	-270	-97
-1225	36	3376	-60	-10	-337
-1368	243	3639	-23	230	-442
-1542	405	4045	25	236	-433
-1619	500	4158	18	44	-352
-1578	506	3929	-21	-134	-249
-1459	451	3598	-62	-101	-143
-1457	416	3479	-85	45	-86
-1549	415	3437	-96	200	-60
-1629	412	3540	-93	353	4
-1727	397	3733	-82	427	63
-1785	371	3839	-108	355	62
-1734	302	3788	-158	180	20
-1546	326	3612	-174	86	12
-1456	290	3431	-145	146	87
-1454	281	3247	-108	376	153
-1545	262	3118	-92	693	218
-1581	251	3155	-73	1020	175
-1766	242	3303	-17	1193	105
-2004	134	3413	33	1189	-48
-2099	157	3296	60	1073	-210
-1939	188	3110	91	1022	-213
-1698	165	3017	109	972	-109
-1537	207	2648	101	897	-93
-1366	372	2122	127	1061	2
-1317	382	1734	229	1493	150
-1357	192	1462	350	1963	69
-1302	49	1482	308	2608	-77
-1567	151	1862	230	3046	17
-1784	218	2146	199	3076	147
-1930	361	2376	223	2984	183
-2061	471	2763	323	2646	293
-2029	404	2907	429	2176	320
-2138	298	3232	355	1828	149
-2235	168	3525	86	1434	100
-2257	68	3786	-242	1094	2
-2302	28	3951	-422	581	-97
-2352	37	3974	-418	-68	-197
-2521	71	4161	-378	-818	-326
-2359	205	3821	-325	-1381	-158
-2479	479	3723	-249	-1706	104
-2411	432	3531	-137	-1858	639
-2585	605	3818	-52	-1861	730
-2932	661	4148	-62	-2016	800
-2968	659	4212	25	-2290	729
-2906	647	4390	-15	-2404	518
-2989	448	5243	-181	-2959	62
-2737	588	5486	-338	-3662	221
-2812	879	6147	-597	-4267	134
-3230	1273	7020	-790	-4919	16
-3662	1909	7468	-834	-5121	-24
-2820	1431	7043	-915	-3896	58
-1718	968	6510	-776	-3523	-103
-1029	199	4844	-690	-4267	41
-274	-484	2778	-609	-4926	223
855	-983	843	-435	-4155	173
1744	-1014	63	-336	-2153	89
1712	-1015	1332	-478	-6	-132
695	-1077	3743	-558	543	-697
41	-530	5505	-519	-432	-1054
-140	-222	6039	-541	-1773	-948
143	551	5755	-508	-2455	-525
301	817	5068	-415	-2562	87
741	528	4373	-426	-2451	384
870	-18	3508	-413	-2278	237
1146	-195	2873	-356	-1565	-27
1404	-116	2610	-263	-660	-123
1369	47	2693	-168	311	-6
1042	-44	3192	-74	1022	94
474	-86	3945	44	1277	-40
-97	-41	4686	105	1080	-225
-382	53	5153	71	499	-241
-363	43	5089	20	-251	-70
-201	-53	4620	-34	-771	46
21	-148	4075	-57	-930	85
183	-198	3679	-68	-750	33
255	-197	3530	-48	-347	29
164	-181	3707	-67	17	-33
15	-85	3922	-91	222	-25
-120	-38	4199	-100	275	41
-157	30	4437	-103	115	89
-65	49	4491	-113	-163	159
123	17	4290	-101	-413	224
319	-56	4045	-84	-459	174
444	-70	3943	-68	-335	88
455	-77	3958	-69	-220	-11
410	-56	3981	-76	-115	-25
365	-121	4053	-63	8	31
298	-227	4168	-43	48	50
225	-253	4216	-24	-20	70
185	-241	4198	-15	-109	77
169	-198	4159	-23	-174	67
173	-184	4180	-52	-206	88
213	-231	4274	-62	-278	63
253	-195	4283	-44	-417	34
351	-170	4167	8	-482	34
409	-176	4076	81	-450	29
441	-130	4041	125	-375	-11
466	-55	4030	133	-334	-64
492	-56	4018	125	-285	-77
482	-37	4012	108	-204	-59
462	-51	4035	92	-116	-24
434	-58	4120	81	-76	2
439	-102	4144	70	-117	-5
495	-78	4120	69	-169	-45
569	-73	4100	76	-189	-59
578	-55	4070	78	-178	-62
561	-19	4020	77	-114	-49
560	-2	4007	70	-30	-16
545	-25	4015	54	38	0
503	-45	4054	37	93	-18
474	-68	4074	23	106	-43
432	-58	4092	14	99	-43
428	-54	4108	18	95	-16
406	-56	4128	17	87	-5
407	-65	4147	6	62	-3
410	-74	4146	-6	28	-13
437	-79	4100	-16	23	-18
448	-84	4099	-16	36	-8
454	-61	4095	-17	53	4
427	-51	4119	-16	66	7
427	-65	4123	-23	61	-2
420	-67	4100	-27	58	-12
439	-59	4089	-25	56	-1
470	-65	4098	-25	61	7
475	-82	4087	-21	84	14
461	-95	4092	-15	105	12
421	-82	4131	-11	120	10
-1660	700	3557	-933	114	2017
-1649	693	3548	-865	163	1911
-1614	670	3564	-826	198	1817
-1580	700	3570	-827	186	1753
-1587	725	3593	-841	156	1702
-1584	716	3572	-864	172	1583
-1604	689	3662	-894	198	1446
-1640	630	3694	-941	189	1322
-1749	451	3738	-977	206	1167
-1813	355	3788	-953	221	1022
-1771	421	3756	-843	228	1102
-1772	500	3715	-716	139	1321
-1739	455	3643	-612	20	1418
-1647	307	3504	-547	-44	1260
-1570	108	3380	-502	42	941
-1574	4	3331	-465	196	567
-1647	41	3331	-410	405	306
-1781	248	3409	-325	575	228
-1897	375	3405	-230	591	252
-1943	423	3232	-212	583	222
-1816	566	2951	-239	734	278
-1926	602	2909	-252	963	454
-1999	456	2830	-322	1109	479
-2014	515	2640	-355	1289	495
-1977	457	2524	-317	1563	662
-2032	246	2436	-247	1812	660
-2071	-26	2428	-223	1982	426
-2089	-118	2368	-244	2044	144
-2118	-16	2253	-282	2000	-4
-2112	71	2189	-238	2077	21
-1998	128	2104	-233	2174	36
-2016	146	2072	-262	2235	-24
-1953	121	2047	-190	2208	-111
-1958	45	2075	-44	2173	-155
-1839	198	1998	113	2156	-15
-1743	446	2110	306	2182	327
-1858	529	2438	363	2074	501
-2057	580	2737	280	1776	584
-2303	574	3087	197	1373	671
-2631	548	3611	196	730	691
-2873	333	3944	164	-14	799
-2929	228	4122	37	-588	762
-3071	127	4157	-111	-1113	942
-3259	56	4511	-310	-1859	700
-3431	310	4481	-260	-2546	371
-3336	444	4250	-223	-2984	459
-3019	495	3892	-273	-3201	509
-2477	575	4109	-505	-3262	431
-1974	498	4871	-724	-3567	367
-2256	276	5607	-840	-4308	83
-2793	577	6395	-959	-5106	-115
-2873	316	6184	-919	-5530	-427
-1801	424	4705	-786	-4597	-686
-1709	440	4996	-772	-2483	-738
-1948	708	5930	-734	-1738	-861
-1805	708	6087	-549	-1596	-669
-1420	551	5329	-410	-2146	-506
-819	462	4107	-279	-2781	-494
-253	455	3042	-235	-2982	-323
166	233	2351	-206	-2672	-57
334	-52	2279	-173	-1957	-17
187	-68	2932	-176	-1288	-115
-129	83	3845	-206	-1217	-136
-360	199	4539	-227	-1606	-134
-515	320	4757	-241	-2076	-137
-469	408	4707	-213	-2367	-63
-274	343	4501	-206	-2488	7
-83	295	4105	-220	-2398	14
117	271	3683	-203	-2000	81
238	175	3587	-171	-1444	105
307	94	3729	-141	-1004	65
287	45	3916	-119	-783	49
285	59	4075	-92	-739	63
293	-2	4138	-78	-767	95
377	-39	4161	-74	-802	128
453	-124	4139	-81	-883	109
554	-220	4032	-97	-951	41
588	-222	3927	-104	-829	-46
548	-182	4033	-68	-676	-88
476	-23	4132	-6	-643	-100
461	155	4104	48	-685	-39
548	258	4049	101	-728	79
632	195	3992	106	-640	142
630	121	4068	82	-541	118
545	74	4142	50	-533	60
542	39	4165	28	-606	-4
582	36	4095	33	-620	-28
638	93	4048	49	-584	-36
683	128	4022	57	-547	-23
687	148	4032	60	-515	-9
706	163	4068	45	-518	11
767	138	4036	24	-527	12
826	112	4008	13	-508	-10
846	73	3984	24	-446	-18
845	60	3970	45	-358	-40
850	96	4003	76	-293	-38
846	137	4016	87	-271	-16
851	111	4022	74	-253	-20
872	46	4052	59	-269	-71
929	68	4006	54	-282	-111
941	72	3953	65	-221	-112
908	98	3923	61	-115	-113
887	148	3992	53	-42	-100
866	159	4088	48	-60	-88
857	149	4086	40	-107	-87
881	145	4033	42	-111	-79
885	151	4020	39	-85	-60
896	155	3998	42	-46	-32
889	170	3994	43	-23	-2
897	162	3990	47	4	15
899	184	4001	42	45	16
874	205	4041	37	65	3
864	193	4100	30	47	2
849	207	4121	21	-8	4
863	197	4077	11	-64	6
893	191	4018	6	-67	14
911	182	3974	1	-44	24
910	205	3972	3	-24	32
910	180	3992	-3	8	34
896	189	4024	-11	34	39
879	147	4087	-22	35	39
862	130	4081	-22	12	26
859	150	4066	-20	-20	20
867	148	4044	-20	-38	16
876	150	4054	-25	-48	17
882	159	4049	-32	-49	30
879	134	4039	-30	-38	30
866	134	4050	-24	-41	24
877	117	4039	-16	-48	17
876	117	4045	-12	-46	18
-996	290	3968	-1	90	-19
-1024	309	3995	3	75	2
-1014	285	3993	5	59	22
-1007	283	3959	-3	45	27
-1009	269	3914	-2	64	20
-1022	263	3882	-4	101	12
-1041	267	3881	-4	144	2
-1044	267	3902	-5	182	13
-1064	261	3884	6	217	28
-1105	262	3940	1	248	34
-1169	292	3983	-7	236	45
-1223	297	3976	-13	189	49
-1263	323	3937	-26	153	52
-1381	357	3889	-37	126	62
-1444	365	3813	-65	118	92
-1540	301	3751	-86	125	107
-1618	269	3719	-82	134	96
-1676	231	3622	-72	150	92
-1716	274	3469	-60	204	57
-1670	286	3219	-64	312	38
-1509	259	2882	-71	539	13
-1371	299	2598	-67	1029	12
-1435	231	2443	-85	1633	-3
-1605	216	2363	-120	2208	-79
-1804	295	2352	-141	2700	-83
-1904	345	2267	-182	2940	-38
-1730	298	2297	-253	3148	-3
-1796	121	2406	-287	3124	-45
-1871	-77	2235	-336	2703	-213
-1946	-17	1881	-396	2587	-302
-1750	100	1712	-414	2891	-185
-1595	155	1751	-328	3269	29
-1701	130	1987	-195	3346	74
-1752	246	2168	-64	3112	33
-1764	480	2330	115	2865	350
-1825	355	2588	235	2658	729
-1965	-61	2945	257	2390	843
-2075	-257	3254	148	2077	710
-2326	-172	3850	35	1627	411
-2884	166	4859	-74	481	241
-3210	373	5009	-56	-703	342
-3246	401	4811	24	-1707	387
-3240	508	4309	10	-2370	553
-3100	231	3773	10	-2576	594
-3173	443	4054	27	-2548	713
-2967	237	4342	14	-2785	782
-2840	218	4599	-31	-3241	374
-2659	388	4663	-97	-3724	238
-2499	573	4709	-257	-4157	333
-2756	735	5361	-351	-4644	377
-3391	1057	6522	-578	-5079	320
-4809	1249	7553	-685	-4766	-26
-4219	1352	7241	-757	-2750	68
-2335	1080	6453	-622	-1724	-355
-1493	615	4940	-353	-2835	-405
-468	116	2874	-140	-4071	-70
912	-318	1011	-186	-3559	135
1763	-704	533	-315	-1594	-110
1278	-631	2137	-398	69	-351
261	-596	4227	-344	-63	-557
-444	-125	5679	-275	-1339	-671
-625	134	5991	-294	-2778	-433
-197	-622	5407	-418	-3345	-412
-161	334	5101	-614	-3123	-702
-135	211	4737	-532	-2940	-539
125	172	4365	-485	-3017	-650
250	437	3308	-382	-3038	-430
914	451	2295	-254	-2157	168
1143	178	2007	-142	-837	383
1126	-19	2392	-36	556	313
603	19	3419	90	1348	232
117	150	4411	157	1270	161
-141	190	4939	116	810	62
-221	249	5133	9	240	22
-196	140	4988	-85	-379	64
-124	22	4582	-134	-825	71
-19	-69	4151	-136	-1009	88
26	-95	3765	-154	-969	90
127	-161	3516	-179	-715	108
232	-182	3477	-167	-293	120
238	-135	3809	-89	123	128
67	-81	4263	-31	189	106
-26	-24	4467	-35	-57	61
38	-12	4348	-54	-268	50
153	-35	4081	-54	-287	52
232	-47	3830	-43	-141	38
252	-2	3831	-11	94	50
217	47	4044	17	205	61
148	87	4277	26	125	55
175	47	4324	7	-56	34
211	33	4288	-20	-212	25
307	-24	4198	-35	-260	36
355	-51	4152	-32	-266	26
352	-63	4092	-35	-274	12
363	-105	4029	-20	-198	19
320	-134	4018	-4	-92	-3
251	-100	4071	20	-23	-18
188	-52	4114	46	-2	0
160	-15	4112	50	-10	11
179	-15	4125	54	-18	25
187	-28	4111	49	-26	11
195	-34	4129	41	-28	-20
201	-45	4165	39	-42	-21
211	-22	4160	41	-63	-1
233	-18	4150	37	-87	8
261	0	4120	37	-108	-15
287	19	4119	31	-107	-19
306	25	4130	30	-103	-11
325	34	4118	24	-108	4
338	19	4109	12	-110	5
351	-2	4078	5	-82	-19
352	-11	4090	10	-58	-28
347	-7	4080	10	-52	-20
362	4	4084	16	-24	-12
356	14	4091	20	9	10
330	7	4102	22	33	21
309	-8	4132	11	37	3
285	-21	4130	9	31	-12
270	-14	4056	23	57	-3
276	-11	4090	25	112	2
285	-14	4123	19	97	-12
267	-10	4150	16	70	-24
273	4	4133	13	48	-22
237	12	4146	11	40	-18
239	5	4144	7	15	-11
273	-7	4133	15	8	-8
282	-1	4088	15	32	-5
292	6	4070	8	77	-11
286	15	4099	1	106	-17
260	18	4136	-8	101	-24
-1175	338	3879	-58	12	355
-1137	373	3876	-62	20	356
-1179	355	3890	-76	18	386
-1136	304	3872	-75	62	382
-1159	249	3899	-64	101	343
-1165	292	3875	-72	115	326
-1153	351	3874	-96	131	361
-1199	390	3886	-107	145	403
-1230	350	3907	-108	114	425
-1248	294	3835	-119	100	438
-1246	252	3802	-111	177	432
-1213	276	3798	-106	264	413
-1181	280	3842	-115	304	398
-1243	295	3812	-132	310	385
-1328	345	3770	-159	345	408
-1402	366	3758	-189	391	432
-1497	395	3759	-207	408	477
-1602	413	3801	-226	384	505
-1732	361	3781	-238	323	518
-1791	299	3690	-250	268	540
-1680	279	3515	-228	299	567
-1591	272	3431	-225	303	620
-1554	210	3202	-229	380	615
-1594	263	2931	-242	629	559
-1656	365	2772	-239	1051	640
-1783	261	2694	-249	1428	655
-1792	220	2658	-308	1655	523
-1696	383	2524	-413	1808	547
-1646	329	2345	-485	2035	672
-1724	334	2215	-509	2301	693
-1820	386	2148	-533	2533	734
-1843	184	2012	-604	2649	788
-1860	-103	1967	-648	2697	534
-1669	-223	1848	-652	2702	262
-1645	-277	1809	-533	2768	153
-1710	-121	1934	-397	2682	180
-1614	42	1934	-239	2638	512
-1555	148	2159	4	2698	739
-1707	187	2638	161	2576	706
-1999	170	3039	211	2228	800
-2178	26	3581	281	1757	900
-2505	-9	4366	336	991	873
-2787	-95	4747	363	127	326
-3147	228	4911	469	-733	195
-2953	266	4423	510	-1470	104
-3003	545	4186	578	-1998	232
-3041	539	4368	719	-2528	411
-2930	429	4920	720	-3234	370
-2507	513	4688	575	-3531	413
-2622	892	5394	417	-3451	335
-3254	1043	6232	240	-4166	294
-3516	964	6817	-41	-4827	167
-2669	866	6437	-165	-4956	-134
-1943	625	4673	-271	-3547	-141
-1986	553	5711	-525	-2448	-338
-1846	623	5797	-652	-2298	-384
-1427	621	5476	-521	-2380	-446
-906	655	4470	-249	-2778	-485
-369	759	3475	-45	-3006	-509
48	760	2633	-51	-2837	-410
254	559	2290	-106	-2194	-211
201	287	2667	-167	-1498	-127
-61	162	3395	-207	-1230	-200
-365	244	3974	-238	-1438	-205
-531	175	4193	-239	-1766	-217
-527	202	4251	-225	-1851	-317
-496	329	4460	-209	-1792	-310
-453	448	4638	-219	-1800	-214
-379	551	4594	-272	-1885	-113
-254	475	4347	-295	-1913	-51
-44	358	3979	-272	-1774	-66
204	285	3653	-207	-1488	-11
345	293	3500	-142	-1083	14
361	389	3628	-131	-741	28
309	456	3882	-165	-571	11
286	444	4135	-187	-594	16
339	326	4242	-177	-724	33
417	241	4205	-177	-806	71
470	173	4159	-194	-828	146
495	161	4158	-204	-863	180
532	141	4130	-208	-877	171
581	150	4082	-220	-884	154
627	142	4007	-240	-840	131
637	155	3987	-249	-725	120
590	163	4002	-228	-603	124
570	170	4066	-205	-535	126
589	193	4074	-181	-538	147
594	188	4030	-184	-551	156
590	181	4042	-193	-507	148
624	152	4005	-184	-454	136
601	127	3966	-170	-353	126
585	107	3998	-150	-230	123
589	141	4086	-137	-179	143
606	140	4134	-129	-237	179
636	134	4103	-133	-286	164
672	95	4042	-133	-284	146
692	68	4021	-138	-257	143
730	26	4000	-136	-216	146
732	-8	4016	-121	-176	134
748	-29	4007	-99	-148	114
745	-13	4028	-81	-105	110
724	-3	4058	-65	-104	99
731	-7	4075	-61	-123	68
753	0	4020	-54	-110	60
764	-25	3999	-46	-61	64
732	-26	4031	-34	-19	42
741	-7	4027	-23	-5	20
732	-2	4051	-12	-2	19
747	10	4067	-7	-4	24
747	10	4069	1	-9	18
756	28	4058	4	-16	7
773	28	4031	6	0	-14
780	27	3985	8	46	-37
784	9	3986	18	114	-38
751	9	4025	26	174	-29
720	15	4037	46	209	-27
676	12	4094	61	225	-46
637	51	4170	66	193	-70
647	57	4179	69	117	-84
666	49	4111	73	56	-67
714	36	4028	85	58	-45
738	9	4034	93	117	-44
698	26	4046	100	153	-43
660	45	4082	111	158	-46
666	40	4110	117	147	-68
636	81	4128	119	120	-78
642	85	4117	127	84	-68
639	85	4082	123	83	-74
634	73	4076	124	73	-71
637	65	4039	138	83	-84
-1911	542	3470	1311	-148	-2808
-1879	521	3403	1272	-29	-2461
-1903	404	3414	1218	121	-2150
-1999	144	3577	1150	159	-1912
-2036	-11	3704	1073	66	-1787
-2001	-171	3761	990	-89	-1703
-1933	-191	3712	950	-233	-1633
-1844	-158	3548	940	-268	-1493
-1848	-96	3530	911	-213	-1314
-1873	27	3528	895	-237	-1062
-1894	96	3475	907	-250	-778
-1833	155	3433	945	-266	-526
-1839	170	3349	986	-266	-274
-1841	318	3450	976	-126	30
-2037	536	3740	842	-63	313
-2086	621	3783	649	-45	439
-1872	542	3852	443	-123	526
-1844	407	3893	341	-294	566
-1888	346	3789	330	-489	660
-1796	399	3455	314	-560	764
-1640	517	3117	295	-437	873
-1568	524	2913	261	-178	902
-1595	448	2904	174	33	717
-1638	296	2925	64	188	372
-1707	81	2965	30	414	-47
-1849	-50	3117	90	559	-508
-1841	-5	3019	163	474	-928
-1708	29	2685	204	273	-1272
-1492	206	2225	72	74	-1532
-1394	539	1613	-54	210	-1493
-1594	705	1111	-95	837	-1312
-1355	933	795	-74	1637	-1034
-1122	1189	876	-59	2355	-572
-1151	1042	1452	-157	2582	93
-1644	271	2036	-274	2349	494
-1886	-373	2101	-216	2092	480
-1921	-739	2222	-136	2391	120
-2017	-617	2792	36	2432	-347
-2294	-221	3287	116	1991	-632
-2577	186	3492	144	1428	-502
-2697	313	3664	231	1086	-291
-2852	566	4157	374	748	-131
-3060	496	4641	427	264	49
-3237	440	5040	415	-359	273
-3448	495	5289	412	-1170	260
-3459	593	5170	488	-1835	269
-3356	607	5296	517	-2589	378
-2914	152	4843	601	-3229	585
-2780	254	4852	440	-3287	201
-2907	979	5555	125	-3648	85
-3163	1098	6149	-427	-4166	112
-3553	1072	6722	-669	-4795	115
-3315	1270	6517	-502	-4930	358
-2276	1505	5757	-323	-4281	771
-1392	1216	5085	-309	-3809	605
-722	901	4505	-620	-3488	68
-231	258	3484	-500	-4062	-37
490	-174	2037	-268	-3799	223
1015	-426	1273	-137	-2600	291
1007	-239	1956	-163	-1161	216
495	-159	3596	-248	-594	233
126	-350	5138	-366	-916	-20
-312	155	5905	-437	-1720	-233
-333	19	5767	-412	-2611	-244
79	93	5273	-412	-3139	-401
631	171	4128	-264	-3309	-105
1024	153	2941	-98	-2539	76
1183	75	2470	-47	-1332	100
1081	55	2501	-25	-231	50
820	109	2905	-35	580	-63
414	241	3583	-99	1006	-64
33	183	4290	-140	1039	0
-245	169	4883	-127	679	-30
-342	200	5110	-115	-17	-36
-263	290	4794	-120	-670	-26
-118	269	4242	-135	-929	16
-7	238	3878	-169	-810	12
100	140	3806	-171	-575	-16
153	78	3858	-163	-389	-33
122	63	3893	-134	-235	-11
111	125	4000	-107	-106	42
82	160	4113	-97	-51	90
82	117	4257	-113	-96	82
170	97	4258	-154	-252	54
260	109	4182	-178	-370	51
331	87	4078	-167	-362	79
350	83	4083	-146	-298	106
384	36	4146	-143	-312	104
451	39	4177	-144	-373	70
499	29	4103	-139	-413	36
505	37	4040	-116	-364	37
475	25	4060	-92	-274	44
450	28	4066	-76	-222	51
397	5	4127	-68	-204	73
370	25	4172	-79	-210	51
373	10	4191	-77	-263	45
362	30	4182	-62	-325	32
347	0	4163	-38	-378	38
393	-8	4135	-27	-406	33
494	3	4048	-19	-419	30
545	53	3968	-21	-364	33
554	46	3925	-24	-229	22
538	47	3988	-32	-105	14
500	32	4077	-30	-57	6
475	30	4163	-34	-77	5
477	39	4147	-30	-125	-6
512	22	4125	-30	-159	-24
521	2	4084	-20	-154	-22
512	-5	4082	-5	-138	8
506	-10	4091	8	-130	23
528	-1	4120	18	-149	14
569	-12	4109	28	-179	13
620	-15	4057	35	-170	-1
614	14	4062	39	-141	10
563	45	4081	19	-121	21
593	75	4135	-4	-136	8
630	55	4093	-29	-160	-9
665	24	3978	-40	-117	-15
660	0	3968	-40	-14	-7
625	20	4020	-39	65	5
579	37	4084	-33	83	-1
584	47	4154	-35	35	-22
601	45	4139	-39	-34	-14
623	21	4083	-42	-60	12
635	4	4025	-44	-9	24
659	-12	4017	-45	62	10
647	-10	4056	-43	104	-15
607	0	4102	-46	112	-7
575	-10	4122	-53	84	13
589	-22	4114	-60	62	40
-1145	402	3886	-5	-454	-271
-1127	526	3857	-59	-398	-142
-1117	598	3851	-96	-301	33
-1144	510	3881	-95	-274	169
-1104	436	3817	-89	-302	224
-1064	409	3694	-76	-267	306
-1087	375	3755	-97	-106	362
-1115	376	3857	-115	6	392
-1168	351	3988	-125	25	446
-1208	341	3979	-119	-33	497
-1264	294	3833	-117	-45	490
-1249	222	3782	-137	45	426
-1185	200	3835	-150	121	416
-1208	201	3903	-132	104	455
-1253	237	3871	-111	36	478
-1288	292	3838	-118	41	452
-1312	287	3828	-146	58	444
-1284	308	3756	-162	69	462
-1295	292	3675	-173	116	470
-1261	297	3624	-177	259	500
-1328	277	3607	-194	354	514
-1433	284	3599	-225	390	493
-1480	299	3442	-228	458	507
-1455	273	3301	-200	573	517
-1476	276	3076	-194	695	509
-1443	266	2862	-194	965	470
-1399	285	2718	-186	1298	446
-1470	231	2551	-184	1625	432
-1374	285	2447	-240	1948	402
-1374	289	2321	-286	2252	406
-1523	133	2315	-283	2549	369
-1688	-1	2378	-316	2585	164
-1733	-111	2339	-384	2548	57
-1711	35	2265	-359	2360	30
-1556	-67	2203	-274	2283	35
-1552	-50	2282	-237	2243	-141
-1543	22	2181	-228	2108	-301
-1459	155	2100	-191	1830	-211
-1587	48	2206	-149	1681	-88
-1681	105	2408	-124	1794	65
-1653	274	2972	1	1943	627
-1951	272	3868	112	1658	732
-2406	269	4514	127	912	392
-2796	282	5049	115	-96	247
-2709	293	5112	68	-1271	430
-2631	-123	5213	-41	-2246	532
-2556	-180	5015	-218	-2891	352
-2567	-20	5074	-329	-3410	105
-2544	219	5224	-236	-3982	-14
-2433	252	5651	-152	-4719	144
-2575	462	6196	-351	-5241	136
-2208	370	6536	-354	-4788	32
-1847	341	7178	-457	-3267	-126
-2494	-29	8068	-507	-2393	-639
-2351	604	7446	-419	-2368	-1077
-1340	628	5889	-249	-3298	-1036
-362	666	4339	-165	-3996	-955
519	604	2672	-25	-4076	-688
1129	342	1303	56	-3135	-211
1367	-93	955	153	-1444	42
1091	-180	2111	145	9	112
360	-60	3843	41	288	203
-228	7	5160	-109	-493	225
-603	-75	5623	-233	-1677	117
-616	-89	5341	-304	-2568	7
-391	-112	4839	-345	-2936	-19
-112	-106	4265	-328	-2934	-82
126	-24	3686	-306	-2725	-167
390	120	3225	-264	-2121	-168
571	180	3119	-156	-1327	-57
657	238	3371	-59	-633	73
560	310	3811	4	-209	249
425	247	4257	1	-144	318
379	118	4461	-38	-342	327
468	-13	4436	-91	-598	302
629	-123	4325	-120	-793	262
823	-99	4139	-136	-927	265
973	-106	3943	-148	-922	283
1036	-128	3805	-155	-806	234
998	-118	3735	-156	-617	150
945	-100	3818	-132	-427	119
882	-114	3948	-114	-328	101
819	-125	4029	-108	-270	82
759	-139	4052	-103	-224	69
701	-138	4042	-102	-165	40
668	-134	4049	-84	-111	38
627	-110	4068	-64	-91	63
600	-75	4133	-43	-109	68
608	-53	4130	-42	-160	65
643	-95	4134	-48	-209	75
684	-112	4085	-45	-240	81
718	-123	4063	-39	-245	105
782	-164	4040	-54	-264	84
858	-177	3974	-47	-244	61
895	-200	3920	-27	-141	8
853	-185	3959	-5	-18	-32
790	-163	3977	9	57	-32
762	-156	4036	19	72	-28
762	-133	4071	30	63	-22
783	-118	4075	36	58	-17
778	-90	4121	43	36	-13
759	-83	4144	52	-22	-32
761	-91	4115	55	-77	-46
792	-95	4019	58	-70	-35
801	-94	4015	49	-35	-9
791	-83	4043	41	-15	-8
797	-72	4053	38	-12	-14
793	-47	4032	34	-14	-29
784	-48	4065	29	-3	-19
784	-50	4094	25	2	-14
790	-72	4078	32	2	-13
787	-88	4041	37	12	-13
785	-79	4035	42	25	-15
788	-73	4064	40	31	-12
785	-78	4046	37	28	-9
776	-70	4069	38	33	-10
778	-81	4079	40	42	-10
778	-74	4092	47	33	-9
786	-79	4063	54	15	-13
785	-85	4039	57	22	-15
779	-75	4032	51	44	-22
796	-63	4049	51	70	-14
766	-57	4080	44	72	-14
762	-40	4087	34	68	-17
761	-41	4080	21	63	-23
770	-46	4076	25	61	-25
760	-58	4034	33	61	-2
755	-68	4023	50	114	14
757	-62	4046	56	135	4
766	-54	4062	51	135	-7
-2035	133	3243	1646	-591	-3150
-1861	-55	3107	1489	-183	-3579
-1916	-247	3510	1414	177	-3811
-2128	-380	4034	1387	78	-3813
-2156	-348	4077	1362	-397	-3652
-1998	-215	3744	1357	-671	-3372
-1797	-96	3351	1350	-610	-3153
-1813	-80	3145	1284	-282	-3093
-1855	-272	3240	1163	61	-3217
-1943	-521	3598	1103	191	-3382
-2031	-738	3817	1184	101	-3411
-2156	-998	3885	1331	-184	-3610
-2095	-1031	3662	1443	-455	-3859
-1986	-691	3409	1543	-484	-3975
-1987	-77	3427	1612	-402	-3902
-2027	440	3458	1611	-378	-3626
-1995	744	3408	1576	-382	-3179
-1921	881	3322	1524	-316	-2710
-1900	802	3385	1452	-205	-2205
-1946	484	3527	1378	-188	-1797
-2016	182	3557	1270	-278	-1605
-1949	266	3387	1156	-348	-1430
-1818	253	3302	1073	-227	-1223
-1900	197	3444	934	-119	-1260
-1920	84	3519	744	-3	-1296
-1709	-138	3686	613	122	-1337
-1800	45	3768	593	-61	-1284
-1891	278	3516	657	-301	-1090
-1844	480	3153	698	-258	-898
-1830	495	2929	683	-63	-795
-1838	299	2819	607	200	-830
-1880	123	2797	614	498	-867
-1946	-6	2748	736	756	-883
-1912	-44	2640	894	946	-918
-1842	-37	2549	1041	1015	-1019
-1775	46	2390	1031	888	-1210
-1737	339	2129	854	785	-1306
-1824	592	1870	659	820	-1128
-1835	653	1726	451	1099	-862
-1636	542	1755	270	1460	-781
-1526	456	1951	116	1726	-670
-1521	289	2011	52	1658	-420
-1560	167	1940	73	1560	-137
-1459	-10	1869	282	1639	183
-1517	-259	2048	565	1854	260
-2131	-314	2226	664	1671	110
-2273	353	2281	588	1778	-123
-2463	999	2947	502	1947	178
-2901	634	4716	421	1251	237
-3145	157	5296	251	435	-9
-3480	283	6302	-43	-1009	-257
-3410	68	5211	-277	-2439	-138
-3019	10	4288	-624	-2907	-512
-2669	416	3907	-542	-2964	-439
-2585	448	4114	-152	-3354	315
-2408	248	4586	32	-3350	297
-2759	134	5662	-58	-3475	5
-3585	530	7687	-244	-4425	242
-4386	1122	8458	-497	-5468	839
-4140	925	7656	-854	-4180	689
-2450	930	7082	-691	-2828	-83
-1566	694	5214	-332	-3460	-367
-331	-49	3249	-76	-4523	-303
1108	-436	1237	-176	-4262	-261
1935	-192	166	-271	-2520	-348
1719	92	524	-257	-355	73
696	114	2434	-289	901	285
-241	226	4833	-435	655	259
-932	344	6712	-576	-712	395
-1042	50	7086	-669	-2485	400
-706	-177	6143	-714	-3454	37
-437	-265	5044	-608	-3815	-284
-242	-398	3831	-453	-3773	-380
-38	-456	2771	-292	-3201	-348
584	-434	2105	-205	-2103	-424
982	-232	2167	-164	-850	-414
859	-25	2707	-115	185	-229
605	-39	3645	-34	882	-36
266	-163	4653	3	903	95
190	-191	5113	-22	339	139
296	-240	4968	-85	-325	76
588	-171	4458	-204	-826	-32
893	-175	3893	-230	-889	-40
936	-125	3496	-205	-582	-15
802	-67	3393	-104	-68	112
510	-42	3613	-19	388	225
202	1	4014	31	609	294
-139	-61	4472	58	504	280
-382	-6	4649	52	74	166
-448	35	4532	24	-278	72
-381	-18	4347	-21	-429	-2
-166	-112	4204	-87	-496	-87
24	-146	4042	-180	-549	-157
127	-121	3907	-251	-496	-132
184	-201	3881	-274	-306	-64
196	-291	4016	-249	-151	-35
222	-297	4137	-201	-115	-24
237	-280	4182	-137	-201	17
324	-278	4147	-80	-278	6
400	-192	4114	-28	-270	-4
428	-144	4123	-3	-215	-27
425	-167	4165	-5	-212	-46
451	-213	4156	-9	-265	-60
485	-286	4100	-5	-306	-57
531	-294	4008	6	-244	-44
534	-303	3994	36	-145	-23
470	-288	4039	61	-52	-17
426	-221	4106	77	-37	-14
378	-145	4142	82	-63	18
356	-121	4048	82	-54	42
391	-98	4100	82	-14	45
388	-111	4082	66	-12	18
381	-119	4131	58	-21	-14
367	-123	4109	56	-36	-46
373	-124	4096	60	-24	-49
354	-129	4102	56	0	-37
362	-143	4149	45	1	-20
359	-157	4156	35	-27	-23
380	-174	4145	28	-67	-25
414	-170	4134	12	-107	-32
451	-173	4057	10	-93	-31
471	-175	4047	21	-33	-21
441	-174	4069	26	24	-9
408	-167	4119	27	40	2
391	-149	4146	28	8	-7
389	-152	4136	31	-3	-15
389	-138	4134	33	-17	-21
366	-115	4134	29	-40	-14
371	-112	4117	19	-54	-11
383	-134	4101	7	-67	-11
-1796	317	3682	-957	47	882
-1847	79	3770	-858	77	709
-1819	44	3846	-678	125	718
-1713	-27	3891	-501	72	835
-1643	-74	3854	-362	-103	728
-1524	-10	3668	-296	-246	462
-1469	151	3561	-274	-189	240
-1418	256	3584	-267	-39	102
-1501	335	3688	-210	102	72
-1606	386	3789	-149	123	172
-1639	329	3782	-124	90	257
-1642	311	3703	-150	53	285
-1594	304	3640	-195	71	310
-1601	259	3632	-244	113	344
-1647	160	3647	-261	154	386
-1715	84	3636	-261	153	353
-1780	81	3522	-256	127	305
-1843	75	3290	-236	168	272
-1759	135	3112	-203	396	264
-1763	188	3172	-168	641	348
-1819	170	3215	-173	769	401
-1925	229	3171	-195	822	405
-1968	431	3005	-210	925	574
-2015	278	2893	-192	1088	711
-2025	178	2857	-252	1263	600
-2027	321	2795	-326	1433	711
-2036	338	2757	-376	1575	935
-2086	445	2616	-411	1594	1079
-2140	294	2385	-386	1663	1153
-2019	-66	2204	-414	1849	993
-2069	-256	2185	-493	1966	682
-1968	-184	2032	-532	2012	601
-1875	-96	2017	-489	2192	630
-1849	-244	2198	-357	2275	542
-1976	-281	2381	-234	2077	273
-1890	6	2280	-47	1771	135
-1593	229	2183	150	1604	331
-1571	182	2420	242	1505	471
-1679	10	2709	296	1260	461
-1959	-111	2950	384	810	213
-2269	-175	3029	398	263	-61
-2476	21	3419	420	-26	-74
-2682	258	3723	298	-265	-110
-2862	596	4071	322	-997	218
-3248	689	4489	357	-1679	283
-3378	645	4825	377	-2529	70
-3411	603	4670	158	-3408	141
-3257	419	4077	-148	-3885	151
-2876	313	4037	-399	-3909	-99
-2840	413	5292	-403	-4170	-231
-2720	529	6049	-319	-4844	-186
-2901	440	6544	-425	-5180	-410
-2299	722	6512	-639	-4974	-638
-2158	692	5799	-813	-3498	-522
-2202	561	6363	-887	-2801	-893
-1732	429	6358	-652	-2670	-1121
-1023	474	5325	-362	-3087	-1078
-209	242	3715	-35	-3442	-777
506	229	2309	141	-3091	-508
789	179	1565	168	-2064	-165
664	-13	2004	145	-870	46
267	-123	3282	87	-304	34
-136	-129	4355	-9	-533	-38
-425	-65	4895	-128	-1213	-95
-503	-114	4858	-241	-1789	-186
-466	-86	4608	-343	-2050	-315
-392	31	4340	-367	-2074	-305
-228	210	4198	-311	-1915	-288
-61	385	4030	-183	-1713	-287
116	504	3858	-59	-1443	-292
241	550	3738	6	-1107	-267
315	575	3681	15	-834	-150
342	506	3682	-22	-555	10
298	339	3807	-84	-322	124
224	119	3999	-123	-208	140
177	-40	4176	-141	-210	93
177	-135	4324	-166	-334	38
213	-135	4326	-193	-525	11
299	-110	4190	-203	-656	24
421	-120	4044	-188	-689	47
475	-121	3864	-129	-578	78
495	-146	3807	-67	-329	53
483	-92	3922	-38	-98	0
402	5	4103	-24	9	-4
314	95	4221	-20	-9	19
295	86	4199	-17	-92	40
325	66	4151	-18	-149	34
355	69	4110	-17	-175	37
392	54	4046	-27	-144	11
393	39	3984	-39	-42	-14
327	38	4019	-43	37	-16
310	38	4100	-48	59	-9
326	27	4142	-43	50	21
334	10	4142	-33	39	30
334	1	4099	-35	57	17
347	-3	4080	-30	88	6
346	-9	4076	-25	131	2
324	-22	4086	-13	153	13
298	-23	4095	-6	170	18
306	-33	4120	2	171	11
314	-33	4140	10	155	4
295	-21	4141	18	149	-1
258	-40	4148	24	136	-18
249	-16	4168	31	110	-29
241	-13	4135	34	87	-28
248	-17	4097	40	86	-26
268	5	4091	40	91	-21
258	8	4099	44	100	-31
250	28	4109	50	110	-27
226	30	4138	55	109	-26
220	27	4144	57	95	-19
220	26	4131	57	78	-17
233	41	4137	53	79	-29
248	53	4146	52	73	-29
230	48	4106	54	83	-22
240	48	4080	61	120	-22
256	47	4089	57	152	-10
246	33	4092	61	164	-21
198	37	4129	61	168	-37
169	53	4156	60	152	-43
154	41	4150	58	127	-35
160	49	4136	65	112	-14
161	39	4129	68	111	1
153	45	4108	68	116	-3
158	45	4131	66	125	-20
140	62	4155	68	117	-21
135	66	4138	69	107	-18
140	89	4132	66	112	-8
150	76	4120	61	114	1
145	68	4117	66	128	-5
-1475	368	3829	-137	-567	174
-1416	346	3794	-144	-583	207
-1394	314	3780	-144	-565	210
-1355	322	3786	-161	-535	232
-1290	296	3782	-166	-501	240
-1287	279	3788	-165	-456	231
-1325	251	3768	-158	-422	230
-1365	190	3762	-151	-391	211
-1384	84	3749	-130	-367	148
-1363	82	3731	-129	-317	83
-1374	111	3685	-126	-236	49
-1367	174	3705	-115	-159	47
-1401	206	3775	-109	-113	47
-1430	210	3755	-111	-96	67
-1482	213	3701	-121	-73	90
-1549	179	3544	-128	-8	98
-1594	136	3453	-129	167	80
-1632	125	3506	-119	290	51
-1614	213	3499	-126	395	64
-1633	235	3401	-124	448	109
-1666	183	3230	-131	576	75
-1716	164	2980	-126	760	47
-1756	121	2827	-106	1074	23
-1731	139	2661	-90	1371	-25
-1753	103	2514	-81	1673	-72
-1633	109	2374	-52	1959	-91
-1647	51	2198	-27	2174	-131
-1710	114	1906	-35	2385	-186
-1667	190	1757	-22	2751	-170
-1766	68	1760	-28	3004	-161
-1718	-129	1751	-76	3132	-253
-1715	-265	1893	-16	3191	-427
-1661	-181	2005	75	3067	-555
-1611	12	2256	125	3015	-449
-1699	71	2671	135	2660	-352
-1913	239	2910	74	2099	-247
-1993	206	2883	44	1688	97
-2150	150	3080	112	1545	381
-2441	-97	3618	162	1052	252
-2877	-16	4199	161	448	10
-2936	-283	4304	107	-40	-382
-3154	-9	4629	248	-622	-59
-3192	150	4474	369	-1401	428
-3036	318	4284	436	-1952	538
-3060	614	4659	516	-2403	576
-3010	189	4639	580	-3205	346
-2774	45	4185	515	-3513	108
-2528	88	4415	227	-3536	54
-2399	-21	5029	-93	-4050	-144
-2435	137	5341	-174	-4807	-127
-3085	336	6667	-243	-5343	13
-4511	516	7808	-328	-5176	-44
-4053	960	7492	-613	-2816	97
-2466	736	7331	-582	-1616	-480
-1559	831	5690	-347	-3314	-751
-223	227	2930	-131	-4883	-347
1498	-113	288	-188	-4012	-173
2145	-138	-603	-105	-1429	135
1242	-226	1572	89	763	374
41	-234	4595	144	485	244
-439	321	6456	-46	-1310	-9
-421	237	6407	-184	-3217	-33
14	115	5407	-235	-3876	-37
120	386	4928	-196	-3362	-220
-105	145	4660	-219	-3192	-358
261	271	3821	-290	-3164	-515
727	496	2657	-88	-2685	-116
1220	100	1913	65	-1232	197
940	-270	2370	8	194	184
578	-315	3040	31	931	108
261	-239	3807	47	1227	113
39	-55	4547	15	1082	32
-112	51	5094	-17	580	30
-128	96	5302	-39	-196	32
81	71	4806	-74	-855	5
330	27	4085	-90	-1027	2
474	23	3584	-57	-765	-26
521	16	3431	-12	-348	-14
501	56	3558	39	58	0
391	105	3822	87	326	42
192	181	4078	99	462	49
51	189	4292	66	448	81
-41	129	4412	10	294	55
-104	69	4367	-27	82	29
-117	7	4218	-35	-77	-15
-84	43	4046	-41	-131	-33
-1	52	3984	-48	-81	-25
125	84	4051	-46	-33	15
193	81	4166	-34	0	22
262	77	4220	-42	-39	4
250	79	4225	-54	-103	-11
265	38	4151	-72	-156	-12
235	-12	4070	-83	-153	5
242	-32	3993	-68	-65	34
222	-2	4007	-41	18	54
203	29	4097	-17	59	46
175	95	4189	-14	59	26
177	109	4253	-10	-24	32
184	56	4265	-13	-110	37
206	13	4197	-29	-158	24
242	-9	4097	-28	-161	1
240	-4	4067	-24	-142	-37
263	24	4086	-21	-128	-47
277	54	4053	-13	-106	-6
283	41	4057	3	-54	25
289	17	4047	15	20	9
282	39	4115	17	64	0
260	23	4144	17	60	1
262	24	4184	12	27	-8
270	25	4147	4	-9	-2
282	21	4107	-3	-30	0
268	20	4088	-10	-11	-9
254	31	4120	-5	11	-16
220	50	4159	4	6	-10
201	36	4166	7	-23	6
211	49	4147	5	-55	16
241	35	4090	5	-49	-3
245	32	4063	8	2	-8
222	17	4101	10	48	-2
179	13	4145	2	41	-1
187	34	4184	-4	-2	-3
213	41	4178	-5	-69	-10
248	33	4100	6	-96	-6
296	11	4017	18	-10	-5
312	29	4077	25	52	11
302	37	4120	29	63	19
274	41	4131	26	35	2
275	45	4094	19	37	-4
245	30	4102	17	81	0
240	37	4120	19	93	2
-1606	-641	3619	-914	351	3216
-1563	-628	3619	-923	563	3113
-1577	-576	3617	-888	742	3210
-1796	-358	3646	-863	839	3288
-1937	-13	3550	-889	861	3544
-2022	140	3387	-926	997	3808
-2135	129	3289	-1018	1193	3842
-2205	151	3385	-1126	1367	3840
-2418	64	3475	-1255	1434	3812
-2531	123	3562	-1359	1486	3707
-2487	120	3572	-1419	1443	3627
-2384	28	3520	-1425	1322	3498
-2320	35	3382	-1386	1193	3471
-2330	90	3230	-1322	1139	3586
-2276	110	3036	-1241	1131	3658
-2177	239	2869	-1146	1225	3649
-2243	324	2900	-1011	1474	3655
-2419	352	3020	-868	1626	3483
-2405	260	3034	-837	1722	3103
-2297	274	3048	-910	1695	2716
-2265	332	2986	-1040	1577	2418
-2402	357	2855	-1079	1524	2184
-2492	378	2652	-1059	1580	1954
-2387	493	2396	-982	1839	1945
-2321	474	2449	-889	2144	1947
-2330	227	2573	-832	2136	1722
-2395	155	2520	-732	1984	1410
-2422	387	2360	-623	1989	1335
-2439	621	2337	-472	2062	1493
-2432	763	2272	-395	2070	1655
-2381	817	2350	-441	2094	1677
-2289	655	2579	-576	1884	1679
-2284	235	2683	-738	1347	1552
-2290	70	2451	-877	882	1390
-2138	-190	2056	-904	733	998
-2101	-158	1823	-885	889	465
-2191	252	1888	-865	1094	399
-2280	525	2194	-818	1189	641
-2317	700	2648	-785	1073	867
-2499	634	3297	-721	621	956
-2740	512	3924	-666	-403	793
-2844	349	3880	-649	-1456	736
-2977	205	3729	-693	-2327	559
-3090	341	3541	-698	-3018	379
-2877	728	3389	-626	-3217	454
-2533	811	3749	-577	-3377	409
-2600	1156	4543	-590	-3824	180
-2500	1074	4805	-797	-4631	141
-2407	833	4785	-967	-5261	256
-2472	181	5126	-1013	-5399	444
-3314	5	5979	-954	-4952	367
-3065	273	6583	-740	-4142	-219
-2948	542	6611	-721	-2553	-533
-2876	631	6901	-746	-2060	-831
-2213	706	6431	-662	-2508	-862
-1248	882	4801	-516	-3327	-805
-480	838	3040	-422	-3665	-377
81	536	1630	-466	-3211	5
373	193	1246	-567	-2004	186
359	-230	2455	-518	-898	126
99	-377	4024	-475	-828	-91
-120	-323	4988	-486	-1585	-186
-156	-274	5118	-429	-2442	-152
-194	-81	4595	-325	-2868	-96
-141	167	4189	-281	-2827	49
17	299	4045	-328	-2734	100
112	322	3875	-405	-2489	44
256	258	3797	-413	-2088	2
358	194	3820	-349	-1632	-50
366	93	3870	-251	-1240	-117
351	79	3834	-117	-900	-129
318	167	3903	-15	-628	-68
260	220	4029	22	-530	73
254	168	4125	-3	-596	187
316	37	4131	-47	-719	216
418	-106	4081	-86	-778	199
539	-149	4085	-96	-796	173
689	-184	4095	-85	-829	154
811	-141	4048	-67	-824	127
879	-84	4002	-39	-790	106
873	-75	3954	-10	-695	85
857	-72	3929	22	-589	89
868	-63	3929	38	-490	66
852	-47	3930	27	-380	14
787	-4	3938	8	-272	-3
703	1	3999	2	-166	-8
663	6	4073	18	-145	-32
656	17	4063	39	-153	-55
638	53	4062	38	-113	-57
607	54	4136	38	-97	-38
595	26	4176	32	-148	-24
600	41	4134	39	-223	6
661	40	4035	49	-257	15
721	7	4003	56	-218	2
761	4	4004	66	-155	-30
757	-2	4024	67	-88	-60
765	18	4009	55	-57	-67
770	50	4013	45	-28	-47
748	64	4009	34	8	-26
733	50	4037	32	50	-11
693	49	4073	35	67	-14
705	41	4101	44	65	-32
725	87	4107	52	47	-42
693	111	4076	51	13	-13
713	94	4021	48	48	1
721	88	4057	45	87	-10
732	77	4085	40	85	-21
729	65	4109	40	64	-30
698	77	4141	34	22	-24
688	81	4127	28	-14	-9
682	78	4117	23	-49	-13
709	81	4050	20	-66	-15
725	80	4030	21	-43	-6
715	79	4027	26	-10	7
722	74	4057	35	24	3
716	79	4092	39	28	9
703	71	4092	39	16	7
711	78	4074	32	0	-5
713	62	4028	33	2	-12
705	59	4036	35	22	-4
715	59	4091	37	28	-8
718	70	4121	40	5	-10
705	92	4096	38	-15	4
721	85	4057	32	-12	8
714	90	4050	25	12	-5
713	95	4079	23	14	-18
692	89	4103	20	-1	-12
690	88	4110	21	-25	-13
690	96	4109	21	-52	-9
713	110	4060	17	-61	0
-2266	153	3618	1492	376	-2699
-2195	385	3545	1387	291	-2452
-2142	521	3518	1289	290	-2176
-2062	541	3461	1196	274	-1901
-2033	391	3501	1080	329	-1614
-2067	165	3510	982	348	-1381
-2097	-35	3404	928	308	-1230
-2159	-101	3185	899	296	-1120
-2159	-7	3030	902	345	-984
-2073	119	2850	913	495	-796
-2101	50	2968	890	703	-670
-2456	-198	3063	853	805	-726
-2559	-314	3169	819	954	-841
-2371	-38	3383	747	853	-915
-2407	296	3329	633	597	-816
-2406	560	3079	530	390	-597
-2346	641	2863	472	410	-219
-2318	399	2745	429	496	23
-2342	243	2667	378	649	131
-2341	117	2616	316	850	202
-2321	29	2672	242	1031	182
-2414	58	2816	158	1154	90
-2497	170	2843	72	1138	-4
-2507	69	2811	25	1051	-98
-2491	53	2699	24	931	-182
-2498	101	2510	14	798	-114
-2290	127	2173	-21	722	126
-2005	103	1982	-45	855	158
-2025	172	2023	-52	979	142
-2181	151	2066	7	1087	232
-2308	229	2171	58	1222	474
-2299	152	2325	63	1206	562
-2377	362	2502	-9	873	509
-2430	425	2524	13	416	590
-2318	260	2473	115	107	508
-2170	210	2486	207	-133	596
-2197	190	2457	262	-326	855
-2427	-20	2406	263	-400	855
-2780	78	2506	282	-462	494
-3018	333	2849	356	-570	335
-3061	651	3363	382	-798	316
-3240	674	4220	344	-1359	342
-3366	554	4302	209	-2115	15
-3419	453	3886	6	-2612	-191
-3252	325	3752	-97	-2830	-399
-2946	472	3820	-69	-2971	-383
-2715	653	3848	-63	-3067	-263
-2541	822	4069	-113	-3170	-27
-2555	550	4667	-194	-3468	44
-2844	451	5568	-344	-4163	88
-3472	377	6562	-522	-4788	109
-3930	691	6880	-639	-4618	68
-3885	531	6752	-661	-3480	-96
-2567	906	6067	-615	-2965	-541
-1634	612	4838	-619	-3572	-796
-562	45	3247	-554	-4409	-900
711	-272	1430	-462	-3991	-655
1434	-458	522	-370	-2242	-344
1148	-308	1771	-225	-315	-84
166	-29	4217	-171	13	14
-472	247	6091	-132	-1209	18
-519	526	6063	-89	-2756	194
-494	455	5213	-218	-3412	161
108	61	4520	-183	-3150	-167
268	90	4007	-173	-2945	-394
250	21	3302	-61	-2577	-232
625	375	2993	-42	-1909	-51
882	237	2723	-8	-1109	152
863	66	2928	0	-17	156
484	26	3684	-40	473	54
329	0	4168	-28	407	-18
194	-56	4484	-25	187	33
99	-31	4599	-57	-141	30
123	-49	4479	-69	-379	33
140	27	4326	-70	-534	60
220	7	4132	-67	-570	37
285	44	3947	-88	-524	-21
333	128	3781	-104	-378	-5
319	110	3733	-92	-135	30
194	105	3837	-57	116	42
28	48	4029	-12	268	55
-33	49	4211	9	266	30
-46	51	4259	1	185	7
-5	96	4236	-29	70	-1
14	94	4245	-56	-56	8
77	79	4213	-73	-156	17
170	53	4186	-67	-227	58
273	-49	4085	-46	-231	63
311	44	4020	-7	-187	125
322	28	3962	8	-57	155
256	11	4022	-5	100	107
110	3	4169	4	140	63
15	-52	4223	6	58	10
1	4	4185	-3	-62	-4
41	51	4178	-7	-147	6
144	100	4180	-6	-198	-2
247	91	4239	1	-250	-7
299	101	4252	25	-361	10
298	65	4143	34	-390	38
281	18	4068	34	-338	56
263	-67	4006	26	-243	42
283	-67	3964	19	-147	15
304	-50	3941	26	-30	4
254	32	4031	31	68	-37
237	85	4106	20	101	-61
212	100	4206	-4	61	-44
255	78	4223	-17	-20	16
308	71	4183	-17	-86	69
362	40	4137	-8	-113	105
379	50	4097	-5	-104	51
408	42	4054	-4	-56	1
420	89	4031	1	-4	-17
373	110	4048	18	66	-9
313	106	4084	15	118	-18
246	95	4153	-4	126	-19
212	65	4182	-24	80	-16
223	41	4129	-35	43	-27
245	8	4109	-42	38	-37
273	-12	4102	-43	66	-43
259	-12	4040	-40	114	-15
236	-2	4088	-24	176	10
201	3	4176	-15	164	27
185	0	4183	-10	112	32
190	13	4170	-3	51	41
192	13	4153	1	7	43
237	15	4128	-3	9	44
256	22	4116	-8	23	51
291	13	4089	0	54	50
308	32	4057	2	87	47
312	60	4058	2	130	36
-2068	107	3481	-1047	845	3280
-2172	191	3518	-1034	759	3266
-2201	247	3522	-1069	666	3226
-2190	216	3455	-1082	633	3239
-2167	209	3443	-1053	714	3183
-2260	269	3559	-981	805	3172
-2285	336	3616	-853	804	3178
-2158	240	3665	-698	827	3012
-2083	83	3813	-625	738	2646
-2030	173	3742	-653	520	2273
-2064	310	3604	-712	336	2062
-2081	516	3487	-751	286	1942
-2043	470	3467	-772	270	1757
-2044	533	3442	-779	298	1547
-2103	612	3389	-797	319	1501
-2182	628	3311	-781	327	1546
-2251	546	3205	-748	348	1534
-2245	506	3045	-717	359	1442
-2186	540	2887	-700	468	1341
-2207	532	2824	-688	622	1283
-2299	436	2811	-653	770	1139
-2324	444	2794	-591	954	1020
-2416	528	2811	-538	1085	1019
-2542	480	2772	-502	1126	1011
-2582	437	2620	-506	1175	934
-2550	380	2527	-527	1235	855
-2445	408	2502	-592	1293	815
-2134	527	2400	-638	1331	1031
-1983	407	2345	-597	1287	1155
-1995	90	2317	-523	1202	1066
-1984	-155	2118	-488	1150	854
-2010	-125	1913	-555	1192	590
-2060	149	1779	-638	1317	502
-1979	461	1614	-694	1461	625
-1860	415	1675	-716	1681	740
-1827	328	1911	-662	1805	704
-1862	300	2131	-514	1736	888
-2055	228	2258	-389	1450	999
-2040	89	2324	-351	1151	1134
-2105	-9	2511	-366	884	1143
-2359	-4	2981	-364	485	1094
-2972	130	3668	-329	-56	1062
-3244	80	4113	-364	-809	885
-3477	255	4744	-496	-1630	595
-3536	471	4831	-620	-2588	259
-3339	502	4494	-703	-3345	331
-3022	567	4282	-810	-3799	339
-2618	502	4257	-804	-4085	276
-2480	419	4715	-844	-4358	380
-2589	7	5048	-943	-4820	389
-3100	-128	6143	-1148	-5084	55
-2693	138	6952	-1207	-5010	-483
-2192	69	5806	-1061	-3675	-722
-2566	-55	6973	-930	-2775	-1019
-2065	264	6522	-657	-2765	-1123
-1310	457	5539	-469	-3139	-1219
-422	543	3838	-336	-3445	-1013
344	600	2585	-218	-3119	-474
710	363	1836	-241	-2170	1
592	56	2248	-242	-997	123
182	-118	3509	-242	-517	117
-255	-143	4528	-277	-986	87
-442	-221	4882	-301	-1779	54
-469	-244	4831	-277	-2420	-49
-474	-222	4474	-252	-2697	-94
-299	-154	4141	-252	-2591	-146
-92	-125	3787	-268	-2319	-205
4	-65	3576	-223	-1837	-252
48	-3	3552	-128	-1315	-260
110	82	3694	-64	-882	-261
127	194	3845	-27	-582	-248
87	230	4021	-26	-414	-189
75	206	4113	-56	-379	-155
114	142	4178	-91	-373	-138
158	26	4229	-128	-443	-156
226	-66	4232	-147	-566	-171
365	-128	4175	-166	-684	-155
488	-173	4088	-162	-769	-116
589	-177	3955	-135	-741	-69
626	-199	3904	-100	-648	-33
626	-225	3843	-68	-451	-33
555	-200	3926	-35	-243	-37
495	-182	3985	4	-129	-22
466	-129	4039	19	-35	-15
434	-95	4123	14	9	-15
383	-48	4118	10	9	-15
315	-28	4092	7	44	-14
276	-16	4125	13	53	-15
261	-41	4107	12	32	-25
300	-25	4088	14	28	-18
337	-25	4106	7	22	-10
369	-30	4096	-13	20	7
377	-53	4078	-23	51	15
384	-106	4119	-17	59	1
366	-136	4105	-9	56	-24
385	-112	4102	-10	62	-30
404	-91	4089	-17	93	-24
421	-56	4051	-11	123	-14
395	-92	4034	-6	184	-18
347	-80	4061	-6	254	-34
324	-78	4089	-5	295	-27
321	-78	4102	0	292	-28
305	-68	4117	3	289	-19
274	-91	4100	5	305	-19
241	-78	4138	-2	306	-26
218	-70	4144	-7	293	-30
210	-86	4136	-13	284	-29
195	-76	4121	-9	290	-38
192	-88	4108	-4	295	-47
176	-97	4105	-1	305	-53
160	-103	4095	2	333	-45
119	-88	4117	4	336	-28
126	-72	4154	-5	308	-23
119	-75	4181	-6	270	-5
123	-69	4169	-5	248	-15
101	-75	4153	3	244	-2
71	-92	4081	12	278	-10
60	-94	4115	18	295	-10
35	-94	4133	16	275	2
13	-94	4144	11	241	-3
4	-71	4167	8	210	1
3	-79	4159	7	179	19
-13	-73	4177	4	151	17
-28	-72	4180	1	116	2
-17	-72	4194	1	71	-10
-14	-74	4144	2	43	-10
-9	-87	4134	4	31	-3
-13	-83	4146	8	14	5
-3	-69	4135	9	12	13
-20	-84	4120	7	19	22
-1933	-104	4127	622	-233	-125
-1774	-376	3908	527	-466	-463
-1659	-446	3669	525	-487	-782
-1599	-338	3472	608	-354	-943
-1503	92	3307	680	-172	-963
-1517	343	3365	693	-25	-855
-1689	392	3491	631	8	-892
-1761	256	3549	512	-8	-1119
-1687	217	3704	396	-10	-1353
-1682	172	3892	319	-114	-1456
-1756	175	3906	243	-307	-1596
-2041	91	3935	205	-444	-1752
-2186	144	3691	232	-437	-1808
-1697	257	3311	407	-92	-1660
-1516	398	3417	513	160	-1234
-1589	255	3398	473	115	-827
-1643	-15	3255	415	120	-833
-1686	-158	3117	397	405	-1044
-1736	-152	3345	368	695	-1165
-1845	-54	3672	291	736	-1108
-1877	-75	3990	232	477	-915
-1843	-78	4160	219	11	-771
-1788	-25	3792	232	-361	-551
-1704	93	3395	278	-334	-232
-1673	185	3173	294	-130	97
-1766	227	3022	267	32	387
-1758	260	2751	210	188	591
-1692	128	2579	168	317	654
-1572	-31	2363	136	484	579
-1390	-23	1977	156	673	604
-1330	-110	1602	198	1064	721
-1505	-240	1414	142	1489	610
-1602	-121	1218	5	2002	454
-1707	166	1219	-109	2476	516
-1691	282	1533	-161	2861	613
-1851	137	1968	-81	2933	576
-2003	119	2323	55	2804	426
-2045	291	2619	116	2588	547
-2057	226	2876	201	2269	780
-2192	101	3278	183	1885	590
-2485	183	3566	175	1295	454
-2588	151	3680	154	975	505
-2625	-34	4110	24	550	327
-2849	83	4443	-166	-131	-3
-3159	146	4750	-358	-936	-109
-3121	214	4827	-439	-1824	-116
-2983	133	4609	-376	-2783	-38
-2738	247	4153	-283	-3249	65
-2631	406	4110	-190	-3175	313
-2889	475	5129	-178	-3299	337
-3336	408	6525	-235	-4227	204
-3805	-56	7414	-332	-5342	243
-4463	-274	7474	-251	-5631	437
-4252	282	6695	-375	-4049	122
-2392	782	6350	-262	-2663	-428
-1345	1006	5164	-322	-2662	-951
-252	607	3312	-219	-3579	-841
1131	113	1291	-271	-3181	-427
1660	-48	582	-185	-1383	-39
1091	-23	1984	186	129	271
2	271	4141	415	12	359
-374	699	5486	324	-1246	345
-435	612	5827	122	-2695	429
-375	568	5225	-13	-3466	377
-228	432	4448	10	-3198	206
-347	442	4551	-49	-2569	-222
-527	220	4494	-128	-2602	-342
-160	289	3852	-97	-2654	-340
412	477	3115	27	-2296	-69
711	161	2511	123	-1345	150
766	71	2619	100	-160	206
624	-148	3267	81	551	197
408	-171	4071	14	737	158
167	-201	4648	-85	480	96
85	-158	4951	-141	1	7
136	-115	4884	-132	-545	-21
282	62	4524	-100	-903	-19
396	183	3998	-51	-981	92
408	249	3645	-23	-767	158
376	286	3522	7	-354	209
256	255	3724	22	6	214
106	204	4080	19	144	130
-7	166	4334	11	54	42
-72	206	4384	-3	-142	-10
-17	232	4249	-18	-293	5
52	258	4108	-42	-329	27
145	262	4034	-63	-300	55
204	211	4005	-73	-257	80
240	170	4003	-87	-223	83
280	155	4087	-91	-172	68
336	120	4154	-94	-185	82
387	108	4127	-101	-192	79
406	98	4045	-99	-150	73
390	72	3990	-91	-56	53
378	77	4027	-82	29	14
365	85	4083	-75	59	3
369	100	4109	-63	51	18
378	123	4122	-53	48	54
372	123	4138	-51	61	77
313	125	4152	-57	48	87
292	95	4100	-61	54	50
293	107	4119	-68	57	-2
296	88	4102	-68	55	-3
300	77	4121	-59	52	8
269	92	4120	-50	50	26
241	59	4095	-45	66	39
250	49	4117	-35	73	24
241	59	4157	-27	57	3
254	64	4152	-26	17	-2
276	58	4102	-18	10	8
284	77	4085	-9	45	13
260	82	4107	-4	73	15
251	92	4107	2	92	10
235	75	4147	5	89	-2
246	85	4162	3	46	-22
251	96	4138	-2	9	-21
284	93	4109	3	5	-5
286	104	4108	7	28	8
280	99	4123	10	43	15
296	82	4100	10	57	13
285	93	4115	10	65	2
269	95	4148	12	59	-4
261	108	4154	11	48	-4
233	90	4112	14	56	-1
208	81	4166	10	47	2
199	79	4180	6	-4	-1
224	90	4137	3	-44	-3
280	71	4079	3	-26	-5
266	79	4074	6	35	0
241	81	4109	8	75	1
-1974	657	3529	-1158	990	2933
-1963	590	3571	-1262	943	2925
-2109	589	3653	-1289	829	3002
-2128	534	3590	-1201	673	3094
-2071	509	3520	-1061	623	3109
-2061	470	3569	-947	611	3041
-2037	373	3578	-884	578	2866
-2073	311	3672	-930	526	2582
-2108	386	3760	-1006	386	2330
-2077	461	3713	-1020	184	2201
-1993	532	3488	-992	115	2108
-1978	620	3403	-957	168	2119
-2067	557	3452	-936	203	2083
-2154	448	3445	-920	173	1951
-2141	352	3355	-913	157	1772
-2080	337	3290	-915	181	1610
-2109	345	3251	-886	225	1431
-2169	401	3161	-824	299	1294
-2185	466	3023	-769	414	1219
-2209	529	2971	-727	571	1176
-2218	576	2965	-705	698	1117
-2239	524	2945	-718	714	1041
-2277	475	2777	-753	722	952
-2243	549	2606	-784	888	916
-2226	743	2534	-767	1148	1068
-2266	731	2468	-734	1348	1322
-2162	599	2460	-761	1445	1468
-2128	402	2389	-770	1460	1503
-2143	-6	2253	-729	1489	1264
-2126	-280	2107	-715	1538	813
-2020	-243	1930	-745	1638	394
-2047	-112	1841	-662	1802	258
-2057	-74	1951	-565	1893	138
-2019	16	2009	-597	1863	74
-1786	-28	2052	-640	1724	137
-1775	-172	2216	-615	1491	-15
-1968	-27	2312	-608	1177	49
-1975	143	2137	-473	1070	354
-1957	132	2248	-303	1176	555
-2208	196	2721	-189	1146	595
-2420	377	3131	-61	865	879
-2736	273	3741	20	354	1264
-3090	163	4119	-89	-428	1065
-3372	-46	4285	-222	-1234	882
-3287	51	4182	-274	-2005	747
-3223	100	4222	-357	-2404	533
-3094	358	4448	-481	-2600	480
-3127	584	4955	-601	-2905	381
-3271	468	5360	-839	-3575	520
-3256	-9	5404	-961	-4452	501
-3153	-78	5840	-1076	-4939	157
-3192	-78	6153	-1164	-5341	-92
-2349	64	5344	-1079	-4837	-354
-2057	171	4714	-963	-3197	-439
-2203	278	5673	-841	-2320	-542
-1877	406	5654	-648	-2233	-535
-1472	346	5051	-513	-2445	-606
-975	301	4007	-365	-2799	-632
-470	273	3159	-289	-2932	-492
-69	62	2475	-231	-2702	-267
220	-174	2359	-144	-1993	-190
158	-175	2982	-93	-1346	-251
-138	-27	3840	-90	-1155	-196
-322	12	4491	-136	-1438	-123
-400	-1	4649	-192	-1907	-121
-397	-91	4346	-253	-2100	-211
-224	-80	4172	-247	-1948	-94
-137	-220	4076	-217	-1667	22
-80	-212	4022	-164	-1311	0
-47	-126	4009	-118	-1013	-27
-8	-62	3925	-62	-830	-83
46	-30	3795	-38	-643	-129
97	-24	3741	-28	-451	-155
100	-14	3841	-25	-272	-134
64	-74	4034	-16	-181	-98
59	-121	4196	-7	-188	-103
105	-127	4241	-3	-259	-139
123	-125	4221	7	-323	-153
131	-138	4149	12	-390	-168
145	-128	4090	11	-388	-164
148	-138	4004	14	-319	-140
149	-128	3972	16	-217	-123
103	-114	3983	10	-84	-126
58	-62	4084	-5	-2	-127
15	-15	4199	-19	-21	-129
21	-9	4137	-27	-66	-137
50	-17	4049	-38	-7	-154
61	-48	4087	-41	59	-143
46	-67	4105	-24	62	-128
13	-83	4132	-6	30	-118
4	-94	4131	4	1	-112
5	-101	4125	12	1	-96
21	-117	4102	19	22	-64
31	-124	4071	32	57	-38
29	-109	4042	39	119	-13
0	-90	4105	37	155	-9
-44	-63	4186	42	129	-24
-53	-46	4229	40	60	-40
-20	-21	4163	47	9	-22
15	-14	4097	49	10	2
43	-42	4060	47	49	13
28	-52	4062	44	101	1
-14	-63	4117	40	132	-31
-28	-57	4160	37	114	-51
-24	-69	4163	37	93	-48
-16	-65	4166	41	69	-36
-23	-59	4150	37	47	-17
-19	-60	4104	34	36	-20
-29	-31	4094	32	62	-23
-36	-38	4098	33	87	-29
-31	-51	4129	34	100	-38
-22	-46	4152	36	99	-29
-43	-48	4151	38	92	5
-51	-34	4147	34	83	13
-74	-31	4158	29	63	9
-73	-43	4158	26	36	-5
-83	-39	4069	31	44	-1
-61	-37	4094	31	97	-11
-77	-28	4140	26	116	-18
-123	-7	4177	19	80	-15
-115	-16	4193	13	23	-23
-96	-24	4156	4	-19	-32
-90	-42	4113	6	-21	-26
-73	-46	4105	10	-4	-16
-74	-37	4115	17	17	-13
-76	-38	4095	13	36	-13
-90	-49	4125	10	45	-12
-115	-59	4162	12	23	-13
-86	-60	4132	18	5	-9
-71	-51	4110	17	20	3
-1469	400	4095	172	-45	-201
-1394	397	4030	199	-271	-69
-1348	253	3750	180	-472	-11
-1280	172	3396	133	-391	-63
-1319	172	3322	69	-48	-177
-1488	230	3610	35	200	-277
-1656	295	3900	48	213	-316
-1692	327	3962	39	30	-292
-1603	356	3772	-14	-109	-229
-1581	298	3581	-43	-81	-162
-1593	260	3475	-44	47	-137
-1631	204	3527	-21	217	-156
-1687	241	3562	-33	267	-188
-1704	269	3538	-53	304	-154
-1724	201	3511	-42	372	-142
-1781	165	3462	-35	422	-175
-1797	121	3354	-36	521	-206
-1815	124	3324	-36	650	-255
-1931	99	3291	-32	756	-255
-2166	185	3109	-47	920	-181
-2166	185	3109	-47	920	-181
-2166	185	3109	-47	920	-181
-2173	224	2981	-44	949	-126
-2075	190	2725	-14	1039	-64
-1920	151	2483	2	1218	-87
-1711	189	2357	-20	1433	-68
-1756	179	2331	-18	1578	100
-1799	87	2107	6	1666	197
-1710	-118	1845	17	1919	113
-1605	-175	1747	-8	2237	-31
-1631	-189	1876	21	2439	-164
-1658	-190	2020	21	2499	-143
-1792	-212	2164	23	2569	-103
-1773	58	2255	69	2563	-87
-1732	243	2330	157	2404	32
-1855	365	2529	140	2183	165
-2195	198	2751	164	1796	231
-2399	-131	2875	132	1502	216
-2487	-349	3088	-24	1202	232
-2670	-154	3495	-65	648	298
-2720	107	3630	-13	47	220
-2989	261	3917	-24	-436	223
-3133	246	4194	66	-1185	613
-3345	268	4474	178	-2043	971
-3282	258	4264	166	-2543	981
-3167	146	4596	-40	-2831	525
-3185	406	4985	-309	-3388	75
-2762	329	4623	-457	-4068	12
-2275	75	4548	-523	-4514	173
-2416	-20	5246	-575	-5176	187
-3173	-39	6329	-530	-5894	174
-4582	203	7538	-362	-5507	448
-5001	512	7478	-583	-2796	263
-3314	644	7750	-453	-1654	-555
-2151	748	5546	-295	-3030	-1120
-763	519	2980	-54	-4503	-914
776	421	471	-14	-4212	-344
1795	42	-819	-6	-1865	173
1441	-332	841	106	592	293
210	-73	3813	110	1020	219
-660	139	6145	7	-536	80
-833	379	7007	-145	-2847	-11
-607	623	6213	-266	-4168	76
-21	143	5242	-280	-3821	-83
-75	125	5207	-322	-3637	-572
-141	49	4005	-322	-3995	-522
282	7	2439	-204	-3371	-442
1298	194	1793	28	-1995	-201
1442	36	1722	293	-345	222
852	-318	2605	252	983	388
460	-304	3647	138	1413	206
277	-146	4511	47	1277	130
164	-108	5196	-21	777	60
130	49	5521	-59	-70	50
250	64	5088	-84	-894	45
382	67	4396	-102	-1231	24
541	136	3722	-52	-1144	15
540	131	3253	4	-740	71
490	75	3121	-5	-120	51
286	83	3508	-12	438	110
-58	67	4150	-7	641	104
-395	78	4726	-27	366	55
-522	194	4826	-55	-226	24
-311	225	4443	-73	-684	0
27	177	3899	-74	-723	-62
280	47	3624	-69	-337	-94
295	-21	3683	-49	143	-123
131	-27	4099	-73	304	-120
28	-73	4429	-93	53	-82
186	-138	4386	-127	-333	-58
367	-113	4130	-152	-519	-53
519	-76	3906	-123	-371	-10
526	-12	3952	-59	-93	24
464	34	4153	-20	2	41
426	51	4249	-36	-65	0
416	65	4233	-79	-176	-55
479	85	4145	-99	-256	-54
505	37	3996	-74	-213	9
445	-21	3949	-33	-55	50
371	14	4017	-13	61	61
287	20	4133	-11	93	54
246	-5	4225	-17	45	11
247	0	4248	-23	-59	-13
297	-16	4168	-28	-128	-6
345	-30	4069	-19	-121	9
387	-32	3995	4	-61	34
392	-40	3940	20	57	16
352	-14	3999	17	160	-7
311	15	4102	10	198	11
305	-14	4190	12	163	19
317	-62	4189	12	75	-10
371	-50	4170	10	14	-39
419	-28	4112	8	-14	-31
430	-25	4039	15	21	-9
400	-12	4023	24	109	4
377	-15	4043	31	193	11
322	-9	4122	29	220	1
293	-2	4161	23	172	-2
307	16	4147	19	120	8
284	32	4141	18	111	11
233	30	4098	27	124	15
215	22	4102	38	175	-3
211	28	4172	31	167	-8
234	23	4186	21	113	6
257	-1	4189	14	42	8
241	-2	4110	6	19	6
219	-7	4110	1	43	-10
228	19	4119	2	56	6
234	-30	4137	4	46	5
297	-48	4149	3	21	-21
-2015	754	3315	-1158	459	3428
-2012	409	3175	-1196	577	3321
-2087	177	3263	-1165	838	3089
-2067	33	3452	-1065	1014	2907
-2035	12	3720	-972	969	2669
-2065	143	3947	-941	744	2428
-2043	417	3947	-919	376	2233
-1980	730	3682	-886	206	2190
-1821	869	3547	-867	290	2203
-1837	861	3635	-876	326	2259
-1910	716	3654	-866	284	2233
-1924	556	3556	-837	258	2106
-1906	518	3516	-815	328	2022
-1960	609	3579	-787	355	1990
-1975	716	3587	-767	306	1959
-1963	799	3636	-788	259	1894
-2049	839	3655	-855	147	1823
-2150	787	3555	-925	6	1776
-2175	555	3370	-995	-84	1593
-2217	444	3129	-1057	-100	1362
-2208	388	2889	-1107	-32	1148
-2215	364	2695	-1119	132	954
-2279	235	2565	-1132	319	747
-2284	329	2507	-1093	609	652
-2194	412	2625	-960	1012	850
-2203	444	2948	-813	1130	1124
-2218	247	2964	-749	909	1207
-2147	0	2796	-743	709	988
-2075	-27	2683	-732	630	683
-2120	72	2579	-725	491	452
-1875	179	2265	-605	342	286
-1608	165	1884	-463	305	265
-1520	148	1606	-407	469	236
-1373	70	1559	-362	786	328
-1430	-17	1622	-402	1049	425
-1550	19	1653	-442	1359	571
-1683	216	1922	-362	1637	801
-1848	260	2308	-178	1612	955
-1969	105	2698	69	1234	803
-2139	-146	2963	133	835	426
-2332	-290	3309	90	521	291
-2480	-277	3484	12	13	411
-2478	-115	3528	-89	-388	565
-2603	89	3860	-73	-619	445
-2940	311	4612	44	-1292	73
-3021	467	4665	110	-2021	-10
-2946	501	4764	62	-2672	143
-2743	416	5047	-119	-3440	284
-2525	577	5179	-390	-3858	275
-2558	539	5857	-573	-4121	175
-2965	334	6934	-756	-4475	-199
-2604	235	6980	-798	-4295	-638
-2104	405	7275	-784	-3538	-619
-2118	189	7040	-884	-3583	-639
-1565	146	5994	-767	-3727	-954
-598	175	4879	-672	-3477	-931
-97	237	3837	-459	-3322	-741
214	351	2776	-280	-2986	-383
523	264	2153	-185	-2329	-108
653	89	2297	-115	-1488	-2
459	-23	3114	-86	-963	-57
52	-35	3999	-89	-1009	-187
-229	-27	4552	-124	-1491	-279
-313	98	4620	-162	-1914	-216
-183	117	4454	-200	-2084	-161
-38	140	4197	-254	-2034	-224
68	100	3947	-301	-1698	-303
137	56	3846	-262	-1251	-306
232	66	3765	-123	-893	-271
365	120	3699	11	-485	-179
391	197	3841	69	-179	-75
336	172	3977	48	-74	-51
304	114	4072	-23	-15	-43
343	17	4199	-72	-9	-31
394	-138	4399	-78	-141	-39
343	-215	4368	-40	-432	-101
323	-191	4165	-18	-581	-192
310	-108	4015	-30	-576	-203
329	-84	3935	-41	-469	-143
316	-52	3923	-53	-319	-130
297	-11	3953	-38	-130	-104
222	-11	4079	-13	11	-78
176	35	4191	14	58	-97
175	100	4200	24	7	-86
248	124	4141	6	-35	-86
336	133	4070	4	-55	-65
369	57	3985	21	-2	-20
350	9	4020	32	111	-10
305	3	4114	33	164	7
291	-14	4164	31	135	23
284	-29	4160	22	78	10
265	-24	4150	14	53	-1
286	-19	4114	4	59	-8
291	-22	4093	14	72	8
271	-12	4045	33	111	26
238	41	4064	46	170	45
195	72	4123	36	188	38
188	69	4181	26	176	17
197	70	4154	23	147	18
208	60	4055	31	170	16
214	41	4048	27	240	3
181	29	4096	9	263	-22
155	17	4158	-7	232	-40
121	22	4178	-16	192	-58
124	19	4159	-25	152	-65
150	41	4148	-37	131	-51
153	32	4120	-38	131	-38
155	13	4110	-40	138	-37
136	28	4148	-51	138	-40
109	16	4168	-53	113	-38
85	9	4126	-47	93	-43
109	6	4106	-47	112	-39
135	6	4053	-47	159	-27
122	2	4072	-42	206	-26
105	10	4104	-42	232	-31
69	10	4141	-39	226	-30
43	-5	4177	-32	204	-25
42	-3	4178	-27	170	-17
51	-8	4143	-20	142	-2
51	-19	4133	-15	137	11
59	-40	4115	-12	145	16
22	-17	4156	-10	149	18
18	1	4164	-9	125	6
10	11	4159	-13	99	2
10	-5	4136	-13	79	7
9	-38	4104	-7	79	13
9	-29	4089	3	104	22
-8	-20	4137	10	117	33
-32	-9	4168	6	95	28
-36	0	4199	1	60	24
-991	174	3949	-12	-55	67
-1012	171	3952	-9	-44	73
-1011	184	3964	-13	-37	62
-1029	194	3984	-24	-50	68
-1058	222	4013	-37	-75	79
-1100	214	4004	-39	-126	92
-1097	185	3957	-40	-139	92
-1060	175	3904	-46	-119	85
-1040	171	3859	-48	-65	75
-1060	163	3845	-46	11	57
-1114	162	3907	-47	64	40
-1180	180	3952	-55	59	43
-1239	196	3959	-64	16	54
-1287	224	3989	-64	-47	83
-1310	215	3979	-48	-136	104
-1309	232	3905	-40	-222	140
-1271	205	3809	-57	-230	149
-1266	191	3696	-68	-206	126
-1281	140	3667	-38	-110	84
-1341	170	3586	-30	-14	30
-1341	169	3463	-31	89	20
-1384	123	3329	-6	235	-50
-1312	122	3147	16	454	-104
-1213	106	3050	64	690	-84
-1240	80	2945	110	880	-174
-1259	113	2541	179	1122	-184
-1225	61	2275	212	1648	-174
-1190	93	2357	173	2236	-211
-1280	111	2553	67	2579	-260
-1509	211	2454	-56	2690	-305
-1548	359	2438	-95	2680	-67
-1640	409	2391	-66	2482	133
-1691	121	2051	-3	2341	130
-1583	-106	2091	-74	2460	-181
-1540	-63	2320	-257	2449	-336
-1523	-97	2352	-271	2358	-314
-1410	-14	2315	-206	2215	-275
-1229	203	2421	-66	2065	51
-1355	177	2704	129	1977	341
-1748	-105	2942	263	1829	151
-2002	-219	3234	284	1856	106
-2283	-310	4058	190	1686	10
-2663	138	5032	67	862	72
-2787	560	5390	2	-279	349
-2988	646	5599	24	-1695	432
-3065	488	5243	65	-2566	27
-2881	118	4634	195	-3022	41
-2540	22	4768	102	-3033	282
-2313	82	4937	-84	-3168	117
-2438	290	5633	-228	-3438	-286
-2918	134	6613	-290	-4312	-240
-3552	-221	7518	-359	-5090	-284
-4127	-324	7459	-450	-4563	-237
-3182	92	7129	-508	-2873	-488
-1845	375	6344	-463	-2489	-520
-1128	595	4722	-394	-3282	-612
-255	407	2648	-450	-3926	-449
853	2	798	-466	-3056	-207
1478	-275	272	-301	-1100	33
1404	-405	1693	-43	761	133
145	-325	3966	91	878	180
-475	64	5735	21	-540	-282
-545	92	6419	-61	-2465	-337
-188	355	6179	-163	-3786	-512
80	601	5048	-85	-3949	-284
124	110	4460	-10	-3127	-209
415	228	4129	-58	-2880	-329
741	635	3244	-47	-2647	-13
1008	301	2430	41	-1774	442
1121	-382	2352	59	-573	391
912	-560	2779	38	322	81
427	-366	3402	30	864	60
-77	-213	4131	14	1018	82
-363	-143	4733	-45	737	-6
-393	-88	5071	-87	143	-40
-260	-41	5016	-116	-504	-25
-33	11	4622	-120	-929	10
164	4	4121	-134	-1034	8
326	-55	3686	-107	-853	11
424	-114	3410	-53	-484	2
498	-130	3403	0	-17	0
457	-109	3722	25	381	2
301	-97	4181	20	504	-8
178	-117	4426	14	355	5
146	-143	4483	0	92	-14
212	-110	4324	-1	-151	-9
308	-75	4112	2	-252	15
382	-66	3994	3	-200	41
432	-52	3940	12	-77	29
357	-39	3973	37	56	39
263	3	4045	53	172	22
203	9	4188	46	188	12
154	27	4278	27	86	10
163	12	4267	17	-52	-11
200	-4	4142	13	-125	-13
242	-27	4066	18	-106	-7
232	-63	4055	16	-46	6
231	-71	4115	15	-10	7
246	-76	4135	9	-12	1
252	-71	4158	-4	-57	-26
273	-61	4139	-16	-92	-25
279	-66	4093	-22	-76	-8
297	-60	4081	-17	-39	20
295	-59	4069	-13	5	23
293	-48	4090	-6	38	23
289	-32	4116	-4	47	10
287	-42	4151	-2	27	-17
287	-51	4173	-1	-7	-29
292	-49	4146	2	-36	-24
300	-59	4111	7	-51	-4
296	-83	4103	5	-26	10
278	-73	4094	6	4	7
273	-54	4107	5	17	6
278	-61	4105	0	28	-7
269	-37	4113	2	52	-8
248	-35	4129	2	45	2
245	-47	4136	3	39	-1
260	-37	4131	5	27	-5
263	-50	4139	1	10	0
275	-65	4127	5	2	-7
291	-50	4119	7	-1	0
314	-57	4080	12	19	12
292	-77	4074	12	48	4
282	-52	4099	10	66	-3
280	-44	4147	9	72	-7
292	-39	4159	3	53	-1
248	-42	4118	7	25	23
280	-47	4066	11	67	11
277	-39	4083	7	101	5
257	-44	4100	4	121	-9
