368	249	4011	33	-133	121
387	187	3971	-17	-55	219
349	-96	3880	-29	-49	243
415	-279	3862	-40	81	121
441	-320	3994	-54	217	2
446	-154	4111	-63	330	-82
429	184	4169	-8	353	24
411	305	4091	105	333	270
396	214	4026	159	320	436
334	-61	4084	105	284	422
223	-200	4166	-5	244	199
92	-124	4208	-73	251	0
46	-3	4274	-88	226	-92
53	154	4349	-118	48	-85
157	205	4204	-137	-250	24
275	-25	3850	-150	-241	128
343	-309	3673	-176	113	96
303	-414	3793	-193	446	-61
170	-324	4040	-191	561	-174
55	-182	4251	-149	501	-191
-16	-105	4349	-101	333	-151
50	-96	4289	-92	141	-140
131	-61	4169	-90	19	-142
209	-41	3941	-72	18	-120
241	-80	3777	-55	167	-92
202	-166	3800	-68	377	-138
151	-169	3960	-106	524	-202
104	-158	4124	-137	574	-188
29	-198	4220	-129	552	-136
-19	-155	4204	-102	476	-131
4	-98	4147	-81	414	-118
97	21	4064	-74	360	-52
163	-68	3891	-61	324	21
299	-205	3745	-69	464	-44
374	-206	3842	-115	689	-153
275	-285	3754	-125	917	-162
158	-304	3613	-110	1228	-168
123	-284	3578	-95	1518	-133
-131	-186	3276	-69	1977	-170
-240	-8	3420	16	2745	-171
-314	-30	4311	84	2982	-46
-524	-146	4872	89	2207	39
-519	-120	4623	39	1420	149
-426	-217	4123	-38	1122	169
-190	-241	3801	-141	1173	-74
48	-147	3734	-259	1655	-235
-225	-322	3869	-397	2273	-348
-920	-230	3764	-578	3112	-558
-1715	219	3862	-389	4683	-455
-3175	273	5584	-48	6053	-325
-3836	-107	7314	136	5055	-602
-3782	-882	7717	40	3505	-400
-3772	-891	7220	233	2282	-84
-3433	-449	6213	412	1383	52
-2675	-64	4757	427	1513	118
-2739	-45	4418	526	2197	246
-3099	-370	5022	676	2579	268
-3124	-635	5799	784	2316	44
-2897	-588	6199	863	1554	-216
-2554	-326	5785	918	493	-328
-2068	-94	4614	859	-731	-274
-1427	40	3279	664	-1572	-122
-887	53	2208	371	-1892	45
-627	43	1399	105	-2230	186
-423	-25	686	333	-2326	381
-397	64	205	652	-2242	381
-297	-23	-100	463	-1519	351
-678	-254	285	365	-404	84
-1478	-73	1099	334	281	-275
-2018	228	2180	258	663	-124
-2122	246	3372	224	525	280
-2158	187	4338	187	-318	401
-2305	248	4282	74	-1441	383
-2103	329	3487	-35	-1939	422
-1964	238	3059	-205	-1922	398
-1876	16	2940	-340	-1684	352
-1812	-68	2911	-421	-1419	232
-1772	20	2819	-493	-1201	234
-1535	39	2547	-644	-1158	214
-1259	64	2623	-387	-477	313
-1483	133	3164	-100	-32	360
-1857	80	3511	-89	-244	366
-1893	-60	3519	-157	-417	307
-1865	-67	3679	-160	-424	229
-1754	90	3865	-166	-501	257
-1614	170	3924	-146	-632	360
-1449	136	3814	-136	-700	415
-1403	12	3687	-142	-653	349
-1382	-90	3581	-161	-545	214
-1396	-137	3574	-158	-449	94
-1397	-95	3568	-138	-376	16
-1386	-71	3619	-115	-291	-43
-1370	-80	3697	-77	-250	-70
-1393	-86	3860	-32	-196	-138
-1439	-49	4055	-6	-269	-212
-1364	84	4077	22	-442	-196
-1270	178	3994	29	-576	-135
-1222	223	3908	21	-609	-47
-1187	200	3819	9	-564	30
-1184	141	3784	-12	-509	80
-1198	84	3798	-28	-474	79
-1177	26	3782	-41	-445	62
-1155	-55	3809	-30	-367	30
-1123	-46	3857	-30	-347	-11
-1104	-13	3876	-22	-331	-12
-1139	14	3915	-30	-332	9
-1128	11	3993	-45	-385	14
-1097	-5	3974	-64	-396	-6
-1068	-33	3943	-68	-402	-48
-1075	-17	3880	-74	-392	-74
-1061	-40	3819	-59	-361	-75
-1063	-7	3808	-35	-311	-63
-999	5	3765	-27	-195	-81
-1004	7	3873	-10	-143	-39
-1018	-30	3923	-7	-115	-55
-1010	-47	3992	-4	-97	-91
-1039	-20	4031	-8	-191	-108
-1022	0	3913	-17	-245	-127
-956	12	3842	-18	-186	-113
-924	20	3831	-2	-124	-84
-946	-41	3891	6	-38	-81
-944	-25	3981	8	-29	-106
-935	7	4037	7	-65	-110
-923	2	4027	0	-123	-116
-890	-12	3959	-1	-142	-108
-887	-38	3911	-1	-106	-111
-921	-37	3915	-2	-54	-127
-933	-11	3961	4	-29	-120
-926	16	3991	3	-46	-107
-880	30	3979	-2	-70	-103
-413	-122	4003	23	131	13
-434	-106	4017	24	175	25
-434	-106	4024	23	213	31
-465	-130	4021	28	235	34
-480	-126	4047	29	250	25
-498	-139	4102	33	227	10
-489	-123	4130	34	176	-2
-487	-112	4135	35	124	-19
-491	-133	4124	36	71	-28
-481	-128	4071	30	46	-43
-503	-121	4022	22	44	-60
-525	-128	4001	16	67	-82
-527	-125	3999	8	111	-98
-550	-110	4052	6	132	-96
-574	-89	4053	11	128	-74
-593	-106	4070	24	120	-45
-616	-113	4078	33	107	-41
-617	-122	4073	33	74	-44
-614	-97	4052	30	37	-42
-596	-92	3990	30	19	-26
-557	-84	4008	20	30	-15
-551	-82	3989	19	52	-3
-542	-66	3986	28	75	22
-513	-106	3981	48	111	23
-483	-180	3990	68	172	-21
-521	-122	3923	47	184	-43
-444	-91	3808	69	326	14
-489	-68	3841	58	449	1
-461	-86	3848	55	611	-4
-521	-95	4005	65	710	-10
-553	-153	3951	58	657	-14
-571	-144	3791	69	717	-64
-555	-100	3801	62	863	-71
-580	-73	3843	57	991	-47
-636	-92	3836	61	1142	-36
-708	-80	3793	46	1271	-60
-744	-170	3878	52	1333	-119
-800	-151	4005	90	1325	-193
-839	-74	4061	140	1203	-190
-778	-29	3899	152	1125	-121
-619	-23	3645	136	1289	-43
-688	54	3543	121	1577	19
-863	159	3646	161	1844	69
-1038	78	3613	220	2155	38
-1148	-88	3679	248	2539	-25
-1489	-246	4021	121	2907	-79
-1883	-138	4290	-32	3193	-320
-2299	398	4288	-115	3558	-435
-2646	559	4511	-28	4051	-239
-3326	123	5343	139	4241	-134
-3843	-351	5972	234	3703	49
-4395	-214	6207	317	2972	375
-4575	-78	6040	343	1930	488
-3965	-93	4973	275	1186	287
-3315	-177	3846	218	1403	43
-3105	-158	3468	236	2037	-141
-3179	-60	3655	281	2412	-111
-3363	13	4026	319	2412	100
-3328	43	4351	270	2049	295
-3046	6	4346	192	1199	299
-2630	72	3721	156	86	170
-2114	74	2814	105	-731	80
-1650	102	2002	37	-1068	10
-1415	64	1490	-42	-1041	-79
-1392	142	1312	-46	-825	-240
-1615	245	1462	-12	-491	-129
-2017	147	1905	15	-324	-11
-2346	-16	2274	28	-379	-51
-2419	-3	2716	18	-558	-60
-2445	44	3033	-26	-888	25
-2477	108	3169	-99	-1213	38
-2466	152	2968	-126	-1399	26
-2366	209	2756	-130	-1478	-7
-2239	236	2569	-117	-1531	8
-2202	275	2542	-122	-1516	114
-2215	159	2627	-153	-1562	270
-2160	40	2548	-160	-1511	318
-2073	-7	2477	-169	-1343	284
-2057	20	2552	-176	-1145	204
-2116	75	2691	-196	-1126	199
-2291	18	2879	-182	-1114	173
-2258	-37	2892	-119	-1128	119
-2225	-75	3017	-85	-1128	22
-2182	-13	3100	-68	-1180	21
-2113	-20	3167	-53	-1158	12
-2134	3	3188	15	-1105	-11
-2141	158	3222	17	-1095	-14
-2136	236	3251	-1	-1050	61
-1996	229	3215	-38	-1050	72
-1898	219	3259	-66	-919	54
-1926	95	3314	-69	-795	27
-1959	28	3410	-79	-731	-73
-1951	-60	3479	-82	-721	-123
-1830	-17	3511	-72	-723	-192
-1745	-2	3568	-37	-682	-209
-1762	7	3641	-17	-642	-256
-1736	64	3677	8	-641	-266
-1693	82	3662	39	-663	-251
-1695	143	3655	38	-684	-217
-1693	179	3577	64	-719	-151
-1632	174	3557	64	-622	-95
-1632	194	3588	55	-547	-32
-1599	228	3675	56	-535	9
-1553	288	3710	71	-552	85
-1535	218	3705	78	-562	134
-1512	147	3703	53	-552	94
-1494	128	3702	21	-516	49
-1459	144	3745	-21	-475	-17
-1432	146	3768	-33	-474	-59
-1431	175	3751	-27	-478	-87
-1399	190	3679	-15	-439	-75
-1351	172	3705	4	-352	-70
-1324	145	3733	36	-260	-57
-1347	132	3805	48	-211	-91
-1344	88	3875	54	-237	-144
-1345	59	3886	45	-282	-233
-1306	86	3866	49	-319	-296
-1268	104	3795	62	-301	-345
-1219	120	3779	71	-243	-388
-1233	113	3760	74	-181	-407
-1225	129	3749	83	-100	-397
-1240	121	3787	91	-22	-391
-1227	106	3786	96	3	-393
-1241	75	3824	98	25	-432
-1281	77	3823	115	33	-472
-1288	64	3840	128	33	-493
-1287	67	3844	136	36	-508
-1290	71	3839	135	27	-540
-1287	75	3843	123	10	-568
-1273	61	3833	114	-15	-583
-897	159	3954	69	-90	75
-905	67	3772	83	-90	184
-942	-109	3713	88	35	168
-924	-157	3699	68	168	110
-887	-41	3760	52	324	82
-900	110	3931	34	382	85
-899	125	4027	27	376	154
-881	49	4033	34	324	198
-851	-41	3941	11	300	208
-869	-71	3812	-33	414	213
-876	-125	3927	-56	589	201
-969	-192	4231	-38	575	144
-1015	-196	4436	18	307	22
-1029	-151	4319	56	-18	-84
-972	-86	3959	41	-223	-121
-897	-36	3669	8	-160	-103
-951	-83	3739	-20	20	-38
-1060	-165	3879	-41	118	-25
-1145	-206	3939	-28	143	-69
-1181	-173	3905	4	120	-123
-1107	-106	3844	46	138	-120
-1030	-80	3742	82	230	-83
-965	-87	3744	104	376	-70
-965	-66	3802	106	501	-67
-1015	-47	3906	109	546	-78
-1075	16	3974	121	502	-103
-1134	52	4019	111	417	-92
-1144	48	4022	90	310	-74
-1107	70	3975	45	239	-30
-1050	41	3804	-1	206	11
-975	-12	3669	-22	291	4
-987	8	3690	-13	479	9
-1048	17	3788	0	654	40
-1127	37	3819	16	736	73
-1193	15	3775	33	787	97
-1209	-37	3709	40	848	109
-1243	-37	3647	38	960	118
-1210	-41	3703	42	1089	131
-1211	32	3713	13	1144	185
-1201	26	3576	-21	1194	249
-1311	3	3533	-21	1309	261
-1451	-64	3574	-9	1533	262
-1570	-122	3664	-10	1696	153
-1404	-151	3789	52	1669	-28
-1409	6	3367	127	1671	2
-1245	148	3014	165	2104	136
-1578	139	3690	126	2614	414
-1851	169	3721	102	2982	401
-2332	203	3925	282	3615	365
-3346	23	4601	441	4065	265
-4289	-173	5364	421	3856	74
-4462	20	5502	379	3147	50
-4481	349	5181	294	2432	134
-4204	268	4252	112	2045	120
-3929	185	3404	73	2139	27
-3840	106	2994	107	2552	77
-3960	79	3150	181	3058	144
-4188	77	3868	241	3168	161
-4355	168	4534	339	2573	322
-4155	142	4812	345	1721	273
-3809	142	4927	203	818	138
-3481	107	4793	-14	-224	87
-3086	53	4492	-85	-1228	144
-2534	46	4021	-73	-2126	167
-1998	112	3390	-74	-2972	204
-1601	71	2609	-22	-3623	304
-1401	-15	1867	45	-3813	283
-1412	58	1313	15	-3579	154
-1511	214	950	-46	-3146	71
-1553	328	748	-67	-2546	59
-1661	336	942	-51	-1851	38
-2046	332	1527	-68	-1483	-34
-2357	308	2068	-45	-1523	-75
-2525	181	2478	-138	-1820	-102
-2548	90	2559	-198	-2006	-225
-2420	12	2532	-198	-2021	-271
-2251	-65	2540	-206	-1879	-374
-2147	13	2622	-192	-1702	-434
-2099	78	2848	-132	-1578	-388
-2063	185	3146	-57	-1470	-400
-1976	274	3313	8	-1458	-334
-1844	284	3285	-15	-1486	-322
-1632	325	3165	-17	-1358	-272
-1581	268	3204	-14	-1193	-249
-1607	137	3268	-41	-1152	-305
-1670	63	3397	-68	-1132	-432
-1682	67	3527	-80	-1219	-484
-1583	79	3556	-103	-1275	-501
-1455	156	3599	-80	-1214	-473
-1430	158	3672	-70	-1184	-413
-1384	140	3712	-54	-1176	-393
-1331	109	3734	-41	-1039	-385
-1317	128	3780	-28	-1004	-334
-1294	66	3753	-49	-953	-294
-1307	1	3719	-32	-969	-326
-1300	-16	3598	-38	-991	-357
-1223	-40	3475	-14	-899	-374
-1226	-32	3528	-6	-736	-351
-1167	-55	3663	-2	-590	-366
-1256	8	3896	29	-491	-385
-1258	39	3983	19	-600	-368
-1202	153	3927	-11	-679	-308
-1091	196	3800	-22	-663	-206
-1023	181	3765	-24	-528	-114
-1000	179	3777	-35	-415	-31
-1013	96	3801	-46	-327	66
-1036	26	3788	-55	-257	107
-1010	10	3834	-56	-159	105
-1039	-65	3874	-67	-107	69
-1039	-96	3898	-65	-59	26
-1032	-128	3924	-53	-28	-25
-1001	-96	3946	-43	-31	-75
-997	-62	3953	-35	-44	-108
-974	-6	3982	-29	-51	-101
-962	36	3991	-34	-77	-91
-949	46	3976	-37	-101	-67
-892	8	3916	-30	-86	-41
-844	-52	3861	-23	27	-55
-859	-91	3950	-14	104	-107
-894	-90	4000	-8	89	-146
-903	-53	4005	-9	37	-166
-907	-65	3980	-3	20	-171
-898	-35	3966	4	34	-178
-900	-22	3964	6	57	-164
-892	36	4001	2	45	-144
-904	30	4017	-3	13	-115
-881	-7	4009	4	-16	-83
-837	-68	3997	-2	-48	-86
-850	-88	3976	3	-60	-107
-860	-62	3949	-1	-29	-118
-915	-54	3938	-128	-92	-8
-930	-111	3917	-120	-88	26
-933	-131	3911	-110	-91	40
-941	-121	3949	-110	-84	36
-930	-136	3992	-113	-87	5
-916	-125	3992	-106	-107	-20
-914	-91	3999	-90	-115	-30
-914	-62	3982	-77	-114	-56
-907	-60	3965	-60	-109	-93
-898	-40	3911	-30	-69	-91
-868	-37	3899	0	-18	-91
-873	-31	3928	9	26	-79
-892	-63	3993	1	17	-61
-894	-67	4027	-9	-17	-67
-882	-94	4017	-22	-45	-84
-872	-83	3974	-23	-91	-100
-816	-74	3895	-19	-71	-102
-775	-57	3902	-15	-3	-84
-777	-41	3943	-18	71	-50
-781	-80	3954	-25	140	-28
-785	-79	3943	-31	195	-30
-789	-108	3941	-24	217	-44
-796	-93	3959	-24	202	-53
-818	-91	3956	-25	209	-23
-807	-90	3909	-31	249	15
-827	-86	3900	-43	335	45
-879	-99	3904	-47	403	54
-933	-91	3892	-45	413	60
-982	-106	3875	-31	423	64
-1032	-133	3886	-5	434	53
-1023	-137	3876	21	456	30
-1041	-150	3860	45	534	-37
-1039	-93	3855	53	598	-51
-1069	-68	3855	76	631	-23
-1160	-59	3888	75	619	-12
-1163	-65	3901	82	606	24
-1140	-67	3878	65	563	70
-1017	-34	3772	47	573	120
-914	-29	3639	43	678	122
-887	-75	3584	52	914	105
-851	-97	3608	77	1131	34
-892	-88	3677	84	1380	8
-1018	-93	3742	60	1588	3
-1153	-55	3769	-1	1718	-19
-1177	101	3422	-22	2070	89
-1507	-37	3528	-59	2417	154
-1699	-103	3917	-28	2740	72
-2066	94	3995	99	2971	-92
-2485	157	3732	289	3334	19
-3280	-135	3994	325	4437	29
-4059	-282	5321	389	4614	53
-4289	-157	5826	391	3931	179
-4474	96	6108	329	2986	342
-4171	101	5586	209	1873	301
-3682	138	4473	111	1304	269
-3415	138	3566	72	1531	326
-3382	-12	3550	67	2261	204
-3625	-85	4427	160	2532	185
-3807	-187	5272	289	1930	232
-3530	-171	5636	347	783	272
-3008	-81	5356	430	-507	480
-2413	-58	4434	397	-1773	577
-1865	-143	3174	336	-2683	420
-1464	-130	1997	218	-3006	125
-1240	-79	1226	166	-2733	-128
-1115	19	880	82	-2171	-432
-1179	137	914	20	-1548	-627
-1409	251	1368	19	-1165	-642
-1661	284	1879	-7	-1082	-667
-1890	464	2284	-63	-1251	-534
-2147	428	2611	-152	-1604	-235
-2312	327	2791	-222	-1959	22
-2395	230	2727	-201	-2100	279
-2321	94	2704	-201	-1971	417
-2150	-13	2806	-232	-1642	291
-2117	-16	3094	-254	-1423	107
-2143	-12	3295	-205	-1436	-4
-2041	75	3208	-194	-1595	2
-1856	32	2990	-183	-1598	42
-1667	22	2835	-196	-1442	25
-1581	-33	2871	-170	-1107	-16
-1680	-28	3111	-108	-876	-101
-1796	18	3383	-45	-909	-116
-1816	83	3491	-45	-1025	-96
-1726	99	3494	-61	-1140	-39
-1608	62	3431	-55	-1143	-40
-1571	78	3476	-2	-1043	-35
-1534	70	3496	3	-1005	-2
-1423	72	3340	57	-946	15
-1409	63	3436	30	-649	9
-1465	55	3582	15	-604	14
-1478	86	3617	-3	-638	9
-1478	103	3684	-30	-655	-9
-1446	80	3674	-71	-668	-58
-1415	43	3684	-93	-630	-65
-1398	24	3699	-105	-590	-83
-1412	24	3711	-99	-544	-76
-1390	61	3705	-98	-549	-64
-1389	51	3668	-70	-568	-40
-1300	95	3599	-73	-483	-13
-1274	149	3586	-77	-350	69
-1214	136	3641	-80	-183	122
-1235	109	3806	-86	-100	144
-1236	132	3925	-78	-101	175
-1255	116	3984	-81	-137	215
-1248	82	3927	-76	-181	247
-1255	33	3840	-60	-181	278
-1225	19	3767	-38	-120	269
-1170	13	3741	-29	-74	247
-1110	16	3740	-21	44	236
-1177	39	3848	-22	127	269
-1224	57	3966	-35	97	308
-1186	59	4020	-45	12	316
-1103	22	3917	-46	-40	313
-1083	-8	3842	-35	-1	307
-1116	-39	3831	-30	87	302
-1163	-38	3857	-21	146	282
-1189	-45	3882	-13	143	236
-1192	-45	3929	-15	109	167
-1159	-10	3930	-22	59	103
-1105	35	3958	-26	22	82
-1124	75	3991	-30	-16	78
-1124	75	3954	-27	-62	81
-1105	31	3881	-16	-47	75
-1084	17	3874	1	10	20
-1097	45	3944	15	12	-10
-1137	81	3953	16	-29	-24
-1108	85	3944	16	-57	-40
-1082	118	3915	13	-64	-21
-1087	75	3895	11	-45	-10
-1224	45	3759	-240	-1875	-134
-1189	4	3820	-252	-1794	-73
-1201	-11	3895	-273	-1764	-69
-1112	28	3946	-322	-1769	-65
-986	62	4067	-459	-1705	-77
-967	33	4027	-500	-1830	-29
-916	114	4008	-563	-1759	6
-742	-74	3684	-444	-1865	135
-524	-29	3659	-428	-1562	129
-409	47	3827	-402	-1348	129
-370	5	3961	-327	-1188	131
-289	67	4064	-228	-1050	194
-206	63	4117	-131	-947	298
-163	82	4177	-48	-882	341
-134	159	4196	-7	-937	351
-40	196	4022	-20	-1008	343
46	96	3984	-27	-967	257
110	-36	3881	-65	-902	61
130	-22	3713	-57	-659	-57
122	-27	3856	-66	-426	-101
86	-44	4034	-91	-298	-116
10	-91	4189	-151	-244	-115
-42	-217	4147	-171	-320	-111
24	-298	3872	-142	-281	-154
48	-232	3666	-107	-23	-213
13	-156	3734	-88	384	-197
-156	-109	4043	-93	612	-204
-255	-25	4267	-112	518	-198
-243	21	4227	-100	311	-189
-131	99	4074	-87	206	-143
-76	135	3893	-88	164	-23
-34	34	3748	-80	303	115
-1	-156	3757	-69	590	125
-66	-292	3825	-78	830	0
-141	-261	3746	-83	1070	-129
-121	-173	3788	-67	1256	-154
-189	-87	3778	-58	1423	-108
-199	16	3792	-40	1646	26
-243	17	3934	-23	1799	126
-292	-21	4045	25	1817	196
-387	-72	4059	108	1783	221
-337	-62	3872	166	1804	231
-298	-96	3715	221	1946	266
-273	-78	3648	249	2152	264
-299	-221	3669	283	2527	258
-628	-252	3678	320	3081	183
-913	-261	4001	381	3776	114
-1425	-122	4293	350	4336	138
-1986	18	4599	408	4936	58
-2880	34	5014	442	5347	117
-4009	182	5850	425	5636	-56
-4491	165	7064	344	4778	69
-4401	54	6859	330	3193	292
-3985	-58	5597	291	1764	282
-3453	-217	4034	179	1123	-63
-3316	-115	3144	99	1565	-397
-3522	63	3454	67	2222	-461
-3612	242	4313	47	2308	-341
-3644	306	5175	93	1757	-154
-3662	331	5878	142	698	103
-3492	239	6074	179	-580	301
-3129	-15	5499	215	-1933	325
-2463	-204	4180	169	-3156	144
-1724	-195	2738	137	-3770	-19
-1054	-31	1794	93	-3696	17
-720	138	1357	103	-3248	149
-682	120	1398	119	-2606	260
-882	185	1778	115	-2204	252
-1190	94	2196	60	-2147	216
-1535	80	2345	-82	-2585	52
-1640	100	2280	-198	-3136	-102
-1757	-26	2140	-224	-3533	-173
-1836	-129	1835	-142	-3651	-353
-1776	-85	1454	-188	-3590	-537
-1708	-41	1299	-199	-2804	-510
-1591	51	1596	-243	-1738	-472
-1692	64	2380	-213	-1047	-600
-1785	179	3075	-224	-948	-654
-1917	117	3487	-228	-974	-652
-2026	165	3655	-199	-1161	-614
-1746	95	3310	-83	-1370	-484
-1431	101	2833	86	-919	-370
-1296	98	2796	150	5	-262
-1369	119	3203	206	592	-159
-1528	103	3696	208	707	-127
-1473	155	4043	176	530	-71
-1393	166	4280	162	268	8
-1289	222	4263	126	-86	53
-1145	172	4039	87	-266	76
-1053	115	3775	28	-217	38
-1008	82	3650	-17	14	4
-1047	63	3695	-27	199	6
-1027	72	3789	-25	326	46
-1077	98	3957	-12	344	88
-1115	88	4102	-15	204	75
-1120	67	4089	-22	22	72
-1091	101	3984	-34	-52	87
-1026	79	3907	-39	-9	109
-984	29	3866	-26	104	93
-1005	56	3925	-13	160	71
-1023	53	3988	-5	119	91
-1037	69	4028	1	18	69
-1078	104	3975	-7	-61	102
-1084	121	3960	-21	-69	142
-1109	100	3938	-37	-69	165
-1065	37	3864	-43	-51	153
-1084	29	3897	-35	10	152
-1083	28	3931	-26	30	141
-1093	36	3985	-28	28	123
-1104	55	3986	-26	-37	129
-1082	75	3879	-25	-37	127
-1049	66	3786	-25	19	126
-1098	45	3806	-33	137	109
-1160	39	3907	-28	187	91
-1191	54	4008	-17	147	87
-1160	57	3989	-15	49	93
-1152	43	3915	-11	24	84
-1130	26	3857	-8	51	57
-1120	16	3857	-1	94	32
-1104	29	3862	1	133	31
-1123	52	3912	-1	142	34
-1123	63	3919	-2	118	37
-1145	58	3918	3	96	28
-1177	56	3956	-1	77	24
-1184	53	3939	3	42	28
-1152	56	3928	7	16	29
-1142	61	3869	7	21	27
-1126	63	3869	6	45	27
-1119	79	3898	5	52	31
-1133	87	3878	5	67	32
-1437	-35	3687	-164	-1710	-123
-1342	9	3728	-157	-1553	-118
-1259	45	3790	-176	-1456	-79
-1190	34	3887	-204	-1433	-24
-1119	-2	3858	-239	-1434	3
-1050	23	3836	-260	-1416	6
-975	56	3808	-265	-1349	36
-877	149	3904	-331	-1218	51
-891	277	4213	-473	-1139	46
-898	253	4238	-592	-1192	16
-852	-47	3851	-421	-1428	119
-653	-155	3627	-343	-1190	116
-569	-51	3859	-286	-911	28
-606	-28	4123	-172	-886	10
-596	-56	3968	-83	-906	60
-510	-40	3709	-71	-856	45
-387	-59	3626	-94	-581	-28
-349	-149	3846	-110	-327	-56
-392	-218	4120	-77	-235	-114
-409	-147	4209	-65	-274	-130
-320	-89	4155	-56	-311	-107
-197	-149	4030	-65	-357	-90
-186	-183	3909	-139	-352	-117
-212	-165	3880	-145	-242	-77
-289	-148	3985	-96	-96	12
-266	-211	3996	-60	-20	77
-216	-288	3817	-70	65	20
-249	-208	3665	-103	315	-33
-375	-151	3745	-128	639	-34
-530	-76	3965	-138	832	-1
-577	10	4085	-107	817	93
-540	-38	4020	-31	731	132
-477	-132	3950	24	696	115
-494	-207	3924	61	724	98
-567	-215	3964	41	776	72
-528	-240	3878	54	833	49
-543	-228	3821	125	889	40
-504	-235	3691	240	1002	85
-461	-158	3584	300	1294	147
-491	-97	3530	305	1647	265
-488	-171	3572	290	1983	305
-591	-209	3639	337	2273	306
-773	-208	3660	408	2564	275
-832	-207	3617	494	2988	252
-1097	-182	3691	584	3498	105
-1415	50	3951	586	3848	-7
-3500	-9	5212	247	4057	-103
-3500	-9	5212	247	4057	-103
-3500	-9	5212	247	4057	-103
-3500	-9	5212	247	4057	-103
-4342	43	5438	292	4300	-251
-4872	177	5864	415	3976	-76
-4445	129	5384	457	2838	43
-3998	85	4441	437	2101	-11
-3795	148	3764	381	2005	-155
-3758	408	3320	269	2252	-148
-3830	486	3518	143	2530	29
-3810	342	3988	113	2342	175
-3521	199	4354	182	1833	343
-3342	146	4731	218	962	505
-3118	14	4813	210	-163	567
-2907	-44	4739	204	-1311	438
-2651	84	4416	128	-2356	221
-2469	211	3833	-94	-3520	131
-2205	278	3309	-221	-4500	68
-1845	285	2663	-154	-4785	23
-1599	225	2223	-145	-4678	21
-1366	337	1833	-206	-4059	129
-1310	217	2025	-273	-3322	234
-1459	165	2338	-315	-3102	142
-1615	264	2462	-347	-3231	89
-1740	198	2397	-355	-3605	93
-1666	81	1947	-375	-4017	10
-1474	49	1458	-448	-3974	-98
-1264	20	1115	-395	-3464	-185
-1278	98	1189	-367	-2579	-319
-1494	176	1586	-387	-1582	-376
-1649	123	2133	-261	-1001	-304
-1958	64	3012	-189	-411	-279
-2063	-11	3570	-85	-715	-256
-1863	-95	3654	-34	-1053	-341
-1686	-24	3435	-76	-1248	-444
-1396	118	3304	-48	-984	-460
-1289	150	3385	-10	-563	-443
-1150	212	3619	61	-205	-400
-1084	245	3867	78	76	-278
-1158	171	4074	90	180	-195
-1218	199	4123	72	81	-165
-1226	130	4012	45	-65	-190
-1170	105	3809	25	-177	-217
-1080	61	3600	0	-113	-214
-970	74	3488	11	52	-162
-973	42	3602	-5	364	-159
-1038	34	3878	-28	519	-175
-1112	42	4189	-40	403	-226
-1119	58	4292	-54	74	-239
-1010	77	4143	-48	-180	-178
-854	99	3961	-54	-255	-101
-727	90	3912	-25	-128	-35
-754	36	3999	-21	-36	-9
-814	-20	4070	-13	-55	-21
-864	-20	4067	-10	-102	-4
-871	-68	4053	-8	-132	10
-900	-79	4019	-11	-186	-14
-817	-78	3968	11	-204	-28
-841	-58	3934	21	-126	-27
-942	6	3944	16	-98	-3
-897	42	3912	9	-106	32
-919	88	3904	-4	-44	69
-967	32	3943	7	-9	88
-920	-17	3952	4	-3	81
-891	-36	3934	-10	19	49
-926	-57	3947	-10	66	8
-963	-42	3953	-1	71	-25
-968	-9	3937	4	57	-35
-956	2	3936	-1	89	-35
-969	43	3976	-9	100	-32
-989	64	4033	2	75	-19
-976	51	4001	7	20	-10
-953	37	3920	15	21	11
-929	28	3880	18	77	25
-912	28	3904	17	150	31
-945	14	3966	9	184	23
-987	32	4042	16	138	31
-1002	51	4032	20	46	45
-985	56	3913	18	-3	58
-923	36	3882	12	68	66
-921	32	3946	10	139	60
-952	16	4023	9	109	57
-981	4	4032	8	29	54
-290	8	4119	11	-13	20
-280	11	4077	10	-15	12
-269	13	4084	10	-12	2
-280	10	4078	11	-5	-2
-289	8	4070	6	2	-5
-302	10	4074	1	9	-7
-309	-3	4069	3	14	2
-302	8	4072	1	21	6
-308	4	4087	3	25	8
-295	1	4080	-3	31	7
-310	-12	4070	-2	33	5
-302	-22	4077	-1	43	9
-297	-12	4077	-2	39	6
-293	-5	4076	1	32	6
-290	0	4080	7	27	5
-283	0	4058	6	34	7
-280	-5	4050	6	58	7
-307	-4	4076	8	74	4
-318	6	4058	10	76	5
-313	8	4036	10	91	6
-305	-5	4010	10	111	-8
-313	-11	4035	21	154	-1
-300	-73	3975	41	240	-27
-290	-86	3990	56	353	-102
-310	-12	4007	20	405	-134
-302	20	4017	18	463	-141
-288	46	4038	42	500	-134
-302	91	4098	22	527	-95
-307	69	4040	18	500	-46
-271	30	3893	56	556	-26
-262	20	3835	60	673	-9
-229	13	3786	47	824	-23
-256	21	3821	39	1026	-54
-307	3	3821	33	1194	-56
-399	1	3860	40	1336	-26
-464	5	3821	33	1446	-12
-546	-46	3803	58	1611	-28
-580	-53	3752	87	1765	-47
-655	-54	3724	129	1921	-64
-727	-69	3771	175	2071	-67
-811	-46	3894	240	2108	-1
-715	118	3705	278	2186	98
-826	119	3745	266	2319	112
-959	-9	3581	194	2689	42
-1225	-12	3807	171	3149	-115
-1575	-56	3834	201	3613	-429
-2096	133	3915	150	4022	-481
-2507	311	4230	75	4262	-463
-2931	273	4706	57	4420	-267
-3707	103	4979	123	4625	-119
-4529	-70	5623	215	4401	-136
-4768	42	5940	248	3332	-115
-4395	316	5352	250	2393	106
-4170	354	4644	204	2100	223
-4320	373	4320	112	2208	125
-4337	407	4337	123	2257	233
-3986	303	4422	146	2079	345
-3521	236	4385	165	1743	343
-3132	115	4367	202	1277	388
-2864	-10	4274	245	572	393
-2587	-61	4257	293	-316	398
-2302	22	3895	256	-1499	419
-1966	189	3081	92	-2697	418
-1624	149	2280	-19	-3451	350
-1437	206	1607	-94	-3658	131
-1414	281	1128	-119	-3293	240
-1445	159	1059	-113	-2298	187
-1632	248	1715	-214	-1511	-13
-1737	177	2461	-331	-1402	-114
-1956	169	3011	-415	-1750	-173
-2100	183	3042	-478	-2355	-159
-2120	205	2662	-498	-2887	-86
-2052	132	2165	-503	-3126	-126
-1980	139	1738	-446	-2919	-97
-1899	131	1522	-383	-2390	41
-1826	99	1715	-258	-1694	100
-1914	-17	2294	-138	-1077	38
-2229	-31	3003	-100	-941	-122
-2331	21	3373	-138	-1219	-206
-2271	107	3433	-144	-1542	-213
-2033	215	3068	-134	-1760	-176
-1824	265	2813	-129	-1645	-108
-1740	266	2769	-107	-1291	-59
-1771	185	2903	-76	-939	3
-1779	158	3110	-54	-592	83
-1730	73	3372	-4	-355	164
-1702	67	3616	13	-212	154
-1649	111	3807	37	-246	209
-1622	102	3866	17	-283	228
-1587	72	3856	5	-360	153
-1514	72	3837	-8	-498	49
-1391	59	3671	-61	-471	22
-1299	3	3590	-89	-314	16
-1270	-35	3608	-77	-143	-35
-1322	-9	3684	-43	-4	-70
-1373	26	3807	-13	51	-105
-1384	77	3886	21	44	-139
-1359	130	3907	31	2	-113
-1311	158	3854	34	-37	-104
-1326	159	3823	27	-35	-76
-1330	150	3807	35	-28	-33
-1283	186	3808	46	-9	10
-1281	194	3833	52	-31	61
-1314	212	3844	48	-56	118
-1298	197	3879	35	-51	171
-1261	163	3894	22	-23	199
-1293	126	3923	15	-17	186
-1291	64	3912	-8	-48	149
-1274	52	3890	-23	-82	97
-1312	61	3850	-16	-129	63
-1286	61	3815	-20	-105	27
-1242	95	3801	-26	-44	-2
-1236	103	3845	-16	-12	-25
-1263	149	3839	-3	-14	-37
-1311	145	3884	-14	-20	-46
-1343	129	3910	-14	-48	-50
-1323	131	3893	-24	-92	-69
-1273	172	3839	-30	-105	-67
-1236	193	3813	-32	-67	-38
-1263	185	3844	-32	-1	-17
-1304	171	3862	-38	29	-6
-1313	156	3891	-34	0	9
-1291	115	3850	-42	-11	-6
-1291	113	3839	-49	-5	-28
-1266	97	3833	-44	17	-26
-1295	88	3831	-49	45	-37
-1312	95	3874	-53	56	-65
-1311	114	3894	-58	40	-77
-1337	99	3888	-57	8	-78
-1317	94	3851	-57	-24	-83
658	-117	3910	-46	282	-79
597	-78	4058	-3	365	-55
581	-43	4132	44	322	-1
570	-32	4131	81	255	36
566	-13	4122	96	172	14
544	39	4108	75	108	27
549	66	4080	35	34	61
585	50	4039	9	16	68
633	-5	4026	17	30	50
645	-32	4032	69	61	12
633	14	3982	112	110	-21
573	26	3979	109	248	-39
520	56	4033	81	346	-37
463	74	4074	58	367	-20
441	83	4034	47	358	-7
408	86	4037	43	374	-1
409	79	4048	46	376	-1
417	115	4076	36	386	-11
442	115	4112	28	351	13
476	101	4118	24	343	24
496	88	4122	16	302	36
505	75	4098	18	247	40
574	14	3975	33	240	37
590	-4	3799	44	375	-8
541	-8	3701	42	618	-31
458	22	3708	34	974	-10
350	46	3927	50	1252	7
265	87	4127	72	1292	8
245	123	4125	87	1225	25
219	132	4013	100	1203	54
203	105	3887	90	1277	62
136	56	3862	80	1430	56
102	47	3932	66	1593	31
-9	74	3985	48	1681	-17
-89	131	4018	38	1696	-25
-129	109	3952	57	1749	-42
-167	91	3976	79	1867	-82
-178	90	3962	95	1969	-100
-264	100	3927	99	2080	-80
-336	124	3848	87	2206	-44
-398	119	3825	85	2322	-31
-380	96	3824	91	2400	-28
-414	44	3777	116	2377	-73
-433	86	3698	124	2468	-93
-485	125	3562	144	2844	-34
-669	118	3157	238	3374	102
-1031	287	3011	285	4153	97
-1410	102	3884	234	4974	95
-2092	230	4838	101	5339	-104
-3401	536	5389	47	5612	-258
-5053	619	6328	136	5720	277
-5421	467	7106	235	4763	770
-5546	51	7225	251	3371	741
-5165	33	6303	86	1974	464
-4353	144	4875	-62	824	244
-3446	126	3583	-130	610	168
-2943	138	3072	-115	1177	-33
-2841	236	3334	-54	1663	-223
-2855	252	3787	-10	1554	-193
-2756	261	4191	20	1007	-70
-2614	326	4516	31	109	224
-2435	273	4498	-8	-1150	509
-2165	75	3921	-51	-2492	545
-1731	-100	3025	-107	-3439	240
-1468	62	2187	-211	-3562	-110
-1385	298	1755	-288	-3232	-166
-1273	343	1600	-359	-2757	-185
-1310	395	1762	-444	-2284	-208
-1466	420	1951	-462	-2124	-63
-1600	353	1998	-422	-2225	137
-1656	220	1935	-356	-2307	283
-1759	42	1847	-351	-2326	289
-1825	105	1669	-327	-2231	281
-1858	45	1614	-358	-1887	291
-1884	-142	1964	-333	-1353	105
-1983	0	2530	-181	-972	-65
-2122	38	3126	-83	-890	40
-2155	55	3473	-38	-1041	3
-2023	57	3638	-20	-1265	-2
-1826	92	3698	-61	-1339	-86
-1712	84	3703	-80	-1232	-233
-1551	69	3686	-90	-1150	-400
-1394	119	3441	-8	-1174	-446
-1252	53	3274	-40	-844	-450
-1245	86	3236	40	-565	-388
-1263	177	3342	68	-322	-299
-1318	226	3516	88	-146	-203
-1347	300	3755	97	-158	-101
-1355	279	3829	85	-241	-19
-1346	264	3912	54	-263	26
-1334	200	4024	-12	-338	15
-1304	174	4037	-52	-515	-32
-1256	141	3903	-116	-636	-62
-1237	92	3710	-106	-683	-108
-1187	103	3566	-108	-533	-129
-1200	121	3562	-84	-320	-101
-1252	154	3674	-61	-188	-55
-1268	156	3789	-55	-174	-34
-1187	136	3830	-54	-206	-24
-1187	177	3886	-39	-207	30
-1220	155	3913	-37	-180	69
-1267	106	3991	-4	-189	77
-1329	69	4050	-8	-336	54
-1258	100	3914	0	-478	52
-1159	138	3797	3	-474	98
-1061	90	3747	2	-383	104
-1000	56	3752	2	-224	56
-1027	54	3851	-1	-88	32
-1080	36	3935	-1	-48	23
-1103	75	3939	2	-69	16
-1069	110	3895	-7	-112	35
-1054	73	3808	-16	-56	44
-1041	28	3797	-16	76	18
-1062	-11	3915	-5	157	-34
-1114	4	4002	1	121	-80
-1104	3	3998	4	40	-122
-1063	13	3919	0	8	-143
-1018	34	3833	3	63	-174
-1015	69	3901	-3	145	-186
-1047	54	3965	-2	140	-182
-1080	106	4005	-2	98	-179
-1065	129	3973	2	61	-128
-1015	79	3927	11	49	-108
-1016	54	3899	16	74	-117
-1031	71	3910	15	96	-109
-1049	88	3966	6	93	-93
-1033	108	3966	-2	83	-63
-1056	109	3998	-6	57	-50
-1069	107	3944	-11	16	-20
-1063	78	3880	-14	27	16
19	-79	4111	-16	-30	-51
19	-79	4094	-20	-24	-42
33	-79	4088	-28	-13	-45
31	-75	4114	-34	-21	-41
39	-69	4126	-31	-42	-32
50	-67	4113	-24	-53	-9
65	-87	4106	-16	-64	5
80	-108	4091	-17	-70	13
88	-101	4081	-18	-64	14
99	-103	4101	-20	-59	6
87	-106	4106	-18	-49	5
99	-101	4119	-11	-48	5
86	-102	4112	-13	-54	6
98	-90	4116	-20	-65	7
93	-121	4097	-20	-69	1
70	-124	4048	0	-47	-5
110	-88	4012	4	0	-2
107	-109	4050	13	53	4
97	-97	4050	11	71	-4
96	-82	4043	10	121	-24
96	-56	4064	-1	159	-33
106	-67	4076	-4	170	-10
103	-102	4035	7	187	-3
107	-111	3980	21	261	20
105	-101	3985	29	342	19
78	-102	3984	25	413	-10
53	-120	3990	37	467	-44
76	-101	3947	52	549	-70
84	-83	3875	74	664	-62
85	-92	3793	100	837	-35
38	-71	3807	110	1071	-31
-5	-87	3872	101	1276	-42
-71	-108	3956	94	1416	-35
-123	-100	4005	96	1459	-15
-137	-57	4010	114	1469	35
-182	-12	3980	128	1500	82
-200	25	3938	130	1544	112
-215	21	3897	134	1616	154
-285	45	3836	151	1720	196
-367	36	3836	177	1874	233
-484	-42	3834	192	2068	239
-572	-51	3842	201	2226	226
-617	-126	3788	233	2332	205
-715	-133	3778	254	2445	142
-769	-102	3738	234	2683	68
-924	71	3518	273	2968	135
-1054	203	3086	331	3592	345
-1503	-60	3536	287	4434	240
-2062	-146	4370	240	4950	-178
-2870	192	4899	180	5327	-430
-3987	150	5615	228	5145	-381
-4712	346	6469	84	4622	-263
-4981	327	6640	138	3343	397
-4716	150	5996	169	2026	670
-4049	34	4678	110	1155	511
-3333	2	3442	72	1169	205
-2952	7	2985	24	1887	-153
-3096	129	3490	-44	2354	-318
-3153	203	4119	-65	2121	-261
-3075	347	4431	-76	1339	-42
-2898	289	4231	-81	481	241
-2616	166	3774	-90	-165	389
-2465	113	3460	-65	-684	527
-2427	-47	3256	-31	-1214	629
-2403	-73	3014	-17	-1770	586
-2243	-153	2693	-24	-2368	382
-1922	-169	2229	-108	-2750	13
-1676	49	1820	-126	-2622	-176
-1595	6	1686	-92	-2062	-196
-1660	44	1860	-117	-1508	-403
-1760	166	2231	-146	-1186	-503
-1881	335	2632	-156	-1208	-445
-2023	317	2789	-155	-1515	-304
-2182	217	2726	-194	-1914	-193
-2131	224	2456	-212	-2128	16
-1992	202	2214	-183	-2058	198
-1861	126	2140	-147	-1738	274
-1824	55	2274	-75	-1357	296
-1919	89	2571	-42	-1095	305
-1939	95	2821	-37	-912	315
-2020	59	3228	-64	-800	210
-2072	97	3539	-63	-891	161
-2053	38	3605	-49	-1079	156
-1948	13	3527	-66	-1266	115
-1789	28	3336	-72	-1291	97
-1696	26	3282	-107	-1197	21
-1723	79	3285	-76	-1075	-57
-1666	126	3290	-87	-947	-23
-1642	88	3356	-44	-800	27
-1521	106	3420	-8	-706	63
-1518	79	3559	4	-571	85
-1641	91	3708	29	-542	86
-1620	97	3739	38	-671	92
-1487	127	3635	47	-686	94
-1425	164	3604	61	-651	94
-1426	165	3629	-28	-521	81
-1471	155	3643	-13	-534	88
-1457	160	3709	-22	-508	62
-1434	161	3701	-27	-540	79
-1408	171	3593	-54	-476	94
-1393	204	3608	-66	-315	120
-1363	280	3701	-69	-193	167
-1476	254	3871	-81	-137	184
-1432	218	3891	-69	-305	224
-1360	196	3857	-76	-354	236
-1353	169	3826	-91	-362	263
-1310	137	3765	-77	-347	269
-1270	137	3754	-79	-270	244
-1278	123	3762	-61	-238	254
-1232	144	3751	-38	-177	250
-1217	154	3781	-33	-106	266
-1268	179	3827	-42	-28	294
-1287	152	3862	-35	-16	314
-1245	100	3891	-32	-65	299
-1222	10	3882	-14	-42	237
-1217	9	3868	-42	-69	182
-1225	11	3882	-32	-36	144
-1232	46	3862	-35	-40	130
-1188	78	3847	-21	-12	137
-1205	75	3879	-18	34	117
-1215	90	3890	-30	22	96
-1176	97	3877	-39	28	81
-1174	103	3903	-37	39	66
-1179	132	3895	-16	30	66
-1184	148	3887	-9	37	75
-1207	121	3879	-16	27	50
-1189	88	3893	-20	8	23
-1158	92	3883	-19	4	-6
-1153	137	3861	-14	28	-11
-1155	175	3862	-11	53	9
-428	-157	4055	17	99	-45
-440	-160	4082	12	84	-56
-447	-152	4124	7	39	-63
-438	-151	4115	4	-11	-42
-428	-140	4099	7	-48	-16
-404	-157	4084	3	-66	9
-381	-178	4081	2	-70	29
-375	-177	4069	-2	-65	37
-368	-195	4071	-5	-58	46
-349	-197	4061	-10	-57	43
-338	-198	4085	-8	-64	39
-333	-173	4086	-3	-81	28
-320	-171	4076	-3	-95	35
-335	-197	4050	8	-91	38
-334	-182	4084	6	-85	20
-353	-190	4115	0	-106	10
-367	-170	4091	3	-129	26
-311	-186	4029	16	-124	15
-295	-160	4011	15	-73	1
-289	-165	4061	5	-22	5
-318	-194	4074	4	-24	15
-335	-191	4075	0	-34	15
-307	-169	4055	4	-46	12
-290	-174	4045	27	-57	32
-260	-193	4065	38	-41	17
-249	-181	4069	36	-32	5
-241	-190	3933	22	28	-11
-180	-231	3900	49	212	-42
-246	-209	3950	57	332	-87
-191	-188	3871	22	434	-101
-160	-164	3819	1	571	-113
-159	-156	3816	-16	760	-96
-169	-105	3832	-30	934	-49
-169	-107	3896	-7	1072	-12
-219	-108	3931	0	1134	-14
-259	-149	3960	6	1212	-20
-280	-163	3951	16	1272	-8
-324	-234	3919	-2	1327	-8
-325	-256	3846	-12	1428	-54
-375	-244	3785	14	1567	-122
-451	-220	3710	46	1700	-177
-480	-203	3705	111	1974	-212
-633	-260	3875	175	2246	-199
-747	-269	3868	161	2436	-206
-1027	-161	3841	199	2658	-118
-1273	-170	3665	185	2941	76
-1269	-225	3930	26	3464	-17
-1771	-231	4265	-16	4000	-257
-2622	92	4183	66	4642	-502
-3273	45	4810	214	5490	-192
-3950	-92	6489	164	5618	-262
-4670	-65	7495	161	4290	23
-4736	-113	6961	182	2556	342
-4085	-208	5660	186	1130	647
-3406	-192	3924	142	928	419
-3137	-39	3268	134	1805	280
-3200	158	3776	110	2542	274
-3313	330	4544	114	2376	402
-3139	254	4973	183	1567	534
-2748	76	4972	200	379	547
-2458	-88	4447	202	-899	570
-2189	-234	3630	212	-1982	530
-1904	-253	2585	206	-2737	394
-1550	-239	1718	201	-3086	203
-1087	-332	1096	214	-2861	96
-903	-212	927	160	-1891	-183
-1141	-114	1371	57	-788	-445
-1558	85	2257	-9	-418	-620
-1838	146	2931	-45	-838	-585
-1988	203	3244	-68	-1663	-469
-2113	311	3044	-82	-2494	-149
-2096	173	2527	10	-2884	143
-1943	-5	1963	8	-2837	114
-1819	-34	1684	-62	-2387	8
-1838	-82	1840	-91	-1810	-30
-1955	-16	2318	-84	-1275	11
-2016	20	2796	-40	-1122	123
-2133	3	3276	-28	-1106	114
-2103	-97	3573	-54	-1272	-5
-2014	-152	3589	-66	-1439	-147
-1826	-44	3351	-59	-1496	-225
-1666	21	3167	-41	-1320	-188
-1545	-20	3053	-43	-1009	-196
-1596	-33	3193	-45	-673	-178
-1709	-57	3430	-23	-527	-137
-1688	-134	3557	37	-644	-99
-1584	-145	3552	94	-640	-108
-1555	-150	3632	105	-645	-134
-1480	-149	3652	104	-600	-205
-1466	-68	3686	104	-498	-262
-1437	44	3737	126	-441	-248
-1375	88	3746	121	-414	-210
-1310	60	3765	88	-373	-178
-1282	3	3786	50	-342	-184
-1314	-15	3766	37	-366	-163
-1311	26	3705	32	-352	-156
-1281	84	3676	43	-266	-97
-1304	70	3732	39	-136	-60
-1357	35	3773	59	-86	-19
-1392	9	3841	60	-94	1
-1376	11	3827	58	-131	15
-1313	50	3803	35	-136	29
-1304	55	3792	18	-124	25
-1275	49	3829	10	-137	49
-1271	28	3810	8	-134	88
-1229	27	3820	12	-95	100
-1237	7	3856	5	-58	114
-1223	10	3916	-1	-55	100
-1226	32	3936	-20	-66	107
-1229	14	3920	-29	-84	113
-1205	3	3851	-25	-61	107
-1197	5	3839	-22	-29	120
-1192	9	3809	-15	18	135
-1228	4	3816	-15	68	132
-1223	15	3860	-16	65	135
-1199	25	3868	-14	53	139
-1169	31	3870	-19	73	141
-1176	17	3916	-23	88	150
-1157	26	3916	-19	71	139
-1200	9	3940	-18	55	159
-1182	-12	3916	-5	39	154
-1143	6	3869	0	38	129
-1141	6	3867	4	67	89
-1124	9	3923	6	80	57
-1142	8	3933	17	66	38
-1150	10	3936	24	41	16
-1167	36	3937	24	4	2
-1167	41	3869	27	-21	-3
-1152	83	3820	27	21	-10
-1179	91	3863	25	70	-14
324	-41	4139	-48	-165	-38
261	-23	4093	-66	-215	16
268	-28	4040	-41	-211	78
270	-120	4059	-7	-165	96
208	-91	4060	-8	-127	86
224	-114	4064	-14	-68	67
237	-163	4117	-21	-44	29
251	-146	4106	-34	-49	-22
241	-118	4107	-49	-74	-37
269	-117	4074	-59	-90	-12
354	-122	4037	-44	-70	30
410	-148	4044	-3	-43	22
439	-127	4052	22	-26	-9
431	-103	4049	35	6	-16
400	-98	4060	40	44	0
389	-92	4070	63	67	10
390	-98	4033	84	80	11
372	-111	3999	98	107	26
343	-108	3978	106	170	18
303	-120	3999	114	258	10
278	-96	3996	113	331	-1
269	-51	4021	113	381	-13
277	-32	4063	103	390	-15
284	-44	4059	108	399	-15
291	-40	4042	121	434	-41
305	1	3991	127	504	-34
283	45	3990	114	605	-9
369	-86	3988	89	680	-24
323	-127	4004	56	733	-73
270	5	3927	16	841	-120
216	-28	3854	-4	1006	-167
149	-1	3809	-2	1202	-185
149	2	3784	10	1402	-164
138	-56	3852	35	1565	-168
136	-38	3946	47	1709	-181
40	-11	3992	36	1788	-161
-12	-55	3876	29	2002	-143
-125	-14	3875	25	2236	-66
-199	-65	3855	42	2379	-10
-251	-80	3873	76	2484	-23
-394	-33	3961	77	2523	-72
-547	12	4041	71	2488	-58
-556	-11	3941	72	2439	-53
-531	20	3799	85	2520	-51
-565	-35	3868	131	2767	-68
-835	62	3988	240	3054	4
-1029	46	3540	182	3409	235
-1391	-295	3703	-137	4197	-37
-2075	-452	3743	-270	4941	-780
-3028	411	4430	-170	5509	-779
-3751	309	5794	29	5141	-581
-4190	102	6244	258	4643	-146
-5010	79	6498	397	3675	302
-4861	-131	5805	258	2468	494
-4320	-182	4889	156	1538	264
-3732	-139	3836	143	1284	236
-3467	53	3346	41	1742	-136
-3361	149	3433	-42	2216	-192
-3275	248	3838	-64	2314	-106
-3140	302	4251	-35	1916	138
-2929	224	4483	-6	1297	267
-2686	136	4714	41	441	367
-2595	44	4638	127	-801	558
-2447	-27	4270	169	-2019	773
-2303	13	3603	120	-3219	859
-2074	48	2661	41	-4167	913
-1691	22	1684	-36	-4689	842
-1263	62	793	-91	-4407	796
-1159	154	311	-132	-3175	814
-1447	56	855	-228	-1509	439
-1658	80	2071	-325	-706	38
-1872	79	3083	-404	-912	-151
-2066	209	3557	-362	-1564	-180
-2199	145	3384	-283	-2396	-36
-2156	53	2726	-209	-3004	-27
-2060	-59	2010	-182	-3141	-88
-1804	-36	1516	-176	-2639	-107
-1690	50	1601	-114	-1797	-27
-1688	124	2185	-66	-902	32
-1869	100	3085	-68	-544	-73
-2082	129	3698	4	-717	-163
-2027	103	3816	23	-1134	-241
-1836	145	3661	7	-1308	-204
-1618	148	3371	-1	-1280	-220
-1514	153	3190	18	-1072	-247
-1432	196	3199	12	-768	-204
-1476	139	3367	7	-566	-145
-1525	65	3542	31	-484	-138
-1439	72	3583	60	-441	-126
-1376	27	3650	73	-394	-159
-1338	16	3624	88	-324	-200
-1322	38	3738	97	-216	-215
-1329	-2	3806	127	-209	-259
-1296	11	3810	141	-196	-289
-1158	30	3767	131	-148	-337
-1150	106	3811	96	-46	-348
-1233	115	3850	57	-15	-363
-1293	148	3872	35	-36	-383
-1260	135	3813	31	-67	-352
-1232	141	3820	21	-71	-341
-1207	158	3794	-4	-57	-308
-1234	163	3819	-13	9	-271
-1272	207	3868	-6	21	-215
-1280	216	3907	-8	-18	-148
-1290	178	3945	-22	-96	-102
-1255	123	3927	-24	-183	-58
-1181	127	3857	-27	-170	-14
-1178	133	3820	-12	-124	48
-1175	121	3830	-20	-59	69
-1180	87	3853	-21	-16	79
-1205	61	3922	-21	-26	79
-1210	29	3926	-13	-76	81
-1203	31	3915	-12	-111	87
-1164	48	3853	-5	-96	82
-1120	30	3842	5	-22	90
-1203	-4	3919	22	25	54
-1217	7	3940	2	-34	25
-1174	-22	3883	-1	-33	19
-1192	-35	3882	11	-20	-14
-1234	18	3903	5	-53	-39
-1174	81	3843	-6	-111	-25
-1115	93	3792	-14	-28	-19
-1167	75	3881	-14	51	-4
-1168	61	3941	-12	41	-4
-1136	62	3918	-9	10	-1
-1141	86	3877	5	29	9
-1184	96	3874	-15	21	19
-1102	79	3850	-12	17	24
-1106	60	3933	-18	65	13
-1144	79	3958	-7	24	18
-176	-94	4021	-30	-1030	171
-150	-104	4012	-8	-994	162
-115	-97	4022	10	-966	132
-109	-57	4072	28	-972	131
15	-66	4066	52	-956	108
16	-79	4065	70	-979	71
62	-53	4045	85	-951	55
123	-36	4053	87	-879	42
204	-12	4054	96	-847	3
309	20	3996	111	-801	7
385	56	3913	103	-671	35
456	52	3900	74	-462	29
454	56	3976	42	-333	-5
404	27	4000	21	-236	-42
357	67	3934	25	-156	-38
330	72	3949	17	-38	-50
292	28	4069	20	41	-5
218	38	4133	26	9	1
182	32	4059	32	16	-11
214	53	4044	30	60	4
218	63	3987	22	119	18
232	68	3929	2	228	5
209	-9	3944	-25	366	-46
212	38	4009	-47	488	-109
198	-20	4051	-48	525	-106
199	-91	4102	-50	550	-86
178	-61	4024	-62	565	-157
208	-30	3927	-65	698	-147
234	16	3868	-64	850	-147
230	81	3895	-75	982	-129
179	83	3925	-76	1069	-121
142	59	3935	-80	1148	-110
125	20	3951	-79	1239	-75
67	-30	3915	-70	1350	-64
8	-63	3897	-55	1490	-71
-47	-72	3906	-37	1603	-76
-96	-29	3875	-27	1738	-43
-167	24	3912	-37	1916	30
-271	59	3861	-36	2038	78
-374	106	3755	-44	2221	115
-462	32	3703	-19	2419	109
-578	43	3724	30	2549	126
-579	4	3706	91	2692	211
-602	14	3716	161	2866	293
-650	-102	3808	200	3114	357
-1086	-83	4011	249	3265	371
-1303	13	3864	231	3658	251
-1659	-56	3930	182	4382	-38
-2401	222	4148	314	5306	-221
-3531	360	5339	415	5439	-290
-4187	321	6047	454	5159	-250
-4908	251	6858	357	4355	-221
-5015	338	6548	153	3025	56
-4533	217	5609	51	1767	401
-3945	105	4209	-24	1230	274
-3566	131	3564	-116	1730	114
-3500	148	3884	-162	2320	87
-3449	210	4470	-112	2293	181
-3246	157	4909	82	1802	355
-3059	-18	5201	266	922	437
-2978	-91	5424	247	-534	497
-2774	-63	5177	186	-2180	665
-2401	-171	4236	175	-3608	673
-2067	-307	2917	153	-4617	196
-1491	-177	1674	89	-5041	-291
-1005	-195	946	90	-4730	-286
-733	-140	689	97	-3934	-435
-820	272	790	-39	-2873	-619
-1027	613	1130	-146	-2083	-494
-1331	662	1432	-200	-1485	-212
-1699	640	1958	-278	-1436	68
-1826	327	2161	-327	-1745	431
-1907	180	2105	-421	-1974	478
-1951	27	1987	-414	-2027	494
-2057	21	1956	-339	-1748	503
-2104	-16	2179	-269	-1418	497
-2061	-14	2567	-194	-1021	351
-2047	-68	2985	-133	-821	104
-1933	-19	3266	-76	-772	-56
-1947	3	3592	-1	-700	-131
-1854	-30	3724	48	-826	-197
-1769	32	3663	110	-868	-176
-1566	102	3498	123	-755	-141
-1396	122	3400	125	-423	-103
-1402	122	3487	130	-207	-100
-1339	160	3622	110	-46	-100
-1332	140	3762	132	-7	-81
-1288	38	3806	153	14	-127
-1292	-37	3875	155	58	-254
-1352	-19	3879	135	43	-330
-1337	3	3822	131	21	-385
-1312	63	3770	156	-9	-431
-1276	170	3754	151	-35	-436
-1268	222	3780	156	-36	-405
-1320	264	3812	158	-21	-330
-1333	294	3837	139	-40	-256
-1321	309	3817	116	-39	-195
-1336	328	3869	77	-36	-149
-1324	314	3911	50	-98	-94
-1327	295	3926	31	-129	-33
-1293	202	3898	9	-159	-5
-1269	177	3847	19	-223	29
-1255	144	3830	10	-185	55
-1285	156	3874	21	-161	72
-1287	103	3841	8	-230	90
-1280	53	3774	-26	-244	76
-1169	68	3748	-31	-100	117
-1251	68	3833	-44	-8	141
-1243	48	3842	-28	-21	105
-1281	113	3893	7	-27	78
-1292	107	3900	-22	-116	73
-1234	97	3848	-6	-121	61
-1249	149	3869	2	-93	62
-1232	152	3871	-6	-100	53
-1176	104	3842	0	-131	5
-1138	112	3809	5	-92	-19
-1143	128	3810	3	16	-60
-1188	142	3836	-12	41	-111
-1199	186	3823	-31	-1	-158
-1171	230	3714	-54	21	-183
-1158	278	3718	-62	110	-171
-1172	300	3793	-59	215	-146
-1197	267	3946	-47	277	-149
-1250	262	4114	-22	218	-152
-1245	227	4175	33	83	-146
-1204	165	4090	99	-29	-170
-1202	190	3967	155	-62	-213
-1182	346	3847	198	-28	-203
-1135	464	3782	218	74	-132
-1115	467	3784	227	161	-63
-101	-285	3954	68	-137	-37
-46	-205	3907	86	19	-47
-42	-191	3939	94	167	-43
-41	-207	3989	89	295	-41
-79	-216	4047	93	364	-24
-134	-244	4118	107	360	-7
-173	-218	4154	118	290	7
-187	-245	4132	122	226	27
-217	-251	4077	118	189	23
-218	-242	4058	116	212	21
-263	-216	4062	118	262	28
-300	-183	4117	119	291	26
-337	-160	4156	104	258	17
-371	-178	4088	118	202	9
-347	-178	4016	141	195	-2
-316	-169	3962	145	224	6
-323	-142	3927	143	321	24
-341	-125	4025	130	413	35
-378	-127	4062	123	413	36
-391	-120	4069	118	411	34
-362	-143	4041	96	458	33
-358	-157	4092	92	500	14
-377	-139	4081	98	446	14
-352	-100	4004	97	417	1
-344	-90	3978	115	471	-14
-365	-93	3995	124	514	-14
-387	-114	3957	129	563	-8
-418	-101	3943	140	637	4
-483	-99	3947	135	704	24
-527	-84	3930	119	766	41
-541	-53	3940	92	820	99
-578	-51	3962	52	856	136
-608	-35	3961	20	884	127
-682	-50	3922	32	936	116
-714	-57	3834	63	1055	107
-728	-56	3784	72	1220	110
-757	-95	3764	103	1378	109
-720	-93	3742	138	1523	96
-761	-86	3722	192	1630	106
-822	-110	3713	214	1723	127
-811	-127	3631	260	1916	166
-859	-155	3607	316	2196	198
-942	-157	3546	391	2506	189
-1093	-167	3618	476	2698	196
-1159	-44	3346	550	2978	138
-1440	-232	3253	678	3290	203
-1396	-138	3376	511	3814	-87
-1837	678	4100	274	4289	-220
-2493	842	4833	198	4539	72
-3438	62	5390	103	4318	2
-4408	-15	5657	197	3819	-156
-4880	62	5798	392	3389	-240
-4979	555	5525	401	2619	-99
-4519	509	4371	199	2250	-70
-4198	338	3722	163	2313	-105
-4021	371	3495	168	2410	-79
-3911	315	3586	71	2622	18
-3771	322	4066	-39	2580	51
-3620	217	4516	-53	2095	97
-3463	200	4706	2	1237	323
-3213	102	4674	81	253	465
-2845	154	4404	60	-746	582
-2555	58	4112	135	-1611	709
-2496	-44	3807	219	-2483	863
-2422	-14	3386	156	-3482	910
-2224	7	2737	70	-4515	778
-1844	65	1867	-15	-4989	544
-1564	173	1157	-151	-4583	323
-1354	226	771	-323	-3535	167
-1269	309	857	-464	-2378	-41
-1437	261	1416	-415	-1422	-133
-1728	345	2061	-292	-1191	-204
-2004	365	2532	-224	-1499	-114
-2186	221	2651	-237	-2001	-64
-2307	90	2505	-244	-2431	-95
-2111	86	2050	-272	-2651	-143
-1899	22	1777	-235	-2271	-202
-1830	15	1853	-155	-1659	-267
-1781	196	2264	-80	-1041	-354
-1976	342	2965	41	-634	-184
-2072	344	3533	86	-717	-28
-2100	345	3836	73	-1022	-4
-1903	281	3758	53	-1323	-15
-1709	172	3603	-26	-1395	-152
-1541	103	3536	-90	-1377	-324
-1463	119	3455	-98	-1256	-389
-1408	103	3448	-76	-1067	-390
-1331	151	3458	-38	-890	-382
-1307	187	3496	16	-713	-318
-1363	197	3528	41	-542	-276
-1322	137	3580	56	-407	-292
-1336	104	3675	73	-335	-302
-1349	205	3740	91	-343	-281
-1427	183	3792	84	-369	-256
-1366	208	3780	81	-369	-276
-1351	244	3763	56	-364	-307
-1293	267	3722	22	-319	-312
-1264	250	3727	-18	-231	-285
-1216	318	3762	-30	-140	-226
-1259	308	3885	-64	-109	-180
-1283	316	3923	-57	-173	-121
-1276	263	3882	-51	-190	-89
-1279	228	3810	-41	-208	-86
-1240	204	3754	-45	-159	-72
-1257	137	3769	-46	-58	-76
-1250	134	3809	-42	-17	-102
-1242	153	3870	-37	10	-93
-1231	153	3870	-10	10	-79
-1205	138	3851	9	36	-74
-1198	96	3903	19	55	-62
-1161	118	3922	10	51	-64
-1169	92	3948	14	19	-56
-1180	88	3904	19	-16	-89
-1152	74	3856	30	-2	-117
-1148	46	3863	31	33	-140
-1163	70	3872	28	66	-135
-1148	97	3876	23	108	-134
-1166	104	3925	28	127	-134
-1170	114	3967	28	86	-132
-1120	138	3960	26	40	-138
-1106	140	3936	28	28	-122
-1110	145	3943	25	10	-122
-1114	196	3865	18	17	-99
-1145	174	3845	13	80	-63
-1139	197	3870	7	128	-61
-1137	166	3915	-1	107	-41
-1137	113	3956	10	69	-57
-1141	99	3925	13	40	-82
-1154	136	3910	8	39	-89
-1155	139	3920	0	27	-93
124	-58	4113	-2	40	-5
141	-56	4119	4	27	-2
133	-45	4113	14	8	4
126	-38	4126	17	-6	4
127	-35	4130	22	-17	2
140	-52	4108	14	-22	-6
143	-32	4098	11	-11	-7
127	-51	4092	9	-2	-8
139	-25	4087	6	9	-8
141	-25	4087	-1	12	-16
140	-35	4060	6	51	-5
144	-51	4055	11	112	-8
125	-38	4080	12	134	-2
112	-41	4116	5	116	2
119	-44	4133	7	80	-2
114	-44	4124	11	44	-3
132	-42	4086	13	44	8
163	-19	4065	13	54	19
151	-18	4032	9	87	27
159	-27	4000	8	157	22
159	-39	3961	-10	275	4
137	-63	3955	-17	395	-32
121	-79	3989	-17	509	-56
109	-53	4029	-23	578	-69
98	-21	4032	-13	610	-51
88	-27	4043	13	630	-28
77	-20	3995	21	648	-27
60	-21	3982	24	696	-17
19	-23	3964	23	771	-21
-22	-53	4020	22	826	-28
-42	-91	3997	33	859	-47
-58	-82	3956	36	921	-64
-66	-59	3897	41	1025	-78
-90	-44	3814	32	1198	-76
-212	-19	3781	37	1434	-126
-256	28	3805	38	1666	-151
-328	30	3918	35	1774	-120
-392	33	3947	41	1820	-30
-370	50	3947	11	1874	55
-328	81	3806	-18	1953	130
-362	74	3686	-21	2115	167
-417	-53	3649	28	2422	108
-571	-111	3597	93	2848	32
-816	-265	3546	171	3291	7
-1045	-341	3486	176	3698	172
-1139	-504	3572	-15	4084	-11
-1646	-368	3792	-139	4349	-284
-2039	22	3953	-163	4687	-448
-2691	305	4670	-94	5077	-343
-3753	497	5080	8	5155	-264
-4832	121	5789	80	4771	-139
-5179	-72	6337	91	3638	245
-4931	-110	5710	57	2593	452
-4304	34	4597	-40	2053	425
-3790	129	3788	-111	1884	381
-3432	60	3331	-130	2139	212
-3277	10	3522	-135	2469	115
-3399	64	4054	-192	2418	81
-3438	116	4446	-212	1894	159
-3224	-22	4543	-193	1146	284
-2982	-118	4488	-154	225	261
-2647	-92	4076	-72	-724	289
-2453	-56	3505	44	-1504	473
-2373	-83	3107	96	-2118	639
-2282	15	2803	89	-2600	680
-2207	193	2475	38	-3040	713
-2007	252	2027	-16	-3516	703
-1612	171	1540	-57	-3595	563
-1388	164	1270	-93	-3083	366
-1479	142	1302	-178	-2191	268
-1675	87	1683	-268	-1498	169
-1827	51	2119	-270	-1230	107
-1995	150	2397	-215	-1371	100
-2132	118	2440	-134	-1632	74
-2277	51	2411	-113	-1929	37
-2236	-57	2215	-71	-2006	0
-2182	-43	2131	-55	-1821	-90
-2067	-31	2145	-33	-1440	-114
-2027	65	2433	39	-971	-84
-2108	123	2940	88	-631	-128
-2148	177	3457	136	-597	-157
-2148	230	3803	156	-759	-162
-2034	317	3843	120	-998	-83
-1920	304	3776	24	-1127	-48
-1793	228	3615	-32	-1149	-36
-1666	147	3450	-60	-1079	-49
-1548	71	3302	-15	-946	-37
-1474	73	3274	-2	-709	4
-1487	42	3373	32	-532	76
-1480	54	3507	46	-450	84
-1518	22	3668	58	-460	52
-1557	-17	3786	56	-545	-21
-1517	-30	3793	76	-645	-90
-1463	-26	3773	124	-676	-156
-1389	-1	3700	137	-645	-209
-1344	25	3711	139	-588	-269
-1363	53	3662	145	-562	-331
-1384	102	3642	129	-546	-378
-1381	170	3622	90	-479	-392
-1413	176	3680	53	-384	-345
-1462	204	3749	31	-357	-299
-1416	204	3754	16	-338	-246
-1422	210	3761	20	-325	-213
-1365	168	3751	21	-322	-174
-1407	153	3761	9	-286	-150
-1374	132	3807	8	-283	-135
-1364	127	3825	12	-303	-101
-1351	148	3824	17	-292	-57
-1332	169	3797	16	-268	-24
-1303	157	3777	22	-235	-1
-1279	181	3785	20	-199	46
-1269	194	3774	31	-169	92
-1274	168	3789	27	-111	106
-1249	183	3792	24	-74	140
-1226	148	3805	21	-31	145
-1245	124	3837	9	15	121
-1253	82	3870	12	25	89
-1261	58	3934	23	0	51
-1249	-31	3947	29	-49	-29
-1203	-84	3919	23	-133	-100
-1178	27	3879	26	-98	-110
-1196	142	3859	5	-106	-43
-1148	170	3837	0	-67	-59
-1142	240	3829	13	5	-53
-1169	251	3867	14	34	28
-1183	139	3914	9	28	29
-1182	131	3972	29	-30	9
-1167	157	3935	36	-51	-16
-1165	157	3913	20	-47	-45
-1164	141	3854	23	-17	-66
-101	-16	4077	-16	417	-9
-111	-25	4078	-20	444	-10
-134	-47	4102	-15	448	-6
-169	-47	4135	-6	424	-6
-196	-59	4132	0	371	3
-205	-79	4105	19	326	3
-221	-74	4091	41	306	-26
-247	-40	4100	48	306	-37
-263	-14	4100	60	317	-28
-274	13	4068	63	313	-30
-305	28	4068	71	329	-19
-326	70	4107	57	340	10
-373	87	4074	33	316	35
-366	60	4050	19	331	44
-341	32	4009	6	373	32
-350	28	4046	-7	412	30
-369	-14	4102	-12	399	19
-355	-27	4101	-11	342	-6
-345	-18	4118	-3	295	-6
-318	18	4059	1	269	22
-298	40	4016	-5	297	43
-279	33	3967	-11	374	37
-318	26	3949	-4	451	20
-351	9	3938	-1	534	4
-385	-1	3968	-15	638	-14
-469	-36	4009	-33	684	-13
-518	-36	4033	-40	698	-15
-527	12	4064	-35	681	-3
-551	-8	4119	-24	627	17
-602	-5	4062	-4	596	-27
-610	-14	4000	13	622	-43
-642	-12	3924	-4	703	-65
-653	16	3862	-19	806	-72
-678	58	3827	-30	949	-61
-734	73	3797	-25	1066	-37
-735	72	3765	-11	1208	12
-750	52	3838	8	1345	75
-744	15	3872	30	1420	126
-727	-51	3846	60	1479	154
-699	-98	3772	85	1623	173
-760	-221	3731	125	1815	87
-754	-236	3677	183	2087	-22
-857	-233	3766	270	2381	-95
-1065	-131	3885	279	2391	-212
-1144	-31	3571	312	2600	-120
-1338	-122	3556	231	2989	-153
-1680	26	3442	173	3391	-280
-2027	263	3757	139	3776	-360
-2565	570	4160	131	4006	-236
-3452	395	4288	334	4566	-89
-4234	-74	5301	456	4839	-92
-4238	-159	5549	337	4016	-231
-4092	-5	5093	183	3273	-132
-3990	131	4560	111	2837	19
-4030	278	4065	60	2595	25
-4135	427	3581	76	2517	61
-4079	421	3361	113	2609	208
-4057	347	3487	29	2733	320
-3964	418	3777	-83	2606	335
-3808	281	4013	-59	2311	455
-3588	318	4214	-10	1863	536
-3524	169	4504	14	1146	663
-3311	115	4471	3	165	746
-2937	-71	4236	70	-811	803
-2640	-120	3910	104	-1843	766
-2500	112	3448	122	-2888	872
-2316	171	2765	34	-3687	983
-2122	100	2030	-87	-4145	673
-1637	152	1254	-200	-4103	237
-1378	176	928	-298	-3312	36
-1564	257	1255	-459	-2296	-136
-1743	274	1755	-562	-1937	-126
-1844	283	2118	-573	-2041	-202
-1923	299	2227	-494	-2349	-85
-2016	337	2114	-350	-2733	123
-2167	335	1828	-233	-2925	345
-2207	229	1475	-243	-2838	387
-2149	204	1229	-258	-2381	343
-2226	174	1394	-261	-1684	236
-2361	99	1935	-274	-1133	34
-2594	182	2601	-296	-912	-107
-2690	176	3014	-208	-944	-185
-2648	198	3126	-108	-1045	-229
-2406	187	3152	-20	-1026	-176
-2119	233	3187	37	-927	-104
-1895	255	3346	56	-726	-65
-1815	260	3615	26	-603	-102
-1858	274	3805	-12	-603	-153
-1878	253	3777	-38	-746	-204
-1787	290	3543	-55	-835	-225
-1649	273	3228	-65	-746	-218
-1539	241	3095	-71	-418	-209
-1569	218	3203	-21	-137	-181
-1648	254	3433	-26	50	-173
-1753	278	3724	-25	15	-178
-1750	311	3838	-41	-122	-166
-1736	294	3905	-32	-242	-115
-1697	220	3892	-29	-353	-100
-1638	185	3784	-26	-358	-88
-1590	157	3744	-22	-300	-120
-1563	169	3746	-22	-277	-141
-1552	180	3709	-15	-295	-162
-1514	199	3643	-23	-294	-147
-1536	202	3631	-22	-226	-129
-1507	225	3739	-21	-163	-113
-1491	270	3804	-28	-168	-33
-1498	226	3837	-32	-229	17
-1511	175	3786	-32	-259	22
-1485	138	3717	-38	-229	21
-1475	122	3737	-41	-163	2
-1472	116	3735	-23	-132	-25
-1456	119	3737	-30	-75	-45
-1470	91	3768	-35	-48	-76
-1494	64	3840	-31	-69	-126
-1520	35	3869	-13	-161	-165
-1472	73	3764	8	-216	-169
-1476	110	3725	0	-154	-154
-1444	140	3745	3	-83	-138
-1419	179	3778	-10	-34	-134
-1421	166	3821	-24	-8	-142
-1422	136	3798	-36	-26	-161
-1422	109	3773	-34	-17	-171
-1391	103	3801	-28	-13	-190
-1369	89	3814	-27	-8	-199
-1392	69	3832	-20	22	-229
-1424	44	3901	-13	-16	-286
-1437	17	3875	-7	-78	-342
-1417	29	3852	14	-106	-377
-1434	36	3797	23	-119	-390
-1415	45	3753	26	-117	-401
-670	-54	4049	49	192	-46
-724	-79	4048	42	154	-86
-762	-97	4081	46	104	-102
-777	-56	4060	51	65	-91
-761	-62	4013	58	55	-80
-752	-47	3976	54	64	-87
-748	-46	3965	51	78	-90
-767	-33	4013	37	53	-85
-765	-29	4025	22	5	-66
-721	-19	4027	11	-22	-44
-686	-33	4024	9	-19	-28
-655	-24	4033	10	-6	-16
-633	-18	4060	15	-6	-18
-615	-21	4076	18	-39	-16
-599	-17	4085	21	-81	3
-569	-11	4027	22	-81	15
-540	10	4002	13	-53	41
-524	-4	4012	4	-8	52
-529	-13	4071	1	-11	72
-544	-32	4087	10	-34	78
-554	-51	4072	24	-44	-4
-520	-57	4013	43	-31	39
-531	-69	3978	51	49	37
-523	-32	3967	51	142	59
-537	-5	3981	40	199	40
-541	-9	4015	25	200	-1
-509	-41	4019	10	184	-62
-494	-101	3993	6	200	-112
-462	-57	3887	-18	349	-142
-484	-28	3899	-46	543	-110
-514	-50	3870	-11	651	-101
-529	-60	3855	19	746	-92
-528	-33	3854	50	811	-59
-532	-22	3904	52	900	-3
-522	-47	3948	50	970	35
-550	-66	3939	81	1002	60
-565	-67	3821	119	1080	70
-607	0	3743	136	1254	73
-601	-22	3679	171	1492	77
-615	39	3626	246	1782	154
-680	92	3665	328	2094	247
-822	31	3749	388	2353	323
-1034	12	3772	462	2565	357
-1149	-118	3569	484	2803	266
-1377	-219	3521	440	3328	25
-1719	-81	3712	450	3701	-229
-2211	317	4131	363	3899	-395
-2461	559	4112	334	3906	-280
-2988	647	4260	354	4048	-50
-3930	145	4649	413	4603	-64
-4370	-96	5737	347	4198	-262
-4218	32	5654	257	3057	-233
-3953	174	4791	164	2209	-256
-3683	203	3854	143	1948	-376
-3640	303	3322	165	2148	-453
-3844	378	3286	136	2478	-374
-3974	359	3503	61	2660	-337
-4011	382	3796	-23	2580	-296
-3771	229	3999	-11	2270	-215
-3557	290	4142	14	1884	79
-3450	387	4313	-13	1314	334
-3346	317	4392	-7	640	514
-3153	79	4493	47	-326	639
-2935	0	4356	103	-1502	620
-2840	-3	3959	86	-2744	724
-2480	122	3088	23	-3855	763
-2104	110	2081	-73	-4671	569
-1663	-3	1092	-122	-4985	330
-1335	-120	217	-140	-4423	237
-1143	-54	-225	-210	-2840	76
-1245	96	407	-376	-1048	-161
-1597	264	1564	-445	-148	-529
-1982	525	2596	-451	-351	-522
-2445	694	3149	-438	-1044	-139
-2682	467	3185	-417	-2081	301
-2602	352	2532	-391	-2730	538
-2345	249	1876	-356	-2772	722
-2146	195	1488	-377	-2316	797
-1980	90	1613	-314	-1418	647
-2072	111	2284	-201	-638	576
-2283	209	3121	-144	-395	559
-2378	210	3728	-144	-652	578
-2246	139	3862	-119	-939	458
-2129	164	3745	-149	-1205	309
-1986	105	3491	-148	-1336	221
-1743	142	3212	-125	-1251	177
-1722	151	3206	-97	-969	166
-1715	228	3270	-101	-749	166
-1738	178	3478	-97	-623	138
-1664	191	3575	-51	-631	20
-1671	194	3517	24	-617	-9
-1668	248	3482	76	-517	-32
-1681	369	3473	140	-487	-18
-1605	352	3485	138	-418	-24
-1515	332	3538	98	-314	-109
-1461	350	3594	56	-227	-163
-1499	361	3711	1	-220	-207
-1521	300	3777	-36	-287	-279
-1529	249	3842	-55	-355	-354
-1513	277	3796	-74	-400	-407
-1518	280	3775	-84	-387	-407
-1496	241	3774	-118	-356	-474
-1540	284	3807	-145	-344	-519
-1576	271	3802	-121	-360	-498
-1569	256	3783	-104	-425	-468
-1536	250	3694	-55	-397	-395
-1476	165	3634	-15	-322	-324
-1488	164	3651	6	-246	-267
-1497	142	3729	0	-214	-241
-1459	112	3786	5	-222	-239
-1422	96	3759	5	-214	-267
-1397	93	3783	14	-208	-278
-1404	51	3797	16	-213	-303
-1381	50	3774	4	-211	-313
-1359	89	3728	-6	-149	-288
-1352	82	3752	-10	-60	-259
-1330	98	3799	-9	-5	-239
-1350	63	3843	-5	12	-238
-1332	-50	3850	8	12	-290
-1367	-48	3896	-8	-35	-360
-1277	-66	3890	-23	-93	-383
-1275	-60	3916	-8	-70	-408
-1328	13	3923	-5	-111	-402
-1303	78	3895	-6	-157	-380
-1239	101	3827	-2	-172	-333
-1215	82	3779	10	-114	-292
-1251	64	3850	5	-72	-257
-1297	53	3905	-5	-80	-240
-1284	34	3874	-26	-123	-237
-1202	5	3782	-10	-59	-247
28	-75	4129	-16	-7	-27
11	-86	4146	-22	-46	-34
18	-105	4135	-31	-78	-28
26	-97	4098	-30	-90	-24
39	-108	4071	-27	-80	-16
44	-84	4071	-18	-56	-15
39	-84	4096	-12	-52	-13
45	-70	4108	-9	-68	-6
71	-60	4109	-10	-97	9
106	-42	4075	-6	-82	11
119	-55	4059	-12	-27	13
105	-57	4086	-7	31	-1
81	-76	4101	-4	47	-8
51	-66	4137	-2	16	-18
51	-56	4115	-7	-21	-9
58	-71	4108	-13	-55	1
59	-54	4075	-19	-50	-4
60	-81	4067	-16	-29	1
67	-71	4058	-13	4	15
56	-73	4063	-11	34	26
74	-63	4061	-12	51	29
85	-62	4055	-15	75	3
96	-66	4028	-22	103	-16
105	-86	4010	-37	156	-33
122	-117	4032	-40	234	-62
119	-135	4061	-27	300	-114
148	-119	3946	-29	371	-142
165	-117	3922	-11	563	-184
146	-80	3847	-36	681	-167
109	-77	3879	-16	841	-167
58	-50	3883	-33	959	-137
49	-22	3928	-42	1087	-100
10	-36	3989	-38	1161	-51
-33	-87	3950	-27	1229	-24
-73	-97	3850	-51	1355	9
-137	-132	3795	-48	1527	25
-207	-116	3834	-19	1657	22
-280	-140	3870	9	1756	29
-349	-151	3891	25	1879	-8
-453	-113	3814	-6	2005	2
-543	-123	3755	-18	2184	47
-606	-109	3676	-34	2408	75
-703	-85	3613	-68	2627	130
-676	-105	3499	-54	2832	242
-819	171	3446	-27	3016	631
-902	185	3211	-86	3522	853
-1139	-81	3175	136	4300	993
-1636	-86	4035	328	4668	1004
-2038	-435	4701	163	4484	796
-2312	-476	4606	-148	4268	358
-3364	307	5623	-523	3601	-1156
-4205	-166	5439	-18	3813	95
-4711	-326	5795	218	3250	179
-4341	-7	5205	240	2317	-3
-4005	174	3972	109	2196	-242
-3737	250	3354	64	2484	-209
-3659	305	3261	98	2790	-15
-3646	227	3525	79	3026	19
-3723	88	3970	-42	3098	-26
-3870	379	4698	25	2678	506
-3711	-11	4897	38	1828	99
-3472	137	4779	124	880	189
-3060	67	4527	270	-123	351
-2796	-29	4042	406	-1041	458
-2535	-28	3487	500	-1661	534
-2243	58	3317	609	-2068	514
-2141	99	3196	659	-2596	597
-2099	122	2922	656	-3236	669
-2048	137	2275	524	-3758	737
-1852	109	1609	371	-3919	513
-1544	107	1074	275	-3746	232
-1332	153	767	292	-3224	160
-1242	50	723	227	-2231	202
-1499	-254	1102	138	-1141	-112
-1860	-116	1854	163	-496	-634
-2241	-7	2704	245	-349	-846
-2511	136	3302	384	-593	-931
-2576	208	3610	450	-1035	-919
-2504	204	3449	480	-1559	-859
-2364	212	3133	450	-1841	-883
-2263	283	2867	421	-1848	-878
-2110	330	2761	366	-1721	-802
-1927	295	2811	280	-1432	-774
-1906	309	3090	207	-1202	-680
-1860	262	3331	138	-1108	-579
-1805	347	3396	90	-1111	-402
-1692	339	3342	57	-1052	-244
-1623	304	3322	16	-896	-192
-1589	284	3311	13	-777	-155
-1680	234	3435	1	-698	-140
-1675	212	3481	-15	-720	-121
-1668	124	3552	-34	-796	-152
-1582	44	3593	-35	-860	-228
-1618	34	3655	-59	-936	-341
-1517	100	3602	-64	-1020	-375
-1395	188	3547	-52	-972	-341
-1346	228	3568	-68	-797	-287
-1347	245	3611	-73	-690	-249
-1354	260	3675	-62	-551	-200
-1375	228	3794	-83	-497	-150
-1328	193	3822	-89	-533	-96
-1335	204	3781	-111	-551	-81
-1372	106	3685	-130	-571	-75
-1292	52	3515	-140	-439	-119
-1234	57	3442	-136	-205	-135
-1269	59	3573	-116	34	-115
-1320	47	3735	-91	112	-112
-1361	86	3867	-67	98	-90
-1394	134	3946	-61	31	-22
-1350	117	3950	-50	-48	29
-1271	94	3899	-56	-102	16
-1281	8	3831	-44	-97	-27
-1243	-9	3816	-16	-63	-83
-1279	-46	3831	7	12	-145
-1312	27	3847	30	-13	-144
-1271	95	3805	39	45	-132
-1274	140	3796	48	90	-95
-1301	165	3837	36	86	-75
-1236	186	3846	27	60	-37
-1190	234	3857	22	90	9
-1241	199	3910	-1	109	59
-1250	175	3925	-25	101	66
-1261	103	3892	-29	97	72
-1237	61	3913	-21	78	60
-1197	56	3878	-5	53	64
-1193	90	3863	-5	65	59
-1219	124	3870	-12	73	78
-1246	129	3868	-13	73	84
-1273	128	3831	-10	86	94
-1265	142	3832	-12	93	119
-692	1	4006	-5	-33	-17
-687	-3	4015	-6	-22	-18
-674	-3	4038	-10	-19	-16
-681	-2	4015	-10	-17	-4
-664	-2	4004	-11	-2	1
-659	-1	4014	-10	14	-2
-655	-11	4033	-9	18	-1
-656	-26	4040	-3	8	-10
-636	-2	4012	4	18	-22
-642	-5	4010	1	39	-17
-656	-3	4039	-3	60	-15
-689	-11	4039	-6	55	-2
-707	-13	4050	-2	40	4
-712	-24	4045	-6	17	5
-745	-16	4057	-4	-23	-2
-747	-25	4042	-6	-56	-7
-736	-11	4014	-2	-64	-4
-710	3	3991	5	-56	4
-701	-21	3956	18	-21	20
-699	-22	3975	20	59	9
-679	-36	4022	21	62	14
-642	-27	4018	25	54	16
-654	-7	4040	27	32	4
-653	3	4038	26	-16	27
-632	7	3989	23	-20	54
-639	14	3960	19	28	62
-640	15	3989	2	127	73
-624	48	4066	-47	210	26
-631	-99	4046	15	158	-40
-585	-36	3733	27	177	-40
-525	-3	3671	51	442	-7
-523	77	3730	83	619	24
-537	52	3724	95	823	74
-560	-4	3845	96	998	89
-549	-58	3914	113	1097	56
-597	-34	3903	120	1079	19
-544	8	3742	123	1174	-11
-583	-27	3712	173	1392	31
-660	-50	3714	179	1636	70
-691	-39	3724	191	1897	82
-850	-66	3796	243	2009	54
-869	52	3785	343	2129	16
-911	92	3694	429	2313	10
-1032	359	3876	495	2401	87
-1095	311	3755	420	2550	31
-1301	87	3524	277	3023	-159
-1773	17	3632	130	3577	-430
-2416	-199	3908	23	3936	-765
-3025	196	4402	68	4041	-916
-3491	242	4756	256	4029	-707
-4040	12	5315	434	3954	-691
-3874	66	5020	424	3242	-710
-3811	144	4294	265	2837	-693
-3758	208	4161	103	2439	-636
-3678	328	3766	45	2204	-491
-3884	281	3575	93	2148	-428
-3975	184	3606	113	2114	-386
-3889	145	3366	64	2091	-359
-3593	159	2620	-55	2503	-300
-3589	83	2933	-49	2861	-238
-3613	99	3401	-49	2528	-139
-3472	31	3428	-75	1954	-68
-3228	15	3419	-132	1488	-60
-3104	79	3382	-179	948	-113
-3107	242	3358	-156	146	294
-3046	-22	3271	-200	-765	408
-2938	43	3128	-253	-1643	464
-2818	49	2743	-258	-2300	603
-2685	154	2284	-298	-2711	718
-2542	53	1807	-378	-2924	682
-2300	28	1546	-447	-2869	498
-2130	98	1577	-441	-2468	580
-2285	-30	2020	-445	-2101	753
-2315	5	2374	-473	-1983	508
-2358	173	2711	-418	-2068	486
-2450	208	2818	-358	-2425	604
-2411	90	2602	-347	-2868	576
-2341	90	2178	-386	-3135	469
-2105	9	1793	-365	-2928	398
-1987	-83	1581	-285	-2485	347
-2056	-168	1610	-187	-1785	312
-2119	-143	2040	-130	-1145	296
-2238	-35	2665	-66	-819	298
-2333	91	3091	1	-978	305
-2366	140	3166	11	-1216	261
-2333	42	3036	14	-1359	169
-2181	-10	2901	36	-1352	61
-2007	13	2844	26	-1184	-44
-1980	54	2987	37	-884	-58
-1995	124	3171	52	-687	-51
-1989	182	3364	49	-593	-17
-1947	206	3517	31	-567	16
-1916	180	3629	25	-620	8
-1870	147	3663	2	-699	-36
-1766	105	3635	3	-743	-73
-1673	107	3551	17	-694	-74
-1610	103	3550	29	-600	-71
-1602	92	3575	48	-522	-84
-1660	75	3594	69	-458	-135
-1655	67	3606	75	-432	-214
-1587	85	3585	93	-404	-287
-1610	161	3670	84	-355	-318
-1648	209	3713	61	-371	-320
-1610	232	3689	42	-396	-320
-1580	237	3632	21	-354	-313
-1602	224	3648	25	-292	-319
-1599	180	3692	7	-267	-333
-1587	175	3684	-3	-252	-311
-1560	186	3690	-27	-231	-287
-1589	169	3705	-48	-221	-276
-1591	114	3741	-57	-247	-300
-1566	110	3695	-63	-237	-295
-1548	116	3731	-68	-179	-268
-1577	88	3793	-43	-178	-242
-1577	94	3796	-36	-228	-215
-1525	96	3759	-28	-248	-211
-1522	75	3774	-26	-238	-221
-1524	73	3789	-29	-273	-209
-1507	56	3725	-30	-278	-185
-1478	17	3672	-22	-220	-163
-1454	6	3716	-32	-124	-189
-1485	-18	3794	-38	-99	-214
-1524	-27	3851	-38	-145	-250
-1516	-32	3850	-32	-217	-266
-1490	-57	3767	-22	-276	-278
-1450	-88	3711	-14	-214	-312
-1440	-39	3737	-3	-157	-342
-1461	8	3805	-15	-149	-351
-1433	-16	3791	0	-147	-372
-1417	-2	3777	-18	-170	-380
-678	-175	4017	6	-75	-10
-680	-190	4020	12	-60	-30
-659	-171	4024	20	-60	-33
-640	-187	4027	21	-61	-21
-642	-157	4051	18	-58	-9
-633	-159	4046	12	-74	7
-637	-171	4037	22	-79	8
-618	-180	4041	23	-93	-4
-613	-185	4035	28	-95	-15
-587	-162	4015	26	-90	-8
-582	-150	4052	18	-89	11
-578	-146	4038	7	-73	21
-580	-136	4039	2	-51	23
-590	-155	4029	0	-39	12
-594	-169	4035	6	-30	0
-599	-176	4021	14	-34	-6
-579	-169	4005	11	-46	-14
-578	-158	3983	10	-39	-11
-598	-163	3969	9	-11	-6
-599	-196	4001	-3	38	-37
-581	-186	4068	-15	64	-61
-572	-223	4036	-4	83	-91
-555	-181	4005	5	134	-99
-523	-133	4000	-2	193	-85
-510	-107	3994	-14	212	-91
-492	-126	3945	-26	226	-105
-529	-132	3890	-25	267	-107
-532	-167	3886	-33	366	-113
-560	-171	3919	-36	461	-101
-588	-171	3946	-27	540	-77
-597	-172	3936	-24	602	-56
-600	-190	3888	-24	684	-49
-601	-178	3853	-53	763	-75
-668	-166	3790	-38	831	-83
-649	-166	3761	-16	977	-18
-670	-152	3712	-37	1181	41
-722	-192	3561	-61	1474	132
-764	-239	3528	-21	1841	160
-812	-199	3757	15	2120	151
-919	-168	4029	21	2092	106
-964	-202	4017	48	1886	73
-979	-125	3629	110	1890	134
-1047	-331	3450	156	2155	200
-1097	-549	3405	146	2389	-182
-1235	-363	3058	229	3027	276
-1583	-188	3360	139	3512	98
-1929	259	3770	156	3852	280
-2251	353	4449	-6	3758	520
-2720	-103	4641	-137	3504	469
-3333	-496	5097	-5	3553	368
-3908	-313	5380	35	3180	183
-4486	-65	5266	49	2948	305
-4467	71	4871	0	2606	308
-4170	100	4177	12	2400	273
-3936	65	3628	105	2289	279
-3671	15	3193	163	2342	169
-3398	-4	3012	176	2554	66
-3300	-44	3040	220	2731	-34
-3326	-16	3244	216	2601	-11
-3380	-18	3462	202	2165	19
-3496	573	3712	259	1619	316
-3347	-129	3686	114	942	373
-3405	126	3567	-9	325	175
-3430	206	3503	-27	-62	335
-3322	39	3650	-15	-410	368
-3210	-42	3833	57	-994	394
-3030	-85	3775	88	-1852	463
-2731	-163	3377	191	-2591	532
-2470	-24	2747	189	-3259	513
-2093	79	1977	90	-3686	492
-1740	130	1341	9	-3704	387
-1575	194	931	-54	-3391	317
-1481	133	731	-115	-2751	279
-1602	142	790	-86	-2005	197
-1797	166	1096	-72	-1299	192
-2039	85	1684	-62	-841	305
-2362	23	2379	28	-721	324
-2636	-72	2864	82	-978	327
-2654	-169	3180	98	-1344	138
-2629	-137	3284	101	-1698	-23
-2540	-17	3105	88	-1931	-140
-2337	95	2804	92	-1968	-182
-2098	220	2705	79	-1668	-259
-2017	373	2860	95	-1283	-181
-1972	379	3108	100	-995	-63
-1982	368	3332	81	-893	49
-1943	395	3408	29	-913	136
-1902	383	3432	-17	-928	290
-1930	258	3410	-40	-966	358
-1884	165	3367	-23	-978	310
-1804	100	3350	-12	-918	242
-1764	58	3362	-15	-848	139
-1754	93	3428	18	-802	40
-1671	213	3380	67	-791	59
-1655	306	3450	78	-709	84
-1582	295	3526	55	-646	43
-1610	324	3655	41	-633	26
-1637	310	3749	11	-658	21
-1637	307	3765	13	-701	36
-1590	305	3747	0	-733	34
-1496	240	3639	14	-749	27
-1442	205	3552	24	-688	-26
-1393	192	3548	25	-552	-103
-1424	234	3603	30	-431	-123
-1470	287	3713	9	-382	-120
-1428	340	3735	33	-407	-85
-1411	347	3698	33	-381	-37
-1400	322	3688	34	-295	4
-1411	304	3712	38	-204	29
-1448	314	3763	33	-161	38
-1427	277	3745	46	-173	27
-1381	316	3719	60	-140	0
-1394	347	3749	61	-93	30
-1438	353	3747	53	-83	52
-1461	332	3713	41	-46	71
-1454	379	3715	31	7	97
-1549	461	3811	54	-4	134
-1492	417	3799	53	-53	160
-1466	369	3794	70	-12	154
-1451	352	3820	39	-43	131
-1394	310	3771	32	-55	141
-1400	306	3746	39	-6	154
-1404	374	3717	50	54	200
-1407	389	3744	75	100	249
-1432	416	3780	84	123	271
-1444	427	3837	71	87	274
-1416	418	3818	62	45	259
-1350	391	3807	53	40	217
-1340	342	3782	55	49	179
-1321	361	3843	45	74	140
-660	-33	4041	-15	8	0
-659	-37	4039	-17	8	-2
-679	-63	4000	-16	15	-4
-707	-62	4003	-8	58	-9
-713	-53	4031	-9	55	-9
-707	-49	4024	-13	39	-9
-725	-53	4040	-13	8	-20
-764	-54	4022	-12	-10	-26
-771	-60	4019	-12	-21	-19
-765	-54	4011	-7	-18	-13
-759	-65	4011	-2	-21	-14
-739	-58	4025	0	-20	-15
-717	-47	4025	1	-23	-16
-707	-64	4038	1	-36	-19
-705	-63	4032	3	-56	-15
-692	-49	4027	-1	-69	-3
-692	-64	4031	0	-68	-2
-676	-75	4020	1	-64	8
-674	-79	4031	3	-54	9
-681	-42	4026	-1	-77	9
-680	-46	4004	11	-85	-38
-682	-42	3891	20	-49	17
-670	-48	3933	22	59	40
-664	-78	3971	13	110	-3
-624	-111	4029	20	175	-49
-618	-118	4038	8	213	-63
-626	-23	4011	-22	227	-50
-609	5	3989	-9	241	-12
-593	-41	3921	33	251	15
-537	-55	3841	53	312	39
-553	-36	3817	41	416	41
-568	-60	3829	65	555	11
-589	-114	3837	79	695	-61
-670	-65	3799	80	815	-82
-699	-17	3752	70	993	-43
-765	-7	3807	73	1183	1
-816	-16	3840	75	1274	6
-808	33	3845	67	1357	24
-777	1	3799	87	1448	21
-798	5	3683	128	1545	53
-803	-1	3725	158	1744	131
-858	-37	3782	193	1900	121
-814	-56	3712	305	2068	130
-857	146	3793	289	2256	156
-1050	136	3658	277	2627	111
-1141	163	3534	175	3216	215
-1616	-65	4128	-51	3725	-174
-2220	70	4353	-72	4064	-573
-2931	-182	4517	100	4443	-778
-3731	14	4983	398	4950	-620
-4228	-5	5954	360	4363	-427
-4181	-47	5556	192	3109	-245
-3887	135	4612	61	2234	-69
-3529	211	3652	-27	1890	80
-3370	181	3056	-54	1940	138
-3348	79	2799	-36	2287	211
-3479	-31	2969	39	2585	105
-3643	6	3392	47	2522	64
-3695	21	3695	19	2134	121
-3619	55	3783	-2	1556	162
-3483	60	3595	-15	935	244
-3345	149	3405	-10	468	311
-3271	97	3321	29	102	384
-3171	64	3348	45	-308	384
-3091	157	3424	25	-865	397
-2913	198	3296	-44	-1541	473
-2708	179	2911	-118	-2299	374
-2309	90	2210	-176	-2723	261
-1970	78	1660	-190	-2469	262
-1790	-50	1513	-179	-1759	308
-1847	-104	1830	-149	-1074	205
-2121	83	2463	-132	-806	5
-2405	304	3011	-113	-1187	55
-2419	295	3061	-162	-1916	184
-2313	196	2764	-215	-2516	246
-2156	137	2356	-254	-2875	260
-2085	106	1895	-246	-2910	345
-1985	-104	1458	-193	-2460	388
-2002	-157	1577	-99	-1603	144
-2203	-33	2188	-48	-1209	95
-2262	167	2597	0	-1201	96
-2369	237	2898	31	-1385	220
-2378	192	2866	26	-1571	241
-2241	89	2712	-15	-1579	122
-2095	94	2597	-45	-1401	-24
-2057	104	2618	-38	-1012	-74
-1995	194	2824	7	-554	-27
-2088	222	3289	36	-256	13
-2163	224	3663	61	-378	60
-2143	240	3776	57	-603	108
-2058	160	3720	19	-790	101
-1915	106	3576	-14	-872	19
-1811	110	3518	-37	-850	-68
-1703	141	3455	-44	-776	-76
-1687	208	3444	-55	-660	-57
-1711	205	3473	-61	-541	-37
-1732	221	3558	-53	-490	8
-1682	219	3579	-35	-477	52
-1698	197	3604	-18	-484	103
-1633	173	3590	-20	-428	136
-1643	160	3596	-28	-373	143
-1641	168	3610	-19	-350	151
-1619	205	3623	-10	-297	176
-1599	182	3702	-30	-229	180
-1611	102	3793	-48	-206	139
-1619	126	3799	-53	-266	114
-1600	148	3754	-63	-321	115
-1583	153	3653	-38	-336	129
-1506	144	3574	-24	-285	135
-1504	166	3585	-15	-152	155
-1538	149	3675	5	-90	162
-1566	118	3748	2	-81	156
-1600	141	3747	-2	-119	145
-1611	158	3729	2	-136	163
-1582	167	3710	16	-146	169
-1550	182	3713	33	-118	165
-1545	153	3738	27	-76	147
-1521	177	3783	22	-87	137
-1510	218	3793	20	-141	153
-1497	226	3738	19	-166	154
-1479	236	3775	6	-165	172
-1491	222	3764	-17	-169	172
-1460	202	3728	-16	-176	158
-1426	247	3653	-38	-133	140
-1463	322	3662	-49	-69	163
-1481	253	3701	-55	-24	161
-1458	265	3783	-62	14	126
-1446	315	3828	-75	22	124
-1428	349	3885	-74	-12	127
-1388	373	3936	-60	-66	115
-893	-136	3987	-23	-52	-13
-888	-136	4010	-24	-69	-18
-880	-138	4016	-19	-96	-34
-858	-131	4009	-21	-126	-35
-819	-148	3954	-17	-129	-29
-807	-165	3936	-13	-81	-29
-799	-152	4003	-14	-58	-16
-790	-162	4023	-7	-63	-15
-793	-164	4034	-11	-86	-28
-801	-145	4013	-9	-105	-27
-795	-140	3989	-7	-102	-14
-781	-165	3964	-4	-87	-11
-792	-149	3991	2	-77	-12
-778	-142	3983	8	-63	-6
-771	-142	3998	8	-52	5
-784	-121	4013	5	-53	12
-778	-123	4003	-1	-53	14
-768	-125	3982	-1	-39	11
-775	-125	3973	-3	-19	8
-773	-151	3986	0	-14	12
-774	-126	4013	1	-24	25
-781	-127	3964	5	-51	20
-783	-127	3927	21	-14	-24
-776	-138	3929	10	35	9
-777	-154	3970	-15	92	15
-724	-160	4008	-30	146	51
-672	-188	4013	-45	191	65
-662	-276	4050	-14	232	-5
-720	-183	3874	13	106	-72
-696	-125	3699	16	251	-57
-710	-110	3748	19	382	-42
-694	-121	3892	38	518	-27
-697	-160	3951	18	531	-15
-718	-192	3729	18	565	-54
-711	-222	3578	34	821	-128
-733	-198	3683	8	1136	-180
-828	-213	3848	-3	1324	-151
-874	-132	3841	-7	1388	-28
-910	-24	3717	-23	1499	110
-921	-129	3694	5	1665	99
-969	-45	3720	58	1901	150
-920	-101	3643	44	2001	169
-990	-116	3600	49	2189	171
-1153	-76	3460	44	2417	123
-1199	-121	3362	57	2871	197
-1515	-209	3586	-109	3204	48
-1777	-530	3569	-259	3365	-294
-2402	184	3949	-213	3481	-29
-2806	-58	4589	-95	3580	30
-3287	-14	4954	39	3542	77
-4039	-159	5271	144	3465	71
-4388	-143	5334	59	3050	-31
-4315	-46	4961	-95	2439	-50
-3849	9	4198	-158	2130	-25
-3427	-52	3559	-67	2134	102
-3255	-334	3130	84	2412	19
-3276	-272	3114	165	2801	44
-3497	-171	3564	188	2831	22
-3652	282	3921	310	2440	634
-3500	-26	3989	241	1687	259
-3306	112	3812	240	919	326
-3123	-7	3580	229	205	481
-2992	-29	3281	149	-449	420
-2839	19	2976	57	-918	378
-2808	78	2861	-10	-1292	353
-2695	193	2741	-11	-1623	445
-2581	194	2553	-12	-1943	618
-2416	90	2233	-61	-2243	629
-2122	62	1814	-113	-2317	684
-1921	-42	1544	-137	-1793	803
-1957	-166	1702	-138	-1125	734
-2163	-160	2139	-148	-802	486
-2310	-102	2515	-130	-787	216
-2457	63	2794	-89	-999	25
-2528	143	2929	-69	-1349	41
-2515	175	2790	-79	-1702	17
-2415	103	2606	-76	-1840	-47
-2400	0	2414	-91	-1914	-99
-2213	-94	2276	-64	-1724	-163
-2239	-77	2475	17	-1343	-122
-2284	-7	2818	62	-1176	-26
-2269	133	3030	110	-1204	84
-2172	96	3180	122	-1228	141
-2165	78	3283	96	-1277	68
-2154	185	3294	36	-1385	43
-2026	110	3162	8	-1369	51
-1963	58	3081	19	-1269	32
-1880	5	3036	13	-1145	3
-1875	-12	3013	29	-1033	-18
-1902	-21	3110	39	-932	-56
-1825	10	3205	70	-873	-102
-1861	-15	3366	102	-813	-143
-1914	57	3520	121	-870	-178
-1849	91	3534	131	-913	-160
-1792	93	3620	126	-846	-162
-1794	102	3679	133	-907	-178
-1765	128	3593	148	-946	-172
-1676	129	3526	124	-929	-187
-1676	105	3491	95	-864	-201
-1648	91	3514	54	-827	-232
-1627	114	3524	44	-784	-228
-1562	137	3504	47	-752	-198
-1557	157	3561	19	-645	-184
-1576	143	3623	18	-606	-145
-1592	148	3641	16	-603	-119
-1533	143	3616	0	-574	-86
-1480	166	3624	-14	-538	-72
-1441	136	3635	-21	-448	-20
-1449	135	3689	-27	-364	1
-1448	136	3786	-30	-314	6
-1455	127	3795	-30	-350	11
-1403	65	3767	-33	-368	19
-1360	11	3753	-30	-333	-13
-1324	32	3757	-20	-262	-42
-1330	56	3777	-7	-209	-61
-1349	54	3812	-2	-187	-97
-1337	2	3808	16	-173	-128
-1356	3	3772	25	-167	-162
-1360	-18	3799	50	-149	-165
-1329	-6	3792	59	-143	-192
-1340	3	3823	68	-111	-235
-1318	28	3865	62	-143	-266
-1274	37	3847	78	-136	-268
-1285	114	3847	84	-112	-238
-1252	147	3796	78	-91	-191
-1248	178	3775	77	-23	-154
-1255	215	3788	66	21	-120
-1288	226	3824	27	37	-87
-1273	182	3869	15	32	-64
-1285	138	3912	22	11	-51
-713	49	3998	15	7	-12
-720	80	4020	12	23	-8
-744	77	3996	5	38	-4
-761	65	3985	-2	51	-18
-766	56	3984	-11	70	-41
-778	84	3977	-16	89	-50
-800	75	3983	-25	109	-46
-822	98	4003	-39	128	-49
-821	93	4020	-48	130	-52
-828	72	4031	-54	111	-56
-818	53	4033	-50	76	-60
-820	49	4011	-41	52	-54
-810	23	3979	-19	29	-51
-792	16	3964	-3	85	-65
-782	28	3989	-1	112	-43
-801	31	4018	1	118	-27
-818	55	4019	-6	93	-31
-821	42	3992	-11	87	-6
-852	32	3938	-10	105	21
-863	32	3929	-3	118	10
-865	38	3937	6	153	15
-875	52	3964	5	170	30
-858	55	3979	0	185	56
-827	37	3970	-6	191	72
-766	40	3952	-7	196	75
-745	39	3922	2	217	65
-734	64	3947	-7	269	40
-746	68	3929	-26	329	21
-774	73	3910	-40	400	15
-798	61	3905	-40	463	8
-835	59	3874	-32	515	8
-878	61	3875	-31	558	0
-900	30	3866	-19	615	-25
-942	-4	3861	-12	703	-56
-992	21	3860	-17	804	-71
-993	-1	3813	0	878	-65
-1006	83	3747	-48	1060	-28
-1080	83	3757	-58	1148	-2
-1039	84	3673	-36	1206	-2
-1036	101	3575	-41	1372	46
-1005	35	3597	-33	1620	109
-1108	-26	3716	-3	1776	64
-1093	11	3633	-13	1845	82
-1142	3	3708	-30	2128	42
-1262	34	3710	-17	2315	70
-1367	58	3607	-18	2612	-59
-1434	-101	3646	-102	2918	-53
-1649	-123	3763	-237	3275	-369
-2363	-22	4151	-149	3795	-693
-3316	-34	4348	31	4385	-669
-4520	57	5176	261	5179	-309
-4692	39	5946	247	4305	-104
-4437	99	5625	140	3259	68
-4073	-36	4915	122	2313	196
-3753	-58	3999	84	1758	250
-3494	-144	3085	117	1617	310
-3296	-61	2502	198	1964	270
-3321	-19	2478	245	2430	192
-3513	94	2947	254	2626	116
-3664	283	3502	171	2259	178
-3646	403	3872	40	1673	218
-3648	361	4058	-15	925	456
-3523	139	3944	-29	88	607
-3284	-71	3679	-2	-675	747
-3018	-114	3400	57	-1326	759
-2857	48	3143	67	-1941	696
-2625	51	2687	-3	-2589	626
-2316	-34	2144	-62	-2918	308
-2018	136	1718	-92	-2703	166
-1830	142	1566	-108	-2056	235
-1853	77	1933	-143	-1411	101
-2019	247	2369	-194	-1241	-140
-2166	476	2728	-259	-1414	-30
-2330	492	2904	-309	-1898	237
-2338	430	2734	-360	-2599	422
-2175	231	2107	-387	-3053	541
-2119	86	1629	-363	-3002	458
-2055	125	1307	-311	-2661	444
-1962	64	1317	-239	-1902	493
-2034	56	1759	-178	-1215	481
-2262	160	2417	-113	-861	386
-2424	220	2972	-78	-899	308
-2469	233	3256	-109	-1091	182
-2339	275	3283	-112	-1253	88
-2296	298	3249	-135	-1340	48
-2130	264	3126	-158	-1319	40
-1984	272	3139	-129	-1139	90
-1871	310	3221	-113	-982	122
-1882	305	3301	-100	-891	140
-1886	294	3345	-103	-775	154
-1891	290	3395	-117	-730	147
-1833	251	3405	-112	-735	130
-1779	196	3386	-97	-713	50
-1681	196	3391	-90	-578	7
-1673	171	3488	-76	-459	-26
-1720	240	3585	-58	-409	-79
-1712	312	3620	-50	-426	-58
-1695	313	3623	-78	-394	-65
-1654	278	3623	-88	-365	-102
-1601	285	3587	-101	-311	-136
-1614	340	3633	-124	-267	-143
-1635	320	3694	-122	-266	-133
-1639	306	3690	-110	-290	-117
-1632	267	3681	-109	-303	-135
-1613	259	3648	-119	-300	-166
-1594	250	3624	-121	-242	-175
-1624	262	3723	-122	-226	-156
-1622	210	3753	-105	-227	-139
-1630	218	3811	-98	-248	-129
-1608	212	3755	-94	-296	-123
-1584	173	3668	-95	-296	-125
-1550	122	3646	-91	-256	-138
-1501	69	3649	-84	-209	-167
-1515	48	3718	-82	-146	-210
-1537	62	3772	-75	-127	-218
-1504	55	3797	-57	-126	-217
-1518	15	3790	-41	-144	-243
-1446	2	3750	-16	-160	-240
-1422	-16	3693	0	-101	-252
-1410	24	3723	-11	4	-289
-1441	41	3818	-18	58	-280
-1469	61	3859	-19	10	-253
-1471	28	3854	-40	-43	-247
-1389	-56	3789	-54	-68	-212
-1419	-64	3790	-26	-23	-193
-1437	-60	3800	-18	-42	-202
-1421	-25	3793	-35	-53	-244
-1429	24	3765	-29	-9	-252
-1450	15	3794	-37	10	-236
-1446	9	3793	-37	-11	-225
-809	-65	4010	-3	-9	-2
-800	-60	3995	-6	-14	0
-797	-59	4023	-5	-21	2
-790	-70	4014	2	-22	2
-793	-67	3997	6	-25	-2
-784	-64	4001	7	-29	-4
-783	-67	3998	8	-28	-5
-778	-45	4013	6	-25	-4
-781	-53	4017	5	-22	-3
-796	-50	4001	6	-35	-7
-782	-39	4021	3	-45	-9
-774	-51	3989	3	-49	-8
-790	-65	3986	9	-22	-12
-790	-55	4016	6	-18	-15
-775	-53	4017	6	-30	-18
-760	-50	4011	3	-45	-27
-779	-64	4009	5	-67	-26
-761	-52	3984	8	-72	-19
-772	-55	4011	1	-57	-30
-775	-59	4003	7	-62	-18
-785	-71	3974	24	-50	-8
-764	-53	4010	16	-29	-22
-716	-31	4042	-2	-18	15
-702	-70	4031	-8	-35	24
-675	-105	4006	-5	10	11
-706	-94	3890	-11	8	0
-641	-95	3813	-1	124	-45
-623	-37	3815	-13	265	-67
-658	-80	3883	11	376	-81
-656	-68	3800	-11	446	-77
-679	-43	3846	-21	618	-71
-730	-19	3881	-16	705	-50
-759	-17	3852	-11	777	-27
-749	-34	3857	-14	883	-17
-812	-58	3870	-36	941	-29
-824	-76	3788	-58	987	-59
-865	-88	3757	-51	1090	-60
-871	-153	3756	-59	1206	-86
-911	-161	3698	-80	1337	-134
-966	-111	3601	-103	1537	-113
-978	-85	3544	-99	1809	18
-1146	-101	3514	-30	2031	64
-1187	-186	3434	29	2352	65
-1264	-351	3390	22	2619	17
-1512	-42	3236	63	2780	-59
-1284	-313	3022	167	3481	277
-1610	54	3792	99	4099	281
-2032	110	4416	-45	4008	90
-2943	372	4903	-140	3814	-212
-3588	207	5124	-14	3692	-91
-4082	-94	5575	20	3372	26
-4250	-200	5243	101	2652	41
-4125	23	4491	215	2168	36
-3841	101	3800	207	2107	-22
-3519	55	3215	236	2370	25
-3471	-28	3205	284	2729	-11
-3573	-161	3419	285	2906	-67
-3603	28	3714	275	2738	-294
-3584	146	4014	338	2172	174
-3443	-16	3929	278	1408	85
-3236	-63	3574	216	713	-18
-3023	-97	3145	180	263	-87
-2945	25	2953	152	4	-178
-2874	81	2884	153	-266	-113
-2848	152	2894	114	-613	-90
-2646	130	2770	89	-1107	115
-2505	34	2427	109	-1634	398
-2357	-104	1954	131	-2011	492
-2235	-157	1437	131	-1953	394
-2083	-41	1211	117	-1394	313
-2238	-30	1434	84	-672	240
-2465	-107	1994	37	-182	45
-2666	-56	2618	-3	-207	-205
-2826	68	3034	-46	-635	-259
-2895	141	3140	-28	-1166	-76
-2851	188	2896	-16	-1603	108
-2681	97	2473	-41	-1797	214
-2505	-58	2187	-40	-1651	159
-2403	-89	2198	-49	-1344	79
-2485	-31	2472	-81	-1160	86
-2560	82	2756	-98	-1114	191
-2549	102	2964	-120	-1166	321
-2448	132	3052	-128	-1272	355
-2374	103	2974	-143	-1356	419
-2281	134	2897	-160	-1333	403
-2232	106	2859	-205	-1267	415
-2211	40	2946	-184	-1210	365
-2209	64	3040	-171	-1202	368
-2190	-17	3130	-132	-1192	337
-2173	-6	3265	-106	-1219	257
-2142	38	3290	-101	-1297	215
-2105	99	3304	-129	-1362	172
-2029	116	3244	-107	-1358	158
-1968	135	3216	-56	-1271	145
-1928	134	3239	-60	-1147	137
-1958	142	3276	-45	-1088	134
-1882	102	3267	-17	-987	141
-1870	58	3315	4	-927	94
-1823	8	3345	23	-844	41
-1850	-13	3473	38	-778	-41
-1832	38	3557	38	-797	-94
-1832	78	3598	46	-825	-109
-1780	119	3560	44	-857	-112
-1764	136	3542	43	-835	-121
-1703	122	3516	39	-824	-121
-1624	136	3502	49	-794	-139
-1619	162	3542	54	-729	-136
-1611	208	3622	48	-683	-100
-1609	189	3645	45	-643	-89
-1629	169	3704	38	-632	-85
-1570	180	3709	48	-672	-36
-1471	182	3651	60	-660	23
-1434	235	3614	30	-579	60
-1486	177	3660	-5	-473	84
-1512	188	3655	-1	-401	116
-1473	183	3654	-9	-356	179
-1439	138	3683	-23	-269	197
-1447	140	3720	-10	-245	192
-1478	173	3744	-15	-214	170
-1492	209	3752	-31	-171	168
-1449	187	3793	-33	-169	175
-1435	196	3758	-39	-156	191
-1423	217	3763	-62	-145	220
-1414	231	3805	-44	-93	254
-1411	236	3827	-49	-70	291
-1390	208	3831	-72	-124	318
-1363	164	3782	-75	-110	313
-1349	141	3761	-69	-70	325
-1351	106	3764	-54	-9	304
-1385	147	3822	-44	21	275
-801	-74	3982	22	100	-12
-809	-67	4008	20	102	-14
-815	-67	3958	19	115	-7
-811	-70	3977	21	130	0
-821	-61	3982	19	141	6
-826	-58	3981	24	136	1
-838	-50	3976	21	141	5
-837	-38	3961	18	146	13
-844	-53	3951	19	164	26
-844	-71	3924	22	195	28
-806	-59	3925	29	246	30
-792	-85	3926	41	286	28
-811	-77	3908	50	335	24
-828	-80	3882	49	414	40
-839	-99	3892	45	502	37
-874	-87	3961	46	579	20
-915	-43	3997	49	605	7
-923	-33	4024	45	593	19
-937	-47	4069	33	557	-2
-987	-19	4049	22	478	-27
-1014	-23	3980	27	397	-28
-1053	-10	3894	35	366	-31
-1082	-28	3821	45	386	-21
-1135	-19	3812	51	436	-8
-1190	-12	3812	43	488	13
-1242	-30	3810	36	536	16
-1283	-55	3828	19	574	3
-1294	-82	3809	6	582	-31
-1297	-109	3800	0	612	-69
-1241	-55	3778	-10	634	-55
-1191	6	3806	-3	687	-1
-1225	41	3881	12	707	24
-1297	48	3905	25	690	74
-1381	-28	3877	33	633	108
-1417	-49	3816	42	591	120
-1406	-44	3819	34	599	111
-1352	-45	3842	52	607	82
-1254	-64	3648	82	642	65
-1214	-49	3673	94	722	46
-1253	-31	3503	188	847	107
-1186	-36	3355	300	1133	194
-1221	-111	3466	390	1501	263
-1317	-63	3503	451	1761	398
-1356	-36	3565	406	2092	208
-1567	-91	3679	427	2393	171
-1545	-31	3608	385	2720	-86
-1771	177	3743	240	3150	-148
-2290	413	4008	82	3357	64
-2911	352	4268	112	3545	125
-3987	364	4353	546	4350	69
-4744	137	5481	633	4285	-195
-4435	35	5476	462	3305	-176
-4059	89	4681	268	2542	-222
-3952	247	4170	172	2089	-348
-3956	318	3605	139	1843	-412
-3970	315	3031	168	2055	-384
-4043	205	2979	202	2585	-295
-4089	207	3413	147	2809	-161
-4072	193	3752	87	2562	-31
-3894	138	3957	161	2176	52
-3635	134	4183	207	1614	71
-3322	14	4166	258	805	123
-2940	-112	3945	297	-234	167
-2623	-149	3501	331	-1282	201
-2285	10	2883	333	-2232	180
-2088	179	2195	269	-3129	237
-1944	119	1379	206	-3744	303
-1707	-10	548	178	-3547	109
-1680	96	226	114	-2377	-101
-1784	126	740	17	-1083	-132
-2026	-25	1825	-106	-444	-399
-2325	173	2837	-152	-661	-715
-2646	275	3396	-95	-1510	-559
-2783	278	3238	-65	-2518	-282
-2689	283	2603	-94	-3128	19
-2358	100	1786	-128	-3138	129
-2047	52	1287	-100	-2512	109
-1984	41	1497	-25	-1576	186
-2223	24	2278	87	-922	224
-2372	47	2995	113	-892	246
-2440	87	3306	167	-1163	253
-2423	79	3337	177	-1424	169
-2311	94	3171	150	-1555	20
-2147	59	2977	149	-1575	-133
-2059	75	2850	170	-1401	-169
-2028	43	2875	190	-1141	-152
-2012	39	3066	235	-917	-212
-2089	68	3352	256	-883	-235
-2076	65	3439	266	-956	-273
-2000	167	3364	257	-1018	-338
-2058	251	3224	242	-970	-289
-1980	335	3098	214	-828	-286
-1942	425	3108	241	-588	-207
-2050	477	3298	265	-378	-245
-2120	455	3554	247	-369	-294
-2047	413	3600	225	-455	-374
-1882	399	3548	239	-464	-502
-1781	352	3512	287	-403	-584
-1761	406	3606	303	-284	-622
-1733	491	3733	322	-295	-545
-1693	501	3743	299	-423	-495
-1695	518	3615	226	-490	-509
-1705	534	3525	139	-519	-519
-1681	504	3426	84	-479	-518
-1665	471	3387	78	-370	-505
-1695	433	3465	67	-235	-495
-1684	392	3578	36	-169	-488
-1688	350	3718	-30	-195	-455
-1665	434	3829	-106	-285	-411
-1636	403	3838	-170	-384	-346
-1574	441	3816	-196	-456	-263
-1541	428	3755	-175	-465	-167
-1615	448	3782	-160	-426	-70
-1719	445	3773	-171	-409	34
-1696	328	3743	-183	-425	94
-1618	263	3697	-141	-343	126
-1579	196	3646	-106	-224	172
-1502	191	3745	-43	-116	195
-1500	200	3808	-32	-150	205
-1511	202	3795	-63	-269	167
-1467	234	3735	-106	-332	153
-1443	282	3698	-132	-299	180
-1486	310	3728	-132	-222	224
-1509	289	3796	-126	-204	259
-1497	203	3818	-125	-261	264
-1400	100	3728	-122	-294	200
-1304	31	3721	-120	-243	98
-1297	44	3798	-111	-181	11
-1308	74	3896	-89	-173	-40
-1325	128	3934	-72	-214	-72
-1153	-32	3906	4	-100	-21
-1115	-21	3903	6	-91	-17
-1103	-5	3899	10	-73	-16
-1081	-26	3884	11	-46	-11
-1099	-11	3897	9	-21	-11
-1110	-10	3910	4	-16	-13
-1135	-2	3912	5	-23	-9
-1123	-4	3916	8	-29	-2
-1130	-2	3934	8	-34	7
-1122	-10	3898	3	-34	4
-1103	-17	3920	-2	-27	3
-1095	-1	3921	1	-28	1
-1109	-12	3906	2	-29	5
-1116	-6	3915	4	-31	2
-1103	-6	3901	4	-23	1
-1104	-15	3926	3	-25	3
-1103	-20	3896	3	-13	8
-1095	-17	3896	0	3	10
-1111	-19	3931	-3	12	9
-1132	-14	3948	5	-13	7
-1163	-20	3911	3	-56	-10
-1147	-14	3898	33	-36	-48
-1158	-3	3853	29	-46	-25
-1115	-11	3811	23	-8	-10
-1118	4	3851	19	61	9
-1093	-14	3953	-9	66	14
-1069	-24	4010	-41	40	5
-1069	-54	3980	-29	-9	-4
-1031	-33	3845	-34	12	2
-992	18	3771	-48	116	3
-974	37	3747	-59	187	-14
-932	19	3722	-30	318	-36
-958	12	3783	-31	414	-33
-1010	11	3721	-35	458	-23
-1021	7	3689	-30	614	15
-1064	-24	3785	-45	763	68
-1130	-54	3839	-82	790	66
-1141	-75	3699	-100	826	32
-1149	-38	3611	-107	1003	18
-1148	-66	3570	-94	1303	4
-1233	-16	3635	-49	1544	-26
-1204	19	3735	15	1549	45
-1112	74	3568	42	1688	104
-1111	27	3387	122	1990	197
-1285	48	3276	157	2355	237
-1579	-45	3114	179	2753	445
-1699	-175	3440	174	3303	419
-2073	-1	4039	117	3589	274
-2814	-6	4523	163	3875	52
-3430	-278	5080	248	3915	-183
-3833	-9	5480	259	3390	-216
-3994	283	5111	246	2885	-62
-3999	413	4632	155	2469	-86
-3857	306	4306	86	2066	-75
-3590	-35	3618	36	1912	-162
-3380	-32	3082	44	2138	-210
-3339	188	3026	-41	2556	-386
-3612	133	3573	54	2734	40
-3921	210	4040	97	2280	40
-4002	109	4209	141	1582	212
-3773	4	4086	91	891	269
-3498	-93	3891	-29	310	106
-3286	-71	3579	-67	-273	46
-3065	13	3293	-92	-742	20
-2808	160	2978	-149	-1296	190
-2535	65	2590	-124	-1773	466
-2212	-15	1971	-108	-2256	514
-1875	-58	1321	14	-2241	543
-1604	61	1032	67	-1718	455
-1602	39	1078	45	-943	440
-1987	-122	1488	-29	-360	316
-2295	-54	1999	-51	-153	58
-2605	96	2512	-50	-349	-20
-2803	175	2908	-40	-831	-13
-2892	130	3020	-47	-1389	26
-2744	98	2826	-68	-1832	18
-2547	175	2519	-100	-1944	35
-2379	140	2259	-113	-1840	124
-2307	84	2286	-121	-1542	119
-2338	107	2597	-132	-1320	180
-2416	129	2983	-110	-1263	234
-2405	149	3206	-79	-1365	283
-2329	186	3170	-113	-1503	313
-2204	267	3125	-132	-1434	311
-2164	271	3067	-183	-1382	300
-2125	215	3105	-205	-1310	243
-2137	209	3178	-199	-1314	213
-2145	140	3180	-160	-1384	209
-2085	122	3151	-143	-1398	183
-1967	96	3067	-80	-1366	189
-1923	114	3086	-26	-1207	146
-1902	146	3146	14	-1072	123
-1940	135	3289	30	-958	98
-1948	89	3470	11	-928	35
-1961	79	3565	9	-1023	-26
-1861	71	3550	12	-1120	-70
-1764	86	3468	22	-1088	-146
-1731	131	3434	34	-1008	-156
-1652	157	3416	48	-875	-115
-1695	134	3504	66	-797	-121
-1616	117	3464	54	-755	-150
-1604	126	3528	68	-668	-181
-1605	179	3565	58	-668	-186
-1560	204	3557	61	-654	-142
-1532	209	3500	49	-599	-116
-1509	176	3514	38	-486	-96
-1504	153	3641	32	-367	-93
-1513	155	3733	64	-347	-127
-1563	166	3801	91	-379	-134
-1566	149	3772	108	-403	-133
-1494	145	3742	117	-430	-180
-1384	207	3719	136	-402	-197
-1347	294	3738	139	-313	-162
-1396	368	3799	145	-262	-87
-1393	420	3809	102	-309	1
-1326	344	3728	72	-286	75
-1297	291	3673	17	-226	95
-1313	242	3681	-2	-95	118
-1352	200	3749	-9	-26	152
-1377	182	3792	0	31	158
-1405	186	3812	0	42	137
-1385	198	3873	-13	-9	143
-1366	228	3833	-16	-38	167
-1372	234	3835	-25	-50	177
-1366	268	3804	-29	-42	181
-1309	294	3771	-21	10	202
-1325	285	3752	-3	78	212
-1304	245	3756	0	137	224
-1329	191	3823	13	169	212
-1325	176	3816	3	149	163
-895	-16	3984	-6	15	-16
-920	-9	3996	-9	-17	-27
-921	-40	4032	-9	-61	-31
-926	-44	4029	-3	-94	-24
-882	-47	3986	2	-109	-10
-839	-24	3960	2	-86	-3
-812	-23	3964	2	-46	-1
-824	-15	3988	-1	-20	-13
-849	-18	3981	-9	-11	-13
-850	-18	3996	-14	-10	0
-837	-32	3988	-13	-6	12
-837	-41	3976	-12	1	11
-841	-38	3994	-9	-2	0
-838	-53	3984	-6	-2	-5
-833	-31	3981	-9	-1	-14
-833	-35	3974	-10	16	-17
-866	-24	3955	-12	36	-16
-865	-33	3972	-8	35	-2
-861	-53	3966	3	28	13
-860	-64	3973	14	39	21
-878	-44	3970	15	47	14
-854	-28	3983	12	58	3
-840	-19	3981	7	58	-4
-810	-8	3960	5	71	-6
-812	-32	3912	4	107	13
-837	-64	3913	14	188	17
-855	-34	3945	37	217	36
-919	1	4051	35	208	86
-968	-27	4020	66	135	4
-935	-17	4015	81	118	-88
-927	-8	3953	47	135	-42
-821	4	3895	2	287	7
-989	-87	3944	22	320	18
-809	-123	3573	114	344	-23
-762	-34	3643	56	576	37
-747	18	3826	52	701	7
-721	74	3797	6	784	-2
-706	56	3778	-30	1027	14
-704	1	3807	8	1199	33
-721	-29	3834	62	1326	59
-733	40	3884	105	1422	87
-791	89	3845	151	1457	167
-897	4	3849	184	1532	228
-923	-8	3704	183	1715	263
-1048	-164	3622	187	2054	275
-1286	-168	3490	229	2590	-3
-1524	-201	3806	125	3283	-220
-2039	42	4089	70	3796	-374
-2495	256	4153	169	4286	-408
-3238	156	4637	324	4853	-287
-3786	-65	5476	312	4645	-368
-3945	-11	5785	217	3664	-271
-3910	90	5553	138	2468	-19
-3622	112	4580	81	1495	60
-3167	10	3318	142	1164	30
-2849	-74	2436	274	1597	-85
-2948	77	2424	331	2358	-218
-3303	214	3043	301	2806	-251
-3640	285	3693	213	2649	-224
-3722	301	4026	144	2128	-63
-3622	285	4112	104	1505	26
-3452	242	4054	101	821	147
-3277	139	3888	156	143	262
-3171	13	3636	194	-540	315
-2803	-2	3220	173	-1101	280
-2634	84	2768	89	-1720	268
-2316	104	2094	48	-2130	361
-2017	20	1512	99	-2048	375
-1816	-93	1131	121	-1473	189
-1868	-66	1245	90	-643	-81
-2113	91	1868	15	-85	-275
-2421	301	2543	-29	-69	-332
-2625	405	3013	-95	-456	-223
-2671	553	3180	-130	-1048	52
-2639	417	3074	-121	-1589	275
-2500	223	2710	-110	-1903	289
-2370	75	2333	-128	-1864	233
-2273	35	2236	-146	-1597	158
-2255	50	2410	-174	-1351	119
-2254	211	2647	-154	-1192	146
-2269	188	2838	-118	-1124	193
-2301	257	2985	-84	-1193	176
-2304	267	3034	-71	-1232	196
-2280	229	3017	-64	-1259	194
-2236	223	2951	-96	-1248	138
-2176	229	2939	-131	-1167	88
-2181	228	3038	-139	-1076	56
-2161	207	3104	-113	-1092	60
-2173	193	3121	-94	-1087	96
-2150	140	3105	-95	-1079	111
-2095	136	3121	-119	-1017	33
-2134	147	3217	-147	-980	-35
-2062	145	3191	-139	-933	-78
-2043	157	3259	-111	-823	-69
-1975	181	3381	-111	-794	-43
-1945	193	3447	-76	-785	9
-1964	170	3483	-75	-824	8
-1894	172	3468	-61	-842	12
-1840	178	3451	-98	-823	8
-1817	201	3422	-134	-810	27
-1783	182	3425	-161	-750	31
-1675	218	3368	-124	-698	95
-1686	206	3436	-130	-536	129
-1765	189	3561	-129	-512	146
-1736	172	3540	-139	-554	166
-1686	179	3521	-155	-519	172
-1757	129	3570	-182	-427	167
-1787	108	3645	-185	-430	153
-1727	97	3654	-166	-473	163
-1624	78	3647	-131	-445	168
-1592	91	3639	-109	-450	168
-1594	106	3605	-107	-366	163
-1607	96	3649	-103	-267	133
-1570	76	3730	-116	-211	97
-1565	39	3781	-111	-235	68
-1518	25	3744	-88	-251	60
-1505	41	3674	-84	-213	53
-1514	17	3717	-89	-130	15
-1533	-3	3717	-107	-124	-30
-1548	-9	3753	-66	-98	-38
-1519	0	3736	-50	-118	-63
-1518	-19	3710	-43	-96	-81
-1516	-27	3715	-40	-89	-104
-1511	-17	3700	-33	-47	-123
-1548	-88	3727	-35	-44	-161
-1528	-92	3751	-14	-39	-211
-1499	16	3773	-15	-36	-214
-1459	23	3745	-19	-35	-210
-1426	23	3761	-20	10	-223
-1430	-6	3833	-19	35	-227
-946	12	3970	2	-6	-16
-958	16	3946	-3	-18	-20
-967	18	3950	-4	-16	-10
-989	6	3953	-6	-7	-7
-996	0	3965	-5	3	-6
-995	6	3966	-2	5	-4
-999	7	3961	-2	3	-2
-998	13	3957	2	-2	0
-991	20	3970	5	-17	1
-990	3	3966	3	-35	3
-1007	0	3951	4	-40	3
-979	-1	3939	3	-37	3
-966	4	3955	3	-31	0
-970	15	3947	6	-27	-3
-941	24	3974	10	-23	-6
-975	3	3982	11	-33	-4
-978	31	3991	2	-60	-2
-945	21	4001	9	-106	-18
-974	11	3883	2	-102	-19
-990	59	3903	-6	-23	41
-926	71	3997	-62	23	31
-952	27	4023	-94	7	28
-884	-92	3799	-24	4	11
-902	-54	3858	-17	140	1
-927	-8	3904	0	161	-1
-890	-8	3943	26	202	22
-913	-1	3950	21	193	26
-906	28	3894	-2	213	31
-920	79	3864	-18	281	27
-938	72	3864	-22	316	29
-927	43	3818	-16	370	30
-929	40	3783	-4	443	26
-934	17	3758	-4	570	22
-940	-1	3742	-2	709	20
-916	1	3737	-16	859	10
-932	-5	3741	-19	971	30
-942	-14	3711	-46	1101	44
-1004	-82	3747	-81	1292	-9
-1040	-14	3698	-82	1466	1
-1089	-24	3729	-44	1608	28
-1171	-50	3783	4	1671	-33
-1123	-48	3609	87	1779	-34
-1170	88	3429	178	2033	75
-1220	-148	3319	169	2388	90
-1411	-22	3699	132	2688	30
-1684	64	3862	45	2998	-59
-2061	181	4321	-54	3190	-75
-2623	264	4478	-78	3272	-209
-3093	197	4329	-51	3558	-336
-3784	180	4412	18	4037	-180
-4333	116	5291	78	3833	121
-4366	-12	5353	145	2928	296
-4071	-185	4657	125	2122	217
-3662	-147	3596	71	1881	46
-3395	-12	2897	70	2256	-82
-3387	161	2856	71	2926	-135
-3727	168	3493	22	3183	-89
-4003	152	4112	-2	2708	-31
-3957	123	4304	6	1965	111
-3719	163	4265	-79	1201	180
-3387	43	3887	-124	461	368
-3088	-3	3479	-114	-143	378
-2768	-44	3074	-35	-641	506
-2604	-58	2768	52	-1086	640
-2457	-9	2476	56	-1567	643
-2222	26	2092	17	-1973	539
-2058	84	1686	-6	-2145	360
-1960	73	1372	-51	-2030	197
-1961	-38	1233	-93	-1583	39
-1973	-3	1336	-173	-1130	-209
-2212	116	1739	-237	-818	-333
-2434	327	2136	-244	-886	-262
-2617	398	2432	-248	-1100	84
-2650	343	2539	-261	-1377	387
-2616	172	2497	-288	-1597	494
-2563	56	2340	-279	-1646	539
-2464	-8	2282	-269	-1461	485
-2448	65	2421	-275	-1200	537
-2477	137	2719	-256	-1009	592
-2529	162	2962	-249	-1021	627
-2523	143	3096	-255	-1070	623
-2444	180	3205	-278	-1170	564
-2373	147	3172	-338	-1347	519
-2243	120	3096	-377	-1366	422
-2201	67	3001	-341	-1331	385
-2172	-36	2981	-280	-1220	367
-2127	47	3012	-225	-1134	376
-2131	119	3027	-181	-1093	436
-2111	130	3067	-115	-1035	439
-2130	157	3164	-83	-977	407
-2108	139	3250	-72	-946	315
-2025	108	3299	-51	-943	238
-2050	72	3397	-28	-914	182
-2019	82	3421	-9	-925	151
-2000	71	3427	4	-889	105
-1944	82	3335	16	-891	18
-1864	135	3311	9	-806	-29
-1833	124	3342	11	-692	-46
-1845	97	3446	29	-609	-64
-1847	99	3573	40	-604	-129
-1853	132	3671	34	-664	-186
-1820	199	3667	49	-745	-186
-1777	202	3634	52	-771	-172
-1732	200	3547	53	-743	-171
-1687	211	3511	76	-677	-164
-1673	208	3503	74	-563	-134
-1682	193	3548	78	-493	-112
-1672	254	3559	73	-453	-96
-1644	295	3576	57	-403	-62
-1650	291	3609	50	-420	-35
-1610	270	3589	38	-391	-7
-1581	247	3605	26	-329	21
-1565	230	3632	19	-237	26
-1591	226	3747	12	-197	51
-1580	222	3759	12	-225	70
-1539	173	3763	-22	-274	17
-1472	138	3751	-4	-259	18
-1480	161	3741	21	-245	17
-1434	138	3707	19	-210	11
-1411	208	3698	44	-104	-17
-1431	251	3770	31	-74	-21
-1438	252	3796	0	-117	-29
-1409	235	3805	-31	-136	-56
-1381	272	3832	-40	-124	-57
-1379	292	3847	-27	-87	-33
-1385	276	3864	1	-70	-13
-1365	284	3863	2	-99	18
-1332	230	3766	-6	-81	5
-1326	187	3729	7	-9	-36
-1360	182	3747	13	29	-81
-564	-29	4025	-3	94	8
-560	-49	4010	-7	117	14
-573	-54	3987	-7	153	8
-590	-68	4019	-6	187	5
-620	-57	4032	-5	197	-2
-652	-46	4046	-6	191	2
-648	-38	4049	-4	186	10
-666	-43	4040	-8	179	6
-686	-33	4050	-10	170	-3
-695	-35	4049	-14	150	-9
-692	-45	4056	-12	126	-6
-701	-50	4034	-6	110	-2
-708	-59	4044	-6	100	1
-710	-54	4037	-8	89	2
-708	-38	4041	-10	71	-3
-715	-43	4054	-11	53	-3
-717	-53	4006	-2	62	-10
-721	-53	4015	3	64	-13
-699	-58	4044	1	47	3
-705	-58	4037	9	26	3
-718	-42	4036	9	0	-2
-722	-77	4008	15	-10	5
-704	-58	3976	15	-1	31
-694	-58	3988	27	14	-2
-696	-42	3960	53	10	-7
-693	-86	3894	78	87	-6
-692	-15	3930	73	181	-24
-698	6	4030	33	242	30
-682	-49	4052	24	253	39
-602	-17	4049	-16	298	-6
-619	-60	4040	12	249	-49
-558	23	3776	22	262	-61
-519	45	3765	47	453	-32
-483	53	3726	36	603	-13
-498	21	3863	64	780	-23
-561	-8	3881	58	872	-24
-582	-95	3838	75	1015	6
-697	-137	3855	71	1136	-46
-760	-90	3823	41	1238	-61
-752	-47	3828	53	1377	-80
-747	26	3857	79	1489	-78
-758	12	3893	99	1594	-33
-843	4	3829	113	1727	-10
-939	33	3726	112	2025	10
-1127	-177	3954	-48	2444	-43
-1377	-161	3998	-144	2917	-350
-1687	76	4108	-75	3529	-410
-2337	110	4414	88	3829	-511
-2793	31	4382	291	4090	-473
-3280	-258	4742	262	4517	-333
-3783	-143	5765	129	4345	-251
-4229	110	6248	-3	3233	-91
-3989	105	5437	-14	2001	144
-3457	13	4297	76	1492	246
-3165	1	3545	139	1621	190
-3133	36	3428	163	2055	126
-3293	108	3847	126	2338	85
-3316	33	4248	81	1982	128
-3136	-26	4222	67	1238	208
-2863	-50	3880	112	461	330
-2605	-46	3462	167	-217	467
-2374	11	2944	208	-831	550
-2155	-5	2391	183	-1229	543
-1988	-28	2036	122	-1315	439
-1876	-27	1878	52	-1116	205
-1883	55	1990	-58	-735	-30
-1996	112	2472	-149	-450	-104
-2106	156	3002	-177	-449	-121
-2287	199	3397	-158	-781	-74
-2316	261	3501	-182	-1363	83
-2284	263	3270	-192	-1933	248
-2159	229	2778	-229	-2265	342
-2000	182	2361	-260	-2267	398
-1871	181	2161	-289	-1985	433
-1829	173	2265	-311	-1652	518
-1942	169	2466	-226	-1394	630
-2058	129	2629	-185	-1349	661
-1991	59	2749	-161	-1312	669
-2013	65	2959	-116	-1238	622
-2094	83	3217	-123	-1300	566
-2094	7	3218	-129	-1442	496
-1963	70	3097	-67	-1362	397
-1994	92	3193	-34	-1187	319
-1893	138	3145	6	-1160	275
-1836	201	3110	-4	-1075	258
-1783	198	3128	-25	-901	249
-1771	195	3205	-38	-804	248
-1755	147	3301	-11	-687	208
-1763	71	3389	25	-667	106
-1763	90	3449	45	-667	11
-1670	164	3464	65	-623	19
-1645	197	3563	47	-558	-23
-1642	298	3672	8	-538	-45
-1606	327	3732	-22	-541	-11
-1614	261	3743	-46	-606	-38
-1581	163	3639	-47	-651	-101
-1514	153	3494	-41	-625	-185
-1414	166	3427	-36	-498	-222
-1431	243	3494	-13	-300	-222
-1514	298	3605	-14	-225	-170
-1587	337	3715	-17	-225	-117
-1531	358	3708	0	-249	-55
-1539	378	3793	7	-275	44
-1524	397	3756	3	-340	142
-1462	379	3694	-21	-302	223
-1468	341	3695	-51	-257	261
-1450	286	3769	-83	-259	285
-1421	274	3717	-118	-249	302
-1492	304	3774	-91	-200	342
-1493	225	3761	-69	-202	316
-1482	168	3747	-36	-195	292
-1381	152	3716	-5	-145	267
-1401	150	3773	17	-108	262
-1337	145	3806	35	-46	227
-1352	208	3826	53	-14	176
-1354	272	3835	53	-13	111
-1303	334	3769	27	-3	59
-1274	424	3747	-25	43	53
-1346	429	3755	-83	66	83
-1389	362	3773	-134	42	78
-1361	312	3791	-153	12	58
-1386	206	3822	-157	25	38
-1412	133	3899	-145	45	-7
-1449	137	3928	-131	11	-67
-1420	146	3869	-111	-31	-123
-1365	156	3769	-102	12	-170
-1343	147	3725	-91	88	-214
-1352	131	3760	-82	148	-240
-1376	166	3784	-69	164	-227
-1347	180	3778	-52	194	-194
-974	-34	3950	-2	-23	-11
-965	-34	3952	-3	-21	-17
-973	-37	3962	2	-21	-16
-964	-33	3939	3	-9	-7
-980	-44	3960	2	1	1
-984	-43	3950	2	2	-3
-992	-54	3967	1	11	-1
-998	-25	3983	2	1	5
-987	-18	3968	-1	-12	8
-997	-16	3961	-5	-31	7
-982	-35	3905	-3	-5	0
-978	-31	3939	-3	20	-5
-950	-28	3953	-1	16	-8
-983	-25	3983	-3	6	-20
-963	-18	3964	-6	-5	-16
-977	-43	3936	-6	0	2
-974	-55	3926	-2	12	19
-980	-49	3938	8	32	20
-967	-35	3954	10	50	18
-956	-21	3934	3	60	15
-967	-19	3946	0	63	11
-993	-46	3976	3	43	12
-986	-47	3921	16	29	19
-979	-51	3927	22	47	28
-1004	-55	3912	30	74	30
-988	-1	3913	16	106	58
-1002	-52	3917	23	108	25
-1012	-8	3897	57	107	-4
-979	-19	3827	74	148	35
-932	-14	3818	60	248	37
-877	-21	3873	41	335	67
-851	9	3849	24	397	80
-828	34	3810	7	502	64
-902	58	3907	-40	657	22
-916	5	3889	-100	737	-42
-995	-81	3856	-100	738	-129
-996	-132	3632	-33	800	-164
-991	-88	3596	19	981	-102
-1024	-25	3713	55	1193	-3
-1086	15	3693	75	1369	56
-1189	-50	3776	125	1403	89
-1149	-42	3660	171	1462	113
-1096	-91	3556	217	1619	170
-1080	-110	3445	276	1897	191
-1209	-24	3409	319	2184	174
-1401	21	3599	270	2571	177
-1571	130	3578	150	3134	83
-2030	221	3789	1	3784	-11
-2650	498	4262	-16	4320	-57
-3557	245	4960	4	4414	-279
-4316	-118	5801	-12	4186	-485
-4361	-189	5996	83	3248	-365
-4165	52	5389	213	2445	-112
-3902	125	4496	246	1768	0
-3472	-11	3386	300	1504	-129
-3124	33	2632	334	1861	-364
-3120	129	2669	251	2490	-421
-3401	189	3304	122	2719	-458
-3691	205	3935	11	2370	-366
-3746	149	4290	-53	1582	-200
-3630	-30	4342	-59	676	-30
-3433	-156	4019	-50	-349	-11
-3039	-114	3301	11	-1110	1
-2693	-79	2681	104	-1478	85
-2510	23	2184	126	-1633	161
-2261	58	1870	108	-1626	261
-2059	72	1678	90	-1467	191
-1922	110	1637	82	-1055	132
-2103	42	1967	13	-658	68
-2243	-44	2347	-31	-545	-69
-2366	7	2630	-50	-699	-118
-2470	150	2729	-89	-1092	-35
-2491	288	2676	-137	-1515	164
-2487	214	2541	-172	-1821	344
-2393	45	2313	-195	-1926	357
-2290	0	2168	-285	-1804	326
-2216	20	2159	-279	-1565	401
-2276	-2	2361	-243	-1319	481
-2293	65	2630	-160	-1191	544
-2347	68	2878	-134	-1275	615
-2329	34	2925	-120	-1414	596
-2257	48	2880	-167	-1450	534
-2162	-16	2858	-176	-1385	511
-2134	5	2972	-208	-1202	397
-2242	-17	3178	-218	-1153	360
-2151	10	3258	-158	-1174	358
-2119	10	3318	-107	-1158	279
-2080	90	3264	-55	-1208	222
-1994	105	3222	6	-1183	197
-1899	77	3213	37	-1076	183
-1898	120	3286	41	-967	181
-1966	38	3415	53	-944	153
-1923	38	3497	48	-954	74
-1887	38	3526	53	-1015	-13
-1817	79	3515	54	-1041	-78
-1759	100	3449	43	-1031	-142
-1766	98	3466	35	-985	-171
-1720	102	3474	41	-950	-202
-1655	118	3522	36	-895	-231
-1644	155	3565	34	-887	-265
-1640	145	3589	31	-884	-250
-1556	163	3504	45	-828	-242
-1479	204	3516	49	-672	-206
-1475	205	3625	44	-552	-187
-1488	241	3725	42	-525	-165
-1492	247	3744	32	-561	-115
-1495	231	3684	16	-563	-91
-1416	224	3687	-2	-508	-82
-1413	229	3705	-6	-433	-61
-1394	227	3748	-3	-376	-20
-1415	220	3767	-4	-326	7
-1448	176	3767	3	-308	28
-1429	140	3746	5	-324	52
-1385	104	3694	22	-282	52
-1440	74	3651	27	-194	3
-1424	34	3634	-17	-165	-64
-1409	14	3675	-8	0	-64
-1373	24	3796	14	68	-69
-1424	39	3903	18	31	-103
-1354	72	3910	38	-29	-139
-1324	194	3824	23	-75	-93
-1315	218	3795	15	-42	-2
-1297	168	3813	15	14	17
-1297	118	3804	14	50	16
-1302	112	3825	7	61	8
-1317	82	3826	1	58	-15
-1318	69	3842	4	69	-49
-1315	93	3874	11	71	-66
-1340	131	3886	6	27	-70
-1323	158	3850	9	14	-63
-990	-61	3957	11	5	18
-995	-57	3941	12	14	13
-985	-35	3927	9	28	16
-998	-51	3899	8	42	17
-1049	-45	3914	11	88	2
-1046	-49	3956	5	76	7
-1041	-33	3952	4	61	6
-1070	-35	3968	0	24	-2
-1074	-28	3953	-2	14	-15
-1077	-36	3927	-1	-3	-12
-1057	-40	3935	2	-2	-7
-1052	-39	3946	2	-6	-8
-1041	-40	3924	2	-7	-5
-1029	-35	3921	-2	-1	1
-1025	-47	3936	3	-4	-2
-1030	-48	3952	0	-17	5
-1042	-73	3943	2	-23	-1
-1026	-59	3923	2	-7	5
-1028	-54	3958	6	1	8
-1065	0	3947	11	-39	0
-1049	-47	3922	29	-45	-45
-1030	-15	3900	16	-30	-40
-998	-20	3928	7	6	31
-1014	-7	3898	-3	45	90
-1005	-95	3931	-13	85	84
-1036	-137	3951	-1	85	-6
-999	-92	3876	-15	126	-66
-954	-50	3863	6	168	-36
-897	33	3810	4	227	8
-918	29	3759	13	277	32
-931	10	3658	25	401	10
-955	-19	3686	10	618	-13
-1041	-83	3795	9	769	-17
-1062	-60	3897	25	848	14
-1049	-45	3869	25	816	52
-1049	-45	3869	25	816	52
-1049	-45	3869	25	816	52
-1057	-31	3913	21	795	83
-993	-69	3892	32	800	95
-902	21	3676	67	887	136
-865	-6	3541	119	1162	179
-995	-32	3661	137	1502	172
-1129	39	3909	112	1719	92
-1259	9	3667	189	1967	98
-1178	-196	3649	191	2502	-59
-1660	-225	3887	135	2903	-239
-2087	-9	3928	215	3474	-378
-2566	316	4356	294	3800	-254
-3217	257	4404	340	4260	-142
-3834	-65	5147	175	4342	-287
-3857	-117	5336	55	3492	-245
-3785	-64	4876	20	2719	-98
-3604	-24	4178	49	2179	12
-3315	23	3372	118	2171	50
-3409	63	3154	195	2369	23
-3563	142	3194	190	2484	-34
-3669	197	3535	137	2327	-17
-3622	164	3718	88	1884	42
-3477	196	3636	12	1415	117
-3356	149	3497	-58	1073	180
-3285	84	3446	-64	723	278
-3192	8	3388	-55	264	374
-2994	-10	3326	13	-196	398
-2888	-24	3218	40	-784	403
-2643	47	2780	21	-1448	337
-2309	-13	2159	17	-1879	281
-2051	-11	1622	19	-1863	106
-1924	86	1295	-12	-1522	-22
-1949	40	1287	-43	-954	-133
-2138	100	1597	-69	-464	-270
-2343	254	2129	-91	-262	-238
-2549	450	2722	-136	-357	-24
-2734	581	3106	-123	-776	263
-2812	508	3153	-106	-1277	512
-2754	342	2955	-140	-1588	562
-2585	172	2643	-233	-1726	527
-2424	37	2470	-256	-1628	467
-2359	1	2433	-240	-1426	359
-2284	57	2531	-191	-1194	347
-2257	87	2646	-159	-1107	345
-2266	122	2776	-119	-997	237
-2278	208	2895	-104	-938	188
-2310	255	3033	-81	-970	165
-2302	262	3140	-96	-1104	167
-2271	206	3169	-140	-1229	133
-2251	197	3149	-178	-1311	58
-2190	182	3087	-191	-1355	91
-2185	81	3089	-173	-1286	77
-2144	61	3100	-160	-1207	33
-2133	1	3163	-150	-1136	-32
-2126	-6	3243	-133	-1109	-130
-2092	29	3192	-106	-1153	-170
-2021	61	3187	-97	-1077	-186
-2010	95	3251	-67	-1001	-169
-1983	117	3301	-31	-980	-168
-1965	152	3348	-16	-959	-182
-1916	124	3327	-15	-945	-173
-1895	116	3330	21	-895	-184
-1886	182	3358	24	-802	-176
-1849	183	3331	13	-782	-133
-1833	196	3333	-20	-676	-129
-1863	229	3414	-48	-600	-107
-1876	216	3497	-59	-585	-90
-1845	168	3540	-60	-578	-38
-1827	163	3564	-76	-591	-13
-1753	97	3538	-68	-576	8
-1690	65	3512	-67	-470	-8
-1678	54	3597	-75	-399	-19
-1688	62	3641	-71	-368	-18
-1708	21	3679	-63	-373	-39
-1701	12	3660	-69	-390	-46
-1653	27	3623	-69	-369	-25
-1617	19	3574	-86	-301	-11
-1627	10	3634	-77	-209	-26
-1628	-29	3702	-57	-191	-43
-1588	-73	3770	-34	-221	-55
-1546	-6	3801	-23	-234	-99
-1537	-33	3787	-14	-257	-109
-1542	-34	3731	-4	-262	-119
-1528	-64	3679	-11	-237	-146
-1503	-61	3670	-14	-179	-154
-1488	-59	3701	18	-104	-112
-1477	3	3761	15	-52	-104
-1515	32	3828	2	-70	-99
-1496	25	3826	-8	-79	-105
-1514	36	3767	-17	-66	-108
-1495	-34	3732	-9	-51	-127
-1460	-35	3733	-9	-42	-142
-1452	-51	3722	-5	-6	-164
-1466	-43	3751	-4	23	-210
-1061	1	3933	-16	-14	-8
-1052	-2	3922	-13	-12	-1
-1044	-12	3929	-9	-2	-1
-1052	-13	3939	-8	8	-2
-1052	-1	3931	-7	6	-3
-1061	-18	3929	-6	2	-6
-1071	-8	3925	-6	4	-7
-1065	-2	3933	2	7	0
-1065	0	3947	5	3	-1
-1054	-1	3944	5	-1	-1
-1040	0	3939	3	-9	4
-1052	-18	3946	3	-19	1
-1044	-12	3933	9	-23	-7
-1040	2	3956	6	-17	-4
-1022	-12	3924	4	-6	8
-1033	-18	3908	9	30	-1
-1023	4	3931	11	36	1
-1012	1	3935	7	35	1
-1038	5	3955	6	25	-12
-1048	1	3932	4	25	-11
-1071	-27	3913	6	10	-3
-1045	13	3915	-1	0	23
-1035	-19	3925	11	-10	-10
-1046	-2	3863	29	-31	-10
-1069	-12	3807	52	47	19
-1057	10	3906	16	134	9
-1013	20	3987	-40	231	26
-1070	-52	4005	-27	250	58
-1007	-83	3707	25	247	32
-967	41	3654	-2	390	-4
-966	101	3708	2	512	8
-982	78	3822	37	548	26
-968	3	3853	14	587	29
-981	-53	3915	6	644	-43
-1029	-84	3841	8	675	-130
-1059	-20	3721	-4	745	-150
-1117	34	3768	-32	890	-86
-1139	30	3716	-67	989	-24
-1106	20	3675	-60	1167	48
-1049	32	3499	-24	1442	86
-1066	13	3351	54	1834	137
-1245	2	3728	180	2017	171
-1238	-39	3663	192	2002	172
-1363	-52	3661	191	2067	262
-1516	-81	3601	207	2375	-62
-1673	247	3804	153	2750	-161
-2061	156	3906	73	3137	-296
-2521	110	4199	127	3545	-181
-3034	312	4602	82	3828	21
-3736	162	4956	-40	3839	99
-4235	42	5293	-139	3361	2
-4077	-87	4992	-195	2678	-27
-3893	-124	4402	-142	2176	40
-3664	-178	3494	-15	1987	27
-3444	-128	2936	130	2294	-223
-3384	65	2835	180	2823	-197
-3560	142	3413	163	2901	-190
-3698	139	3813	129	2401	-141
-3571	97	3835	72	1727	-112
-3401	48	3759	54	1042	-19
-3194	-64	3492	62	438	40
-3074	-82	3126	50	-121	4
-2908	-59	2700	83	-471	34
-2803	0	2541	159	-592	123
-2744	33	2555	210	-752	190
-2683	132	2524	181	-1060	233
-2598	102	2345	115	-1420	309
-2469	112	2081	36	-1657	255
-2336	69	1921	-24	-1588	339
-2370	-35	1919	-73	-1335	293
-2400	-45	1995	-96	-1123	175
-2387	53	2177	-100	-976	73
-2408	72	2432	-60	-988	102
-2562	151	2574	-58	-1186	164
-2606	121	2576	-73	-1397	226
-2570	97	2461	-100	-1553	235
-2482	10	2264	-111	-1604	230
-2420	39	2262	-76	-1407	220
-2426	65	2395	-29	-1254	234
-2424	54	2637	29	-1124	245
-2419	104	2814	6	-1194	184
-2388	174	2864	20	-1245	177
-2371	216	2890	-29	-1242	202
-2352	204	2920	-60	-1218	231
-2320	196	2930	-101	-1191	229
-2245	188	2990	-98	-1135	243
-2191	151	3118	-86	-1067	237
-2200	121	3259	-110	-1140	213
-2178	124	3208	-125	-1220	202
-2080	141	3133	-121	-1175	243
-2023	106	3195	-90	-1058	236
-1970	99	3265	-75	-977	217
-2026	108	3387	-71	-931	166
-2042	123	3450	-35	-938	167
-2057	115	3437	-26	-990	142
-1981	143	3319	-24	-986	109
-1911	149	3237	-31	-919	79
-1840	155	3186	-25	-814	34
-1810	159	3296	-28	-676	14
-1845	187	3419	-7	-640	7
-1858	212	3498	6	-617	19
-1903	248	3625	-11	-627	33
-1873	272	3627	8	-688	50
-1835	265	3646	5	-712	82
-1826	260	3584	-22	-753	104
-1774	231	3509	-15	-783	118
-1663	201	3482	-10	-684	137
-1598	213	3529	-12	-588	138
-1644	219	3591	-22	-538	120
-1673	205	3578	-48	-503	115
-1637	208	3563	-57	-454	108
-1613	180	3588	-61	-365	78
-1618	174	3581	-53	-310	56
-1585	148	3614	-31	-251	29
-1561	123	3685	-24	-187	-49
-1577	133	3770	10	-180	-100
-1530	163	3773	19	-202	-115
-1526	220	3737	9	-209	-100
-1464	249	3700	15	-136	-64
-1496	267	3729	-17	-151	-24
-1467	243	3764	11	-91	6
-1526	276	3798	-1	-94	-6
-1503	239	3800	-26	-129	36
-1441	161	3752	-20	-93	58
-1427	127	3787	10	-24	49
-1432	162	3842	33	-11	20
-1451	187	3820	35	-45	16
-1447	205	3773	27	-62	-3
-1437	247	3726	16	-48	-6
-1498	255	3739	7	-11	14
-1022	-50	3944	6	104	-12
-1026	-60	3937	18	104	-6
-1049	-57	3943	26	104	-9
-1048	-32	3940	32	106	-5
-1060	-2	3924	35	112	5
-1053	-4	3907	33	126	10
-1095	-2	3905	30	134	1
-1092	-10	3921	28	139	-3
-1087	2	3909	25	147	-6
-1106	4	3892	29	171	-4
-1081	13	3893	26	222	18
-1075	-4	3980	7	250	32
-1071	12	4022	-21	216	4
-1098	24	4010	-35	158	-11
-1113	39	3977	-48	99	4
-1130	-7	3869	-49	85	23
-1156	-45	3844	-35	121	21
-1157	-66	3848	-23	153	31
-1190	-75	3898	-18	148	19
-1239	-79	3915	-10	112	-9
-1274	-55	3907	-11	80	-23
-1294	-53	3894	-7	53	-23
-1291	-61	3864	-1	35	-14
-1272	-77	3839	6	29	-15
-1267	-82	3860	8	24	-19
-1242	-83	3861	6	5	-35
-1223	-47	3854	0	-16	-36
-1187	-42	3840	1	22	-58
-1209	-5	3859	15	4	-77
-1258	-50	3804	46	37	-89
-1231	-44	3860	84	78	-91
-1165	-14	3877	65	100	-55
-1106	15	3840	37	150	-11
-1080	-21	3720	38	241	-11
-1088	-26	3707	55	384	-44
-1060	52	3799	40	551	-12
-1089	56	3811	29	586	57
-1002	26	3738	49	659	87
-989	5	3771	19	772	70
-933	-13	3846	8	828	6
-900	53	3821	29	865	5
-869	80	3718	9	1029	60
-950	42	3683	16	1278	117
-1061	23	3647	87	1572	178
-1206	-30	3695	145	1985	79
-1354	-166	3768	159	2425	-38
-1704	-100	3744	188	2986	-191
-2245	51	3691	295	3631	-218
-2777	-25	3882	290	4341	-140
-3236	-188	4458	144	4898	-192
-3682	-14	5533	22	4556	-401
-4007	163	5886	-47	3417	-349
-3953	211	5536	-50	2180	-45
-3703	21	4647	7	1221	171
-3430	-118	3537	105	923	129
-3267	-33	2954	179	1334	67
-3370	77	3118	177	1895	78
-3623	121	3631	126	2040	74
-3720	199	4047	46	1675	133
-3512	202	4158	21	1041	311
-3164	54	3957	31	369	409
-2948	-73	3496	51	-233	387
-2737	-115	2945	22	-700	284
-2485	-49	2442	17	-926	246
-2212	50	2140	-4	-936	270
-2044	122	2040	-17	-668	262
-2051	97	2263	-51	-388	194
-2199	63	2585	-101	-341	141
-2271	38	2756	-132	-539	140
-2375	104	2899	-146	-867	180
-2375	195	2881	-173	-1277	301
-2335	228	2803	-212	-1554	389
-2278	228	2631	-259	-1764	490
-2207	170	2447	-248	-1780	582
-2118	151	2327	-285	-1759	562
-2006	257	2304	-300	-1581	627
-2124	222	2434	-297	-1435	680
-2219	120	2543	-295	-1422	655
-2206	77	2557	-228	-1456	613
-2147	115	2565	-236	-1471	573
-2151	51	2628	-201	-1396	525
-2201	28	2736	-140	-1323	429
-2228	36	2828	-141	-1263	286
-2120	90	2916	-144	-1129	250
-2116	168	3044	-93	-1011	241
-2135	225	3198	-80	-977	228
-2095	236	3278	-69	-965	206
-2055	222	3338	-29	-951	162
-2009	187	3361	-15	-956	125
-1953	196	3300	-2	-967	91
-1915	192	3266	12	-887	60
-1916	176	3348	20	-808	39
-1915	170	3391	34	-801	-23
-1835	234	3422	51	-764	-41
-1805	213	3466	61	-711	-48
-1758	196	3429	63	-655	-85
-1770	229	3477	50	-588	-114
-1789	248	3511	42	-578	-151
-1758	312	3526	51	-542	-126
-1713	380	3605	55	-510	-83
-1702	398	3626	50	-529	-16
-1721	374	3616	32	-531	35
-1688	352	3548	8	-540	66
-1611	327	3522	-12	-458	88
-1573	328	3582	-35	-361	129
-1589	327	3653	-42	-301	151
-1606	380	3736	-54	-300	207
-1633	329	3763	-60	-348	251
-1612	302	3722	-67	-389	272
-1574	282	3684	-88	-412	292
-1551	272	3604	-83	-373	313
-1485	195	3570	-98	-313	293
-1473	201	3589	-91	-181	263
-1464	214	3647	-90	-110	243
-1486	220	3724	-88	-83	243
-1449	247	3758	-72	-47	252
-1481	297	3837	-70	-39	279
-1423	312	3816	-71	-86	287
-1417	312	3830	-71	-98	289
-1409	313	3782	-66	-114	297
-1409	310	3764	-66	-106	307
-1403	260	3706	-73	-70	279
-1376	269	3730	-82	-21	264
-1356	265	3738	-88	11	216
-1357	322	3784	-86	34	165
-1388	336	3849	-77	35	144
-1410	320	3913	-66	21	123
-1392	298	3946	-57	-41	74
-1361	253	3880	-44	-92	-2
-1320	210	3836	-30	-110	-82
-1055	2	3932	10	90	24
-1073	0	3967	10	93	24
-1061	3	3989	7	72	19
-1055	-7	3955	4	37	3
-1060	1	3922	0	20	-10
-1064	-7	3920	-1	27	-10
-1067	10	3941	1	41	-5
-1074	-13	3978	3	30	2
-1070	4	3952	5	3	1
-1041	-6	3918	0	-1	-6
-1032	-15	3936	-3	10	-7
-1046	2	3943	-2	5	-6
-1043	0	3954	1	-7	0
-1016	-19	3933	2	-7	2
-1017	-5	3918	-2	8	4
-1016	8	3937	-2	30	3
-1014	1	3948	-2	49	4
-1041	-13	3960	-2	57	1
-1071	-10	3982	-2	30	-2
-1082	2	3975	-1	-19	-7
-1067	8	3909	8	-53	-2
-1080	6	3925	-2	-45	17
-1138	17	3952	4	-37	-19
-1097	32	3943	-6	-49	0
-1041	21	3925	-16	-38	12
-1033	7	3884	-32	8	43
-1027	2	3897	-69	59	50
-999	-47	3865	-53	38	51
-983	-39	3823	-37	94	56
-983	-11	3846	-36	177	47
-1001	-29	3868	-43	259	34
-984	-37	3920	-34	324	7
-969	-11	3865	-35	345	0
-956	-40	3794	6	369	1
-942	-32	3721	43	464	34
-929	2	3692	52	636	75
-953	-29	3721	41	776	63
-957	-54	3791	24	878	15
-955	-66	3776	47	923	-25
-969	-47	3747	81	1070	-36
-1029	-80	3809	115	1249	-63
-1108	-41	3826	149	1304	-50
-995	-113	3647	196	1427	-41
-1060	-165	3467	232	1632	-111
-1200	22	3388	206	2022	-130
-1527	198	3704	173	2616	-34
-1801	237	3990	76	3075	49
-2089	114	4024	37	3571	-67
-2777	52	4128	59	4187	-382
-3350	96	4849	13	4384	-506
-3587	122	5518	-39	4083	-254
-3956	133	5698	68	3621	-11
-4153	140	5499	219	2768	-103
-3889	116	4768	221	2049	-81
-3523	-68	3864	212	1649	-24
-3134	-123	3114	215	1818	-84
-3030	-24	3153	209	2265	-262
-3201	82	3600	234	2256	-330
-3290	89	3894	231	1701	-329
-3179	71	3835	180	902	-299
-2928	89	3483	143	207	-167
-2696	22	3028	120	-323	-74
-2475	55	2606	87	-685	-60
-2322	37	2264	63	-929	-40
-2221	-13	1917	10	-1023	-71
-2101	39	1679	-28	-895	-75
-2106	-12	1704	-75	-563	-57
-2302	-87	1959	-66	-305	-84
-2462	-136	2259	-34	-195	-65
-2574	-151	2620	13	-186	-66
-2749	-62	2927	13	-460	-69
-2855	36	3050	-1	-832	-26
-2760	77	2924	-33	-1150	82
-2634	105	2698	-55	-1336	198
-2501	-11	2433	-87	-1350	281
-2371	21	2347	-107	-1177	254
-2368	0	2426	-126	-1001	267
-2416	2	2623	-123	-901	301
-2435	-17	2767	-122	-951	350
-2418	-27	2865	-127	-1031	385
-2421	3	2861	-139	-1147	397
-2409	15	2831	-138	-1182	396
-2372	34	2830	-159	-1214	391
-2334	0	2836	-161	-1165	407
-2366	8	2947	-145	-1101	416
-2356	-1	3015	-148	-1120	399
-2327	1	3077	-124	-1117	382
-2331	21	3087	-95	-1087	381
-2266	11	3128	-72	-1053	359
-2240	10	3109	-36	-1058	324
-2180	16	3092	-21	-1018	235
-2142	69	3143	-7	-909	217
-2128	119	3213	17	-871	237
-2115	125	3242	11	-844	224
-2084	88	3250	17	-834	169
-2018	76	3218	27	-798	132
-1976	76	3184	29	-722	103
-2000	88	3299	23	-666	81
-1990	106	3351	9	-632	78
-1924	189	3447	4	-598	98
-1950	176	3533	6	-569	141
-1970	153	3664	0	-639	116
-1893	137	3592	-3	-720	121
-1834	114	3518	-7	-707	119
-1792	108	3477	7	-664	89
-1787	96	3513	10	-620	54
-1752	133	3500	1	-587	34
-1759	130	3542	10	-582	42
-1701	159	3507	32	-543	67
-1736	186	3501	22	-455	78
-1739	260	3514	6	-404	96
-1694	250	3543	-10	-359	106
-1688	227	3579	-22	-318	100
-1725	184	3624	-43	-299	95
-1698	163	3640	-55	-307	69
-1657	156	3658	-65	-317	34
-1611	182	3674	-57	-286	24
-1623	205	3700	-42	-239	39
-1647	169	3698	-60	-243	55
-1594	104	3723	-57	-224	18
-1574	118	3722	-33	-206	-6
-1559	143	3754	-20	-215	0
-1514	160	3732	-4	-212	-15
-1510	168	3722	19	-158	-30
-1546	187	3762	18	-137	-16
-1538	215	3732	27	-134	1
-1517	198	3706	39	-101	5
-1505	200	3728	41	-69	14
-1485	214	3741	40	-58	26
-1503	193	3759	27	-54	6
-920	-12	4001	-5	42	15
-901	3	4002	2	23	13
-893	17	3970	-3	18	10
-880	4	3965	-11	32	11
-885	-10	3962	-15	40	7
-894	-10	3969	-17	51	-2
-905	6	3971	-15	63	-12
-902	-19	3942	-18	75	-13
-904	-17	3968	-19	103	-24
-893	-13	3991	-18	90	-19
-910	-21	4019	-21	72	-15
-903	-29	3997	-22	44	-26
-922	-28	3985	-25	36	-30
-911	-34	3965	-21	46	-19
-922	-19	3972	-12	44	-9
-949	-22	3962	-9	46	-7
-952	-20	3962	-5	46	-4
-970	-14	3964	-6	40	-7
-947	21	3978	-11	32	-8
-926	13	3950	-23	39	2
-919	-17	3922	-26	73	0
-923	-42	3922	-24	125	-11
-924	-66	3913	-12	163	-3
-919	-78	3901	8	180	4
-924	-53	3936	37	177	28
-953	-13	4032	36	166	93
-991	-30	4043	55	108	53
-986	-29	4008	78	62	-6
-923	-36	3915	65	79	45
-862	26	3930	23	193	78
-811	60	3870	-48	261	72
-864	-62	3783	-38	335	33
-815	-189	3578	83	505	-22
-876	-80	3715	104	736	-44
-893	24	3796	112	924	-33
-943	81	3864	144	996	-31
-975	101	3795	123	1049	16
-928	39	3738	118	1155	16
-939	39	3791	124	1233	-22
-887	84	3805	110	1332	-18
-898	135	3787	72	1454	26
-956	100	3787	64	1599	78
-1063	44	3839	67	1769	101
-1307	-60	3840	122	1981	24
-1336	-67	3629	196	2342	-51
-1608	-252	3632	141	2869	-130
-1955	-271	3885	135	3376	-337
-2361	-186	4232	202	3891	-529
-2828	87	4621	224	3903	-495
-3479	-48	4627	256	4157	-633
-3999	122	5206	259	3907	-678
-3856	168	5181	93	3036	-275
-3739	124	4675	39	2197	5
-3521	50	3785	83	1697	45
-3254	31	3079	154	1773	-95
-3270	118	2826	194	2072	-180
-3459	183	2995	142	2333	-164
-3616	194	3350	51	2384	-82
-3590	199	3683	14	2066	133
-3385	137	3790	-21	1535	276
-3210	49	3674	-53	931	294
-3047	61	3354	-77	350	288
-2938	36	3109	-73	-97	399
-2897	-52	2987	-87	-454	476
-2871	-44	2886	-82	-854	519
-2780	31	2724	-118	-1205	494
-2645	28	2502	-145	-1502	364
-2551	-8	2218	-161	-1691	157
-2451	75	2043	-182	-1433	23
-2484	3	2341	-205	-1038	38
-2500	50	2720	-196	-905	-7
-2562	181	3138	-196	-1061	31
-2554	241	3341	-204	-1431	155
-2447	359	3241	-234	-1984	316
-2256	403	2819	-275	-2460	555
-2103	355	2231	-304	-2601	706
-1909	257	1787	-345	-2301	747
-1774	92	1672	-405	-1727	644
-1885	157	1956	-414	-1183	572
-2056	226	2395	-386	-946	680
-2222	247	2829	-339	-973	776
-2397	222	3086	-288	-1273	830
-2389	51	3008	-308	-1543	754
-2242	72	2849	-307	-1626	580
-2181	117	2684	-243	-1588	579
-2103	143	2679	-189	-1344	588
-2106	168	2859	-188	-1087	524
-2163	133	3132	-189	-999	431
-2130	125	3243	-186	-1045	346
-2038	122	3279	-167	-1026	270
-1994	161	3320	-119	-984	241
-1914	211	3353	-93	-970	255
-1910	214	3414	-97	-917	239
-1904	165	3386	-75	-860	177
-1847	147	3352	-50	-829	79
-1747	196	3240	-30	-703	64
-1699	242	3291	-22	-527	31
-1688	275	3336	1	-426	36
-1732	281	3406	-17	-282	22
-1759	266	3530	-31	-186	6
-1731	332	3604	-30	-179	45
-1740	347	3686	-40	-176	80
-1705	322	3710	-54	-219	65
-1731	272	3705	-61	-228	51
-1718	245	3667	-63	-252	29
-1659	240	3626	-72	-220	24
-1644	229	3618	-57	-213	24
-1650	238	3603	-58	-192	15
-1614	221	3583	-63	-130	15
-1651	206	3633	-65	-52	17
-1672	189	3678	-30	-15	14
-1672	247	3803	-32	-43	2
-1648	260	3791	-63	-136	28
-1562	245	3719	-58	-133	66
-1545	262	3722	-33	-64	99
-1576	240	3706	-42	-78	104
-1557	204	3669	-52	-63	75
-1568	176	3655	-52	-8	50
-1573	144	3698	-41	62	39
-1563	133	3757	-30	90	8
-1590	69	3785	-26	60	-58
-1589	68	3783	-19	19	-153
-1591	91	3747	-5	-11	-215
-1577	112	3699	18	-15	-238
-1573	146	3708	35	28	-241
-1536	148	3715	50	41	-227
-1528	191	3717	52	69	-220
-1569	196	3754	51	77	-224
-1597	197	3754	46	53	-233
-1579	163	3738	43	31	-245
-489	26	4019	-4	-37	-1
-488	37	4058	-11	-13	5
-487	22	4075	-15	-15	2
-479	17	4057	-18	-32	-1
-465	23	4027	-17	-13	-2
-464	5	4019	-17	17	5
-470	3	4064	-18	33	7
-481	17	4055	-16	36	0
-482	17	4044	-13	43	-7
-518	5	4071	-11	39	-8
-533	4	4069	-8	32	-9
-536	9	4053	-2	28	-2
-520	17	4055	1	37	-4
-526	17	4017	10	44	-3
-534	22	4064	14	50	-8
-532	36	4050	17	51	-5
-528	16	4030	11	59	3
-507	16	4019	12	88	5
-515	20	4043	11	99	13
-509	13	4021	12	98	16
-507	-1	3972	17	128	12
-509	14	3952	19	196	19
-532	15	3968	24	268	44
-549	26	4022	28	288	51
-540	15	4050	24	283	51
-559	22	4053	15	252	41
-548	33	3966	9	252	30
-494	36	3858	21	373	13
-444	46	3843	43	506	32
-435	24	3843	55	641	52
-467	44	3876	51	764	54
-528	46	3974	44	849	53
-601	62	4017	45	860	55
-649	42	3972	45	872	48
-667	35	3915	41	935	10
-671	33	3913	15	1017	5
-716	43	3894	-10	1081	-18
-771	44	3803	3	1154	-25
-804	28	3695	38	1314	-34
-836	12	3674	43	1544	-47
-875	-50	3685	54	1791	-78
-905	-20	3717	95	1931	-109
-910	57	3596	131	2140	-17
-969	-19	3573	157	2370	-21
-1165	70	3663	213	2645	-67
-1054	45	3375	160	3031	-11
-1546	193	3789	81	3540	22
-1859	355	3915	136	4070	60
-2438	367	4184	247	4633	116
-3259	316	4998	321	4892	-53
-4362	108	5932	356	4676	-258
-5144	286	6233	351	4008	-94
-5247	317	6210	304	3055	49
-4607	250	5137	224	2090	111
-3948	100	3950	307	1806	117
-3466	175	3296	367	2109	-108
-3235	233	3420	337	2577	-298
-3225	183	3803	299	2495	-413
-3249	109	4012	270	1839	-336
-3009	22	3882	223	1034	-249
-2739	38	3598	181	276	-136
-2523	142	3201	169	-383	47
-2450	171	2791	193	-895	211
-2388	33	2435	193	-1390	192
-2243	12	2005	144	-1844	5
-2049	51	1611	126	-2118	-97
-1876	14	1357	106	-2102	-111
-1827	14	1205	104	-1708	-115
-1928	-12	1236	94	-1037	-120
-2053	104	1615	112	-411	-182
-2278	161	2278	106	-228	-164
-2594	192	2882	107	-537	-208
-2731	249	3082	96	-1051	-126
-2754	270	2956	26	-1582	-44
-2624	221	2582	-58	-1921	73
-2458	155	2151	-162	-1886	79
-2319	131	2078	-197	-1549	142
-2326	83	2355	-164	-1150	149
-2411	136	2736	-105	-910	178
-2415	179	3087	-104	-880	227
-2419	172	3328	-152	-1027	216
-2388	186	3288	-187	-1277	211
-2331	174	3082	-214	-1425	222
-2183	119	2893	-198	-1365	242
-2154	101	2921	-159	-1180	239
-2133	64	2991	-95	-1056	260
-2132	96	3103	-52	-964	228
-2085	112	3222	-14	-902	238
-2066	125	3300	-4	-920	184
-2025	133	3317	3	-962	130
-2063	111	3334	6	-949	87
-2021	141	3343	-13	-932	24
-2017	172	3362	-21	-938	-21
-1953	206	3370	-27	-921	-24
-1898	202	3371	-47	-871	-64
-1874	213	3437	-38	-846	-85
-1861	144	3440	-50	-828	-126
-1814	101	3458	-43	-779	-192
-1768	149	3504	-2	-702	-174
-1773	166	3563	22	-612	-174
-1758	210	3579	23	-594	-197
-1787	223	3603	18	-608	-192
-1736	194	3566	15	-623	-153
-1688	160	3525	3	-566	-137
-1655	161	3519	9	-493	-123
-1651	182	3537	19	-431	-106
-1652	148	3580	20	-373	-81
-1621	146	3586	-5	-333	-82
-1598	160	3600	-8	-268	-60
-1590	142	3646	-22	-181	-39
-1582	123	3781	-15	-137	-50
-1617	138	3831	-11	-204	-38
-1627	122	3797	-6	-291	-21
-1561	149	3676	3	-319	-30
-1480	168	3626	-2	-265	-27
-1512	181	3620	-10	-170	3
-1531	188	3717	-23	-125	-2
-1497	150	3755	-23	-94	-24
-1559	106	3882	-51	-151	-56
-1540	114	3891	-111	-307	-25
-1433	74	3746	-98	-323	8
-1333	46	3738	-54	-219	-36
-1329	85	3757	-1	-86	-99
-1422	216	3857	7	-63	-77
-1464	256	3892	-12	-135	-39
-1404	277	3828	-39	-190	-21
-1361	270	3779	-56	-179	6
-1356	247	3759	-49	-105	32
-1384	227	3815	-36	-62	60
-1414	177	3796	-27	-54	50
-927	-24	3928	3	-147	3
-919	-23	3950	-1	-124	-4
-925	-35	3956	-3	-105	-6
-926	-19	3960	-7	-109	-15
-928	-16	3970	-2	-114	-19
-938	-31	3973	-1	-111	-22
-943	-43	3949	2	-109	-16
-934	-46	3960	3	-106	-15
-943	-50	3949	3	-100	-16
-931	-35	3925	0	-92	-19
-911	-18	3926	0	-82	-15
-914	-48	3927	-3	-62	-19
-913	-45	3953	3	-51	-19
-905	-15	3961	6	-33	-15
-886	-24	3949	8	-21	-9
-893	-26	3967	9	-9	-3
-873	-44	3977	9	0	-3
-852	-21	3964	8	10	-9
-840	-31	3945	5	35	-6
-866	-24	3946	9	63	-3
-880	-31	3971	10	73	4
-901	-28	3971	9	76	8
-891	-32	3956	4	77	5
-884	-32	3896	5	103	11
-897	-37	3853	14	192	12
-900	-32	3861	22	259	17
-942	-18	3893	29	301	14
-950	-17	3944	35	307	14
-941	-8	3926	48	293	4
-903	-7	3894	52	278	-4
-894	-16	3855	62	326	24
-891	-24	3830	68	415	51
-897	-7	3800	64	523	55
-873	-6	3825	64	634	92
-866	4	3834	53	724	87
-904	-2	3808	59	817	27
-869	15	3772	55	949	3
-919	-16	3764	41	1082	-2
-945	-36	3649	62	1246	5
-981	-36	3630	73	1516	27
-1084	-105	3749	132	1672	9
-1048	-74	3693	214	1847	11
-1137	-70	3734	265	1958	16
-1188	35	3736	262	2108	-69
-1297	105	3622	266	2428	-92
-1547	197	3517	279	2847	-11
-1807	75	3776	210	3201	-54
-2166	343	3876	102	3603	-33
-2778	187	4482	135	3772	-167
-3475	13	4609	104	3929	-374
-4078	110	5206	49	4251	-405
-4383	229	5586	-4	3576	-312
-4359	132	5206	-19	2602	-187
-4094	46	4550	67	1858	-70
-3727	18	3588	151	1665	45
-3580	27	2938	121	2078	27
-3635	129	3107	21	2648	-170
-3709	194	3684	-39	2730	-166
-3745	220	4013	-69	2428	-44
-3704	223	4318	-86	1833	179
-3450	126	4402	-29	1040	379
-3319	-30	4334	35	63	464
-3073	-84	3992	69	-995	439
-2747	-105	3366	116	-1864	404
-2461	-111	2696	126	-2545	439
-2223	-79	1924	64	-3051	446
-1984	-79	1212	44	-3278	395
-1670	-9	571	90	-2799	292
-1547	72	487	57	-1625	195
-1672	161	942	17	-587	85
-1890	226	1671	-44	29	17
-2184	239	2400	-92	78	-44
-2507	256	2959	-106	-395	-4
-2687	210	3156	-132	-1158	99
-2718	160	2904	-201	-1805	195
-2489	145	2379	-241	-2019	271
-2230	98	1967	-254	-1807	317
-2183	127	1968	-237	-1331	356
-2215	77	2299	-164	-900	410
-2333	154	2808	-120	-683	391
-2468	176	3259	-102	-799	440
-2444	157	3411	-120	-1057	456
-2328	106	3335	-135	-1245	425
-2197	143	3273	-148	-1278	372
-2143	150	3193	-137	-1276	406
-2048	120	3063	-93	-1178	363
-2020	168	3064	-32	-1056	333
-1984	227	3076	-17	-931	319
-1977	271	3173	-20	-821	346
-2035	308	3248	-5	-817	365
-2065	334	3270	3	-840	411
-2008	321	3287	5	-847	411
-1958	277	3334	-30	-823	355
-1951	301	3425	-75	-814	277
-1981	328	3522	-89	-839	257
-1966	299	3510	-106	-868	265
-1868	232	3459	-114	-833	209
-1841	262	3452	-130	-768	171
-1841	260	3420	-139	-720	149
-1830	273	3425	-129	-680	78
-1781	302	3401	-104	-644	76
-1778	308	3439	-79	-533	113
-1691	339	3373	-63	-438	148
-1747	346	3471	-54	-282	136
-1816	346	3516	-49	-269	110
-1767	374	3492	-48	-231	67
-1824	344	3610	-43	-229	45
-1751	335	3629	-9	-274	42
-1726	372	3636	34	-226	55
-1719	415	3657	72	-188	42
-1657	541	3683	112	-169	79
-1643	576	3715	132	-131	111
-1553	529	3746	137	-84	95
-1479	509	3773	126	-39	59
-1436	439	3811	100	-66	49
-1514	429	3830	31	-145	24
-1472	480	3738	-66	-229	68
-1402	500	3655	-89	-151	172
-1447	460	3715	-119	-48	206
-1465	318	3796	-167	-53	149
-1459	112	3864	-213	-149	-25
-1485	-74	3885	-228	-268	-225
-1499	-78	3958	-183	-365	-387
-1513	69	3918	-94	-408	-381
-1533	355	3734	-34	-369	-361
-1489	564	3545	-22	-260	-266
-1412	638	3478	-23	-93	-168
-1406	569	3589	-21	49	-94
-1470	437	3722	-23	89	-98
-1484	284	3826	-13	50	-116
-1070	-38	3924	13	126	14
-1073	-41	3964	15	107	20
-1088	-35	3953	18	87	17
-1091	-40	3935	15	77	13
-1105	-66	3922	12	77	2
-1105	-66	3909	15	81	-9
-1116	-50	3901	21	87	-11
-1094	-55	3906	25	100	0
-1122	-32	3918	24	94	9
-1136	-32	3942	22	79	4
-1138	-18	3955	17	62	0
-1124	-24	3916	13	64	6
-1121	-39	3891	15	106	5
-1109	-34	3886	10	124	14
-1120	-22	3924	9	122	5
-1141	-26	3923	4	95	-13
-1150	-19	3929	2	70	-13
-1160	-31	3909	-2	63	0
-1142	-45	3880	-2	74	6
-1137	-44	3887	1	89	7
-1158	-38	3895	4	101	5
-1162	-37	3903	4	100	4
-1185	-31	3899	5	84	10
-1187	-46	3901	9	63	15
-1185	-33	3901	13	58	34
-1196	-35	3901	18	51	33
-1218	-23	3903	26	26	2
-1184	-68	3860	52	17	-18
-1185	-51	3833	62	24	-16
-1126	-10	3815	53	87	32
-1116	-10	3831	12	142	47
-1005	-2	3755	-46	255	-2
-1076	-7	3830	-62	353	-13
-1025	-64	3605	25	414	-11
-1041	-19	3573	13	639	47
-1032	-33	3652	37	852	72
-1075	15	3740	41	1010	91
-1093	-11	3741	58	1131	136
-1118	-83	3725	100	1232	147
-1188	-93	3780	125	1299	103
-1247	-39	3839	141	1313	91
-1206	-42	3697	187	1383	123
-1230	-45	3539	279	1599	156
-1327	-138	3445	391	1807	180
-1553	-16	3417	420	2082	66
-1662	133	3398	359	2538	114
-1924	322	3823	199	2999	113
-2147	139	3814	177	3504	71
-2830	120	4067	202	4262	-215
-3598	164	4484	207	4695	-568
-4361	170	5574	192	4662	-734
-4728	305	6277	249	3717	-410
-4538	371	5660	227	2628	-87
-4078	167	4690	163	1776	-81
-3577	29	3535	132	1452	-184
-3279	41	2893	62	1900	-354
-3336	221	3153	-45	2471	-428
-3711	312	3982	-47	2455	-211
-3923	230	4752	-6	1698	36
-3690	-2	4934	36	519	198
-3415	-133	4371	107	-628	191
-2928	-210	3390	207	-1483	169
-2488	-127	2422	320	-1945	221
-2144	-73	1745	348	-2106	360
-1902	-23	1185	270	-2058	312
-1640	108	835	219	-1747	151
-1520	239	822	146	-1061	108
-1755	80	1281	106	-243	35
-2098	-17	1920	84	91	-203
-2302	7	2477	40	-21	-328
-2465	137	2854	3	-499	-241
-2708	218	3037	26	-1195	28
-2740	192	2741	-2	-1897	229
-2576	54	2253	-50	-2182	324
-2353	4	1880	-93	-2046	195
-2193	16	1793	-87	-1523	198
-2346	27	2264	-23	-958	217
-2433	163	2836	39	-834	280
-2496	188	3242	79	-967	388
-2538	265	3333	12	-1269	348
-2373	322	3147	-52	-1457	344
-2245	345	2896	-89	-1535	369
-2141	196	2783	-125	-1346	336
-2131	151	2868	-145	-1164	266
-2267	215	3088	-157	-1097	286
-2244	265	3151	-167	-1117	375
-2222	238	3186	-163	-1127	398
-2130	250	3112	-148	-1176	376
-2059	239	3154	-166	-1135	265
-2015	231	3173	-179	-1066	210
-2005	220	3222	-180	-1001	217
-2013	136	3330	-146	-917	171
-1940	153	3377	-114	-864	110
-1945	153	3543	-93	-807	60
-1931	161	3591	-87	-874	6
-1906	230	3598	-104	-931	-10
-1901	216	3493	-84	-969	-32
-1794	177	3366	-71	-912	-85
-1656	179	3306	-51	-751	-140
-1754	171	3449	-24	-580	-122
-1756	171	3495	2	-567	-111
-1758	170	3581	24	-554	-109
-1727	180	3579	47	-534	-103
-1681	218	3567	55	-480	-81
-1661	223	3590	34	-418	-73
-1592	195	3595	33	-366	-71
-1577	185	3618	26	-293	-70
-1572	221	3664	13	-267	-56
-1559	179	3712	-8	-245	-45
-1514	169	3713	-24	-241	-78
-1501	179	3734	-18	-205	-76
-1524	167	3727	-12	-208	-71
-1512	177	3742	-22	-191	-79
-1518	163	3744	-8	-197	-95
-1467	115	3767	18	-178	-143
-1540	206	3806	6	-186	-172
-1434	140	3752	20	-171	-150
-1457	221	3738	5	-144	-145
-1443	214	3753	-19	-121	-102
-1395	186	3762	-3	-78	-78
-1402	163	3800	32	-33	-60
-1424	200	3867	43	-60	-56
-1437	222	3853	34	-114	-36
-1423	230	3827	29	-143	-24
-1396	237	3770	12	-124	-14
-1390	222	3742	3	-69	-11
-1387	228	3761	7	-9	5
-1408	224	3795	2	11	23
-1421	199	3822	-4	-6	23
-1394	195	3828	2	-7	17
-716	15	4019	11	27	31
-719	16	4007	11	40	32
-733	5	4015	11	38	30
-744	7	4001	11	41	23
-746	-10	3998	8	47	16
-773	-3	4009	6	56	8
-790	-23	4001	5	54	2
-807	-13	4016	2	42	-11
-833	5	4008	4	34	-15
-837	3	4003	8	22	-11
-847	-8	3990	13	15	-2
-838	-13	3978	14	11	4
-821	-13	3987	10	23	5
-808	2	3979	10	43	13
-790	16	3996	9	57	14
-783	17	4012	9	56	12
-776	9	4027	9	41	2
-782	23	4034	8	26	-11
-784	30	4019	5	13	-9
-779	-11	3967	7	40	-6
-795	-17	4002	11	71	1
-795	-7	4015	11	58	8
-804	-15	4010	8	36	2
-814	20	3983	5	8	4
-820	0	3982	2	4	-20
-827	-16	3976	23	-21	-40
-828	-81	3926	69	52	-24
-808	13	3989	69	106	-18
-800	52	3978	20	112	9
-723	23	3941	1	236	-14
-753	14	3793	-40	180	-7
-662	-12	3666	-5	411	-28
-693	11	3735	26	562	-42
-686	47	3785	30	717	-8
-718	51	3860	27	827	24
-733	25	3846	51	918	37
-740	-6	3825	44	1035	22
-765	-63	3798	38	1155	-16
-824	-26	3821	43	1301	-34
-853	-21	3855	58	1415	-50
-864	39	3859	45	1486	-79
-859	24	3818	68	1631	-108
-891	6	3786	77	1784	-158
-850	156	3783	14	1993	-190
-1193	325	3978	-6	2121	-55
-1327	119	3560	45	2288	105
-1467	34	3717	-37	2990	30
-1739	126	3982	41	3645	-14
-2453	79	4192	152	4284	113
-3622	-248	4441	239	5010	4
-4436	-240	5587	224	4922	-180
-4469	28	6202	144	3743	-14
-4146	60	5788	95	2544	84
-3752	88	4502	116	1782	103
-3447	139	3512	164	1799	76
-3373	275	3176	149	2227	27
-3561	202	3488	105	2591	78
-3721	177	4050	73	2480	150
-3654	156	4539	56	1905	264
-3407	201	4686	58	1051	395
-3093	177	4484	100	89	513
-2798	103	3984	149	-897	571
-2519	17	3246	116	-1830	594
-2110	-28	2280	46	-2523	567
-1737	-67	1335	-47	-2876	402
-1440	-153	563	-54	-2677	269
-1134	-149	75	10	-1665	93
-1294	-43	355	26	-151	-58
-1808	181	1356	38	822	-284
-2371	401	2553	40	968	-432
-2842	495	3577	13	388	-374
-3068	420	4071	-38	-700	-179
-2979	287	3867	-82	-1787	51
-2745	166	3121	-128	-2475	227
-2392	90	2274	-157	-2508	282
-2075	82	1824	-191	-1952	307
-2036	107	1931	-132	-1176	342
-2161	231	2489	-110	-602	405
-2292	241	3106	-132	-503	471
-2339	279	3492	-130	-726	521
-2289	245	3561	-135	-1038	536
-2272	204	3415	-161	-1325	514
-2180	53	3154	-180	-1491	461
-2009	50	2921	-164	-1438	346
-1972	90	2919	-122	-1246	285
-1973	80	2975	-41	-1113	252
-1962	153	3164	9	-985	263
-2019	208	3246	33	-979	332
-2011	247	3244	26	-990	330
-1994	291	3257	-4	-969	263
-1984	293	3267	-28	-963	219
-1913	302	3241	-35	-964	144
-1847	318	3282	-37	-886	135
-1871	311	3409	-44	-812	121
-1874	283	3498	-53	-799	97
-1887	263	3528	-72	-803	58
-1816	299	3477	-101	-802	37
-1738	343	3403	-126	-744	28
-1700	391	3384	-120	-641	51
-1719	393	3396	-129	-530	49
-1695	361	3423	-109	-492	74
-1643	297	3413	-96	-363	52
-1701	323	3466	-84	-278	50
-1704	359	3584	-80	-234	50
-1668	448	3637	-66	-233	117
-1678	475	3696	-58	-208	185
-1672	459	3724	-63	-207	219
-1637	392	3705	-76	-218	224
-1602	370	3633	-90	-220	229
-1580	403	3574	-64	-172	246
-1517	437	3583	-45	-117	275
-1589	354	3714	-29	-24	257
-1543	248	3796	-29	-9	211
-1576	264	3888	-13	-36	147
-1547	323	3858	-39	-180	137
-1441	390	3720	-40	-179	159
-1448	453	3703	-51	-81	186
-1452	512	3782	-77	-43	232
-1468	456	3828	-103	-60	243
-1489	413	3842	-127	-106	234
-1460	353	3810	-152	-166	219
-1400	259	3749	-164	-180	156
-1355	170	3772	-158	-162	51
-1379	69	3816	-127	-191	-75
-1446	96	3875	-91	-219	-237
-1461	237	3866	-49	-249	-307
-1434	316	3823	-3	-240	-291
-1393	374	3801	23	-184	-264
-1361	339	3812	27	-182	-233
-1298	264	3806	28	-208	-253
-1038	-12	3936	-2	21	-13
-1055	-35	3959	-9	24	-23
-1049	-27	3966	-8	16	-32
-1045	-43	3931	-7	9	-29
-1037	-31	3940	-10	16	-20
-1050	-48	3924	-7	28	-21
-1060	-36	3939	-8	23	-21
-1064	-15	3959	-1	4	-2
-1063	-15	3965	-4	-7	5
-1043	-33	3897	-1	-6	15
-1028	-34	3905	20	48	15
-1041	-26	3895	27	70	13
-1064	-24	3987	17	56	18
-1092	-43	4002	-8	-6	7
-1084	-47	3952	-17	-45	1
-1085	-8	3895	-11	-52	9
-1074	4	3880	6	-32	17
-1035	4	3894	11	-6	14
-1011	-7	3868	9	33	16
-981	-8	3889	4	89	21
-993	-3	3923	-3	123	28
-1026	-16	3937	-7	127	19
-1046	-4	3921	-8	122	0
-1069	-22	3880	-8	123	-5
-1068	-9	3867	-6	138	13
-1123	6	3846	-7	147	42
-1124	-14	3869	-11	182	39
-1152	-15	3927	6	209	36
-1163	-20	3910	-3	206	47
-1104	-12	3872	-11	228	65
-1022	-9	3875	-52	273	69
-997	-3	3848	-89	318	44
-997	-68	3720	-49	352	7
-946	-69	3633	-36	560	-23
-993	-67	3778	-52	756	-61
-1003	-42	3822	-45	839	-84
-1034	-26	3835	-36	885	-51
-992	-113	3663	60	861	-14
-974	-136	3562	88	1070	-15
-1049	-156	3556	121	1346	-11
-1119	-123	3622	150	1590	11
-1209	-173	3663	197	1827	8
-1308	-85	3619	273	1987	43
-1405	-70	3543	357	2256	148
-1556	269	3562	439	2465	388
-1791	357	3663	349	2750	362
-2090	159	3995	236	3006	291
-2468	-146	4063	185	3310	89
-3075	32	4153	44	3749	-231
-3894	112	4794	-30	4169	-360
-4194	155	5628	-103	3713	-209
-4108	235	5502	-48	2938	-38
-4021	307	5008	22	2198	5
-3709	189	4020	58	1791	-21
-3354	178	3158	55	2006	15
-3316	34	3187	36	2397	-8
-3440	117	3535	40	2529	-15
-3530	127	3981	45	2205	23
-3504	38	4206	81	1439	80
-3363	-159	4084	179	562	101
-3173	-103	3676	186	-246	7
-2960	124	3195	128	-879	-51
-2707	381	2728	13	-1213	-22
-2653	409	2541	-104	-1331	66
-2591	310	2353	-189	-1533	161
-2409	211	2077	-256	-1775	301
-2163	83	1712	-267	-1969	416
-1935	-33	1304	-204	-1733	445
-1901	-127	1248	-150	-997	465
-2138	-80	1696	-110	-209	352
-2439	-10	2486	-115	106	179
-2600	103	3202	-109	-149	13
-2733	241	3716	-84	-801	20
-2754	219	3781	-83	-1601	116
-2558	113	3318	-116	-2286	161
-2277	28	2585	-185	-2588	171
-1958	-11	1972	-189	-2365	131
-1801	29	1808	-151	-1874	147
-1843	108	1986	-105	-1329	251
-2010	196	2361	-40	-1018	347
-2111	176	2716	-45	-891	398
-2199	146	3053	-64	-922	379
-2265	185	3234	-82	-1079	384
-2244	127	3209	-86	-1230	344
-2199	48	3098	-69	-1250	175
-2071	67	2976	-30	-1169	96
-2029	16	2982	-23	-981	76
-2025	26	3161	-20	-832	14
-2043	76	3283	-8	-762	15
-2059	108	3414	-8	-736	24
-2021	40	3437	28	-744	-18
-1982	-3	3410	48	-731	-141
-1934	51	3412	73	-699	-214
-1909	113	3408	87	-677	-215
-1863	152	3379	73	-629	-200
-1827	183	3379	65	-586	-199
-1821	153	3424	64	-514	-231
-1796	126	3513	43	-475	-275
-1803	123	3582	48	-498	-288
-1799	130	3552	42	-513	-274
-1772	143	3480	39	-471	-261
-1738	170	3487	56	-375	-268
-1716	163	3578	52	-320	-265
-1754	167	3698	37	-362	-254
-1740	161	3695	10	-454	-219
-1703	146	3590	-10	-452	-179
-1673	142	3567	-15	-391	-181
-1702	133	3631	-14	-324	-173
-1706	106	3642	-11	-299	-151
-1663	64	3606	-15	-272	-163
-1629	97	3621	4	-233	-159
-1623	87	3652	14	-212	-124
-1630	65	3646	23	-181	-116
-1665	86	3676	27	-152	-96
-1657	144	3685	27	-145	-47
-1685	141	3740	32	-122	-5
-1683	114	3760	17	-182	7
-1603	87	3679	7	-216	17
-1569	99	3643	9	-168	43
-1588	138	3682	-12	-146	54
-1593	146	3713	-25	-116	71
-1580	164	3739	-31	-104	96
-1561	121	3766	-43	-118	109
-1549	90	3758	-33	-129	100
-1519	100	3705	-18	-107	85
-1495	99	3722	-6	-60	64
-1537	128	3768	-7	-36	52
-1562	126	3776	-4	-63	61
-1538	146	3707	-6	-63	54
-1495	156	3696	-9	-35	50
-937	-44	3970	-51	-45	-54
-964	-18	3978	-33	-66	-27
-969	-14	3956	-15	-53	-19
-951	-46	3939	2	-23	-24
-936	-39	3945	9	-1	-18
-922	-43	3970	7	20	-11
-930	-39	3961	-3	46	-13
-935	-42	3964	-8	68	-20
-952	-50	3959	-7	66	-26
-949	-63	3961	1	59	-41
-936	-47	3958	14	56	-35
-980	-38	3961	20	46	-19
-963	-34	3951	25	47	-9
-970	-30	3957	16	62	-11
-983	-27	3974	5	68	-19
-1017	-19	3969	-1	48	-25
-1030	-24	3999	-1	12	-26
-1033	-15	3949	6	-19	-14
-1019	-41	3933	7	-19	-5
-1026	-22	3933	11	-12	-2
-1027	-33	3935	18	1	-2
-1028	-19	3929	23	6	0
-1027	-18	3961	23	-2	12
-1031	-44	3985	24	-29	15
-999	-23	3987	14	-68	40
-971	-56	3963	34	-116	13
-959	0	3949	38	-120	-23
-954	-16	3925	33	-37	18
-920	-60	3864	18	40	6
-876	-14	3927	-38	230	-4
-857	-86	3796	50	188	0
-797	-38	3758	87	331	45
-823	7	3839	81	396	49
-809	-19	3795	122	433	62
-813	-24	3844	112	541	57
-848	-11	3811	76	636	63
-833	-25	3788	76	796	51
-902	-2	3799	74	914	24
-928	4	3818	75	1020	9
-967	31	3852	90	1108	32
-930	65	3838	126	1183	93
-857	83	3815	159	1273	116
-713	95	3708	158	1399	150
-708	88	3642	171	1701	137
-953	138	3641	179	2127	200
-1317	87	3602	310	2596	245
-1403	120	3804	378	3193	241
-1869	143	4053	298	3702	175
-2610	69	3895	274	4335	37
-3673	-118	4240	314	5335	-233
-4221	-67	5752	166	5333	-558
-4311	109	6387	66	4206	-548
-4340	257	6012	101	2795	-357
-4025	339	4645	151	1825	-128
-3567	223	3314	218	1604	11
-3307	139	2540	276	2059	-45
-3400	160	2624	218	2699	-214
-3617	152	3239	127	2946	-295
-3650	186	3772	38	2601	-313
-3521	209	4039	25	1969	-128
-3332	119	4064	47	1184	54
-3041	84	3829	89	362	161
-2798	65	3413	110	-420	221
-2491	121	2875	37	-1040	250
-2224	146	2339	-46	-1507	356
-2086	103	1884	-92	-1897	474
-1960	-54	1347	-114	-2160	509
-1776	-166	870	-87	-1960	335
-1782	-204	633	-51	-1203	35
-2034	-45	898	-18	-232	-268
-2368	43	1650	-5	473	-332
-2707	166	2629	-62	591	-340
-3044	279	3544	-109	113	-243
-3260	358	4002	-99	-827	-75
-3213	346	3734	-137	-1839	105
-2931	287	2924	-194	-2431	280
-2528	203	2099	-259	-2420	379
-2197	156	1643	-296	-1923	444
-2121	116	1810	-239	-1205	454
-2334	197	2275	-241	-796	482
-2455	166	2686	-232	-688	572
-2501	158	3009	-216	-753	570
-2511	114	3202	-199	-966	598
-2515	89	3209	-185	-1213	581
-2453	17	3059	-194	-1385	481
-2345	76	2975	-187	-1359	376
-2318	145	2998	-174	-1346	367
-2267	157	2986	-171	-1269	352
-2298	173	3008	-138	-1206	337
-2175	237	2930	-87	-1107	362
-2127	279	2980	-60	-975	360
-2154	339	3056	-61	-893	409
-2149	342	3130	-84	-863	466
-2188	279	3296	-103	-870	451
-2207	247	3339	-114	-968	370
-2180	201	3263	-106	-1019	330
-2120	213	3231	-110	-955	307
-2069	209	3227	-103	-859	293
-2042	270	3278	-90	-763	244
-2010	312	3357	-85	-699	230
-2010	331	3416	-74	-678	212
-2003	310	3429	-60	-707	194
-1969	269	3314	-49	-689	193
-1858	237	3238	-34	-561	152
-1817	234	3251	-24	-385	124
-1795	301	3373	-21	-244	85
-1818	391	3582	3	-148	100
-1873	445	3725	25	-202	110
-1852	442	3835	42	-291	86
-1770	398	3778	57	-376	22
-1732	373	3695	71	-386	-32
-1650	398	3636	99	-353	-58
-1645	475	3592	86	-311	-72
-1574	498	3587	44	-270	-81
-1598	574	3642	7	-229	-85
-1614	582	3656	-99	-295	-36
-1580	478	3624	-187	-322	22
-1592	329	3592	-234	-225	12
-1649	204	3763	-254	-188	-55
-1601	158	3879	-201	-212	-76
-1656	252	3899	-122	-226	-7
-1683	292	3822	-113	-339	64
-1546	268	3595	-96	-335	38
-1474	244	3503	-68	-209	-12
-1492	230	3627	-56	-68	-48
-1547	178	3821	-60	-48	-98
-1575	89	3907	-24	-143	-173
-1556	64	3847	19	-236	-228
-1532	76	3752	48	-256	-285
-1492	190	3690	40	-240	-332
-732	-21	4001	51	175	6
-750	-26	3992	47	192	2
-757	-11	4018	41	212	7
-782	7	4022	32	204	4
-782	14	4018	30	188	6
-808	29	4038	27	174	14
-824	11	4033	19	156	7
-841	5	4033	17	135	-4
-850	-7	4012	14	120	-12
-861	6	3996	14	111	-14
-867	6	3981	10	115	-6
-871	5	3970	12	116	3
-883	1	3966	15	122	11
-888	-13	3990	14	118	18
-880	1	3987	15	113	16
-872	26	4005	12	106	5
-880	23	3973	15	99	11
-879	3	3957	24	124	-2
-868	4	3955	22	149	1
-849	14	3962	19	159	11
-867	17	3987	22	144	10
-904	25	3995	14	115	18
-923	47	3993	9	72	13
-916	-21	3909	37	58	-27
-865	-6	3877	40	129	-34
-840	40	3947	2	241	24
-825	75	3955	-60	276	16
-830	19	3899	-77	305	5
-799	-25	3697	-10	393	-15
-782	3	3726	0	618	-10
-792	42	3846	12	765	-5
-835	55	3925	32	817	17
-864	37	3873	54	846	28
-859	2	3759	77	917	54
-896	-4	3750	78	1062	76
-944	-33	3783	67	1223	83
-1040	18	3799	71	1335	81
-1126	-14	3759	114	1387	102
-1146	46	3640	181	1505	165
-1238	-65	3673	243	1628	186
-1257	-51	3529	289	1760	152
-1367	-134	3580	363	1965	157
-1374	-38	3386	437	2162	45
-1509	-45	3309	568	2446	195
-1642	108	3398	501	2681	-4
-1719	156	3626	428	3047	-23
-2041	270	4050	312	3293	-44
-2478	396	4425	215	3550	-234
-3270	337	4727	78	3578	-263
-3979	325	4792	46	3629	-302
-4420	360	5195	130	3544	-141
-4704	335	5417	222	2834	114
-4367	271	4485	216	2227	117
-3982	250	3598	254	2237	81
-3790	283	3146	290	2640	94
-3755	224	3358	239	3039	-131
-3830	368	3756	164	3071	-150
-3872	351	4134	117	2623	-71
-3746	217	4249	88	1822	-27
-3382	129	3989	40	929	-32
-3033	75	3516	23	132	-44
-2730	143	3106	69	-468	34
-2484	125	2707	109	-894	105
-2415	220	2540	99	-1224	213
-2518	322	2597	45	-1604	435
-2667	436	2581	-75	-2038	550
-2547	445	2509	-169	-2260	570
-2336	267	2564	-189	-2443	445
-2106	96	2587	-238	-2679	384
-2017	-156	2385	-339	-2851	223
-1934	-216	2024	-438	-2780	-19
-1825	-128	1734	-440	-2496	-113
-1877	171	1595	-405	-2128	-162
-2049	384	1618	-341	-1912	1
-2192	324	1722	-310	-1728	179
-2408	278	1991	-257	-1553	185
-2485	52	2281	-268	-1570	55
-2530	-41	2544	-228	-1526	-60
-2544	-76	2691	-176	-1569	-117
-2386	-17	2792	-129	-1458	-92
-2245	105	2936	-107	-1356	-123
-2169	305	3065	-46	-1191	-81
-2094	388	3210	-46	-1077	-81
-2072	405	3265	-59	-993	-38
-1996	388	3271	-38	-958	91
-1978	256	3248	-39	-937	199
-1921	173	3203	-15	-937	262
-1878	132	3192	-15	-887	252
-1850	144	3236	-13	-843	200
-1832	161	3296	16	-817	151
-1772	122	3346	36	-738	40
-1836	147	3507	30	-672	-48
-1836	175	3599	35	-721	-105
-1796	186	3602	44	-748	-137
-1760	207	3578	36	-788	-173
-1711	247	3505	29	-808	-173
-1619	308	3409	12	-725	-174
-1582	256	3472	-8	-599	-190
-1553	198	3539	-13	-483	-223
-1560	213	3608	-22	-402	-264
-1575	303	3724	-41	-354	-232
-1620	324	3762	-72	-365	-195
-1616	326	3751	-85	-396	-154
-1580	300	3664	-100	-381	-93
-1505	254	3560	-108	-256	-51
-1495	268	3626	-107	-124	5
-1530	250	3711	-100	-79	60
-1570	243	3778	-94	-100	95
-1551	220	3754	-100	-134	144
-1531	231	3730	-88	-106	199
-1535	209	3685	-79	-62	257
-1566	185	3726	-83	-4	269
-1563	105	3716	-88	-24	264
-1536	37	3707	-80	2	211
-1556	29	3750	-102	-15	203
-1527	-29	3749	-75	-18	177
-1530	-18	3772	-20	14	108
-1563	118	3786	-1	37	86
-1532	152	3787	-4	30	102
-1503	170	3774	6	26	110
-1511	231	3742	-3	16	139
-1520	238	3722	-26	31	165
-1505	235	3751	-39	48	175
-1513	225	3779	-55	52	179
-1480	175	3781	-53	58	169
-1509	152	3756	-47	65	126
-1493	116	3752	-33	84	74
-1488	146	3756	-17	74	47
-1470	174	3761	-7	84	31
-1488	229	3759	-9	85	30
-867	58	3998	0	-61	-6
-884	49	4001	-2	-83	13
-847	41	3953	-7	-76	13
-846	53	3948	-11	-38	-2
-864	45	3971	-11	-17	-9
-869	43	4007	-9	-22	-4
-888	31	3997	-9	-35	-5
-896	27	3970	-6	-45	-12
-913	47	3985	-4	-57	-4
-898	38	4001	-3	-75	3
-886	34	3992	-1	-87	-8
-894	36	3949	-2	-81	-15
-880	22	3948	1	-62	-20
-875	39	3942	1	-38	-7
-866	46	3964	0	-14	11
-873	44	4001	-2	-14	21
-867	36	4005	2	-26	17
-847	42	4014	6	-46	14
-833	52	3968	11	-42	20
-831	42	3949	11	6	23
-824	17	3994	16	28	18
-839	41	4009	16	22	15
-865	56	4016	21	-6	6
-895	65	3990	17	-29	0
-907	63	3981	26	-82	-2
-918	-10	3880	65	-80	-43
-888	13	3800	91	40	10
-803	15	3871	85	167	37
-730	58	3936	44	255	40
-699	72	3933	15	282	49
-659	85	3844	-8	368	34
-653	78	3844	-23	513	53
-651	33	3792	16	604	41
-689	56	3807	32	735	40
-726	28	3822	92	843	34
-803	68	3859	97	992	16
-892	79	3822	93	1085	31
-943	15	3745	107	1196	11
-951	6	3733	117	1364	-32
-1069	42	3837	153	1454	-51
-984	57	3798	168	1474	-56
-933	77	3711	179	1604	0
-806	164	3655	191	1792	53
-872	272	3750	207	1991	145
-1207	146	3796	169	2193	82
-1378	128	3394	191	2675	54
-1446	67	3638	166	3561	-72
-2058	159	4075	192	4208	-296
-2873	199	4781	251	4421	-307
-3613	-1	5159	278	4200	-415
-4089	-57	5379	219	3753	-594
-3961	213	4995	145	3046	-525
-3794	336	4539	66	2363	-299
-3587	355	3897	2	1889	-93
-3282	279	3035	2	1899	-16
-3269	247	2691	63	2309	-3
-3506	245	2967	86	2788	-41
-3886	292	3675	22	2775	-80
-3977	406	3977	-63	2375	15
-3901	291	4046	-61	1975	299
-3692	202	4067	-66	1355	299
-3467	103	3767	9	793	427
-3219	28	3477	73	233	462
-2924	-115	3067	97	-351	403
-2639	-22	2639	71	-839	214
-2381	103	2288	37	-1207	150
-2285	167	1966	13	-1494	156
-2187	165	1641	-38	-1662	115
-2129	39	1281	-91	-1670	47
-2039	-35	1113	-115	-1400	-181
-2118	45	1274	-103	-899	-239
-2337	64	1761	-61	-447	-75
-2527	101	2384	-35	-250	45
-2633	136	2978	-20	-343	21
-2793	255	3431	-64	-868	-38
-2795	381	3435	-103	-1571	98
-2706	360	3072	-197	-2155	200
-2484	317	2511	-262	-2368	276
-2207	186	2021	-318	-2181	334
-2126	143	1914	-307	-1613	327
-2182	95	2210	-307	-1112	360
-2320	197	2701	-231	-873	426
-2466	182	3137	-206	-917	539
-2516	171	3343	-193	-1129	537
-2488	212	3315	-243	-1401	553
-2396	154	3096	-236	-1509	492
-2273	136	2956	-196	-1423	410
-2186	167	2850	-162	-1307	337
-2138	205	2898	-123	-1108	355
-2159	221	3059	-102	-987	385
-2124	284	3140	-106	-929	397
-2139	295	3211	-93	-906	391
-2115	269	3252	-115	-912	358
-2045	345	3213	-123	-894	314
-2028	378	3204	-117	-844	369
-1997	319	3184	-107	-746	362
-1974	289	3251	-100	-644	311
-1953	341	3289	-78	-621	320
-1913	347	3304	-76	-618	306
-1847	324	3345	-83	-528	234
-1900	362	3490	-114	-473	162
-1993	317	3622	-137	-532	105
-1895	372	3504	-136	-587	100
-1802	327	3549	-140	-537	111
-1815	337	3547	-152	-542	111
-1756	300	3552	-181	-483	100
-1725	308	3490	-180	-455	69
-1741	325	3476	-182	-381	55
-1710	329	3501	-173	-294	42
-1738	315	3575	-152	-215	31
-1767	252	3579	-123	-184	18
-1763	224	3595	-88	-159	30
-1803	238	3659	-68	-182	45
-1779	275	3616	-53	-202	47
-1770	284	3599	-34	-191	76
-1734	265	3567	-28	-154	63
-1739	298	3595	-29	-100	77
-1723	275	3648	-42	-77	92
-1710	315	3677	-57	-55	85
-1696	296	3684	-82	-81	125
-1702	241	3666	-93	-86	149
-1686	188	3664	-97	-71	102
-1657	168	3642	-96	-56	66
-1653	155	3639	-80	-12	54
-1645	127	3633	-52	31	32
-1658	187	3694	-40	38	-10
-1713	177	3688	-39	3	-57
-1681	187	3727	-37	8	-128
-1665	205	3764	-20	2	-153
-1655	179	3757	-3	-39	-169
-891	6	4018	-4	141	-24
-895	25	4011	-15	113	-19
-883	19	4005	-26	98	-5
-905	-2	4007	-34	78	5
-896	-9	4015	-41	52	8
-904	-18	4001	-49	34	3
-879	-18	3973	-53	28	12
-829	-49	3960	-51	30	23
-816	-74	3947	-42	48	4
-813	-62	3964	-35	73	-10
-834	-63	3974	-32	94	1
-855	-81	3992	-32	95	13
-864	-73	4004	-28	83	24
-848	-69	4002	-24	75	36
-867	-83	4001	-21	72	40
-890	-76	3985	-12	67	30
-925	-64	3970	0	62	17
-942	-51	3985	3	52	4
-949	-48	3984	2	38	-6
-926	-37	3958	-3	33	-21
-886	-35	3938	-3	51	-13
-829	-21	3931	-9	86	-2
-819	-35	3938	-19	128	-1
-838	-35	3923	-28	169	-9
-854	-35	3968	-30	206	-21
-898	-38	3986	-29	202	-23
-891	-42	4001	-21	172	-27
-846	-93	3992	-3	148	-53
-912	-83	3971	4	160	-38
-895	-67	3857	-31	221	-45
-911	-91	3902	-38	339	-78
-846	-149	3463	-22	339	-28
-784	-202	3374	-40	728	6
-794	-183	3570	-69	1059	18
-936	-180	3598	-62	1319	-9
-1033	-64	3648	-8	1543	-39
-1142	-72	3736	-21	1760	-37
-1121	-128	3878	-74	1868	-104
-1080	-90	4218	-71	1845	-252
-1156	0	4430	-56	1440	-320
-1244	69	4102	-82	972	-372
-1134	135	3638	-109	961	-315
-1113	191	3336	-114	1195	-125
-1217	164	3055	-142	1600	112
-1254	26	2914	-215	2350	295
-1487	-111	3404	-255	3220	239
-1965	-334	4131	-170	3774	94
-2508	-284	4451	-87	3869	-66
-3079	-9	4567	-17	4079	-108
-3822	-13	5300	4	3966	-260
-4182	-15	5488	-56	3381	-264
-4440	-161	5352	25	2980	-57
-4563	-303	5187	143	2429	107
-4289	-350	4458	170	1953	-1
-3779	-268	3493	137	2026	-204
-3515	-91	3213	126	2568	-242
-3584	-34	3617	178	2661	-173
-3456	37	3776	240	2246	-122
-3171	80	3725	285	1711	61
-2977	68	3528	283	1107	259
-2753	0	3134	256	439	367
-2501	5	2677	190	-176	354
-2254	50	2254	120	-641	403
-2152	66	1922	80	-920	489
-2174	122	1691	92	-1004	608
-2246	77	1653	92	-896	616
-2419	26	1842	30	-749	559
-2534	-34	2147	-35	-647	499
-2666	-72	2576	-69	-695	455
-2690	-68	2923	-19	-921	411
-2699	-111	3026	-12	-1350	294
-2650	-49	2922	-7	-1759	233
-2564	3	2688	-17	-2060	200
-2438	-32	2368	-55	-2122	145
-2359	32	2214	-103	-1959	124
-2306	49	2150	-142	-1727	136
-2229	-50	2233	-137	-1477	84
-2266	-45	2468	-112	-1275	5
-2380	-43	2684	-76	-1278	103
-2407	-24	2773	-67	-1295	124
-2398	-36	2743	-27	-1302	108
-2353	-87	2751	-31	-1281	24
-2371	-90	2762	-46	-1303	-64
-2315	-116	2794	-48	-1258	-103
-2312	-156	2793	-11	-1166	-171
-2325	-124	2877	34	-1044	-240
-2374	-129	2985	87	-973	-355
-2318	-50	3080	121	-943	-461
-2227	18	3126	177	-952	-446
-2174	-9	3173	191	-914	-410
-2172	-5	3236	219	-843	-420
-2147	43	3305	241	-830	-395
-2034	80	3223	292	-766	-342
-2005	50	3267	261	-655	-391
-2011	63	3346	229	-642	-442
-1932	99	3308	237	-583	-424
-1957	108	3387	211	-479	-407
-1929	107	3483	182	-447	-365
-1944	64	3522	175	-495	-330
-1927	49	3554	147	-487	-360
-1929	47	3562	123	-502	-373
-1900	74	3511	122	-506	-363
-1825	91	3454	108	-469	-342
-1830	105	3476	96	-424	-314
-1836	120	3507	60	-388	-287
-1833	111	3539	26	-390	-263
-1792	110	3489	-6	-393	-231
-1763	70	3473	-4	-301	-177
-1718	71	3533	-4	-206	-164
-1736	56	3632	-4	-146	-149
-1768	43	3729	-9	-152	-134
-1749	40	3761	-14	-241	-118
-1717	16	3673	-16	-312	-97
-1678	-23	3563	-20	-280	-112
-1637	-38	3537	-10	-206	-100
-1615	-48	3518	8	-101	-104
-1635	-22	3621	22	-7	-107
-1677	2	3705	34	10	-92
-1690	0	3745	39	-19	-96
-1686	-3	3750	30	-70	-100
-1653	0	3718	16	-107	-104
-1632	4	3673	11	-112	-96
-1604	-15	3653	4	-75	-84
-1607	-31	3680	9	-30	-104
-1613	-16	3703	12	-12	-112
-1606	13	3713	13	4	-99
-1574	7	3719	17	13	-89
-1587	-3	3731	25	3	-79
-1597	-11	3727	29	-5	-75
-1597	21	3707	24	0	-63
-846	-133	3921	6	-29	-26
-859	-119	3973	3	-2	-17
-860	-126	3959	-6	6	-11
-870	-126	3976	-11	4	-2
-860	-134	3987	-10	2	1
-884	-133	3993	-6	-9	1
-878	-109	4000	1	-26	0
-866	-107	3950	2	-36	11
-878	-112	3931	5	5	15
-877	-119	3957	9	23	15
-889	-111	3985	3	20	0
-889	-104	3988	-7	3	-12
-858	-99	3959	-14	-5	-16
-828	-87	3936	-24	6	-4
-827	-121	3949	-26	56	0
-846	-128	3991	-20	73	10
-846	-118	3970	-11	73	12
-840	-146	3945	-9	80	14
-830	-153	3916	-2	118	6
-823	-163	3903	12	185	-6
-834	-134	3936	21	250	-7
-873	-87	3969	15	262	7
-895	-83	3977	13	248	10
-923	-76	3918	9	233	20
-960	-98	3907	-12	235	30
-991	-150	3872	9	236	3
-1022	-206	3850	23	279	0
-1065	-226	3885	22	311	-12
-1102	-234	3902	24	341	-30
-1125	-193	3902	43	358	-4
-1101	-200	3896	57	362	-28
-1053	-102	3865	30	356	-87
-961	-33	3830	-20	436	-77
-896	18	3839	-72	536	-67
-906	-32	3810	-64	557	-41
-771	-33	3629	-49	723	9
-818	-65	3700	-46	954	21
-834	-51	3734	-54	1074	-8
-872	-16	3707	-44	1182	11
-864	25	3670	-44	1382	81
-908	-47	3722	-39	1583	180
-948	-89	3764	-16	1738	185
-983	-144	3705	32	1926	261
-1054	-141	3708	75	2103	289
-1239	-265	3835	61	2223	227
-1405	-132	3593	69	2534	259
-1748	-290	3609	41	3108	323
-2217	-371	3939	11	3536	57
-2947	-58	4212	93	3987	168
-3690	-49	4477	425	4443	220
-4580	-99	5546	479	4763	-190
-4783	-69	6189	321	4024	-194
-4666	-148	5892	132	2877	-62
-4200	-235	4715	32	2104	-95
-3840	-176	3717	85	1928	-244
-3570	67	3201	78	2051	-381
-3424	160	3019	42	2470	-166
-3429	99	3368	-28	2600	-24
-3392	141	3797	-56	2252	42
-3273	189	4119	-61	1524	157
-3087	124	4148	-58	504	414
-2844	56	3744	-65	-702	583
-2547	-116	3120	-35	-1646	693
-2276	-116	2353	-26	-2266	679
-2005	-32	1632	-83	-2526	600
-1794	24	1107	-137	-2364	482
-1645	15	826	-164	-1788	327
-1789	-156	1052	-131	-1052	226
-2059	-239	1583	-103	-581	39
-2332	-204	2219	-9	-397	-56
-2565	-153	2875	75	-529	-115
-2732	18	3287	105	-1045	-141
-2781	149	3271	116	-1701	-94
-2649	232	2906	99	-2141	-24
-2472	245	2458	84	-2206	53
-2294	218	2151	37	-2017	104
-2112	137	2053	21	-1643	120
-2126	202	2307	24	-1155	175
-2261	210	2707	55	-985	287
-2306	173	2967	103	-1015	417
-2313	105	3057	63	-1154	440
-2263	81	3025	1	-1208	364
-2234	110	3059	-37	-1254	285
-2258	74	3015	-65	-1295	210
-2154	67	2995	-73	-1251	144
-2177	114	3027	-54	-1186	121
-2144	108	3084	-50	-1153	140
-2043	52	3091	-36	-1098	136
-2014	75	3115	-14	-999	97
-2013	129	3179	-1	-902	115
-2054	145	3297	-1	-832	97
-2039	100	3379	6	-821	47
-1998	68	3418	21	-845	-3
-1899	88	3382	45	-838	4
-1859	75	3435	66	-803	-33
-1804	89	3417	68	-757	-105
-1815	139	3360	74	-656	-107
-1804	166	3358	61	-520	-102
-1781	208	3398	66	-404	-90
-1780	231	3424	43	-354	-94
-1763	280	3436	29	-294	-62
-1830	300	3531	4	-233	1
-1803	283	3608	-25	-255	46
-1789	296	3645	-25	-281	111
-1725	266	3600	-17	-286	163
-1706	256	3598	-22	-233	211
-1729	198	3621	-29	-191	219
-1713	163	3662	-61	-213	167
-1716	195	3623	-48	-171	157
-1654	236	3582	-62	-140	180
-1625	210	3574	-85	-81	211
-1610	195	3579	-104	-22	197
-1639	191	3673	-108	35	192
-1705	206	3718	-95	24	195
-1704	181	3730	-96	-35	204
-1661	175	3660	-101	-38	196
-1672	150	3608	-87	-5	201
-1628	121	3645	-65	55	165
-1621	83	3711	-52	70	101
-1647	70	3758	-52	24	31
-1649	64	3768	-38	-25	-15
-1605	56	3728	-28	-85	-64
-1554	69	3692	-3	-59	-127
-1589	122	3703	4	-30	-154
-1593	132	3714	9	-13	-180
-1585	183	3712	6	1	-191
-1588	213	3708	4	6	-180
-1563	163	3687	15	45	-186
-1608	162	3727	13	37	-210
-1575	117	3716	8	20	-239
225	96	4101	7	55	3
226	90	4096	2	53	4
224	82	4099	-2	49	-4
216	88	4121	-10	34	-5
220	86	4084	-8	29	1
189	96	4094	-5	34	13
189	59	4067	1	48	18
182	65	4105	4	53	1
182	107	4110	0	47	-7
212	92	4043	10	65	8
186	64	4020	17	120	9
175	95	4078	11	145	-2
182	92	4110	-3	130	-7
165	98	4130	-12	98	0
164	78	4112	-13	60	3
199	63	4086	-14	55	-10
222	60	4074	-10	87	-10
254	85	4015	-7	125	-2
227	65	3987	-3	188	-12
177	36	3986	-4	267	-53
147	61	4029	-8	347	-77
128	108	4060	-2	388	-49
124	94	4068	-4	408	-10
128	75	4014	-6	419	2
139	94	3971	-29	462	-13
134	89	3947	-62	541	-28
146	69	3925	-79	629	-53
174	40	3878	-78	759	-69
179	35	3809	-54	921	-86
169	33	3751	-48	1158	-95
127	4	3797	-44	1399	-103
45	23	3915	-50	1540	-119
-21	51	3970	-49	1627	-122
-113	73	3992	-30	1701	-147
-154	75	3949	-26	1755	-175
-234	54	3936	-22	1811	-201
-304	5	3875	0	1881	-230
-332	-11	3825	1	2016	-251
-509	-8	3907	-13	2118	-244
-607	-9	3921	-24	2208	-255
-701	-6	3889	-60	2281	-311
-737	57	3721	-109	2385	-314
-787	120	3546	-106	2572	-260
-992	147	3342	-51	2896	-249
-985	195	3124	70	3479	-228
-1099	175	3501	201	4207	-82
-1633	48	4267	121	4542	48
-2006	37	4501	36	4605	256
-2661	229	4875	46	4809	371
-3495	89	5377	24	4521	362
-4195	-137	5754	-14	4000	36
-4638	-184	6068	-38	3059	-20
-4735	-30	5607	-32	2042	79
-4321	34	4443	-119	1429	-22
-3838	148	3351	-131	1431	-41
-3565	69	2924	-75	1926	78
-3535	10	3254	-62	2388	111
-3618	-38	3839	-91	2395	1
-3558	-24	4289	-64	1978	-98
-3477	47	4500	14	1202	-40
-3254	21	4386	50	242	51
-2907	-71	3915	66	-669	145
-2488	-39	3392	134	-1418	275
-2185	52	2792	188	-1943	422
-2003	52	2226	165	-2216	427
-1889	58	1730	132	-2308	309
-1774	158	1426	78	-2116	240
-1727	156	1541	57	-1642	299
-1933	23	2030	40	-1300	130
-2051	29	2472	16	-1141	-68
-2038	117	2825	3	-1214	-53
-2079	48	3013	72	-1454	21
-2130	61	2991	128	-1807	33
-2116	137	2706	117	-2092	30
-2022	85	2406	61	-2247	-54
-1851	-4	2045	39	-2212	-189
-1793	23	1918	20	-1858	-296
-1884	109	2029	61	-1473	-290
-1994	99	2218	63	-1124	-265
-2036	203	2477	96	-846	-235
-2094	285	2919	99	-707	-163
-2173	261	3170	105	-708	-166
-2186	330	3334	59	-788	-196
-2115	306	3352	19	-831	-111
-1994	209	3345	-44	-828	-99
-1898	93	3351	-90	-738	-208
-1932	49	3436	-89	-639	-259
-1940	0	3416	-45	-553	-204
-1857	-5	3376	18	-454	-181
-1748	67	3411	61	-335	-120
-1738	115	3513	63	-312	-118
-1740	142	3492	80	-362	-108
-1763	118	3482	55	-292	-150
-1752	49	3505	62	-237	-170
-1718	13	3503	87	-227	-201
-1677	32	3519	103	-173	-212
-1700	83	3624	96	-136	-236
-1762	167	3696	87	-162	-223
-1785	218	3710	78	-231	-156
-1722	205	3672	56	-282	-126
-1637	202	3635	17	-298	-79
-1625	169	3593	-12	-282	-53
-1698	105	3612	-45	-214	-65
-1626	132	3576	-42	-208	-31
-1670	142	3649	-53	-160	-37
-1704	136	3677	-61	-191	2
-1672	131	3634	-57	-200	41
-1652	107	3629	-57	-167	72
-1677	88	3620	-62	-152	69
-1660	96	3649	-66	-123	64
-1667	101	3696	-66	-98	83
-1658	97	3716	-65	-106	87
-1645	97	3723	-65	-96	99
-1628	65	3691	-69	-97	88
-1646	60	3657	-74	-69	76
-1633	93	3656	-72	-34	81
-1663	36	3657	-74	-24	93
-1635	6	3677	-67	0	64
-1626	-18	3695	-51	-5	17
-1641	-24	3681	-39	-16	-18
-1624	-7	3696	-28	1	-52
-1612	6	3716	-23	6	-59
-1605	15	3683	-11	10	-50
-1619	7	3701	0	45	-63
-1634	21	3716	5	41	-80
-1624	8	3689	13	33	-90
-1618	25	3705	20	40	-113
-1602	26	3758	16	7	-127
-1585	47	3744	30	-22	-105
-1575	33	3715	35	-11	-85
-3	67	4102	-9	26	-2
7	45	4107	-11	21	-3
-16	55	4106	-7	10	-4
-23	40	4124	-9	-15	0
-28	62	4125	-3	-43	14
-54	61	4083	-11	-56	13
-48	58	4085	-14	-67	13
-51	31	4116	-9	-60	11
-37	50	4098	-6	-71	2
7	27	4071	-5	-72	8
106	20	3966	0	-13	7
114	12	3957	-1	85	11
98	34	4068	-5	155	10
47	60	4153	-8	131	28
26	73	4172	-18	92	29
52	63	4130	-28	51	17
29	60	4049	-28	55	2
8	61	4026	-26	104	-7
-4	63	4051	-19	128	-1
-30	30	4038	-23	156	-16
-3	31	4059	-25	171	-29
4	45	4035	-22	209	-18
12	63	3980	-26	283	16
20	43	3914	-29	396	59
27	3	3882	-30	552	77
-27	-25	3891	-34	685	62
-39	-3	3917	-21	828	19
-40	90	4007	17	916	-37
-108	194	4001	5	985	42
-133	49	3971	17	1112	122
-199	140	3981	29	1236	136
-208	79	3897	18	1273	149
-281	-155	3811	-2	1403	54
-340	-39	3823	-40	1566	-32
-378	41	3921	-97	1731	-36
-507	-7	3977	-96	1713	-57
-451	-46	3795	-69	1790	-101
-442	22	3813	-107	1984	-126
-444	33	3945	-102	2097	-114
-543	87	4096	-100	2064	-29
-552	73	4112	-61	1980	98
-550	-1	3907	-38	1968	183
-442	-67	3645	-17	2125	196
-587	-324	3646	126	2410	62
-891	-62	3612	181	2733	-57
-1209	-11	3606	129	3563	108
-1746	-22	3604	133	4350	186
-2123	-58	3714	204	4950	31
-2827	149	4551	213	5185	-157
-3686	64	4996	267	4911	-79
-4473	-122	5791	197	4751	-262
-4696	273	5853	85	3808	-209
-4579	310	5359	-19	2864	9
-4297	194	4584	-70	2114	97
-3922	109	3941	-11	1923	164
-3749	169	3547	9	2045	246
-3677	125	3545	-50	2300	216
-3750	114	3813	-124	2364	140
-3723	131	4115	-121	2070	94
-3603	161	4364	-161	1347	101
-3358	124	4446	-195	375	205
-3127	84	4167	-154	-848	439
-2780	125	3508	-89	-1991	545
-2421	135	2652	-53	-2725	537
-2105	161	1811	-82	-3054	406
-1704	151	1072	-92	-2987	302
-1369	174	706	-108	-2437	254
-1218	142	736	-89	-1500	256
-1704	6	1491	-123	-597	63
-1996	92	2355	-165	-387	-24
-2244	42	2964	-180	-758	-16
-2438	-11	3209	-218	-1480	-100
-2437	89	2966	-224	-2237	-85
-2280	97	2478	-220	-2640	58
-2201	59	1919	-227	-2588	65
-2114	100	1658	-229	-2149	37
-2074	159	1800	-171	-1423	19
-2164	145	2369	-129	-989	6
-2282	132	2850	-132	-978	-80
-2270	112	3118	-129	-1044	-108
-2218	139	3178	-119	-1075	-82
-2174	118	3167	-79	-1085	-29
-2163	185	3082	-7	-999	16
-2171	206	3104	-5	-913	22
-2100	205	3142	-15	-881	7
-2003	184	3104	-34	-845	16
-1906	75	3083	-5	-752	8
-1824	41	3105	24	-561	10
-1872	15	3248	30	-319	10
-1869	30	3371	24	-216	-40
-1941	4	3549	38	-210	-70
-1959	-35	3660	44	-302	-131
-1967	-58	3718	61	-434	-176
-1934	-36	3637	74	-595	-241
-1908	-33	3571	75	-660	-279
-1829	-27	3475	82	-718	-300
-1720	81	3372	73	-624	-313
-1688	96	3388	66	-475	-279
-1763	95	3505	64	-365	-288
-1760	97	3577	59	-363	-264
-1716	117	3592	59	-349	-195
-1645	90	3595	31	-302	-159
-1665	109	3601	8	-252	-140
-1649	98	3560	-4	-204	-107
-1643	45	3573	-18	-101	-86
-1672	35	3645	-30	-35	-66
-1631	-10	3671	-31	-10	-60
-1628	-37	3690	-27	9	-86
-1622	-28	3691	-22	15	-114
-1635	-15	3712	-10	12	-107
-1595	17	3716	-5	9	-107
-1565	34	3686	-7	6	-128
-1536	55	3698	4	49	-119
-1553	70	3696	2	88	-76
-1584	58	3741	1	122	-59
-1640	72	3790	0	113	-63
-1676	64	3769	-8	54	-86
-1624	49	3730	-12	-5	-92
-1619	49	3683	-22	-12	-94
-1572	63	3683	-22	22	-75
-1591	-7	3727	-17	50	-78
-1601	-33	3769	-13	51	-129
-1615	-14	3805	-6	-2	-158
-1611	-26	3781	5	-55	-181
-1602	-9	3702	17	-78	-195
-1584	-5	3680	24	-73	-184
-1600	-20	3689	17	-47	-176
-1609	-10	3701	19	-42	-186
-1614	0	3701	26	-38	-178
-1617	-8	3688	27	-25	-190
-184	-138	4071	29	134	54
-222	-114	4163	30	105	56
-250	-100	4154	33	32	61
-229	-66	4092	29	-7	66
-215	-68	4035	32	24	65
-233	-75	4001	34	81	51
-275	-66	4050	37	126	36
-303	-60	4068	27	137	16
-322	-67	4103	11	125	0
-353	-75	4111	1	104	-12
-342	-79	4093	-8	86	-24
-355	-89	4079	-10	74	-37
-371	-85	4068	-5	58	-33
-346	-68	4070	-4	43	-35
-333	-52	4068	-3	31	-24
-318	-60	4032	-7	37	-18
-316	-84	4043	-12	54	-23
-316	-85	4037	-11	79	-34
-331	-98	4042	-16	108	-40
-349	-103	4057	-11	116	-43
-330	-95	4044	-9	115	-33
-337	-96	4017	-9	130	-29
-316	-100	4006	-7	159	-37
-280	-115	3979	-5	181	-38
-313	-129	3917	23	302	-17
-324	-142	3995	46	373	-20
-292	-117	3984	62	413	-44
-258	-90	3899	50	491	-70
-218	-86	3788	39	662	-75
-250	-113	3721	37	926	-64
-361	-103	3778	22	1151	-57
-428	-108	3868	8	1303	-32
-518	-63	4060	28	1365	-15
-582	-52	4137	27	1222	14
-551	-31	3933	31	1173	38
-543	-17	3780	43	1305	58
-576	-19	3741	49	1502	64
-592	-10	3742	58	1701	86
-628	-6	3821	73	1881	86
-693	-9	3893	107	1950	85
-790	-55	3929	142	1952	84
-834	-174	3854	158	2000	7
-824	-221	3646	171	2121	27
-906	-251	3580	126	2358	-63
-1000	-227	3415	118	2681	-32
-1166	-38	3220	153	3286	141
-1486	199	3195	128	4026	248
-1931	205	3439	2	4667	187
-2488	283	4454	-81	5000	-12
-3268	37	5301	-40	4787	-77
-4206	104	5609	238	4288	-312
-4855	64	5959	339	3487	-265
-4640	-14	5393	197	2292	24
-4214	-21	4253	98	1510	60
-3762	94	3288	81	1247	68
-3449	61	2760	135	1445	29
-3269	-14	2447	83	1846	-97
-3296	-36	2637	-1	2361	-267
-3565	-85	3236	-61	2622	-300
-3892	-78	3954	-87	2445	-304
-4187	-57	4534	-96	1844	-266
-4189	31	4779	-66	1045	-144
-3996	-19	4655	63	215	-47
-3550	-49	4282	205	-677	108
-2928	-147	3661	342	-1497	344
-2327	-234	2922	466	-2110	495
-1951	-159	2315	477	-2534	530
-1720	-1	1774	376	-2852	507
-1624	80	1113	273	-3077	455
-1543	163	497	205	-2907	347
-1321	292	139	133	-2065	255
-1439	283	271	14	-768	277
-1910	172	990	-22	381	244
-2343	132	2045	-51	656	148
-2703	173	2832	-98	361	116
-2988	137	3351	-143	-318	176
-3024	16	3553	-140	-1128	178
-2939	-65	3375	-138	-1826	109
-2676	-75	2860	-142	-2143	53
-2400	-82	2342	-112	-1996	38
-2288	-3	2313	-73	-1508	3
-2266	140	2580	-17	-1134	4
-2299	279	2928	52	-922	119
-2322	287	3130	66	-911	209
-2281	278	3143	62	-920	224
-2215	243	3061	28	-896	235
-2144	178	3084	14	-809	181
-2179	106	3204	-1	-768	82
-2217	95	3258	9	-834	11
-2151	111	3263	15	-924	-20
-2079	124	3204	26	-980	-20
-2043	134	3144	25	-965	-39
-2036	148	3122	54	-880	-68
-1976	116	3124	53	-753	-94
-1920	90	3198	84	-609	-147
-1972	106	3366	99	-536	-234
-2023	114	3479	108	-543	-250
-1995	86	3516	111	-577	-292
-1966	80	3533	111	-581	-377
-1959	75	3498	139	-614	-458
-1918	115	3475	155	-584	-526
-1874	139	3493	173	-526	-538
-1823	129	3545	181	-539	-590
-1892	123	3548	177	-544	-636
-1903	123	3498	178	-571	-694
-1829	137	3455	161	-514	-738
-1826	133	3505	166	-472	-754
-1817	185	3527	177	-473	-762
-1795	190	3488	176	-434	-715
-1828	160	3569	155	-404	-705
-1749	145	3584	161	-406	-657
-1778	151	3622	138	-410	-653
-1767	125	3589	123	-397	-627
-1773	108	3567	104	-369	-614
-1742	119	3588	114	-304	-563
-1683	105	3607	132	-246	-539
-1720	116	3625	103	-241	-522
-1676	57	3583	95	-205	-519
-1695	52	3670	104	-159	-515
-1722	49	3689	105	-192	-491
-1697	32	3682	112	-226	-459
-1689	52	3671	118	-227	-441
-1674	53	3659	111	-224	-423
-1625	61	3625	102	-202	-397
-1612	92	3680	102	-126	-368
-1624	67	3731	98	-105	-346
-1599	78	3720	94	-101	-312
-1612	62	3712	75	-121	-292
-1572	38	3680	73	-100	-294
-1532	38	3715	65	-65	-296
-381	9	4050	11	59	-8
-375	-2	4065	4	55	-5
-401	8	4108	-1	43	-9
-396	12	4107	-4	7	-9
-397	0	4076	-3	-12	-7
-388	2	4044	-2	3	-2
-386	-3	4017	2	32	0
-401	-4	4051	-2	55	-3
-388	4	4068	3	62	-5
-398	-1	4088	0	55	-5
-409	-2	4112	-2	28	-4
-398	3	4072	-7	4	5
-409	-8	4056	-6	3	6
-396	-9	4049	-7	6	5
-410	-8	4078	-5	8	11
-398	-9	4066	-5	-19	5
-395	3	4033	-8	-8	3
-384	8	4012	-11	-2	15
-400	-22	3932	11	66	2
-356	15	3929	32	178	-1
-352	-50	3935	46	269	19
-403	-37	3978	59	365	14
-411	2	3970	47	432	24
-394	27	4001	2	485	-1
-431	28	4005	-25	515	-34
-443	56	3978	-34	569	-60
-483	47	4001	-49	613	-36
-484	38	3973	-21	641	-22
-464	-4	3972	1	681	22
-447	-7	3985	5	695	39
-406	-18	3976	25	733	49
-435	-38	3969	27	773	35
-452	-27	3941	22	850	21
-494	-30	3964	14	935	10
-527	26	3959	9	998	3
-587	-32	3887	10	1029	-16
-610	-37	3764	13	1180	-64
-682	-31	3742	-6	1401	-78
-728	29	3766	-17	1573	-46
-731	52	3717	-3	1709	21
-777	39	3685	24	1869	66
-859	23	3722	57	2095	82
-947	1	3716	95	2330	85
-1025	-110	3584	143	2631	86
-1249	-217	3549	131	3012	8
-1517	-72	3663	69	3417	35
-2055	105	3731	-82	3849	-157
-2437	353	4047	-142	4531	-137
-2986	472	5045	-88	4463	8
-3507	171	5197	60	4211	79
-4140	-287	5478	178	4063	-30
-4230	-209	5391	197	3256	67
-3992	-110	4714	128	2413	276
-3638	-101	3894	70	1934	276
-3468	-76	3171	112	1929	58
-3457	42	2836	198	2286	-150
-3597	266	2986	213	2649	-96
-3663	303	3250	125	2647	87
-3547	203	3325	63	2385	122
-3375	194	3379	48	2051	91
-3212	123	3394	25	1551	139
-3039	41	3251	4	936	178
-2791	14	3070	21	338	227
-2671	23	2883	26	-201	235
-2586	116	2628	9	-754	320
-2515	205	2322	-25	-1203	475
-2376	242	2039	-84	-1492	576
-2304	112	1845	-124	-1616	529
-2281	62	1739	-170	-1601	339
-2322	87	1700	-203	-1427	239
-2414	28	1846	-196	-1178	261
-2548	8	2103	-156	-971	183
-2662	36	2469	-92	-954	96
-2815	128	2838	-38	-1149	44
-2874	172	3078	-18	-1430	44
-2854	122	3012	-40	-1744	33
-2756	145	2795	-89	-1911	-70
-2612	170	2572	-109	-1857	-121
-2516	172	2542	-78	-1637	-65
-2462	130	2586	-76	-1451	-27
-2424	162	2689	-73	-1294	-17
-2404	189	2817	-65	-1235	42
-2315	248	2909	-70	-1220	127
-2298	216	2954	-80	-1280	187
-2208	123	2932	-74	-1295	210
-2133	98	2933	-59	-1229	174
-2090	59	3007	-56	-1185	153
-2112	23	3110	-44	-1146	119
-2168	20	3216	6	-1115	89
-2185	87	3248	4	-1188	36
-2073	120	3244	-12	-1215	30
-2115	111	3307	8	-1207	-6
-2090	168	3297	57	-1212	6
-2038	168	3248	68	-1196	62
-1964	195	3212	57	-1113	90
-1926	278	3212	35	-985	86
-1962	292	3286	-1	-870	113
-1984	258	3322	-28	-813	107
-1908	213	3318	-19	-791	189
-1832	157	3273	-6	-702	227
-1828	147	3338	13	-562	235
-1849	132	3413	20	-511	164
-1855	163	3449	-3	-489	69
-1838	203	3482	13	-489	55
-1787	217	3473	13	-448	81
-1759	222	3448	15	-369	113
-1725	279	3468	20	-268	148
-1747	284	3529	8	-210	176
-1774	330	3577	11	-224	195
-1694	299	3577	-16	-259	192
-1668	238	3590	-30	-244	186
-1640	243	3546	-26	-196	192
-1634	264	3626	-29	-127	209
-1650	305	3732	-48	-124	253
-1672	304	3751	-71	-166	244
-1687	339	3740	-83	-224	236
-1633	356	3660	-81	-229	265
-1582	320	3579	-60	-146	297
-1608	273	3619	-52	-40	256
-1633	218	3680	-12	-7	238
-1639	173	3661	11	-35	215
-1628	173	3624	-1	-49	158
-1531	211	3575	-48	-68	100
-1468	328	3598	-58	-10	140
-1490	334	3698	-40	76	171
-1574	342	3878	-4	119	144
-1616	361	3998	20	34	137
-1597	403	3949	23	-114	141
-1526	413	3778	25	-191	128
-1480	436	3670	9	-170	112
377	12	4087	4	-72	8
396	14	4050	6	-61	13
362	26	4037	10	-19	7
336	23	4059	18	13	14
302	-2	4083	19	40	2
250	-12	4114	18	52	-2
240	5	4156	8	27	1
265	1	4122	0	-16	11
299	-5	4084	2	-30	-4
330	2	4055	1	-8	-11
344	22	4056	10	7	-1
360	12	4046	16	6	2
381	12	4023	21	12	6
397	-9	3961	18	64	-7
342	-16	3956	15	172	-22
307	-49	3946	30	257	-46
298	-71	3956	27	330	-91
279	-80	4023	20	380	-123
250	-47	3967	13	372	-106
232	-75	3874	59	472	-113
211	-35	3907	76	641	-148
200	13	4059	77	800	-137
118	34	4224	66	843	-131
88	142	4242	49	753	-123
127	124	4188	44	625	-119
165	144	4006	27	576	-137
232	49	3828	11	707	-172
182	41	3789	-5	932	-200
117	53	3883	-20	1133	-207
88	45	3890	-12	1238	-200
31	40	3927	-2	1371	-168
-14	-4	3895	-38	1492	-180
-94	-66	3867	-65	1661	-234
-173	-52	3919	-53	1810	-284
-203	-11	4034	-24	1876	-296
-320	8	4105	-7	1852	-284
-331	-7	4055	-19	1827	-289
-290	35	3947	-21	1883	-336
-304	147	3850	-17	1995	-351
-383	178	3769	-39	2133	-281
-482	91	3706	-77	2347	-247
-534	12	3569	-61	2597	-260
-715	-13	3532	-8	2911	-220
-810	41	3620	-45	3286	-127
-1274	-64	3942	-202	3498	-68
-1656	-515	3687	-369	3773	-233
-1980	-408	3913	-442	4113	-786
-2370	-49	4171	-352	4468	-1006
-2704	166	4875	-244	4435	-851
-3460	739	5251	-148	3973	-567
-4148	-122	5516	-82	3520	-261
-4522	-394	5483	-83	2763	-65
-4339	-345	4859	-140	1948	272
-3922	-194	4042	-220	1721	386
-3590	-270	3535	-198	1907	30
-3420	-133	3359	-52	2291	-330
-3368	-82	3494	49	2597	-45
-3374	-195	3805	-6	2622	49
-3354	-234	4036	9	2280	219
-3223	-291	4089	161	1707	333
-3039	-326	3965	357	953	364
-2826	-275	3551	412	133	295
-2575	-201	2985	386	-527	263
-2374	-46	2478	391	-956	373
-2279	59	2217	411	-1205	521
-2334	52	2054	362	-1422	607
-2334	-27	1863	268	-1630	524
-2285	-71	1767	177	-1691	311
-2319	-5	1826	72	-1542	237
-2268	10	1912	-39	-1187	316
-2296	1	2253	-108	-711	310
-2464	37	2796	-128	-532	167
-2580	166	3280	-125	-787	170
-2649	199	3383	-139	-1340	313
-2586	184	3131	-196	-1845	432
-2437	121	2648	-279	-2188	498
-2204	-4	2203	-332	-2149	511
-2162	-7	2045	-324	-1863	459
-2067	-12	2015	-268	-1496	451
-2199	51	2318	-233	-1117	508
-2193	31	2638	-204	-972	495
-2303	33	2915	-156	-961	516
-2299	-67	3047	-124	-1066	462
-2244	-116	3005	-90	-1083	315
-2193	-60	2995	-70	-1021	259
-2178	9	3033	-67	-953	193
-2121	65	3059	-58	-918	141
-2141	97	3118	-67	-839	73
-2145	117	3235	-76	-764	31
-2092	96	3310	-49	-762	12
-2003	-5	3321	-6	-775	-33
-1962	-45	3303	45	-763	-96
-1927	58	3280	56	-715	-127
-1943	132	3314	47	-647	-106
-1934	123	3382	62	-574	-103
-1880	120	3398	72	-535	-152
-1859	88	3470	73	-458	-174
-1852	39	3552	63	-462	-254
-1889	-43	3584	73	-509	-328
-1886	-41	3501	127	-558	-400
-1836	-36	3448	161	-503	-462
-1770	19	3418	206	-446	-487
-1748	127	3433	223	-363	-464
-1764	159	3505	217	-267	-440
-1757	140	3597	208	-250	-444
-1804	115	3668	186	-271	-488
-1842	114	3686	171	-325	-487
-1802	122	3693	167	-356	-476
-1758	174	3668	166	-394	-431
-1734	181	3660	155	-405	-389
-1723	161	3640	129	-393	-356
-1694	125	3633	119	-416	-338
-1621	72	3577	114	-371	-325
-1625	99	3599	119	-320	-251
-1596	134	3581	99	-268	-198
-1586	166	3610	82	-196	-159
-1593	189	3665	44	-130	-89
-1621	171	3768	3	-119	-31
-1598	129	3820	-16	-174	26
-1575	99	3774	-31	-224	82
-1528	83	3699	-47	-251	94
-1485	64	3636	-53	-198	89
-1499	82	3635	-58	-114	96
-1486	59	3710	-40	-53	111
-1537	73	3776	-16	-55	117
-1503	80	3754	-20	-117	102
-1456	118	3767	-33	-128	118
-1446	116	3778	-37	-115	142
-1432	93	3813	-38	-111	158
-1395	94	3853	-37	-117	158
-399	-69	4065	-3	21	-9
-400	-60	4065	-4	24	-13
-408	-66	4077	-4	19	-7
-407	-73	4072	-2	21	-3
-401	-83	4074	-1	30	-5
-416	-57	4075	7	34	-2
-419	-63	4057	5	35	7
-407	-54	4045	7	40	11
-405	-68	4056	4	54	19
-419	-86	4095	5	54	21
-442	-81	4098	5	34	19
-462	-77	4085	10	7	13
-455	-74	4094	7	-15	1
-463	-53	4039	11	-9	-1
-472	-75	4015	19	32	-8
-449	-60	4032	20	37	5
-441	-54	4035	19	47	6
-448	-34	4081	17	30	-19
-452	-65	4055	22	16	-32
-450	-58	4001	24	66	11
-435	-93	4017	23	103	13
-414	-47	4028	21	112	-11
-380	-45	4065	13	123	-12
-364	-61	4036	-3	124	-21
-352	-60	3978	-11	182	-32
-356	-44	3981	-32	262	13
-347	-94	3833	-10	358	31
-339	-122	3939	17	542	15
-382	-135	3973	27	537	-23
-362	-59	3940	23	601	-43
-342	-22	3933	11	693	-41
-344	5	3961	7	762	-32
-356	22	3916	2	822	-31
-402	17	3857	11	938	-34
-428	-45	3864	31	1080	-51
-462	-25	3839	31	1217	-53
-512	-65	3824	42	1333	-63
-582	-86	3778	38	1483	-68
-717	-70	3798	29	1648	-79
-799	-107	3807	15	1800	-127
-884	-118	3812	7	1906	-155
-864	-133	3856	41	1995	-164
-837	24	3701	82	2182	-121
-925	25	3777	70	2399	-15
-1010	53	3620	145	2712	146
-1182	10	3436	199	3241	160
-1536	-11	3689	171	3825	84
-1956	-46	3750	71	4257	-16
-2818	-32	4475	1	4565	-179
-3461	35	4967	64	4397	-158
-4012	-132	5273	111	4230	-141
-4253	-65	5448	136	3620	-58
-3985	-18	4881	145	2746	137
-3621	-9	4065	93	2144	194
-3374	4	3241	29	2017	60
-3313	10	2706	1	2284	-80
-3412	59	2595	-6	2691	-185
-3592	95	2873	-6	2961	-149
-3715	13	3322	-7	2914	-85
-3662	50	3635	-7	2477	-105
-3458	56	3610	4	1883	-55
-3300	70	3453	5	1249	13
-3146	47	3206	-19	694	113
-3075	-26	2944	-22	222	161
-2965	-150	2708	-31	-96	84
-2845	-132	2591	-12	-312	93
-2842	-70	2553	37	-533	180
-2883	-8	2558	90	-823	315
-2939	37	2570	85	-1173	463
-2761	69	2434	41	-1534	504
-2656	70	2197	-51	-1860	429
-2561	89	1870	-127	-2017	244
-2422	112	1561	-160	-1872	129
-2405	-20	1602	-133	-1400	114
-2474	-78	1924	-114	-988	86
-2577	-137	2306	-86	-762	102
-2631	-152	2705	-43	-805	37
-2730	22	2961	1	-1096	-19
-2765	95	2940	-4	-1489	-12
-2680	165	2796	-50	-1795	14
-2566	170	2470	-64	-1867	114
-2483	168	2292	-109	-1750	218
-2371	9	2257	-102	-1475	269
-2342	42	2471	-105	-1175	223
-2355	93	2756	-129	-1030	263
-2397	86	2985	-108	-1054	313
-2375	51	3030	-87	-1114	362
-2321	10	3072	-64	-1103	378
-2331	-23	3107	-65	-1080	315
-2309	31	3095	-94	-1077	221
-2323	99	3130	-103	-1064	235
-2211	142	3107	-95	-1049	268
-2168	195	3181	-101	-1056	278
-2166	190	3205	-120	-1112	338
-2162	93	3174	-131	-1128	346
-2119	181	3113	-152	-1083	303
-2093	240	3090	-158	-965	393
-2072	213	3115	-145	-879	447
-2032	173	3097	-100	-785	453
-2003	136	3130	-110	-682	442
-1989	98	3231	-108	-555	368
-2011	75	3379	-87	-541	274
-2047	96	3497	-51	-553	213
-2041	146	3509	-48	-615	180
-1998	239	3464	-62	-619	166
-2011	284	3448	-53	-605	207
-1972	281	3465	-59	-581	203
-1908	222	3506	-53	-591	206
-1796	180	3439	-48	-610	210
-1812	172	3445	-31	-469	198
-1790	190	3416	-22	-389	158
-1827	251	3531	-14	-294	151
-1854	306	3566	-33	-299	173
-1835	283	3526	-33	-321	206
-1821	304	3548	-44	-302	223
-1792	277	3591	-48	-291	247
-1762	232	3634	-51	-282	222
-1796	207	3675	-47	-297	195
-1808	173	3707	-37	-334	147
-1762	211	3691	-24	-361	153
-1738	223	3600	-3	-357	192
-1649	220	3577	14	-314	216
-1606	209	3581	9	-252	200
-1615	220	3623	-15	-191	165
-1620	208	3673	-25	-147	162
-1648	168	3695	-28	-122	164
-1600	113	3708	-3	-110	133
-1587	-5	3765	34	-94	45
-1518	-51	3817	84	-74	-65
-1599	184	3824	44	-177	-34
-251	-5	4078	1	116	29
-256	6	4074	7	122	15
-262	12	4058	5	134	14
-267	16	4079	5	142	13
-283	20	4072	-7	148	4
-309	25	4087	-8	147	10
-301	11	4116	-8	123	16
-302	1	4077	-12	101	15
-275	-14	4056	-9	104	10
-277	-5	4068	-8	126	19
-300	2	4106	-5	129	20
-307	23	4096	-9	104	14
-306	38	4124	-10	83	7
-282	23	4095	-15	70	0
-270	11	4024	-10	84	5
-269	9	3992	-2	158	1
-285	-4	4028	-7	196	10
-306	-3	4067	-12	206	14
-313	-34	4081	-17	188	6
-304	-35	4082	-28	168	-11
-285	-51	4057	-35	162	-54
-283	-6	3961	-37	207	-44
-307	16	3896	-13	329	-29
-304	95	3944	-3	445	-30
-306	116	3987	-10	515	14
-321	81	3993	-7	560	44
-335	34	3973	5	614	72
-352	-32	3892	30	707	73
-342	-49	3810	59	871	61
-382	-25	3931	68	1058	52
-419	-36	3932	94	1062	34
-450	-19	3867	116	1122	9
-451	14	3831	124	1295	16
-507	31	3743	145	1444	33
-527	5	3752	184	1656	80
-647	-42	3769	201	1865	85
-713	-53	3807	245	2018	51
-799	-64	3883	274	2161	11
-830	-41	3834	310	2204	-2
-861	-12	3791	333	2270	-39
-935	34	3744	379	2334	-68
-1061	72	3648	408	2429	-66
-1239	34	3516	473	2630	-37
-1284	202	3363	623	3055	39
-1537	298	3461	703	3581	127
-1975	456	3816	639	3926	279
-2517	630	4216	561	4054	403
-3169	570	4662	490	3943	522
-3702	437	4655	448	3772	387
-4479	296	4669	519	3987	200
-4869	549	5307	429	3516	106
-4588	556	5042	224	2738	51
-4348	471	4339	83	2280	-125
-4097	533	3650	180	2130	-139
-3708	498	3023	340	2337	29
-3553	496	2947	374	2757	91
-3713	444	3334	348	2907	78
-3769	370	3796	296	2652	-12
-3765	408	4175	228	2011	-3
-3551	407	4273	176	1060	31
-3198	374	3981	162	-26	123
-2827	326	3374	98	-982	232
-2436	325	2738	74	-1627	347
-2195	335	2277	62	-2011	475
-2047	472	1910	3	-2271	581
-2063	457	1611	-174	-2432	602
-2006	411	1268	-364	-2414	445
-1998	398	1129	-423	-2054	264
-2068	314	1317	-393	-1523	293
-2168	161	1748	-402	-1069	162
-2311	181	2279	-416	-819	-11
-2485	250	2813	-410	-935	-101
-2638	391	3183	-408	-1412	-170
-2724	433	3168	-392	-2009	-104
-2640	414	2757	-382	-2425	-46
-2459	388	2263	-381	-2443	-15
-2231	341	1983	-362	-2114	-18
-2103	286	2004	-323	-1626	-44
-2223	304	2350	-269	-1209	-69
-2335	433	2704	-213	-1087	-37
-2356	500	2859	-209	-1119	31
-2330	519	2884	-215	-1170	127
-2167	447	2900	-207	-1098	201
-2122	377	2966	-216	-1013	133
-2165	288	3053	-231	-910	25
-2221	303	3129	-273	-888	-76
-2175	323	3173	-281	-850	-82
-2119	270	3184	-234	-803	-46
-2039	220	3217	-208	-758	-74
-1963	219	3259	-156	-650	-108
-1987	217	3364	-117	-608	-163
-1930	217	3402	-101	-597	-216
-1888	211	3429	-79	-601	-282
-1917	188	3444	-53	-579	-311
-1924	163	3452	5	-519	-345
-1904	196	3497	74	-493	-358
-1824	227	3383	120	-453	-367
-1820	212	3443	138	-350	-401
-1804	221	3508	139	-319	-468
-1817	264	3525	139	-317	-483
-1825	316	3548	136	-289	-461
-1860	306	3625	128	-273	-428
-1829	321	3619	131	-316	-392
-1790	334	3645	136	-347	-347
-1749	342	3612	125	-370	-265
-1725	356	3612	122	-378	-175
-1757	344	3624	100	-338	-102
-1775	358	3624	67	-337	-41
-1771	390	3666	32	-374	56
-1684	356	3621	9	-382	125
-1640	346	3605	-4	-330	176
-1663	368	3642	-27	-269	256
-1683	308	3671	-62	-243	320
-1672	269	3642	-92	-266	342
-1681	256	3595	-109	-250	360
-1626	237	3551	-96	-205	380
-1575	207	3595	-94	-137	379
-1615	169	3663	-97	-79	354
-1640	165	3745	-89	-89	298
-1670	139	3783	-80	-137	240
-1637	143	3728	-66	-203	171
-1546	156	3683	-33	-175	137
-1516	202	3711	-1	-115	87
-1510	261	3727	15	-90	51
-1466	297	3728	17	-98	27
-1457	290	3734	-2	-103	7
-1441	303	3749	-24	-104	-14
-1474	307	3789	-32	-106	-31
-1481	302	3829	-26	-121	-58
-1472	279	3854	-7	-128	-102
-755	2	4006	7	14	22
-762	12	4012	5	17	21
-770	6	4016	4	14	16
-767	12	4016	7	15	18
-775	14	4001	6	16	19
-777	3	4017	10	16	15
-775	5	4016	7	3	5
-771	1	3992	15	-11	3
-745	-2	3990	17	-1	13
-737	-3	3996	22	0	-8
-699	-22	3955	32	25	-12
-714	-16	3921	38	85	-16
-745	4	3960	38	158	-2
-771	9	4034	25	185	6
-781	16	4068	20	153	4
-787	24	4062	21	93	-6
-774	68	4048	18	37	-15
-793	63	4008	17	1	-7
-802	56	3951	16	23	-3
-810	35	3971	11	52	9
-810	15	3951	11	73	17
-831	14	3973	11	85	-2
-852	13	3969	8	90	-14
-856	25	3954	3	100	-25
-866	29	3964	3	99	-19
-895	21	3880	11	131	-16
-883	28	3871	5	186	-22
-850	9	3911	-35	258	-16
-830	-35	4039	-75	330	-36
-933	-69	4045	-93	228	-60
-750	-29	3781	-101	354	-67
-836	-84	3844	-4	464	-116
-759	8	3720	50	569	-98
-659	51	3790	97	751	-72
-724	63	3914	75	785	-93
-658	40	3797	124	778	-78
-642	72	3802	141	945	-20
-678	34	3823	102	1116	16
-657	-36	3761	81	1260	-7
-746	-52	3678	110	1470	-23
-826	-138	3659	157	1718	-25
-921	-52	3644	243	1989	-52
-1045	3	3765	299	2091	-17
-994	7	3692	351	2157	52
-1132	92	3674	449	2487	183
-1302	307	3455	453	2937	310
-1662	389	4093	417	3644	572
-2282	424	4262	310	3979	537
-3336	108	4392	477	4265	495
-4337	295	4812	601	5099	-31
-4602	389	6224	420	4465	-197
-4289	331	6022	245	3131	-32
-4034	256	5227	191	2015	45
-3459	123	4045	182	1278	2
-3049	87	2960	191	1291	-298
-3045	283	2423	181	1842	-443
-3243	420	2584	159	2426	-304
-3418	433	3120	138	2571	-160
-3474	476	3617	75	2244	-123
-3386	449	3889	3	1545	17
-3167	262	3740	-52	663	131
-2860	133	3251	-62	-101	106
-2525	112	2694	-32	-576	67
-2337	145	2237	-23	-785	69
-2260	233	1978	-44	-834	118
-2227	240	1943	-63	-815	182
-2274	187	2008	-52	-779	179
-2378	157	2091	-53	-719	147
-2453	110	2237	-57	-608	132
-2550	22	2474	-45	-570	94
-2675	0	2792	-26	-685	-38
-2829	112	3040	-33	-963	-116
-2819	239	3094	-55	-1328	-71
-2680	313	2934	-89	-1658	29
-2581	293	2698	-107	-1833	123
-2460	251	2458	-92	-1818	221
-2336	208	2380	-61	-1610	253
-2331	210	2515	-77	-1428	302
-2323	233	2654	-91	-1385	282
-2298	213	2807	-81	-1362	295
-2309	233	2868	-62	-1452	306
-2332	274	2823	-60	-1508	318
-2260	403	2742	-62	-1476	366
-2246	412	2825	-70	-1392	442
-2323	334	2961	-116	-1400	426
-2293	309	3044	-139	-1436	384
-2199	350	2981	-150	-1484	420
-2128	312	2943	-140	-1422	480
-2166	330	2985	-168	-1327	458
-2159	349	3048	-157	-1311	432
-2071	335	3033	-151	-1198	348
-2069	355	3171	-145	-1110	289
-1977	361	3212	-139	-1081	306
-1951	348	3273	-116	-1035	327
-1944	314	3344	-130	-976	328
-1919	308	3362	-128	-962	264
-1875	297	3326	-124	-937	164
-1830	252	3288	-121	-858	55
-1747	265	3267	-97	-736	7
-1726	306	3353	-60	-602	-11
-1729	338	3430	-18	-511	10
-1740	345	3518	22	-461	23
-1705	325	3568	38	-431	-11
-1674	406	3618	40	-385	-24
-1653	467	3648	33	-359	9
-1636	441	3740	23	-362	0
-1602	467	3749	9	-408	29
-1612	469	3684	-21	-418	68
-1576	435	3619	-36	-400	113
-1502	391	3578	-47	-337	113
-1497	387	3583	-48	-247	117
-1519	371	3570	-43	-173	129
-1492	355	3640	-40	-90	122
-1527	371	3703	-6	-32	133
-1553	400	3783	33	-23	165
-1575	423	3828	84	-59	191
-1514	470	3859	144	-91	242
-1501	553	3808	139	-122	280
-1369	476	3793	108	-139	293
-1210	438	3759	104	-91	246
-1227	439	3789	119	-31	216
-1335	554	3784	90	-32	180
-1286	651	3712	19	-60	186
-1265	646	3699	-39	13	211
-1385	626	3786	-100	38	226
-1452	569	3831	-168	-36	231
-1406	416	3848	-197	-93	189
-1324	236	3896	-175	-106	61
-1311	175	3976	-128	-165	-63
-1398	216	3964	-84	-253	-161
-270	45	4122	39	281	37
-267	76	4091	51	270	45
-269	87	4098	63	273	45
-273	86	4074	70	264	47
-298	78	4075	70	279	42
-313	64	4090	65	261	35
-317	38	4091	57	219	13
-326	20	4109	42	201	-10
-334	40	4082	36	195	-17
-335	54	4084	32	203	-7
-339	74	4109	29	182	4
-342	63	4119	21	162	9
-331	66	4086	8	143	-5
-327	51	4080	2	139	-17
-346	51	4063	-4	140	-28
-364	65	4045	-5	164	-35
-356	90	4056	0	189	-30
-351	116	4074	-5	188	-16
-352	105	4057	-26	174	-8
-347	105	4053	-42	176	-9
-370	82	4008	-36	208	-18
-388	55	4005	-17	261	-40
-400	83	4026	-3	302	-52
-370	51	4078	-13	278	-65
-328	89	3980	-35	256	-39
-376	45	3914	-46	356	-56
-324	79	3862	-67	449	-130
-399	31	3885	-87	601	-148
-409	-5	3790	-69	823	-197
-446	-33	3895	7	1108	-188
-483	62	3921	14	1186	-163
-425	139	3922	26	1235	-149
-392	147	3941	67	1282	-136
-374	99	3963	98	1311	-104
-400	45	3950	109	1337	-71
-430	-60	3882	155	1421	-108
-514	-13	3814	206	1570	-141
-603	5	3819	246	1736	-98
-714	-15	3782	274	1898	-45
-856	-40	3690	312	2062	-17
-1011	-66	3633	399	2301	-104
-1142	-47	3608	475	2401	-182
-1205	29	3646	533	2530	-81
-1332	36	3448	588	2649	-54
-1558	152	3185	737	3116	62
-1566	273	3169	813	3716	205
-2025	450	3827	794	4318	477
-2657	431	4379	684	4337	446
-3291	217	4895	488	4197	290
-4117	695	4896	345	4030	-38
-4795	813	5380	266	3763	65
-4899	764	5214	137	2847	174
-4514	626	4551	1	2375	25
-4244	452	4001	-55	2158	-186
-3995	402	3484	-9	2160	-132
-3738	404	3207	82	2458	-1
-3726	416	3372	79	2744	-7
-3782	461	3761	24	2677	-65
-3695	426	4143	-20	2227	91
-3512	350	4443	-44	1352	248
-3187	222	4270	-94	138	341
-2840	257	3637	-168	-1095	257
-2318	228	2826	-176	-2054	358
-1919	211	2020	-154	-2565	431
-1746	277	1385	-127	-2638	473
-1779	332	987	-118	-2352	502
-1892	254	884	-137	-1879	413
-2045	260	1160	-200	-1374	198
-2285	277	1654	-245	-977	44
-2381	287	2251	-318	-868	110
-2549	297	2736	-393	-991	39
-2595	359	3117	-367	-1190	-1
-2682	393	3378	-307	-1556	55
-2656	365	3224	-250	-1999	50
-2459	383	2854	-238	-2228	-48
-2274	385	2523	-272	-2223	-115
-2120	305	2319	-301	-2031	-147
-2035	295	2300	-288	-1733	-200
-2044	458	2480	-247	-1425	-147
-2106	489	2729	-220	-1237	118
-2144	468	2992	-181	-1224	247
-2114	453	3140	-168	-1292	212
-2105	414	3174	-191	-1404	192
-2055	371	3162	-231	-1470	147
-2021	301	3114	-279	-1418	68
-2035	319	3126	-297	-1348	33
-1986	252	3134	-264	-1200	1
-1895	223	3195	-220	-1063	-30
-1900	162	3326	-160	-982	-75
-1903	162	3377	-117	-957	-147
-1824	201	3308	-64	-927	-109
-1757	176	3303	-20	-793	-146
-1745	225	3435	22	-672	-215
-1773	231	3574	60	-607	-253
-1748	255	3579	66	-613	-301
-1737	227	3581	87	-624	-322
-1695	225	3574	79	-612	-365
-1681	203	3592	84	-601	-393
-1624	196	3548	88	-569	-482
-1525	208	3565	80	-522	-526
-1525	290	3560	73	-466	-500
-1548	322	3569	54	-414	-479
-1509	313	3544	35	-379	-465
-1533	346	3591	26	-299	-424
-1583	344	3662	24	-329	-355
-1555	285	3655	30	-361	-326
-1520	234	3620	33	-330	-322
-1477	209	3673	38	-264	-342
-1469	234	3753	48	-211	-313
-1504	295	3849	36	-211	-283
-1463	390	3862	9	-263	-233
-1474	409	3851	-7	-308	-135
-1435	362	3828	-22	-317	-78
-1384	339	3748	-32	-297	-11
-1393	330	3716	-41	-228	49
-1420	303	3713	-38	-151	108
-1414	257	3742	-44	-111	115
-1418	239	3762	-54	-110	138
-1418	221	3782	-60	-108	154
-1407	175	3765	-64	-83	174
-1396	174	3762	-65	-70	167
-1375	175	3752	-66	-49	181
-1354	137	3762	-59	6	174
-1372	108	3849	-47	22	148
-1369	105	3864	-35	-17	119
-1320	67	3841	-16	-31	79
-1287	93	3780	-7	12	56
-1306	98	3828	11	51	28
-1327	128	3886	15	14	10
-1294	128	3901	18	-37	-33
-710	126	3958	1	-11	-3
-706	119	3987	-1	16	4
-710	127	4024	-2	19	-1
-736	103	4033	2	-5	-15
-726	107	4031	1	-29	-13
-726	93	4003	-3	-39	-9
-733	105	3987	1	-23	3
-724	111	3973	3	9	12
-707	129	3973	12	32	12
-714	111	3997	15	47	8
-708	126	4016	16	31	-4
-714	118	4002	14	32	-2
-702	124	4002	14	46	11
-705	113	3980	10	61	20
-700	115	3979	8	81	12
-707	128	3989	10	105	-2
-728	115	3991	8	123	-12
-743	116	3989	12	135	-12
-744	96	3978	24	142	0
-727	108	3956	39	169	12
-746	107	3944	46	209	26
-774	129	3935	55	246	27
-784	165	3962	43	256	43
-805	159	3993	45	257	49
-857	168	3993	61	223	24
-807	95	3874	86	235	14
-776	112	3836	106	314	-8
-749	133	3797	99	422	-8
-718	139	3873	79	568	4
-725	154	4038	61	654	9
-771	220	3986	-36	629	35
-791	63	3780	73	669	40
-734	51	3594	134	819	47
-690	72	3678	149	1117	12
-720	146	3877	160	1283	-8
-808	185	3909	192	1267	30
-830	140	3781	245	1307	31
-817	127	3718	270	1480	-14
-887	129	3718	326	1617	-83
-955	210	3688	382	1763	-61
-1076	193	3754	429	1925	-44
-1132	223	3687	491	2070	42
-1157	170	3604	526	2158	68
-1375	278	3614	583	2423	87
-1562	51	3333	669	2823	50
-1851	153	3589	662	3364	-169
-2373	199	3734	569	3642	-303
-2900	602	4026	514	4058	-430
-3510	690	4629	425	4119	-377
-3969	756	4751	371	4209	-248
-4258	635	5378	243	3673	-274
-4086	495	4988	128	2949	-320
-4038	451	4340	58	2370	-356
-3971	490	3716	38	2000	-391
-3803	607	3189	53	1891	-389
-3653	652	2814	113	1998	-264
-3579	541	2834	170	2211	-153
-3580	504	3035	119	2293	-159
-3570	387	3262	48	2171	-188
-3540	342	3505	-21	1770	-204
-3545	260	3606	-83	1145	-82
-3466	282	3509	-147	309	-63
-3185	368	3108	-152	-384	52
-2909	393	2790	-126	-812	258
-2797	321	2629	-111	-1211	485
-2807	330	2473	-125	-1635	529
-2711	337	2227	-182	-2040	496
-2533	357	1887	-278	-2233	359
-2342	377	1600	-366	-2114	236
-2245	294	1503	-409	-1706	215
-2242	143	1712	-379	-1190	145
-2382	101	2198	-304	-838	54
-2457	85	2695	-251	-890	-25
-2579	144	3042	-223	-1213	-79
-2673	293	3138	-235	-1736	-24
-2602	346	2812	-270	-2211	78
-2404	364	2370	-313	-2377	73
-2218	329	2058	-292	-2266	68
-2155	317	1890	-267	-1959	152
-2114	352	1977	-185	-1501	244
-2167	445	2308	-122	-1163	385
-2330	394	2705	-142	-1047	471
-2419	378	2992	-168	-1110	476
-2419	328	3058	-182	-1207	457
-2336	288	3051	-190	-1318	409
-2221	244	2952	-210	-1310	331
-2232	319	2921	-219	-1190	298
-2233	433	2937	-204	-1108	328
-2109	473	2933	-189	-1007	378
-2064	444	2996	-184	-861	432
-2055	403	3131	-161	-785	456
-2026	361	3231	-168	-760	453
-1982	301	3275	-172	-740	433
-2018	275	3395	-179	-718	372
-1967	238	3419	-180	-765	313
-1905	229	3428	-152	-695	252
-1914	303	3515	-119	-648	217
-1882	339	3557	-89	-682	233
-1859	329	3501	-69	-712	225
-1779	276	3433	-53	-706	178
-1725	260	3411	-33	-611	144
-1752	240	3449	3	-530	110
-1740	249	3515	27	-453	43
-1739	337	3582	24	-448	-34
-1734	425	3583	24	-429	-20
-1709	425	3542	39	-393	13
-1644	407	3561	47	-309	20
-1655	441	3612	50	-255	34
-1680	454	3652	29	-300	42
-1685	488	3624	-3	-328	54
-1658	477	3588	-17	-299	72
-1650	426	3635	-19	-273	62
-1677	372	3671	-19	-267	27
-1653	381	3686	-22	-285	1
-1617	398	3683	-23	-303	-9
-1617	373	3704	-2	-310	-39
-1601	355	3697	26	-335	-86
-1529	355	3676	65	-318	-129
-1488	377	3651	96	-255	-166
-1533	440	3730	113	-191	-214
-1512	476	3750	94	-213	-245
-1437	526	3792	95	-199	-218
-1431	562	3809	124	-128	-186
-1474	607	3883	134	-127	-162
-1390	616	3802	101	-171	-155
-1332	661	3727	80	-119	-103
-1329	664	3688	51	-51	-39
-1360	639	3726	7	-27	-2
-1359	546	3740	-59	-39	-30
-1341	417	3738	-116	-30	-101
-43	-173	4098	9	-13	1
-47	-172	4098	5	-21	-2
-38	-192	4104	3	-28	-6
-32	-187	4090	5	-33	-10
-33	-188	4071	8	-27	-4
-26	-199	4082	15	-6	0
-42	-175	4084	16	7	-5
-33	-177	4093	16	13	0
-50	-177	4089	14	2	3
-33	-177	4088	13	1	1
-36	-173	4071	12	11	2
-39	-174	4079	15	32	-3
-47	-182	4099	18	32	-6
-40	-189	4087	23	25	-13
-37	-181	4066	21	31	-19
-37	-191	4058	29	65	-16
-41	-191	4063	36	97	-16
-34	-183	4070	33	120	-15
-34	-196	4059	39	127	-26
-22	-179	4033	40	150	-35
-13	-193	4020	40	192	-47
-41	-201	4007	41	254	-59
-51	-201	4069	49	322	-71
-70	-219	4135	54	297	-99
-16	-226	3973	39	290	-122
-10	-312	3886	68	427	-192
37	-174	3628	38	612	-211
27	-151	3699	79	996	-185
-22	-151	3819	61	1230	-182
-111	-122	3898	68	1392	-158
-242	-62	3983	86	1489	-218
-248	-48	3949	40	1502	-145
-297	-93	3913	49	1571	-142
-400	-201	3915	68	1617	-153
-498	-220	3948	81	1666	-250
-483	-239	4003	101	1662	-292
-479	-182	3998	74	1621	-328
-484	-178	3895	77	1687	-311
-486	-158	3749	102	1852	-339
-631	-89	3788	110	2159	-313
-665	-126	3797	107	2393	-296
-806	-70	3775	139	2553	-271
-893	36	3737	214	2747	-96
-947	36	3699	374	2935	144
-1110	-121	3613	426	2880	264
-1159	-173	3389	452	3174	370
-1522	-235	3387	288	3512	401
-1962	-304	3567	253	4143	345
-2584	-401	4196	346	4746	139
-3426	22	4956	467	4799	-90
-4272	302	5644	592	4387	-298
-4783	303	6012	415	3396	-484
-4657	374	5387	104	2400	-427
-4345	286	4517	-63	1742	-315
-3793	-5	3615	-128	1318	-226
-3319	-130	2890	-77	1262	-332
-3144	-92	2531	66	1824	-407
-3278	47	2928	127	2429	-313
-3581	65	3695	97	2518	-122
-3819	-48	4350	81	2034	31
-3776	-91	4610	71	1090	57
-3556	-7	4389	90	-18	20
-3216	-5	3798	118	-979	133
-2829	-76	3110	173	-1479	249
-2618	-23	2636	248	-1625	302
-2424	58	2475	327	-1711	443
-2268	71	2286	370	-1861	621
-2043	24	1982	349	-2054	620
-1902	-37	1646	312	-2154	542
-1831	-54	1351	275	-2049	403
-1871	0	1189	264	-1722	312
-1801	-47	1241	233	-1131	263
-2036	45	1664	252	-519	134
-2336	82	2219	259	-204	87
-2618	143	2869	230	-329	61
-2724	213	3333	219	-800	137
-2756	188	3415	181	-1387	250
-2594	80	3065	113	-1794	213
-2341	74	2623	61	-1806	146
-2110	86	2377	63	-1444	96
-2090	166	2581	65	-986	69
-2183	194	2937	66	-754	108
-2240	225	3204	37	-824	212
-2284	183	3312	36	-1026	275
-2242	225	3251	37	-1214	322
-2128	165	3113	37	-1234	291
-2017	168	3035	-7	-1138	180
-2027	179	3066	-29	-1049	124
-2017	154	3132	-44	-930	91
-2015	164	3217	-20	-885	31
-1936	176	3247	30	-869	15
-1981	212	3341	65	-874	-62
-1950	264	3299	78	-901	-73
-1893	291	3295	73	-885	-97
-1830	345	3297	36	-779	-145
-1826	437	3402	18	-675	-120
-1789	451	3505	-12	-614	-55
-1815	479	3606	-59	-603	12
-1785	404	3644	-90	-620	76
-1758	316	3637	-99	-653	31
-1751	307	3555	-91	-674	-3
-1710	279	3514	-73	-623	-13
-1674	282	3526	-57	-582	-31
-1653	270	3576	-45	-573	-14
-1639	284	3550	-49	-559	-43
-1609	270	3587	-41	-561	-75
-1560	308	3501	-31	-519	-88
-1607	299	3575	-29	-419	-78
-1603	318	3605	-29	-405	-57
-1599	356	3623	-33	-364	-16
-1587	374	3623	-49	-355	46
-1491	349	3624	-51	-253	111
-1480	296	3687	-23	-197	126
-1495	242	3735	-24	-146	82
-1545	266	3762	-28	-148	76
-1541	273	3766	-33	-169	66
-1526	279	3715	-29	-170	60
-1474	277	3645	-21	-143	53
-1458	269	3684	-5	-93	49
-1445	241	3756	12	-64	38
-1454	255	3787	18	-70	18
-1455	257	3795	17	-75	8
-1444	287	3794	13	-81	-14
-1411	296	3802	1	-85	-19
-1405	292	3833	-10	-88	-33
-1421	302	3821	-9	-92	-37
-1396	297	3784	-13	-83	-41
-1380	279	3746	-9	-65	-59
-1371	274	3724	5	-19	-62
-1403	246	3711	27	41	-68
-752	37	3947	8	92	21
-752	37	3947	8	92	21
-752	37	3947	8	92	21
-752	37	3947	8	92	21
-752	37	3947	8	92	21
-752	37	3947	8	92	21
-752	37	3947	8	92	21
-752	37	3947	8	92	21
-752	37	3947	8	92	21
-829	32	4000	30	131	35
-829	32	4000	30	131	35
-823	29	4006	36	96	28
-792	39	3951	47	85	26
-778	41	3907	59	123	37
-760	49	3895	74	213	47
-751	69	3922	84	278	57
-761	100	3987	82	305	53
-752	121	4031	69	291	36
-773	133	4006	49	283	30
-785	125	3999	35	297	16
-791	117	4016	16	297	-13
-814	118	4035	1	286	-25
-843	105	4005	-20	271	-37
-868	66	4026	-30	249	-45
-906	43	4009	-21	218	-38
-960	43	3981	-6	197	-19
-973	50	3922	15	172	16
-989	88	3889	8	178	71
-1013	67	3915	27	206	44
-1052	23	3878	58	199	-8
-1041	-5	3801	93	278	-19
-968	44	3784	101	395	-19
-943	85	3826	98	501	3
-911	107	3795	118	596	18
-836	180	3858	71	753	41
-874	157	3954	58	767	68
-822	76	3800	130	737	51
-764	149	3657	176	915	81
-811	71	3717	218	1147	160
-842	87	3784	251	1324	143
-894	74	3816	299	1428	166
-984	-6	3831	323	1463	123
-1030	40	3787	351	1552	28
-1069	35	3799	378	1666	-79
-1209	205	3647	486	1923	-90
-1293	214	3265	523	2439	-46
-1505	239	3427	487	3201	-74
-2000	429	3732	495	3798	-130
-2834	409	4172	567	4236	-239
-3655	428	4580	590	4390	-306
-4097	429	5227	501	4548	-367
-4101	602	5652	353	3997	-285
-4127	651	5493	192	3132	-159
-4063	533	5029	100	2189	-57
-3752	452	4229	93	1501	37
-3405	384	3250	114	1395	48
-3263	321	2869	167	1786	-12
-3334	439	3023	123	2170	-71
-3407	419	3452	46	2196	53
-3397	409	3812	-40	1739	142
-3228	512	3895	-107	1008	252
-3068	474	3752	-118	180	451
-2934	273	3510	-148	-606	549
-2813	259	3174	-176	-1343	515
-2586	339	2720	-217	-1928	551
-2365	196	2312	-247	-2300	538
-2021	198	1868	-245	-2376	369
-1779	224	1591	-221	-1949	328
-1823	117	1730	-243	-1253	206
-1936	86	2087	-268	-830	-34
-2109	279	2555	-316	-715	-321
-2210	504	2857	-341	-895	-266
-2384	586	3090	-363	-1278	-148
-2419	566	3038	-403	-1730	-4
-2355	476	2739	-440	-2019	144
-2268	361	2441	-489	-2055	195
-2098	199	2188	-474	-1900	184
-2016	173	2265	-413	-1502	143
-2089	272	2519	-353	-1176	169
-2133	269	2805	-265	-1066	254
-2204	324	3037	-193	-1070	297
-2146	247	3104	-174	-1208	305
-2095	258	3085	-181	-1250	205
-2062	352	3117	-178	-1263	210
-2082	342	3059	-176	-1270	212
-2034	328	3016	-178	-1192	199
-1928	319	3022	-182	-1097	196
-1832	398	3008	-171	-958	266
-1860	357	3164	-202	-790	323
-1956	322	3325	-192	-805	303
-1916	333	3371	-199	-853	272
-1841	225	3435	-216	-804	246
-1776	177	3491	-180	-802	170
-1793	184	3580	-151	-780	56
-1741	245	3596	-119	-823	14
-1742	204	3583	-94	-856	-60
-1655	219	3446	-65	-853	-133
-1586	234	3379	-51	-752	-166
-1532	279	3345	-53	-583	-206
-1576	359	3424	-54	-423	-186
-1616	408	3518	-54	-323	-142
-1680	395	3643	-50	-299	-118
-1695	358	3702	-48	-329	-109
-1624	391	3686	-39	-363	-73
-1614	390	3679	-43	-367	-12
-1578	385	3675	-31	-336	35
-1591	324	3682	-20	-298	52
-1578	314	3713	-29	-267	51
-1582	310	3749	-37	-287	78
-1527	286	3728	-41	-287	75
-1516	272	3696	-38	-262	56
-1509	236	3671	-23	-220	42
-1504	225	3684	-15	-154	42
-1522	220	3717	-5	-109	25
-1535	258	3728	8	-93	23
-1502	254	3698	-1	-78	44
-1463	236	3698	-5	-35	35
-1444	241	3761	-18	-3	12
-1457	201	3772	-23	-7	-14
-1414	157	3778	-28	3	-53
-1423	133	3766	-22	30	-106
-1437	159	3827	-19	30	-138
-1408	101	3851	-16	8	-172
-1386	107	3846	8	-11	-232
-1400	165	3814	14	-25	-265
-1426	222	3793	10	-27	-263
-1408	245	3766	-11	-42	-279
-1368	242	3724	-23	-14	-289
-1340	191	3757	-17	55	-308
-1381	188	3816	-11	79	-320
-73	-33	4110	34	402	-106
-108	-11	4118	26	396	-98
-85	0	4009	22	415	-50
-103	-11	3974	10	459	-38
-134	1	3990	13	547	-42
-179	-17	4049	6	610	-71
-219	-10	4096	0	618	-79
-235	-13	4087	-1	595	-76
-215	-9	4049	4	600	-71
-220	-48	4000	14	642	-73
-247	-27	4004	32	701	-62
-332	-47	4009	53	770	-44
-372	-36	4079	63	804	-37
-388	-52	4102	72	763	-41
-376	22	4081	118	774	15
-388	-22	4079	155	823	75
-386	-44	4016	114	862	53
-458	-65	4050	82	927	24
-617	-49	4203	62	876	-26
-713	62	4336	57	734	-27
-760	114	4255	63	528	-4
-765	110	4055	67	366	19
-783	45	3917	72	312	39
-819	-11	3860	74	338	34
-860	-36	3851	73	400	37
-919	-42	3921	62	435	22
-954	-25	3984	59	415	-1
-978	0	4002	54	351	-46
-962	32	3961	45	318	-79
-859	71	3927	5	360	-82
-866	109	3955	-22	440	-58
-791	71	3888	-64	519	-67
-858	7	3892	-35	559	-70
-794	1	3779	-13	632	-95
-788	-7	3800	-22	739	-69
-744	-64	3768	-15	859	-77
-723	-86	3768	-13	1075	-137
-719	-94	3776	-3	1215	-186
-760	-42	3726	64	1324	-223
-773	79	3678	107	1480	-195
-772	78	3677	151	1703	-163
-853	17	3663	183	1925	-124
-930	-51	3692	331	2151	-82
-1091	-150	3702	480	2377	-87
-1279	-178	3608	725	2652	-205
-1306	-33	3251	790	2844	-242
-1351	145	3649	893	3781	-57
-2046	574	4800	801	4249	140
-2996	198	5337	664	4159	65
-3701	381	5186	613	3835	-340
-4287	363	5409	429	3367	-476
-4472	314	5346	286	2567	-533
-4148	501	4850	178	1856	-351
-3586	423	4020	43	1555	-135
-3264	262	3333	-25	1644	-132
-3188	183	3018	32	2011	-171
-3229	356	3304	75	2306	-101
-3297	408	3837	31	2295	-7
-3392	365	4394	-49	1815	6
-3400	393	4611	-92	930	101
-3155	269	4275	-121	-91	275
-2800	184	3594	-166	-888	361
-2412	149	2988	-188	-1329	381
-2182	123	2539	-181	-1525	364
-2100	159	2212	-141	-1629	439
-2066	133	2012	-99	-1629	509
-2037	88	1870	-72	-1626	532
-1936	-3	1864	-40	-1491	544
-1961	-44	2011	31	-1195	495
-2026	9	2217	54	-930	337
-2192	63	2487	19	-813	136
-2365	182	2779	-38	-824	-15
-2483	260	3017	-52	-991	-77
-2528	303	3101	-56	-1279	-65
-2419	324	2996	-76	-1523	7
-2270	323	2811	-100	-1629	114
-2152	238	2613	-139	-1684	169
-2065	171	2433	-127	-1555	114
-2008	223	2462	-77	-1284	105
-2020	198	2655	-64	-1013	162
-2123	141	2928	-18	-913	129
-2096	194	3025	-13	-937	96
-2130	142	3130	-33	-943	48
-2099	194	3160	-23	-1012	-51
-2019	175	3170	8	-991	-118
-2023	206	3194	50	-1011	-183
-1976	131	3196	80	-965	-276
-1995	116	3294	120	-917	-432
-1943	140	3338	149	-892	-482
-1916	147	3378	188	-884	-532
-1901	196	3348	205	-873	-568
-1827	254	3344	214	-824	-597
-1809	282	3319	233	-751	-570
-1801	274	3345	242	-651	-567
-1816	287	3418	239	-596	-586
-1793	247	3460	234	-558	-587
-1797	268	3509	240	-543	-589
-1740	319	3538	227	-566	-572
-1730	372	3559	204	-558	-551
-1713	399	3549	172	-488	-500
-1721	357	3593	142	-428	-492
-1710	374	3660	117	-441	-462
-1682	375	3649	102	-496	-422
-1644	401	3644	76	-514	-364
-1645	384	3629	57	-521	-306
-1587	350	3518	56	-496	-273
-1535	380	3491	50	-383	-219
-1507	407	3549	44	-239	-139
-1512	395	3674	22	-169	-56
-1559	383	3776	-22	-171	-5
-1561	354	3782	-58	-202	38
-1555	316	3765	-67	-217	69
-1498	279	3706	-75	-197	105
-1480	202	3707	-66	-148	89
-1477	217	3686	-38	-103	82
-1471	238	3679	-24	-89	89
-1459	208	3698	-17	-51	90
-1460	239	3740	-24	-21	101
-1445	266	3862	-33	-19	134
-1471	279	3917	-46	-76	137
-1475	263	3883	-59	-133	129
-1450	256	3846	-75	-163	143
-1406	241	3801	-71	-160	133
-1395	218	3741	-63	-117	99
-1418	170	3747	-48	-76	53
-1415	170	3749	-19	-67	3
-1378	171	3745	5	-44	-31
-1397	237	3761	27	-26	-50
-1411	250	3771	36	-32	-63
-1395	250	3788	41	-45	-79
348	-30	4112	26	115	2
347	-24	4122	26	89	6
374	-32	4119	10	52	0
423	-33	4070	9	34	14
451	-36	3975	18	87	16
454	-47	3958	34	207	10
398	-40	4010	36	287	20
370	-38	4097	39	319	24
335	-36	4113	43	277	31
325	-27	4123	35	218	26
321	-25	4079	34	208	31
330	-25	4038	37	235	22
303	-7	4047	41	272	16
308	-2	4056	30	282	2
289	-12	4061	14	285	-10
299	1	4058	5	301	-3
284	-16	4016	-11	350	1
272	-22	4001	-17	423	9
256	-15	3979	-7	507	27
240	-22	3967	1	591	31
201	-3	3938	10	708	44
164	12	3943	26	830	75
94	-25	3996	41	941	63
-2	-31	4103	48	992	77
-68	-21	4172	45	929	85
-33	-33	4167	54	849	131
-14	16	4089	80	804	127
-21	-36	4005	115	836	118
-169	147	3892	46	875	173
-106	-44	3812	-2	1002	212
-172	5	3898	22	1228	109
-204	-73	4004	54	1351	128
-242	-110	4073	91	1322	123
-256	-137	4017	103	1318	67
-257	-92	4012	147	1396	3
-284	-27	4011	192	1478	-17
-332	51	4109	182	1477	-21
-336	21	4088	203	1420	5
-309	71	4030	227	1391	4
-326	93	3924	229	1446	-4
-356	98	3791	244	1623	-26
-408	127	3756	236	1928	-57
-410	161	3798	186	2223	-48
-530	140	3663	117	2485	-51
-711	35	3527	61	2988	-13
-1040	-281	3719	3	3549	-252
-1505	-232	3935	135	4239	-675
-2369	309	4241	348	4851	-524
-2949	229	4518	493	5073	-60
-3495	188	5110	516	5045	-92
-4169	55	6049	523	4424	-354
-4509	252	6159	364	3105	-322
-4139	375	5447	113	1693	-75
-3476	255	4232	11	729	13
-2853	174	3101	53	692	-60
-2585	208	2554	156	1499	-68
-2902	278	2918	195	2457	-93
-3273	301	3758	125	2626	-57
-3422	342	4301	9	2108	44
-3302	283	4398	-83	1318	152
-2995	185	4127	-120	525	215
-2697	105	3716	-86	-82	250
-2466	58	3263	-42	-542	273
-2331	17	2893	-8	-805	329
-2192	15	2665	3	-995	284
-2164	95	2583	-16	-1116	188
-2115	256	2483	-55	-1222	98
-2096	306	2362	-94	-1344	112
-2052	231	2309	-100	-1352	134
-2092	125	2470	-119	-1251	108
-2106	72	2684	-105	-1188	50
-2156	72	2804	-77	-1181	-47
-2164	195	2924	-27	-1207	-37
-2168	243	2989	-18	-1337	52
-2147	238	3021	-28	-1470	153
-2184	290	2941	-87	-1643	198
-2109	239	2755	-113	-1725	135
-2047	282	2570	-108	-1662	102
-1970	92	2564	-102	-1537	109
-1945	86	2657	-86	-1390	-23
-1938	122	2829	11	-1227	13
-1975	137	2988	75	-1171	40
-1974	194	3049	71	-1180	20
-1968	219	3127	53	-1159	-11
-1960	229	3162	55	-1211	-32
-1876	312	3112	25	-1199	-20
-1848	298	3153	-51	-1015	-58
-1886	254	3261	-71	-975	-84
-1871	159	3278	-50	-967	-117
-1804	110	3264	-6	-889	-138
-1745	88	3329	44	-769	-167
-1704	104	3366	83	-660	-195
-1691	159	3443	96	-559	-188
-1678	197	3491	104	-512	-185
-1622	200	3476	103	-465	-201
-1552	201	3523	106	-357	-246
-1549	194	3628	108	-247	-280
-1622	191	3715	115	-237	-303
-1601	188	3691	119	-242	-323
-1579	195	3663	121	-223	-357
-1573	198	3623	118	-215	-373
-1575	205	3610	107	-173	-390
-1590	229	3663	85	-163	-376
-1569	213	3697	76	-175	-351
-1565	251	3674	61	-184	-336
-1560	254	3681	45	-157	-320
-1557	300	3703	28	-147	-260
-1572	289	3668	6	-141	-206
-1554	274	3657	0	-126	-129
-1553	234	3653	-9	-94	-63
-1522	187	3653	-12	-46	-53
-1529	162	3662	-18	-6	-44
-1540	124	3711	-31	-8	-80
-1539	107	3724	-40	-33	-59
-1466	42	3719	-41	-12	-81
-1488	22	3747	-36	29	-126
-1514	25	3834	-32	13	-172
-1532	47	3851	-23	-45	-205
-1467	56	3803	-24	-75	-208
-1404	76	3767	-10	-78	-212
-1413	99	3770	2	-71	-200
-1446	118	3758	5	-43	-181
-1422	107	3775	6	-7	-176
-1421	87	3804	33	35	-174
-1431	44	3828	45	36	-191
-1447	75	3849	10	17	-221
-1471	82	3819	28	-6	-231
-1418	92	3780	21	-42	-222
-1442	83	3755	7	-22	-220
-1411	44	3745	23	24	-222
487	-214	4071	11	19	-1
477	-211	4070	16	8	1
502	-216	4038	22	6	7
504	-213	4015	27	27	1
485	-211	4049	34	50	4
469	-216	4069	44	62	0
459	-211	4088	54	52	-2
466	-195	4120	52	16	-17
501	-215	4045	46	-10	-29
494	-242	3954	57	54	-53
499	-207	3994	60	142	-55
476	-192	4062	48	167	-35
439	-212	4119	34	129	-5
431	-229	4139	44	53	-25
453	-199	4060	56	6	-47
501	-221	4006	62	26	-60
541	-247	3917	73	105	-65
482	-232	3884	106	264	-35
425	-250	3969	133	378	-7
364	-229	4052	154	400	1
370	-207	4039	162	359	-26
431	-201	4008	163	350	-101
467	-144	3927	152	435	-164
438	-136	3908	124	553	-190
386	-132	3919	107	661	-201
372	-136	3908	120	759	-218
360	-138	3900	138	868	-230
340	-130	3933	154	964	-233
313	-147	3990	177	1056	-253
276	-202	4043	189	1128	-299
269	-208	4076	197	1168	-352
269	-232	4040	206	1220	-418
250	-184	3958	195	1311	-500
170	-195	3890	183	1432	-638
51	-142	3730	155	1585	-699
-18	-82	3673	114	1918	-709
-263	-25	3841	73	2223	-669
-422	40	4039	55	2350	-620
-405	81	4097	41	2336	-560
-322	135	4062	72	2283	-464
-185	47	3933	114	2285	-348
-184	-44	3849	119	2443	-369
-170	-93	3928	128	2585	-404
-324	-134	4005	171	2624	-446
-533	-6	3957	204	2676	-364
-731	21	3714	205	2888	-135
-1188	-240	3432	140	3508	-164
-1644	-243	3415	233	4495	-426
-2260	81	4026	472	5311	-366
-3213	349	4975	532	5428	-349
-3870	486	5737	363	4892	-216
-4205	362	6194	84	3974	-122
-4508	356	6162	-102	2767	70
-4172	128	5348	-239	1646	273
-3400	-84	4208	-272	1007	331
-2896	-127	3224	-216	1027	302
-2716	-113	2786	-139	1535	133
-2820	51	3037	-85	2091	16
-3037	163	3648	-71	2235	112
-3226	230	4187	-101	1878	317
-3278	177	4413	-148	1106	428
-3227	133	4185	-190	180	452
-2907	81	3616	-217	-549	484
-2544	102	2968	-200	-950	548
-2247	99	2522	-164	-1033	632
-2120	111	2316	-120	-979	675
-2155	132	2207	-93	-1014	733
-2135	129	2118	-88	-1063	766
-2126	75	2045	-94	-1036	788
-2139	34	2074	-99	-877	778
-2137	62	2281	-98	-625	758
-2172	56	2602	-106	-461	743
-2237	37	2960	-114	-560	687
-2329	-22	3190	-118	-890	571
-2333	89	3236	-163	-1274	463
-2260	185	3092	-170	-1605	458
-2131	138	2792	-152	-1786	443
-2012	129	2489	-189	-1736	307
-1926	174	2368	-231	-1483	221
-2032	122	2540	-240	-1172	188
-2096	32	2801	-196	-1017	166
-2184	-34	3020	-104	-986	115
-2173	-19	3052	-11	-1058	14
-2124	27	3034	76	-1070	-75
-2060	7	3038	154	-1064	-170
-2097	22	3132	214	-1007	-265
-2067	117	3141	270	-933	-295
-2075	133	3251	306	-859	-367
-2062	164	3399	343	-829	-462
-2055	192	3460	352	-908	-507
-2000	172	3413	330	-1002	-593
-1909	193	3300	297	-1031	-661
-1799	223	3243	279	-906	-645
-1758	202	3289	286	-724	-600
-1749	116	3377	293	-673	-662
-1749	102	3393	335	-617	-693
-1752	109	3403	336	-534	-714
-1777	152	3476	320	-471	-699
-1794	197	3626	296	-482	-708
-1754	211	3699	265	-541	-755
-1739	222	3728	238	-611	-806
-1751	236	3733	225	-657	-765
-1720	233	3694	211	-701	-753
-1667	252	3645	210	-724	-757
-1624	259	3555	203	-729	-745
-1509	289	3444	214	-666	-726
-1496	338	3406	210	-513	-654
-1486	318	3461	186	-325	-593
-1536	349	3603	167	-222	-519
-1549	325	3700	153	-177	-442
-1628	300	3815	135	-179	-389
-1647	259	3830	111	-260	-381
-1585	289	3752	102	-341	-333
-1479	293	3611	97	-309	-261
-1458	267	3559	94	-182	-193
-1481	235	3628	87	-52	-194
-1523	222	3776	80	-34	-179
-1509	220	3837	63	-94	-180
-1481	241	3864	56	-152	-178
-1443	238	3786	50	-152	-144
-1413	241	3787	46	-106	-114
-1411	217	3762	56	-100	-101
-1406	211	3722	60	-61	-91
-1408	257	3743	71	-16	-78
-1395	299	3812	57	-7	-35
-1391	277	3859	39	-24	-14
-1381	242	3822	36	-54	12
-1360	202	3798	33	-35	19
-1336	236	3830	28	-15	22
-1327	277	3851	21	-21	46
-105	-71	4076	-7	25	2
-97	-84	4077	-11	37	-2
-125	-84	4087	-9	59	1
-147	-99	4102	-8	64	8
-142	-91	4136	-8	40	3
-138	-84	4152	-14	1	9
-126	-103	4081	-6	1	3
-113	-106	4051	2	22	-4
-120	-90	4058	6	46	7
-137	-91	4077	8	58	16
-164	-96	4114	14	45	10
-161	-86	4100	15	29	8
-171	-96	4075	20	30	7
-165	-93	4078	23	38	8
-165	-81	4059	22	38	12
-159	-81	4044	30	44	-3
-160	-72	4051	31	81	0
-163	-93	4058	27	103	6
-152	-57	4063	18	135	17
-159	-63	4061	18	158	27
-106	-40	4062	-11	213	30
-132	-89	4115	-18	239	34
-89	-98	4059	10	215	23
-105	-21	4066	6	264	52
-93	-6	4017	24	264	86
-72	-143	3924	69	386	87
-95	-93	3900	59	504	68
-110	-122	3830	50	677	48
-125	-145	3866	49	884	4
-196	-172	3958	47	1008	-54
-213	-176	3989	72	1054	-132
-244	-55	3973	77	1079	-165
-232	0	3901	39	1114	-163
-267	-19	3817	-4	1212	-191
-312	-41	3784	-36	1420	-233
-420	-35	3805	0	1657	-210
-467	-35	3891	44	1791	-169
-514	-5	3964	58	1833	-137
-540	-28	4037	79	1784	-81
-592	-105	3994	132	1735	-53
-602	-148	4001	163	1689	-92
-631	-119	3919	193	1700	-106
-700	-62	3771	205	1790	-67
-737	2	3642	214	2054	0
-879	-86	3687	232	2462	117
-1177	-65	3462	317	2860	240
-1350	-91	3255	384	3700	362
-1864	-124	4086	330	4698	233
-2693	-159	4459	321	5133	41
-3667	-18	5044	376	5462	-190
-4111	145	5866	339	5004	-335
-4354	447	6078	247	3708	-193
-4086	304	5396	51	2510	190
-3679	12	4555	-72	1667	239
-3326	-61	3587	-37	1160	44
-3005	113	2722	78	1315	-191
-3026	208	2608	120	1965	-239
-3241	225	3130	95	2370	-180
-3471	205	3835	35	2279	-210
-3532	360	4290	-43	1646	-122
-3459	353	4272	-105	824	142
-3178	201	3929	-160	44	322
-2892	143	3374	-186	-572	342
-2636	130	2865	-180	-982	354
-2491	173	2445	-152	-1200	430
-2378	129	2229	-128	-1310	460
-2243	115	2114	-87	-1318	456
-2147	35	2100	-37	-1163	500
-2167	-64	2250	-19	-994	347
-2235	-79	2407	-19	-903	111
-2368	-12	2604	-33	-902	-116
-2459	91	2892	-48	-1034	-168
-2466	176	2987	-50	-1303	-136
-2430	201	2910	-49	-1642	-89
-2342	243	2633	-72	-1868	6
-2227	169	2410	-77	-1864	116
-2127	76	2261	-83	-1731	93
-2097	134	2177	-104	-1488	99
-2036	208	2245	-68	-1164	163
-2116	249	2506	-55	-969	249
-2234	227	2720	-61	-939	384
-2208	104	2844	-71	-992	379
-2185	89	2871	-58	-1033	324
-2166	47	2908	-42	-1026	216
-2134	13	2942	-37	-979	107
-2194	88	3013	-27	-885	43
-2247	123	3203	-23	-897	25
-2182	146	3259	-7	-943	12
-2117	102	3256	30	-961	24
-2020	96	3206	35	-886	-54
-2086	83	3249	45	-813	-84
-2034	80	3243	57	-736	-127
-2031	129	3332	80	-699	-141
-2029	179	3371	87	-717	-128
-1988	148	3325	85	-724	-159
-1917	150	3269	65	-663	-233
-1887	143	3271	63	-556	-251
-1838	133	3293	81	-452	-256
-1855	130	3372	109	-383	-270
-1823	193	3425	107	-309	-242
-1874	220	3573	102	-331	-194
-1860	221	3567	81	-383	-171
-1825	217	3538	59	-384	-180
-1771	215	3532	37	-305	-202
-1752	222	3601	31	-253	-198
-1722	227	3647	28	-259	-169
-1678	241	3617	17	-243	-147
-1725	237	3731	0	-234	-126
-1711	186	3643	-12	-286	-130
-1668	136	3597	-13	-241	-136
-1647	175	3602	-28	-184	-139
-1633	204	3618	-12	-135	-88
-1631	184	3619	-13	-100	-62
-1700	143	3706	-17	-56	-63
-1713	125	3756	-20	-125	-79
-1685	114	3701	-21	-173	-86
-1658	135	3651	-13	-174	-51
-1621	80	3625	-8	-120	-39
-1648	86	3656	-12	-58	-67
-1636	107	3696	-18	-35	-84
-1617	97	3713	-18	-52	-106
-1606	116	3724	-15	-57	-105
-1617	100	3713	-19	-61	-96
-1612	87	3690	-19	-54	-107
-1584	80	3693	-17	-16	-124
-1589	91	3731	-17	-7	-148
-1599	96	3744	-11	-24	-162
-1598	119	3746	-9	-53	-157
-1584	124	3733	-9	-60	-148
-1580	106	3697	-2	-43	-135
414	-248	4045	74	247	-75
385	-235	4109	73	245	-49
394	-221	4170	82	175	-28
399	-229	4198	82	69	-2
416	-249	4180	87	-23	-2
424	-224	4136	81	-63	-21
436	-205	4071	73	-68	-27
446	-195	4024	56	-54	-26
476	-221	3968	42	-20	-34
495	-266	3952	44	58	-71
485	-284	3917	54	152	-107
468	-283	3936	95	252	-125
386	-230	4001	114	362	-137
335	-170	4057	111	425	-131
300	-134	4149	108	418	-103
286	-124	4198	110	336	-83
264	-138	4203	110	239	-74
289	-153	4160	101	149	-95
307	-152	4113	75	93	-110
351	-160	4083	55	65	-96
394	-238	4024	34	52	-108
455	-293	3885	16	112	-161
487	-308	3764	-4	301	-243
412	-265	3697	29	609	-266
295	-251	3781	124	913	-259
221	-212	3882	202	1098	-277
194	-124	3940	236	1211	-302
174	-47	3978	239	1305	-291
123	16	4003	227	1377	-250
47	-3	4000	208	1461	-214
-19	-69	3997	159	1546	-208
-76	-143	3986	106	1563	-266
-85	-195	3962	65	1603	-289
-130	-246	4007	42	1662	-313
-230	-218	4033	53	1675	-321
-245	-159	4073	72	1684	-324
-297	-111	4036	87	1700	-335
-333	-33	4032	100	1697	-306
-374	13	4007	117	1726	-262
-353	6	3920	114	1797	-223
-364	-48	3870	119	1921	-247
-459	-91	3856	133	2034	-339
-481	-73	3761	117	2146	-358
-578	-133	3690	182	2427	-396
-625	-143	3656	273	2692	-449
-636	-64	3596	360	2965	-353
-774	-62	3081	483	3247	9
-847	-363	2702	419	4374	250
-1684	-495	4179	316	5971	-52
-3389	-354	5290	401	6105	-630
-4985	174	5802	511	5985	-1013
-5507	622	7288	283	4754	-722
-5449	538	7233	89	2837	-275
-4823	561	6240	-85	1042	344
-3871	171	4530	-197	-62	540
-2931	-130	2831	-82	-73	408
-2349	-207	1893	79	946	58
-2420	-13	2106	215	2146	-100
-2884	152	2998	227	2520	47
-3092	201	3804	165	2172	209
-3152	128	4335	97	1302	296
-2990	35	4276	82	154	334
-2649	-12	3610	76	-837	253
-2275	16	2825	103	-1346	145
-2028	32	2195	132	-1480	131
-1823	4	1909	203	-1219	212
-1857	-50	2052	253	-912	189
-2020	-62	2364	315	-756	162
-2211	-7	2687	375	-796	199
-2296	32	2903	393	-973	322
-2367	81	3022	336	-1175	370
-2356	166	3046	244	-1412	311
-2359	173	2971	157	-1641	308
-2237	198	2747	93	-1847	287
-2129	135	2441	61	-1878	282
-2044	87	2237	62	-1697	303
-2053	2	2247	2	-1417	287
-2015	-70	2419	-9	-1166	194
-2142	48	2660	-22	-1070	115
-2144	111	2829	-39	-1082	102
-2184	125	2920	-66	-1171	87
-2119	169	2868	-101	-1209	28
-2074	200	2929	-142	-1052	31
-2069	208	3088	-147	-916	46
-2068	192	3187	-151	-879	88
-2005	162	3178	-138	-834	110
-1896	203	3207	-130	-792	128
-1916	170	3223	-113	-778	113
-1897	169	3217	-91	-690	63
-1864	179	3273	-59	-533	56
-1854	213	3417	-32	-466	44
-1868	154	3471	4	-480	-8
-1841	117	3491	26	-488	-84
-1849	128	3440	73	-564	-164
-1802	161	3395	66	-509	-195
-1783	250	3441	65	-442	-169
-1800	304	3435	79	-390	-145
-1808	321	3503	66	-332	-176
-1825	333	3604	54	-369	-192
-1802	346	3639	38	-426	-193
-1778	323	3604	29	-456	-163
-1726	330	3562	16	-462	-125
-1682	360	3542	-15	-411	-76
-1659	413	3588	-38	-331	-6
-1668	423	3628	-58	-310	54
-1657	361	3580	-70	-278	110
-1640	346	3565	-62	-235	145
-1632	308	3555	-63	-174	199
-1636	306	3551	-45	-71	220
-1647	275	3594	-34	-2	231
-1675	254	3630	-15	38	234
-1726	255	3668	-1	44	235
-1733	309	3640	-1	3	248
-1676	302	3625	2	10	273
-1615	304	3652	-4	48	278
-1613	360	3725	-16	50	305
-1610	348	3697	-30	25	332
-1573	331	3740	-30	38	343
-1608	284	3776	-32	21	357
-1581	259	3773	-19	0	347
-1566	265	3770	-8	-16	330
-1588	284	3782	-21	-38	305
-1527	327	3712	-42	-47	312
-1552	360	3717	-55	-27	319
-1537	365	3742	-87	-38	346
-1553	312	3771	-90	-33	336
-1579	324	3802	-98	-70	336
-1547	324	3777	-125	-106	330
-1543	363	3707	-133	-119	331
-1522	371	3663	-128	-82	353
459	25	4077	15	63	-5
455	33	4117	6	39	-8
430	34	4138	0	-3	-11
431	44	4136	-9	-56	-12
446	31	4088	-11	-79	-11
435	16	4040	-7	-44	-13
464	18	4060	-8	-19	-18
486	2	4079	-15	-25	-25
496	14	4067	-22	-21	-23
481	23	4113	-24	-9	-17
474	15	4117	-28	-37	-17
511	1	4087	-30	-53	-14
561	11	4050	-22	-65	-5
601	-27	3963	-9	-43	-24
590	-22	3901	4	59	-28
545	3	3967	36	190	-19
474	43	4034	60	274	9
455	-14	4041	72	288	23
453	-45	4004	51	293	-31
471	-17	3912	69	370	-50
414	-24	3948	94	467	-96
377	-32	3916	85	563	-130
408	-22	3932	62	689	-139
418	10	4007	54	756	-138
412	78	4055	35	760	-125
390	149	4019	19	772	-93
351	114	3966	-1	817	-39
326	25	3976	20	935	-30
254	-48	3939	55	1025	-150
175	15	4018	113	1114	-80
83	-64	4002	182	1130	-124
71	-43	3999	239	1206	-117
17	32	3897	218	1273	-129
-1	92	3679	177	1455	-81
6	102	3759	211	1797	-300
-114	221	3775	154	2102	-186
-155	48	4001	65	2310	-148
-247	-6	4280	32	2269	-240
-81	117	4325	47	2023	-261
99	120	4161	77	1823	-249
226	93	4001	134	1864	-288
236	45	3859	169	1983	-295
62	48	3833	176	2236	-311
-256	120	3984	161	2452	-320
-636	235	3927	133	2642	-240
-934	-139	3579	86	3129	-220
-1143	-383	3367	-100	3945	-641
-1845	-96	3978	-95	4894	-1025
-2737	481	4392	58	5272	-810
-3304	551	4816	265	5506	-340
-3730	280	5738	312	5084	-126
-3960	164	6047	227	3804	-96
-4134	47	5813	37	2451	91
-3677	4	5028	-82	1271	274
-3159	24	4010	-80	546	167
-2780	171	3010	36	665	86
-2661	273	2699	110	1404	117
-2845	314	3117	40	1937	207
-3074	336	3686	-98	2024	319
-3234	327	4127	-159	1677	420
-3235	332	4250	-166	1030	564
-3039	263	3948	-154	347	676
-2787	114	3468	-111	-161	708
-2586	-12	3120	-41	-440	646
-2428	-2	2902	6	-674	537
-2343	86	2693	24	-895	458
-2199	230	2483	-6	-1028	380
-2076	333	2360	-50	-1076	287
-2008	325	2222	-83	-1027	247
-1969	321	2156	-99	-788	228
-1971	297	2322	-108	-496	247
-2114	310	2649	-99	-390	322
-2266	290	3008	-86	-483	374
-2305	337	3201	-121	-706	377
-2318	403	3247	-174	-976	407
-2283	453	3121	-216	-1192	474
-2191	418	2943	-265	-1242	506
-2122	346	2868	-320	-1172	480
-2118	250	2868	-348	-1090	415
-2106	280	2957	-386	-1091	394
-2060	248	3022	-329	-1117	421
-2039	219	3030	-327	-1152	399
-2013	273	2982	-326	-1121	384
-2024	299	2992	-306	-1099	296
-2010	247	2989	-312	-1101	195
-2008	235	3034	-306	-1074	131
-2030	247	3103	-289	-1078	135
-1953	190	3070	-277	-1101	96
-1924	167	3107	-233	-1040	39
-1975	173	3133	-203	-1019	-26
-1953	232	3201	-202	-1017	-95
-1930	194	3220	-208	-1065	-118
-1830	103	3155	-166	-960	-197
-1818	166	3217	-122	-801	-256
-1805	201	3338	-90	-677	-225
-1825	203	3507	-82	-660	-232
-1873	233	3579	-70	-729	-234
-1791	191	3520	-64	-766	-252
-1707	152	3486	-35	-712	-313
-1665	164	3446	-10	-644	-351
-1645	170	3466	4	-525	-377
-1623	217	3521	19	-459	-372
-1580	214	3507	44	-382	-368
-1606	228	3519	54	-316	-343
-1560	228	3535	51	-237	-302
-1565	221	3621	53	-128	-301
-1621	220	3765	50	-144	-327
-1608	234	3769	30	-259	-324
-1591	256	3679	29	-300	-284
-1496	246	3604	20	-238	-249
-1553	218	3625	15	-128	-232
-1565	241	3649	-3	-98	-193
-1579	199	3674	-29	-81	-156
-1540	146	3695	-48	-60	-152
-1515	103	3741	-73	-63	-174
-1512	80	3748	-66	-64	-155
-1517	-13	3732	-49	-20	-173
-1492	-41	3785	-39	18	-252
-1526	-52	3856	-32	-16	-303
-1480	-73	3807	-20	-77	-356
-1450	-72	3774	12	-80	-395
-1454	-43	3807	32	-70	-393
-1479	0	3793	32	-62	-391
-1490	24	3796	19	-47	-376
-1461	35	3772	9	-30	-366
-1465	59	3748	-13	-7	-344
-1469	48	3730	-17	5	-316
-1462	81	3745	-20	20	-285
-1454	87	3750	-32	26	-215
-1474	-12	3806	-29	37	-204
460	22	4021	44	27	-2
418	11	4032	51	83	2
395	28	4073	48	92	3
383	41	4126	36	68	8
387	32	4128	32	25	4
403	15	4105	33	-2	10
420	20	4067	40	-3	10
430	34	4038	44	33	25
457	37	4045	50	59	27
448	42	4050	50	77	19
438	39	4043	51	84	13
442	28	4043	61	75	-4
458	26	3934	56	90	-5
450	-38	3813	29	175	-27
409	-3	3728	-5	410	-96
318	6	3824	5	614	-100
243	18	3991	35	715	-118
238	24	4085	67	741	-122
221	95	4104	113	766	-97
194	139	4134	138	787	-61
154	158	4166	118	779	-45
144	84	4160	87	744	-81
151	122	4148	71	719	-133
150	88	4105	80	709	-173
164	65	4053	81	715	-212
210	86	3997	83	780	-238
246	125	3967	98	856	-251
271	-23	3931	123	956	-276
346	-67	3851	114	1087	-337
236	44	3826	115	1377	-366
38	87	3977	101	1594	-371
-126	97	4056	83	1616	-369
-190	115	4092	93	1618	-354
-281	160	4098	103	1586	-331
-342	187	4044	129	1562	-293
-353	166	3964	162	1589	-259
-435	147	3882	196	1683	-251
-501	123	3829	232	1839	-270
-561	126	3857	243	1980	-288
-586	86	3912	268	2097	-311
-693	78	3954	293	2105	-350
-712	113	3921	326	2118	-367
-910	166	3812	311	2198	-326
-1003	136	3597	295	2484	-162
-1079	40	3412	240	3090	-160
-1396	-73	3408	283	3751	-381
-1770	38	3655	435	4338	-623
-2246	348	4332	520	4750	-588
-2740	599	4867	440	4723	-219
-3302	792	5452	254	4304	18
-4006	639	5752	108	3366	-60
-4299	594	5371	45	2293	40
-3860	347	4603	-26	1449	186
-3279	136	3818	-89	1052	88
-2863	22	3185	-54	1085	-99
-2692	142	2870	30	1564	-201
-2794	284	3027	98	2094	-136
-3047	483	3499	68	2255	-35
-3198	489	3974	-18	2067	147
-3323	436	4306	-106	1523	264
-3367	359	4358	-172	786	291
-3198	288	4135	-227	36	229
-2905	212	3686	-258	-500	204
-2660	118	3239	-274	-823	202
-2504	35	2921	-241	-915	216
-2463	52	2836	-194	-968	261
-2406	175	2869	-130	-1080	427
-2381	192	2927	-97	-1377	571
-2334	147	2738	-105	-1749	538
-2225	233	2359	-120	-1982	386
-2052	317	2017	-151	-1919	387
-1862	316	1879	-182	-1604	472
-1782	186	2003	-186	-1089	430
-1893	180	2319	-199	-693	344
-2089	216	2729	-174	-501	311
-2257	232	3131	-158	-620	271
-2356	287	3391	-158	-979	304
-2278	326	3400	-187	-1371	351
-2200	265	3174	-200	-1679	328
-2012	129	2804	-231	-1815	199
-1854	100	2613	-194	-1715	37
-1830	89	2575	-146	-1467	-27
-1867	68	2692	-79	-1191	-59
-1892	29	2879	8	-1009	-95
-1943	30	3095	78	-902	-249
-1933	31	3271	138	-844	-392
-1918	35	3424	211	-909	-541
-1954	191	3458	227	-965	-608
-1918	241	3383	243	-964	-635
-1850	224	3335	244	-932	-724
-1801	206	3315	255	-853	-784
-1806	257	3352	276	-786	-776
-1728	238	3405	273	-684	-738
-1776	223	3557	240	-574	-721
-1752	289	3555	209	-651	-731
-1720	316	3516	211	-661	-666
-1600	235	3390	235	-655	-650
-1567	237	3354	235	-540	-652
-1590	244	3410	229	-435	-669
-1598	281	3518	209	-382	-684
-1663	316	3603	195	-352	-660
-1670	327	3636	177	-373	-639
-1639	316	3619	156	-400	-663
-1603	339	3623	133	-401	-649
-1569	350	3703	135	-350	-578
-1575	327	3719	141	-348	-525
-1557	342	3687	141	-310	-522
-1560	380	3748	142	-270	-467
-1506	448	3667	142	-242	-393
-1590	508	3741	100	-192	-317
-1589	477	3731	67	-228	-182
-1553	402	3647	62	-272	-129
-1454	343	3513	46	-190	-67
-1440	338	3528	46	-43	-48
-1479	361	3673	31	62	19
-1532	338	3827	10	34	58
-1525	326	3856	-27	-48	91
-1495	255	3783	-52	-119	107
-1465	182	3714	-51	-89	112
-1465	122	3742	-39	-51	52
-1440	111	3773	-25	-45	12
-1454	160	3806	-18	-57	-19
-1462	204	3798	-34	-93	-44
-1408	232	3751	-49	-115	-59
-1366	223	3698	-38	-77	-68
-1368	267	3683	-24	-9	-50
-1385	258	3715	-23	39	-45
-1360	287	3842	-11	75	-30
-1378	290	3924	-2	52	-9
-1386	277	3943	-15	-16	4
429	-80	4027	29	-3	4
438	-82	4073	30	3	11
448	-104	4083	32	-7	8
495	-104	4072	39	-29	-8
509	-87	4056	54	-26	1
521	-119	3970	70	39	-7
488	-73	3993	67	163	4
438	-105	4061	67	213	24
438	-143	4080	75	200	0
468	-159	4074	85	160	-66
491	-129	4028	72	148	-85
480	-85	4019	66	192	-47
436	-65	4013	88	257	-6
426	-76	4035	105	306	4
391	-96	4029	113	329	3
372	-66	4009	118	360	-5
310	-2	4022	107	380	13
251	-8	3965	95	412	27
263	-81	3918	99	498	-4
270	-115	3933	112	627	-43
229	-71	4002	132	732	-56
212	-18	4103	129	741	-34
240	-5	4076	122	670	-25
302	26	3886	117	703	-80
361	136	3867	109	839	4
394	-25	3794	140	1008	-46
409	82	3786	145	1313	-16
401	-57	3882	138	1577	53
313	103	3930	86	1728	-37
174	215	3804	9	1802	179
231	-36	3856	18	2047	26
-85	-75	3968	15	2320	5
-416	-270	4306	-32	2322	7
-523	-291	4515	-27	1937	-81
-434	-246	4321	9	1559	-140
-349	-21	4050	40	1489	-147
-371	172	3977	52	1577	-53
-480	195	3911	92	1582	46
-554	130	3869	129	1619	-25
-712	117	3871	164	1706	-117
-802	93	3908	179	1775	-145
-859	-39	3904	202	1870	-124
-982	-123	3756	241	1989	-157
-1139	-124	3528	262	2392	-39
-1129	-222	3343	268	3143	32
-1381	-341	3679	271	3736	-127
-1859	-188	3825	340	4014	-406
-2274	194	3829	402	4530	-463
-2843	408	4408	439	4747	-225
-3380	419	4970	469	4449	72
-3827	182	5341	391	3925	-21
-3996	150	5189	201	3034	-72
-3945	172	4864	-4	2188	-121
-3579	200	4308	-134	1423	-166
-3145	259	3436	-95	1241	-188
-3062	347	2895	-33	1699	-172
-3343	339	2995	50	2308	-111
-3589	432	3416	62	2566	64
-3705	270	3889	35	2440	376
-3697	220	4206	22	2031	302
-3490	187	4235	31	1393	306
-3243	214	3975	10	686	295
-2938	123	3562	16	79	312
-2683	48	3194	47	-396	225
-2431	56	2812	115	-748	216
-2304	66	2545	148	-986	282
-2233	55	2313	141	-1164	321
-2188	71	2153	103	-1220	249
-2219	193	2107	72	-1205	168
-2257	271	2147	31	-1138	148
-2299	373	2318	-19	-1133	140
-2302	413	2468	-82	-1268	240
-2349	328	2654	-151	-1380	302
-2377	267	2844	-219	-1505	291
-2411	171	2954	-256	-1614	250
-2357	127	2956	-237	-1713	144
-2298	122	2883	-210	-1800	60
-2251	156	2786	-214	-1825	21
-2182	266	2721	-159	-1716	81
-2112	306	2600	-124	-1610	163
-2025	173	2539	-108	-1481	171
-2045	101	2575	-121	-1303	27
-2144	157	2701	-129	-1174	-56
-2193	184	2860	-117	-1131	-55
-2185	231	2949	-148	-1216	18
-2145	206	2947	-165	-1252	40
-2064	190	2859	-157	-1199	44
-1996	177	2921	-109	-1009	34
-2022	209	3082	-94	-892	27
-2072	215	3230	-97	-836	36
-2084	141	3326	-100	-829	-30
-2055	157	3379	-100	-873	-83
-1998	126	3427	-83	-859	-62
-1938	136	3386	-49	-799	-21
-1861	208	3344	-9	-721	19
-1788	175	3369	-12	-619	33
-1800	172	3415	-13	-558	-11
-1757	143	3416	-11	-491	-56
-1753	108	3509	-4	-423	-97
-1735	110	3547	23	-405	-114
-1709	139	3516	46	-428	-91
-1675	156	3441	47	-343	-129
-1629	228	3433	42	-188	-170
-1698	197	3544	46	-82	-192
-1708	216	3592	53	-93	-210
-1673	205	3627	71	-85	-197
-1689	187	3611	72	-88	-196
-1718	206	3629	63	-74	-198
-1754	210	3648	53	-81	-207
-1724	257	3630	36	-111	-196
-1683	236	3600	17	-87	-170
-1657	211	3607	15	-29	-151
-1677	190	3674	1	-13	-149
-1671	160	3662	-13	-30	-154
-1734	195	3725	-17	-39	-189
-1767	170	3764	-10	-115	-193
-1724	162	3702	-14	-189	-174
-1697	151	3622	-16	-181	-138
-1662	169	3588	-8	-137	-92
-1654	140	3631	-2	-77	-77
-1684	148	3675	-24	-46	-105
-1721	106	3763	-22	-131	-128
-1628	131	3646	-5	-170	-103
-1637	63	3671	2	-90	-116
-1593	76	3685	14	-57	-124
-1616	131	3736	10	-45	-120
-1609	111	3781	0	-50	-113
-1619	121	3795	-24	-71	-131
-1565	-21	3761	-9	-68	-175
-1578	-22	3769	1	-91	-231
419	-130	4092	10	33	3
396	-123	4112	9	20	2
407	-113	4118	8	-11	1
405	-117	4051	14	-22	6
417	-128	4023	32	20	3
413	-125	4007	51	42	13
386	-133	4006	69	109	20
350	-130	4117	73	158	19
325	-129	4173	62	126	-2
336	-133	4167	43	68	-11
371	-120	4131	36	14	-11
408	-136	4065	25	-7	-22
442	-133	4023	23	-8	-39
498	-140	3935	26	16	-40
529	-134	3878	28	99	-46
503	-173	3829	30	227	-89
461	-187	3832	48	422	-155
385	-145	3890	74	630	-164
332	-67	3980	102	779	-149
290	-25	4000	127	805	-140
256	-2	3992	163	838	-129
229	-22	4005	177	867	-106
217	-87	3999	169	909	-116
181	-108	4002	143	951	-176
141	-94	3981	135	997	-175
100	-94	3930	140	1114	-152
19	-99	3964	146	1225	-173
-42	-104	3991	151	1307	-213
-108	-82	4111	157	1362	-230
-201	-66	4185	141	1321	-241
-235	-5	4182	127	1275	-214
-248	7	4092	140	1234	-211
-235	37	3955	145	1233	-214
-206	59	3885	148	1357	-203
-222	44	3891	159	1497	-174
-243	-7	3907	170	1655	-169
-265	-37	3943	180	1806	-199
-272	-57	3956	202	1908	-230
-354	-75	3886	241	2012	-242
-435	-46	3886	276	2137	-279
-510	-62	3797	309	2265	-361
-559	-24	3770	367	2461	-360
-624	37	3827	450	2623	-295
-795	-10	3769	474	2657	-279
-900	199	3671	545	2849	-178
-1163	255	3494	571	3230	41
-1495	217	3414	403	3767	150
-1946	205	3526	266	4404	100
-2365	188	3886	381	5276	-172
-3402	758	5230	530	5241	-68
-4247	619	5605	509	4449	-81
-4871	264	5668	421	3400	-135
-4548	372	5062	277	2464	33
-4059	518	4230	85	1803	70
-3565	553	3413	3	1486	34
-3026	459	2757	51	1619	-27
-2734	380	2454	174	2170	-72
-2999	425	2627	169	2701	-23
-3333	357	3068	71	2858	96
-3615	241	3641	-7	2555	171
-3731	146	4019	-48	1941	226
-3669	103	4162	-51	1155	169
-3404	111	3965	-9	246	89
-3098	122	3381	-6	-521	-2
-2755	162	2765	12	-961	81
-2523	100	2242	37	-1088	165
-2391	109	1957	5	-997	161
-2410	217	1936	13	-813	251
-2510	258	2081	19	-693	361
-2593	305	2325	-22	-753	330
-2668	432	2492	-114	-951	257
-2738	468	2528	-200	-1239	305
-2716	372	2451	-273	-1550	352
-2637	292	2303	-326	-1662	394
-2441	179	2241	-338	-1517	463
-2409	75	2313	-316	-1250	373
-2428	127	2487	-249	-1008	268
-2478	176	2783	-182	-931	161
-2542	283	3007	-132	-1126	134
-2557	297	3108	-110	-1446	149
-2467	275	2968	-122	-1716	72
-2403	224	2697	-183	-1835	-55
-2230	237	2469	-198	-1752	-141
-2128	225	2475	-129	-1468	-100
-2162	130	2656	-42	-1240	-137
-2243	234	2873	-7	-1173	-167
-2251	203	2984	46	-1165	-90
-2193	193	3027	67	-1164	-153
-2149	225	3058	96	-1145	-213
-2153	265	3142	126	-1067	-305
-2148	206	3188	147	-1053	-385
-2119	203	3262	163	-1041	-513
-2069	249	3275	174	-1087	-545
-2028	250	3183	152	-1063	-568
-2017	198	3164	174	-992	-614
-1959	224	3144	209	-897	-669
-1919	205	3125	220	-816	-683
-1918	181	3175	239	-690	-719
-1961	189	3284	252	-577	-747
-1940	212	3395	280	-531	-735
-1940	196	3486	298	-518	-782
-1945	238	3514	300	-563	-780
-1936	230	3536	281	-612	-792
-1857	253	3483	266	-653	-805
-1773	267	3479	245	-599	-796
-1761	234	3410	235	-522	-829
-1764	233	3440	225	-396	-838
-1788	208	3533	217	-320	-839
-1787	213	3613	207	-326	-835
-1777	234	3633	197	-371	-822
-1782	221	3590	201	-379	-773
-1792	209	3552	211	-321	-723
-1763	199	3591	213	-310	-683
-1744	189	3556	197	-279	-676
-1724	171	3538	195	-224	-656
-1734	181	3634	193	-168	-648
-1708	214	3702	182	-195	-648
-1694	204	3668	176	-215	-596
-1699	182	3642	169	-182	-547
-1709	178	3658	166	-134	-510
-1750	196	3694	163	-118	-486
-1712	185	3641	146	-140	-437
-1698	171	3601	130	-98	-454
-1680	138	3600	135	-50	-422
-1686	130	3616	138	-11	-405
-1696	152	3621	136	16	-378
-1681	152	3686	126	28	-357
-1670	140	3732	127	15	-350
-1684	136	3751	121	-39	-342
-1663	132	3722	104	-76	-327
54	19	4081	17	-11	-7
79	14	4080	16	6	-12
82	7	4096	12	19	-8
96	17	4113	7	7	-6
104	18	4124	6	-17	-9
126	26	4102	4	-44	-3
134	26	4107	-2	-58	-5
143	24	4097	-5	-62	-6
129	7	4089	-2	-47	-7
123	17	4088	-1	-42	-8
123	11	4096	-1	-41	-2
112	19	4071	1	-29	1
118	17	4046	3	-6	0
116	30	4035	12	33	-4
98	24	4075	18	64	6
110	0	4067	27	78	-2
130	10	4047	39	85	-1
133	-14	3994	48	136	8
116	1	3991	57	225	-8
105	-4	4001	57	337	-18
71	-9	4059	47	382	-41
72	-81	4051	37	399	-90
78	6	4041	15	413	-128
79	-4	3969	20	473	-80
55	56	3904	48	587	-60
15	-4	3920	75	728	-52
18	0	3917	90	866	-106
-47	29	3954	94	1007	-123
-87	39	4016	93	1070	-128
-106	5	4027	84	1109	-158
-126	21	4011	61	1134	-220
-168	77	4008	46	1179	-215
-195	129	3985	42	1232	-186
-195	100	3986	43	1299	-185
-189	45	3977	27	1338	-253
-200	-47	3983	29	1366	-314
-226	-45	3955	47	1437	-321
-269	9	3917	50	1534	-303
-380	7	3836	61	1669	-264
-431	8	3780	61	1804	-312
-560	75	3711	72	1940	-348
-533	30	3674	90	2159	-355
-563	18	3715	85	2395	-379
-624	-31	3833	79	2658	-381
-840	70	3914	131	2922	-351
-1126	226	3784	190	3249	-221
-1270	-129	3624	144	3835	-97
-1686	-359	4070	197	4257	-409
-2389	251	4293	309	4619	-443
-3629	701	4605	209	4896	-80
-4560	592	5063	114	4954	-92
-4652	364	5841	140	4300	69
-4323	201	5747	110	2879	294
-3836	-55	4729	21	1714	286
-3304	-174	3716	-20	1291	80
-2910	68	3044	32	1527	-16
-2958	277	2894	111	2071	22
-3241	333	3122	120	2386	121
-3352	192	3490	96	2318	233
-3338	86	3821	13	1891	299
-3235	84	4062	-73	1224	306
-3041	113	3945	-110	394	295
-2793	136	3437	-121	-388	343
-2496	90	2781	-131	-918	369
-2312	86	2210	-116	-1096	399
-2251	33	1869	-78	-940	504
-2247	39	1877	-26	-670	595
-2299	41	2157	-15	-476	530
-2443	123	2459	-75	-511	378
-2547	222	2682	-134	-722	141
-2602	336	2809	-203	-996	62
-2569	353	2868	-234	-1249	178
-2501	216	2835	-239	-1426	296
-2368	42	2666	-225	-1445	291
-2285	50	2564	-200	-1371	193
-2297	79	2677	-156	-1245	171
-2345	129	2919	-130	-1219	162
-2293	175	3072	-152	-1355	196
-2247	246	3004	-184	-1527	222
-2198	240	2848	-216	-1666	256
-2202	283	2756	-239	-1642	301
-2176	236	2678	-251	-1624	437
-2094	143	2646	-218	-1491	405
-2010	119	2627	-188	-1338	328
-2040	147	2745	-163	-1102	293
-2101	190	2931	-137	-981	324
-2099	215	3109	-136	-914	304
-2190	200	3205	-131	-939	287
-2178	197	3195	-119	-989	217
-2091	226	3145	-121	-1020	130
-1996	243	3108	-82	-982	97
-2041	298	3180	-57	-885	161
-2030	310	3195	-39	-814	184
-1986	286	3224	-33	-688	208
-1950	329	3321	-44	-629	173
-1963	344	3373	-61	-635	159
-1936	343	3452	-90	-613	175
-1867	340	3414	-81	-618	250
-1798	234	3455	-77	-528	223
-1783	193	3526	-57	-492	177
-1809	170	3555	-35	-489	111
-1795	197	3502	-21	-492	52
-1739	258	3451	-5	-427	8
-1718	324	3456	21	-333	20
-1686	311	3531	35	-224	26
-1721	285	3600	58	-231	9
-1718	313	3627	48	-244	3
-1677	306	3631	6	-261	-23
-1651	339	3561	-10	-251	-47
-1637	360	3572	-11	-181	-6
-1628	401	3602	-17	-115	22
-1687	377	3710	-27	-99	45
-1684	354	3727	-35	-176	56
-1678	346	3662	-45	-220	79
-1633	330	3651	-51	-202	115
-1623	294	3658	-59	-187	125
-1619	266	3641	-63	-158	108
-1597	303	3680	-57	-126	104
-1593	338	3678	-42	-108	149
-1560	275	3670	-21	-53	187
-1603	304	3731	-13	-35	209
-1618	274	3712	-20	-51	223
-1624	254	3719	-55	-64	170
-1591	225	3703	-88	-90	149
-1537	194	3707	-73	-51	145
-1574	209	3755	-61	-46	186
-1534	212	3725	-29	-51	171
-1525	255	3696	8	4	128
-1566	315	3737	13	25	135
-1574	338	3740	-3	-12	159
334	-42	4120	9	1	-10
339	-48	4046	7	-9	-8
340	-57	3989	-1	39	-18
343	-56	4025	-3	113	-21
326	-64	4106	8	149	-15
319	-61	4179	17	113	-3
320	-48	4150	4	34	14
353	-61	4068	-6	-10	13
413	-80	3953	-4	47	13
378	-114	3979	9	179	-3
354	-82	4065	21	235	-4
310	-64	4150	24	230	10
270	-68	4205	28	149	18
254	-75	4142	29	48	16
260	-80	4059	37	29	9
285	-73	3970	41	87	-4
273	-72	3964	42	189	-12
253	-55	3990	52	264	-16
225	-57	4045	57	301	-12
205	-58	4092	61	285	-21
215	-51	4068	60	260	-35
217	-65	4003	65	271	-53
229	-44	3919	81	336	-52
221	-92	3873	102	503	-71
214	-108	3947	115	653	-111
227	-64	3986	125	734	-133
218	-7	3976	133	791	-138
201	9	3958	135	885	-137
136	36	3974	131	984	-153
83	44	4024	142	1060	-164
36	-10	4087	148	1108	-166
-10	-39	4087	142	1107	-160
-3	-13	3969	132	1168	-163
1	12	3922	113	1290	-183
-50	-4	3812	84	1441	-204
-149	83	3832	57	1667	-270
-205	28	3869	53	1822	-284
-313	-14	3937	81	1946	-309
-340	-55	4019	131	1989	-351
-368	-36	4022	150	1949	-347
-352	76	3904	161	1986	-274
-374	61	3822	196	2192	-219
-441	39	3844	279	2449	-264
-477	-51	3883	336	2597	-282
-542	-57	3829	369	2639	-310
-823	-79	3625	412	2728	-262
-1094	-113	3228	463	3254	-220
-1444	-79	3120	501	4486	-280
-2021	346	3803	663	5599	-358
-3059	627	4874	662	5808	-39
-3900	494	5906	595	5204	20
-4484	474	6478	370	4036	-163
-4540	389	6027	93	2690	-93
-4202	189	5243	-176	1563	-48
-3522	391	4094	-325	907	-37
-2861	414	3027	-302	869	55
-2544	326	2487	-156	1593	128
-2730	342	2812	-72	2394	166
-3054	324	3458	-95	2620	183
-3295	294	4150	-143	2250	255
-3462	277	4516	-201	1453	305
-3426	231	4448	-228	486	307
-3163	164	3987	-207	-339	310
-2823	63	3443	-194	-895	288
-2496	-35	2928	-194	-1185	265
-2280	26	2589	-146	-1295	247
-2180	111	2386	-78	-1307	321
-2146	143	2276	-45	-1323	370
-2148	165	2221	-63	-1309	342
-2169	220	2134	-85	-1304	296
-2179	255	2140	-94	-1247	245
-2181	245	2241	-105	-1203	202
-2152	228	2319	-116	-1098	194
-2192	235	2454	-102	-929	272
-2225	213	2708	-83	-839	321
-2260	219	2925	-73	-898	317
-2281	244	3058	-76	-1051	289
-2284	178	3117	-62	-1280	204
-2235	211	2980	-85	-1530	102
-2111	215	2751	-83	-1612	161
-2030	145	2578	-55	-1484	135
-1990	133	2533	-72	-1226	52
-2002	191	2671	-54	-1005	46
-1979	167	2919	-17	-832	16
-2054	108	3155	24	-785	-52
-2161	63	3306	61	-822	-111
-2159	63	3337	87	-960	-214
-2086	81	3328	117	-993	-240
-1990	121	3339	153	-986	-266
-1960	183	3283	151	-971	-302
-1910	197	3241	148	-881	-404
-1927	224	3301	154	-818	-503
-1890	187	3300	166	-777	-580
-1817	105	3323	206	-659	-647
-1783	135	3374	262	-557	-657
-1813	121	3386	293	-449	-674
-1799	180	3461	309	-391	-715
-1788	224	3465	324	-405	-774
-1761	255	3431	357	-393	-752
-1710	215	3479	362	-343	-795
-1742	177	3595	363	-336	-837
-1834	174	3646	367	-410	-905
-1793	220	3595	351	-437	-902
-1753	264	3515	337	-433	-901
-1725	283	3517	322	-420	-903
-1718	267	3509	322	-374	-880
-1654	265	3496	315	-322	-846
-1634	332	3561	284	-241	-816
-1720	362	3652	231	-193	-754
-1743	332	3662	197	-205	-725
-1722	323	3622	204	-210	-690
-1639	285	3621	219	-165	-621
-1647	304	3660	212	-106	-571
-1685	296	3727	201	-94	-486
-1641	296	3760	173	-104	-446
-1622	299	3754	142	-157	-413
-1609	301	3690	118	-179	-399
-1602	261	3638	119	-142	-375
-1566	213	3607	117	-80	-340
-1577	198	3629	140	-18	-314
-1626	181	3679	153	4	-290
-1632	182	3679	143	-26	-309
-1598	219	3695	134	-50	-301
-1575	226	3740	119	-34	-302
-1589	270	3790	85	-56	-283
-1576	254	3821	62	-102	-243
-1561	203	3791	59	-113	-248
-1566	194	3751	53	-118	-272
-1560	199	3697	62	-120	-281
-1534	195	3688	78	-70	-279
336	8	4024	53	468	-5
302	-59	4075	46	486	17
278	-74	4079	38	499	0
237	-91	4091	24	508	-15
205	-72	4106	8	487	-31
161	-82	4117	3	434	-18
125	-83	4087	-3	427	-24
73	-68	4103	-12	438	-26
51	-38	4052	0	470	-9
1	-76	4061	33	545	-7
24	-44	4072	36	536	41
84	-42	4034	21	530	68
97	-13	4016	11	556	82
103	-83	4013	17	614	56
102	-19	4044	19	683	0
69	-11	4085	30	735	-1
-4	30	4125	44	745	4
-50	-32	4141	52	711	5
-99	-38	4141	67	699	19
-156	-118	4157	64	670	3
-169	-72	4126	49	656	-29
-179	-129	4054	62	652	-77
-210	-75	4024	61	690	-90
-260	-26	3969	61	760	-69
-317	-38	3937	57	854	-35
-355	27	3856	28	941	-2
-361	-64	3871	-10	1004	42
-356	-99	4011	7	1113	-85
-389	-114	4145	31	1122	-120
-403	-169	4185	50	1033	-143
-442	-163	4164	28	914	-229
-437	-101	3967	51	883	-269
-456	-58	3850	92	1027	-282
-450	35	3793	108	1222	-273
-474	75	3825	107	1387	-211
-500	109	3852	110	1489	-191
-496	141	3935	165	1571	-116
-543	117	3952	220	1588	-22
-636	43	3954	230	1659	47
-706	-103	3979	224	1706	22
-826	-180	3965	236	1735	-144
-976	-128	3791	266	1901	-218
-1133	41	3500	262	2269	-135
-1280	-114	3426	142	2843	-51
-1596	-246	3624	129	3321	-257
-1976	-63	3649	208	3593	-419
-2163	276	3827	145	4067	-377
-2759	402	4432	63	4290	-203
-3360	434	4799	183	4168	-138
-3863	191	5277	289	3977	36
-4046	-108	5629	334	3269	119
-3854	-35	5254	216	2290	72
-3494	154	4378	81	1720	37
-3195	279	3684	23	1766	34
-3237	339	3427	55	2107	41
-3439	365	3543	92	2424	165
-3460	167	3883	91	2501	295
-3423	74	4284	89	2134	295
-3367	37	4438	92	1431	276
-3135	63	4164	101	544	187
-2821	114	3658	125	-208	181
-2567	105	3043	64	-810	154
-2348	98	2475	1	-1053	101
-2264	165	2192	-52	-1036	123
-2221	216	2145	-43	-966	254
-2231	166	2205	-42	-998	370
-2292	156	2268	-77	-1086	323
-2285	225	2252	-132	-1201	275
-2265	244	2211	-177	-1238	297
-2137	218	2179	-215	-1229	309
-2156	255	2277	-236	-1112	356
-2202	139	2460	-189	-945	473
-2293	-34	2763	-155	-899	364
-2367	23	2951	-174	-988	171
-2415	141	3044	-202	-1218	94
-2340	195	3031	-198	-1458	84
-2325	223	2907	-203	-1704	107
-2204	130	2681	-192	-1761	167
-2087	80	2545	-183	-1612	78
-2085	122	2582	-180	-1365	54
-2142	206	2825	-146	-1195	138
-2209	213	3032	-96	-1163	223
-2222	212	3181	-117	-1243	237
-2208	263	3205	-130	-1327	254
-2114	235	3130	-138	-1309	276
-2031	198	3148	-112	-1202	265
-1999	217	3197	-93	-1143	267
-1980	280	3256	-80	-1093	281
-1966	230	3330	-76	-1054	269
-1961	189	3299	-81	-989	213
-1969	189	3322	-72	-945	158
-1823	207	3200	-46	-878	160
-1741	175	3197	-25	-716	182
-1796	163	3311	3	-629	161
-1845	211	3405	19	-636	139
-1806	252	3396	25	-667	102
-1754	296	3436	5	-595	105
-1699	300	3468	-6	-561	131
-1678	277	3530	-27	-506	134
-1689	278	3610	-53	-511	122
-1625	216	3610	-82	-546	92
-1597	184	3591	-74	-537	22
-1588	227	3573	-85	-446	9
-1607	190	3601	-57	-391	34
-1572	223	3616	-43	-338	30
-1572	207	3635	-43	-327	-11
-1545	219	3611	-34	-299	-49
-1485	239	3599	-8	-218	-47
-1479	208	3622	22	-116	-47
-1517	207	3696	34	-31	-49
-1566	230	3724	47	-30	-26
-1565	265	3726	48	-1	-24
-1588	340	3749	53	-38	13
-1501	378	3684	42	-54	33
-1484	384	3646	21	-18	70
-1499	347	3652	-2	51	123
-1541	345	3735	-20	77	140
-1560	353	3785	-33	56	156
-1570	369	3835	-42	21	188
-1467	303	3817	-54	-20	207
-1418	276	3787	-57	-20	173
-1416	316	3805	-68	-9	209
-1448	287	3808	-62	-7	233
-1451	187	3808	-76	-51	208
-1412	125	3792	-64	-54	137
-1450	183	3789	-71	-47	110
-1480	266	3760	-128	-113	139
-1445	299	3714	-127	-75	171
-1422	355	3743	-73	35	201
-1522	435	3848	-31	52	286
570	-304	4073	50	-104	-108
604	-278	4013	71	-100	-98
643	-261	3983	93	-36	-74
617	-251	3980	111	33	-53
562	-298	4065	102	68	-61
532	-297	4106	80	40	-91
572	-262	4100	56	4	-90
600	-226	4035	55	12	-81
600	-197	4009	60	47	-51
597	-220	3997	65	90	-37
585	-263	3991	80	121	-70
563	-283	3963	88	160	-108
553	-309	3988	91	212	-135
573	-314	3954	103	260	-159
613	-287	3920	105	331	-170
586	-282	3896	112	440	-162
570	-262	3914	134	551	-183
525	-230	3961	136	636	-236
505	-187	4002	124	689	-255
465	-164	4072	105	707	-245
419	-210	4078	93	709	-249
392	-177	4048	89	722	-279
397	-160	4003	86	715	-281
384	-158	3952	100	779	-298
340	-134	3911	106	880	-308
272	-112	3867	133	1029	-292
232	-117	3908	142	1188	-277
202	-96	3963	135	1329	-273
148	-70	4038	147	1409	-236
115	-106	4070	134	1443	-221
84	-147	3987	112	1456	-214
114	-227	3894	93	1553	-243
77	-244	3827	91	1714	-304
-4	-163	3816	127	1908	-304
-153	-131	3861	174	2103	-268
-298	-109	3984	165	2212	-232
-344	-107	4057	134	2243	-168
-420	-144	4124	86	2201	-167
-435	-108	4043	67	2143	-168
-448	-141	3879	97	2190	-140
-521	-206	3831	155	2389	-133
-604	-150	3920	220	2580	-162
-787	-46	3937	291	2586	-184
-961	24	3872	408	2561	-124
-1248	167	3670	476	2675	117
-1375	23	3375	290	2976	322
-1633	-112	3430	195	3703	250
-2142	153	3862	290	4479	77
-2937	296	4697	338	4599	113
-3581	93	5179	314	4508	4
-4211	127	5864	242	3916	-89
-4345	140	5835	53	2798	-167
-4199	164	5201	-173	1892	-69
-3554	173	4134	-345	1439	126
-3052	-56	3398	-302	1593	334
-2936	-121	3047	-147	2076	289
-3040	123	3279	-69	2469	128
-3262	411	3808	-111	2465	247
-3351	456	4246	-218	2092	557
-3336	251	4479	-310	1413	718
-3176	131	4416	-263	588	820
-2918	49	4013	-210	-335	887
-2623	-12	3398	-189	-1068	912
-2412	63	2750	-232	-1525	804
-2167	144	2167	-218	-1615	813
-2031	195	1950	-194	-1490	830
-1984	214	1822	-193	-1272	876
-2021	115	1898	-194	-1032	886
-2068	98	2048	-226	-895	818
-2166	123	2266	-304	-751	824
-2265	63	2546	-324	-566	860
-2365	-74	2883	-375	-502	687
-2431	52	3190	-338	-624	553
-2489	144	3476	-253	-938	635
-2440	116	3419	-241	-1412	618
-2289	96	3097	-269	-1776	504
-2116	109	2742	-313	-1893	350
-2015	154	2456	-344	-1741	202
-1921	176	2358	-352	-1513	222
-1870	164	2414	-332	-1221	251
-1855	180	2591	-297	-947	209
-1964	244	2911	-242	-849	293
-2099	199	3112	-218	-942	312
-2082	180	3125	-195	-1048	244
-2047	178	3103	-170	-1054	170
-2023	279	3145	-167	-1014	132
-2004	344	3210	-137	-990	122
-1977	404	3221	-119	-984	116
-1955	303	3202	-88	-984	5
-1871	262	3154	-28	-898	-123
-1875	187	3193	37	-774	-223
-1884	179	3277	75	-661	-316
-1943	217	3355	105	-598	-377
-1906	270	3368	135	-589	-413
-1897	313	3433	161	-560	-492
-1859	340	3438	183	-560	-549
-1829	257	3442	205	-550	-581
-1765	246	3426	204	-506	-628
-1753	258	3455	185	-378	-660
-1830	255	3501	179	-338	-682
-1792	233	3525	193	-313	-727
-1782	201	3581	197	-282	-793
-1759	165	3561	221	-282	-856
-1748	79	3569	256	-256	-957
-1799	77	3546	267	-258	-1063
-1795	37	3469	283	-221	-1170
-1755	83	3505	325	-141	-1232
-1763	97	3543	395	-56	-1238
-1809	126	3655	436	-32	-1228
-1856	195	3704	447	-121	-1217
-1781	249	3684	433	-190	-1159
-1762	287	3682	391	-234	-1129
-1691	264	3681	354	-258	-1067
-1666	310	3675	337	-228	-945
-1626	305	3682	304	-193	-836
-1649	274	3686	269	-161	-740
-1633	298	3689	237	-150	-647
-1636	297	3687	200	-142	-529
-1590	258	3686	150	-129	-439
-1596	247	3648	119	-123	-348
-1574	209	3679	80	-60	-286
-1581	223	3745	52	-31	-219
-1585	206	3749	30	-52	-169
-1557	141	3762	26	-65	-167
-1549	89	3768	33	-49	-178
-1546	50	3789	40	-67	-180
-1526	61	3803	48	-107	-213
-1516	34	3757	68	-123	-254
-1482	48	3759	89	-126	-292
-1444	86	3772	103	-122	-310
620	-34	3951	16	24	9
600	-50	4057	20	103	15
579	-45	4166	11	65	-5
573	-44	4177	-1	-19	-10
591	-45	4098	1	-98	-13
643	-40	4013	10	-88	6
630	-42	3997	7	-18	13
615	-63	4029	3	60	3
589	-39	4079	7	80	-11
571	-33	4120	10	37	-18
591	-45	4125	-3	-37	-17
612	-49	4034	-14	-82	-20
628	-52	4011	-8	-15	-28
600	-21	4078	0	46	-44
560	-15	4202	-4	7	-70
446	5	4216	-21	-111	-138
447	-31	3942	-20	-163	-279
592	-41	3761	-14	-15	-351
693	-33	3769	4	240	-260
701	-87	3939	26	380	-145
649	-87	3919	55	419	-116
690	-104	3721	56	531	-176
785	-101	3561	54	890	-241
777	-24	3768	58	1204	-179
693	27	4038	34	1256	-8
519	-3	4122	17	1153	56
493	11	4119	20	1072	60
449	23	3960	36	1095	113
397	-26	3792	52	1249	169
262	-123	3773	112	1494	202
185	-72	3748	107	1671	139
-5	92	3920	153	1765	257
-128	77	3978	214	1869	269
-64	-24	4017	233	1997	204
-38	138	3847	126	2000	290
69	-213	3936	150	2219	120
-179	36	4023	208	2389	149
-242	12	4188	223	2426	154
-204	23	4181	180	2307	115
-62	40	3997	201	2285	147
-91	-4	3902	238	2388	109
-212	-39	3962	208	2431	-44
-221	1	3968	242	2402	8
-306	-86	3924	334	2537	32
-558	80	3797	436	2786	152
-905	-81	3546	539	3364	224
-1296	-228	3432	552	4392	64
-2167	-154	3777	635	5082	-131
-2939	291	4159	744	5496	-259
-3806	543	4812	752	5481	-96
-4124	444	5537	668	4816	-199
-4325	466	5682	517	3837	-468
-4293	576	5345	302	2704	-473
-3773	368	4282	66	1874	-378
-3350	289	3343	-34	1731	-385
-3229	325	2925	24	2061	-372
-3322	392	3055	84	2451	-360
-3528	409	3387	106	2619	-274
-3684	411	3731	72	2516	-151
-3705	428	3951	29	2121	38
-3515	305	3876	25	1516	155
-3185	131	3598	50	848	157
-2868	123	3134	50	142	130
-2580	122	2557	63	-417	136
-2385	173	2015	111	-664	155
-2294	173	1642	155	-628	200
-2268	201	1558	141	-471	195
-2346	325	1664	72	-349	186
-2507	419	1826	-15	-318	194
-2634	503	2022	-120	-330	221
-2765	488	2315	-205	-386	291
-2879	411	2626	-287	-544	387
-2921	322	2801	-342	-752	392
-2903	243	2894	-368	-981	365
-2850	231	2949	-359	-1264	340
-2825	151	2910	-332	-1558	334
-2676	90	2707	-296	-1768	261
-2495	90	2462	-243	-1781	180
-2399	77	2363	-192	-1640	95
-2362	143	2358	-167	-1432	-16
-2361	267	2481	-150	-1253	-33
-2402	386	2704	-113	-1124	71
-2524	436	2914	-151	-1175	166
-2527	426	2964	-189	-1305	212
-2436	383	2936	-259	-1425	247
-2330	395	2894	-268	-1474	294
-2305	389	2851	-270	-1491	351
-2251	371	2787	-276	-1401	455
-2198	327	2763	-242	-1233	467
-2215	309	2907	-228	-1055	391
-2247	381	3171	-270	-1004	347
-2247	409	3308	-279	-1099	360
-2228	326	3317	-269	-1167	370
-2137	318	3238	-244	-1218	332
-2063	262	3152	-214	-1171	330
-1943	234	3043	-195	-1057	272
-1943	258	3100	-174	-894	206
-1938	313	3166	-161	-813	171
-1905	284	3244	-141	-769	160
-1941	268	3351	-127	-686	127
-1961	217	3471	-102	-717	93
-1898	168	3432	-89	-732	26
-1833	113	3444	-43	-694	-52
-1753	187	3450	-3	-626	-122
-1770	217	3497	25	-545	-125
-1782	245	3548	40	-510	-165
-1757	282	3525	47	-498	-189
-1732	368	3492	43	-422	-169
-1694	404	3506	57	-360	-103
-1686	358	3588	49	-278	-72
-1687	357	3655	36	-267	-52
-1698	330	3727	13	-300	-66
-1692	374	3716	-22	-350	-52
-1666	391	3652	-36	-377	-3
-1626	360	3597	-61	-318	18
-1615	328	3608	-71	-250	52
-1610	273	3583	-73	-205	40
-1644	285	3583	-76	-164	29
-1668	250	3611	-75	-124	10
-1670	278	3640	-57	-80	0
-1692	310	3716	-47	-54	19
-1700	306	3750	-42	-101	55
-1658	313	3720	-34	-140	58
-1650	316	3707	-42	-146	79
-1629	293	3707	-42	-141	88
-1610	287	3708	-32	-121	100
-1615	292	3702	-27	-101	108
-1602	263	3688	-24	-80	118
-1584	200	3661	-22	-54	103
-1576	193	3679	-21	-24	70
543	239	4120	-15	-35	-4
548	253	4091	-17	-64	2
560	256	4054	-17	-62	9
572	265	4041	-8	-51	23
569	260	4015	-7	-41	24
568	236	4030	7	-34	28
570	210	4070	14	-27	3
592	174	4059	26	-82	-9
627	168	3911	53	-13	-1
636	197	3942	46	86	-29
647	230	3949	5	169	-57
601	243	4010	-9	242	-58
593	263	4086	-12	242	-44
621	214	4080	-17	176	-36
623	214	4008	0	157	-35
612	217	3973	17	217	-42
598	248	3963	36	334	-35
539	245	4054	33	399	-48
520	251	4127	16	362	-73
524	277	4135	11	289	-87
571	249	4061	2	213	-100
623	207	3901	-8	212	-111
667	176	3740	3	359	-132
669	132	3698	15	618	-176
611	138	3773	33	885	-202
531	147	3886	48	1075	-223
426	192	4015	38	1176	-248
380	242	4067	49	1238	-238
296	234	4065	69	1289	-263
245	246	4046	66	1304	-295
246	268	4016	57	1330	-284
212	294	3961	32	1384	-290
143	303	3853	14	1459	-269
106	289	3785	23	1682	-272
26	291	3835	21	1902	-301
14	246	3924	37	2027	-330
-111	253	4013	49	2088	-371
-174	214	4008	52	2076	-376
-182	239	3937	-17	2139	-388
-267	137	3908	-105	2336	-363
-321	79	3892	-69	2482	-469
-382	137	3788	-74	2645	-557
-482	43	3735	-40	2829	-594
-572	87	3703	1	3076	-605
-702	243	3679	162	3335	-425
-986	197	3747	362	3578	-302
-1356	152	3609	509	3648	-152
-1558	202	3686	262	4140	-208
-2265	118	4295	116	4578	-593
-3153	456	4632	186	4751	-1005
-4001	668	5190	276	4405	-878
-4383	681	5583	194	3792	-623
-4612	449	5640	101	2979	-313
-4265	500	5098	-3	2242	-117
-3772	668	4269	-182	1921	2
-3446	525	3623	-302	2015	130
-3389	338	3412	-271	2291	0
-3391	429	3578	-170	2632	62
-3556	453	4168	-151	2611	228
-3641	368	4657	-158	2074	460
-3410	233	4789	-89	1222	608
-3043	87	4474	17	223	711
-2618	6	3675	73	-755	684
-2246	66	2732	111	-1437	631
-2000	221	2032	120	-1820	600
-1828	377	1516	117	-1975	657
-1675	505	1071	114	-1845	802
-1648	356	797	92	-1365	854
-1758	26	875	6	-713	550
-2066	68	1326	-43	-89	312
-2355	103	2024	-91	325	340
-2690	160	2954	-174	342	257
-2961	266	3676	-238	-82	177
-3001	355	4092	-258	-775	83
-2868	389	4014	-217	-1525	76
-2715	418	3613	-209	-2189	148
-2419	382	2908	-212	-2530	253
-2090	251	2322	-227	-2380	239
-1862	240	2012	-208	-1936	225
-1783	289	2029	-160	-1320	173
-1933	391	2413	-81	-776	171
-2153	518	2948	-60	-673	206
-2191	515	3286	-39	-830	266
-2216	468	3430	-52	-1139	246
-2170	452	3325	-52	-1391	278
-2064	368	3090	-55	-1527	202
-1973	358	2899	-12	-1402	88
-1925	346	2906	40	-1153	8
-1946	319	3072	86	-923	-135
-2009	336	3241	95	-868	-228
-1958	412	3360	139	-939	-285
-1916	347	3286	179	-987	-294
-1880	282	3214	228	-908	-424
-1798	303	3183	254	-786	-526
-1804	307	3314	248	-633	-628
-1848	387	3441	251	-556	-701
-1890	449	3586	254	-565	-695
-1871	381	3559	266	-643	-713
-1780	295	3492	275	-660	-752
-1730	267	3493	286	-647	-809
-1671	284	3478	284	-622	-901
-1683	374	3500	295	-534	-933
-1661	404	3528	298	-491	-923
-1699	410	3599	298	-438	-917
-1669	424	3673	296	-460	-885
-1674	394	3661	300	-492	-853
-1638	366	3625	299	-505	-843
-1589	360	3586	291	-503	-828
-1556	381	3550	282	-426	-803
-1582	386	3579	270	-326	-760
-1637	419	3647	237	-271	-724
-1607	367	3723	240	-256	-699
-1604	381	3757	248	-305	-665
-1571	367	3721	240	-344	-648
-1579	378	3695	226	-333	-650
-1549	406	3691	223	-314	-621
-1519	440	3689	216	-273	-584
-1532	432	3695	203	-236	-528
-1511	408	3674	189	-202	-500
-1499	406	3683	183	-153	-481
-1484	444	3695	172	-109	-466
-1526	432	3734	146	-83	-435
-1549	429	3761	118	-134	-403
-1542	456	3751	96	-142	-356
-1466	403	3685	74	-128	-298
-1453	370	3735	84	-48	-293
-1450	394	3759	87	-35	-270
-1441	368	3793	72	-26	-255
-1430	379	3790	57	-32	-253
-1447	405	3800	54	-50	-216
681	269	4054	2	-45	-3
680	273	4049	-1	-50	-11
666	264	4051	3	-49	-7
691	268	4026	12	-35	0
693	274	4059	20	-30	2
677	280	4050	23	-33	-4
674	287	4055	22	-23	-8
673	280	4093	12	-47	-7
682	296	4088	2	-100	-5
727	271	4004	-8	-103	-12
745	263	3951	7	-42	-12
738	266	3968	28	46	-11
719	278	4009	47	80	-3
714	289	4024	45	91	-13
709	286	4007	41	119	-15
706	283	4009	49	149	-8
694	270	4045	47	144	-8
711	249	4027	46	134	-5
737	223	3914	57	171	-24
762	220	3893	70	252	-54
768	254	3859	77	330	-82
786	319	3832	98	456	-72
798	339	3832	112	607	-68
762	305	3788	103	759	-107
700	294	3722	94	929	-167
597	258	3728	97	1169	-229
455	343	3818	95	1385	-251
353	359	3933	104	1499	-194
260	307	3961	72	1518	-213
253	366	3891	44	1526	-205
267	336	3812	40	1673	-178
216	209	3753	52	1889	-295
127	281	3866	100	2251	-368
-96	494	3889	7	2306	-382
-147	160	3967	-43	2384	-405
-282	161	4134	-37	2440	-770
-362	379	4204	-39	2340	-801
-209	411	4157	-63	2161	-731
-171	469	4092	-118	2108	-676
-28	454	4007	-199	2175	-608
-68	496	4042	-211	2219	-507
-83	387	4094	-211	2219	-385
-176	387	4151	-210	2153	-337
-343	387	4075	-233	2244	-210
-623	260	3624	-193	2537	-143
-1085	-80	3385	-254	3330	-262
-1767	-315	3694	-335	4150	-896
-2420	177	3892	-363	4761	-1173
-2909	523	4384	-236	5081	-913
-3571	355	5022	-124	5069	-810
-4306	460	6065	-121	4309	-759
-4309	18	6049	-122	3267	-133
-3958	-186	5608	-124	2176	-241
-3334	212	4338	-172	1460	-210
-2853	385	3395	-154	1613	-100
-2857	414	3108	-15	2246	29
-3153	334	3446	119	2781	179
-3385	163	3852	149	2798	268
-3400	124	4209	108	2448	320
-3319	146	4594	61	1666	338
-3088	182	4514	39	608	233
-2830	306	4008	28	-329	187
-2517	298	3284	14	-1069	265
-2257	240	2607	8	-1405	422
-2112	127	2157	11	-1396	611
-2123	4	2056	65	-1181	675
-2226	5	2211	112	-1044	669
-2300	-22	2324	89	-1117	648
-2284	130	2300	51	-1300	564
-2177	320	2173	19	-1395	575
-2123	353	2212	-20	-1354	579
-2080	319	2324	-63	-1244	514
-2154	237	2490	-79	-1148	492
-2155	132	2723	-110	-1113	356
-2180	207	2987	-86	-1109	229
-2228	288	3188	-67	-1290	291
-2184	292	3183	-45	-1523	300
-2129	322	3064	-53	-1745	322
-1981	277	2786	-75	-1826	308
-1929	331	2574	-90	-1677	302
-1798	323	2483	-121	-1486	339
-1824	272	2635	-100	-1222	429
-1960	317	2902	-84	-1088	460
-2013	337	3145	-116	-1034	465
-1981	342	3343	-106	-1040	472
-1989	288	3446	-82	-1065	438
-1904	331	3366	-42	-1106	376
-1875	285	3382	-70	-1056	259
-1840	285	3352	-60	-1015	189
-1807	327	3322	-57	-902	150
-1818	349	3376	-77	-816	119
-1748	378	3364	-97	-787	125
-1645	327	3346	-105	-717	100
-1631	313	3406	-80	-626	74
-1626	336	3496	-77	-562	54
-1633	382	3582	-92	-578	51
-1573	390	3582	-77	-608	64
-1547	421	3536	-54	-544	79
-1509	412	3610	-67	-438	88
-1448	405	3640	-80	-419	56
-1469	415	3681	-92	-402	28
-1483	370	3676	-106	-411	-4
-1496	352	3641	-97	-396	-39
-1480	304	3612	-62	-355	-47
-1452	350	3608	-37	-279	-43
-1411	392	3645	-24	-222	-29
-1380	417	3701	-24	-183	-48
-1409	398	3797	-22	-170	-65
-1453	382	3839	-29	-212	-89
-1464	358	3827	-40	-249	-118
-1457	387	3824	-45	-259	-131
-1459	381	3738	-40	-270	-119
-1453	374	3713	-21	-240	-119
-1435	361	3683	-5	-191	-107
-1453	319	3730	-1	-150	-114
-1437	314	3731	7	-114	-149
-1412	325	3743	11	-69	-179
-1437	375	3780	27	-66	-155
-1428	329	3787	31	-69	-159
-1410	350	3757	30	-42	-141
-1387	354	3768	23	-18	-132
-1393	343	3762	21	6	-134
-1408	320	3748	25	35	-133
-1402	299	3781	26	64	-133
-1382	298	3794	30	66	-147
-1345	258	3792	37	75	-147
-1329	165	3848	62	101	-215
-1331	180	3898	59	51	-260
-1317	225	3857	56	39	-271
-1371	384	3859	12	4	-225
508	190	4062	-5	-108	5
498	194	4032	-1	-76	1
522	195	4033	3	-57	5
542	219	4040	10	-43	9
526	229	4084	12	-33	13
486	221	4064	-6	-24	20
488	186	4091	-2	-4	-12
466	195	4089	9	1	-14
493	193	4052	22	5	0
499	197	4048	23	-7	20
486	203	4039	20	-4	20
475	187	4133	19	-20	3
477	211	4162	22	-90	5
530	224	4050	16	-138	20
589	226	3946	16	-98	22
617	186	3938	16	-2	1
552	201	3922	12	94	-24
509	204	3911	-2	200	-29
489	165	3996	6	263	-40
474	141	4040	18	273	-62
466	120	4062	33	245	-85
477	179	4049	40	194	-83
470	215	3907	75	236	-15
469	187	3796	113	401	8
477	198	3756	106	579	-45
518	260	3777	109	719	-95
512	284	3861	124	886	-141
442	311	3945	126	1008	-170
357	271	3970	117	1081	-196
314	260	3939	84	1129	-249
327	199	3929	50	1224	-335
280	85	3912	22	1359	-448
288	-88	3899	15	1522	-600
243	75	3891	-22	1729	-771
113	243	3988	-16	1914	-858
157	241	3950	-39	2057	-872
15	378	3897	-50	2240	-864
-149	394	3925	2	2413	-842
-266	354	3975	89	2489	-805
-329	320	3998	135	2455	-714
-332	226	3940	124	2448	-638
-278	60	3923	153	2524	-605
-296	-59	3903	190	2680	-707
-479	165	3886	162	2893	-748
-653	320	3725	174	3150	-612
-907	352	3598	261	3408	-268
-1512	144	3581	224	3681	-214
-1933	15	3476	204	4326	-447
-2573	68	4203	250	5214	-651
-3287	456	5254	376	5201	-783
-4026	634	5982	308	4680	-679
-4661	917	6746	198	3344	-241
-4298	781	5873	-35	2228	72
-3536	593	4405	-221	1823	254
-3086	346	3310	-211	1885	374
-2848	178	2871	-144	2346	105
-3018	227	3157	-84	2780	-87
-3250	283	3552	-38	2815	-103
-3321	256	3865	-53	2454	-25
-3240	204	4039	-71	1897	64
-3113	177	4032	-67	1172	193
-2939	129	3748	-60	448	160
-2767	187	3345	-45	-171	73
-2561	223	2921	-35	-634	68
-2371	233	2492	-21	-1010	160
-2294	195	2078	6	-1170	281
-2257	201	1890	65	-1096	437
-2225	240	1841	64	-943	534
-2304	344	1953	-22	-811	516
-2430	460	2174	-110	-758	490
-2526	431	2491	-187	-842	459
-2550	420	2706	-246	-1069	496
-2492	336	2758	-319	-1256	528
-2462	294	2771	-356	-1403	553
-2397	243	2731	-324	-1416	565
-2375	159	2765	-255	-1402	514
-2288	222	2786	-214	-1385	403
-2306	292	2771	-167	-1395	396
-2283	331	2757	-135	-1405	369
-2253	301	2730	-146	-1373	285
-2215	242	2692	-151	-1342	173
-2179	297	2701	-136	-1238	41
-2175	343	2827	-152	-1248	34
-2166	418	2872	-124	-1268	13
-2162	427	2923	-118	-1271	88
-2157	364	2967	-106	-1216	55
-2094	294	3095	-91	-1120	-41
-2090	335	3277	-85	-1070	-96
-2138	315	3387	-71	-1074	-81
-2121	367	3388	-49	-1153	-74
-2026	291	3330	-68	-1193	-194
-1947	317	3235	-29	-1127	-291
-1903	312	3141	-4	-993	-304
-1861	330	3127	33	-817	-307
-1779	299	3152	53	-650	-290
-1758	258	3219	87	-495	-313
-1892	221	3406	112	-362	-432
-1905	184	3565	167	-372	-474
-1857	227	3623	195	-389	-519
-1847	235	3628	208	-469	-527
-1840	209	3564	227	-484	-583
-1737	205	3462	246	-450	-660
-1717	221	3507	260	-368	-778
-1709	246	3544	282	-311	-831
-1701	240	3601	290	-302	-818
-1695	232	3635	305	-309	-822
-1670	225	3622	306	-318	-826
-1681	208	3634	309	-304	-889
-1685	252	3660	311	-306	-932
-1648	272	3671	309	-343	-933
-1600	314	3635	324	-383	-882
-1631	324	3654	330	-315	-848
-1672	323	3720	315	-317	-817
-1660	381	3721	292	-331	-766
-1610	365	3748	251	-390	-722
-1562	364	3699	252	-406	-681
-1535	329	3682	229	-387	-641
-1518	354	3629	221	-314	-567
-1532	330	3659	207	-231	-531
-1564	352	3712	199	-180	-463
-1585	299	3753	188	-199	-410
-1566	266	3734	171	-235	-397
-1525	263	3701	171	-224	-365
-1503	298	3676	166	-191	-315
-1514	319	3723	146	-136	-259
-1524	293	3736	119	-135	-197
-1509	247	3722	112	-131	-191
-1524	215	3698	111	-115	-185
-1492	211	3711	114	-94	-210
-1487	245	3749	119	-68	-215
128	89	4099	4	-25	-18
110	94	4107	5	-18	-22
119	91	4141	2	-26	-21
140	82	4106	14	-31	-12
128	84	4067	18	14	-12
128	93	4098	19	25	-4
115	91	4128	12	3	-2
120	84	4148	11	-35	-13
143	110	4101	4	-82	-12
156	101	4021	1	-68	18
147	75	4025	10	27	33
144	77	4063	19	77	8
112	68	4077	12	106	5
141	49	4118	11	98	-10
115	38	4152	8	61	-9
122	60	4110	8	34	5
122	76	4086	7	31	14
132	103	4066	12	57	15
140	90	4066	12	73	7
145	86	4077	17	86	-12
147	73	4066	27	92	-25
120	76	4052	20	127	-54
71	94	4048	13	175	-63
-1	42	3962	36	270	-96
-11	30	3934	54	388	-133
-13	59	3891	46	485	-128
13	59	3882	39	604	-91
54	117	3898	27	707	-50
91	210	3905	9	843	13
128	130	3898	-22	1000	6
86	283	3830	-64	1187	-2
165	44	3785	-73	1410	4
193	-97	3714	-47	1629	-104
43	-217	3828	-37	1921	-187
-156	-181	4017	-47	2051	-284
-188	-130	4126	-60	2061	-285
-164	-58	4119	-94	2020	-343
-138	111	4100	-100	1962	-456
-211	279	4051	-77	1905	-433
-275	298	4116	-40	1886	-362
-302	295	4114	-17	1759	-250
-343	262	4028	-38	1707	-217
-523	198	3838	-41	1849	-189
-731	72	3534	-39	2256	-191
-911	-4	3187	49	3000	7
-1348	-305	3252	-54	3853	-101
-1765	-293	3558	-33	4742	-347
-2450	-228	4034	74	5425	-444
-3152	82	4806	123	5369	-404
-3725	21	5380	186	5306	-250
-4693	-18	6361	48	5009	-330
-5125	185	6837	-107	3688	-215
-4561	159	5923	-250	2041	48
-3542	148	4129	-225	1097	194
-2868	139	2704	-119	1303	181
-2663	-16	2227	-97	2084	578
-2877	18	2475	-39	2830	220
-3130	22	3105	3	3024	230
-3295	105	3774	-34	2671	257
-3252	170	4186	-60	1932	369
-3089	140	4328	-70	918	365
-2881	57	4021	-44	-122	347
-2724	62	3469	-24	-958	296
-2457	116	2795	-35	-1528	248
-2185	144	2214	-62	-1782	341
-2095	127	1842	-53	-1764	429
-2045	106	1732	2	-1623	613
-2132	56	1678	19	-1506	620
-2192	71	1657	-28	-1438	435
-2226	110	1782	-53	-1304	258
-2331	108	2095	-80	-1091	163
-2445	93	2466	-63	-967	154
-2489	47	2740	-22	-890	184
-2567	24	3112	22	-922	77
-2652	146	3382	58	-1162	-38
-2649	207	3415	65	-1522	16
-2581	321	3196	46	-1860	124
-2396	340	2843	-18	-1991	260
-2178	236	2531	-70	-1875	300
-2044	159	2396	-90	-1531	200
-2063	212	2461	-109	-1161	142
-2173	234	2711	-96	-942	236
-2229	211	2989	-41	-880	325
-2212	184	3155	-5	-994	370
-2213	218	3144	-44	-1149	354
-2141	170	3078	-103	-1212	279
-2052	157	3037	-114	-1153	205
-1994	141	3094	-124	-966	132
-2025	164	3244	-60	-856	87
-2081	232	3266	-29	-863	125
-2030	219	3271	-16	-866	215
-1947	210	3238	-22	-844	244
-1852	194	3284	-32	-771	226
-1830	174	3359	-25	-729	175
-1843	230	3366	8	-717	195
-1834	130	3452	-12	-589	183
-1802	147	3508	13	-564	157
-1753	158	3540	25	-598	105
-1746	197	3536	44	-584	114
-1714	209	3509	50	-543	118
-1648	213	3497	52	-453	73
-1637	196	3529	43	-362	15
-1644	179	3644	32	-299	-50
-1662	176	3672	45	-341	-64
-1598	200	3675	64	-322	-122
-1608	252	3726	69	-327	-123
-1641	320	3686	62	-339	-127
-1614	333	3671	54	-359	-102
-1612	376	3610	39	-356	-64
-1597	360	3567	12	-298	-38
-1587	358	3571	-8	-208	-12
-1587	364	3592	-17	-129	10
-1605	392	3682	-30	-86	67
-1619	370	3764	-46	-123	86
-1623	311	3774	-58	-194	66
-1600	260	3752	-51	-237	47
-1559	260	3718	-43	-253	46
-1512	249	3651	-26	-212	51
-1471	240	3606	-12	-108	34
-1480	268	3678	-5	-6	17
-1499	283	3742	4	49	0
-1514	292	3800	9	41	-6
-1509	294	3800	5	17	-9
-1487	297	3799	-1	-13	-2
-1474	292	3803	-6	-45	-17
-1481	255	3771	-12	-37	-22
-1510	261	3777	-16	-25	-51
-1520	225	3799	-28	-65	-76
-1496	239	3798	-6	-79	-102
-1493	243	3774	-10	-113	-98
601	-20	4037	23	22	15
598	-61	3997	56	47	2
579	-65	3973	67	93	-26
549	-112	3974	85	157	-38
537	-92	3936	93	222	-97
551	-63	4011	93	289	-92
520	-31	4117	70	347	-85
501	5	4180	54	350	-58
467	5	4187	55	277	-16
491	-15	4136	62	161	2
534	-16	4065	70	97	-6
582	-37	3986	82	139	-21
593	-40	3988	75	217	-46
573	-62	4027	75	258	-62
543	-17	4036	79	271	-88
512	-2	4008	74	325	-101
488	37	3987	74	405	-90
461	11	3994	85	474	-75
431	12	4008	108	560	-100
368	49	4059	127	615	-101
329	87	4115	135	594	-71
307	74	4152	135	539	-58
313	41	4077	111	470	-82
358	44	3944	79	491	-88
401	-12	3852	73	624	-95
390	-11	3813	78	812	-109
346	0	3869	91	1014	-109
294	42	3932	103	1187	-76
275	60	3974	113	1307	-58
220	69	3963	112	1428	-87
164	142	3916	102	1539	-96
81	151	3888	75	1684	-83
-28	93	3885	44	1843	-88
-147	65	3967	16	1954	-125
-255	57	4052	-5	1979	-175
-329	78	4107	-8	1966	-219
-372	90	4069	-16	1918	-222
-354	84	3972	-23	1932	-206
-312	24	3901	-7	2027	-223
-345	-46	3855	19	2154	-307
-468	-35	3883	10	2313	-399
-563	27	3941	20	2450	-418
-693	-28	3921	62	2488	-450
-804	23	3913	129	2484	-418
-920	22	3682	303	2619	-289
-1162	119	3276	422	2871	-152
-1416	131	3382	328	3623	-74
-1823	-26	4175	99	4092	-141
-2335	-167	4213	53	4225	-474
-3162	115	4539	214	4704	-647
-3879	368	5439	267	4376	-530
-3998	404	5580	147	3484	-375
-3999	427	5313	-7	2735	-211
-3793	509	4668	-121	2290	21
-3663	309	3937	-192	2070	183
-3421	108	3450	-145	2151	262
-3333	34	3334	-99	2312	217
-3377	52	3570	-53	2381	145
-3433	127	3815	-7	2271	134
-3426	133	4063	-7	1985	259
-3385	56	4251	12	1473	367
-3278	-33	4243	23	758	419
-3111	6	3986	32	-71	438
-2828	85	3564	38	-834	438
-2550	114	3064	11	-1415	378
-2332	206	2601	-30	-1762	399
-2177	247	2281	-58	-1862	487
-2124	299	2104	-89	-1735	627
-2168	192	2040	-149	-1580	694
-2202	161	2137	-194	-1504	532
-2237	229	2396	-212	-1501	566
-2201	147	2665	-243	-1535	677
-2104	88	2795	-281	-1519	609
-2162	165	2846	-301	-1453	495
-2159	183	2839	-261	-1509	467
-2059	217	2858	-266	-1665	506
-2058	308	2783	-298	-1941	540
-1992	358	2505	-355	-2132	612
-1928	270	2267	-437	-2154	577
-1906	229	2107	-398	-1934	472
-1936	217	2215	-366	-1586	425
-2042	195	2523	-305	-1327	462
-2124	123	2851	-262	-1203	461
-2213	187	3198	-214	-1291	369
-2120	226	3356	-167	-1416	343
-2049	270	3407	-148	-1495	265
-1945	308	3320	-157	-1506	197
-1822	332	3201	-127	-1344	176
-1778	338	3141	-89	-1129	134
-1705	292	3197	-82	-910	154
-1699	237	3277	-52	-738	177
-1632	236	3298	-1	-615	200
-1640	202	3412	28	-460	186
-1612	219	3522	6	-407	101
-1596	316	3579	0	-388	85
-1514	313	3600	-3	-358	111
-1508	258	3681	-28	-272	109
-1517	263	3769	-38	-272	69
-1516	265	3759	-36	-282	44
-1469	263	3736	-30	-279	13
-1420	247	3713	-33	-289	-9
-1415	231	3642	-41	-281	-46
-1406	215	3597	-36	-225	-72
-1404	207	3642	-31	-127	-127
-1417	226	3689	-11	-72	-160
-1433	294	3762	-8	-100	-161
-1447	336	3719	-16	-136	-136
-1414	279	3741	-8	-111	-161
-1411	276	3756	15	-62	-171
-1427	317	3851	44	-45	-148
-1444	354	3937	59	-100	-140
-1412	405	3917	52	-199	-105
-1363	406	3852	44	-217	-71
-1386	417	3822	18	-213	-49
-1370	422	3773	-2	-185	-1
-1372	364	3779	-12	-145	41
-1382	318	3745	-21	-115	50
-1352	220	3740	-3	-50	29
-1397	204	3762	-23	-52	-28
-1313	160	3686	-60	-37	-62
-1318	129	3761	-35	80	-99
-1393	170	3854	-18	67	-99
-1376	212	3837	0	19	-109
-1327	252	3817	17	38	-102
-1341	269	3835	23	54	-90
-1355	300	3870	21	31	-69
-1335	284	3873	18	-12	-47
-1326	271	3876	27	-30	-54
-1334	301	3820	30	-45	-53
-1310	289	3798	22	-40	-36
779	263	4043	31	216	-9
798	243	4065	30	195	-16
783	230	4073	25	158	-39
796	215	4076	23	118	-52
801	223	4087	23	89	-52
802	269	4040	39	73	-14
785	253	4028	50	81	-2
768	210	3982	50	109	-16
717	209	3934	52	190	-26
658	264	3940	54	288	-12
632	276	4015	53	343	3
626	263	4070	41	325	-2
637	258	4102	35	261	6
698	230	4069	29	191	1
742	238	3956	55	232	-21
776	306	3880	80	336	-13
804	299	3832	84	476	-3
799	287	3798	56	623	-35
784	260	3798	37	774	-56
771	202	3811	48	924	-78
694	150	3766	53	1083	-182
617	210	3871	87	1307	-106
498	229	3885	106	1504	-216
440	370	3978	89	1676	-183
365	326	3977	31	1715	-172
340	318	3909	-51	1719	-169
270	143	4020	-62	1785	-381
110	168	4070	-29	1817	-359
95	215	4107	-13	1792	-324
116	245	4093	-22	1758	-317
118	366	4050	-49	1742	-260
97	379	4023	-31	1789	-171
33	345	3989	-1	1823	-91
-120	307	3959	21	1840	-57
-305	277	3971	37	1878	-74
-389	254	3952	42	1941	-86
-520	311	3982	63	1969	-52
-675	272	3960	89	1995	-27
-781	261	3958	94	2024	-72
-825	206	3951	81	2061	-177
-880	198	3921	81	1995	-252
-907	160	3918	67	2024	-349
-923	157	3652	39	2150	-377
-1074	217	3454	107	2695	-291
-1268	97	3431	188	3268	-262
-1543	53	3345	204	3768	-377
-1797	88	3463	129	4271	-534
-2279	230	3781	12	4890	-720
-3236	367	4215	-121	5153	-821
-4170	399	4970	-273	4985	-980
-4874	103	6043	-487	4535	-999
-4853	426	6449	-412	3354	-755
-4270	404	5869	-352	1809	-314
-3547	484	4257	-260	987	-79
-2972	575	2906	-69	1320	400
-2834	463	2348	136	2127	753
-2899	134	2308	253	2889	551
-3058	181	2697	236	3312	276
-3331	156	3356	63	3109	194
-3455	171	3829	-157	2368	94
-3384	210	3900	-306	1367	110
-3172	256	3660	-337	441	205
-3012	279	3231	-331	-329	365
-2833	237	2724	-302	-825	471
-2716	111	2360	-249	-1025	484
-2653	139	2212	-206	-1062	482
-2649	133	2197	-186	-1092	544
-2652	62	2326	-162	-1128	536
-2675	87	2356	-195	-1260	454
-2612	166	2301	-280	-1447	341
-2606	202	2226	-320	-1603	199
-2539	229	2255	-310	-1638	203
-2478	258	2371	-298	-1651	268
-2436	302	2464	-294	-1607	339
-2374	289	2567	-287	-1566	367
-2361	223	2705	-252	-1556	335
-2343	195	2820	-232	-1595	267
-2376	244	2905	-262	-1712	251
-2330	260	2840	-266	-1848	291
-2249	246	2699	-254	-1877	344
-2228	249	2591	-246	-1855	358
-2189	326	2485	-219	-1729	399
-2134	401	2502	-210	-1527	455
-2164	377	2697	-218	-1346	507
-2244	387	2968	-234	-1286	486
-2232	351	3068	-235	-1329	491
-2118	331	3064	-247	-1328	455
-2069	294	3031	-253	-1247	406
-2040	310	3068	-271	-1116	315
-2061	332	3165	-276	-1023	246
-2053	352	3244	-235	-963	270
-2007	299	3313	-195	-928	289
-2001	319	3343	-185	-925	291
-1913	204	3343	-183	-931	252
-1798	173	3317	-154	-891	160
-1788	161	3369	-126	-773	84
-1732	254	3388	-94	-735	59
-1709	272	3503	-106	-615	70
-1718	243	3605	-100	-582	26
-1714	194	3591	-90	-584	-42
-1711	178	3583	-59	-560	-42
-1638	179	3506	-26	-515	-41
-1568	188	3496	7	-437	-46
-1528	264	3499	28	-339	-42
-1609	250	3622	28	-283	-46
-1594	232	3704	29	-317	-72
-1607	244	3727	31	-353	-60
-1559	243	3624	41	-351	-13
-1501	245	3622	29	-251	15
-1547	255	3679	19	-189	10
-1629	231	3732	13	-211	-19
-1667	275	3755	19	-262	-29
-1592	237	3717	15	-284	-24
-1564	241	3678	10	-284	-15
-1538	231	3675	-7	-276	-8
-1511	241	3673	-16	-224	-23
-1466	278	3664	-21	-151	-14
-1531	267	3715	-24	-86	-5
-1593	297	3797	-26	-90	12
-1621	300	3803	-23	-139	40
-1585	284	3763	-14	-170	68
-1543	268	3724	-3	-179	85
-1554	238	3658	1	-144	98
-1522	232	3635	-5	-72	101
-1489	262	3708	-12	-8	119
-1483	314	3730	-10	23	162
-1498	266	3810	-13	47	176
-1515	213	3862	-11	5	161
-1506	204	3855	-15	-72	151
-1424	189	3758	-11	-101	129
594	77	4061	3	25	-1
582	76	4098	3	9	0
596	83	4061	3	-3	-1
613	70	4047	7	17	5
610	69	4034	9	40	8
600	84	4051	15	60	3
603	98	4083	18	42	19
607	98	4026	23	6	23
626	65	3951	26	52	9
610	51	3967	31	158	4
583	52	4061	35	212	-23
539	47	4172	46	188	-36
536	79	4175	39	120	-48
557	110	4097	22	64	-28
575	93	4028	15	62	3
580	75	4015	22	62	1
603	93	4017	30	87	-16
613	95	4046	16	114	-31
576	91	4051	14	126	-27
532	97	4029	14	124	-18
516	71	3986	12	148	-19
524	55	3956	24	217	-44
524	110	3918	25	287	-85
545	143	3871	13	391	-111
516	86	3837	4	508	-116
515	86	3836	36	629	-85
494	58	3821	54	728	-67
513	59	3799	77	855	-73
459	103	3835	99	1024	-83
392	145	3910	104	1192	-85
349	88	3981	81	1306	-133
317	98	4021	67	1384	-217
337	37	4032	55	1437	-259
352	-48	3911	19	1505	-335
358	-48	3787	-18	1720	-463
351	58	3753	-27	2078	-501
196	211	3831	-27	2421	-481
7	178	3974	-12	2607	-431
-128	273	4069	15	2598	-451
-164	213	4044	53	2580	-404
-243	63	3976	50	2614	-352
-302	-178	3936	38	2717	-383
-427	-154	3958	19	2837	-501
-459	-33	3941	39	2868	-561
-522	88	3774	96	2925	-467
-688	-27	3619	169	3195	-406
-938	-84	3231	414	3608	-294
-1346	-103	3017	271	4431	-363
-2052	-313	3524	-116	5303	-806
-2853	44	4749	-149	5897	-1110
-3801	795	5844	22	5699	-850
-4793	605	6557	67	4598	-755
-4878	296	6051	9	3338	-261
-4616	189	5559	5	2340	126
-4058	233	4535	-107	1396	336
-3371	168	3356	-178	1024	246
-2820	93	2673	-138	1275	-2
-2600	134	2469	-73	2018	-198
-2783	237	2949	-44	2543	-270
-3136	226	3685	-69	2456	-67
-3356	157	4270	-105	1761	119
-3320	135	4452	-127	766	304
-3129	46	4089	-88	-275	419
-2930	-40	3480	-74	-1044	311
-2724	-41	2781	-28	-1421	190
-2464	-52	2259	76	-1528	289
-2237	-140	1935	205	-1415	396
-2162	-132	1789	280	-1211	410
-2158	-87	1723	318	-1063	378
-2157	-33	1806	306	-873	285
-2315	35	2054	248	-608	246
-2474	109	2421	170	-436	213
-2574	155	2821	75	-415	110
-2646	165	3198	-1	-682	51
-2680	180	3412	-46	-1111	49
-2606	203	3297	-55	-1531	178
-2442	144	2951	-71	-1783	355
-2222	66	2594	-84	-1796	403
-2057	120	2396	-105	-1619	368
-2044	156	2362	-82	-1352	337
-2068	95	2582	-47	-1112	261
-2091	108	2839	-38	-1064	197
-2143	177	2939	-16	-1089	311
-2158	153	3070	-27	-1141	380
-2187	108	3137	-29	-1205	300
-2196	102	3115	-2	-1262	138
-2127	152	3065	-7	-1285	-31
-2037	91	3035	33	-1302	-100
-2025	94	3015	111	-1209	-166
-2025	127	3047	142	-1117	-158
-1911	105	3010	145	-982	-178
-1887	132	3101	145	-809	-297
-1945	196	3257	160	-754	-346
-1905	198	3327	181	-701	-345
-1862	203	3475	151	-638	-370
-1868	235	3565	144	-636	-353
-1834	197	3567	134	-661	-377
-1809	182	3523	149	-672	-394
-1745	231	3467	151	-652	-402
-1724	234	3470	150	-597	-395
-1684	233	3485	150	-538	-393
-1682	221	3512	145	-483	-364
-1637	223	3505	145	-437	-340
-1655	211	3543	141	-371	-350
-1668	222	3569	134	-365	-360
-1641	210	3527	139	-336	-350
-1622	209	3542	128	-294	-381
-1601	204	3538	147	-221	-404
-1668	193	3568	179	-147	-421
-1711	226	3605	181	-137	-437
-1713	309	3652	169	-156	-433
-1680	353	3635	157	-161	-420
-1638	382	3703	158	-135	-362
-1653	363	3719	131	-143	-320
-1649	360	3758	104	-160	-281
-1661	354	3747	86	-170	-233
-1635	307	3645	85	-142	-189
-1614	296	3631	80	-73	-180
-1638	307	3675	69	-36	-138
-1647	257	3683	53	-12	-136
-1641	212	3701	42	-23	-135
-1621	236	3646	16	-31	-110
-1640	248	3627	-12	23	-56
-1629	248	3651	-29	61	0
-1625	280	3687	-37	71	62
-1632	228	3758	-48	77	120
-1585	182	3791	-55	55	121
-1580	192	3790	-61	12	134
-1579	219	3750	-75	-14	164
-1555	239	3757	-87	-16	183
-197	45	4147	32	573	11
-231	31	4187	27	518	-7
-246	74	4190	18	403	-25
-321	57	4191	15	314	-21
-361	110	4203	9	254	-35
-381	125	4231	2	147	-25
-333	108	4168	-3	38	-31
-338	123	4144	1	-14	-17
-332	113	4122	0	-56	-1
-335	107	4117	-1	-76	5
-345	74	4127	-8	-96	3
-325	83	4124	-17	-131	14
-300	88	4088	-13	-152	8
-297	90	3992	-10	-137	-9
-277	70	3924	4	-32	45
-291	63	3968	19	60	33
-235	70	4013	12	133	18
-235	21	4115	-5	176	25
-270	72	3999	-62	138	25
-281	-67	3917	-25	341	-14
-316	22	3976	-42	437	-66
-243	39	3970	-39	480	-64
-221	14	3970	-47	518	-112
-252	85	3962	-32	594	-141
-278	87	3907	-22	713	-114
-270	109	3949	-28	826	-93
-366	198	4021	-3	920	-68
-343	118	4084	-19	917	-51
-356	146	4103	-39	855	-34
-251	94	4050	-42	833	-11
-234	100	3966	-56	865	-26
-222	54	3845	-46	1014	-37
-298	19	3862	-36	1205	-78
-389	25	3891	-23	1321	-122
-464	30	3912	-4	1394	-130
-491	47	3931	-4	1496	-111
-583	9	3984	3	1580	-81
-717	5	3930	7	1596	-100
-796	-53	3817	4	1655	-113
-889	29	3764	36	1796	-122
-958	-6	3745	87	1937	-84
-1040	-2	3677	130	2108	-49
-1217	-75	3613	137	2315	-97
-1309	-46	3456	187	2770	11
-1608	-88	3640	116	3189	-70
-1813	-12	3613	-5	3342	-207
-2201	70	3790	-54	3852	3
-2678	120	4207	-126	4060	-80
-3253	56	4642	-20	4242	-129
-3739	18	5136	153	4075	-208
-3895	64	5342	252	3396	-140
-3761	104	4828	259	2664	43
-3592	82	4275	183	2148	80
-3430	-3	3782	112	1885	-81
-3431	70	3427	98	1894	-241
-3539	222	3180	80	1980	-280
-3605	198	3190	53	2157	-190
-3624	135	3372	37	2310	-10
-3673	42	3615	14	2265	98
-3613	40	3806	18	2020	108
-3504	-19	3939	39	1587	91
-3348	53	4002	70	893	96
-3125	115	3806	98	90	98
-2898	227	3460	93	-682	151
-2622	245	3064	61	-1284	331
-2487	144	2711	61	-1693	474
-2405	18	2427	109	-1858	524
-2438	108	2271	74	-2003	489
-2372	258	2080	-41	-2217	485
-2290	254	1865	-89	-2301	459
-2131	136	1768	-95	-2145	414
-2012	112	1833	-118	-1760	412
-2091	77	2089	-126	-1339	404
-2193	21	2493	-104	-1048	196
-2243	160	2835	-71	-970	27
-2342	208	3146	-51	-1170	32
-2450	201	3312	-56	-1602	71
-2404	178	3176	-93	-2021	88
-2314	239	2820	-166	-2286	189
-2078	135	2355	-163	-2275	272
-2000	153	2206	-152	-1989	264
-1922	259	2289	-91	-1507	326
-2046	280	2560	-49	-1264	448
-2142	242	2811	-42	-1183	412
-2165	272	2981	-37	-1203	388
-2161	231	3110	-29	-1279	392
-2110	233	3153	-28	-1289	404
-2069	224	3133	-39	-1304	407
-2009	248	3093	-53	-1163	330
-1967	212	3245	-64	-1010	262
-1873	174	3346	-33	-954	200
-1821	208	3321	24	-891	211
-1877	163	3358	9	-740	172
-1826	228	3326	25	-689	163
-1747	248	3314	33	-586	140
-1722	290	3337	23	-485	93
-1737	353	3384	19	-405	78
-1691	367	3442	21	-359	98
-1638	278	3466	28	-300	90
-1617	229	3513	34	-220	25
-1589	267	3588	37	-129	0
-1606	292	3682	36	-95	-28
-1653	345	3797	38	-130	-26
-1659	405	3829	40	-201	6
-1628	384	3876	46	-288	17
-1588	353	3804	33	-403	-6
-1532	344	3667	21	-438	-25
-1485	343	3552	18	-362	-23
-1450	324	3552	14	-189	-72
-1505	312	3676	8	-93	-117
-1553	328	3763	1	-120	-131
-1557	359	3780	0	-178	-136
-1563	410	3694	-2	-189	-86
-1573	377	3664	14	-123	-33
-1550	339	3676	23	-66	-52
-1550	334	3735	23	-38	-44
-1553	338	3768	25	-38	-11
-1537	386	3753	21	-67	12
-1490	391	3745	6	-79	52
-1507	390	3735	-1	-80	94
-1524	360	3679	-13	-53	124
-1511	311	3719	-11	19	117
-1497	292	3784	-4	37	73
-1469	330	3785	2	23	62
-1498	290	3795	-1	15	55
-1499	279	3798	-8	5	17
-1497	297	3797	-16	-12	1
-1482	303	3749	-15	-15	-20
-1496	280	3772	0	9	-56
-1533	341	3835	17	10	-67
463	66	4025	39	31	-6
483	66	4028	51	55	-6
503	59	3985	55	68	0
497	51	3900	66	175	-19
472	60	3899	61	292	-58
406	53	3953	58	409	-79
365	102	4027	61	509	-91
322	106	4102	54	538	-79
312	79	4109	53	508	-75
301	97	4159	66	470	-73
286	94	4159	70	411	-55
273	89	4135	67	367	-37
248	90	4091	63	375	-36
261	91	4067	70	402	-54
269	74	4050	67	412	-62
280	101	4055	66	438	-53
274	114	4066	53	461	-47
262	127	4048	36	468	-33
235	98	4031	31	484	-48
169	54	3991	35	571	-87
112	47	3959	50	686	-123
42	99	3956	66	799	-129
-11	122	3977	75	892	-121
-5	118	3983	83	964	-105
-7	195	3951	87	1051	-101
-7	160	4011	98	1160	-67
-72	166	4056	82	1189	-69
-137	203	4065	53	1193	-51
-145	130	4047	27	1185	-41
-240	24	3976	16	1261	-131
-289	23	3946	7	1349	-179
-310	26	3895	6	1414	-189
-367	77	3899	11	1513	-216
-394	127	3952	45	1599	-224
-454	144	4016	82	1670	-223
-477	198	4009	101	1717	-223
-530	223	3953	111	1767	-179
-516	173	3852	109	1855	-152
-541	92	3801	94	1893	-171
-601	31	3817	121	1953	-184
-670	-27	3773	164	2020	-270
-758	-19	3779	202	2210	-249
-965	39	3840	171	2430	-166
-1019	157	3524	218	2733	-56
-1217	269	3527	320	3131	138
-1558	152	3636	231	3362	128
-1893	-32	3579	23	3719	-111
-2126	93	3630	86	4241	-407
-2734	383	4307	169	4662	-389
-3486	354	5196	169	4519	-418
-4283	219	5666	98	3807	-380
-4485	509	5434	70	2815	-151
-4243	589	4776	17	2154	201
-3867	414	4142	-108	1751	250
-3449	240	3389	-164	1753	198
-3240	103	2912	-111	2237	112
-3381	157	2914	-51	2766	-36
-3677	277	3438	-71	2957	-125
-3824	305	3990	-71	2613	-23
-3808	243	4246	-44	1948	165
-3567	149	4344	16	1115	272
-3280	50	4145	64	170	303
-2930	48	3607	73	-810	238
-2648	82	2886	47	-1500	105
-2420	203	2253	-10	-1784	16
-2199	265	1776	-18	-1653	90
-2158	259	1771	15	-1293	308
-2187	197	1942	14	-1087	456
-2320	199	2139	-39	-1135	458
-2302	233	2232	-119	-1291	440
-2378	165	2337	-192	-1411	389
-2401	188	2455	-273	-1496	332
-2355	138	2437	-339	-1422	290
-2384	97	2502	-360	-1272	208
-2373	150	2771	-281	-1102	131
-2455	271	3105	-236	-1241	185
-2542	254	3244	-225	-1606	306
-2443	209	2957	-251	-1947	237
-2289	236	2614	-258	-2025	216
-2131	267	2370	-294	-1906	230
-2035	247	2253	-276	-1654	299
-2025	246	2381	-240	-1285	252
-2140	265	2654	-257	-1083	207
-2159	211	2942	-238	-1016	170
-2227	276	3137	-211	-1098	170
-2146	281	3109	-190	-1185	235
-2089	283	3080	-208	-1167	176
-2064	276	3125	-201	-1072	138
-2045	250	3278	-187	-1016	106
-2025	231	3337	-154	-1041	102
-1970	240	3355	-140	-1040	144
-1925	134	3355	-127	-982	153
-1859	167	3251	-76	-962	129
-1812	189	3201	-37	-796	94
-1790	201	3259	-5	-651	66
-1811	200	3367	24	-557	68
-1794	225	3472	42	-533	107
-1808	203	3558	49	-524	120
-1818	215	3612	63	-583	111
-1760	196	3588	51	-647	59
-1719	237	3575	43	-611	29
-1696	223	3582	60	-575	5
-1676	265	3570	74	-543	-10
-1607	281	3554	63	-515	-26
-1583	314	3553	46	-447	-11
-1587	367	3528	13	-357	13
-1579	417	3591	-22	-261	68
-1656	361	3638	-51	-241	102
-1602	290	3664	-70	-240	85
-1541	326	3624	-93	-213	85
-1575	370	3646	-88	-121	174
-1594	384	3737	-95	-89	236
-1588	364	3721	-112	-108	289
-1587	370	3687	-123	-121	362
-1554	310	3654	-127	-104	399
-1518	289	3667	-139	-46	415
-1497	253	3683	-125	-2	421
-1512	247	3690	-108	41	426
-1552	236	3735	-102	58	414
-1556	199	3774	-88	46	379
-1557	176	3773	-72	39	339
-1560	165	3786	-59	19	296
-1541	175	3796	-46	-10	233
-1492	182	3823	-32	-37	175
-1442	220	3805	-18	-78	124
-1402	217	3768	0	-73	89
-1386	203	3775	11	-25	40
-1374	140	3763	23	8	-11
-1444	229	3844	26	0	-42
-1451	279	3737	-31	-111	21
75	138	4160	15	-57	-6
107	147	4134	13	-133	-4
113	158	3994	11	-112	-8
134	150	3966	22	-24	-1
147	140	4009	22	75	-29
100	131	4116	15	104	-40
61	109	4138	19	87	-83
64	144	4121	21	77	-85
69	168	4106	3	79	-28
106	124	4050	-1	88	-28
111	121	4041	16	124	-56
103	153	4111	33	127	-37
109	167	4158	35	83	-7
99	156	4166	35	2	-14
103	152	4080	37	-21	-21
113	89	3933	24	87	5
78	95	3900	23	272	10
46	118	3884	6	449	-21
12	125	3981	-5	556	-104
-39	114	4090	10	556	-146
0	131	4070	41	499	-131
53	140	4017	55	502	-88
72	124	3948	51	581	-102
32	160	3909	51	717	-144
-26	190	3893	52	854	-141
-67	126	3899	50	991	-191
-138	235	3947	65	1115	-171
-179	180	3988	87	1186	-110
-154	225	3950	81	1264	-96
-68	263	3896	53	1434	32
-108	66	3855	-15	1600	43
-236	-7	3847	-75	1699	-110
-431	243	3863	-123	1799	-197
-628	272	3943	-136	1829	-177
-730	269	4027	-119	1852	-197
-804	301	4089	-127	1795	-171
-762	212	4075	-126	1731	-120
-735	152	4108	-126	1604	-129
-709	88	4137	-151	1507	-156
-709	105	3909	-133	1474	-122
-722	140	3717	-136	1691	-122
-767	43	3727	-183	1903	-125
-861	-115	3672	-164	2261	-208
-1075	-151	3676	-31	2495	-336
-1352	-80	3671	93	2770	-350
-1574	21	3466	-67	3172	-208
-1889	123	3605	-149	4086	-168
-2620	262	4360	-103	4461	91
-3177	292	4521	-39	4187	-138
-3653	-128	5107	3	4419	-199
-4270	-216	5720	-14	4031	-493
-4323	-44	5656	-90	2987	-321
-3870	-9	4649	-139	2042	-117
-3569	90	3751	-97	1773	-75
-3423	43	3225	-30	2040	-67
-3476	163	3121	47	2566	-36
-3625	183	3455	40	2734	-29
-3640	201	3801	-60	2549	1
-3432	149	3911	-122	2070	41
-3230	180	4050	-126	1330	186
-2938	51	3798	-109	511	327
-2618	-80	3375	-54	-103	264
-2462	-54	3021	-25	-527	107
-2455	33	2783	-3	-868	185
-2461	33	2693	-14	-1135	291
-2470	83	2681	-16	-1393	346
-2430	255	2606	-45	-1662	487
-2481	266	2469	-119	-1899	500
-2500	122	2258	-176	-2076	439
-2355	-35	2099	-228	-2045	254
-2225	-107	2118	-255	-1788	119
-2173	-121	2251	-222	-1475	7
-2208	-95	2513	-147	-1242	-44
-2339	8	2782	-51	-1158	-37
-2396	154	2976	-35	-1246	21
-2421	240	3092	-54	-1537	106
-2403	320	2975	-122	-1867	176
-2353	318	2674	-172	-2060	271
-2169	286	2357	-210	-2015	365
-2070	195	2263	-230	-1734	413
-2073	96	2396	-169	-1399	393
-2152	72	2651	-154	-1246	389
-2080	128	2752	-105	-1160	452
-2090	76	2866	-70	-1012	509
-2108	87	3021	-92	-928	476
-2092	58	3128	-102	-940	372
-2140	82	3215	-107	-927	310
-2131	135	3241	-113	-961	314
-2047	121	3258	-84	-956	330
-1959	128	3335	-78	-899	333
-1887	51	3402	-62	-872	288
-1845	18	3344	-41	-859	244
-1844	-16	3348	-23	-817	178
-1763	-28	3316	4	-735	148
-1721	21	3332	41	-610	113
-1726	77	3432	64	-498	85
-1695	138	3511	85	-438	54
-1720	139	3539	91	-429	19
-1698	184	3566	85	-438	18
-1672	183	3575	86	-424	26
-1700	138	3541	90	-393	-37
-1698	158	3499	84	-350	-89
-1666	193	3482	83	-277	-96
-1619	201	3499	76	-194	-87
-1683	200	3588	59	-123	-89
-1722	227	3668	51	-153	-87
-1725	257	3664	33	-170	-85
-1690	234	3682	30	-179	-90
-1688	210	3678	37	-172	-103
-1664	167	3657	35	-186	-142
-1632	179	3642	40	-166	-127
-1644	174	3660	53	-137	-92
-1640	182	3691	40	-117	-97
-1630	204	3711	27	-131	-103
-1636	197	3695	21	-119	-104
-1621	183	3726	17	-92	-113
-1609	219	3758	11	-102	-99
-1606	239	3764	7	-132	-66
-1580	215	3730	-3	-161	-54
-1538	205	3697	-6	-139	-54
-1510	210	3665	-4	-98	-18
-1481	198	3701	-3	-31	0
-1489	189	3758	-2	3	-3
-1513	180	3823	-7	1	-15
-1526	160	3830	-17	-40	-25
-1506	156	3803	-17	-90	-34
-1479	189	3752	-26	-100	-40
-1462	171	3748	-12	-70	-30
-1460	152	3794	6	-43	-30
-1475	179	3792	-2	-80	-41
310	162	4104	13	27	-5
293	166	4112	15	19	-3
285	180	4122	19	-4	-3
279	171	4139	14	-24	14
281	161	4108	9	-42	9
280	164	4059	18	-43	10
281	156	4036	21	9	6
286	159	4087	25	35	6
312	162	4090	15	30	-1
330	161	4053	1	47	-3
339	161	4035	-2	80	-4
313	156	4051	2	113	-3
323	167	4068	6	130	4
321	161	4063	16	131	13
337	163	4070	14	129	4
356	162	4043	14	133	10
306	159	3976	9	204	18
248	132	4020	-1	261	43
219	25	4016	19	295	2
261	-4	3993	26	373	-81
308	63	3958	36	427	-118
268	152	3847	53	542	-133
219	176	3863	72	739	-158
210	182	3947	55	856	-183
201	192	3997	20	881	-199
189	195	3930	5	917	-222
163	203	3842	23	1041	-241
113	157	3800	50	1240	-243
13	-1	3884	61	1439	-309
-24	79	3934	49	1568	-428
-91	126	3986	14	1650	-487
-133	159	3959	-9	1713	-523
-306	279	3940	-37	1833	-530
-364	264	3968	-42	1968	-576
-469	234	4072	-20	2016	-601
-572	229	4119	16	1961	-548
-601	194	4117	20	1859	-486
-543	148	3993	25	1820	-449
-500	126	3902	25	1858	-408
-496	138	3834	23	1956	-333
-554	69	3743	42	2191	-355
-703	85	3712	92	2476	-400
-755	233	3620	133	2786	-271
-852	200	3707	91	2978	-105
-841	287	3529	151	3160	112
-1363	248	3171	228	3374	460
-1868	62	2877	45	3931	550
-2321	-103	3760	-50	4982	244
-2974	67	4822	25	5007	-88
-3515	424	5173	203	4533	-166
-4199	462	5645	175	3615	-137
-4497	127	5267	29	2907	-256
-4398	296	4801	-56	2283	-128
-4112	530	4054	-159	1947	36
-3792	438	3412	-236	1982	120
-3500	248	2869	-178	2374	28
-3515	216	2821	-91	2883	-56
-3691	223	3238	32	3186	159
-3820	140	3669	75	2942	301
-3691	31	3791	4	2340	206
-3392	28	3769	-11	1725	131
-3118	-17	3679	2	932	115
-2857	57	3254	31	102	82
-2650	93	2776	59	-601	58
-2423	232	2299	67	-1084	137
-2404	298	1896	37	-1282	218
-2418	332	1641	-7	-1210	212
-2391	324	1612	-25	-898	285
-2495	314	1878	24	-648	520
-2652	295	2154	21	-671	610
-2838	304	2322	-1	-931	622
-2969	297	2456	-31	-1282	575
-2935	216	2502	-63	-1546	511
-2855	116	2418	-83	-1627	425
-2742	24	2329	-91	-1459	234
-2689	75	2479	-84	-1221	-6
-2668	226	2742	-26	-1172	-123
-2692	285	2916	49	-1288	-136
-2636	335	2921	56	-1514	-130
-2503	303	2750	27	-1676	-179
-2361	337	2555	-6	-1693	-224
-2234	392	2365	-30	-1587	-193
-2201	479	2370	-44	-1364	-65
-2248	445	2564	-82	-1205	11
-2323	489	2838	-111	-1175	23
-2410	466	2990	-124	-1294	82
-2370	395	3003	-154	-1339	69
-2304	316	3026	-175	-1325	55
-2272	312	3078	-157	-1284	40
-2253	245	3158	-130	-1228	-18
-2248	267	3184	-94	-1218	-116
-2199	203	3110	-58	-1234	-184
-2128	248	3013	-12	-1180	-283
-2032	184	3029	17	-1058	-398
-1975	168	3087	37	-911	-511
-2000	240	3234	55	-804	-522
-2024	238	3310	69	-757	-509
-2018	247	3336	78	-728	-528
-2016	271	3314	95	-711	-562
-1992	253	3223	115	-691	-593
-1915	226	3202	145	-545	-629
-1907	175	3338	165	-437	-654
-1898	175	3429	181	-420	-658
-1962	173	3542	182	-417	-663
-1967	184	3590	192	-482	-652
-1877	145	3543	204	-505	-659
-1869	160	3522	223	-446	-661
-1844	150	3561	227	-401	-656
-1788	176	3588	215	-411	-628
-1841	170	3636	189	-414	-596
-1837	158	3608	150	-488	-579
-1817	184	3535	122	-477	-550
-1783	140	3474	107	-441	-513
-1781	138	3438	121	-333	-461
-1763	125	3504	124	-227	-404
-1759	120	3568	113	-185	-366
-1781	119	3609	92	-194	-365
-1768	140	3621	58	-222	-355
-1748	171	3613	31	-199	-304
-1743	189	3654	27	-173	-248
-1733	201	3691	20	-157	-171
-1749	170	3719	2	-177	-96
-1685	146	3681	-11	-206	-65
-1618	140	3639	-33	-186	-41
-1644	102	3635	-44	-129	-34
-1665	97	3680	-44	-100	-43
-1662	63	3713	-31	-84	-47
-1663	39	3740	-17	-108	-54
-1617	25	3736	-3	-126	-74
-1617	67	3734	13	-133	-87
487	117	4057	7	16	-18
488	129	4064	9	35	-15
459	127	4085	11	30	-12
448	120	4090	7	30	-13
415	90	4082	6	20	-18
393	114	4076	10	10	-5
392	127	4108	13	-6	17
421	120	4113	18	-32	18
428	131	4096	20	-45	10
420	129	4054	22	-49	-15
406	97	4051	16	-11	-49
408	96	4100	8	10	-98
413	149	4128	7	-23	-93
466	137	4094	-1	-82	-38
563	95	4004	-8	-75	-9
653	101	3980	6	9	-20
654	109	3977	38	72	-8
667	137	3917	76	159	-14
653	149	3884	95	276	1
633	143	3859	103	418	-8
579	169	3895	101	561	-25
511	174	3968	87	652	-4
440	167	3925	67	713	2
388	141	3909	37	803	-42
335	181	3875	14	906	-58
270	113	3835	-2	1062	-33
274	79	3772	9	1245	-84
175	147	3819	45	1498	-100
70	260	3909	58	1678	-99
-73	224	3998	52	1791	-72
-84	194	3991	44	1860	-57
-119	248	4045	70	1884	-110
-55	344	3977	102	1952	-44
-189	181	3868	158	2056	-32
-368	288	3864	166	2237	-77
-470	236	3935	91	2253	-49
-550	211	3904	-6	2177	40
-488	22	4026	-22	2226	25
-498	131	4247	-5	2128	30
-455	73	4302	7	1982	109
-457	-71	4229	18	1861	76
-440	0	4117	6	1828	11
-413	81	3895	25	1943	-20
-515	62	3803	92	2153	-50
-783	149	3783	160	2373	-91
-952	289	3630	248	2570	-52
-1276	291	3220	244	3313	22
-1838	66	3579	101	3969	-75
-2269	194	3843	109	4589	-336
-3102	725	4328	117	4835	-306
-4299	250	5136	81	4369	-485
-4215	-75	5065	271	4459	-509
-4741	-30	6910	255	3042	-831
-4124	77	5790	116	1296	-829
-3090	567	3499	-72	888	-412
-2538	524	2153	-111	1704	71
-2600	429	2145	46	2743	146
-3120	324	2896	207	3377	19
-3497	436	3426	164	3395	-23
-3687	272	3686	11	3159	35
-3828	123	4086	-136	2458	35
-3708	150	4148	-206	1529	-9
-3406	210	3977	-214	646	40
-3087	166	3614	-165	-106	143
-2851	119	3141	-121	-681	74
-2726	82	2727	-85	-1065	75
-2595	71	2409	-103	-1242	45
-2473	111	2258	-95	-1217	71
-2611	120	2303	-84	-1171	125
-2540	84	2356	-71	-1179	139
-2665	88	2403	-80	-1268	128
-2600	87	2363	-68	-1400	106
-2497	158	2368	-88	-1493	81
-2407	188	2399	-131	-1536	141
-2325	279	2412	-180	-1552	195
-2244	289	2385	-256	-1507	187
-2266	297	2477	-294	-1435	209
-2320	213	2610	-303	-1481	247
-2350	183	2633	-315	-1590	277
-2253	153	2576	-289	-1644	360
-2227	179	2511	-245	-1605	412
-2296	105	2454	-224	-1499	445
-2259	108	2438	-227	-1323	408
-2266	147	2579	-225	-1116	374
-2273	194	2736	-216	-1045	375
-2262	213	2886	-220	-987	419
-2309	192	3031	-187	-1009	503
-2255	166	3113	-187	-987	485
-2227	142	3149	-177	-986	455
-2167	144	3186	-161	-946	428
-2124	184	3220	-146	-931	424
-2100	241	3229	-117	-885	414
-2088	253	3258	-107	-851	394
-2074	267	3280	-115	-855	366
-1934	278	3175	-95	-885	392
-1876	224	3144	-105	-762	379
-1839	209	3165	-91	-635	359
-1890	205	3249	-95	-510	324
-1880	228	3356	-102	-470	276
-1819	263	3385	-120	-425	242
-1822	270	3404	-116	-358	226
-1783	261	3462	-114	-323	195
-1830	256	3522	-94	-312	188
-1820	236	3554	-61	-307	152
-1804	233	3515	-25	-300	134
-1775	257	3502	-1	-247	118
-1770	263	3591	8	-202	112
-1784	278	3630	1	-196	79
-1812	283	3630	-7	-218	23
-1815	300	3637	-12	-255	-15
-1763	304	3560	-11	-273	-31
-1732	303	3483	-13	-201	-44
-1749	235	3486	-5	-105	-80
-1756	221	3484	10	-24	-140
-1819	184	3498	28	25	-179
-1874	226	3613	51	59	-228
-1887	266	3653	35	13	-267
-1898	269	3617	44	-55	-244
-1829	221	3591	56	-65	-244
-1816	193	3601	64	-25	-268
-1820	260	3698	65	-18	-241
-1807	274	3697	60	-62	-226
-1780	294	3641	54	-84	-207
-1761	310	3587	47	-93	-158
-1747	291	3541	29	-38	-120
-1737	291	3560	-2	44	-79
-1762	248	3613	-23	75	-68
-1743	246	3628	-31	76	-72
-1757	215	3659	-39	62	-84
-1758	176	3645	-34	53	-92
667	226	4115	14	-59	10
716	222	4081	2	-138	3
781	207	4008	-5	-151	-13
843	205	3958	-13	-95	-21
849	190	3979	-13	-27	-11
816	185	4023	-16	-7	-7
813	189	4019	-11	-36	-2
843	196	3957	-9	-32	8
843	157	3919	-20	30	14
798	127	3961	-33	99	2
734	134	4014	-27	149	-31
711	124	4079	-23	134	-55
767	110	4019	-3	98	-66
821	119	3919	19	121	-70
884	153	3815	34	236	-64
881	149	3834	36	382	-67
882	142	3876	40	477	-70
890	143	3857	29	524	-72
940	145	3736	2	614	-78
927	139	3685	-17	846	-105
834	185	3750	0	1113	-104
711	233	3844	34	1335	-104
590	303	3967	54	1473	-98
467	296	4022	48	1542	-108
414	223	4029	14	1582	-159
402	192	3970	-32	1628	-198
351	125	3870	-56	1794	-267
213	136	3829	-55	2009	-314
93	202	3877	-53	2202	-333
-40	238	4004	-49	2296	-295
-147	217	4108	-12	2253	-245
-172	191	4081	6	2158	-203
-229	146	3987	11	2118	-179
-280	134	3982	19	2153	-203
-397	158	4016	24	2177	-227
-449	176	4028	-5	2192	-219
-503	182	4058	-54	2224	-206
-565	181	4017	-92	2206	-195
-632	128	3915	-36	2207	-210
-784	179	3901	26	2237	-251
-879	134	3869	69	2264	-301
-939	163	3871	69	2272	-307
-1104	174	3728	62	2278	-228
-1224	104	3600	63	2458	-184
-1252	-65	3384	116	2855	-143
-1587	-193	3491	107	3409	-298
-2066	-128	3729	-13	3900	-357
-2282	-244	3814	44	4527	-642
-2769	341	4339	147	5030	-601
-3502	541	5288	152	5163	-222
-4524	547	6161	23	4663	37
-5190	489	6331	-192	3762	93
-5388	575	6264	-499	2564	221
-4834	456	5496	-668	1206	573
-3788	70	4256	-589	648	566
-3047	-95	3396	-378	902	418
-2907	107	3289	-194	1486	373
-3147	193	3883	-102	1667	455
-3194	290	4624	-94	1125	523
-3112	402	5032	-106	105	590
-3045	312	4744	-147	-1252	555
-2652	195	3600	-233	-2329	533
-2198	157	2382	-234	-2856	505
-1762	102	1463	-189	-2877	427
-1505	-14	895	-159	-2620	408
-1305	-1	520	-93	-2215	351
-1115	80	324	-15	-1531	288
-1089	82	452	4	-350	294
-1613	53	1275	24	820	295
-2226	-20	2541	-30	1143	254
-2538	70	3513	-97	620	136
-2722	131	4096	-39	-242	109
-2778	148	4212	-34	-1385	-47
-2596	287	3604	-65	-2340	-158
-2299	261	2743	-107	-2664	-179
-1972	275	2108	-109	-2466	-167
-1774	220	1779	-89	-1760	-128
-1783	282	1971	-41	-980	-117
-1935	270	2488	5	-507	30
-2189	280	3068	18	-382	11
-2309	312	3406	36	-603	66
-2226	284	3384	29	-891	103
-2110	220	3180	18	-1043	53
-2027	259	3027	12	-1020	6
-1998	163	3047	-6	-869	-43
-1943	77	3096	34	-767	-159
-1990	49	3214	62	-639	-256
-1920	30	3288	111	-565	-306
-1916	34	3462	152	-527	-387
-1874	61	3563	176	-534	-482
-1920	130	3649	168	-612	-561
-1937	170	3579	153	-675	-579
-1822	155	3473	156	-683	-603
-1725	104	3427	190	-605	-622
-1716	82	3422	231	-522	-664
-1713	109	3484	248	-394	-697
-1760	122	3611	262	-359	-704
-1796	146	3642	278	-393	-711
-1739	110	3601	293	-432	-716
-1675	174	3522	282	-394	-705
-1682	253	3526	257	-277	-654
-1727	273	3585	232	-256	-594
-1719	270	3629	201	-271	-554
-1678	268	3638	170	-257	-503
-1686	235	3707	141	-238	-452
-1682	257	3732	121	-307	-412
-1655	275	3706	99	-350	-361
-1628	295	3705	88	-350	-291
-1658	279	3648	59	-323	-219
-1624	278	3634	49	-273	-155
-1594	269	3675	42	-235	-104
-1600	263	3650	25	-208	-49
-1610	265	3672	5	-179	13
-1613	227	3711	-20	-177	69
-1566	173	3686	-49	-180	86
-1515	161	3669	-62	-134	118
-1524	88	3633	-43	-54	128
-1519	39	3707	-22	51	90
-1602	22	3780	-13	54	34
-1619	54	3805	-1	-6	-30
-1564	67	3815	8	-75	-73
-1525	86	3765	16	-113	-100
-1497	125	3702	26	-70	-92
-1502	147	3749	42	-32	-89
-1483	139	3791	45	-21	-121
-1481	147	3814	51	-38	-157
-1479	140	3805	57	-80	-184
-1443	143	3756	62	-99	-208
-1408	151	3724	70	-82	-230
-1432	135	3736	79	-24	-221
255	6	4064	22	122	-7
262	16	4071	20	139	-7
249	13	4089	16	156	-5
232	4	4080	16	167	-4
225	34	4086	14	175	-3
211	28	4117	12	176	1
217	12	4126	9	140	3
207	23	4128	10	114	-5
215	15	4102	10	89	-5
225	9	4086	7	91	-3
199	17	4101	3	98	0
174	-13	4101	3	99	3
160	6	4089	4	100	6
153	3	4094	9	89	29
131	-32	4060	22	103	-32
154	-8	3991	26	154	-124
129	53	3914	13	278	-165
70	83	3965	6	422	-107
2	49	4057	24	508	-8
-27	34	4195	21	481	15
0	41	4239	8	350	16
71	35	4140	-13	219	-14
190	76	4011	-29	197	-25
260	61	3896	-21	291	20
283	4	3820	0	487	44
310	-27	3784	22	711	50
277	21	3786	38	970	85
194	-53	3890	72	1240	87
80	32	3961	33	1364	57
-59	52	3897	-70	1382	191
13	-40	3868	-56	1638	55
-189	-36	3972	22	1838	99
-350	-175	4117	36	1842	54
-396	-93	4231	19	1716	-29
-355	-97	4235	31	1530	-61
-312	27	4068	61	1440	-90
-384	188	3936	72	1467	-43
-414	197	3861	85	1593	20
-407	190	3840	114	1742	37
-480	91	3870	111	1842	3
-588	114	3824	93	1933	-48
-661	-82	3857	90	2093	-42
-697	-144	3853	124	2223	-121
-721	-176	3813	120	2328	-147
-873	-192	3797	193	2570	-158
-1337	30	3395	375	2923	35
-1486	34	3393	407	3915	68
-2173	127	3854	481	4825	15
-3034	81	4208	479	5464	18
-3887	-8	5116	437	5338	-369
-4456	73	5998	236	4517	-894
-4559	224	6352	131	3575	-668
-4361	492	5783	-19	2255	-77
-3508	400	4084	5	1627	263
-2897	386	3097	56	1672	267
-2635	276	2746	138	2225	120
-2992	275	3073	107	2736	235
-3415	111	3609	-69	2749	299
-3616	56	4143	-190	2276	246
-3593	235	4479	-220	1471	271
-3397	312	4507	-211	549	372
-3170	186	4259	-153	-313	351
-2948	151	3817	-118	-1054	272
-2748	124	3338	-121	-1612	287
-2512	79	2763	-165	-1970	300
-2245	144	2181	-215	-2145	273
-1936	225	1694	-267	-2056	409
-1962	173	1461	-266	-1868	494
-1888	-55	1208	-236	-1758	489
-1814	-69	1058	-199	-1500	252
-1853	90	1190	-181	-986	35
-2044	163	1677	-138	-449	-58
-2247	140	2332	-123	-225	-136
-2346	155	2885	-101	-313	-157
-2488	288	3307	-81	-610	-133
-2652	242	3497	-73	-1239	22
-2539	187	3225	-89	-1766	26
-2397	171	2825	-105	-2011	18
-2191	168	2382	-105	-1923	51
-2053	147	2157	-99	-1509	74
-1962	216	2358	-77	-939	153
-2088	307	2805	-50	-659	176
-2209	352	3193	-75	-683	265
-2329	290	3388	-94	-834	295
-2277	197	3347	-90	-1033	274
-2165	189	3209	-92	-1145	207
-2076	180	3109	-85	-1139	152
-1969	172	3015	-45	-1025	124
-1971	197	3144	-15	-817	173
-1990	178	3257	-11	-727	190
-2002	206	3367	-13	-681	148
-2016	248	3417	-19	-704	109
-1937	250	3379	-3	-720	110
-1876	224	3369	9	-689	137
-1862	225	3382	-2	-634	116
-1857	193	3417	2	-610	105
-1779	155	3424	7	-575	47
-1762	234	3403	4	-478	30
-1793	270	3458	5	-344	53
-1829	282	3568	17	-337	66
-1808	250	3597	-3	-344	72
-1781	238	3603	-24	-382	97
-1787	226	3561	-37	-399	96
-1758	220	3483	-56	-358	62
-1705	238	3436	-53	-262	46
-1640	263	3441	-21	-129	93
-1619	271	3502	-4	5	141
-1708	279	3582	-11	81	164
-1769	261	3594	-34	89	167
-1790	245	3636	-34	109	156
-1779	239	3675	-40	84	164
-1749	248	3661	-56	48	172
-1742	225	3693	-56	57	165
-1744	208	3711	-48	41	150
-1750	237	3693	-41	4	144
-1733	217	3648	-33	-18	156
-1723	179	3634	-12	4	141
-1686	183	3651	-3	28	136
-1713	206	3636	1	56	120
-1738	161	3666	12	89	92
-1755	169	3704	10	55	48
-1748	150	3703	1	20	42
-1699	145	3609	15	34	40
-1680	157	3645	36	109	11
-1732	211	3700	47	124	-33
-1787	268	3694	52	67	-60
-1764	309	3646	41	1	-46
-1735	298	3621	26	-5	-19
-1708	329	3638	22	8	1
-1702	317	3672	27	15	25
539	80	4045	44	158	-28
528	88	4052	38	176	-30
517	78	4045	33	198	-22
520	103	4058	36	204	-9
519	111	4065	37	208	-8
525	113	4069	31	202	-9
520	100	4069	25	205	-17
510	130	4072	13	214	-32
477	121	4051	10	235	-35
462	88	4074	12	257	-35
458	99	4094	12	255	-37
440	108	4095	11	236	-38
449	112	4085	6	226	-43
477	134	4020	-17	241	-37
480	125	3990	-52	270	-24
452	89	3938	-73	352	-45
353	68	3948	-61	515	-78
292	69	4040	-22	629	-79
268	92	4120	10	622	-72
257	117	4121	14	566	-63
309	118	4061	-3	544	-57
306	86	3988	-15	592	-65
285	73	3916	-30	708	-73
295	51	3917	-29	831	-76
348	47	3924	-6	917	-79
368	43	3888	2	1004	-96
352	75	3823	2	1164	-113
236	80	3828	-9	1367	-111
136	52	3837	-24	1553	-116
39	35	3920	-25	1717	-156
-56	39	4045	6	1775	-177
-130	35	4053	53	1781	-200
-183	44	4090	60	1804	-217
-236	66	4091	42	1821	-236
-330	87	4077	23	1831	-256
-370	140	3996	6	1919	-282
-462	151	3925	-8	1985	-274
-493	104	3835	-19	2054	-278
-602	22	3817	-15	2144	-323
-691	-36	3840	-37	2227	-417
-784	-48	3896	13	2278	-428
-796	18	3889	51	2313	-391
-896	36	3879	87	2281	-271
-888	93	3892	111	2150	-133
-1003	163	3535	119	2379	71
-1287	143	3359	202	2843	152
-1419	169	3051	77	3690	198
-1856	250	3517	-70	4767	142
-2467	230	4021	75	5757	176
-3824	-143	5295	78	6495	-188
-5132	-41	6580	21	5550	-141
-5575	-30	6172	-109	3963	50
-5359	263	5582	-124	2932	261
-4650	320	4793	-242	1985	219
-3906	275	3942	-234	1392	121
-3192	96	3107	-239	1467	-153
-3025	145	2877	-229	2001	-292
-3219	179	3163	-201	2212	-174
-3337	41	3619	-138	2050	77
-3198	14	3994	-102	1580	205
-3113	99	4235	-99	833	213
-2976	159	4138	-39	-234	300
-2721	168	3564	-19	-1277	430
-2436	229	2781	-76	-1945	509
-2113	305	2098	-158	-2320	569
-1969	298	1676	-201	-2284	652
-1865	275	1472	-209	-2128	830
-1890	180	1289	-275	-1984	928
-1932	79	1193	-291	-1743	786
-2000	19	1369	-323	-1385	519
-2123	4	1849	-366	-956	351
-2264	-64	2371	-346	-773	320
-2362	-94	2715	-212	-691	205
-2477	11	3079	-136	-885	113
-2604	91	3231	-73	-1360	82
-2565	111	3111	-67	-1841	-16
-2450	176	2767	-111	-2124	-47
-2291	104	2434	-203	-2137	-22
-2035	139	2148	-187	-1828	-112
-2001	256	2271	-126	-1270	-25
-2138	313	2702	-67	-934	115
-2261	282	3059	-47	-905	181
-2255	192	3238	-54	-954	144
-2230	112	3346	-57	-1026	66
-2184	133	3275	-81	-1173	-5
-2093	122	3139	-65	-1148	-14
-2007	75	3177	-52	-960	-35
-2034	-11	3347	-33	-839	-109
-2017	73	3291	21	-843	-113
-1987	66	3210	33	-773	-97
-1937	1	3206	53	-646	-177
-1902	8	3202	119	-547	-246
-1892	40	3321	161	-441	-299
-1882	102	3336	196	-420	-286
-1891	103	3465	209	-349	-261
-1915	116	3562	208	-372	-300
-1869	154	3574	200	-440	-305
-1813	162	3539	179	-445	-308
-1801	142	3530	177	-414	-323
-1774	124	3550	169	-379	-342
-1776	131	3495	160	-325	-367
-1786	210	3516	136	-272	-363
-1764	273	3552	107	-237	-356
-1788	315	3608	87	-256	-314
-1778	303	3607	74	-268	-240
-1775	282	3575	57	-284	-168
-1736	233	3536	43	-251	-120
-1727	233	3531	34	-193	-105
-1783	242	3592	32	-168	-54
-1723	225	3616	18	-154	-8
-1689	242	3633	26	-120	42
-1721	230	3653	17	-110	91
-1722	216	3646	6	-105	95
-1736	225	3617	-15	-105	90
-1707	202	3629	-37	-77	92
-1655	169	3667	-41	-52	103
-1665	122	3674	-34	-37	99
-1684	110	3668	-35	-36	98
-1659	69	3652	-30	11	48
-1673	74	3675	-15	31	-4
-1675	55	3700	-2	21	-46
-1655	59	3714	10	-5	-88
-1656	120	3729	0	-45	-126
-1590	96	3723	22	-8	-138
-1652	201	3753	29	-24	-159
-1570	174	3681	30	-40	-134
-1607	245	3739	4	-20	-111
-1581	240	3744	6	-8	-66
-1558	281	3743	-4	-19	-19
-1553	273	3707	-20	-12	43
-190	136	4110	13	35	-7
-170	135	4086	11	36	3
-170	138	4108	11	35	14
-163	149	4091	3	30	9
-142	166	4083	4	41	4
-154	164	4080	7	49	-1
-156	160	4079	4	60	-2
-172	157	4092	-2	59	-2
-188	137	4093	0	55	-1
-191	131	4102	2	63	7
-179	124	4092	5	68	12
-212	122	4065	1	76	18
-211	138	4082	2	80	13
-200	148	4072	3	79	6
-227	157	4073	0	67	-9
-234	153	4076	-4	75	-18
-219	134	4101	1	66	-21
-201	133	4090	7	47	-29
-132	117	4023	12	88	-12
-113	118	3990	17	157	23
-98	97	3904	29	250	17
-121	112	3848	27	384	-17
-175	65	3832	56	553	-58
-229	98	3902	62	706	-66
-278	156	3908	50	781	-19
-306	161	3840	39	908	-4
-358	215	3899	19	1077	-5
-432	240	3973	-9	1123	9
-490	320	3999	-48	1133	33
-501	342	3994	-88	1124	140
-375	236	3894	-108	1207	160
-409	127	3823	-106	1330	159
-479	52	3804	-88	1515	70
-724	102	3922	-58	1637	6
-795	53	4078	-61	1666	7
-770	95	4148	-67	1575	-2
-819	145	4233	-52	1437	-1
-811	123	4148	-30	1212	1
-712	72	3978	-40	1207	-81
-797	22	3856	-27	1241	-113
-879	52	3684	-9	1361	-172
-949	6	3600	43	1651	-246
-995	10	3663	91	1881	-238
-1091	-14	3737	158	1934	-208
-1146	70	3606	188	2031	-92
-1204	81	3464	263	2326	31
-1292	214	3171	389	2830	278
-1500	-3	3006	242	3564	255
-1988	-267	3165	206	4573	115
-2781	199	4316	231	5152	-112
-4063	131	5619	37	4529	-400
-4515	442	5049	269	3234	-897
-4814	303	6082	363	3159	-705
-4356	367	5498	77	1729	-434
-3627	213	3915	-68	1048	-276
-3134	222	2866	-142	1308	-340
-3086	241	2549	-170	2146	-375
-3372	261	2796	-57	2924	-346
-3589	235	3201	70	3373	-267
-3768	301	3495	116	3551	-2
-3820	256	3702	69	3448	246
-3836	295	4107	94	3101	338
-3639	135	4588	237	2348	599
-3366	124	4722	281	1193	572
-3098	27	4497	311	-298	535
-2738	-37	3793	222	-1751	271
-2605	86	2867	76	-3011	45
-2275	200	1698	-21	-3665	61
-2002	248	660	-54	-3502	158
-1796	156	19	-115	-2797	202
-1820	145	-250	-164	-1704	138
-1832	199	125	-67	-295	224
-2274	186	1380	-76	660	365
-2777	98	2632	-120	838	372
-3183	64	3569	-189	443	113
-3304	209	4214	-194	-379	-39
-3351	292	4340	-210	-1490	-89
-3173	263	3641	-217	-2537	-35
-2825	277	2651	-192	-2948	68
-2359	123	1949	-149	-2693	107
-2071	101	1651	-157	-1983	8
-2121	181	1941	-152	-1256	-63
-2267	297	2476	-120	-896	66
-2473	343	3002	-104	-951	231
-2458	304	3215	-87	-1204	342
-2465	302	3253	-127	-1534	297
-2346	246	2983	-165	-1757	213
-2167	240	2659	-158	-1624	222
-2186	251	2691	-180	-1392	232
-2181	287	2829	-178	-1220	269
-2119	235	2886	-216	-1158	318
-2124	197	3025	-203	-1016	254
-2140	249	3141	-187	-1026	222
-2129	216	3153	-196	-1015	225
-2049	200	3099	-150	-998	200
-1969	222	3151	-126	-847	215
-1970	193	3285	-114	-746	210
-1986	138	3436	-79	-720	147
-1972	156	3522	-59	-762	110
-1948	163	3480	-38	-804	108
-1863	176	3474	-17	-780	107
-1821	197	3461	7	-735	118
-1760	173	3393	8	-682	87
-1701	177	3389	-1	-540	37
-1724	213	3496	-3	-469	6
-1752	230	3510	-13	-431	5
-1749	279	3561	-18	-366	27
-1732	276	3572	-24	-344	58
-1710	256	3624	-40	-320	67
-1723	242	3680	-46	-344	90
-1699	256	3642	-72	-369	99
-1703	229	3609	-85	-364	104
-1702	240	3608	-71	-336	80
-1693	252	3604	-75	-327	81
-1683	175	3580	-64	-282	86
-1665	128	3554	-41	-197	70
-1679	135	3576	-11	-109	62
-1688	124	3671	13	-83	25
-1678	169	3670	27	-110	-20
-1678	240	3645	24	-114	-20
-1669	236	3657	27	-49	-12
-1691	242	3675	25	-29	6
-1655	252	3704	24	-25	21
-1634	250	3669	28	-32	33
-1626	247	3625	41	18	33
-1654	260	3657	31	65	47
-1639	216	3684	21	83	62
-1636	135	3750	18	71	30
-1542	121	3759	21	41	-31
-1510	143	3769	29	15	-49
397	206	4047	44	171	-27
404	226	4083	33	168	-19
410	187	4098	12	159	-29
412	180	4050	3	183	-23
389	163	4027	1	225	-38
395	203	4033	6	261	-47
400	201	4031	20	286	-49
407	211	4039	25	318	-54
400	216	4031	29	345	-35
377	205	4046	31	355	-31
354	182	4061	34	365	-45
317	188	4099	28	346	-66
365	200	4067	25	339	-59
405	198	4032	24	372	-42
387	174	3981	30	474	-57
355	173	4009	28	581	-75
264	209	4099	24	625	-103
152	214	4099	14	647	-137
106	183	4045	1	648	-155
130	157	3920	10	690	-134
181	97	3831	16	833	-132
228	156	3820	29	1039	-97
155	191	3914	41	1254	-51
-5	178	4033	44	1379	-52
-186	251	4126	57	1413	-65
-288	279	4197	61	1342	-62
-299	323	4249	29	1192	-28
-304	281	4207	10	954	-1
-260	196	4003	-2	850	-28
-239	184	3844	-35	972	-58
-287	183	3787	-42	1189	-66
-384	169	3806	-6	1405	-79
-494	177	3906	21	1571	-122
-572	169	4034	31	1622	-163
-634	174	4081	45	1582	-187
-657	233	4112	49	1491	-185
-625	214	3935	77	1421	-151
-584	179	3822	122	1505	-187
-661	155	3813	139	1582	-197
-723	126	3776	113	1721	-232
-813	147	3761	44	1896	-337
-871	175	3706	-11	2068	-414
-894	170	3660	-48	2276	-477
-943	106	3665	-30	2466	-548
-999	329	3404	76	2821	-470
-1271	354	3345	221	3316	-222
-1499	147	3255	244	3817	-66
-1769	352	3916	169	4402	-124
-2344	492	4644	132	4633	74
-3112	311	4894	-35	4579	-220
-4160	655	5140	-102	4415	-296
-5026	430	5711	-74	3939	-48
-4751	421	5386	-73	2870	188
-4321	170	4499	-235	2251	240
-3844	70	3546	-295	1931	206
-3394	23	2851	-211	2079	118
-3145	180	2655	-157	2541	84
-3257	183	2896	-121	2935	71
-3468	145	3440	-126	2882	-166
-3570	324	3930	-105	2416	53
-3607	197	4216	-97	1633	219
-3409	24	4247	-106	655	66
-3104	-21	3895	-86	-254	9
-2783	-44	3255	-75	-844	-37
-2581	184	2763	-78	-1231	-64
-2423	329	2410	-95	-1437	56
-2397	366	2268	-94	-1615	215
-2414	278	2156	-113	-1754	211
-2395	349	2052	-181	-1840	173
-2380	382	1977	-250	-1786	332
-2417	292	1972	-343	-1707	349
-2478	203	2032	-385	-1685	303
-2486	119	2171	-367	-1605	214
-2534	117	2429	-349	-1538	262
-2489	52	2535	-340	-1548	295
-2431	27	2604	-309	-1569	214
-2409	96	2714	-285	-1641	69
-2396	121	2703	-247	-1778	-6
-2348	108	2629	-208	-1901	3
-2346	114	2489	-200	-1952	26
-2229	126	2283	-240	-1846	93
-2126	162	2147	-207	-1578	127
-2077	175	2254	-138	-1204	187
-2144	158	2578	-83	-884	173
-2257	196	2978	-74	-821	241
-2326	170	3196	-95	-967	284
-2282	185	3243	-105	-1061	179
-2238	163	3239	-82	-1090	169
-2155	138	3211	-84	-1082	106
-2121	157	3159	-93	-1071	73
-2036	119	3089	-106	-1008	75
-1952	87	3083	-78	-832	82
-1870	55	3140	-47	-626	98
-1904	98	3353	-8	-488	73
-1991	114	3476	6	-537	59
-1931	51	3411	35	-546	35
-1899	37	3429	67	-474	-29
-1856	83	3455	96	-433	-15
-1880	104	3498	99	-417	-17
-1823	135	3532	96	-417	-39
-1779	110	3544	89	-384	-61
-1798	118	3622	74	-384	-103
-1760	123	3646	61	-400	-125
-1753	126	3673	61	-407	-158
-1702	108	3615	65	-414	-162
-1677	125	3591	74	-345	-147
-1699	91	3576	81	-311	-152
-1697	105	3555	75	-256	-168
-1697	163	3524	67	-177	-181
-1703	187	3574	50	-104	-190
-1776	183	3648	52	-133	-201
-1747	155	3623	71	-135	-198
-1782	130	3665	68	-167	-185
-1773	147	3679	55	-208	-189
-1742	201	3586	40	-243	-161
-1728	202	3529	32	-184	-113
-1693	186	3595	50	-90	-127
-1721	178	3632	69	-62	-120
-1728	163	3672	85	-61	-138
-1709	168	3705	81	-69	-147
-1718	172	3708	70	-96	-117
-1709	227	3684	57	-119	-81
-1688	244	3680	56	-104	-53
-1677	228	3729	51	-75	-56
-1665	214	3720	48	-93	-43
-1674	205	3700	40	-94	-26
-1633	181	3731	21	-100	-15
-1640	189	3712	19	-106	-12
-1580	133	3682	40	-60	-4
-1625	148	3734	49	-53	-31
303	101	3998	27	282	-8
281	100	4054	36	342	-12
216	120	4091	40	373	-24
193	126	4097	32	362	-20
213	124	4074	24	343	-13
233	117	3943	11	402	-6
234	116	3933	3	531	-19
214	142	3929	3	658	-12
173	135	4004	-10	758	-2
106	167	4047	-23	799	-4
85	136	4072	-18	789	21
67	119	4027	-5	822	41
62	104	3979	4	920	49
8	83	3954	14	1061	25
-36	68	3992	28	1171	36
-109	104	4052	11	1249	11
-237	71	4043	3	1238	-66
-337	93	4060	21	1248	-81
-416	71	4119	42	1214	-56
-417	76	4120	65	1155	-63
-429	109	4090	64	1080	-37
-450	104	4026	37	1067	-7
-527	107	4004	24	1085	24
-578	129	4026	20	1093	28
-602	104	4079	9	1069	41
-638	69	4095	0	1012	48
-680	91	4047	-4	944	58
-683	47	3990	10	933	44
-700	57	3993	52	976	-12
-727	91	3988	88	974	-46
-730	127	3954	107	998	-68
-780	115	3943	115	1046	-115
-856	140	3972	134	1072	-181
-917	58	3887	180	1027	-169
-928	62	3732	210	1128	-181
-936	56	3664	217	1382	-236
-977	14	3755	250	1601	-273
-989	59	3814	275	1711	-271
-979	148	3783	302	1768	-287
-1014	252	3703	306	1956	-195
-1065	382	3679	377	2151	-52
-1144	298	3688	465	2312	20
-1306	297	3716	453	2507	160
-1263	229	3505	342	2792	363
-1677	158	3384	142	3253	115
-2111	-3	3686	4	3693	-267
-2834	25	4227	-61	3911	-614
-3291	105	4538	-161	3557	-860
-3702	287	4694	-118	3201	-766
-4074	647	4846	-41	3277	-719
-4365	445	5267	-1	2642	-640
-4066	208	4643	1	1707	-698
-3478	454	3493	35	1649	-320
-3363	11	3073	37	1908	-447
-3423	281	2731	64	2393	-608
-3605	550	2826	73	2913	-185
-3737	9	3103	55	3140	278
-3818	101	3498	57	3104	60
-3750	191	3765	23	2667	96
-3540	203	3784	-28	2096	210
-3269	100	3728	-85	1433	238
-3120	71	3697	-99	657	177
-2969	141	3470	-116	-163	124
-2860	99	3087	-138	-904	92
-2673	106	2684	-148	-1431	57
-2582	101	2345	-125	-1798	141
-2526	135	2025	-134	-1968	156
-2345	138	1889	-155	-1929	196
-2521	220	1872	-172	-1890	277
-2451	230	1840	-137	-1875	460
-2529	133	1864	-106	-1898	530
-2473	76	2027	-142	-1813	383
-2420	166	2201	-200	-1731	274
-2415	197	2385	-282	-1620	234
-2427	186	2562	-318	-1563	222
-2459	182	2761	-316	-1625	210
-2434	276	2838	-319	-1812	221
-2444	302	2771	-313	-1952	328
-2415	192	2634	-338	-2062	382
-2311	179	2452	-356	-2017	380
-2234	182	2363	-342	-1759	474
-2244	177	2446	-283	-1499	531
-2240	156	2629	-239	-1292	596
-2261	104	3028	-243	-1174	570
-2395	223	3261	-222	-1380	550
-2271	145	3142	-222	-1536	546
-2186	93	3054	-167	-1455	437
-2041	82	2983	-167	-1285	351
-2015	87	3067	-133	-1047	333
-1989	139	3208	-130	-902	286
-2022	184	3304	-107	-872	279
-2014	149	3364	-113	-826	222
-1978	148	3379	-92	-848	122
-1893	174	3287	-77	-872	112
-1810	107	3225	-52	-796	104
-1771	115	3284	-6	-628	71
-1773	192	3413	42	-542	92
-1792	191	3521	70	-516	102
-1781	163	3588	61	-539	55
-1757	163	3588	47	-573	6
-1694	220	3574	30	-534	-8
-1669	215	3573	23	-495	-29
-1671	245	3610	9	-460	-39
-1704	262	3637	-5	-488	-28
-1734	275	3598	-17	-509	-14
-1662	248	3522	-14	-467	-29
-1628	221	3470	6	-349	-51
-1651	224	3477	20	-237	-70
-1638	253	3551	30	-162	-72
-1596	262	3547	26	-112	-111
-1665	271	3615	31	-38	-107
-1663	220	3673	26	4	-131
-1684	230	3786	14	2	-176
-1675	283	3779	1	-70	-168
-1682	281	3737	-16	-116	-151
-1670	280	3700	-26	-142	-132
-1625	291	3631	-18	-116	-102
-1584	282	3622	-20	-59	-63
-1578	229	3623	-22	-7	-43
-1609	234	3688	-19	51	-32
-1626	185	3751	-14	55	-43
-1618	193	3772	-14	34	-51
-1591	184	3737	-10	19	-46
-1565	191	3698	-6	39	-42
-1544	177	3713	-1	77	-42
-1553	195	3767	-5	82	-36
-1541	184	3790	-5	65	-21
-1517	134	3798	2	55	-28
-1524	41	3862	5	15	-105
-1478	-54	3855	57	26	-212
314	-32	4026	-33	-216	-19
339	-40	3993	-31	-144	-15
331	-67	4004	-27	-57	-6
342	-66	4108	-16	-19	3
342	-48	4121	-9	-71	0
352	-15	4042	5	-78	15
352	-48	3979	1	-2	19
340	-62	4007	-9	95	0
292	-54	4072	-10	137	-4
268	-38	4121	-7	120	-7
282	-38	4108	-1	78	-15
297	-54	4021	7	87	-8
268	-63	4003	15	158	-7
237	-44	4053	13	192	10
235	-63	4096	10	180	8
253	-62	4074	13	161	-6
260	-78	4028	11	171	-9
288	-61	3955	21	249	-5
292	-33	3910	14	402	7
278	-13	3927	7	568	15
237	15	3980	7	694	8
198	-9	4026	6	752	-12
169	-17	4058	-7	784	-26
165	-43	4027	-11	835	-16
164	-65	3999	-15	914	-11
156	-31	3969	-22	1015	-5
86	20	3976	-38	1112	1
40	45	3983	-37	1181	-1
4	26	4007	-40	1237	4
-51	-15	4020	-62	1274	1
-116	-66	4013	-67	1317	-12
-142	-118	3998	-56	1379	-36
-238	-145	4027	-41	1428	-77
-300	-165	3957	-16	1480	-108
-384	-185	3905	-1	1565	-145
-450	-136	3913	3	1681	-177
-529	-108	3922	12	1752	-212
-599	-64	3901	22	1775	-245
-584	-24	3846	16	1864	-201
-623	-32	3822	-7	2009	-202
-650	-36	3850	-21	2173	-142
-751	-99	3809	18	2371	-100
-776	-125	3688	81	2554	-37
-905	-93	3565	128	2816	79
-1079	-12	3375	167	3086	282
-1400	-85	3426	202	3586	334
-1937	108	3478	293	4311	237
-2504	77	4027	478	5062	274
-3181	-186	4577	525	5296	89
-3872	-88	5237	463	5164	-140
-4520	-141	6030	393	4624	-371
-4992	159	6418	266	3647	-483
-4693	405	5783	63	2375	-218
-3988	367	4335	-48	1536	8
-3402	321	3213	-33	1444	-26
-3106	230	2882	-2	1883	-22
-3152	194	3209	11	2289	86
-3338	-35	3809	22	2225	145
-3402	-216	4282	-2	1639	69
-3333	-263	4330	13	805	0
-3130	-165	4018	60	-169	-28
-2765	26	3297	138	-1045	78
-2438	249	2498	190	-1629	265
-2091	370	1774	204	-1843	534
-1923	245	1313	98	-1758	668
-1831	156	946	-17	-1538	572
-1770	63	817	-54	-1093	384
-1914	-100	996	-49	-362	225
-2237	-234	1679	-13	264	21
-2621	-157	2548	44	358	-85
-2794	-49	3234	77	144	-41
-2915	29	3704	82	-404	-113
-2934	199	3778	57	-1169	-157
-2866	227	3458	25	-1896	-34
-2556	262	2754	-21	-2283	10
-2215	250	2164	-71	-2182	83
-1994	114	1758	-96	-1700	177
-1936	123	1792	-82	-998	187
-2235	198	2385	-36	-579	308
-2399	173	2937	-36	-571	375
-2555	106	3369	-91	-817	326
-2567	56	3358	-125	-1274	191
-2387	21	3096	-126	-1487	123
-2226	-30	2857	-97	-1474	75
-2172	-111	2777	-66	-1287	-72
-2170	-192	2885	3	-1095	-309
-2144	-105	2956	92	-960	-411
-2173	-55	3118	150	-816	-434
-2250	40	3225	211	-827	-460
-2171	63	3206	260	-848	-497
-2109	98	3217	290	-851	-559
-2069	141	3237	298	-779	-577
-2089	171	3287	302	-794	-553
-2032	167	3289	307	-760	-558
-1988	144	3283	307	-663	-563
-1969	114	3343	327	-599	-594
-1974	168	3394	356	-570	-560
-1937	169	3417	362	-517	-502
-1921	206	3471	333	-488	-507
-1934	279	3521	284	-503	-526
-1921	324	3499	231	-511	-507
-1870	274	3511	182	-508	-498
-1802	220	3544	158	-486	-488
-1812	217	3545	125	-474	-457
-1801	244	3567	108	-458	-383
-1821	274	3580	90	-449	-307
-1847	302	3606	65	-430	-239
-1802	278	3578	38	-447	-166
-1748	234	3561	27	-444	-87
-1721	203	3564	-6	-404	-51
-1734	164	3515	-25	-368	-10
-1724	100	3516	-34	-311	-32
-1707	101	3518	-38	-240	-29
-1676	60	3549	-23	-135	-21
-1710	29	3695	-12	-74	-16
-1746	4	3700	-9	-102	-53
-1689	14	3719	6	-116	-78
-1711	13	3690	-8	-163	-95
-1641	52	3635	1	-159	-145
-1604	62	3622	27	-84	-151
-1653	78	3670	37	-37	-150
-1656	64	3680	40	-19	-123
-1651	34	3729	56	-16	-144
-1644	85	3738	62	-49	-161
-1623	77	3732	54	-56	-156
-1604	81	3724	49	-65	-188
-1580	110	3708	43	-78	-205
-1587	113	3719	40	-81	-192
-1583	133	3731	52	-84	-178
-1556	185	3760	57	-75	-174
40	-28	4113	-12	-82	-24
47	-32	4079	-11	-74	-27
26	-53	4014	-9	-25	-32
15	-53	4016	-7	47	-13
-14	-56	4024	-1	130	0
-51	-35	4080	1	172	13
-78	0	4107	-1	169	18
-82	-13	4114	-2	153	24
-67	-23	4133	0	113	3
-30	1	4106	8	79	3
-26	-17	4090	18	91	15
-18	-22	4102	21	93	20
-16	-12	4098	18	82	20
-23	-14	4090	18	91	13
-39	-8	4092	17	85	-3
-47	-32	4083	21	94	7
-17	-43	4081	19	96	12
17	-20	4013	22	136	14
-30	-43	3967	36	242	1
-61	-28	3944	33	347	-5
-58	-5	3958	36	433	-10
-111	-34	4043	36	496	-28
-116	-4	4051	36	484	-52
-134	19	3990	35	531	-29
-132	8	3889	34	633	-13
-92	-4	3851	18	790	-35
-133	11	3862	10	985	-82
-221	93	3911	8	1123	-82
-242	115	3925	-18	1218	-15
-241	-112	4022	-35	1316	-21
-324	-182	3963	-40	1295	-100
-334	-124	3829	-27	1403	-162
-366	-9	3904	-15	1599	-146
-437	63	4044	9	1652	-82
-476	76	4181	13	1612	9
-528	59	4224	-4	1446	1
-505	-8	4091	-20	1331	-30
-539	-29	3969	-15	1324	-70
-577	-25	3841	-10	1382	-95
-650	4	3779	-12	1560	-101
-731	77	3770	12	1797	-82
-834	-65	3813	70	2000	-98
-988	-15	3769	104	2190	-36
-1090	-73	3727	163	2493	98
-1225	-142	3624	189	2768	113
-1594	-74	3480	110	3229	105
-1855	51	3562	37	4033	53
-2512	234	4408	44	4564	233
-3249	241	4994	84	4401	313
-3684	111	5297	98	4201	251
-4113	-189	5574	225	3909	202
-4302	-83	5653	166	3115	140
-3931	6	4905	42	2227	188
-3450	-4	4006	-20	1917	4
-3222	79	3366	62	2201	-230
-3262	178	3313	124	2512	-270
-3438	255	3350	134	2797	-54
-3393	133	3622	68	2839	-63
-3388	105	4008	41	2642	32
-3326	-12	4460	61	1923	60
-3116	12	4464	58	760	-36
-2777	51	3950	65	-396	-41
-2440	213	3180	24	-1338	39
-2176	221	2459	-8	-1802	146
-2045	226	1915	-38	-1817	225
-2214	204	1866	-85	-1551	340
-2319	55	2185	-109	-1304	517
-2457	52	2491	-109	-1535	506
-2466	-96	2587	-61	-1898	369
-2462	-133	2608	-28	-2145	160
-2299	-145	2524	-38	-2237	47
-2132	-150	2306	-39	-2118	-48
-2054	-87	2202	-15	-1822	-220
-2119	157	2343	22	-1591	-226
-2149	213	2538	48	-1555	-83
-2233	249	2650	46	-1646	-60
-2233	250	2560	21	-1739	62
-2269	178	2437	-19	-1766	91
-2226	182	2346	22	-1587	113
-2213	137	2444	6	-1425	199
-2156	119	2720	0	-1223	237
-2209	78	2988	-29	-1186	189
-2146	206	3069	4	-1190	202
-2112	225	3120	5	-1108	253
-2121	151	3183	5	-1030	190
-2099	140	3245	-29	-996	141
-2060	137	3296	-44	-936	143
-1953	132	3265	-42	-908	128
-1898	147	3274	-23	-834	156
-1840	113	3339	-34	-768	194
-1788	121	3362	-34	-686	176
-1788	99	3407	-15	-597	170
-1774	99	3445	39	-545	136
-1745	54	3529	52	-480	95
-1711	66	3539	90	-509	64
-1655	74	3496	109	-500	14
-1582	141	3475	102	-416	-9
-1565	181	3500	79	-312	-43
-1589	242	3573	54	-238	-66
-1654	242	3630	28	-250	-85
-1645	261	3608	24	-237	-104
-1635	297	3649	15	-219	-80
-1629	306	3703	9	-239	-39
-1622	280	3674	10	-246	-33
-1646	288	3675	10	-239	-18
-1636	285	3677	5	-221	3
-1598	271	3657	2	-201	9
-1589	265	3711	-2	-174	17
-1614	268	3691	1	-166	16
-1622	222	3697	11	-159	5
-1601	236	3694	24	-137	-6
-1566	225	3711	40	-128	21
-1562	252	3624	55	-89	36
-1584	240	3700	52	-8	35
-1613	281	3726	44	19	43
-1630	304	3732	29	-19	79
-1613	335	3715	-5	-51	124
-1604	327	3682	-27	-68	178
-1578	265	3668	-44	-29	198
-1597	204	3726	-54	-7	175
-1560	189	3793	-50	-30	147
-1536	156	3797	-43	-74	132
-1508	165	3772	-41	-103	101
-1473	194	3755	-39	-88	80
-1481	217	3783	-43	-62	83
-1512	210	3787	-41	-69	65
-1489	157	3792	-41	-94	5
-1454	171	3759	-10	-70	-42
-1467	226	3780	12	-53	-27
-1429	201	3729	-11	-80	-39
-37	-15	4126	7	82	44
-35	-9	4125	8	67	46
-39	-10	4130	18	44	40
-51	-11	4103	22	25	17
-54	-22	4099	12	-1	1
-51	-35	4103	7	-7	-6
-6	-65	4082	2	-9	-5
25	-70	4040	14	35	-12
46	-73	4023	16	87	-17
22	-68	4054	12	138	-31
-12	-65	4104	2	164	-39
-13	-60	4151	-3	141	-50
-33	-56	4162	0	98	-52
-11	-53	4130	11	61	-55
2	-57	4068	19	41	-52
9	-22	4039	27	90	-34
-6	-56	4034	23	153	-24
-17	-42	4059	12	191	-27
-20	-38	4042	-3	225	-54
-9	-10	4026	-23	258	-69
-12	-62	3960	-12	323	-70
-53	-101	3932	-8	452	-92
-64	-75	3930	-12	576	-80
-55	-51	4004	-8	672	-40
-67	-21	4031	8	714	2
-74	14	4020	20	732	32
-56	23	3985	21	776	53
-61	10	3963	4	845	51
-67	42	3928	-17	941	49
-115	26	3952	-32	1039	41
-161	5	3978	-37	1118	7
-198	-17	3955	-11	1169	-17
-228	-85	3915	12	1256	-64
-312	-106	3900	2	1394	-90
-394	-120	3864	-6	1564	-103
-492	-102	3857	3	1709	-111
-548	-88	3833	10	1855	-100
-643	-130	3802	33	1981	-101
-757	-129	3815	55	2084	-111
-747	-93	3828	62	2180	-143
-802	8	3794	45	2245	-120
-708	-29	3702	30	2373	-90
-780	114	3577	26	2554	-53
-961	66	3719	77	2735	153
-1029	-95	3603	109	2886	183
-1277	-48	3219	143	3261	210
-1532	140	3242	37	3954	356
-2074	-69	3823	-92	4763	191
-2917	-299	4557	-28	5143	-26
-3988	2	5182	100	5435	-314
-4933	-325	6040	145	4495	-597
-4896	-44	5408	176	3467	-499
-4751	196	4969	194	2638	-32
-4216	255	4061	37	2035	236
-3737	206	3265	-79	1825	231
-3320	95	2767	-91	1967	96
-3223	111	2711	-134	2304	-2
-3396	190	3020	-135	2506	112
-3607	118	3460	-162	2359	265
-3680	44	3979	-191	1960	331
-3720	-13	4281	-167	1159	443
-3595	-78	4106	-102	176	497
-3286	93	3555	-25	-656	601
-2915	29	2896	48	-1306	845
-2555	-94	2253	87	-1636	898
-2245	-133	1860	106	-1710	826
-2183	65	1677	111	-1560	740
-2188	132	1649	60	-1410	665
-2233	56	1539	-32	-1364	497
-2326	41	1480	-62	-1252	249
-2434	44	1663	-64	-1029	176
-2435	27	2057	-75	-750	252
-2491	-37	2444	-63	-631	305
-2481	-72	2749	-35	-644	221
-2646	29	3113	-16	-917	19
-2752	93	3221	-18	-1501	-96
-2700	209	2988	-44	-2092	-96
-2518	270	2450	-91	-2372	-65
-2226	286	1952	-122	-2306	28
-2021	169	1644	-97	-1739	16
-2128	190	1860	-75	-1058	2
-2369	252	2449	-86	-729	63
-2542	300	2960	-63	-769	177
-2622	190	3293	-56	-947	182
-2518	157	3262	-38	-1226	45
-2418	172	3038	-23	-1320	-59
-2269	170	2863	-11	-1242	-132
-2199	136	2809	-37	-1041	-238
-2217	119	2909	-37	-855	-274
-2258	169	3066	-16	-763	-308
-2223	178	3152	2	-721	-318
-2220	206	3187	16	-729	-305
-2166	176	3208	23	-738	-293
-2084	137	3226	35	-730	-313
-2080	154	3269	37	-688	-338
-2035	128	3309	19	-648	-346
-2048	100	3400	19	-596	-343
-2025	138	3401	37	-547	-296
-1962	112	3392	67	-494	-269
-2006	115	3485	94	-472	-307
-1995	107	3476	102	-493	-323
-1949	88	3467	120	-468	-352
-1938	95	3494	125	-473	-371
-1912	128	3484	125	-451	-366
-1871	200	3468	111	-417	-337
-1873	253	3515	87	-404	-286
-1890	293	3527	64	-403	-196
-1908	282	3571	36	-384	-123
-1903	246	3611	4	-421	-55
-1856	193	3551	-23	-436	1
-1822	156	3488	-35	-390	46
-1766	165	3472	-39	-306	90
-1787	151	3523	-58	-229	117
-1805	169	3555	-79	-183	128
-1871	135	3613	-113	-203	136
-1783	114	3564	-125	-227	134
-1770	133	3529	-117	-173	179
-1752	75	3523	-98	-88	220
-1766	46	3619	-78	-4	198
-1827	85	3699	-68	-21	176
-1834	155	3716	-71	-101	195
-1777	177	3666	-81	-156	207
-1753	153	3604	-89	-181	233
-1736	151	3604	-91	-142	259
-1731	91	3639	-83	-99	268
-1736	118	3640	-92	-109	278
-1685	47	3651	-72	-88	281
-1695	78	3720	-63	-74	255
-1735	87	3744	-75	-123	240
-1680	105	3682	-86	-166	225
299	-28	4089	-11	59	-13
276	-34	4108	-14	47	-17
274	-44	4149	-20	41	-14
258	-73	4149	-24	17	-14
271	-46	4094	-24	-4	-12
262	-67	4052	-14	20	-6
219	-66	4019	-7	74	-7
204	-51	4032	2	124	-1
174	-15	4047	11	168	10
156	-18	4084	14	200	23
126	-20	4135	12	184	17
120	-30	4159	8	117	8
137	-29	4120	0	58	2
193	-38	4065	4	35	3
213	-57	4001	20	65	-6
249	-81	3955	43	152	-33
246	-60	3946	66	268	-59
219	7	3994	72	369	-49
142	43	3991	58	494	-42
60	3	4007	34	634	-38
42	19	4075	13	666	-51
45	-26	4114	-11	608	-36
70	-23	4136	-13	534	-14
65	-114	4063	-9	494	-23
97	-125	3964	20	514	-42
121	-31	3872	41	627	-39
148	1	3793	58	819	24
161	-48	3720	46	1122	-3
107	-73	3767	25	1468	-34
1	-95	3861	28	1696	-86
-5	-156	3919	5	1813	-136
-234	-87	3862	-64	1879	-200
-385	18	3910	-79	1999	-242
-444	107	4028	-40	1995	-165
-418	99	4037	-8	1956	-61
-453	38	3973	-16	1981	-28
-605	57	3980	-34	2020	40
-620	0	4038	-18	2053	43
-614	-22	4060	10	2006	8
-703	-72	4070	40	1896	-25
-707	-120	4013	64	1852	-57
-809	-221	3942	83	1853	-161
-872	-167	3775	92	1994	-290
-895	-233	3663	134	2355	-303
-1185	-79	3549	245	2775	-185
-1461	6	3285	315	3311	36
-1884	187	3513	80	3907	232
-2373	157	3742	-8	4578	171
-3056	-115	4130	197	4840	284
-4010	76	4961	296	4597	-108
-4391	39	5195	330	4214	48
-4434	118	5674	217	3512	14
-4148	351	5212	-21	2646	196
-3659	427	4201	-243	1962	327
-3340	33	3351	-178	1837	105
-3191	-2	2673	-105	2220	-9
-3350	99	2594	-51	2799	185
-3547	73	2856	-11	3176	380
-3696	37	3233	13	3188	381
-3695	71	3707	21	2912	370
-3608	47	4044	21	2230	390
-3478	37	4162	-43	1214	247
-3292	155	3811	-65	115	202
-2967	76	3218	-48	-779	169
-2594	-114	2559	-21	-1320	124
-2351	-49	1975	-11	-1536	6
-2350	102	1675	13	-1468	45
-2428	155	1763	51	-1414	175
-2410	231	1818	49	-1521	248
-2463	259	1724	-5	-1666	296
-2503	277	1662	-71	-1628	205
-2498	318	1747	-128	-1400	142
-2585	324	2029	-193	-1135	251
-2733	248	2418	-186	-1006	400
-2794	160	2798	-159	-1023	413
-2862	102	3104	-103	-1267	364
-2837	109	3175	-63	-1694	253
-2766	200	2944	-63	-2067	231
-2581	190	2564	-92	-2277	209
-2313	152	2191	-69	-2117	107
-2208	193	2029	-3	-1686	59
-2228	189	2145	22	-1304	75
-2224	221	2480	26	-989	119
-2392	259	2890	89	-924	207
-2492	224	3169	6	-1154	221
-2415	196	3117	-22	-1395	122
-2333	176	2991	-43	-1445	56
-2220	217	2877	3	-1356	67
-2125	218	2864	43	-1132	110
-2118	244	2945	28	-947	89
-2154	275	3122	0	-815	67
-2178	265	3196	-48	-845	8
-2168	195	3223	-81	-892	-17
-2089	180	3198	-81	-897	-69
-2011	180	3212	-56	-870	-93
-1983	222	3307	-40	-809	-55
-1966	227	3374	-34	-772	-35
-1992	247	3464	-55	-736	-44
-1915	254	3406	-32	-745	-5
-1858	217	3405	-36	-663	-47
-1850	194	3427	-20	-620	-113
-1810	183	3436	-4	-572	-156
-1774	158	3447	14	-530	-199
-1788	157	3482	21	-475	-228
-1838	154	3475	32	-439	-253
-1828	176	3456	40	-387	-279
-1819	283	3504	32	-336	-274
-1806	282	3546	17	-313	-224
-1818	258	3552	16	-321	-180
-1831	212	3587	10	-321	-172
-1846	157	3581	4	-330	-198
-1807	127	3554	-15	-318	-244
-1784	113	3551	-18	-307	-291
-1743	159	3519	-8	-229	-283
-1716	165	3544	0	-150	-268
-1728	154	3622	17	-95	-264
-1749	178	3642	29	-85	-269
-1752	157	3685	26	-94	-262
-1728	153	3667	34	-106	-252
-1754	140	3629	38	-99	-224
-1729	95	3618	45	-66	-227
-1717	137	3643	46	-48	-224
-1722	184	3636	44	-43	-200
-1691	221	3626	35	-4	-165
-1700	167	3691	26	35	-124
-1701	133	3729	17	11	-116
-1675	125	3717	14	-31	-101
-1642	137	3659	12	-11	-84
-1625	150	3666	10	31	-61
-1641	163	3726	6	34	-41
354	94	4086	15	127	-53
352	92	4074	23	138	-44
353	72	4068	33	147	-43
330	66	4037	34	156	-68
346	53	3937	30	198	-65
376	77	3926	33	300	-72
363	101	3949	31	380	-70
323	49	3947	26	508	-88
286	26	4035	6	623	-97
262	44	4022	11	659	-89
223	26	4032	36	688	-87
238	37	3991	66	725	-105
243	68	3987	102	791	-86
206	86	3980	135	909	-46
112	115	4001	146	1054	-19
14	122	4118	144	1133	-4
-32	146	4246	120	1068	-6
-32	147	4254	83	911	-1
-31	137	4155	37	777	-10
-25	143	4012	1	770	-23
-85	136	3946	-32	859	-45
-136	101	3930	-47	966	-44
-194	139	3969	-54	1075	-43
-238	138	4028	-26	1128	-5
-290	158	4077	-9	1125	11
-335	158	4051	7	1127	23
-340	133	4059	10	1127	24
-351	138	4044	1	1135	4
-335	129	3996	-4	1154	1
-378	72	3954	-8	1237	-35
-446	63	3921	5	1354	-64
-517	39	3944	37	1464	-127
-542	52	3956	62	1497	-147
-606	41	3959	65	1537	-136
-673	16	3855	77	1575	-155
-727	-10	3774	75	1721	-183
-784	84	3731	102	1910	-139
-892	102	3754	127	2072	-114
-964	109	3686	157	2191	-46
-1030	147	3633	211	2401	-22
-1155	90	3636	247	2565	59
-1235	156	3646	262	2658	112
-1350	337	3526	314	2842	312
-1657	224	3472	306	3002	402
-1900	114	3602	206	3205	276
-2094	107	3661	212	3486	230
-2497	207	3679	331	3926	184
-2919	551	4113	490	4100	167
-3413	402	4697	444	3759	92
-4024	383	4764	521	3353	255
-4460	435	4863	532	3152	159
-4422	756	4603	259	2620	-22
-4156	692	3939	35	2331	24
-3892	435	3390	-3	2427	-4
-3867	320	3164	15	2670	-212
-3989	219	3204	-22	2800	-438
-3974	392	3378	19	2829	-320
-3862	282	3590	-34	2669	-240
-3732	189	3701	-58	2321	-116
-3623	88	3813	-111	1843	-255
-3430	166	3836	-66	1300	-131
-3231	83	3925	46	521	-130
-3081	188	3744	95	-569	-66
-2959	248	3239	28	-1646	-26
-2745	338	2548	-47	-2424	53
-2590	339	1964	-142	-2772	103
-2410	503	1440	-218	-2744	24
-2158	514	1005	-364	-2374	113
-2142	279	940	-437	-1935	144
-2252	156	1167	-427	-1473	65
-2405	15	1697	-380	-1121	55
-2407	-70	2187	-345	-1031	46
-2374	-37	2399	-272	-1000	-10
-2446	28	2759	-182	-1072	-109
-2627	184	3014	-172	-1446	-237
-2673	298	2979	-221	-1976	-213
-2585	268	2657	-252	-2296	-115
-2402	150	2315	-284	-2316	-154
-2289	171	2090	-255	-2037	-188
-2291	186	2075	-175	-1738	-77
-2270	231	2179	-135	-1398	127
-2259	158	2462	-96	-1135	220
-2357	137	2837	-71	-1054	152
-2454	82	3080	-45	-1083	119
-2420	53	3180	-26	-1150	137
-2399	88	3193	-43	-1203	75
-2358	135	3154	-70	-1211	75
-2271	136	3101	-77	-1159	41
-2198	208	3138	-65	-1063	20
-2089	120	3144	-85	-1013	2
-2051	107	3182	-88	-919	-32
-2023	135	3156	-85	-846	41
-1944	110	3165	-70	-709	106
-1947	141	3249	-44	-587	148
-1922	137	3215	1	-534	177
-1963	178	3432	-9	-453	174
-1931	158	3487	-34	-510	192
-1932	155	3515	-30	-536	206
-1894	152	3560	-17	-561	202
-1841	92	3519	-29	-582	172
-1773	128	3472	-16	-523	136
-1807	187	3518	-6	-438	172
-1801	253	3557	-16	-409	218
-1801	272	3542	-36	-374	258
-1785	313	3611	-60	-360	300
-1730	280	3607	-93	-387	348
-1722	239	3590	-120	-388	372
-1748	251	3604	-144	-366	385
-1743	271	3587	-159	-305	438
-1752	266	3622	-164	-249	476
-1775	182	3705	-166	-247	481
-1763	148	3673	-178	-303	465
-1770	139	3630	-183	-321	447
-1731	146	3593	-179	-331	451
-1687	180	3550	-165	-291	442
-1668	158	3536	-158	-209	445
-1686	122	3561	-134	-153	420
-1705	144	3640	-122	-118	412
-1682	107	3713	-112	-118	365
-1655	79	3742	-93	-159	285
-1681	97	3791	-82	-205	244
-1666	102	3767	-75	-236	216
-1617	149	3688	-56	-235	202
-1532	222	3663	-51	-206	195
-1509	208	3692	-55	-146	185
-1505	252	3762	-71	-122	185
-1486	215	3791	-80	-128	192
-1483	117	3875	-74	-178	139
-1415	4	3846	-39	-190	73
-1444	57	3784	-15	-197	63
396	40	4063	12	144	-3
363	32	4089	14	165	-6
331	51	4108	6	161	-6
316	53	4121	-13	140	-3
320	56	4063	-14	124	18
300	40	4060	-6	154	15
292	53	4064	1	170	6
296	58	4080	12	187	18
290	59	4098	15	181	13
298	48	4097	7	161	-2
305	48	4064	1	157	-17
327	18	4011	-9	178	-39
344	57	3946	-16	256	-29
374	58	3896	-19	389	-1
325	36	3895	-15	589	18
263	-5	3946	-24	731	-17
174	16	4016	-34	805	-38
140	-20	4080	-30	795	-49
110	6	4053	-24	737	-71
61	38	3999	-2	816	-42
30	62	4014	26	945	-35
25	119	4044	47	1025	-10
-26	146	4113	49	1060	0
-85	130	4191	35	966	-18
-55	153	4051	34	901	-72
-32	187	3983	45	973	15
9	107	3843	35	1139	28
-73	153	3833	51	1289	76
-225	61	3881	119	1417	71
-398	-33	3971	145	1552	-9
-518	-75	4059	133	1565	-78
-506	-167	4115	100	1514	-154
-386	-173	4028	106	1482	-261
-364	-152	3995	135	1501	-295
-410	7	3987	110	1552	-233
-455	46	4043	71	1634	-125
-465	116	4031	41	1702	-109
-597	206	4057	9	1726	-111
-596	279	3989	11	1664	5
-679	177	3863	39	1680	78
-747	117	3764	38	1859	70
-820	47	3759	36	2058	52
-827	146	3526	94	2476	74
-994	130	3660	176	2834	120
-1320	105	3538	285	3176	217
-1605	-42	3241	383	3498	167
-2041	182	3443	419	4256	56
-2728	244	4168	409	4634	24
-3379	-39	4589	358	4438	-22
-3977	-154	4714	257	4237	-444
-4524	-7	5485	163	4135	-874
-4727	36	5951	6	3164	-961
-4276	508	5047	-15	2049	-745
-3783	434	3955	34	1595	-181
-3364	379	3075	85	1719	51
-3199	273	2520	175	2405	140
-3483	92	2669	204	3100	47
-3709	152	3123	169	3242	-176
-3489	282	3184	84	3473	97
-3740	255	4036	-49	3156	188
-3659	424	4443	-134	2212	224
-3392	258	4519	-174	892	298
-3076	172	4078	-196	-350	257
-2836	90	3334	-222	-1394	277
-2532	104	2427	-191	-1977	285
-2359	159	1822	-133	-2193	401
-2231	251	1426	-117	-2079	504
-2258	258	1326	-121	-1840	571
-2264	95	1371	-148	-1652	452
-2306	85	1518	-172	-1502	139
-2423	156	1796	-213	-1423	-79
-2464	215	2060	-247	-1389	-83
-2463	258	2301	-256	-1404	8
-2480	218	2453	-209	-1438	43
-2538	226	2604	-180	-1520	36
-2511	293	2696	-151	-1689	119
-2500	324	2780	-160	-1820	180
-2539	276	2707	-200	-2008	272
-2470	262	2515	-183	-2099	300
-2387	244	2358	-190	-1936	314
-2332	157	2395	-187	-1667	314
-2359	152	2574	-192	-1455	285
-2283	180	2803	-129	-1275	263
-2376	146	3169	-238	-1322	230
-2318	138	3103	-223	-1503	137
-2266	177	2947	-188	-1510	102
-2203	178	2874	-177	-1397	105
-2118	157	2900	-164	-1199	47
-2052	160	3032	-143	-998	-10
-2101	124	3174	-117	-940	-61
-2038	204	3218	-96	-883	-19
-2036	146	3288	-89	-821	33
-1970	101	3308	-68	-780	-4
-1898	109	3343	-36	-735	-66
-1882	140	3351	-2	-682	-79
-1864	168	3404	8	-620	-58
-1856	163	3448	22	-552	-59
-1819	118	3505	36	-540	-99
-1768	111	3526	46	-515	-140
-1818	104	3534	43	-483	-184
-1770	153	3460	41	-454	-181
-1742	157	3414	36	-334	-144
-1704	176	3502	46	-227	-127
-1716	150	3560	48	-188	-125
-1729	150	3562	42	-163	-134
-1724	185	3615	33	-132	-109
-1719	174	3602	38	-107	-85
-1729	148	3621	35	-74	-96
-1722	160	3630	32	-71	-84
-1734	173	3596	1	-68	-97
-1752	183	3624	-8	-53	-105
-1789	231	3659	-19	-44	-57
-1778	231	3707	-43	-85	9
-1718	203	3687	-41	-118	34
-1687	201	3651	-48	-116	25
-1720	162	3615	-40	-84	50
-1747	136	3670	-41	-58	62
-1775	147	3679	-38	-67	63
-1765	142	3678	-40	-97	77
-1685	143	3635	-35	-101	79
-1662	160	3589	-31	-43	94
-1709	142	3600	-35	24	92
-1741	109	3678	-36	41	83
-1732	117	3708	-44	24	76
-1685	99	3687	-49	17	58
-1661	53	3667	-40	33	23
-1670	60	3722	-23	42	-19
-1678	20	3722	-12	35	-56
-1687	52	3753	-2	7	-94
-1679	46	3811	14	-24	-137
169	135	4070	47	202	-41
167	150	4016	32	237	-31
152	159	4009	28	315	-21
79	159	4057	19	389	-20
67	156	4128	18	385	-47
45	150	4172	12	309	-60
43	147	4134	14	260	-56
49	150	4072	7	274	-40
53	153	4083	2	289	-5
47	146	4107	-3	302	6
27	148	4109	-3	299	16
8	127	4132	7	289	4
-16	129	4151	9	270	-8
-28	134	4195	-3	238	2
-47	173	4252	-24	139	22
-44	152	4164	-33	29	29
-16	113	3990	-40	9	4
13	107	3910	-35	136	10
2	120	3917	-28	265	-6
-40	134	3979	-23	384	24
-48	132	4060	-26	446	23
-81	128	4059	-32	449	21
-77	114	4046	-36	465	22
-80	116	3994	-42	504	36
-85	71	4002	-54	568	30
-98	14	3982	-76	643	-50
-52	111	3860	-108	786	-174
-137	148	3814	-161	996	-221
-188	102	3857	-167	1156	-238
-240	196	3950	-200	1286	-205
-335	209	4122	-232	1284	-206
-359	173	4079	-200	1186	-203
-375	123	3952	-158	1208	-183
-378	52	3877	-105	1294	-148
-371	25	3861	-79	1427	-109
-413	8	3913	-62	1550	-52
-437	-3	3931	-58	1613	-4
-493	-32	3922	-48	1697	42
-511	3	3939	-49	1771	28
-585	30	3905	-38	1830	65
-675	25	3824	-26	1933	91
-775	-9	3711	5	2166	68
-915	-50	3767	65	2383	4
-1060	-52	3732	174	2572	52
-1053	-45	3672	252	2715	87
-1148	103	3569	345	3012	325
-1443	140	3258	329	3435	590
-1728	63	3284	176	4053	644
-2200	31	4152	192	4556	506
-2896	-121	4594	494	4835	463
-4282	82	5227	635	4631	-227
-5224	218	5834	439	4123	-635
-5212	253	6051	142	2959	-490
-4610	438	5121	-104	2016	-224
-3925	470	3850	-281	1475	-27
-3117	376	2749	-271	1690	4
-2863	378	2507	-78	2558	96
-3197	304	3119	9	3255	210
-3586	123	3979	-34	3228	186
-3813	89	4590	-111	2567	181
-3694	17	4852	-127	1572	262
-3361	-50	4736	-72	435	277
-3012	-40	4200	-10	-757	250
-2656	23	3287	-12	-1811	340
-2272	123	2348	-17	-2455	467
-1990	274	1715	-17	-2581	557
-1847	329	1248	-22	-2441	605
-1728	184	903	-89	-2042	416
-1760	139	821	-195	-1484	61
-1976	102	1167	-217	-929	-197
-2237	171	1856	-161	-588	-250
-2459	117	2469	-136	-572	-109
-2653	49	2927	-102	-693	-94
-2696	142	3254	-70	-953	-158
-2772	244	3455	-55	-1481	-160
-2730	331	3316	-87	-2027	-184
-2607	340	2947	-133	-2348	-143
-2283	264	2471	-149	-2357	-85
-2009	222	2173	-151	-1966	-59
-2008	226	2210	-133	-1442	65
-2084	214	2463	-110	-1106	204
-2162	245	2802	-130	-979	265
-2271	264	3077	-171	-1020	234
-2230	250	3108	-140	-1129	241
-2179	196	3151	-130	-1173	193
-2139	160	3121	-98	-1158	147
-2113	161	3114	-79	-1132	136
-2058	114	3070	-41	-1045	114
-2004	105	3121	-15	-953	36
-2009	86	3230	-13	-803	-57
-2028	-2	3334	-7	-695	-201
-2050	-73	3444	40	-698	-368
-1974	-27	3380	119	-765	-443
-1917	11	3234	213	-700	-440
-1825	36	3227	260	-620	-505
-1816	84	3226	287	-535	-619
-1775	174	3263	282	-448	-644
-1834	188	3431	263	-376	-651
-1840	236	3553	248	-354	-643
-1850	232	3675	230	-421	-621
-1826	211	3706	229	-456	-615
-1801	211	3690	226	-498	-613
-1751	228	3643	213	-558	-562
-1681	250	3577	181	-536	-514
-1645	293	3614	153	-496	-442
-1601	311	3604	112	-440	-366
-1689	282	3637	92	-346	-271
-1694	228	3659	54	-362	-218
-1647	193	3561	19	-352	-168
-1635	147	3499	-14	-265	-138
-1626	172	3545	-29	-176	-99
-1636	166	3563	-24	-91	-43
-1637	138	3640	-12	-33	-8
-1648	149	3695	-17	-20	28
-1640	144	3676	-34	-17	48
-1616	113	3721	-36	-1	36
-1656	96	3742	-27	-13	35
-1663	55	3730	-13	-22	25
-1637	64	3728	-1	-26	24
-1601	33	3702	7	-39	4
-1591	19	3714	14	-31	-17
-1575	0	3772	25	-37	-53
-1556	42	3767	32	-53	-74
-1569	105	3705	23	-57	-91
-1574	121	3665	15	-35	-97
-1567	159	3677	16	21	-96
-1561	164	3732	22	41	-60
-1548	187	3757	17	65	-46
-1577	214	3782	16	50	-30
-1560	175	3825	12	-2	-35
-150	-13	4201	17	493	48
-180	30	4184	31	434	47
-218	56	4162	36	390	72
-220	74	4102	37	379	100
-238	66	4059	41	393	131
-264	63	4021	40	416	139
-321	5	4048	37	460	121
-360	24	4064	36	466	100
-385	17	4114	41	434	82
-407	34	4091	53	397	59
-409	66	4102	64	366	56
-427	54	4045	68	375	70
-444	66	4035	67	416	57
-457	75	4052	64	411	52
-485	96	4041	41	389	58
-508	130	4067	32	352	87
-497	19	4056	38	337	90
-508	3	4102	51	348	19
-511	60	4129	57	320	16
-478	79	4128	65	278	25
-479	83	4069	64	249	23
-491	96	4069	55	230	17
-484	81	4053	42	227	16
-452	83	3998	39	225	19
-413	77	3957	42	268	20
-400	89	3870	53	356	8
-422	130	3861	53	512	3
-505	74	3922	57	657	-13
-560	54	3947	51	735	-42
-572	19	3986	68	843	-10
-575	-1	4020	77	857	24
-541	38	3952	71	855	52
-538	69	3959	62	874	28
-542	75	3924	60	914	-9
-595	119	3922	80	1004	-47
-595	130	3925	115	1107	-77
-635	145	3917	141	1111	-100
-654	155	3830	130	1161	-132
-690	190	3716	136	1302	-146
-781	158	3686	155	1572	-108
-784	110	3681	156	1842	-157
-893	172	3721	143	2113	-221
-904	239	3693	139	2406	-64
-1089	259	3840	134	2623	2
-1387	201	3787	121	2715	57
-1530	113	3518	89	3113	-32
-1763	18	3571	93	3554	-79
-2105	-10	3694	267	4033	-123
-2910	115	4168	320	4435	-309
-3646	390	4554	190	4396	-341
-4293	284	5159	121	4428	-383
-4613	171	5661	41	3631	-352
-4294	-17	5227	-37	2439	-386
-3740	-7	4154	-115	1649	-509
-3282	242	3047	-114	1750	-432
-3232	408	2587	-23	2355	-245
-3318	269	2514	137	2951	-58
-3472	158	2853	213	3352	-123
-3682	64	3365	168	3454	11
-3801	100	3941	60	2934	40
-3566	176	3946	-45	2118	134
-3300	67	3764	-122	1334	45
-3077	136	3521	-145	544	-24
-2982	193	3237	-127	-208	36
-2861	167	2800	-169	-856	2
-2731	187	2337	-193	-1178	-55
-2657	275	2099	-178	-1176	-43
-2730	218	2140	-120	-1199	163
-2793	61	2347	-34	-1349	217
-2919	43	2493	19	-1614	217
-2852	2	2364	-1	-2069	128
-2701	114	1933	-45	-2473	25
-2517	160	1641	-81	-2440	23
-2346	170	1663	-128	-2070	5
-2279	206	1818	-152	-1594	-5
-2383	262	2173	-170	-1208	12
-2449	272	2657	-153	-1058	106
-2652	266	3159	-145	-1268	125
-2714	292	3379	-201	-1798	265
-2592	262	3050	-239	-2276	328
-2347	170	2539	-262	-2374	277
-2184	148	2173	-248	-2176	252
-2058	207	2066	-227	-1773	308
-2110	170	2287	-183	-1297	406
-2222	121	2603	-140	-1061	407
-2301	119	2985	-156	-967	345
-2463	148	3256	-180	-1053	236
-2456	99	3429	-309	-1198	149
-2278	99	3142	-249	-1465	178
-2148	133	2919	-212	-1375	197
-2088	110	2887	-194	-1147	173
-2068	123	3014	-170	-930	141
-2077	79	3199	-159	-843	143
-2072	74	3260	-169	-832	154
-2096	46	3282	-186	-850	144
-1935	12	3175	-141	-844	90
-1892	82	3267	-105	-720	96
-1919	68	3365	-106	-638	112
-1939	44	3446	-92	-640	67
-1933	45	3415	-83	-582	34
-1925	-3	3470	-62	-554	2
-1844	-59	3549	-44	-565	-81
-1765	-99	3546	-9	-594	-158
-1719	-84	3542	28	-566	-208
-1669	-58	3527	89	-513	-260
-1703	-46	3545	128	-420	-293
-1761	-21	3616	152	-332	-331
-1755	3	3581	162	-310	-371
-1802	49	3591	168	-271	-384
-1770	95	3573	158	-280	-389
-1717	172	3530	141	-274	-377
-1748	143	3476	118	-223	-371
-1792	204	3529	87	-140	-361
-1740	181	3569	77	-90	-306
-1724	140	3625	65	-7	-299
-1765	88	3714	48	-2	-324
-1731	67	3744	49	-61	-345
-1712	64	3739	48	-109	-358
-1695	88	3719	46	-129	-340
-1649	117	3690	40	-127	-299
-1658	148	3650	32	-104	-251
-1647	134	3618	28	-58	-178
-1631	101	3637	12	-15	-126
-1622	60	3712	3	-4	-109
-1633	53	3733	-6	-15	-101
-1618	38	3750	-7	-28	-112
-1607	20	3764	1	-31	-114
-1597	-33	3776	4	-40	-136
-1581	-16	3743	12	-68	-152
-1545	-2	3735	21	-67	-171
568	-116	4093	8	-7	3
579	-127	4079	-2	-22	-1
586	-134	4071	0	-32	-8
585	-120	4060	6	-24	-10
605	-127	4049	9	-4	-12
594	-103	4039	12	20	0
579	-113	4052	16	37	7
560	-96	4111	23	25	5
543	-115	4123	17	-14	-11
564	-121	4068	8	-37	-25
576	-145	4059	9	-45	-45
568	-127	3990	10	-20	-43
526	-112	4037	26	44	-36
484	-112	4127	20	39	-33
507	-136	4175	13	-41	-18
579	-152	4030	18	-115	-18
640	-160	3841	34	-33	22
677	-181	3661	26	155	14
703	-202	3656	69	436	-40
697	-155	3702	89	617	-115
694	-85	3702	100	844	-136
629	-37	3751	114	1098	-140
551	-6	3876	103	1311	-179
423	66	4019	64	1397	-163
371	76	4141	45	1394	-109
319	-2	4200	44	1330	-82
309	-121	4152	23	1253	-127
300	-201	4072	-9	1264	-221
294	-206	4002	-12	1350	-268
245	-224	3945	-23	1454	-288
219	-215	3852	-44	1633	-322
64	-184	3858	-56	1857	-369
-65	-56	3933	-70	2013	-432
-81	6	3988	-41	2056	-432
-137	14	3963	10	2047	-426
-195	16	3901	44	2094	-394
-213	-103	3824	3	2236	-373
-333	-132	3732	-64	2423	-373
-402	-243	3652	-84	2735	-375
-592	-183	3772	-88	3024	-412
-736	-142	3853	-95	3166	-376
-730	36	3818	-83	3194	-211
-845	-12	3672	-44	3232	-5
-1173	-135	3632	79	3396	300
-1245	-132	3654	164	3356	519
-1469	-92	3337	218	3548	711
-1657	94	3156	214	4077	875
-2099	282	3834	55	4704	929
-2684	301	4754	55	4513	895
-3524	-209	4729	177	4260	599
-4330	-260	5239	131	3831	36
-4565	-182	5217	128	3185	-124
-4327	-12	4678	-19	2256	-57
-3911	364	3748	-161	1768	34
-3481	333	2890	-201	2017	119
-3289	189	2477	-142	2522	233
-3390	63	2541	-98	2890	241
-3577	35	2742	-132	3170	128
-3712	119	2986	-182	3190	50
-3787	79	3244	-226	2893	-57
-3771	108	3323	-245	2450	73
-3681	33	3237	-265	1956	120
-3645	-59	3070	-221	1476	177
-3528	-94	2823	-156	1126	224
-3421	-133	2711	-145	902	119
-3399	-14	2706	-77	669	233
-3330	-114	2793	-22	278	398
-3212	-18	2771	37	-159	431
-3070	-19	2714	71	-669	401
-3024	48	2524	72	-1240	420
-2943	47	2155	68	-1687	390
-2847	83	1806	111	-1799	451
-2816	10	1647	173	-1745	532
-2855	61	1598	139	-1700	358
-2888	159	1511	83	-1719	232
-2832	175	1517	22	-1571	85
-2880	170	1780	-17	-1371	22
-2867	161	2033	-56	-1265	75
-2822	137	2288	-67	-1181	186
-2800	34	2559	-39	-1226	160
-2783	12	2709	56	-1353	68
-2834	5	2814	71	-1591	-23
-2825	103	2805	30	-1890	-84
-2729	197	2608	-2	-2061	-24
-2540	180	2346	-22	-2031	-21
-2419	183	2189	-22	-1790	-7
-2385	222	2215	-23	-1477	57
-2425	227	2493	6	-1225	93
-2540	227	2804	-8	-1201	166
-2517	170	2894	-33	-1264	160
-2519	145	2911	-62	-1341	124
-2460	110	2866	-72	-1335	93
-2383	75	2827	-62	-1254	11
-2304	106	2860	-64	-1150	-81
-2307	190	3032	-30	-1045	-59
-2287	224	3124	-6	-1076	-15
-2259	168	3120	-2	-1058	-62
-2225	166	3172	13	-1019	-147
-2242	153	3210	35	-1000	-186
-2212	177	3196	48	-993	-226
-2123	102	3167	72	-959	-240
-2029	30	3096	103	-870	-318
-2025	107	3159	137	-691	-340
-2044	122	3310	163	-593	-365
-2025	182	3403	172	-600	-385
-2024	204	3405	188	-574	-366
-2006	150	3422	210	-538	-391
-1979	146	3440	211	-520	-404
-1956	142	3479	188	-468	-459
-1952	176	3536	167	-496	-482
-1926	212	3512	150	-515	-461
-1884	219	3483	129	-499	-407
-1875	233	3470	112	-476	-337
-1860	236	3440	76	-421	-283
-1813	229	3483	32	-382	-249
-1824	270	3493	2	-345	-181
-1860	255	3550	-28	-321	-121
-1886	212	3571	-52	-329	-93
-1874	139	3552	-40	-341	-65
-1898	81	3563	-24	-345	-66
-1823	127	3516	-25	-356	-52
-1841	120	3534	-16	-295	-47
-1798	131	3597	5	-242	-48
-1827	188	3638	13	-227	-42
-1845	195	3639	4	-238	-15
-1804	187	3609	-1	-248	2
-1777	158	3600	-1	-204	-18
-1798	141	3611	1	-173	-12
-1807	166	3637	10	-186	-10
-1825	142	3616	13	-187	-24
327	12	4127	-12	-50	55
424	7	4086	-23	-85	31
546	9	4005	-21	-77	5
661	-16	3904	-16	27	-16
623	-46	3898	-11	214	-28
503	-68	3945	6	350	-16
370	-71	4024	23	425	8
230	-50	4099	32	460	7
114	-21	4156	15	423	17
100	-5	4126	16	356	53
151	3	4071	18	315	61
298	8	3977	14	333	55
350	13	3879	5	469	22
313	18	3886	4	660	-27
194	29	3966	3	803	-82
68	73	4022	10	884	-83
-62	69	4115	14	886	-57
-143	31	4173	17	834	-39
-189	16	4170	25	768	-28
-208	17	4160	24	678	-18
-205	6	4077	44	622	21
-146	-94	3992	91	761	34
-101	-19	4001	103	862	33
-28	-84	3892	121	1001	64
56	39	3780	150	1206	35
-2	38	3726	176	1477	102
-62	-15	3707	184	1766	66
-286	6	3900	153	1892	49
-474	198	4015	84	1867	-15
-532	231	4112	59	1765	42
-563	209	4164	78	1595	127
-537	150	4226	113	1467	193
-556	33	4228	106	1351	197
-543	-78	4143	86	1305	174
-528	-128	4033	103	1335	98
-635	-34	3953	119	1418	11
-717	-31	3858	128	1500	-49
-761	59	3743	162	1651	-79
-848	22	3677	208	1840	-102
-982	106	3653	248	2015	-82
-1051	59	3692	305	2183	-57
-1296	109	3762	336	2353	-156
-1465	98	3649	352	2541	-100
-1616	138	3451	326	2845	-168
-1749	1	3404	352	3328	-59
-2177	57	3564	315	3561	-145
-2358	367	3702	255	3724	-86
-2681	471	4151	172	3812	-17
-3065	339	4708	-9	3616	-158
-3742	296	5030	-61	3855	-416
-4622	181	5901	0	3762	-635
-4425	176	5732	-31	2516	-649
-3635	320	4262	-122	1879	-490
-3277	357	3456	-159	2023	-351
-3372	257	3095	-54	2304	-183
-3583	233	2886	46	2660	-96
-3717	133	3044	104	2916	-55
-3819	88	3224	141	3005	-105
-3663	110	3477	105	2853	-131
-3500	106	3604	5	2429	-113
-3406	42	3793	-37	1807	-53
-3229	-21	3805	-71	819	-84
-3000	168	3655	-115	-207	-62
-2769	75	3173	-142	-1099	-15
-2620	152	2506	-136	-1619	-84
-2554	230	2030	-103	-1828	89
-2616	255	1847	-83	-1836	237
-2597	418	1927	-81	-1735	370
-2593	299	2075	-67	-1800	616
-2527	72	2121	-90	-1964	548
-2478	55	2091	-119	-2156	347
-2454	88	1981	-166	-2230	294
-2356	78	1910	-182	-2088	270
-2362	-30	2014	-156	-1845	85
-2344	-25	2250	-121	-1655	-127
-2353	114	2500	-116	-1527	-210
-2452	265	2799	-120	-1515	-183
-2506	214	2872	-110	-1713	-110
-2411	148	2815	-84	-1864	-131
-2293	189	2719	-84	-1884	-162
-2344	294	2599	-110	-1864	44
-2247	253	2471	-102	-1693	210
-2220	217	2506	-86	-1428	286
-2209	154	2686	-95	-1204	245
-2207	67	2942	-82	-1070	172
-2333	-12	3324	-174	-1047	47
-2244	94	3193	-145	-1230	-4
-2233	144	3181	-119	-1245	44
-2240	179	3271	-107	-1187	70
-2197	149	3247	-114	-1213	69
-2080	101	3135	-134	-1172	23
-1935	36	3138	-157	-1095	5
-1865	18	3096	-156	-981	63
-1816	-79	3079	-119	-764	76
-1794	-55	3213	-72	-521	18
-1883	6	3441	-36	-417	-44
-1924	49	3502	-33	-441	-66
-1877	69	3483	-43	-482	-83
-1790	-13	3471	-40	-479	-117
-1744	-43	3479	-30	-462	-227
-1710	-79	3512	-1	-421	-291
-1722	-75	3553	27	-330	-331
-1730	-42	3618	63	-297	-357
-1746	-9	3673	95	-293	-387
-1754	30	3697	116	-310	-404
-1707	28	3680	124	-342	-409
-1671	19	3625	125	-355	-407
-1652	35	3579	117	-326	-410
-1620	24	3548	111	-258	-415
-1596	57	3548	117	-160	-404
-1656	44	3555	133	-33	-406
-1721	72	3640	133	10	-384
-1710	55	3700	118	12	-357
-1720	43	3720	96	-30	-377
-1687	43	3676	65	-78	-391
-1693	49	3714	56	-55	-399
-1720	38	3734	42	-93	-392
-1707	34	3720	39	-151	-390
-1679	7	3672	37	-179	-366
-1629	23	3644	44	-176	-349
-1632	35	3636	60	-140	-293
-1610	17	3624	78	-113	-242
-1564	14	3624	87	-52	-203
-1579	32	3717	80	9	-176
-1565	45	3805	72	6	-118
-1537	44	3848	61	-21	-80
-1520	77	3859	40	-46	-20
-1508	49	3848	7	-71	33
-1476	-7	3829	-27	-80	49
-1489	-69	3795	-46	-70	33
840	6	3963	-10	-160	8
870	17	3955	-10	-86	18
872	1	4011	-10	-45	13
840	-2	4040	-5	-73	-12
829	-30	3989	10	-72	-20
823	-29	3969	25	-24	-19
819	-23	3971	22	23	-10
839	-45	3974	22	48	-12
831	-51	3999	15	34	-36
837	-13	3971	11	54	-62
843	7	3975	15	96	-68
865	18	3958	13	135	-62
893	15	3904	15	179	-66
907	41	3805	12	307	-90
811	108	3834	21	516	-104
674	146	3948	24	662	-89
605	87	4023	25	716	-72
581	50	4045	7	706	-69
622	-30	3997	-18	732	-96
612	-20	3903	-33	823	-132
632	-23	3866	-41	929	-137
609	-1	3870	-43	1110	-126
526	-11	3967	-38	1265	-120
493	-14	4063	-33	1317	-138
510	13	4109	-25	1304	-126
512	-18	4028	-16	1309	-113
480	-8	3938	-27	1414	-132
384	28	3867	-34	1575	-146
326	92	3847	-36	1765	-176
207	40	3907	-25	1907	-198
141	65	3985	-3	1968	-189
42	33	3942	7	2008	-142
-73	-87	3928	-17	2148	-162
-189	-81	4008	-44	2228	-226
-296	-48	4021	-5	2208	-229
-362	1	4030	40	2193	-220
-449	31	3996	76	2161	-238
-532	-12	3981	114	2194	-256
-618	-1	3986	138	2269	-271
-709	-5	3962	122	2318	-259
-742	-31	3844	113	2406	-232
-736	48	3743	114	2521	-180
-757	95	3720	85	2642	-193
-880	52	3749	92	2769	-189
-1034	64	3761	121	2964	-133
-1118	107	3430	144	3176	-28
-1366	-59	3252	69	3782	43
-1816	-81	3442	-121	4622	-57
-2515	339	4075	-139	5405	21
-3591	510	4807	-32	5791	190
-5108	257	6055	117	5466	61
-5429	-95	6687	1	3926	-226
-4947	28	5745	-131	2735	4
-4506	-50	4611	-268	1912	106
-3856	115	3393	-294	1454	555
-3190	-81	2561	-136	1707	257
-2980	29	2368	38	2248	88
-3231	119	2729	29	2570	-17
-3504	178	3381	-76	2449	69
-3682	180	4130	-189	1857	205
-3751	70	4581	-250	797	282
-3543	-46	4320	-239	-321	350
-3080	-19	3640	-145	-1076	461
-2734	3	2893	-47	-1545	586
-2401	-23	2099	26	-1749	570
-2130	49	1605	61	-1693	590
-2021	147	1452	121	-1555	656
-2027	128	1464	157	-1476	716
-2116	107	1411	75	-1495	605
-2121	130	1300	-22	-1380	418
-2176	189	1390	-101	-1022	245
-2275	170	1710	-185	-613	252
-2512	33	2247	-257	-313	298
-2743	-41	2835	-234	-261	267
-2854	46	3386	-155	-544	283
-2899	137	3655	-123	-1151	268
-2800	240	3517	-125	-1800	227
-2599	219	2968	-162	-2213	219
-2317	209	2400	-198	-2229	189
-2025	159	2004	-217	-1872	208
-2001	223	2028	-171	-1220	249
-2109	294	2463	-190	-784	314
-2255	349	2978	-189	-625	354
-2380	369	3313	-216	-823	425
-2334	288	3397	-248	-1096	356
-2222	289	3193	-265	-1317	331
-2160	278	2974	-310	-1328	347
-2143	259	2882	-344	-1276	260
-2056	277	2874	-310	-1147	221
-2052	305	2987	-277	-984	215
-2095	276	3147	-261	-852	214
-2116	223	3262	-235	-822	188
-2064	172	3315	-218	-829	106
-1992	168	3319	-205	-774	59
-2004	176	3402	-171	-763	20
-1955	179	3412	-151	-754	-4
-1953	134	3390	-140	-719	-95
-1942	133	3407	-114	-702	-159
-1900	126	3368	-71	-649	-187
-1857	142	3346	-20	-564	-190
-1830	148	3413	37	-454	-185
-1821	161	3472	75	-421	-207
-1810	166	3511	96	-382	-222
-1802	168	3615	109	-354	-225
-1817	162	3694	80	-386	-224
-1791	170	3664	45	-452	-237
-1751	184	3612	36	-452	-225
-1704	151	3545	30	-372	-225
-1672	125	3565	18	-295	-250
-1716	109	3603	5	-255	-264
-1719	69	3635	8	-248	-295
-1715	33	3604	29	-224	-314
-1732	-27	3579	43	-193	-336
-1729	40	3565	56	-140	-361
-1737	115	3589	57	-112	-325
-1747	139	3699	63	-97	-288
-1718	133	3702	58	-134	-255
-1682	146	3665	63	-162	-242
-1684	159	3643	71	-146	-225
-1708	165	3635	70	-125	-204
-1724	167	3642	76	-90	-189
-1705	101	3716	95	-90	-194
-1661	103	3693	107	-112	-213
-1640	84	3669	109	-79	-225
-1649	169	3734	100	-56	-224
-1601	180	3743	99	-47	-184
-1600	197	3718	92	-18	-182
-1631	167	3726	81	-13	-150
-1611	113	3738	81	-23	-145
-1622	95	3749	77	-43	-176
-167	-101	4133	7	34	-4
-171	-89	4128	7	-11	-7
-147	-93	4076	6	-25	-6
-117	-87	4068	6	1	2
-123	-91	4083	6	27	4
-137	-91	4084	6	31	0
-136	-81	4104	3	27	-10
-158	-74	4099	3	27	-13
-148	-87	4107	1	21	-5
-155	-91	4105	2	18	0
-155	-87	4109	7	15	-3
-156	-92	4081	10	2	1
-166	-75	4068	14	-4	-4
-174	-68	4078	4	17	-16
-151	-91	4075	-3	-1	-15
-162	-95	4023	13	33	-11
-164	-101	4055	18	94	-18
-177	-91	4084	16	105	-10
-160	-85	4090	6	108	9
-136	-101	4092	5	119	7
-135	-119	4111	-8	98	-20
-121	-111	3982	-9	110	-25
-85	-221	3956	36	259	-63
-122	-155	3948	28	299	-119
-132	-98	3925	52	422	-104
-131	-63	3924	41	506	-84
-142	4	3885	20	583	-65
-206	44	3836	5	721	5
-257	108	3812	-37	936	41
-326	146	3845	-92	1119	103
-373	93	3890	-140	1248	163
-443	-139	3904	-159	1345	142
-494	-216	3939	-93	1428	2
-519	-244	4034	-18	1456	-46
-538	-161	4068	10	1412	-52
-544	-118	4046	2	1395	-20
-532	-88	4039	-9	1387	7
-509	-95	4011	-11	1341	19
-474	-122	3924	12	1341	-16
-451	-47	3845	23	1448	-1
-456	-53	3806	17	1636	76
-481	-58	3787	-5	1786	91
-510	-144	3703	-5	1971	47
-592	-131	3707	39	2196	60
-651	-71	3763	96	2411	109
-757	-12	3788	126	2730	178
-1063	123	3470	274	3159	523
-1392	-25	3088	352	4073	709
-2002	-58	3549	347	5039	694
-3161	-229	4828	534	5495	557
-4222	-300	5539	722	5297	123
-4910	279	6277	663	4928	-179
-4835	542	6372	500	3750	35
-4374	354	5423	184	2701	246
-3940	-11	4432	44	2182	314
-3715	-76	3631	22	2058	185
-3597	152	3065	2	2255	116
-3529	174	2920	29	2602	115
-3549	170	3170	18	2783	109
-3520	119	3416	47	2539	181
-3353	-12	3479	88	1950	182
-3099	-66	3325	76	1198	44
-2848	61	3074	51	341	21
-2565	64	2632	68	-417	115
-2319	29	2066	97	-842	83
-2229	189	1659	91	-957	23
-2241	393	1402	22	-868	124
-2470	353	1512	-69	-762	184
-2551	220	1711	-122	-692	157
-2757	103	2137	-157	-711	97
-2830	46	2439	-191	-930	-38
-2810	29	2523	-160	-1111	-103
-2777	-11	2624	-68	-1204	-166
-2772	124	2727	0	-1415	-156
-2760	263	2685	32	-1654	-77
-2692	397	2478	20	-1861	62
-2573	367	2185	-16	-1890	109
-2454	380	2013	-40	-1694	96
-2426	361	2026	-65	-1398	146
-2493	314	2151	-127	-1191	226
-2514	328	2330	-192	-1048	362
-2606	238	2600	-204	-1006	404
-2651	236	2740	-226	-1157	439
-2623	158	2693	-206	-1240	481
-2624	98	2717	-163	-1217	381
-2465	145	2607	-133	-1188	310
-2456	156	2638	-152	-1025	262
-2469	181	2711	-182	-938	240
-2526	234	2864	-187	-885	280
-2518	161	2906	-183	-911	272
-2476	142	2878	-154	-918	188
-2378	159	2787	-133	-857	179
-2280	161	2833	-122	-657	167
-2299	118	3014	-67	-535	145
-2313	161	3093	-15	-490	131
-2370	158	3213	14	-461	139
-2338	153	3245	24	-461	103
-2240	122	3274	26	-477	20
-2172	109	3282	32	-472	-86
-2150	139	3300	44	-464	-170
-2183	185	3323	63	-444	-199
-2194	252	3355	82	-434	-176
-2160	260	3343	96	-386	-143
-2118	275	3337	103	-322	-159
-2094	263	3362	110	-304	-198
-2114	240	3366	111	-297	-270
-2083	235	3314	130	-304	-313
-2069	278	3258	140	-236	-297
-2112	308	3346	136	-162	-265
-2128	346	3408	135	-172	-217
-2101	312	3430	117	-156	-186
-2054	326	3458	90	-150	-177
-2037	281	3476	61	-157	-143
-2026	253	3487	40	-154	-148
-2028	199	3525	23	-161	-134
-2032	172	3551	17	-179	-107
-2023	150	3537	14	-213	-121
-2004	138	3520	19	-205	-145
-1985	169	3484	22	-176	-146
-1935	195	3440	26	-137	-120
-1942	194	3481	21	-102	-96
-1973	176	3505	18	-96	-100
-1998	163	3534	7	-100	-112
-1966	152	3564	1	-105	-143
-1950	137	3571	0	-130	-173
-1944	158	3568	25	-151	-177
-1906	164	3541	45	-151	-151
-1902	143	3549	49	-133	-130
-1919	143	3589	54	-137	-133
-1907	130	3596	53	-159	-143
