-1565	39	3772	4	58	105
-1549	36	3733	-1	11	103
-1526	33	3693	3	15	92
-1397	-36	3743	212	80	-100
-1397	-36	3743	212	80	-100
-1397	-36	3743	212	80	-100
-1397	-36	3743	212	80	-100
-1397	-36	3743	212	80	-100
-1397	-36	3743	212	80	-100
-1397	-36	3743	212	80	-100
-1383	30	3756	226	111	-148
-1432	111	3817	235	131	-146
-1428	145	3863	235	135	-140
-1470	217	3887	214	111	-113
-1565	343	3800	196	40	-16
-1577	373	3602	181	21	111
-1468	204	3485	156	122	92
-1407	3	3663	146	249	-70
-1496	-175	3955	212	246	-269
-1616	-97	4201	325	133	-432
-1541	219	4147	452	-48	-410
-1418	427	3975	524	-175	-252
-1346	486	3792	554	-185	-195
-1362	543	3673	521	-161	-128
-1350	417	3487	450	-68	-90
-1384	380	3455	417	129	-100
-1462	391	3517	412	270	-73
-1489	403	3526	419	339	-30
-1483	452	3593	385	373	-27
-1468	493	3627	359	423	-18
-1435	553	3794	332	475	10
-1377	408	3909	332	437	5
-1345	358	3980	376	402	-49
-1263	260	3907	366	258	-129
-1225	288	3841	439	282	-178
-1218	283	3889	471	153	-263
-1057	354	3691	474	75	-305
-919	438	3551	445	265	-331
-980	556	3729	418	377	-287
-1051	620	3814	358	310	-255
-1018	646	3770	259	189	-222
-854	634	3709	108	115	-185
-875	654	3645	-36	75	-180
-891	660	3720	-215	159	-194
-1078	432	4118	-240	332	-235
-1394	51	4558	-66	245	-445
-1539	-312	4762	132	-3	-750
-1529	-341	4945	337	-37	-1081
-1538	115	5149	620	194	-895
-1955	535	5621	761	698	-722
-3041	1755	5760	666	1017	-126
-3761	1320	6155	732	1521	68
-5146	444	6586	476	735	-248
-4958	-621	4537	-101	-369	-1250
-3423	-520	3102	-273	-614	-1728
-2284	185	2249	-360	-478	-1664
-1672	1473	1868	-495	371	-1466
-1439	2112	2336	-752	1485	-682
-1949	1691	3188	-1009	1791	345
-2114	517	3473	-1129	1191	783
-2005	-199	3566	-1219	591	371
-1717	-698	3463	-1270	-137	-201
-1380	-841	2982	-1321	-998	-763
-1107	-509	2370	-1264	-1317	-1025
-970	-320	1773	-1188	-1312	-997
-870	-131	1609	-1168	-812	-1156
-811	206	1828	-949	-33	-975
-1237	70	2822	-726	661	-795
-1763	-280	3956	-815	563	-816
-1893	-735	4581	-848	102	-883
-1789	-773	4876	-841	-648	-919
-1767	-618	4716	-764	-1326	-702
-1814	-640	4239	-578	-1742	-485
-1768	-750	3733	-333	-1695	-445
-1555	-509	3508	-167	-1025	-337
-1811	-153	3589	127	-98	243
-2689	-6	3756	124	508	733
-3401	-582	3998	23	1157	905
-2756	-469	4490	-87	679	927
-2687	180	3469	90	-495	1242
-3087	117	2047	476	-773	1793
-2499	18	1901	714	-101	1792
-2167	98	2408	499	448	1595
-1987	-18	3504	302	1102	1231
-2264	-396	4527	320	904	947
-2633	-346	4352	434	451	568
-2713	-33	3761	417	-128	725
-2174	238	3018	371	-201	934
-1800	289	2747	361	333	1331
-1579	233	2928	478	904	1557
-1558	330	3246	578	969	1779
-1722	290	3378	545	493	1742
-1676	407	3319	482	9	1601
-1527	434	3282	351	-331	1405
-1344	464	3272	307	-512	1301
-1277	237	3244	229	-587	1045
-1262	119	3377	117	-624	616
-1345	216	3564	76	-682	403
-1652	183	3732	-2	-739	387
-1759	256	3818	-95	-778	134
-1934	520	4111	-200	-662	-27
-2768	998	4489	-250	-250	45
-3371	347	4773	50	159	-54
-3463	-58	4521	529	366	-329
-3422	-550	4133	499	43	-838
-3165	-797	3296	156	-585	-1109
-2343	-323	2956	-290	-517	-1461
-1973	576	3276	-647	-415	-1366
-1578	1278	3243	-810	-293	-814
-1307	1609	3115	-861	161	0
-2045	1219	3416	-880	481	828
-2156	309	3502	-887	189	1026
-1887	-173	3401	-1040	-93	589
-1577	-537	3139	-1068	-358	287
-1349	-891	2711	-1029	-670	-38
-1061	-1019	2178	-988	-691	-459
-917	-944	1925	-911	-287	-919
-869	-382	2041	-719	208	-1116
-877	30	2656	-590	713	-1010
-1143	94	3554	-456	935	-881
-1499	168	4480	-490	524	-830
-1544	24	4819	-550	-295	-516
-1424	-443	4462	-551	-767	-343
-1309	-1146	4306	-521	-794	-610
-1608	-921	4407	-310	-566	-966
-1722	-287	4597	19	-325	-647
-1797	371	4804	269	-63	-55
-2763	444	4358	277	48	323
-2959	-606	3689	-22	382	408
-2316	-906	4028	-186	1163	289
-1541	-203	3754	-103	349	-134
-1676	-427	3900	-156	394	-231
-1633	-590	4044	-176	252	-499
-1546	-592	4053	-191	86	-779
-1489	-421	3956	-162	-65	-880
-1342	-148	3722	-128	-90	-888
-1254	-26	3549	-88	5	-806
-1197	9	3450	-115	214	-744
-1244	5	3526	-140	479	-618
-1282	43	3795	-89	573	-467
-1324	-81	4029	12	499	-365
-1130	-128	4199	130	287	-336
-962	-75	4170	199	55	-234
-915	-56	4058	238	-156	-131
-848	-77	3879	279	-295	-95
-884	-121	3687	313	-349	-138
-951	-134	3553	352	-310	-139
-1145	-110	3585	383	-288	-144
-1380	-98	3729	244	-80	-157
-1597	-145	4082	-19	236	-247
-1668	-169	4298	-248	22	-215
-2052	-416	4207	-363	-356	-313
-2143	-291	3983	-368	-606	-341
-2100	24	3605	-248	-492	30
-1620	400	3086	-6	-138	724
-1379	411	2679	240	564	963
-1670	151	3330	348	1136	857
-1977	-128	4004	313	943	434
-1890	-23	4157	338	722	217
-1742	326	4236	450	567	176
-1560	439	4000	573	385	309
-1452	375	3925	650	542	467
-1446	114	4057	730	497	457
-1221	79	4094	758	185	353
-1047	162	3835	682	-65	219
-980	413	3556	547	-235	62
-802	559	3280	375	-187	9
-844	568	3351	272	95	-39
-952	350	3664	255	212	3
-957	229	3862	222	77	-111
-920	247	3982	95	-166	-231
-745	236	3927	-36	-314	-315
-707	248	3990	-184	-453	-375
-509	265	3836	-240	-639	-383
-419	428	3671	-167	-574	-230
-480	499	3699	-49	-403	-194
-562	600	3931	62	-276	-75
-1088	463	4106	194	-89	-127
-1530	126	4175	286	244	-426
-1876	-148	4616	320	1095	-910
-2960	898	6155	43	1665	-1077
-3719	2247	7179	58	1770	47
-4156	1429	8562	896	934	762
-3740	787	6157	600	-1203	768
-3325	-538	2927	-30	-1359	-19
-2125	-750	1516	-410	-709	-1068
-1577	75	1009	-901	302	-1257
-1222	944	1401	-1201	1890	-761
-1669	1153	2759	-1267	3067	70
-2361	708	3971	-1133	2735	621
-2613	65	4321	-903	1743	843
-2465	-377	4372	-831	765	526
-2097	-722	4014	-918	-158	129
-1561	-796	3321	-933	-579	-268
-1195	-460	2724	-992	-524	-588
-979	-450	2329	-991	-294	-780
-901	-451	2263	-996	68	-1061
-1019	-277	2607	-895	378	-1215
-1214	-274	3098	-771	448	-1082
-1434	-335	3594	-710	381	-957
-1412	-205	4055	-616	188	-713
-1474	-228	4339	-494	-80	-531
-1593	-370	4486	-488	-649	-468
-1660	-597	4177	-516	-1130	-404
-1846	-393	3879	-361	-1097	-150
-2074	-162	3576	-130	-741	183
-2754	210	3497	7	-120	592
-2821	-328	3698	-180	1020	1104
-3062	-1190	4643	-439	1526	902
-2712	-616	4758	-420	564	443
-2926	7	4136	268	-503	1167
-3214	-509	3255	779	-1086	1426
-2276	-248	2452	923	-1203	1238
-1451	-262	2040	730	-260	1085
-1632	-435	2690	572	1113	588
-1946	-624	3474	597	1257	154
-2172	-379	4000	801	1005	47
-2306	120	4168	961	266	311
-1917	603	3445	931	-529	646
-1610	692	2584	895	-627	1024
-1286	624	2056	781	-117	1167
-1264	564	2399	684	573	1284
-1345	381	3030	574	510	1261
-1612	188	3529	336	113	1144
-1786	118	3778	288	-690	891
-1533	230	3331	315	-1279	707
-1336	343	2810	396	-1329	658
-1301	139	2567	438	-695	435
-1495	-40	3297	451	-81	55
-1609	2	4263	341	45	-350
-1855	152	4790	233	-179	-425
-1989	584	4946	289	-329	-366
-2069	944	4974	266	-149	-351
-3023	1497	4921	104	-37	-155
-3641	1043	3690	-61	48	78
-3156	26	3894	354	830	-359
-2654	-125	3783	341	-53	-792
-2722	-818	2767	-117	-328	-874
-2106	-834	3103	-597	201	-1418
-2129	-298	4051	-880	-228	-1668
-1665	691	3724	-793	-518	-1435
-1491	1328	3629	-578	-44	-648
-1918	957	3584	-351	76	6
-2134	320	3352	-513	-74	40
-1812	67	3135	-818	-116	-245
-1502	-92	3034	-979	-190	-324
-1153	-345	2704	-1123	-321	-456
-921	-448	2391	-1067	-312	-682
-907	-560	2343	-941	-113	-878
-1113	-537	2672	-820	97	-986
-1238	-491	3048	-734	21	-1003
-1288	-535	3494	-541	2	-997
-1464	-379	3982	-473	-244	-980
-1475	0	4148	-532	-435	-727
-1439	-110	4324	-495	-480	-487
-1495	-204	4448	-369	-637	-279
-1600	-180	4409	-124	-501	91
-1703	-164	4375	153	-304	523
-2627	-536	4063	307	-43	542
-2626	-940	3918	100	527	619
-1430	-70	3572	126	-3	-489
-1345	308	3755	208	2	-252
-1272	461	4011	298	-69	88
-1206	513	4165	410	-270	293
-1086	339	4150	512	-432	380
-1217	82	4006	530	-614	243
-1400	363	3621	440	-142	546
-1400	363	3621	440	-142	546
-1155	324	3934	176	226	524
-1177	197	4278	-198	163	174
-1285	245	4204	-414	-343	-30
-1233	326	3622	-451	-592	12
-1225	289	3174	-368	-341	171
-1295	161	3206	-244	94	289
-1484	-60	3585	-118	312	328
-1610	-212	3945	-125	226	127
-1705	-273	4103	-229	57	-134
-1750	-362	3996	-331	-48	-397
-1600	-485	3642	-418	-119	-651
-1210	-446	3370	-455	56	-878
-961	-192	3380	-431	348	-864
-1010	158	3650	-273	624	-605
-1151	358	4119	-183	789	-210
-1313	319	4742	-322	792	29
-1234	124	4872	-405	271	109
-1205	-101	4481	-526	-313	1
-1005	-349	3842	-664	-437	-165
-861	-409	3490	-701	-277	-369
-781	-148	3301	-569	24	-302
-859	-40	3433	-469	317	-207
-858	87	3612	-390	466	-130
-947	176	3913	-374	495	-55
-1044	279	4243	-409	473	72
-1069	365	4285	-485	203	265
-994	219	4176	-539	-49	410
-815	-117	3935	-593	-197	334
-726	-386	3733	-627	-125	132
-583	-495	3660	-522	80	-73
-698	-450	3818	-391	151	-178
-664	-427	3817	-260	82	-245
-706	-371	3848	-131	-18	-249
-579	-257	3822	-6	-102	-114
-465	-49	3813	67	-70	40
-381	-96	3874	88	-71	167
-419	-194	3877	96	-6	183
-553	-465	3994	47	145	105
-857	-385	4248	-56	430	102
-1160	-357	4618	-217	778	211
-1594	-176	5106	-465	1152	258
-2069	-72	6064	-738	1278	428
-3403	-723	6712	-723	1007	236
-4015	-1650	6960	-812	1184	32
-3260	-854	6650	-758	618	-20
-2778	262	4744	-262	-295	1274
-2738	924	2795	393	-179	2295
-1721	-114	1920	668	80	2559
-1341	-1102	1944	883	573	1753
-1164	-1416	2385	1059	1154	857
-1291	-898	3091	1108	1811	170
-1712	-243	3645	1005	1519	-137
-1883	168	3718	989	774	-128
-1703	741	3514	987	150	218
-1473	1090	3092	961	-238	827
-1279	809	2669	888	-374	1307
-1116	336	2473	781	-132	1378
-1069	-169	2605	733	195	1006
-1344	-145	3028	668	514	550
-1596	220	3473	642	571	437
-1737	545	3926	642	271	550
-1667	773	4020	677	-208	649
-1804	614	3903	692	-552	454
-1554	405	3802	624	-646	56
-1476	281	4221	522	-495	-140
-1724	197	4596	271	-579	-404
-1938	349	4670	113	-752	-582
-2229	792	4615	-23	-770	-728
-2475	959	4188	205	-463	-291
-2916	558	3874	598	262	-601
-2893	-144	3914	564	183	-954
-2889	-169	3423	263	-262	-1293
-2752	-365	3009	-102	-614	-1505
-2092	177	3051	-404	-746	-1422
-1482	892	3133	-626	-468	-1115
-1201	1448	3250	-655	75	-328
-1697	1233	3612	-663	529	512
-2105	693	3803	-773	412	669
-1990	91	3691	-959	-72	377
-1739	-456	3296	-1098	-449	-96
-1395	-703	2867	-1197	-648	-602
-1057	-781	2379	-1271	-664	-1004
-759	-520	1916	-1214	-585	-1181
-660	-145	1625	-1006	-181	-1066
-570	-107	1812	-723	531	-916
-667	126	2648	-523	1106	-924
-998	178	3803	-369	1134	-683
-1314	-1	4751	-355	651	-375
-1516	-262	5307	-496	45	-227
-1603	-597	5461	-625	-564	-364
-1385	-808	4795	-697	-998	-606
-1300	-665	4047	-694	-857	-793
-1622	-235	3765	-519	-391	-595
-2298	-137	3957	26	526	78
-2957	-183	4861	383	1179	610
-3319	-1270	5320	155	1457	780
-2786	-484	5793	36	580	611
-2895	30	4108	398	-952	780
-2617	-133	2508	820	-1507	927
-1819	-524	2039	854	-1005	513
-1792	-583	2185	980	-178	214
-1258	-341	2934	913	1129	-50
-1888	-163	3729	994	1501	-283
-2605	309	4095	1040	1119	-73
-2199	523	3965	1074	609	373
-1859	555	3655	1004	197	648
-1652	581	3179	1030	-15	864
-1253	538	2632	1076	-66	1055
-1069	440	2486	895	183	1016
-926	352	2381	786	190	912
-1042	724	2490	609	466	788
-1355	946	3041	382	473	846
-1653	833	3524	242	182	868
-1703	125	3962	250	-75	590
-1704	-148	4550	254	-352	-5
-1673	149	4754	206	-637	-202
-1604	581	4725	261	-908	279
-1619	843	4341	224	-940	335
-1779	1140	4201	63	-507	170
-3211	959	3315	-373	59	615
-2631	-34	4002	23	1110	-150
-2947	-528	4549	261	1116	-652
-1277	-73	3311	366	-90	-717
-1324	-161	3139	363	42	-820
-1215	-123	3146	340	274	-883
-1075	63	3461	341	567	-757
-1207	284	4097	301	774	-502
-1406	310	4589	272	619	-186
-1341	241	4734	198	195	25
-1266	204	4434	61	-189	148
-1081	32	3941	-93	-286	122
-974	-143	3671	-174	-174	62
-887	-250	3535	-154	-25	21
-901	-211	3546	-53	113	25
-971	-123	3616	80	187	100
-1099	-96	3765	194	189	179
-1315	-143	3813	273	184	199
-1277	-89	3935	260	282	214
-1231	-65	4283	109	324	216
-1477	-71	4486	-48	118	118
-1505	56	4153	-98	-287	144
-1258	191	3555	-138	-405	270
-1165	335	3231	-246	-219	346
-1295	353	3156	-384	16	424
-1498	283	3281	-500	161	448
-1678	203	3462	-436	364	516
-1529	172	3651	-177	691	620
-1287	279	4037	-25	671	651
-1109	323	4267	0	463	681
-1183	350	4427	50	276	594
-1170	449	4343	192	222	558
-1118	473	4292	292	277	583
-1068	440	4145	315	79	542
-1087	525	3878	365	85	564
-974	359	3647	428	246	651
-1008	133	3665	406	442	600
-1000	52	3844	387	469	493
-1024	109	3940	359	344	312
-954	238	3829	262	227	160
-906	553	3793	176	75	148
-854	677	3721	83	8	267
-801	608	3709	-17	48	358
-672	470	3755	-78	100	391
-565	284	3828	-124	122	353
-583	179	3793	-153	90	196
-565	277	3899	-214	206	125
-641	266	4163	-278	224	76
-783	262	4247	-222	60	15
-952	157	4179	-24	22	-84
-1284	182	4114	158	235	-306
-1476	302	4524	199	681	-466
-2199	639	5585	-18	1065	-572
-2862	1686	6644	-57	1337	-414
-3146	1835	7844	564	1144	369
-3333	969	7182	719	-173	586
-3113	95	4572	401	-840	302
-2595	-795	2536	79	-379	-775
-2242	-857	1673	-142	312	-1782
-1941	247	1528	-442	1232	-1939
-1805	997	2345	-691	2150	-1284
-1882	1162	3349	-809	2463	-535
-2260	881	4241	-778	1939	116
-2319	578	4516	-650	880	567
-2013	188	4235	-743	-57	480
-1594	-242	3585	-900	-585	78
-1383	-296	2974	-1076	-755	-330
-944	-141	2365	-1210	-700	-559
-701	90	1978	-1058	-529	-390
-554	-66	1770	-884	-250	-220
-651	-85	1779	-758	82	-165
-904	-3	2228	-640	582	-111
-1348	-142	3197	-565	860	-9
-1525	-590	4256	-489	645	-40
-1916	-796	4917	-496	-44	-108
-1717	-889	5154	-471	-718	-261
-1625	-742	4985	-409	-1405	-462
-1695	-572	4096	-346	-1926	-622
-1549	-182	3174	-209	-1616	-539
-1707	-103	2857	51	-717	-314
-2515	208	3101	356	468	76
-2862	192	3841	356	1742	717
-3311	-255	5944	-40	2185	797
-3430	-407	6256	-538	589	432
-3234	14	4689	-603	-1118	528
-2983	-154	2624	-266	-1899	1033
-1945	-310	1574	206	-939	1106
-1377	-434	1974	722	476	1086
-1888	-357	3270	909	1437	770
-2260	-255	4302	879	1082	553
-2197	-490	4446	905	318	312
-2127	-25	4251	960	-320	241
-1860	465	3587	923	-863	429
-1632	726	2806	875	-919	705
-1434	744	2180	830	-602	1038
-1348	503	1966	818	-45	1234
-1500	266	2407	620	566	1038
-1597	3	3072	486	504	933
-1496	-6	3434	413	167	732
-1525	291	3539	195	-143	418
-1581	531	3697	1	-500	295
-1534	639	3496	-19	-927	242
-1280	658	3054	25	-1038	280
-1153	411	2915	29	-792	217
-1206	211	3236	50	-544	40
-1320	296	3686	34	-396	-13
-1451	215	4068	76	-327	3
-1496	297	4364	35	-207	-200
-2105	864	4467	-83	-146	-133
-2589	955	4719	-21	353	-30
-2888	860	5363	240	1031	152
-3042	510	5353	490	401	280
-3322	-84	4213	190	-166	-364
-2950	-736	3100	-87	-210	-1181
-2222	-623	2811	-384	344	-1995
-1690	254	3306	-527	856	-2195
-1668	1037	4074	-633	974	-1566
-1647	1337	4364	-727	602	-857
-1829	1060	4390	-994	165	-227
-1793	555	3752	-1008	-776	108
-1464	-294	2912	-1097	-1146	-179
-1174	-826	2318	-1117	-1023	-839
-931	-898	1835	-1021	-772	-1140
-943	-895	1574	-902	-292	-1237
-970	-815	1667	-649	245	-1376
-1195	-297	2203	-357	785	-1315
-1346	51	2978	-199	882	-1186
-1409	91	3737	-61	645	-1035
-1649	97	4242	-6	38	-849
-1558	-92	4066	-64	-552	-591
-1318	-300	3720	-37	-684	-414
-1321	-398	3609	-50	-650	-363
-1330	-453	3557	-60	-536	-315
-1295	213	4048	181	426	236
-1295	213	4048	181	426	236
-1295	213	4048	181	426	236
-1305	299	3975	121	218	192
-1206	327	3832	2	112	163
-1084	350	3681	-160	83	100
-925	205	3710	-298	114	4
-832	-6	3840	-380	129	-206
-1196	-56	4162	-476	36	-499
-1617	285	4296	-421	-41	-408
-1507	484	4238	-240	-145	-249
-1177	439	4039	-51	-263	-60
-1184	110	3797	65	-292	-85
-1373	-212	3717	71	-349	-257
-1507	-274	3569	65	-376	-437
-1522	-222	3413	100	-249	-518
-1572	-213	3407	140	-75	-660
-1690	-73	3499	83	399	-842
-1690	-73	3499	83	399	-842
-1582	-118	3777	38	523	-796
-1643	-188	3943	-74	449	-850
-1586	-88	3841	-182	300	-722
-1598	-146	3784	-251	354	-606
-1458	-131	3733	-344	558	-516
-1416	-200	3913	-425	667	-460
-1391	-210	3955	-494	497	-510
-1347	-217	3832	-548	480	-541
-1219	-305	3800	-594	479	-642
-1249	-293	3905	-652	411	-703
-1186	-93	3904	-664	347	-649
-1172	16	3762	-643	326	-417
-1186	30	3908	-613	460	-247
-1220	-19	4151	-566	421	-88
-1179	-94	4220	-609	151	13
-1041	-259	4043	-606	-127	57
-919	-473	3750	-550	-244	-8
-911	-556	3553	-508	-236	-48
-802	-633	3399	-438	-100	-120
-781	-583	3549	-248	181	-143
-801	-524	3857	-78	174	-165
-776	-617	3982	84	-90	-180
-703	-709	3919	260	-341	-242
-624	-536	3876	389	-466	-274
-603	-208	3894	467	-556	-129
-558	62	3852	544	-474	112
-544	-160	3910	553	-275	264
-732	-101	4094	355	92	299
-1143	401	4470	68	614	693
-1626	453	5227	-225	917	1020
-2921	-377	5782	-279	738	814
-3193	-1280	6884	-255	1087	743
-3289	-1586	8504	-709	726	163
-2653	-1096	7468	-818	-1295	50
-2478	-322	3988	-417	-2346	312
-2147	119	1301	107	-1316	1409
-1589	-45	470	595	567	2025
-1558	-359	1205	1038	2550	1924
-2430	-490	3025	1055	3162	1450
-3009	-724	4469	1044	2321	963
-3033	-413	5063	945	1015	607
-2340	-178	4523	817	-410	389
-1617	241	3495	777	-1145	449
-1152	390	2492	759	-1154	811
-782	338	1863	897	-563	1046
-733	73	1943	872	389	1030
-856	-96	2492	794	829	914
-1076	-86	2942	758	701	689
-1266	87	3181	689	447	523
-1349	219	3492	650	84	439
-1301	420	3593	642	-466	367
-1207	636	3450	539	-723	333
-1262	825	3274	442	-843	357
-1229	737	3142	342	-675	349
-1205	472	3332	212	-451	247
-1298	309	3697	107	-368	110
-1534	362	4043	41	-512	34
-1671	470	4230	81	-641	23
-1791	405	4349	152	-602	15
-2028	-116	4498	126	-444	-355
-2384	-106	4728	-48	-158	-933
-2546	456	5071	-13	69	-967
-2943	1325	5893	479	829	-477
-2886	1317	6157	921	-36	25
-2526	787	4186	738	-889	64
-2079	212	2390	206	-769	-650
-2036	-102	1711	-361	66	-1398
-2102	-148	2118	-788	1006	-1891
-1904	165	3111	-744	1452	-1505
-1839	375	3908	-588	1377	-976
-1977	687	4449	-651	1193	-578
-2248	757	4614	-667	178	-391
-2072	402	3961	-711	-588	-339
-1833	-51	3491	-889	-989	-725
-1433	-255	2914	-1017	-1245	-878
-1123	-546	2221	-1044	-1072	-879
-906	-581	1797	-1025	-385	-1124
-960	-377	1854	-920	377	-1317
-1108	-74	2340	-704	708	-1238
-1065	99	2869	-528	642	-1075
-1274	216	3478	-464	345	-897
-1311	-33	3725	-314	-90	-697
-1189	-300	3773	-219	-468	-612
-1140	-579	3787	-123	-633	-538
-1055	-742	3691	-86	-762	-581
-960	-681	3578	-26	-738	-616
-796	-452	3408	59	-584	-603
-830	-362	3463	146	-269	-603
-968	-273	3707	193	119	-559
-1431	-76	4153	93	369	-303
-2192	2	4643	-53	290	118
-2792	-89	4828	-138	50	368
-3068	-988	5183	-85	619	674
-3248	-1262	6499	-36	1172	-23
-3030	-754	5988	126	-268	124
-2710	-506	3892	460	-561	725
-2252	-457	2758	656	-233	758
-1965	83	2231	787	257	626
-1915	-6	2909	884	981	517
-1900	-108	3812	958	1403	9
-2093	-11	4626	1077	1083	21
-2127	-50	4731	1155	238	192
-1976	166	4256	1136	-268	333
-1852	755	3708	1007	-575	715
-1615	817	2931	901	-741	1064
-1178	823	2175	878	-521	1123
-1057	717	1805	754	122	1197
-1046	497	1881	587	819	1289
-1326	377	2364	452	995	1273
-1396	356	2747	383	510	1335
-1445	226	2893	242	-5	1250
-1385	-152	3871	-30	67	17
-1350	-117	3795	-22	1	-20
-1310	-44	3718	-29	-7	-46
-1279	52	3684	-32	49	-14
-1280	114	3747	1	141	65
-1287	66	3815	31	217	133
-1347	-44	3912	44	226	114
-1396	-46	3962	53	131	114
-1373	-132	3866	66	64	126
-1337	-133	3879	102	66	90
-1347	-58	3880	133	15	71
-1386	-26	3829	161	3	61
-1448	4	3759	194	17	43
-1455	58	3707	227	66	70
-1499	135	3702	249	117	182
-1564	223	3697	266	165	315
-1555	338	3587	267	191	428
-1428	295	3560	296	295	510
-1346	163	3788	302	319	398
-1415	-92	3984	278	256	140
-1379	-290	4149	347	244	-164
-1462	-116	4392	513	145	-362
-1391	-20	4173	655	-41	-363
-1308	196	3910	766	-84	-333
-1290	251	3616	841	-44	-323
-1271	363	3457	856	146	-259
-1221	473	3433	828	297	-143
-1200	446	3549	776	417	-137
-1245	388	3730	750	457	-203
-1233	438	3937	704	395	-255
-1245	468	4079	648	226	-308
-1180	486	4063	593	81	-356
-1192	456	4177	523	-71	-406
-1013	541	3873	456	-301	-417
-924	474	3590	368	-225	-396
-880	397	3458	323	-63	-405
-811	388	3450	296	184	-403
-885	500	3556	257	355	-366
-950	625	3784	170	456	-308
-1053	639	4031	70	320	-276
-1005	548	4090	-46	-13	-272
-870	456	3954	-179	-336	-320
-718	504	3668	-301	-555	-326
-543	588	3405	-409	-432	-221
-547	486	3430	-485	-157	-211
-654	336	3821	-472	163	-336
-1067	258	4401	-346	375	-382
-1767	-59	5049	-114	374	-607
-2579	424	5335	54	365	-720
-2428	1142	5972	290	668	-295
-2880	1330	7195	776	850	-149
-3399	442	8166	1051	387	114
-2979	93	5968	766	-911	-105
-2525	-375	3164	399	-627	-745
-2058	-465	2126	219	491	-1571
-2144	-315	2051	209	1089	-2033
-1838	485	2551	172	1643	-1741
-1587	1005	3374	-18	1596	-1135
-1904	1050	4008	-294	1184	-519
-2077	952	4070	-492	386	-76
-2081	743	3777	-652	-491	264
-1681	359	3071	-765	-992	221
-1431	-190	2425	-917	-799	-260
-1312	-292	2196	-1012	-138	-574
-1188	-323	2415	-1145	453	-669
-1226	-307	2982	-1189	628	-823
-1261	-193	3453	-1163	336	-760
-1346	-82	3524	-1140	-84	-753
-1246	69	3276	-1098	-533	-595
-1130	191	2901	-1052	-694	-331
-938	-100	2659	-994	-481	-108
-1027	-241	2995	-845	-23	-102
-1276	-388	3402	-727	-59	46
-1221	-579	3561	-684	-191	97
-1331	-573	3797	-588	-309	13
-1475	-449	3822	-429	-540	114
-1522	-347	3600	-325	-588	287
-1619	-366	3515	-248	-205	453
-1944	-534	3870	-131	387	548
-2765	-398	4424	-39	866	679
-2906	-376	5140	-32	1086	1044
-2892	-810	5877	-154	949	636
-3212	-672	5482	-173	-135	402
-2953	-97	3684	-1	-762	859
-2252	-9	2248	304	-398	1388
-1901	191	1876	512	559	1477
-1953	158	2610	556	1390	1620
-2171	-317	3841	511	1475	1213
-2361	-565	4678	529	910	676
-2438	-676	4850	638	67	330
-2255	-540	4211	795	-606	34
-2234	272	3501	883	-753	322
-1917	675	2796	757	-564	700
-1216	955	2182	767	102	936
-1349	1065	2376	658	904	1238
-1547	804	2750	536	1220	1492
-1599	465	3132	462	937	1682
-1502	224	3286	338	341	1683
-1357	140	3078	272	-311	1642
-1160	313	2763	195	-617	1647
-1213	382	2654	69	-715	1573
-1263	203	2560	-77	-617	1243
-1269	216	2718	-187	-264	813
-1429	217	3224	-259	82	491
-1792	304	3983	-323	14	198
-1984	420	4421	-315	-438	-8
-1956	507	4391	-279	-836	-178
-1846	742	4212	-189	-890	-242
-1790	732	4167	-64	-312	-229
-2262	1139	4482	-133	137	-197
-2851	1510	4647	-117	740	125
-3130	1267	5389	156	1218	434
-2765	860	5680	436	752	574
-2729	297	4906	374	-132	311
-2571	-495	3389	43	-789	-454
-2430	-802	2217	-269	-548	-1321
-2186	-542	2089	-593	315	-1972
-1978	94	3091	-680	975	-1940
-1981	602	3911	-622	856	-1504
-1793	1328	4254	-557	740	-720
-2047	1432	4633	-620	207	131
-2143	759	4234	-747	-746	629
-1759	114	3270	-976	-1179	278
-1325	-208	2388	-1105	-1020	-73
-992	-430	1706	-1168	-555	-180
-918	-523	1528	-1140	4	-345
-1006	-643	1802	-1029	506	-581
-1330	-628	2422	-886	511	-917
-1540	-469	3041	-781	160	-1128
-1509	-263	3351	-651	-318	-1030
-1555	312	3702	8	-1	132
-1555	312	3702	8	-1	132
-1555	312	3702	8	-1	132
-1524	270	3691	-4	55	127
-1529	259	3792	-8	59	107
-1566	220	3807	-12	-17	62
-1541	243	3764	-16	-73	14
-1506	280	3716	-3	-74	28
-1512	254	3714	-2	-64	47
-1483	246	3674	-10	-27	57
-1468	268	3686	-21	5	67
-1483	292	3770	-40	24	87
-1512	296	3812	-52	-17	108
-1526	253	3787	-45	-47	116
-1533	228	3749	-35	-61	118
-1534	213	3716	-14	-72	107
-1541	289	3629	25	-80	137
-1535	410	3466	94	-18	255
-1568	514	3396	115	181	374
-1592	510	3479	90	382	498
-1523	392	3711	74	510	533
-1611	289	3931	125	462	518
-1822	307	3866	201	245	487
-1778	465	3452	254	128	535
-1587	644	3173	199	247	579
-1527	887	3101	111	643	705
-1334	736	3578	26	1120	780
-1416	367	4430	39	1145	691
-1651	52	4844	123	689	472
-1751	91	4607	243	198	409
-1606	352	3972	286	1	483
-1390	367	3459	345	181	485
-1131	589	3152	396	557	463
-1263	651	3270	340	935	514
-1379	568	3475	322	879	528
-1408	417	3468	298	716	468
-1327	389	3436	167	609	370
-1160	475	3479	-34	544	228
-960	702	3451	-217	652	244
-924	913	3661	-410	807	358
-1035	835	3923	-636	852	431
-1145	489	4220	-867	687	309
-1255	249	4410	-1076	223	169
-1273	144	4365	-1160	-215	52
-1255	189	4309	-1106	-473	-112
-1211	193	4354	-875	-499	-121
-1256	194	4378	-474	-343	-85
-1694	188	4663	50	-47	-5
-3393	704	4837	240	-21	110
-3506	1180	5152	643	813	732
-4319	1256	7436	1138	1446	822
-3710	952	7690	1036	-294	557
-3342	-57	4854	486	-1309	-157
-2247	-121	2847	64	-1032	-1535
-2090	-123	1738	-374	-673	-2093
-2078	-18	1230	-779	323	-2387
-1700	298	2104	-951	1556	-1978
-1967	427	3689	-942	1743	-1249
-2278	888	4374	-828	1089	-438
-2321	551	4538	-843	266	331
-2007	174	3925	-752	-734	346
-1723	-231	3074	-861	-1173	-2
-1460	-442	2297	-887	-1036	-661
-1013	-417	1776	-881	-632	-960
-862	-626	1577	-915	-222	-1115
-855	-533	1573	-866	12	-1350
-831	-3	1784	-801	11	-1325
-847	112	2245	-632	-105	-1077
-1155	-40	2828	-461	-259	-841
-1589	167	3163	-384	-356	-484
-1835	370	3392	-330	-164	256
-1481	219	4269	-140	450	679
-1526	-1682	5276	-165	-1062	-97
-1526	-1682	5276	-165	-1062	-97
-1598	-1760	4863	-391	-1592	-1008
-1715	-883	4327	-469	-1823	-1328
-1675	-134	3929	-297	-1484	-717
-2006	215	3655	110	-441	344
-3058	500	4056	455	865	1044
-3456	-677	4838	468	1794	1564
-2797	-535	5747	29	1316	994
-2808	-101	4968	130	-195	1619
-2570	-568	3581	506	-1278	1553
-2128	-882	2714	675	-1288	589
-1732	-536	2414	1052	-641	156
-1277	-39	2983	1062	749	-119
-1920	-98	3702	983	1319	-191
-2420	87	4042	980	1333	-262
-2472	390	4246	1009	923	67
-2069	479	3921	952	191	250
-1423	531	3002	920	-238	360
-1048	644	2258	964	-55	498
-854	775	1986	947	244	779
-947	692	2124	981	175	1069
-998	644	2305	786	-103	1093
-1109	542	2551	510	-287	1064
-1375	216	2567	307	-642	800
-1326	81	2484	174	-642	228
-984	250	2721	151	-132	91
-1327	321	3390	-3	649	-73
-1921	520	4548	-33	462	-56
-2150	605	5057	-100	-109	-38
-2050	406	5201	-40	-421	-80
-1848	184	5191	38	-463	-299
-1967	278	5383	66	-190	-344
-3028	806	5239	112	-184	-46
-3814	899	4039	261	-21	274
-2537	399	3874	641	1131	-76
-2428	-56	4655	748	919	-696
-2947	-543	4013	332	-124	-814
-2536	-707	3344	-235	-213	-1581
-2265	247	3386	-768	-281	-1958
-2063	985	2986	-976	-276	-1958
-1311	1772	2714	-885	484	-1335
-1612	1593	3219	-828	1051	-436
-2153	622	3678	-874	731	176
-1942	-188	3539	-1082	30	45
-1720	-306	3381	-1249	-568	-315
-1372	-322	2685	-1238	-1230	-363
-1158	-460	1894	-1287	-1411	-472
-803	-547	1333	-1261	-1048	-710
-626	-413	1322	-1013	-252	-886
-861	-238	1929	-683	352	-928
-1199	-333	2832	-533	369	-915
-1427	-177	3364	-373	91	-811
-1709	105	3778	-162	-77	-201
-1748	279	3949	-162	-302	362
-1627	97	4086	-229	-229	798
-1378	-575	4445	-290	-94	676
-1370	-705	4804	-303	-298	377
-1089	251	3885	155	-86	684
-1051	318	3930	164	-152	798
-1165	192	3929	86	-102	835
-1379	-195	4024	-53	74	638
-1380	-500	4232	-160	35	298
-1264	-669	4247	-230	-279	-89
-1182	-477	3924	-247	-545	-325
-952	-132	3554	-193	-492	-133
-1017	67	3510	-119	-172	174
-1223	94	3748	-60	62	332
-1338	45	3980	-54	78	376
-1342	15	3973	-88	-28	373
-1373	32	3856	-128	-132	356
-1365	60	3613	-141	-125	343
-1355	19	3481	-147	-25	334
-1427	8	3536	-188	98	351
-1533	182	3733	-284	195	480
-1721	105	4023	-391	127	560
-1906	-86	4036	-382	-187	415
-1782	26	3473	-228	-224	433
-1481	77	3203	29	199	565
-1220	278	3421	132	561	563
-1266	228	3900	176	634	593
-1292	216	4178	223	549	416
-1408	327	4352	316	527	303
-1531	333	4459	444	367	296
-1339	331	4270	500	11	327
-1274	188	3996	525	-54	331
-1127	213	3861	553	-123	345
-952	125	3753	584	-119	352
-779	143	3648	593	-100	246
-820	78	3726	553	154	34
-896	166	3957	517	169	-192
-821	374	3985	493	-1	-260
-878	524	3981	462	-152	-217
-805	633	3849	387	-285	-115
-705	691	3675	288	-295	33
-646	716	3685	131	-150	132
-569	717	3756	-20	-108	186
-611	632	3765	-133	-127	237
-518	402	3691	-246	-195	269
-433	147	3561	-327	-131	225
-397	-55	3638	-361	55	68
-437	6	3812	-346	251	-94
-588	174	4096	-275	349	-174
-828	454	4355	-169	287	-188
-997	919	4518	-16	143	-31
-1325	1061	4533	186	83	248
-1848	847	4418	236	149	459
-1872	574	4980	377	568	411
-2442	774	6640	608	1339	486
-3292	641	8468	699	883	491
-2957	694	7006	595	-471	540
-2506	403	4348	182	-204	-356
-2283	248	3053	-194	824	-1118
-2291	311	2674	-237	1268	-1351
-2220	383	2668	-276	1403	-1101
-2022	281	3009	-483	1397	-844
-1755	341	3527	-782	1197	-555
-1787	506	3691	-926	736	-186
-1856	390	3500	-987	340	62
-1726	106	3205	-913	-55	9
-1638	-321	2907	-890	-153	-211
-1409	-489	2642	-900	-88	-598
-1301	-605	2386	-956	-23	-786
-1158	-656	2365	-973	261	-921
-1007	-373	2381	-877	514	-1020
-1089	70	2697	-829	620	-1100
-1110	121	3098	-692	220	-838
-1110	121	3098	-692	220	-838
-1177	-56	3229	-672	46	-768
-1127	-335	3350	-641	-28	-698
-1186	-473	3565	-450	61	-513
-1372	-520	3991	-333	-25	-387
-1510	-656	4248	-277	-386	-436
-1515	-529	4091	-186	-624	-494
-1513	-500	3838	-41	-680	-361
-1744	-292	3730	40	-426	-183
-2155	184	4117	155	123	256
-2796	517	4689	214	423	1066
-2952	-148	5105	98	833	1533
-2966	-1236	5666	-136	795	1036
-3151	-1161	5114	-247	-87	376
-2596	-381	3705	24	-721	1037
-2102	-313	2717	492	-677	1267
-2035	-311	2522	791	-252	950
-2036	-285	2754	849	330	498
-2043	-58	3300	833	942	132
-2021	-133	3798	925	909	180
-2198	-70	4083	1036	818	221
-2324	488	4176	963	388	435
-2164	709	3746	811	-54	581
-1824	711	3139	750	-281	671
-1632	537	2761	728	-177	893
-1536	419	2615	720	-177	1094
-1626	302	2528	657	-194	1167
-1541	307	2545	554	-41	1224
-1302	279	2658	412	162	1022
-1304	554	2992	196	177	786
-1283	862	3125	6	-88	827
-1388	754	3080	-80	-388	943
-1363	441	2856	-169	-574	920
-1187	216	2805	-244	-585	702
-1199	252	2956	-265	-540	585
-1327	337	3116	-297	-537	466
-1546	322	3459	-339	-489	163
-1656	512	3689	-294	-303	33
-1832	593	4258	-200	186	-53
-2588	1163	5177	-221	694	-23
-3620	1220	6130	-4	1043	456
-3561	824	6657	319	590	611
-3080	203	6095	366	-498	198
-2655	-421	4359	264	-1311	-555
-2041	-610	2690	-13	-1369	-1276
-1725	-497	1811	-297	-665	-1595
-1608	319	2012	-587	613	-1583
-1890	785	3367	-735	1424	-1132
-2170	892	4383	-792	1149	-766
-2003	949	4722	-923	604	-284
-2105	487	4602	-973	-375	63
-1854	-289	3878	-1033	-994	-69
-1371	-448	3127	-1056	-1077	-533
-1177	-265	2429	-1136	-1028	-575
-940	-273	1835	-1155	-688	-598
-927	-193	1577	-1038	-99	-722
-1052	-160	1904	-895	299	-831
-1097	-321	2429	-821	349	-1000
-1255	-200	2949	-648	123	-867
-1185	-296	3167	-549	-161	-682
-1157	-173	3325	-357	-174	-469
-1470	73	3744	-50	43	-6
-1470	73	3744	-50	43	-6
-1470	73	3744	-50	43	-6
-1489	58	3726	-51	57	25
-1531	-5	3748	-64	80	19
-1554	-48	3789	-80	100	-1
-1557	-103	3798	-90	72	-48
-1526	-133	3717	-89	45	-116
-1539	-171	3703	-84	33	-185
-1509	-120	3666	-81	32	-230
-1522	-129	3639	-92	106	-245
-1482	-127	3696	-105	220	-274
-1514	-96	3825	-110	212	-274
-1539	-129	3837	-107	146	-250
-1556	-123	3754	-95	73	-285
-1569	-168	3718	-90	75	-312
-1597	-262	3732	-90	87	-365
-1597	-280	3734	-94	105	-451
-1633	-413	3600	-70	128	-545
-1609	-480	3465	-76	224	-721
-1569	-475	3483	-59	296	-777
-1651	-355	3595	-14	368	-814
-1758	-234	3736	12	454	-766
-1688	-84	3862	-17	529	-634
-1643	-115	3977	-104	445	-569
-1588	73	4027	-248	329	-481
-1541	106	3991	-363	204	-264
-1427	80	3902	-442	227	-69
-1413	-152	3826	-534	238	-13
-1400	-367	3797	-644	259	-106
-1458	-452	3757	-686	261	-129
-1462	-457	3743	-700	240	-132
-1425	-400	3696	-666	191	-84
-1394	-503	3745	-627	119	-119
-1353	-510	3700	-576	32	-139
-1233	-429	3621	-488	20	-110
-1215	-352	3509	-426	53	6
-1162	-337	3373	-380	107	140
-1025	-318	3199	-298	251	282
-920	-354	3376	-86	566	420
-980	-416	3874	125	632	534
-971	-485	4070	271	402	549
-1013	-260	3875	356	186	660
-1035	-186	3762	365	169	754
-1158	-182	4026	277	332	669
-1256	-98	4387	96	510	643
-1472	-18	4812	-97	549	733
-1854	-111	5141	-217	338	718
-2307	-301	5491	-199	54	775
-3173	-646	5661	-161	-173	686
-3939	-865	6127	-207	124	535
-3940	-727	6713	-453	334	600
-2895	301	6044	-475	-663	1267
-2721	696	3587	-252	-1450	2053
-2197	118	1879	-49	-1083	2260
-1292	-939	1445	380	422	2075
-1491	-1581	2424	706	1682	1667
-1865	-865	3721	1008	2168	1353
-2129	-304	4281	1238	1421	1170
-2229	39	3838	1386	458	845
-2142	481	3211	1397	-231	877
-1904	721	2451	1205	-857	879
-1668	801	1666	943	-991	991
-1084	749	1109	779	-386	1302
-764	523	1443	338	1091	1319
-1507	136	2716	179	1697	1203
-1996	-51	3893	231	902	1019
-2077	-101	4280	252	-225	856
-1888	179	4081	268	-1044	754
-1505	365	3367	346	-1552	583
-1103	405	2659	367	-1081	236
-965	140	2763	278	-118	-121
-1083	151	3547	321	326	-320
-1467	302	4308	277	140	-203
-1659	427	4424	310	-362	-179
-1756	350	4216	252	-571	-361
-1932	388	4050	70	-497	-755
-2945	540	3903	-145	-122	-895
-4264	1505	3441	-138	502	-622
-3309	257	4394	34	1073	-1133
-3440	-364	5240	53	496	-1716
-3563	-844	4547	51	-609	-1882
-2839	-436	3584	-51	-856	-2215
-2381	656	2966	-158	-791	-2146
-1812	1646	2424	-336	-101	-1806
-1644	1848	2837	-549	854	-1028
-2065	1317	3416	-573	929	-308
-2155	410	3714	-614	450	-96
-1913	-406	3722	-812	-180	-392
-1696	-831	3307	-968	-911	-772
-1295	-710	2367	-907	-1277	-957
-1055	-416	1616	-806	-961	-1032
-841	-177	1388	-659	-367	-1135
-868	-116	1920	-509	154	-1235
-1194	-14	2822	-312	193	-1231
-1407	-46	3561	-223	-285	-1064
-1395	-107	3913	53	-585	-618
-1492	-140	4048	195	-859	-286
-1545	34	3923	149	-1033	-15
-1397	-160	3746	54	-967	121
-1293	-367	3686	66	-825	-45
-1304	-425	3701	80	-666	-196
-1377	-256	3756	-9	-520	-273
-1340	-74	3768	-133	-308	-172
-1479	7	4082	-209	-98	132
-1819	-135	4403	-107	268	471
-2620	-494	4768	50	646	541
-3243	-785	5023	111	1125	364
-3267	-602	5992	-60	1417	242
-3227	-594	6545	-443	670	-60
-2764	-73	5491	-430	-692	-47
-2488	268	3532	14	-1351	687
-1778	309	2170	506	-914	1323
-1354	198	2002	887	331	1640
-1551	-54	2743	760	1138	1314
-2101	-131	3811	757	1564	1027
-2110	-508	4401	764	956	846
-1865	-554	4115	889	284	571
-1783	-280	3577	995	-226	452
-1639	270	2919	1033	-656	562
-1223	677	2043	948	-755	716
-1004	819	1612	829	-244	770
-919	774	1607	686	310	884
-1134	608	2041	521	578	957
-1385	276	2563	402	236	989
-1502	100	2770	289	-260	951
-1531	34	2644	247	-549	790
-1327	285	2714	125	-215	352
-1220	526	3377	-63	323	139
-1500	457	4431	-161	467	-24
-1137	141	3870	21	61	-18
-1137	141	3870	21	61	-18
-1137	141	3870	21	61	-18
-1119	156	3907	44	39	-23
-1104	175	3897	39	35	-2
-1140	221	3912	18	20	28
-1143	222	3853	-2	-9	63
-1091	191	3785	-8	29	82
-1115	191	3723	-26	130	96
-1128	180	3756	-61	200	89
-1151	221	3812	-99	191	86
-1163	207	3739	-122	176	92
-1157	175	3692	-136	239	80
-1475	256	4020	-97	255	107
-1475	256	4020	-97	255	107
-1475	256	4020	-97	255	107
-1370	339	3920	-3	229	207
-1253	323	3773	92	297	337
-1234	302	3715	137	389	376
-1084	277	3724	132	474	348
-1126	285	3885	89	507	230
-1267	460	4017	108	557	250
-1227	590	4043	155	568	430
-1150	457	4149	194	475	460
-1220	328	4017	281	353	458
-1133	261	3857	354	417	521
-1143	179	3857	377	494	486
-1149	254	3826	351	442	466
-1097	260	3862	329	468	396
-1091	241	3950	325	438	295
-1006	236	3980	352	393	232
-958	304	3913	304	273	150
-957	252	3922	247	234	53
-969	265	3912	222	133	-54
-885	274	3877	166	-22	-115
-834	242	3764	53	-29	-204
-768	332	3765	-43	-20	-250
-682	397	3765	-132	-43	-239
-674	429	3786	-192	-25	-256
-659	488	3915	-247	-7	-249
-666	474	4032	-265	-86	-170
-616	330	4002	-248	-185	-112
-501	265	3890	-289	-263	-153
-483	173	3831	-307	-197	-222
-605	148	3926	-233	-31	-321
-792	223	4131	-122	115	-344
-1142	367	4322	50	210	-314
-1815	417	4593	101	263	-371
-2212	357	4890	135	415	-453
-2207	873	6046	366	769	-601
-2754	1266	7472	836	1280	-97
-3396	810	8374	1354	789	227
-3926	64	6422	1137	-345	158
-3374	-388	3871	609	-329	-1023
-2664	62	2756	322	371	-1688
-1992	407	2348	128	688	-1755
-1302	907	2339	-74	989	-1461
-914	1417	2796	-419	1397	-724
-1253	1334	3336	-778	1412	62
-1832	1032	3677	-1100	794	486
-1818	401	3368	-1163	-247	692
-1287	-278	2488	-1225	-730	217
-1166	-689	1909	-1128	-502	-286
-1100	-804	1700	-1083	200	-574
-1162	-475	2282	-1088	782	-749
-1134	-270	2894	-1027	792	-817
-1173	23	3237	-926	371	-759
-1149	-91	3163	-851	-18	-669
-1219	-146	3079	-851	-79	-733
-1244	-167	3170	-739	159	-533
-1237	-251	3459	-529	365	-320
-1353	-426	3878	-394	353	-284
-1502	-642	4408	-360	80	-534
-1815	-740	4455	-398	-531	-763
-1620	-603	3750	-296	-884	-562
-1514	-119	3550	-179	-584	-230
-1772	111	3882	-3	-110	71
-2103	372	4539	122	460	553
-2801	305	5161	147	382	1024
-3294	-311	5174	15	192	1312
-3283	-1046	5068	-239	278	817
-2617	-636	4556	-337	-322	533
-2494	-82	3262	-122	-839	864
-2459	-109	2290	223	-564	1216
-2246	-160	2195	508	194	1219
-1942	-332	2882	619	601	1036
-2030	-155	3769	654	1054	745
-2132	-292	4508	834	927	613
-2469	-311	4682	879	151	347
-2354	242	4068	837	-489	493
-1947	610	3220	724	-933	873
-1399	803	2240	637	-841	1121
-1107	694	1663	554	-230	1342
-1138	510	1655	429	616	1467
-1311	288	2022	396	853	1565
-1312	210	2267	335	709	1637
-1340	-15	2665	246	564	1449
-1349	55	3074	107	226	1120
-1379	441	3242	4	-272	959
-1528	439	3423	44	-546	859
-1606	74	3625	-71	-243	285
-1583	-45	4421	-109	-64	-243
-1926	193	5059	-62	-537	-491
-1999	391	5026	56	-984	-323
-2047	366	4694	229	-1149	-375
-1965	320	4520	211	-802	-623
-2496	1132	4557	47	-96	-544
-3022	1141	4564	162	754	-141
-3162	1051	5545	681	1404	-224
-2580	179	5502	885	273	-259
-2337	-269	3919	634	-736	-349
-2151	-993	2668	142	-1025	-1093
-2060	-985	1986	-356	-708	-2079
-1564	152	2205	-699	92	-2474
-1187	1171	2804	-603	700	-2225
-1414	2042	3820	-501	1433	-1308
-2294	1619	4560	-307	718	137
-2401	914	4313	-459	-284	450
-2038	337	3697	-780	-950	232
-1549	-233	3178	-974	-1157	-119
-1094	-625	2527	-1093	-1166	-510
-906	-581	1991	-1127	-811	-834
-760	-592	1758	-1063	-445	-865
-787	-416	1737	-857	92	-1059
-1006	-66	2209	-544	576	-960
-1106	-4	2952	-258	669	-729
-1298	-19	3683	-38	398	-353
-1370	-88	4077	-79	-184	-118
-1306	-215	4216	-144	-433	71
-1105	-313	4510	-132	-447	70
-1491	38	3729	16	67	-249
-1491	38	3729	16	67	-249
-1491	38	3729	16	67	-249
-1491	38	3729	16	67	-249
-1487	29	3710	16	76	-229
-1476	46	3752	16	103	-242
-1475	56	3818	12	81	-233
-1496	74	3835	9	31	-212
-1532	92	3812	-5	-15	-169
-1520	91	3777	-26	-31	-132
-1503	67	3721	-38	-37	-105
-1481	44	3698	-42	-23	-83
-1496	5	3698	-53	8	-79
-1544	-14	3750	-62	15	-83
-1521	-26	3716	-71	3	-77
-1545	-24	3716	-81	8	-93
-1567	-23	3705	-72	-9	-93
-1580	-90	3634	-48	-6	-121
-1562	-78	3588	-12	28	-134
-1548	-75	3554	-2	74	-132
-1542	-58	3613	-24	149	-121
-1577	-23	3695	-44	188	-61
-1740	-144	3718	-62	189	-99
-1939	-388	3610	-77	212	-282
-1801	-550	3502	-85	276	-521
-1593	-605	3453	-58	414	-672
-1406	-371	3502	-37	567	-711
-1576	-292	3723	-54	706	-702
-1680	-76	3988	-119	874	-625
-1554	264	4225	-162	806	-368
-1545	191	4394	-258	628	-170
-1543	2	4406	-482	383	-244
-1480	-209	4219	-639	67	-346
-1457	-286	3900	-791	-60	-487
-1320	-170	3713	-831	-20	-440
-1216	-99	3541	-755	-43	-228
-1188	-122	3607	-654	13	-6
-1054	-273	3542	-574	11	64
-1117	-377	3626	-445	53	9
-1124	-401	3600	-284	41	-19
-1099	-360	3550	-73	51	-3
-1132	-416	3551	100	-22	17
-598	-265	3456	327	-652	678
-598	-265	3456	327	-652	678
-598	-265	3456	327	-652	678
-598	-265	3456	327	-652	678
-345	-568	3496	178	-965	589
-263	-881	4042	118	-813	252
-879	-763	4808	198	76	-28
-1777	190	5753	197	1103	-119
-2147	1335	6761	-75	1641	283
-3255	677	7361	-557	1177	635
-4054	-936	7318	-834	416	302
-4181	-1321	6789	-957	324	114
-2835	365	4886	-295	-484	1767
-2540	980	2831	622	-402	3122
-2412	343	1775	839	150	3332
-2033	-203	1554	571	970	2427
-1777	-1298	2603	497	1834	1856
-1534	-2032	3723	593	1866	678
-2046	-1382	4315	846	1030	-549
-2327	-452	3763	981	-219	-1110
-1893	198	2891	1094	-1071	-815
-1318	852	1910	1139	-1453	-11
-744	1234	1031	1140	-1110	798
-428	1388	815	1047	11	1234
-676	1167	1435	747	1333	1463
-1577	365	2710	606	1564	1414
-1993	32	3759	413	983	945
-2073	-36	4299	209	133	718
-2091	228	4499	139	-595	376
-1820	605	4185	294	-1049	104
-1535	742	3624	444	-1056	0
-1489	641	3515	395	-653	-161
-1519	671	3721	286	-405	-166
-1526	648	3921	155	-342	-126
-1562	701	3898	88	-326	-112
-1959	311	3901	86	-127	-260
-1920	-417	4298	115	387	-825
-2924	-127	4798	24	376	-1102
-3960	588	3901	105	117	-972
-2361	1202	3895	534	550	-788
-2063	1222	4053	487	-117	-637
-3031	631	3294	-84	-610	-337
-2524	253	3068	-679	-488	-716
-2101	483	3433	-1016	-400	-628
-1866	531	3294	-1036	-104	-433
-1873	543	3574	-932	539	-90
-2355	383	4088	-764	574	199
-2347	120	4126	-821	144	164
-2033	-22	3923	-1009	-392	-154
-1785	-451	3398	-1158	-874	-492
-1360	-597	2704	-1267	-1004	-806
-943	-611	2067	-1301	-820	-1018
-862	-354	1691	-1136	-420	-1158
-920	-136	1772	-896	9	-1125
-1066	0	2229	-613	188	-934
-1109	23	2694	-426	176	-805
-1209	-30	3278	-220	60	-623
-1280	-124	3717	-47	-201	-328
-1312	-161	3906	12	-412	-127
-1415	-437	3984	48	-511	-94
-1269	-523	3999	24	-515	-635
-1269	-523	3999	24	-515	-635
-1233	-429	3757	25	-418	-756
-1307	-268	3697	1	-242	-791
-1687	-270	3790	0	-148	-553
-2409	-293	4115	108	24	-215
-3021	-642	4645	249	698	272
-3031	-678	6268	273	1713	290
-3716	-103	7391	46	846	487
-3591	188	5857	-146	-477	563
-2523	467	3558	19	-980	1394
-1959	164	1914	361	-471	1802
-1423	-18	1451	611	700	1735
-1500	-153	2340	598	1742	1453
-1770	-358	3385	654	2108	1015
-1989	-438	4469	780	1687	617
-2209	-325	4634	809	694	378
-2129	53	4031	737	-397	517
-1731	379	3088	748	-1010	774
-1165	804	2149	844	-1047	1081
-901	1015	1606	745	-363	1487
-874	878	1678	530	588	1620
-1185	590	2264	219	1097	1657
-1369	297	2927	48	804	1473
-1475	-3	3277	-62	224	1210
-1637	44	3492	-216	-394	810
-1674	169	3462	-204	-983	483
-1461	59	3352	-122	-1008	54
-1307	197	3798	-19	-144	-18
-1322	216	3764	-23	-120	68
-1354	226	3785	-38	-82	109
-1346	203	3821	-58	-77	163
-1355	142	3870	-84	-105	203
-1352	95	3835	-86	-135	202
-1335	89	3806	-80	-130	193
-1321	100	3785	-80	-116	186
-1327	122	3797	-83	-115	195
-1308	61	3776	-83	-114	172
-1296	16	3824	-78	-100	110
-1305	-13	3840	-70	-109	57
-1310	7	3803	-64	-146	9
-1247	28	3762	-84	-131	-21
-1230	72	3796	-98	-109	-63
-1244	70	3806	-51	-118	-77
-1297	-7	3777	53	-115	-109
-1395	-173	3654	151	-116	-258
-1441	-322	3506	235	-147	-519
-1430	-340	3403	323	-128	-719
-1546	-357	3385	353	37	-866
-1497	-489	3530	261	492	-1134
-1253	-166	3952	150	787	-1336
-928	309	4192	110	681	-1219
-1099	545	4415	70	420	-960
-1237	527	4348	1	337	-595
-1121	400	4183	-193	542	-359
-1091	364	4356	-427	656	-150
-1201	425	4373	-589	433	134
-1135	322	4294	-695	108	204
-950	298	4123	-753	-227	214
-742	143	3713	-793	-531	270
-516	-108	3221	-822	-262	246
-519	-91	3372	-733	255	329
-636	-17	3694	-637	514	497
-797	-97	4071	-529	506	593
-838	-314	4256	-459	218	502
-718	-408	4097	-351	-27	358
-656	-357	3838	-276	-140	258
-552	-193	3640	-195	-74	255
-528	-81	3658	-107	54	291
-527	41	3774	-40	57	327
-470	25	3847	36	35	458
-399	-51	3861	80	20	598
-371	-293	3992	85	79	636
-558	-588	4322	68	69	473
-947	-729	4577	-34	28	347
-1526	-54	4732	-180	240	498
-2242	370	4822	-378	479	793
-2735	-436	5825	-477	870	598
-3141	-1163	7347	-582	1192	11
-3298	-1140	8787	-613	324	74
-3043	-340	6915	-357	-1298	502
-2689	314	3710	62	-1627	1161
-2409	540	1551	433	-516	1708
-1851	-30	753	423	793	1539
-1448	-370	1336	559	2711	710
-2108	-425	3439	641	3245	257
-2571	-621	5174	759	2499	-216
-2469	-218	5741	843	916	-146
-2034	200	4996	935	-731	253
-1524	515	3424	1011	-1895	518
-934	623	1697	960	-2030	709
-346	470	557	935	-1067	858
-216	411	578	888	420	928
-632	423	1390	693	1643	935
-1217	179	2778	519	2037	832
-1508	140	3751	483	1402	716
-1757	444	4252	478	509	658
-1812	713	4027	401	-260	652
-1711	674	3672	342	-344	556
-1846	330	3936	288	-71	177
-1916	194	4447	273	80	-148
-1996	-38	4988	291	12	-485
-1854	160	5133	342	-293	-768
-1899	661	4878	407	-484	-889
-2504	1423	4206	432	-488	-562
-2579	665	3456	634	101	-417
-2574	485	3299	690	659	-614
-2386	144	3757	503	569	-1074
-3003	-287	3844	36	22	-1420
-3062	-372	3821	-413	-336	-1765
-2387	11	3911	-585	-648	-1613
-1827	587	3485	-494	-579	-1196
-1673	1227	3351	-418	168	-506
-2026	1321	3512	-532	396	239
-2160	561	3340	-836	199	399
-1961	4	3203	-1101	0	-117
-1502	-421	2776	-1346	-401	-475
-1190	-767	2209	-1484	-595	-782
-962	-690	1863	-1480	-412	-1085
-814	-416	1738	-1299	-318	-1118
-886	-234	1924	-1011	-220	-1031
-1064	-113	2336	-869	-147	-902
-1138	16	2835	-551	-27	-739
-1222	72	3261	-313	44	-562
-1353	198	3653	-140	146	-122
-1456	-135	4005	-112	131	230
-1391	-510	4423	-105	203	175
-1626	-755	5045	-127	-104	-117
-1880	-666	5000	-234	-795	-365
-2082	-337	4546	-219	-1114	-175
-2030	-133	4256	10	-728	283
-2430	-155	4105	376	191	733
-2750	-251	4499	529	1196	1227
-3006	-709	5599	126	1693	941
-3373	-162	5611	-228	483	749
-3080	94	4063	-3	-773	1109
-2411	12	2603	361	-916	1330
-1801	-191	2231	552	-251	1210
-1606	-505	2606	690	518	932
-1747	-471	3382	748	1395	475
-2154	-344	4437	787	1378	226
-2531	-237	4556	952	522	106
-2241	235	3997	989	-319	310
-1687	422	3122	1014	-827	586
-1194	595	2246	987	-834	694
-928	862	1768	926	-320	878
-909	953	1692	827	245	1109
-977	970	1818	713	528	1466
-1170	756	2196	418	694	1503
-1478	477	2673	304	459	1469
-1739	257	3015	191	110	1172
-1732	456	3280	167	-191	982
-1727	518	3537	71	-54	801
-1900	258	4376	-64	214	314
-2017	93	5198	-9	-166	-297
-1924	298	5295	2	-770	-568
-1626	498	4813	41	-1112	-470
-1540	804	4352	40	-987	-387
-1447	254	3770	-7	48	74
-1442	239	3745	-2	46	70
-1473	238	3732	4	65	59
-1467	164	3764	5	105	9
-1496	202	3833	4	92	-33
-1475	232	3803	18	34	-38
-1443	282	3732	37	10	-19
-1442	303	3648	54	36	0
-1433	292	3629	60	104	3
-1433	294	3681	61	177	18
-1473	292	3799	49	185	21
-1513	279	3840	28	149	18
-1521	238	3793	19	105	-22
-1527	200	3775	19	67	-76
-1498	243	3737	28	66	-92
-1474	293	3704	33	78	-94
-1461	292	3679	48	98	-91
-1488	322	3694	68	106	-84
-1480	333	3665	82	120	-73
-1476	348	3614	87	164	-49
-1504	415	3583	73	221	-59
-1577	519	3475	51	258	28
-1576	579	3417	40	353	85
-1698	704	3381	15	523	200
-1804	706	3376	-37	659	338
-1873	767	3331	-122	753	497
-1985	892	3221	-235	836	717
-1819	827	3247	-316	1073	840
-1557	422	3709	-351	1288	866
-1638	-197	4388	-264	1192	519
-1876	-278	4622	9	849	347
-1926	-32	4274	219	424	337
-1722	235	3767	308	289	280
-1488	652	3397	365	454	237
-1306	874	3398	355	672	329
-1311	793	3565	347	790	466
-1283	629	3628	285	701	470
-1253	525	3790	168	530	374
-1206	547	3927	3	301	355
-1138	508	3948	-120	116	363
-1010	542	3830	-159	29	388
-983	471	3715	-202	180	359
-1059	369	3972	-248	374	178
-1147	422	4428	-221	278	71
-1276	404	4702	-163	11	62
-1522	308	4759	34	-299	-4
-1802	21	4641	317	-446	-129
-1920	-197	4834	505	-196	-403
-3308	1279	5121	406	-307	-370
-3908	2357	4647	243	285	610
-3534	2034	6253	750	1166	866
-3454	576	6566	633	-128	138
-3686	-854	4594	83	-1020	-746
-2562	-1430	2788	-197	-1253	-2136
-2138	-501	1851	-358	-1039	-2698
-1780	800	1516	-633	-137	-2218
-1135	1069	2214	-841	1168	-1310
-1393	969	3292	-811	1980	-444
-2342	789	4352	-817	1609	282
-2458	151	4389	-833	412	409
-2141	-259	3869	-996	-640	-259
-1732	-600	2929	-1075	-1142	-782
-1497	-601	2106	-1115	-1062	-1186
-1145	-423	1563	-972	-586	-1043
-915	-493	1595	-844	18	-1000
-886	-306	2019	-731	299	-1225
-1169	149	2749	-656	60	-1255
-1484	204	3354	-643	-579	-963
-1525	214	3467	-640	-975	-645
-1262	111	3551	-505	-920	-139
-1122	-111	3730	-472	-638	220
-1568	-556	4270	-440	-252	288
-1964	-973	4982	-190	41	165
-2416	-264	5785	28	222	112
-2717	917	6056	87	-273	849
-3102	803	5333	45	-771	1583
-4182	-523	4057	-200	-481	1312
-2695	-976	2914	-261	-90	1112
-1719	-285	2615	-30	568	1578
-2451	-503	3010	436	535	1814
-2626	-377	3528	600	448	923
-2325	-282	4194	419	68	424
-2056	-309	4225	553	-113	361
-1898	143	3676	805	-53	533
-1827	197	3042	971	147	877
-1760	208	2718	1144	187	817
-1483	187	2427	1110	237	775
-1208	124	2366	951	471	692
-1150	125	2454	798	401	617
-968	378	2522	726	32	578
-956	440	2418	744	-390	804
-1079	153	2289	661	-622	659
-1232	317	2412	489	-588	308
-1344	702	2765	501	-600	388
-1570	667	3356	438	-556	366
-1741	342	4011	298	-397	-98
-1690	492	4763	154	-285	-400
-1966	692	5331	85	-337	-291
-2004	709	5455	68	-401	-290
-1839	632	5444	73	-481	-450
-2309	867	5146	-52	-540	-509
-3561	905	3861	-195	-745	-150
-2683	949	2861	85	666	-255
-2384	293	4336	480	1505	-503
-3273	-316	4485	369	232	-466
-3060	-991	3635	-93	-403	-1014
-2351	-199	4044	-647	-446	-1716
-2055	846	3785	-889	-901	-1815
-1293	1811	2959	-894	-400	-1160
-1426	1804	2839	-889	485	-288
-1856	896	2869	-845	736	510
-1620	-15	2853	-989	748	524
-1495	-451	2849	-1183	578	293
-1323	-683	2690	-1406	203	-62
-1020	-710	2251	-1466	-298	-469
-819	-665	1807	-1331	-576	-764
-890	-416	1673	-911	-415	-767
-918	-246	2091	-597	-162	-664
-1033	-276	2805	-351	-112	-546
-1294	-75	3592	-87	-164	-448
-1519	108	4044	-34	-329	-205
-1303	367	4184	-78	-444	290
-1225	50	4177	-155	-360	584
-1340	-455	4201	-180	-96	227
-1457	-475	4433	-167	79	-88
-1704	-211	4821	-100	35	-92
-2221	367	5336	19	-81	206
-3067	301	5401	131	-415	622
-3775	-463	4364	271	-279	752
-3101	-1349	4476	31	989	391
-1781	106	3858	-103	121	-397
-1781	106	3858	-103	121	-397
-1684	-131	3938	-249	16	-419
-1466	-252	3824	-311	-117	-466
-1273	-392	3579	-282	-138	-541
-1268	-376	3577	-191	-68	-604
-1327	-410	3574	-69	-124	-618
-1355	-259	3538	68	-199	-660
-1468	-79	3517	216	-227	-637
-1599	-29	3546	319	-210	-564
-1706	-128	3612	345	-250	-645
-1789	-241	3623	307	-234	-821
-1675	-347	3701	147	-166	-1073
-1445	-244	3778	-1	27	-1212
-1417	36	3945	-95	212	-1193
-1460	185	3998	-159	205	-1093
-1552	201	4018	-226	119	-934
-1524	34	3949	-293	25	-786
-1395	-109	3787	-348	23	-697
-1316	-272	3631	-373	98	-651
-1332	-333	3635	-348	265	-677
-1340	-174	3777	-347	290	-712
-1355	38	3999	-373	230	-634
-1306	40	4102	-441	72	-519
-1136	-93	3919	-474	-140	-390
-1020	-193	3715	-471	-117	-343
-1053	-239	3777	-435	7	-273
-1084	-230	3855	-396	12	-157
-1048	-202	3902	-390	-102	-84
-1041	-268	3801	-351	-191	-35
-982	-303	3717	-297	-199	11
-908	-373	3679	-233	-118	88
-877	-393	3725	-131	-14	147
-843	-469	3721	-60	39	139
-842	-450	3758	-14	65	22
-874	-450	3779	47	44	-32
-865	-481	3828	88	16	-148
-824	-394	3851	129	-4	-164
-762	-171	3785	166	-29	-20
-749	-70	3698	180	-20	151
-739	53	3640	200	40	313
-653	-200	3649	223	145	415
-643	-444	3841	261	216	293
-670	-554	4024	299	174	172
-760	-682	4117	295	-2	32
-855	-566	4144	295	-201	-59
-1091	-560	4032	307	-263	103
-1272	-654	4057	280	-90	99
-1585	-505	4291	180	233	93
-2087	-328	4834	-2	789	309
-2421	-487	6624	-182	1114	474
-3096	-664	8177	-363	905	260
-3138	-921	8514	-551	-80	62
-2715	-288	6257	-555	-1059	384
-2601	308	3536	-33	-645	1418
-2524	609	2250	520	361	2074
-2161	260	1895	706	1552	2003
-2506	-314	3120	681	2514	1424
-2439	-736	4221	770	2021	896
-2036	-948	4284	1108	1446	467
-1863	-459	4002	1323	605	214
-1268	-89	3037	1530	-188	248
-972	335	2186	1568	-628	345
-708	712	1390	1437	-858	419
-445	970	789	1255	-549	684
-313	820	791	937	291	688
-329	516	1271	428	1150	600
-1002	154	2294	154	1398	437
-1553	214	3011	270	616	434
-1697	452	3202	325	-106	576
-1713	654	3262	323	-309	523
-1821	658	3496	181	-149	359
-1872	478	4244	-115	277	-206
-2042	369	5296	-307	398	-684
-1998	776	5966	-220	-209	-821
-1724	1026	5539	71	-999	-325
-1553	574	4764	201	-1374	-99
-1490	126	4055	191	-1043	-230
-1601	-29	4229	52	-74	-664
-2713	681	4620	-45	684	-500
-3159	659	5417	493	1101	-559
-2746	280	5466	1071	359	-669
-2893	179	4136	908	-702	-1011
-2867	-324	2769	481	-1134	-1199
-2569	-360	2251	-130	-622	-1812
-2061	402	2650	-638	118	-1859
-1780	1298	3125	-726	585	-1243
-1802	1477	3391	-607	1024	-253
-2263	1188	4014	-635	1079	446
-2424	737	4311	-643	297	663
-2145	16	3811	-892	-425	300
-1710	-386	3187	-1144	-833	-386
-1291	-664	2473	-1287	-1159	-643
-811	-840	1727	-1448	-1204	-997
-474	-774	1239	-1391	-745	-1308
-557	-266	1091	-1011	-179	-1310
-717	-204	1551	-713	355	-1107
-1064	-74	2563	-496	720	-1127
-1345	96	3634	-336	501	-970
-1677	604	4298	-131	83	-311
-1577	463	4440	-69	-235	486
-1401	-38	4654	-179	-515	492
-1416	-570	4665	-294	-937	170
-1311	-803	4373	-281	-1131	-147
-1065	-655	4081	-250	-1087	-294
-1163	-320	3988	-189	-836	-185
-1322	-72	4086	-20	-466	227
-1910	129	4254	328	237	756
-2624	-133	4639	489	737	983
-3052	-436	5168	381	1223	992
-3298	-540	5775	-133	916	560
-2858	-181	5135	-192	-328	651
-2425	-139	3368	90	-1046	742
-1985	-601	2221	361	-552	632
-1864	-549	2399	800	482	492
-1756	-289	3111	938	1127	293
-1865	126	4236	1021	1501	32
-2033	325	4674	993	1043	-10
-2374	246	4526	1076	321	125
-1988	346	3878	1178	-467	380
-1508	502	2805	1241	-917	515
-1051	593	1951	1139	-797	642
-808	676	1425	1011	-240	798
-665	754	1371	694	709	992
-899	691	1888	299	1511	1134
-1573	482	2890	197	1289	1217
-1619	425	3421	99	430	1187
-1585	319	3293	60	-310	1196
-1390	495	3135	14	-519	1141
-1265	733	3203	-196	-125	1070
-1551	242	3662	-57	-35	72
-1544	260	3615	-75	32	76
-1545	228	3613	-69	127	67
-1528	206	3693	-40	170	59
-1583	235	3739	-11	114	47
-1562	269	3698	-5	42	51
-1542	293	3612	-13	72	80
-1539	283	3677	-43	142	89
-1573	276	3735	-62	157	84
-1565	254	3777	-52	137	79
-1593	224	3802	-35	62	69
-1566	233	3704	-22	-24	80
-1511	226	3609	-26	-22	137
-1477	251	3607	-38	20	154
-1487	236	3653	-55	97	189
-1500	194	3750	-65	187	192
-1546	190	3885	-66	131	158
-1576	179	3826	-41	-21	172
-1507	196	3604	-31	-86	162
-1483	213	3518	-31	-27	178
-1462	312	3509	-24	63	236
-1553	455	3573	-48	110	356
-1784	648	3451	-76	169	578
-1719	676	3275	-96	296	673
-1476	575	3444	-96	423	677
-1442	265	3804	-104	442	594
-1570	243	4114	-88	345	638
-1687	458	4130	-60	169	641
-1489	593	4116	13	192	601
-1439	497	4309	25	232	478
-1487	329	4398	145	157	416
-1534	414	4350	243	4	446
-1408	533	3851	359	-156	580
-1428	568	3527	444	-53	645
-1252	608	3271	378	219	631
-1240	661	3322	284	453	615
-1311	738	3471	224	514	608
-1314	726	3478	144	491	644
-1309	594	3533	61	423	694
-1311	460	3595	6	352	596
-1211	521	3664	-4	353	587
-1123	494	3696	-9	418	569
-1032	512	3921	-15	501	490
-1075	496	4398	-39	432	382
-1261	734	4792	-119	90	334
-1458	771	4804	-77	-311	339
-1637	796	4440	61	-495	271
-1624	355	4121	189	-23	19
-1940	119	4358	210	704	-455
-2900	1001	4808	-83	1085	-521
-3330	1210	5940	38	1041	-595
-2869	954	6688	630	601	-369
-2820	448	5609	604	-665	-542
-2928	-234	3471	211	-1159	-1019
-2310	-641	1976	-18	-758	-1737
-2085	-212	1438	-221	59	-2297
-1652	908	1826	-411	1143	-2026
-1708	1157	3169	-532	1871	-1172
-2157	1013	4288	-509	1621	-408
-2363	905	4624	-519	849	384
-2211	395	4383	-610	19	679
-2016	-268	3819	-781	-603	126
-1607	-548	2935	-957	-847	-594
-1305	-603	2300	-1038	-622	-1005
-1048	-507	1960	-992	-370	-1153
-848	-411	1900	-884	-108	-1236
-817	-231	2022	-758	96	-1323
-1058	-8	2457	-667	132	-1327
-1091	129	2902	-510	-31	-1123
-1272	319	3489	-415	-176	-904
-1486	244	3938	-325	-544	-517
-1527	195	3949	-217	-650	-128
-1474	-161	4164	-253	-601	66
-1658	-555	4298	-254	-650	-31
-1730	-717	4311	-178	-838	-167
-1598	-612	4201	-149	-805	-273
-1698	-183	4398	-65	-586	-60
-2032	222	4485	53	-296	356
-2893	116	4434	242	-228	794
-3091	-611	4280	183	522	821
-3116	-770	4984	-142	850	399
-2827	138	5055	-141	-45	819
-2648	294	3774	217	-928	1177
-2384	256	2435	359	-879	1048
-1897	8	2171	451	-63	974
-1699	-261	2714	516	899	720
-1960	-286	3915	639	1497	465
-2255	-246	4574	845	1173	293
-2645	-156	4757	947	419	55
-2303	217	4032	988	-464	-13
-1851	489	3002	987	-813	143
-1300	603	2138	963	-520	189
-955	527	1764	880	121	260
-836	702	1760	798	850	404
-1171	695	2114	764	953	629
-1176	785	2473	605	703	743
-1324	586	2851	453	268	807
-1329	570	2894	326	-195	626
-1304	653	2834	277	-409	628
-1464	434	3005	212	-243	496
-1702	322	3581	104	174	174
-1837	298	4664	-4	414	-23
-2052	289	5475	-38	-105	-252
-1962	396	5458	-79	-767	-569
-1951	596	5017	-97	-1013	-693
-2445	1178	4667	-143	-809	-535
-3266	1363	3796	-145	-185	186
-2907	932	3762	363	1128	56
-2629	169	4690	513	1279	-394
-2945	-113	4408	405	276	-696
-2965	-809	3486	73	-560	-1266
-2697	-548	2837	-357	-510	-1905
-2103	488	3077	-714	-192	-1887
-1741	1340	3271	-815	194	-1423
-1554	1607	3459	-739	636	-578
-1886	1285	3933	-840	579	138
-2154	813	4031	-956	-228	565
-1693	155	3346	-1137	-909	470
-1446	-300	2636	-1256	-1181	142
-1137	-755	1898	-1432	-1201	-287
-711	-797	1272	-1411	-773	-572
-633	-779	1236	-1119	-30	-823
-847	-563	1763	-844	383	-1024
-1100	-387	2576	-496	549	-1066
-1418	-188	3560	-181	285	-953
-1449	31	4092	13	-228	-585
-1349	226	4096	63	-607	-141
-1211	201	3855	-12	-541	228
-1223	-104	3849	-166	-307	49
-1355	-490	3939	-183	-62	-171
-1455	32	3754	0	-9	-11
-1413	36	3774	1	-6	-12
-1406	41	3803	-1	-14	-12
-1390	56	3800	-9	-33	-8
-1393	47	3774	-5	-30	-12
-1400	6	3767	7	-20	-26
-1407	14	3772	10	-7	-39
-1403	17	3790	10	-9	-48
-1396	27	3770	7	-11	-60
-1406	53	3753	5	-1	-54
-1436	74	3741	7	4	-42
-1438	88	3722	4	13	-37
-1402	63	3718	-2	45	-36
-1411	14	3773	-2	50	-60
-1460	14	3795	22	31	-75
-1441	-32	3734	75	73	-83
-1408	-6	3790	109	110	-99
-1498	107	3789	95	58	-82
-1494	210	3710	56	53	-51
-1483	305	3657	33	104	35
-1561	365	3609	15	137	180
-1626	355	3504	16	190	335
-1645	323	3396	20	295	418
-1568	340	3398	0	444	489
-1357	353	3583	-40	596	513
-1359	305	3934	-108	638	421
-1494	283	4128	-185	554	364
-1524	276	4291	-108	509	413
-1433	184	4323	61	389	440
-1383	52	4121	201	186	472
-1276	-17	3848	344	165	479
-1202	45	3779	452	193	451
-1081	156	3640	551	226	459
-1043	40	3698	565	340	341
-917	31	3871	473	432	150
-1001	169	4165	452	291	-22
-1022	399	4168	432	26	-16
-1024	491	3975	392	-177	23
-1007	417	3748	373	-246	58
-873	374	3649	302	-171	90
-806	387	3727	222	-77	53
-768	380	3852	117	-74	-44
-801	447	4116	11	-153	-73
-807	514	4143	-51	-410	-27
-644	665	3967	-71	-540	158
-615	675	3775	-36	-485	294
-822	565	3647	117	-190	346
-1321	263	3806	282	332	139
-1936	-82	4288	357	880	-221
-2519	388	5119	167	1238	-412
-3190	619	6044	-25	1323	-620
-3307	1446	7061	357	1261	-491
-3101	1168	7892	848	496	81
-3117	888	6656	898	-856	238
-2999	-60	3725	449	-1437	-138
-2643	-432	1615	100	-560	-1176
-2358	-109	1064	-141	868	-1740
-2013	561	1701	-336	2043	-1598
-1985	876	3032	-589	2760	-1022
-2323	776	4406	-749	2586	-453
-2529	554	4990	-786	1413	41
-2105	189	4468	-847	146	129
-1621	-235	3385	-982	-709	-128
-1153	-651	2471	-1145	-1031	-747
-853	-759	1813	-1244	-968	-1317
-667	-249	1382	-1112	-795	-1404
-672	-20	1420	-923	-383	-1173
-874	118	1899	-637	38	-836
-1116	134	2579	-446	93	-531
-1388	-13	3288	-450	-59	-408
-1406	-108	3764	-370	-267	-212
-1645	-78	3954	-280	-570	20
-1767	-148	3870	-414	-768	212
-1627	-485	3944	-511	-587	-1
-1644	-577	4282	-436	-538	-79
-1931	-639	4440	-292	-735	-144
-2053	-569	4516	-180	-719	51
-2154	-182	4571	-112	-496	301
-2723	201	4345	37	-360	838
-3248	-354	3876	-58	276	1022
-2828	-559	4294	-195	967	847
-2892	-115	4403	-220	518	847
-3056	427	3796	14	-169	1427
-3059	203	2897	273	-378	1586
-2388	-99	2533	425	-27	1318
-1900	-435	2911	586	421	980
-2037	-522	3365	694	1018	774
-2071	-530	4030	820	1030	624
-2198	-405	4136	950	456	351
-2057	200	3728	913	-133	314
-1657	549	3118	819	-479	638
-1171	749	2437	791	-511	765
-905	784	1931	757	-266	955
-877	682	1762	609	203	1068
-939	643	2078	416	675	1127
-1356	397	2866	223	581	1077
-1714	67	3472	65	-152	777
-1858	-123	3524	11	-843	356
-1577	92	3355	38	-1058	75
-1565	215	3386	-77	-603	-243
-1701	289	3831	-51	-57	-604
-2063	147	4400	146	-163	-742
-1999	118	4406	238	-473	-722
-1558	240	4114	324	-640	-635
-1484	551	3772	406	-483	-674
-1512	554	3597	378	39	-810
-2306	861	3892	88	636	-734
-3102	1045	4379	-54	932	-363
-3082	886	5400	271	1262	-137
-2936	391	6474	826	288	78
-2775	-46	5084	864	-1276	43
-2618	-607	2904	480	-1808	-605
-2421	-359	1573	42	-901	-1479
-2088	187	1820	-396	642	-1950
-1945	657	3015	-541	1669	-1948
-2480	1057	4146	-385	1664	-1321
-2597	1081	4586	-378	1203	-657
-2643	843	4776	-676	226	-344
-1976	682	3930	-969	-777	-232
-1612	370	3174	-1157	-1149	-173
-1220	-68	2382	-1213	-1179	-273
-1083	-214	1896	-1261	-966	-438
-839	-410	1457	-1186	-728	-479
-760	-645	1317	-978	-191	-661
-941	-759	1741	-777	258	-945
-1195	-600	2413	-562	430	-1022
-1372	-140	3082	-348	311	-891
-1457	135	3618	-184	188	-511
-1556	230	4228	-25	-98	-148
-1661	129	4399	68	-651	138
-1607	144	3704	-93	-210	-261
-1585	87	3668	-85	-181	-252
-1598	79	3701	-65	-184	-285
-1590	124	3724	-71	-207	-286
-1609	169	3722	-80	-141	-262
-1649	133	3781	-81	-89	-257
-1616	53	3873	-94	-130	-277
-1606	24	3827	-93	-224	-290
-1572	41	3684	-79	-279	-274
-1519	30	3563	-54	-252	-262
-1506	1	3525	-28	-191	-273
-1509	-97	3582	-15	-145	-286
-1574	-250	3684	-14	-125	-366
-1731	-337	3666	-16	-138	-493
-1843	-362	3579	23	-126	-556
-1819	-470	3456	57	-49	-678
-1694	-418	3445	63	119	-793
-1588	-268	3581	49	224	-817
-1610	-64	3787	10	277	-746
-1678	11	3868	-53	348	-634
-1578	26	3970	-140	456	-495
-1567	-49	4026	-236	333	-402
-1583	-277	3835	-295	242	-385
-1393	-390	3759	-407	301	-509
-1370	-280	3747	-496	280	-573
-1389	-93	3816	-470	266	-452
-1369	-2	3815	-474	183	-364
-1367	34	3750	-483	149	-200
-1411	58	3789	-489	9	-67
-1322	-179	3666	-436	-89	64
-1263	-405	3661	-314	56	80
-1273	-469	3869	-257	123	46
-1334	-344	3969	-266	42	23
-1330	-213	3903	-254	-94	47
-1276	-240	3629	-251	-252	20
-1193	-262	3421	-211	-213	34
-1119	-317	3432	-102	13	57
-1230	-345	3718	37	183	60
-1387	-214	3848	115	69	153
-1432	-103	3745	113	-163	303
-1306	-183	3564	57	-349	443
-1116	-269	3319	-112	-565	427
-864	-399	2966	-307	-678	383
-468	-444	2961	-289	-740	143
-230	-470	3543	52	-719	271
-618	-1270	4537	405	-707	157
-1193	-1464	5296	536	-852	-618
-1172	-603	5806	633	-454	-781
-774	712	6102	755	154	-148
-1422	1429	6014	484	1223	660
-2793	999	6502	-92	1718	926
-3246	-1741	6514	-895	434	730
-3246	-1741	6514	-895	434	730
-2880	-1031	5564	-346	-60	785
-2377	237	3674	204	-597	1657
-2608	890	1921	679	-143	2567
-2378	674	941	646	580	2534
-1902	550	1337	427	2083	2182
-2074	-580	3227	125	2827	1680
-2138	-1373	4444	173	2159	793
-2295	-904	4696	739	1132	294
-2139	-418	3974	968	-312	250
-1595	-3	2593	997	-1213	198
-1001	408	1610	960	-1264	600
-342	637	1017	962	-799	1034
-80	1095	1055	748	640	1237
-542	1018	1987	271	1838	1364
-1569	524	3281	240	1511	1237
-1900	231	3860	170	514	919
-1962	76	4048	185	-397	803
-1825	101	3721	326	-1076	571
-1844	105	3065	433	-932	110
-1538	267	3081	318	-53	-356
-1652	502	3804	100	880	-713
-2101	872	5046	17	865	-853
-2085	1133	5488	104	113	-757
-2146	584	5245	185	-491	-636
-2336	190	4757	169	-829	-813
-2594	292	4100	240	-584	-857
-2922	568	4129	544	233	-784
-2836	597	4309	912	416	-650
-2556	142	4026	880	-78	-882
-2490	-308	3534	327	-336	-1613
-2731	-343	3406	-236	-115	-1939
-2664	243	3393	-437	-261	-2105
-2132	984	2922	-481	-220	-1854
-1722	1559	2614	-417	389	-1345
-1554	1295	2925	-572	1047	-766
-1690	429	3158	-716	1013	-459
-1917	-518	3540	-960	716	-582
-1802	-957	3440	-1152	-166	-869
-1434	-1044	2709	-1057	-1076	-1157
-1158	-476	1863	-976	-1511	-1548
-734	41	1317	-771	-1411	-1399
-543	107	1306	-522	-880	-1263
-681	136	1812	-241	-237	-1131
-1164	402	2735	-142	56	-772
-1722	378	3437	-88	-102	-103
-1784	305	3935	0	51	379
-1685	-150	4921	9	304	435
-1674	-986	5708	-56	-111	197
-1664	-1367	5467	-67	-735	-164
-1611	-828	5000	-162	-1029	-375
-1562	-149	4511	-324	-1238	-407
-1366	505	4114	-407	-1008	-111
-1688	555	3988	-245	-438	619
-2945	-268	3874	62	342	746
-3290	-1466	4068	315	1467	908
-2891	-1003	5369	119	2109	578
-3145	449	5921	98	666	1384
-3087	463	4666	421	-958	1763
-2853	138	3011	512	-1602	1070
-2276	-369	2179	579	-1177	743
-1455	-701	2013	777	142	703
-1432	-413	2869	832	1582	475
-2027	-41	3920	996	1748	471
-2442	380	4413	942	1161	536
-2347	780	4213	832	136	695
-1849	933	3177	755	-598	969
-1334	758	2156	772	-609	1100
-884	520	1530	761	-143	1148
-781	366	1449	560	609	1067
-952	240	1932	380	1167	911
-1332	242	2570	203	1035	813
-1566	344	3071	27	361	661
-1510	463	3147	-82	-385	510
-1433	431	2995	-109	-791	490
-1361	80	2996	-59	-781	267
-1223	-122	3468	-29	-356	-203
-1527	5	4406	-66	68	-315
-1446	-14	3757	16	-19	11
-1446	-14	3757	16	-19	11
-1446	-14	3757	16	-19	11
-1480	-14	3787	10	-19	33
-1478	-19	3794	1	-38	37
-1444	-8	3767	-8	-33	24
-1453	2	3775	-12	3	15
-1444	43	3813	-34	-25	28
-1444	40	3767	-56	-63	26
-1445	5	3645	-75	-29	49
-1417	-17	3655	-82	59	32
-1409	19	3721	-100	61	51
-1413	15	3796	-122	21	35
-1434	-2	3849	-124	-25	-5
-1469	12	3832	-132	-58	25
-1533	-145	3737	-145	-66	-2
-1571	-223	3588	-148	-44	-141
-1533	-293	3484	-118	110	-201
-1518	-277	3593	-77	252	-267
-1619	-238	3664	-39	251	-340
-1544	-196	3606	-20	269	-354
-1451	-246	3704	-19	357	-338
-1555	-173	3855	-36	454	-358
-1560	-83	4095	-133	583	-367
-1597	-20	4248	-218	297	-286
-1519	-30	4049	-314	103	-251
-1372	-64	3866	-420	134	-229
-1278	-96	3922	-449	180	-214
-1318	-171	3905	-484	97	-145
-1196	-185	3759	-501	131	-112
-1177	-186	3754	-494	179	-86
-1188	-206	3829	-480	266	-55
-1232	-218	3965	-516	195	-69
-1253	-180	4042	-520	81	-36
-1219	-181	3975	-530	-110	50
-1220	-235	3809	-457	-239	146
-1152	-394	3533	-412	-284	171
-1063	-508	3283	-318	-94	157
-972	-612	3225	-217	236	58
-1000	-608	3456	-116	454	-16
-1047	-558	3731	-2	506	-97
-1139	-371	3940	139	450	-46
-1175	-199	4001	198	230	63
-1083	-239	3897	191	-7	173
-990	-402	3845	146	-62	151
-1087	-418	3897	140	136	189
-1270	-225	4245	128	423	241
-1595	8	4708	22	567	429
-2247	50	4997	-206	408	524
-2985	85	5398	-372	208	746
-2891	-509	5927	-409	409	926
-2983	-607	6956	-547	411	788
-2831	-295	6204	-603	-659	1029
-2582	-113	4078	-499	-1213	1336
-2242	-171	2339	-231	-874	1600
-1863	-492	1406	151	-5	1709
-1690	-456	1544	473	1589	1547
-2056	-268	2871	538	2422	1284
-2483	-218	4122	625	2259	900
-2388	-205	4941	688	1436	619
-2195	-301	5114	793	205	415
-1971	5	4315	833	-873	453
-1567	339	3062	858	-1430	848
-1009	548	1802	885	-1189	1121
-680	538	1277	857	-206	1114
-748	359	1486	696	871	1012
-1059	112	2266	530	1499	985
-1419	215	3112	519	1118	945
-1520	262	3603	500	316	1005
-1520	233	3445	507	-376	898
-1430	397	3230	437	-738	628
-1238	546	3026	405	-797	628
-1238	677	3057	237	-357	675
-1512	454	3692	-33	229	475
-2004	331	4742	-194	78	62
-2035	420	4925	-186	-801	-97
-1693	509	4123	-4	-1352	14
-1424	462	3431	185	-1042	42
-1550	155	3496	319	-261	-69
-1916	-150	4352	257	331	-429
-2859	340	5021	5	334	-639
-3147	1289	5346	-9	354	-377
-3247	1691	6035	381	687	-7
-2868	933	5945	842	-320	98
-2709	277	4200	566	-1079	-97
-2127	-300	2548	144	-1087	-681
-2051	-307	1787	-323	-257	-1310
-1953	77	2003	-674	791	-1663
-1689	633	3116	-766	1299	-1439
-1807	844	3902	-798	1169	-893
-2055	1006	4228	-768	718	-263
-2199	918	4340	-867	-75	112
-1969	583	3672	-877	-1175	339
-1571	106	2850	-905	-1372	156
-1371	-351	2398	-865	-1034	-80
-1232	-674	2165	-834	-741	-309
-1054	-857	2080	-756	-302	-573
-1145	-833	2255	-669	87	-925
-1227	-514	2605	-514	156	-1135
-1133	-58	2892	-233	6	-1019
-1133	-58	2892	-233	6	-1019
-1138	-16	3218	-85	-25	-952
-1253	-1	3538	41	-244	-729
-1295	-39	3559	82	-520	-494
-1353	-46	3340	68	-557	-281
-1193	-14	3546	104	-251	-233
-1045	-16	4154	317	-17	-37
-1076	-476	4721	338	-102	-235
-1196	-526	5001	123	-352	-714
-1470	-7	5025	-92	-504	-676
-1659	402	4580	-256	-785	-436
-2410	36	4075	-271	-730	-272
-2807	-426	4098	-278	274	-106
-2731	-557	5374	-175	1378	118
-2830	-53	6558	-329	723	138
-2508	388	5200	-346	-623	547
-2357	509	3198	-41	-1068	1137
-2095	-144	1935	291	-804	1408
-1579	-889	1453	689	234	1189
-1468	-686	2394	816	1484	917
-2057	-169	3820	825	2018	656
-2357	261	5069	857	1547	317
-2367	464	5435	873	434	306
-2026	568	4765	945	-679	568
-1709	541	3553	1023	-1246	986
-1275	211	2408	1009	-1349	1003
-746	172	1592	890	-746	820
-690	321	1384	618	264	623
-881	545	1698	333	1120	631
-1194	646	2445	230	1271	842
-1368	107	3793	66	83	-194
-1368	107	3793	66	83	-194
-1368	107	3793	66	83	-194
-1387	115	3884	62	71	-231
-1354	145	3878	67	1	-264
-1327	218	3830	80	-41	-264
-1345	232	3775	78	-33	-245
-1381	213	3769	64	8	-255
-1391	238	3788	59	16	-246
-1367	314	3782	60	4	-169
-1372	331	3754	59	39	-77
-1467	296	3673	57	159	39
-1467	296	3673	57	159	39
-1467	296	3673	57	159	39
-1467	296	3673	57	159	39
-1467	296	3673	57	159	39
-1467	296	3673	57	159	39
-1467	296	3673	57	159	39
-1467	296	3673	57	159	39
-1500	303	3684	44	183	48
-1624	391	3603	41	190	149
-1618	575	3342	43	320	352
-1456	693	3230	-28	565	521
-1391	496	3474	-132	739	580
-1459	316	3854	-233	698	571
-1553	213	4027	-238	638	596
-1452	158	4066	-197	612	519
-1346	108	4177	-141	543	441
-1501	16	4119	-6	441	373
-1452	-84	3962	178	289	289
-1261	-6	3751	276	353	185
-1238	12	3793	349	447	34
-1186	228	3849	403	441	-49
-1156	532	3950	426	349	-49
-1106	619	3995	409	226	-39
-1174	489	3975	385	-3	-3
-1117	318	3893	247	-243	-36
-979	295	3805	113	-354	-31
-828	470	3681	7	-417	25
-776	440	3563	-55	-306	54
-787	494	3645	-165	-236	25
-786	457	3911	-277	-307	37
-649	292	4073	-388	-591	-59
-370	209	3897	-468	-800	-124
-140	343	3777	-500	-650	-104
-158	517	3920	-441	-294	9
-573	489	4159	-188	45	117
-1302	41	4288	174	555	-6
-2243	-268	4505	379	1273	-347
-2773	338	5580	351	1678	-397
-3550	757	7828	593	1662	-626
-4359	1531	9276	1350	874	93
-4191	1018	7539	1535	-861	568
-3575	-261	3795	929	-1323	-230
-2561	-507	2084	340	-202	-1610
-2141	107	1839	33	769	-1974
-2052	589	2449	-303	1424	-1553
-1708	925	3175	-652	1665	-1018
-1818	953	3755	-866	1551	-265
-2037	783	3764	-964	1022	256
-1855	417	3321	-959	295	631
-1406	-237	2629	-1009	-189	457
-1110	-594	2237	-1061	-115	-159
-905	-868	2104	-1045	-12	-586
-753	-829	2032	-921	-11	-1003
-933	-415	2247	-820	-92	-1197
-920	-115	2377	-675	-251	-1071
-993	99	2600	-532	-330	-862
-1107	327	2697	-453	-613	-555
-1097	232	2697	-237	-607	-39
-1063	-159	3145	6	-237	310
-1564	-158	4069	-79	-281	437
-1564	-158	4069	-79	-281	437
-1534	-170	4292	-209	-269	154
-1439	-440	4622	-167	-267	-18
-1694	-473	4833	-202	-412	-234
-2217	97	4954	-293	-542	-42
-2698	318	5101	-250	-801	426
-3429	94	4659	-144	-758	904
-2974	-875	4382	-211	405	1171
-2738	-1074	4660	-365	844	421
-2736	-36	4384	-263	321	511
-2849	-298	3773	-85	-255	848
-2738	-416	3287	306	-528	480
-2230	-251	2869	633	-593	207
-1854	-4	2709	846	-44	401
-1436	15	3042	895	897	302
-1908	44	3825	1028	1308	138
-2287	267	3998	1075	877	156
-2217	345	3764	1081	278	502
-1986	359	3286	914	-253	463
-1521	189	2516	827	-555	528
-994	208	1924	948	-502	573
-653	383	1719	996	-144	698
-670	695	1807	962	104	866
-935	749	2199	716	236	1054
-1185	688	2548	489	9	949
-1188	666	2819	243	-110	698
-1214	629	3109	134	-111	478
-1458	469	3556	-61	-116	298
-1865	403	4134	-199	130	162
-2048	323	5056	-124	133	161
-2158	299	5383	-61	-405	-138
-2042	577	5190	79	-624	-347
-2032	907	5282	79	-329	-359
-3254	1392	4813	-176	-197	-15
-2902	1073	4854	198	612	100
-3310	134	5576	649	983	-31
-3042	-186	4609	686	-189	-364
-2916	-905	3052	292	-632	-883
-2395	-1016	2279	-174	-209	-1671
-1899	-267	2645	-544	504	-2198
-1598	1058	3568	-710	862	-2096
-1533	1769	3932	-728	792	-1400
-1704	1954	3729	-796	450	-367
-1731	1397	3452	-828	-68	549
-1612	30	2932	-848	-604	652
-1232	-475	2339	-1148	-898	117
-798	-859	1669	-1178	-779	-209
-566	-1104	1375	-1039	-156	-854
-739	-523	1661	-823	230	-1325
-974	-257	2230	-515	387	-1135
-1309	-22	2933	-250	354	-981
-1432	33	3680	-46	19	-831
-1454	83	4113	85	-493	-753
-1341	24	4077	292	-1055	-461
-965	205	3276	265	-860	102
-965	205	3276	265	-860	102
-869	-39	3618	220	-224	27
-1012	-367	4336	183	-12	-268
-1513	33	3693	-38	-5	26
-1498	10	3688	-37	32	24
-1504	1	3736	-38	55	18
-1508	-8	3777	-30	42	0
-1504	-3	3772	-13	23	-16
-1524	-1	3760	-8	10	-23
-1550	22	3764	-15	2	-15
-1530	24	3733	-23	9	-8
-1506	21	3693	-30	28	-17
-1492	20	3698	-32	48	-6
-1485	-10	3717	-22	67	-8
-1522	11	3725	-25	61	-18
-1603	-56	3678	-44	71	-12
-1564	-115	3678	-53	159	-77
-1550	-94	3802	-53	152	-148
-1561	-76	3759	-72	60	-139
-1657	-125	3637	-104	22	-186
-1799	-290	3520	-109	81	-368
-1750	-353	3486	-80	191	-533
-1590	-338	3537	-52	251	-590
-1525	-226	3598	-29	235	-585
-1502	-158	3575	1	224	-611
-1414	-93	3640	9	273	-592
-1490	-7	3770	48	335	-419
-1516	19	3918	96	475	-240
-1506	47	4165	32	438	-150
-1560	120	4293	-53	281	-108
-1535	100	4086	-198	138	-75
-1587	66	4179	-438	61	-144
-1481	-26	3943	-514	-215	-117
-1359	-138	3697	-520	-195	-92
-1237	-166	3619	-535	-64	-63
-1238	-182	3697	-520	27	15
-1248	-102	3820	-500	19	54
-1275	-25	3862	-455	-127	185
-1138	-37	3745	-378	-214	308
-1066	-123	3600	-325	-225	387
-1023	-351	3501	-228	-96	389
-993	-457	3562	-104	95	328
-1045	-404	3718	55	147	369
-989	-467	3722	214	108	392
-928	-455	3732	337	25	282
-846	-412	3710	400	-5	223
-823	-250	3851	388	9	168
-869	-14	4157	389	59	254
-980	228	4486	317	145	493
-1279	213	4844	161	-133	519
-1776	66	4577	-65	-398	491
-2225	-347	4386	-279	-286	363
-2061	-218	5089	-606	344	461
-2426	-90	6769	-1058	531	334
-3468	-233	8523	-1199	-460	226
-3494	-153	7139	-806	-2056	664
-2756	126	3734	-443	-2263	1564
-2076	241	1420	152	-717	2575
-1277	328	823	421	1186	3064
-1752	-479	1974	633	2869	2464
-2600	-786	3912	583	2617	1264
-2412	-668	4960	788	1463	590
-2160	-94	4864	1030	272	234
-1819	234	3743	1017	-872	204
-1378	375	2506	1031	-1253	437
-996	627	1659	1079	-778	935
-695	697	1332	977	-2	1163
-703	508	1550	655	1118	1129
-1205	113	2462	393	1814	924
-1563	-195	3364	496	1249	638
-1545	-104	3669	534	384	422
-1463	140	3560	623	-302	362
-1539	440	3312	648	-625	286
-1464	650	3170	560	-573	81
-1305	844	3015	512	-374	16
-1339	578	3056	389	186	29
-1453	329	3566	191	830	-233
-1816	477	4469	104	671	-387
-1775	655	4552	62	-86	-435
-1562	651	3880	69	-543	-491
-1419	591	3270	174	-323	-573
-1397	637	3229	253	443	-581
-1763	526	4024	189	1077	-604
-2671	732	4827	-81	894	-583
-3041	917	5345	-19	646	-545
-3057	847	5785	433	557	-295
-2524	568	5432	771	-342	-287
-2649	528	3904	677	-977	-338
-2454	69	2442	407	-876	-856
-2241	51	1805	67	-2	-1421
-2310	273	2160	-220	900	-1714
-2514	346	3055	-332	1423	-1756
-2686	378	4011	-335	1212	-1492
-2695	574	4304	-216	499	-1025
-2369	599	4187	-335	-36	-636
-2091	568	3892	-528	-479	-565
-1862	388	3502	-712	-731	-573
-1685	113	2967	-853	-748	-737
-1448	-148	2418	-924	-585	-880
-1366	-405	2262	-893	-255	-1187
-1278	-499	2256	-765	7	-1201
-1351	-570	2488	-649	213	-1345
-1471	-241	2843	-497	99	-1374
-1529	19	3095	-350	-126	-1157
-1508	244	3213	-262	-392	-899
-1546	327	3299	-200	-625	-553
-1463	199	3225	-119	-762	-236
-1403	-9	3129	-60	-721	-8
-1394	-148	3135	-78	-629	94
-1353	-255	3298	54	-493	117
-1369	-358	3572	208	-430	107
-1337	-489	3743	257	-388	-1
-1361	-350	3856	214	-372	-100
-1414	-113	3966	144	-368	-28
-1378	-46	4048	66	-316	115
-1494	-65	4134	-52	-283	192
-1957	-46	4027	-149	-314	326
-2516	-439	3795	-302	-5	179
-2729	-521	4319	-536	765	-86
-3302	-612	5793	-468	1008	-105
-3449	-471	6540	-271	311	-89
-2999	-188	5826	73	-661	623
-2363	-41	4009	269	-947	1121
-1766	177	2887	380	-454	1244
-1780	370	2463	451	184	1354
-2023	240	2492	381	583	1334
-2156	150	2667	336	816	1195
-2193	101	3092	401	991	1159
-2125	256	3716	455	1054	1162
-2123	426	4248	525	769	1366
-2067	381	4272	592	98	1493
-1909	175	3804	607	-509	1409
-1643	33	3087	532	-765	1113
-1299	111	3817	20	60	10
-1299	111	3817	20	60	10
-1299	111	3817	20	60	10
-1299	111	3817	20	60	10
-1316	119	3798	49	105	-21
-1325	156	3776	60	131	-16
-1328	210	3786	61	145	-9
-1301	214	3816	78	141	12
-1231	108	3830	108	177	-14
-1302	86	3886	114	136	-94
-1363	164	3833	106	53	-131
-1358	247	3709	111	87	-129
-1296	288	3751	127	195	-129
-1313	342	3818	161	252	-61
-1441	492	3821	203	240	92
-1289	567	3703	213	198	223
-1136	445	3670	139	257	201
-1314	255	3839	34	374	74
-1359	74	4077	50	399	-11
-1264	-29	4313	215	321	-90
-1217	7	4260	359	115	-160
-1251	229	4038	494	-8	-188
-1149	484	3843	547	11	-138
-1179	653	3757	536	26	-56
-1185	663	3638	564	0	-22
-1180	549	3548	468	121	-46
-1151	455	3634	326	249	-137
-1177	537	3862	261	253	-164
-1274	610	3981	241	104	-45
-1234	560	3870	224	23	65
-1202	526	3773	189	-20	95
-1190	478	3705	151	32	133
-1118	340	3730	115	100	122
-1124	291	3706	108	125	25
-1091	228	3650	77	160	-57
-1107	284	3669	28	151	-200
-1074	454	3696	-6	152	-222
-979	494	3694	1	205	-184
-927	529	3769	-11	178	-140
-885	523	3737	-89	54	-94
-835	479	3714	-189	-37	-125
-693	553	3741	-345	-101	-98
-636	553	3769	-452	-57	0
-662	484	4025	-487	-31	43
-727	426	4292	-483	-160	-31
-824	312	4320	-400	-278	-78
-842	298	4162	-272	-262	-111
-1104	683	3811	-179	40	72
-1509	486	4092	0	741	300
-2073	202	5157	131	1154	-20
-2620	650	6539	381	1338	-34
-3316	504	7782	562	784	220
-2778	442	7350	763	-225	-133
-2423	260	5738	774	-690	-696
-2260	261	3955	619	76	-945
-2401	131	3335	493	880	-1037
-2412	343	3174	376	1174	-1118
-2400	222	3103	342	1163	-1046
-1938	221	3076	113	1075	-1204
-1604	587	3160	-267	1079	-1295
-1621	945	3415	-643	983	-924
-1661	933	3349	-895	687	-406
-1556	525	3045	-1016	248	-72
-1389	-39	2599	-1066	-170	-157
-1235	-319	2145	-1153	-347	-445
-1133	-652	1962	-1212	-195	-809
-1083	-682	2036	-1049	53	-1059
-1217	10	2865	-658	159	-901
-1217	10	2865	-658	159	-901
-1433	213	3332	-551	-13	-591
-1422	113	3435	-515	-349	-409
-1361	-48	3452	-410	-365	-339
-1410	-202	3569	-285	-416	-269
-1418	-435	3513	-255	-468	-231
-1415	-448	3485	-235	-376	-242
-1412	-329	3538	-237	-366	-198
-1372	-307	3486	-211	-475	-200
-1289	-345	3236	-135	-543	-142
-1198	-431	3192	-17	-250	-27
-1292	-486	3639	37	167	-23
-1596	-376	4235	68	280	105
-2089	-227	4592	56	52	407
-2478	-203	4756	39	-184	631
-2826	-546	4759	-22	-7	563
-2559	-820	5123	-117	460	433
-2904	-983	5388	-168	336	54
-3018	-483	4700	-121	-160	145
-2538	-29	3631	12	-365	581
-2359	281	2767	292	-55	1024
-2293	420	2407	442	594	1226
-2439	390	2864	431	1156	1216
-2492	331	3588	319	1168	1092
-2392	114	4184	265	852	1009
-2271	-89	4416	373	426	1042
-2197	-221	4413	606	-76	1039
-2087	-241	3838	692	-595	785
-1746	29	3117	707	-717	660
-1378	501	2522	651	-538	783
-1143	799	2224	599	-117	998
-1245	861	2260	526	215	1211
-1290	753	2287	471	285	1463
-1295	535	2469	433	311	1537
-1382	388	2765	312	194	1492
-1489	242	2951	207	-90	1331
-1517	197	3060	146	-310	1111
-1427	292	3203	39	-368	929
-1411	380	3389	-130	-391	715
-1413	495	3480	-240	-409	558
-1599	540	3723	-346	-534	415
-1637	483	3712	-419	-721	301
-1422	421	3675	-387	-705	314
-1236	446	3731	-320	-602	299
-1320	460	3820	-268	-509	203
-1325	415	3906	-171	-297	49
-1425	289	4057	-56	-24	-137
-1803	45	4280	-56	166	-516
-2373	-62	4314	-103	196	-968
-2597	516	4499	14	572	-1177
-2581	1095	5167	269	1084	-899
-2736	1057	6094	548	880	-490
-2759	898	5807	852	23	-238
-2630	248	4270	766	-704	-552
-2282	-200	2857	507	-464	-1388
-2094	-115	2367	157	146	-1920
-2215	-14	2660	-144	826	-2083
-2146	314	3600	-267	994	-1922
-2134	771	4133	-309	526	-1539
-2053	950	3932	-315	-15	-1040
-1903	1063	3646	-473	-223	-693
-1857	925	3644	-711	-410	-356
-1540	171	3799	-67	-54	-210
-1535	119	3862	-72	-82	-221
-1530	110	3842	-63	-156	-234
-1516	91	3754	-46	-200	-262
-1495	98	3652	-20	-178	-243
-1460	119	3603	-17	-108	-227
-1488	184	3635	-33	-50	-196
-1518	177	3717	-59	-11	-182
-1535	206	3810	-80	-27	-147
-1477	184	3822	-91	-78	-104
-1485	147	3725	-92	-95	-74
-1444	73	3601	-91	-55	-79
-1468	36	3569	-85	35	-94
-1506	-13	3621	-62	93	-105
-1542	-60	3715	-39	120	-145
-1579	5	3792	-55	109	-165
-1621	39	3893	-66	73	-140
-1619	20	3810	-55	29	-101
-1589	-107	3726	-62	42	-170
-1711	-129	3599	-98	80	-230
-1809	-336	3481	-123	144	-365
-1693	-538	3394	-171	236	-689
-1470	-570	3414	-190	299	-891
-1339	-306	3570	-136	372	-900
-1438	-135	3775	-65	486	-761
-1530	-11	4182	-55	615	-575
-1567	120	4540	-124	364	-402
-1545	207	4523	-267	-96	-263
-1428	155	4098	-445	-219	-174
-1351	44	3911	-613	-267	-168
-1211	-74	3562	-699	-236	-131
-1133	-177	3319	-707	-14	-69
-1079	-287	3267	-615	304	-52
-1140	-345	3449	-487	572	4
-1295	-410	3826	-453	649	9
-1401	-304	4095	-460	505	-22
-1410	-270	4207	-450	128	-40
-1342	-264	4103	-370	-294	-34
-1318	-198	3836	-237	-523	114
-1172	-294	3534	-92	-600	189
-984	-410	3418	25	-558	164
-689	-509	3452	135	-496	194
-487	-535	3644	292	-435	164
-331	-508	3898	501	-366	133
-346	-528	4259	656	-184	32
-740	-519	4470	608	-48	-203
-1279	-105	4582	362	389	-483
-1448	731	4805	-54	948	-22
-1503	1041	5182	-583	1270	362
-2373	1179	5653	-1071	1110	854
-3601	-11	6299	-1118	377	1325
-4278	-2290	5792	-939	318	985
-2610	-2509	5753	-852	579	344
-2380	-303	4554	-263	156	1275
-2718	1097	3325	543	-84	2457
-1943	792	2514	786	35	2687
-1945	32	2711	652	227	2171
-1397	-1086	2835	585	1044	1502
-1424	-1205	3553	760	1880	445
-2081	-480	4022	876	1573	10
-2037	165	3999	913	754	166
-1716	522	3459	971	-87	538
-1436	527	2614	1055	-584	983
-1051	301	1952	1028	-610	1113
-651	169	1606	945	-181	1083
-589	304	1812	681	433	923
-1113	424	2430	536	611	736
-1655	448	3036	505	118	628
-1699	658	3118	564	-430	688
-1682	537	2951	602	-661	661
-1687	250	2814	599	-375	317
-1616	294	3168	472	432	-178
-2024	336	4066	317	1166	-498
-2360	303	5385	138	1280	-930
-2755	411	6437	63	711	-1132
-2634	360	6638	222	-235	-1166
-2596	614	5511	394	-1312	-982
-3565	1198	3000	276	-1734	-494
-2416	1598	1411	621	28	-289
-1317	862	2860	525	1386	-799
-3479	-209	3650	94	840	-976
-3456	-990	3687	-418	458	-1252
-2641	-786	4341	-807	85	-1725
-2394	457	4077	-656	-577	-1728
-1769	1534	3477	-603	-311	-1113
-1737	1659	3352	-573	99	-452
-1906	988	3333	-798	86	-10
-1613	263	3174	-1097	-165	-63
-1366	-342	2900	-1341	-666	-206
-1034	-738	2258	-1390	-1096	-525
-933	-687	1738	-1320	-1166	-827
-778	-553	1418	-1006	-802	-772
-715	-237	1626	-593	-342	-532
-924	-39	2265	-342	99	-452
-1300	174	3210	-229	194	-337
-1601	339	3822	-254	-163	-30
-1833	452	3964	-379	-502	362
-1868	275	4082	-517	-482	660
-1669	-338	4451	-452	-282	762
-1796	-1160	4905	-378	-327	572
-2133	-1115	5108	-399	-511	57
-2371	-369	5246	-369	-868	-21
-2782	-5	4822	-209	-1066	257
-2988	-258	3899	-93	-362	675
-2314	-1054	3943	-179	904	607
-2743	-506	3966	-183	1086	375
-2577	154	3917	142	515	753
-2725	577	3590	469	128	1153
-2473	132	3424	709	7	1024
-2070	-11	3417	910	-7	1098
-1749	-227	3633	918	480	892
-1849	-429	4140	850	546	723
-2075	-246	4007	890	258	582
-1863	89	3489	1028	-77	734
-1611	332	2832	981	-234	832
-1300	492	2299	890	-68	864
-1014	578	1929	969	223	990
-927	650	1977	899	680	1108
-994	717	2397	704	784	1179
-1363	431	2818	425	338	1125
-1542	224	2928	210	-615	814
-1245	173	2364	144	-1259	566
-1040	525	1993	135	-1150	318
-1109	449	2130	-57	-350	189
-1652	118	3399	-162	428	-284
-2204	150	5069	-179	274	-513
-2240	610	5908	-147	-481	-334
-1959	1073	5875	-113	-908	-143
-1667	1230	5686	-78	-939	-133
-2374	1356	4929	-150	-759	35
-1197	38	3819	-117	-46	128
-1137	65	3734	-95	-24	72
-1172	75	3729	-69	29	30
-1175	30	3728	-33	96	-7
-1212	7	3854	-1	127	-52
-1243	52	3940	9	80	-52
-1211	64	3983	8	13	-92
-1171	128	3935	19	-38	-106
-1152	127	3819	33	-29	-111
-1203	99	3774	27	15	-149
-1264	42	3735	21	82	-208
-1338	-136	3717	12	170	-334
-1307	-101	3713	21	260	-474
-1214	12	3800	49	331	-503
-1199	278	3931	70	265	-435
-1155	89	3979	65	166	-454
-1100	-137	3833	59	78	-658
-1010	-45	3816	51	174	-690
-1078	86	3869	70	328	-474
-1265	187	4113	7	477	-428
-1150	269	4163	-104	318	-397
-1149	197	4037	-213	202	-450
-1166	52	3865	-272	200	-521
-1207	-172	3614	-242	259	-585
-1083	-187	3453	-253	457	-693
-1190	-10	3608	-236	728	-583
-1251	109	3875	-234	767	-427
-1262	290	4177	-257	684	-313
-1242	329	4356	-283	419	-123
-1128	107	4313	-339	95	-35
-1050	124	4196	-387	-192	43
-925	65	3978	-445	-334	156
-783	45	3876	-411	-212	260
-708	-11	4007	-388	-110	284
-697	-80	4136	-407	-193	239
-635	-189	3963	-431	-388	172
-551	-363	3714	-357	-423	55
-491	-452	3572	-194	-272	-35
-429	-400	3498	-37	-102	-91
-374	-256	3518	81	54	-57
-249	-78	3561	216	182	40
-269	8	3585	343	217	151
-325	238	3490	459	311	163
-525	250	3659	544	645	182
-657	-6	4218	473	820	23
-909	-578	4972	262	639	34
-1331	-689	5417	-137	213	-149
-2119	-187	4955	-456	-62	-42
-2047	330	4660	-688	322	140
-2336	46	5962	-982	909	240
-3380	-958	8698	-1096	1246	-94
-3458	-1268	8289	-877	-604	-800
-3104	-567	4272	-290	-1310	371
-2167	-317	2005	446	-7	1257
-1895	34	1490	726	1381	1330
-2086	128	1822	750	2522	865
-2529	-47	3163	920	2774	529
-2625	-343	4242	1156	2079	204
-2242	-296	4652	1378	1346	-147
-2059	62	4495	1386	297	-262
-1856	440	3601	1319	-690	-7
-1337	751	2531	1154	-1114	315
-867	876	1881	980	-703	658
-772	782	1659	897	-255	818
-589	779	1548	770	450	889
-856	434	1924	651	1172	923
-1208	241	2627	495	1294	816
-1340	251	3172	445	855	807
-1512	402	3463	419	323	793
-1513	711	3545	413	-205	791
-1502	679	3462	333	-439	711
-1336	427	3543	229	-306	393
-1254	246	3949	127	-57	121
-1497	377	4410	43	-212	6
-1646	583	4484	-30	-642	23
-1627	752	4229	-50	-956	99
-2065	833	4265	-116	-907	-10
-2640	1302	4789	-238	-473	-1
-3463	847	5783	85	706	77
-3738	388	6630	635	457	-210
-3438	224	4856	797	-487	-521
-2733	-256	3320	445	-466	-1294
-2330	-180	2671	-5	-263	-1888
-2300	490	2648	-405	-35	-1984
-1782	1181	3106	-700	406	-1299
-1607	1264	3435	-894	581	-509
-1603	1108	3500	-1034	614	2
-1915	860	3805	-1125	413	294
-1784	503	3510	-1008	-372	532
-1628	-149	3004	-1008	-644	237
-1426	-631	2604	-1052	-879	-205
-1187	-829	2060	-1128	-1070	-565
-876	-966	1536	-1161	-820	-880
-815	-643	1423	-951	-203	-1142
-937	-239	1701	-673	197	-1174
-920	67	2236	-388	464	-1094
-1088	295	2935	-156	461	-918
-1214	291	3519	48	297	-549
-1286	133	4082	215	-6	-225
-1378	23	4321	299	-291	48
-1529	-57	4451	206	-477	253
-1468	-147	4661	45	-540	166
-1393	-406	4890	-97	-639	-199
-1327	-354	4749	-309	-706	-624
-1354	90	4584	-599	-696	-675
-1742	418	4660	-714	-564	-354
-2850	-22	4468	-384	-320	66
-2685	-503	4689	-60	499	509
-2798	-708	5879	-196	1714	569
-2827	-111	6373	-474	420	604
-3038	39	4473	-239	-1184	779
-2453	-315	2525	49	-1688	1018
-1779	-718	1525	420	-738	870
-1533	-358	1481	818	607	805
-1650	68	2503	925	1822	649
-2145	255	4036	985	2222	450
-2305	128	4947	959	1415	372
-2362	129	4966	975	187	402
-2075	345	4121	964	-1023	573
-1537	484	2762	920	-1540	897
-999	476	1608	866	-1275	986
-541	593	1067	692	-129	869
-613	658	1401	378	1366	855
-1196	409	2286	208	1905	949
-1507	506	3101	167	1260	1019
-1532	445	3296	122	345	1100
-1426	340	3057	181	-202	1044
-1183	225	2960	226	-319	823
-1021	198	3251	100	7	523
-1124	50	4057	-43	288	190
-1500	276	3788	1	0	-19
-1505	285	3787	9	-29	-36
-1468	271	3739	13	-28	-41
-1461	275	3739	7	1	-58
-1501	313	3743	4	9	-44
-1497	279	3740	15	38	-52
-1501	294	3793	25	16	-95
-1514	296	3721	36	-25	-79
-1485	325	3635	48	2	-96
-1500	358	3659	48	50	-70
-1509	356	3679	42	84	-27
-1502	331	3706	33	97	-10
-1498	340	3717	34	108	-10
-1486	326	3719	30	123	-13
-1512	339	3744	40	113	-15
-1504	374	3703	39	100	35
-1470	415	3694	22	120	80
-1547	445	3717	5	116	109
-1658	551	3565	-8	85	177
-1775	734	3211	-39	181	371
-1617	710	3121	-79	465	497
-1517	539	3417	-153	723	529
-1519	269	3980	-224	789	517
-1674	128	4444	-214	602	379
-1712	33	4496	-92	265	213
-1648	150	4203	53	-61	82
-1607	337	3672	120	-200	39
-1522	533	3148	151	-125	107
-1276	625	2941	88	208	193
-1234	531	3274	22	697	250
-1519	628	3760	53	827	331
-1638	590	3945	158	749	477
-1677	446	4118	225	608	509
-1605	271	4179	234	361	374
-1552	259	4120	234	93	193
-1491	309	3969	245	-119	72
-1398	287	3749	303	-261	-32
-1262	279	3476	319	-238	-212
-1158	395	3357	271	-151	-342
-1085	461	3303	126	91	-416
-1021	699	3480	-15	290	-422
-1056	839	3654	-108	315	-286
-1135	837	3809	-168	242	-131
-1111	498	4032	-269	105	-98
-1058	312	4318	-381	-54	-195
-984	280	4395	-378	-329	-261
-996	423	4330	-255	-548	-214
-1055	398	4439	-68	-502	-80
-1533	234	4729	163	-303	-137
-2838	589	4852	286	-36	170
-2908	737	6244	743	420	219
-3729	1046	7337	1293	676	515
-3254	283	7201	1375	-313	275
-3240	-258	4126	800	-951	-746
-2044	-20	2263	326	234	-1749
-2247	-138	2165	-83	1544	-2225
-2389	163	2670	-194	1749	-2332
-1867	962	3728	-395	1581	-1985
-1695	1200	4418	-541	923	-1251
-1684	1279	4155	-724	315	-495
-1696	1158	3568	-781	-331	391
-1551	155	2787	-853	-646	504
-1173	-269	2083	-1019	-722	-129
-1001	-691	1671	-997	-414	-511
-666	-727	1365	-935	29	-862
-733	-524	1750	-913	796	-1075
-1052	-180	2548	-858	880	-1180
-1086	115	3212	-814	464	-1270
-1307	283	3561	-784	-257	-1127
-1566	321	3603	-638	-664	-635
-1801	475	3347	-751	-996	-67
-1459	426	3186	-774	-583	533
-1067	-513	3927	-472	234	578
-1395	-1563	5143	-539	116	-465
-2229	-1575	5572	-632	-723	-625
-2517	-815	5400	-629	-1187	-482
-1927	229	5345	-454	-1259	-42
-2397	779	4808	169	-1133	1049
-3478	-659	3959	320	-510	1320
-2759	-1873	3598	-29	1157	586
-2098	144	3604	3	866	1159
-3086	522	3086	438	269	1977
-2975	-77	3279	555	21	1320
-2268	9	3915	401	1	656
-1950	-307	4280	332	-68	616
-1617	-291	3809	619	-96	598
-1819	9	3291	932	165	682
-1885	198	3033	1040	290	819
-1631	219	2764	1014	191	737
-1353	203	2355	922	242	631
-1016	279	2020	912	323	673
-792	565	1932	793	250	736
-517	870	1944	530	-29	977
-742	772	1884	269	-300	1194
-1223	364	2025	153	-300	994
-1449	81	2396	33	-164	404
-1549	65	3281	-93	-124	75
-1656	-251	4386	-178	-182	-508
-1919	267	5206	-102	-304	-797
-2171	237	5672	190	-417	-447
-2188	667	5936	416	-560	-403
-2373	1609	5795	229	-829	-123
-3787	2484	4481	-259	-1106	698
-2610	1661	3336	63	754	681
-2419	334	5400	498	2292	758
-3010	-589	5978	531	774	683
-3134	-2000	4482	127	-1035	-145
-2772	-2004	2711	-306	-1469	-1532
-1883	-258	2406	-676	-776	-2367
-1522	972	2737	-791	-10	-2409
-1058	2350	3066	-450	1004	-1707
-1838	2528	4294	-213	1329	-91
-2251	994	4106	-329	523	874
-1677	-199	3577	-761	-63	490
-1261	-563	3099	-1281	-426	-120
-962	-890	2307	-1714	-1064	-610
-564	-800	1452	-1701	-1450	-1219
-304	-424	737	-1322	-1403	-1186
-151	-509	494	-990	-782	-881
-79	-757	901	-228	493	-961
-1400	-468	2120	35	1298	-1160
-2120	255	3282	145	494	-714
-2076	654	4617	594	650	115
-1461	331	6481	814	293	1149
-1148	-1402	6800	546	-555	590
-1963	-1440	6320	-52	-918	-863
-2263	-390	5608	-453	-1561	-1459
-1490	633	4812	-357	-1683	-700
-1324	1475	4077	-84	-1207	550
-2486	814	3083	307	-573	1359
-1380	27	3800	-13	170	-1
-1470	41	3889	-20	98	-27
-1485	65	3834	-28	-3	-90
-1383	52	3802	-26	-33	-140
-1354	94	3811	-15	-17	-152
-1365	132	3874	-9	-26	-129
-1389	133	3855	4	-57	-126
-1393	164	3775	19	-77	-116
-1361	151	3763	36	-47	-101
-1386	161	3752	47	-4	-85
-1408	177	3814	47	14	-58
-1395	171	3801	54	14	-30
-1397	144	3798	63	25	-34
-1429	127	3824	70	-1	-61
-1437	149	3777	72	-2	-61
-1450	218	3745	81	8	-50
-1508	348	3607	55	46	72
-1524	477	3452	21	163	219
-1465	404	3514	-7	339	285
-1437	197	3794	-27	436	256
-1465	-80	4128	-36	321	115
-1515	-166	4358	21	94	-53
-1451	-26	4263	124	-164	-175
-1242	136	3775	205	-244	-168
-1176	242	3473	228	-105	-151
-1130	345	3284	245	161	-106
-1143	273	3417	267	589	-77
-1251	203	3757	301	787	-105
-1387	288	4173	368	721	-70
-1386	301	4378	392	385	-75
-1276	245	4260	417	-7	-100
-1110	164	3938	430	-311	-168
-899	266	3688	389	-322	-200
-814	280	3600	304	-113	-153
-835	135	3704	208	89	-269
-877	97	3899	154	237	-363
-1118	20	4245	179	79	-480
-1073	391	4190	165	-262	-462
-934	540	3795	163	-425	-281
-859	418	3519	134	-312	-235
-745	342	3517	109	-37	-263
-716	354	3812	38	85	-249
-650	364	4041	3	5	-224
-646	250	4011	65	-152	-153
-588	195	3862	101	-213	-123
-419	387	3729	156	-147	-99
-322	787	3823	206	117	-19
-637	957	3969	210	483	148
-1358	574	4218	189	970	104
-2525	287	4833	29	1417	-155
-3036	351	6694	58	1575	-442
-3609	638	8374	564	795	-598
-2995	579	7967	1029	-654	-206
-2869	662	4831	1128	-1049	-22
-2572	349	2345	772	-110	-301
-2643	-99	1714	404	1305	-875
-2881	-140	2233	327	1967	-1245
-2468	279	2987	136	2131	-1102
-2252	542	3742	-135	2025	-680
-2537	548	4314	-332	1509	-438
-2682	506	4324	-501	671	-203
-2338	203	3901	-595	2	-117
-1855	-337	3306	-735	-352	-410
-1511	-495	2662	-901	-393	-953
-1254	-421	2278	-837	-296	-1133
-1083	-130	2143	-821	-52	-1136
-879	191	2195	-837	-88	-998
-860	100	2373	-879	-249	-772
-839	158	2367	-893	-559	-593
-1028	89	2326	-866	-580	-275
-1271	87	2607	-866	-350	-161
-1453	-82	2973	-777	-314	169
-1517	-355	3210	-534	-114	373
-1680	-311	3715	-414	-36	436
-1903	-328	4243	-305	-228	511
-2027	-244	4417	-255	-667	533
-1775	-294	3983	-300	-1076	523
-1470	-494	3450	-372	-1087	394
-1348	-481	3198	-395	-688	277
-1374	-416	3367	-354	-189	399
-1552	-454	3806	-234	202	438
-1962	-240	4300	-83	220	711
-2484	-662	4487	35	288	864
-2779	-890	4770	-21	373	601
-2949	-590	5233	-189	410	374
-3268	-376	5414	-387	66	205
-2984	70	4760	-368	-323	369
-2566	300	3636	-91	-573	732
-2237	100	2603	289	-349	1098
-1990	-75	2146	423	328	1033
-2016	-58	2244	351	1013	731
-2152	-107	2912	376	1501	277
-2252	-27	3797	433	1527	201
-2244	-1	4563	676	1161	454
-2308	266	4887	843	194	607
-2129	377	4298	781	-793	629
-1747	701	3157	668	-1267	788
-1260	742	2119	660	-1134	1071
-1028	646	1595	600	-373	1125
-921	683	1622	352	575	1162
-1295	504	2301	203	1187	1249
-1632	250	3067	265	893	1338
-1774	150	3409	195	312	1201
-1797	153	3336	166	-197	969
-1663	164	3313	105	-330	680
-1524	389	3363	1	-399	474
-1463	691	3450	-102	-347	466
-1710	497	3651	-221	-371	409
-1773	484	3746	-265	-564	346
-1684	376	3617	-249	-691	314
-1439	331	3287	-163	-708	209
-1262	458	3106	-85	-376	169
-1363	438	3331	-41	117	148
-1569	369	3864	40	598	68
-1848	157	4403	103	610	-178
-2439	415	4513	-61	312	-483
-2620	812	4211	-117	166	-497
-2520	1145	4361	-37	505	-290
-2612	693	5230	148	765	-84
-2789	481	5890	599	455	164
-3007	294	4890	695	-583	184
-2742	-105	2987	444	-810	-369
-2249	206	2091	109	43	-1186
-2374	402	2264	-170	887	-1510
-2547	346	3053	-286	1401	-1481
-2612	236	4107	-349	1262	-1350
-2682	296	4491	-293	495	-1113
-2343	451	4162	-357	-143	-873
-2129	532	3860	-546	-424	-744
-1887	448	3454	-681	-603	-638
-1608	-137	3711	-72	-87	284
-1688	-207	3730	-55	-115	270
-1696	-240	3730	-54	-135	191
-1704	-217	3692	-64	-146	93
-1661	-188	3633	-67	-139	29
-1637	-164	3650	-67	-106	10
-1611	-109	3697	-62	-77	-9
-1649	-152	3676	-50	-51	-5
-1624	-175	3710	-53	-51	-69
-1618	-186	3764	-68	-111	-96
-1694	-347	3677	-62	-169	-209
-1784	-582	3463	-35	-137	-474
-1631	-615	3338	8	43	-651
-1502	-492	3415	82	222	-705
-1574	-140	3576	131	361	-681
-1646	-54	3761	166	365	-561
-1559	-40	4049	-217	17	-394
-1559	-40	4049	-217	17	-394
-1559	-40	4049	-217	17	-394
-1559	-40	4049	-217	17	-394
-1496	-136	3903	-316	-94	-366
-1389	-162	3675	-378	-114	-327
-1350	-122	3552	-403	-1	-245
-1273	-269	3457	-362	121	-141
-1298	-496	3489	-345	305	-195
-1440	-539	3693	-312	343	-303
-1489	-479	3715	-243	312	-291
-1542	-396	3803	-204	304	-278
-1514	-267	3842	-190	197	-269
-1466	-212	3792	-199	102	-260
-1446	-182	3749	-178	63	-224
-1409	-139	3658	-139	72	-116
-1395	-135	3667	-116	88	53
-1298	-198	3596	-115	73	156
-1264	-310	3535	-74	146	209
-1231	-462	3602	-7	246	168
-1178	-446	3752	44	266	109
-1136	-424	3901	100	158	61
-1058	-370	3957	184	4	3
-953	-420	3838	283	-143	-21
-916	-211	3792	386	-167	13
-972	-189	3790	519	-194	189
-969	-179	3767	578	-176	234
-943	-5	3864	593	-183	486
-898	-33	4018	606	-163	709
-935	-269	4141	522	-155	602
-1157	-161	4359	272	-92	458
-1504	290	4549	18	267	774
-1798	602	4844	-294	564	1070
-2595	156	5270	-592	419	1039
-3468	-891	5638	-800	283	709
-3244	-1020	6331	-856	890	437
-3410	-43	7163	-848	311	1025
-2652	378	5471	-661	-931	1591
-2333	489	2972	-340	-1162	2014
-1955	188	1441	7	-342	2327
-1438	-788	953	377	1239	2192
-1834	-884	2105	791	3087	1333
-2383	-618	4057	723	3039	661
-2458	-91	4868	753	1901	334
-2196	254	4720	932	719	518
-1854	601	4073	1098	-334	661
-1720	868	3277	1065	-955	962
-1346	1004	2309	897	-1222	1211
-991	892	1524	806	-1083	1571
-564	652	863	566	-247	1480
-460	381	1016	-50	1569	1284
-911	170	2223	-349	2605	1284
-1826	13	3895	-134	1488	1336
-1834	97	4214	-187	-204	1136
-1991	-23	3624	-37	-1318	917
-1886	-110	2859	175	-1577	434
-1691	-196	2588	212	-802	-221
-1703	-268	3027	157	393	-786
-1707	79	4311	-82	1422	-1275
-2354	711	5858	-53	1327	-1339
-2424	1092	6511	283	120	-1010
-3290	478	4497	756	-47	-157
-3290	478	4497	756	-47	-157
-3290	478	4497	756	-47	-157
-3290	478	4497	756	-47	-157
-3290	478	4497	756	-47	-157
-3290	478	4497	756	-47	-157
-3272	-505	3252	487	-711	-842
-2970	-601	2654	167	-428	-1799
-2673	-110	2853	-87	16	-2142
-2546	405	3614	-233	431	-1948
-2486	858	3787	-161	178	-1299
-2246	1168	3398	-215	187	-668
-2245	1201	3783	-530	468	-309
-2328	843	3993	-822	-65	-30
-2042	426	3586	-981	-576	78
-1605	-285	2960	-1108	-850	-232
-1260	-670	2278	-1101	-923	-496
-1112	-895	1927	-1101	-789	-817
-955	-759	1825	-1001	-523	-1120
-934	-549	1955	-807	-348	-1155
-1020	-229	2220	-598	-210	-1211
-1132	119	2585	-398	-219	-952
-1239	106	3100	-234	-161	-591
-1430	98	3614	-71	-346	-248
-1550	228	3705	23	-601	113
-1611	192	3714	-35	-531	437
-1488	-78	3797	-144	-482	517
-1249	-469	4003	-144	-365	439
-1214	-810	4414	-138	-255	183
-1492	-733	4930	-222	-361	-97
-1739	-549	5396	-240	-706	-168
-2071	-501	5362	-31	-933	183
-2764	-311	5059	206	-541	505
-2850	-232	5035	160	435	757
-2803	-41	5429	-231	1037	795
-2756	423	5195	-421	224	892
-2365	585	3760	-213	-708	1386
-2193	144	2509	120	-757	1527
-1982	-510	1863	469	-152	1421
-1459	-993	1878	788	550	1050
-1369	-665	2405	940	1622	368
-1978	-169	3699	1020	2045	-30
-2351	87	4462	1071	1370	-95
-2207	90	4315	1119	181	-3
-1899	470	3610	1061	-631	150
-1640	706	2736	945	-952	391
-1173	821	1959	981	-863	605
-785	974	1566	720	53	689
-1065	760	1892	383	1130	774
-1529	500	2592	296	1328	882
-1604	398	3143	288	805	945
-1619	354	3394	208	277	840
-1554	489	3437	97	-188	683
-1493	105	3677	-22	-108	202
-1463	156	3659	-37	-73	276
-1496	138	3718	-59	-5	307
-1535	73	3802	-64	-17	327
-1540	53	3762	-62	-103	332
-1484	45	3639	-56	-148	352
-1415	-4	3628	-62	-81	345
-1416	35	3763	-70	30	313
-1525	-28	3967	-24	8	290
-1541	-78	3950	45	-148	233
-1495	-29	3732	85	-245	177
-1423	110	3487	102	-173	181
-1370	132	3447	74	46	185
-1395	123	3598	55	229	125
-1544	122	3832	52	205	85
-1644	189	3782	65	90	97
-1613	350	3665	118	122	195
-1512	491	3658	162	290	304
-1462	401	3850	162	413	390
-1488	306	4012	175	311	372
-1549	302	3869	209	103	370
-1500	254	3738	210	102	363
-1476	163	3648	187	135	199
-1463	107	3567	205	378	84
-1413	106	3789	325	623	52
-1457	186	3964	443	555	57
-1473	279	3938	498	394	90
-1452	388	3932	491	243	39
-1301	529	3895	498	137	155
-1170	486	3849	460	158	230
-1184	410	3883	425	131	225
-1190	408	3842	292	137	169
-1248	309	3920	251	58	96
-1166	36	3867	256	-57	-108
-984	-87	3819	285	-161	-348
-788	-25	3673	209	-98	-539
-723	221	3625	188	-78	-583
-708	430	3564	123	40	-515
-664	621	3644	-10	220	-396
-762	707	4045	-186	321	-262
-777	679	4354	-260	-22	-122
-752	460	4399	-357	-518	-60
-588	259	4163	-429	-966	-112
-475	229	3789	-362	-1147	-109
-322	153	3369	-236	-809	-109
-229	177	3392	-165	83	-109
-719	158	3878	98	919	-38
-1492	91	4516	387	1321	-173
-2660	-113	5005	550	1266	-412
-3594	784	5251	276	1106	-260
-3271	1434	6906	671	2279	128
-4065	1831	9989	1090	1378	884
-4133	893	8311	674	-1025	550
-3623	-431	4496	-12	-1776	-864
-2546	-442	2423	-384	-975	-1914
-1878	297	1842	-583	-41	-1900
-1141	1158	1704	-591	863	-1369
-1006	1661	2256	-747	2038	-460
-1446	1571	3222	-1077	2327	267
-1776	963	3682	-1358	1672	649
-1754	270	3545	-1458	566	632
-1534	-463	3146	-1380	-370	354
-1123	-1017	2452	-1283	-1123	-86
-1114	-1266	1798	-1127	-1150	-587
-1095	-1028	1416	-992	-828	-926
-851	-598	1463	-758	-150	-849
-916	-112	2062	-589	357	-633
-944	420	2449	-441	502	-219
-1199	728	3021	-382	491	307
-1410	314	3464	-357	352	589
-1546	-107	4007	-329	257	621
-1481	-574	4651	-337	70	680
-1403	-708	4973	-392	-442	511
-1468	-559	4700	-408	-1017	226
-1497	-370	4190	-385	-1334	-275
-1615	-108	3676	-358	-1210	-482
-2230	409	3285	-289	-554	-250
-2876	256	3518	-103	711	326
-3067	-539	5131	-86	2106	802
-3510	-1415	6466	-364	1628	187
-3900	-1058	5553	-491	-49	-384
-3344	-387	3713	-117	-1052	332
-2221	-601	2543	609	-752	840
-1549	-293	2957	941	215	707
-1541	31	3404	926	515	678
-1811	60	3727	896	885	601
-2223	-66	3962	941	892	465
-2570	212	3738	990	450	529
-2048	500	3074	875	47	533
-1760	315	2486	913	-36	764
-1534	-5	2117	900	157	846
-1187	21	2101	838	583	908
-1242	67	2674	805	708	910
-1159	539	2940	730	167	1046
-1171	855	2818	600	-521	1295
-1093	905	2539	410	-1061	1449
-1053	647	2279	356	-1236	1470
-1130	123	2264	351	-1023	1165
-1127	-418	2680	266	-576	481
-1441	-108	3353	136	-69	85
-2117	353	4197	194	333	224
-2334	525	5132	302	315	-142
-2491	789	6045	327	-20	-461
-3402	1290	5595	156	-661	-254
-2870	1685	4930	184	-439	-169
-2583	1603	5004	411	1087	582
-2746	546	5568	450	833	390
-3390	-534	4551	71	-52	-410
-2724	-1162	3217	-344	-701	-1486
-2045	-493	2849	-697	-363	-1966
-1813	433	3498	-781	-73	-1932
-1474	1172	3789	-623	87	-1106
-1678	1426	3643	-567	286	-200
-2104	993	3384	-664	191	114
-2050	-40	3128	-983	38	-204
-1505	-723	2928	-1196	7	-874
-1186	-1072	2537	-1312	-39	-1280
-1151	-1157	2073	-1239	-230	-1488
-836	-918	1549	-1144	-306	-1989
-710	-228	1441	-848	26	-1963
-802	-15	1752	-615	123	-1721
-1044	217	2167	-436	127	-1466
-1091	149	2830	-124	26	-1118
-1299	141	3477	176	-76	-775
-1663	263	3699	78	-189	-402
-1572	247	4023	-72	122	176
-1194	-505	4819	-94	385	100
-1560	-985	5494	-39	143	-347
-1919	-931	5344	-191	-688	-685
-2157	-504	5122	-294	-1011	-543
-1667	-47	3728	-122	-78	175
-1667	-47	3728	-122	-78	175
-1638	-63	3684	-124	-103	187
-1600	-77	3660	-114	-95	158
-1611	-90	3656	-97	-55	105
-1649	-78	3679	-90	-55	101
-1694	-78	3702	-83	-83	136
-1666	-64	3670	-73	-82	164
-1632	-15	3658	-64	-62	189
-1635	34	3626	-54	-47	239
-1622	25	3593	-55	-26	291
-1623	34	3587	-73	33	348
-1631	27	3661	-100	89	380
-1616	7	3743	-122	85	413
-1592	-43	3783	-146	30	434
-977	8	4319	514	307	288
-977	8	4319	514	307	288
-977	8	4319	514	307	288
-977	8	4319	514	307	288
-977	8	4319	514	307	288
-977	8	4319	514	307	288
-977	8	4319	514	307	288
-977	8	4319	514	307	288
-977	8	4319	514	307	288
-977	8	4319	514	307	288
-977	8	4319	514	307	288
-977	8	4319	514	307	288
-977	8	4319	514	307	288
-977	8	4319	514	307	288
-977	8	4319	514	307	288
-977	8	4319	514	307	288
-977	8	4319	514	307	288
-977	8	4319	514	307	288
-977	8	4319	514	307	288
-977	8	4319	514	307	288
-977	8	4319	514	307	288
-977	8	4319	514	307	288
-977	8	4319	514	307	288
-977	8	4319	514	307	288
-977	8	4319	514	307	288
-977	8	4319	514	307	288
-977	8	4319	514	307	288
-977	8	4319	514	307	288
-977	8	4319	514	307	288
-977	8	4319	514	307	288
-977	8	4319	514	307	288
-977	8	4319	514	307	288
-1173	252	4542	314	332	369
-1476	36	4909	-13	629	175
-2086	48	5545	-517	896	-248
-3401	-199	6369	-923	622	-277
-5005	-1848	6298	-1353	434	-1102
-4432	-773	7226	-1207	646	-1089
-3232	820	5917	-393	-933	1211
-2874	1631	3233	441	-1204	3044
-1984	893	1768	771	-647	3643
-1822	-1096	1724	903	396	3370
-1225	-2637	2434	791	1407	1864
-1539	-1619	3490	965	2059	220
-2298	-562	4083	1081	1539	-518
-2324	499	3957	1069	646	-604
-1953	1320	3355	920	-287	167
-1469	1398	2293	802	-859	1037
-1212	709	1431	706	-757	1653
-789	5	1241	735	-213	1704
-474	-178	1597	588	648	1484
-1401	-239	2567	572	771	1182
-1675	8	3167	668	-131	1040
-1885	269	3104	852	-876	1150
-1847	269	3021	1057	-886	942
-1625	247	3390	1025	-394	232
-1744	907	4010	707	371	-257
-2458	753	5111	375	1063	-80
-2800	845	6360	151	815	-278
-2930	649	6964	-14	-221	-645
-3579	837	5519	-73	-1354	-528
-3628	305	2793	74	-1483	-542
-2075	615	1724	372	440	-1063
-1679	350	2827	173	1501	-1248
-3370	-387	3606	-122	583	-1493
-2812	-202	4125	-567	-75	-1783
-2394	318	4519	-792	-957	-1604
-1743	370	2893	-887	-23	-333
-1743	370	2893	-887	-23	-333
-1743	370	2893	-887	-23	-333
-1743	370	2893	-887	-23	-333
-1563	-271	2631	-1149	-418	-471
-1337	-736	2195	-1205	-695	-758
-1004	-804	1857	-1159	-654	-970
-949	-964	1764	-1137	-578	-1227
-780	-798	1776	-851	-188	-1533
-1004	-394	2487	-606	290	-1743
-1814	107	3554	-286	207	-1573
-2032	176	3845	-367	-391	-1111
-1678	157	3761	-458	-422	-686
-1740	-112	4046	-504	-221	-259
-1910	-723	4380	-395	114	-89
-2249	-776	5203	-236	360	-273
-2289	-363	5584	-133	-168	-72
-2098	-30	5069	-35	-650	404
-2276	168	4070	15	-839	714
-4039	-631	2611	75	-853	682
-2933	-1399	1735	153	968	844
-1835	-426	3296	659	2298	942
-3087	-112	4454	817	1206	996
-3600	10	5093	607	253	264
-2659	130	5164	276	-523	217
-1845	-115	4202	467	-925	781
-1603	101	2951	807	-670	1006
-1429	617	2131	1117	-6	1300
-1210	538	1835	1307	706	1344
-1016	335	1700	1265	1014	1358
-983	60	1741	1047	1379	1396
-1094	80	2280	947	1278	1352
-1060	252	2744	808	422	1530
-1337	182	2911	659	-486	1358
-1478	386	2604	632	-1197	924
-1652	798	2472	524	-1247	642
-1821	707	2966	266	-582	680
-2381	22	4199	-25	99	-3
-2327	-19	5305	-73	79	-327
-2168	428	5721	112	-277	-44
-2312	1059	5753	278	-416	103
-2478	1429	5569	287	-804	82
-3249	1747	4504	-44	-1108	488
-2999	940	3273	43	43	278
-2415	344	3614	60	1648	-69
-2829	75	4286	-90	1167	-481
-3181	-855	4046	-588	-221	-991
-3053	-669	3406	-995	-810	-1723
-1340	20	3830	-28	-42	13
-1340	20	3830	-28	-42	13
-1340	20	3830	-28	-42	13
-1382	-11	3777	-9	-130	19
-1424	-78	3646	29	-116	-90
-1529	-201	3634	47	-12	-227
-1661	-367	3685	71	52	-355
-1695	-389	3732	98	137	-502
-1582	-334	3773	108	189	-652
-1470	-24	3772	74	145	-716
-1348	188	3765	18	157	-727
-1199	342	3857	1	195	-609
-1254	382	3996	40	115	-314
-1369	199	4098	-14	63	-137
-1339	59	4062	-113	57	-40
-1288	31	4066	-254	54	-57
-1323	-63	3974	-375	-66	-96
-1276	-120	3842	-434	-101	-162
-1175	-134	3751	-471	-15	-229
-1174	-85	3812	-466	72	-224
-1167	40	3956	-449	5	-145
-1085	14	3875	-368	-175	54
-1078	21	3797	-295	-210	161
-1052	-25	3745	-270	-145	247
-1029	56	3778	-245	-46	340
-1013	61	3904	-274	10	445
-978	22	3910	-298	3	477
-1052	-200	3872	-294	19	457
-1047	-346	3948	-280	68	296
-1071	-337	4002	-264	-9	215
-878	-316	3745	-80	-119	135
-878	-316	3745	-80	-119	135
-878	-316	3745	-80	-119	135
-878	-316	3745	-80	-119	135
-821	-249	3755	-59	-5	152
-791	-205	3762	-53	55	150
-818	-136	3721	-49	73	179
-812	-81	3693	-31	130	267
-729	-96	3673	-9	229	311
-723	-160	3672	3	314	324
-737	-201	3678	41	435	336
-849	-345	3931	68	600	346
-919	-448	4217	54	529	247
-945	-354	4314	-6	231	176
-913	-259	4024	-40	-61	167
-1000	-314	3605	-7	-37	177
-1006	-378	3407	59	447	196
-1125	-517	3730	22	1049	237
-1705	-731	4391	-169	1465	31
-2430	-416	5572	-346	1517	-181
-3086	-280	7035	-333	983	-47
-3389	-94	7652	-371	419	301
-2888	-369	6997	-339	-615	405
-2550	-366	4609	-233	-927	526
-1906	-137	2728	-44	-41	902
-1862	177	2211	291	1239	1133
-2138	303	2364	405	1772	985
-2323	-21	2852	571	2044	716
-2596	-242	3617	701	1741	510
-2664	-298	4054	854	1048	425
-2485	-84	3813	927	251	390
-1971	166	3372	983	-183	396
-1680	435	3001	980	-365	697
-1430	630	2718	918	-329	982
-1389	603	2595	875	-86	1079
-1435	596	2666	723	155	930
-1561	372	2824	531	154	799
-1661	33	2880	456	-61	621
-1519	-163	2730	457	-158	395
-1360	-6	2621	507	-155	290
-1446	271	2737	481	22	214
-1494	587	3023	478	23	259
-1578	745	3258	444	-64	311
-1637	804	3338	357	-257	316
-1644	946	3382	259	-449	344
-1637	841	3362	137	-398	320
-1552	678	3554	-2	-227	241
-1559	402	3935	-95	-200	76
-1602	246	4207	-101	-415	-207
-1525	257	4127	-8	-790	-374
-1376	293	3830	40	-883	-482
-1183	434	3616	4	-569	-614
-1739	260	3788	-59	-195	-806
-2267	471	3947	49	115	-1071
-2293	1318	4282	194	499	-910
-2720	1529	4770	243	824	-407
-2900	1170	5386	301	600	-168
-2518	206	1959	119	-97	-2175
-2518	206	1959	119	-97	-2175
-2518	206	1959	119	-97	-2175
-2518	206	1959	119	-97	-2175
-2518	206	1959	119	-97	-2175
-2428	585	2313	22	706	-1994
-2193	775	3417	-75	981	-1697
-2409	666	4249	-147	592	-1321
-2504	701	4406	-300	57	-889
-2142	565	4123	-465	-353	-490
-1879	255	3780	-577	-575	-398
-1743	-106	3297	-665	-664	-492
-1547	-114	2813	-676	-473	-660
-1444	-216	2721	-784	-54	-763
-1427	-36	2807	-749	21	-711
-1305	89	2653	-683	-55	-535
-1273	53	2596	-676	-47	-458
-1290	-117	2757	-763	-135	-695
-1200	-289	2900	-898	-398	-925
-1263	-125	2951	-907	-606	-846
-1348	-40	2914	-831	-709	-489
-1107	-149	2726	-604	-536	-187
-1148	-149	2885	-295	-81	53
-1526	-181	3381	-155	189	180
-1668	-215	3939	-68	34	277
-1644	-232	4244	-7	-304	393
-1497	-288	4187	-74	-609	390
-1253	-446	3784	-160	-770	349
-981	-601	3347	-222	-525	263
-983	-753	3376	-203	-39	50
-1216	-511	3867	-110	319	50
-1671	-358	4499	-70	272	182
-2038	-247	4905	21	1	384
-2592	-399	5086	67	-155	602
-2694	-464	5276	-36	309	702
-2801	-179	6015	-194	603	739
-2893	-315	6301	-510	205	864
-2766	-286	5211	-707	-546	716
-2215	-119	3446	-387	-897	1057
-1762	-235	2262	196	-369	1506
-1633	-585	1851	557	490	1389
-1679	-229	2165	707	1527	1001
-2117	312	3141	627	1832	924
-1407	214	3719	-23	76	52
-1362	194	3753	-30	99	54
-1419	140	3826	-52	96	39
-1460	146	3873	-78	47	27
-1457	171	3841	-87	-8	19
-1442	187	3780	-77	-31	32
-1487	170	3743	-53	-42	48
-1487	238	3719	-25	-28	89
-1418	309	3704	-14	39	165
-1407	272	3764	-17	92	221
-1495	225	3751	-24	40	202
-1521	240	3598	-8	24	264
-1430	174	3509	18	136	244
-1329	109	3783	42	343	187
-1405	119	4059	32	277	90
-1525	244	4101	29	35	35
-1552	364	3956	40	-151	32
-1555	369	3737	10	-241	38
-1302	303	3522	-21	-27	97
-1277	272	3691	-26	237	133
-1409	548	3706	16	364	307
-1555	679	3862	82	363	541
-1558	399	3863	148	296	671
-1498	-31	3743	216	271	544
-1418	-104	3762	232	338	367
-1397	-40	3823	252	354	172
-1398	83	3880	255	310	28
-1420	279	3872	326	157	-43
-1338	411	3693	342	98	-45
-1250	573	3624	321	148	-4
-1221	606	3594	282	239	71
-1233	586	3643	225	204	126
-1205	594	3635	146	141	162
-1127	661	3552	53	132	230
-1071	663	3521	-93	239	281
-1056	573	3579	-221	364	306
-1129	258	3750	-324	434	213
-1232	46	4031	-399	347	-49
-1234	40	4121	-416	63	-211
-1088	165	3767	-324	-97	-209
-879	463	3393	-277	82	-84
-885	552	3386	-334	602	4
-1203	451	3847	-328	989	8
-1550	362	4388	-218	908	-58
-1805	293	4643	-97	474	-105
-1933	288	4585	-22	98	-111
-2377	668	4039	-90	-89	-41
-2055	201	3991	-21	299	-10
-1899	110	4829	228	586	-611
-2152	390	6052	707	731	-606
-3006	31	6959	1111	570	-299
-3384	81	6693	1158	-325	-552
-2902	-129	4787	1113	-784	-854
-2208	100	3190	1038	-154	-1517
-2190	214	2584	759	671	-1880
-2193	467	2542	511	858	-1867
-1887	760	2778	306	974	-1569
-1680	889	3304	-62	1157	-1270
-1731	804	3742	-416	836	-982
-1802	784	3832	-630	297	-576
-1818	468	3705	-856	-106	-73
-1803	72	3415	-764	-713	91
-1614	-598	2848	-701	-1135	-276
-1372	-1023	2446	-720	-1059	-970
-1116	-777	2172	-683	-882	-1354
-1130	-318	2097	-630	-496	-1251
-1141	192	2204	-474	-134	-943
-1231	483	2584	-464	82	-726
-1283	477	2769	-454	-7	-416
-1335	-9	3207	-402	53	-372
-1521	-200	3591	-412	-75	-432
-1554	-338	3780	-400	-275	-343
-1455	-421	3738	-333	-491	-228
-1358	-382	3595	-257	-689	-178
-1258	-387	3469	-122	-709	-182
-1110	-397	3443	33	-587	-251
-1048	-235	3578	126	-424	-173
-991	-145	3823	155	-220	-44
-1103	-212	4240	51	-90	-81
-1603	-44	4610	-143	-153	-57
-2235	246	4727	-264	-482	187
-2727	128	4439	-333	-705	528
-3330	-741	4408	-253	469	656
-3122	-1457	6251	-54	1545	-15
-3136	-218	6724	77	386	203
-3062	127	4689	215	-511	799
-2399	98	2840	359	-499	1122
-2253	179	1973	444	91	1399
-1969	70	1929	570	873	1345
-1546	-119	2649	724	1828	1085
-1789	-143	3980	852	2295	880
-2301	-205	5075	887	1414	772
-2372	-16	4884	835	15	778
-2000	238	3844	792	-904	967
-1448	389	2712	749	-1286	1024
-1088	442	1815	764	-998	1033
-749	594	1303	819	-363	1012
-665	825	1319	476	785	1201
-1261	686	1982	102	1483	1270
-1574	590	2730	33	915	1326
-1471	550	2993	-111	318	1341
-1511	436	3015	-138	-66	1344
-1456	299	3156	-191	-213	1187
-1589	341	3456	-281	-132	902
-1937	100	3844	-298	-136	520
-1923	-146	4154	-229	-121	-69
-1906	-127	4392	-157	-269	-513
-1711	280	4278	-28	-532	-680
-1489	719	3838	187	-682	-447
-1332	1081	3532	310	-288	-344
-1667	995	3938	195	388	-249
-2678	643	4755	-132	576	-337
-3327	429	5288	-260	454	-843
-3132	874	5976	4	543	-815
-2927	966	6059	499	7	-268
-2879	488	5038	820	-611	-94
-2759	-234	3450	680	-1149	-675
-2603	-515	2308	331	-939	-1486
-2385	-105	2087	-51	-150	-1919
-2117	337	2723	-341	707	-2056
-2084	766	3678	-518	971	-1782
-2165	1036	4117	-443	711	-1153
-1976	1191	4056	-507	414	-512
-2002	984	4048	-752	-90	-210
-1753	446	3723	-968	-691	-61
-1392	-157	2919	-1151	-1153	-219
-1076	-472	2076	-1311	-1357	-603
-850	-517	1392	-1316	-1265	-623
-721	-589	1029	-1191	-761	-680
-886	-474	1325	-965	-120	-803
-1574	-9	3681	67	171	-336
-1470	2	3673	78	197	-321
-1486	80	3715	70	213	-272
-1494	93	3764	65	194	-210
-1526	72	3786	79	167	-162
-1535	36	3804	82	134	-103
-1519	0	3782	59	133	-92
-1487	-1	3815	43	131	-107
-1495	54	3818	32	91	-122
-1480	104	3742	32	30	-89
-1417	159	3602	15	39	-28
-1409	118	3665	26	126	8
-1446	37	3804	44	205	-33
-1481	-31	3961	36	183	-92
-1497	-17	4014	23	37	-151
-1473	26	3887	6	-124	-195
-1378	142	3665	-24	-164	-177
-1315	204	3556	-53	-49	-89
-1339	99	3655	-50	87	-36
-1537	-235	3670	3	90	-108
-1691	-469	3475	41	106	-358
-1589	-600	3465	72	267	-494
-1565	-382	3624	126	375	-550
-1585	-22	3836	146	350	-480
-1532	186	3903	98	276	-357
-1453	157	3986	-32	290	-380
-1430	151	4099	-162	283	-434
-1504	18	4110	-271	157	-433
-1420	-123	3871	-336	178	-447
-552	-693	3325	-281	-290	576
-552	-693	3325	-281	-290	576
-552	-693	3325	-281	-290	576
-552	-693	3325	-281	-290	576
-552	-693	3325	-281	-290	576
-552	-693	3325	-281	-290	576
-552	-693	3325	-281	-290	576
-552	-693	3325	-281	-290	576
-552	-693	3325	-281	-290	576
-552	-693	3325	-281	-290	576
-552	-693	3325	-281	-290	576
-552	-693	3325	-281	-290	576
-552	-693	3325	-281	-290	576
-484	-916	3662	54	-8	400
-582	-647	4122	259	-4	262
-643	-325	4283	292	-392	215
-613	-267	4004	310	-511	251
-577	-351	3919	205	-108	97
-791	-289	4225	-44	328	-26
-1160	-68	4680	-376	700	-16
-1755	155	5141	-710	963	194
-2604	143	6089	-793	935	472
-3931	-740	6638	-611	800	639
-4159	-2145	6749	-694	875	237
-3430	-1115	6649	-624	309	246
-3576	233	4619	7	-758	1366
-3253	572	2414	566	-913	2322
-2097	-182	1215	689	-22	2057
-1761	-575	1451	805	1457	1318
-2123	-789	3070	854	2605	643
-2349	-591	4413	832	2427	32
-2712	60	4757	789	1425	201
-2388	485	4371	893	259	765
-2136	660	3548	873	-848	1199
-1644	640	2141	915	-1381	1451
-837	608	1161	994	-697	1572
-538	337	1212	942	483	1613
-639	333	1815	660	1335	1433
-1292	5	3078	409	1536	1093
-1558	70	4045	352	596	807
-1786	261	4019	281	-610	658
-1583	442	3058	324	-1271	675
-1335	304	2487	368	-971	379
-1132	228	2643	322	-146	39
-1573	-17	3665	177	675	-206
-2270	-175	4973	136	762	-601
-2532	108	5932	190	83	-989
-3194	947	5515	336	-909	-812
-4425	1358	3081	497	-1389	-176
-2979	-216	2835	832	73	-1217
-3336	-794	3776	636	-95	-2488
-3370	-988	3638	341	-164	-2667
-2553	-375	4419	95	-347	-2518
-2433	593	4169	-8	-966	-2091
-1877	2007	3121	-49	-666	-1384
-1841	2501	2755	-333	-18	-412
-2183	1502	2841	-540	290	358
-1974	297	2880	-759	298	28
-1673	-378	2912	-1060	-23	-305
-1427	-662	2721	-1131	-311	-647
-1218	-648	2431	-1236	-567	-926
-1060	-704	2002	-1254	-812	-1219
-862	-624	1792	-1167	-801	-1526
-869	-454	1668	-966	-596	-1610
-1132	-365	2266	-752	-54	-1709
-1419	-195	3284	-542	175	-1485
-1413	391	3977	-224	387	-674
-1635	382	4744	-174	239	80
-1920	-50	5064	-398	-247	198
-2308	-379	5308	-459	-622	126
-2376	-603	5355	-326	-714	181
-2453	-28	5398	-140	-635	549
-3295	39	4638	50	-757	1144
-3308	-957	3432	-134	-204	1340
-2046	-715	3255	-217	930	1002
-2591	-79	3540	237	555	1444
-3088	-425	3101	818	122	1569
-2623	-804	3234	721	246	538
-2491	-154	3868	644	203	171
-2140	96	4028	740	130	538
-1936	183	3848	811	251	626
-2035	422	3642	906	405	800
-2153	579	3215	982	84	1083
-1685	507	2502	883	-12	1240
-1198	312	1992	809	182	1307
-733	250	1765	747	495	1392
-953	244	2067	520	873	1238
-1211	477	2459	350	545	1245
-1455	294	2764	251	90	1117
-1606	182	2784	284	-490	833
-1504	172	2480	331	-715	586
-1258	380	2808	215	-139	323
-1473	222	3767	227	202	-81
-1716	425	4552	238	165	-185
-2086	455	5156	242	-121	-162
-2177	530	5351	158	-440	-264
-2009	589	5226	84	-588	-357
-3589	1142	4513	-318	-316	-64
-3218	986	3882	-21	385	-33
-2838	558	4645	344	1174	46
-2925	105	4434	396	132	-123
-1730	255	3692	-7	28	4
-1710	261	3668	11	10	4
-1750	247	3637	-5	18	14
-1739	296	3624	-31	51	17
-1731	307	3672	-51	51	20
-1757	281	3650	-38	0	16
-1754	262	3564	-22	-23	5
-1749	273	3530	3	26	11
-1758	238	3503	27	83	14
-1709	291	3607	29	154	-4
-1744	347	3702	19	103	14
-1757	319	3709	14	33	20
-1758	323	3694	3	-15	7
-1763	275	3662	1	-55	-1
-1720	259	3598	14	-39	10
-1687	267	3601	21	0	29
-1709	262	3608	22	26	34
-1721	278	3665	19	-10	8
-1705	300	3641	42	-64	33
-1663	286	3537	93	-79	63
-1564	277	3460	137	-5	72
-1491	300	3504	177	91	81
-1506	295	3583	136	142	30
-1600	407	3648	43	137	-5
-1685	492	3687	-8	141	66
-1608	482	3764	-16	130	113
-1641	482	3794	-17	37	90
-1802	453	3563	-19	-39	134
-1848	457	3267	-47	35	71
-1809	954	3123	-181	315	388
-1789	1124	3210	-248	678	787
-1657	826	3488	-272	961	911
-1554	326	3838	-247	1042	875
-2008	-439	4249	-173	1028	694
-2151	-413	4212	101	452	257
-2039	-35	3561	232	297	299
-1990	202	3237	314	655	137
-1671	515	3445	387	1052	194
-1588	544	3965	526	1115	240
-1466	586	4448	626	760	337
-1404	607	4696	637	109	405
-1065	806	4315	597	-550	530
-911	925	3700	516	-856	670
-871	1054	2901	457	-659	870
-662	1023	2648	325	25	745
-752	900	2705	-12	659	648
-1137	419	3437	-200	1305	524
-1870	-123	4568	-258	1401	119
-2505	-468	5470	-123	881	-467
-2605	-231	6001	181	367	-684
-2760	668	6549	447	-385	-621
-3513	2296	5816	441	-981	-234
-4212	3333	3718	424	-52	751
-4012	1036	4605	398	2173	321
-4006	-318	5830	90	1006	-1170
-3535	-1356	4525	-379	-265	-1996
-2619	-1108	4025	-596	-967	-2685
-1946	359	3453	-708	-1772	-2516
-1232	1229	2059	-867	-1282	-1797
-787	1847	1383	-895	121	-1051
-1066	1388	1366	-979	1401	100
-1756	93	2079	-954	1629	285
-1555	-727	2629	-1023	1052	-376
-1665	-1170	2889	-1107	98	-868
-1469	-1252	2423	-960	-742	-1495
-1163	-327	1921	-931	-787	-1664
-1168	319	1936	-994	-673	-1501
-1276	401	2392	-795	-622	-970
-1507	67	2793	-601	-849	-671
-1696	-294	3005	-619	-799	-758
-1728	-343	3584	-587	-220	-581
-1660	-247	4514	-487	257	-297
-1992	-599	5237	-454	195	-224
-2600	-945	5697	-561	-164	-556
-2602	-998	5917	-560	-708	-712
-2387	79	5740	-451	-1049	-349
-2048	1213	4961	-173	-1172	995
-3464	140	3564	162	-1196	1538
-4212	-1511	1755	193	-130	960
-1207	-1033	2071	439	1585	1194
-2318	-246	3311	846	1590	1919
-3432	-648	4094	969	574	1135
-2858	-487	4750	746	-73	-76
-2326	-243	4930	658	-1045	-330
-1713	152	3298	765	-1446	-102
-1690	671	1911	931	-918	460
-1377	958	1339	1078	138	746
-1260	733	1344	1013	1098	1119
-1407	225	1931	927	1644	1297
-1342	444	2461	913	1434	1516
-1298	598	3071	764	1040	1776
-1673	321	3552	529	279	1531
-1626	481	3422	372	-737	1208
-1641	723	3124	201	-1227	1027
-1610	538	3002	279	-1486	942
-1605	-82	3049	298	-1137	614
-1430	-94	3774	263	-151	-51
-1869	328	5085	263	697	58
-2598	423	6278	350	523	-188
-2643	1274	6448	417	-325	-358
-3842	1823	5001	101	-1106	200
-3859	818	2594	275	-540	81
-1990	169	2266	364	1054	-267
-2389	-272	3290	3	1590	-704
-3085	-1217	3793	-448	830	-1149
-2735	-606	5086	-844	254	-1827
-2440	366	5322	-933	-1164	-1789
-1564	1580	3640	-681	-1592	-854
-1449	1688	2640	-693	-718	-237
-1747	1114	2326	-708	25	19
-1595	165	2145	-895	567	-101
-1355	-465	2319	-1339	599	-431
-1186	-915	2284	-1480	163	-754
-978	-853	2018	-1479	-395	-1102
-828	-763	1885	-1392	-347	-1446
-745	-756	2104	-981	-189	-1521
-1082	-492	2549	-607	-192	-1659
-1639	185	3014	-599	-544	-1506
-1669	404	3231	-643	-955	-929
-1375	492	3413	-495	-652	-252
-1585	-163	4114	-216	68	556
-2023	-878	5090	-107	364	398
-2459	-856	5780	-127	352	250
-2540	66	6231	-105	-168	386
-3133	389	5197	14	-936	929
-4701	-1237	3267	7	-1010	709
-2849	-1609	2104	61	887	513
-1766	531	2344	738	1740	1362
-2743	68	3395	1085	2157	2275
-3603	87	5469	717	1737	815
-1482	41	3721	-145	21	346
-1482	41	3721	-145	21	346
-1482	41	3721	-145	21	346
-1482	41	3721	-145	21	346
-1518	67	3760	-116	19	347
-1546	123	3768	-104	-8	340
-1525	133	3764	-108	-53	322
-1543	87	3706	-117	-99	269
-1587	50	3580	-115	-75	228
-1625	29	3560	-124	21	164
-1598	-38	3626	-113	159	123
-1641	5	3840	-108	183	39
-1672	96	3955	-117	6	39
-1726	114	3820	-160	-209	-2
-1594	52	3564	-177	-252	-74
-1452	-59	3426	-151	-94	-13
-1449	-280	3384	-97	117	-108
-1396	-392	3610	-87	384	-263
-1412	-301	3925	-53	401	-266
-1454	21	4168	-57	306	-234
-1595	154	4328	-117	147	-180
-1637	-9	4288	-227	-109	-202
-1480	-102	3858	-325	-252	-244
-1370	-197	3511	-418	-136	-332
-1241	-191	3348	-460	122	-417
-1177	-98	3443	-462	454	-384
-1296	12	3828	-478	633	-348
-1404	155	4092	-493	494	-209
-1432	66	4211	-542	150	-34
-1040	-190	3580	-514	-47	185
-1040	-190	3580	-514	-47	185
-1040	-190	3580	-514	-47	185
-1074	-253	3685	-494	91	153
-1037	-218	3681	-520	90	87
-1092	-284	3748	-464	29	113
-993	-210	3809	-370	25	120
-941	-286	3924	-241	16	126
-872	-374	3908	-183	-28	121
-775	-290	3776	-146	-94	137
-751	-219	3653	-94	-79	267
-697	-171	3575	-45	-49	337
-725	-124	3510	6	10	399
-799	-133	3441	67	235	535
-876	-412	3643	110	511	538
-1052	-533	4018	106	583	408
-1499	-487	4277	48	397	378
-1808	-297	4397	-68	209	480
-1848	-131	4585	-250	192	691
-1994	-415	4965	-468	355	724
-2426	-741	5699	-380	714	551
-2806	-1000	6547	-220	819	568
-3025	-815	7313	-348	529	591
-3056	-778	6560	-455	-574	469
-2426	-152	4184	-302	-929	786
-2250	178	2352	85	-229	1243
-2158	271	1830	354	885	1405
-2348	274	2266	466	1797	1259
-2667	404	3112	481	1900	1256
-2714	155	3762	447	1414	1015
-2650	18	4246	612	899	973
-2437	-100	4345	697	255	905
-2006	19	3919	651	-387	885
-1783	209	3274	609	-747	962
-1600	345	2509	770	-947	1107
-1196	334	1751	859	-578	1173
-1149	258	1936	639	322	1112
-1152	171	2128	523	548	995
-1322	126	2427	539	553	828
-1392	108	2788	549	419	668
-1324	349	2974	616	39	776
-1442	422	2939	597	-307	852
-1495	458	2981	479	-544	739
-1509	625	3072	371	-574	623
-1604	534	3239	236	-468	486
-1582	449	3461	88	-320	151
-1503	422	3849	-69	-203	-150
-1505	525	4132	-130	-403	-342
-1620	567	4129	-81	-835	-418
-1601	436	3571	67	-1027	-480
-1475	272	3174	246	-744	-622
-1532	320	3271	251	21	-807
-1941	594	3771	149	763	-895
-2770	1112	4491	179	1155	-981
-3237	1827	5552	357	1281	-724
-3176	1404	6388	554	583	-343
-3086	951	5536	743	-411	-237
-2999	1	3846	528	-986	-749
-2746	-488	2299	188	-763	-1729
-2673	-379	1722	-31	68	-2307
-2352	-27	2054	-156	910	-2426
-2275	390	3016	-267	1340	-2355
-2511	779	4060	-256	1211	-1898
-2598	953	4589	-250	657	-1322
-2491	1160	4521	-283	-161	-726
-2261	685	4012	-424	-600	-236
-1932	-221	3336	-472	-849	-433
-1471	-552	2584	-513	-835	-881
-1361	-602	2201	-595	-417	-1200
-1394	-559	2157	-624	-94	-1452
-1218	-297	2124	-579	50	-1766
-1308	-88	2356	-495	147	-1771
-1448	199	2565	-456	-16	-1590
-1399	411	2716	-386	-131	-1112
-1457	338	2922	-275	-273	-679
-1478	100	2998	-168	-402	-422
-1452	-126	3036	-220	-307	-349
-1524	-59	3284	-283	-157	-234
-1588	-110	3681	-257	-161	-16
-1550	-130	3957	-180	-424	212
-1340	-345	3824	-60	-644	407
-1154	-602	3743	-62	-557	321
-1193	-730	3855	-135	-362	42
-1423	-512	4161	-153	-247	-41
-1784	-314	4517	-138	-286	218
-2178	-422	4552	-27	-362	479
-2557	-227	4598	128	-189	672
-2747	-448	5247	199	293	1187
-2760	-547	6271	-109	708	940
-3255	-183	6560	-552	-72	745
-3227	-102	4945	-635	-1161	862
-2476	433	3265	-356	-1315	1590
-1872	249	2210	75	-877	2049
-1712	188	1759	292	-89	1829
-1635	100	1970	512	715	1592
-1619	-187	2736	578	1440	1047
-1980	-327	3708	638	1637	934
-2191	-542	4418	759	1206	783
-2378	-83	4582	904	379	538
-2304	454	4046	828	-590	760
-1879	673	3101	769	-1128	850
-1456	98	3828	-137	-40	242
-1456	98	3828	-137	-40	242
-1456	98	3828	-137	-40	242
-1482	-4	3703	-145	-58	270
-1472	-53	3691	-143	-6	265
-1477	-112	3773	-144	17	249
-1483	-129	3879	-152	-3	180
-1497	-121	3960	-158	-60	118
-1511	-107	3945	-165	-191	69
-1478	-78	3789	-151	-298	23
-1414	-68	3599	-127	-272	9
-1381	-16	3544	-94	-133	5
-1416	55	3636	-66	37	13
-1416	55	3636	-66	37	13
-1404	72	3683	-47	64	25
-1398	54	3748	-29	88	57
-1363	44	3798	2	134	71
-1339	12	3885	26	164	68
-1323	71	3948	28	78	42
-1328	118	3830	3	-4	50
-1291	122	3727	-32	7	53
-1332	55	3763	-34	43	74
-1457	-156	3825	0	38	30
-1647	-447	3691	15	-4	-177
-1776	-640	3471	-22	94	-478
-1645	-723	3426	-49	330	-810
-1492	-385	3544	-60	480	-1025
-1281	26	3609	-108	489	-1013
-1133	111	3583	-79	589	-846
-1380	-265	3843	-13	787	-868
-1306	-230	4241	-21	913	-957
-1241	-16	4514	-81	761	-735
-1425	229	4586	-208	494	-602
-1319	195	4369	-361	212	-529
-1138	157	4027	-547	75	-655
-1032	454	3704	-639	144	-445
-1004	462	3594	-663	300	-63
-904	267	3762	-708	423	122
-734	-170	3858	-692	287	137
-733	-370	3837	-616	93	112
-746	-420	3677	-444	13	178
-837	-481	3780	-341	-4	152
-743	-528	3818	-229	-77	85
-816	-398	3934	-140	-103	155
-756	-467	3846	-61	-108	204
-698	-641	3928	12	-81	82
-903	-576	4101	44	-50	18
-1169	-213	4163	-105	209	201
-1493	54	4451	-414	750	553
-1963	193	5136	-654	1364	626
-2630	141	6459	-624	1609	849
-3795	-1109	7131	-427	1002	946
-4109	-2212	6399	-472	523	203
-3643	-627	5151	-247	329	334
-2969	109	3435	281	17	1665
-2367	645	2231	740	397	2070
-1626	-113	2228	895	872	2144
-1648	-852	2882	818	1072	1232
-1941	-908	3466	835	1120	568
-2131	-359	3634	828	1106	28
-2153	228	3370	735	726	-13
-1806	204	2793	730	669	412
-1613	426	2598	862	752	984
-1559	357	2713	880	960	1198
-1176	296	2885	797	763	1366
-1069	292	2853	816	334	1298
-1095	346	2690	764	-43	1026
-1168	489	2831	689	-424	803
-1516	89	2950	626	-1252	265
-1516	89	2950	626	-1252	265
-1522	-70	3064	664	-1240	-157
-1578	202	3145	724	-720	-428
-1861	114	3859	586	35	-336
-2274	27	4937	392	385	-862
-2532	381	5814	442	375	-916
-2934	660	6106	628	-342	-681
-4364	1324	3884	454	-1742	-30
-3066	618	2070	595	-837	-563
-2301	211	2816	252	335	-1631
-3613	-215	3236	-90	-321	-1651
-3095	73	3449	-510	-284	-1372
-2638	406	4202	-746	-550	-1015
-2603	1234	4431	-723	-421	-663
-2610	1499	3708	-372	-416	307
-2698	441	3168	-407	48	303
-2252	-74	3104	-631	663	-181
-1874	-408	3413	-969	861	-579
-1468	-396	3294	-1214	584	-803
-1113	-350	2871	-1438	198	-1049
-720	-183	2133	-1401	-233	-1325
-695	-147	1511	-1187	-975	-1373
-318	158	870	-990	-1381	-1349
-205	-33	742	-635	-713	-793
-895	-224	1681	-483	175	-682
-1453	152	3114	-475	334	-304
-1820	126	4218	-299	360	621
-2103	-326	5276	-142	169	638
-2243	-106	5726	-256	-254	335
-2817	-129	5989	-368	-508	523
-3081	-665	5775	-436	-533	313
-3688	-1330	4921	-248	-655	95
-3054	-1883	4361	-205	758	-40
-2753	-768	4891	-82	778	-37
-3022	1009	3589	688	-322	752
-2719	1361	2382	1206	-744	1752
-1686	221	2635	935	-201	1530
-1559	-279	3268	618	314	1264
-1666	-751	4169	492	669	670
-2133	-174	4048	520	387	241
-2298	332	3139	781	-14	472
-1611	369	2155	1238	-39	951
-1428	178	1923	1124	639	1161
-1473	100	2234	853	1091	915
-1572	276	2778	896	820	1070
-1289	253	2742	942	-109	1062
-1231	398	2420	662	-864	705
-1249	556	1949	580	-1501	449
-1143	533	1630	628	-1420	565
-1033	193	1954	669	-740	414
-1093	-102	2842	538	547	-67
-1857	242	5281	451	1448	-333
-2755	747	7413	473	487	-92
-3005	1203	7309	568	-822	-342
-2694	1027	5621	684	-1671	-497
-2538	523	4049	-161	1979	-1260
-2538	523	4049	-161	1979	-1260
-2538	523	4049	-161	1979	-1260
-2538	523	4049	-161	1979	-1260
-3899	-21	4882	-907	536	-1283
-3562	330	5991	-1318	-870	-1212
-1550	94	3665	-28	-43	273
-1531	79	3701	-19	22	253
-1540	42	3690	6	97	225
-1558	85	3752	29	105	162
-1597	59	3740	46	52	112
-1567	68	3673	53	50	45
-1551	99	3664	60	79	19
-1561	119	3671	79	96	-3
-1557	194	3705	98	83	-18
-1555	221	3714	104	62	-28
-1554	237	3723	95	50	-25
-1547	221	3678	91	31	-7
-1519	234	3644	90	53	-6
-1508	301	3667	86	97	16
-1529	265	3746	76	127	26
-1569	262	3789	53	99	24
-1598	206	3780	31	52	23
-1589	209	3680	28	-4	4
-1551	222	3621	36	1	-12
-1526	294	3634	19	79	-16
-1534	315	3715	-3	127	8
-1570	316	3769	7	82	25
-1597	371	3679	50	-14	55
-1669	569	3407	52	-18	179
-1658	728	3132	-10	205	415
-1604	744	3136	-139	554	502
-1713	834	3407	-233	748	565
-1690	720	3724	-264	837	776
-1753	523	4005	-252	695	815
-1841	478	4049	-203	527	815
-1689	408	3984	-111	457	831
-1496	170	3921	-26	409	682
-1437	52	3896	55	475	499
-1499	233	3878	171	476	432
-1572	513	3701	228	527	504
-1555	668	3526	277	521	566
-1536	699	3399	278	596	643
-1680	523	3492	227	703	684
-1652	291	3755	185	677	595
-1490	219	3975	189	459	563
-1436	110	4046	210	207	513
-1303	12	3924	234	-73	285
-1117	50	3748	189	-252	15
-752	204	3471	81	-210	-219
-520	728	3481	-87	19	-252
-646	1033	3698	-212	266	-62
-859	968	3968	-277	451	77
-1360	605	4375	-152	415	179
-1861	268	4630	108	420	58
-2144	-349	5333	514	868	-247
-3340	489	6373	740	550	-339
-5447	1470	5693	728	519	162
-4719	1766	5720	1156	1764	-273
-3781	428	5993	1154	675	-1041
-3485	-362	4154	680	-129	-1812
-1999	-231	3579	-52	-259	-2362
-1782	696	3672	-969	-963	-2580
-1128	1860	2661	-1296	-1282	-1459
-690	1872	1950	-1449	-241	-183
-1098	1444	2279	-1341	789	846
-1972	315	2666	-1018	566	1574
-1874	-880	2596	-924	196	661
-1769	-1768	2511	-881	-476	-304
-1656	-2179	1907	-839	-923	-1405
-1447	-1177	1339	-621	-335	-2273
-1544	-142	1584	-440	287	-2034
-1453	434	2122	-403	602	-1900
-1547	866	3040	-324	655	-1391
-1575	887	3808	-276	48	-805
-1626	567	4166	-410	-530	-427
-1358	197	4007	-541	-744	-1
-1368	-339	4030	-594	-578	10
-1777	-621	4034	-654	-528	-294
-2065	-537	4001	-559	-314	-147
-2249	-228	4652	-357	362	176
-2673	477	5904	-208	637	641
-4260	283	6250	-86	-150	1195
-4436	-1373	4634	-407	-315	805
-2252	-1017	3868	-616	160	555
-2212	704	3013	275	-241	1773
-2888	135	2463	952	-528	2343
-2245	-859	2994	939	-79	1110
-1906	-692	3814	803	-7	382
-1831	-439	3850	825	-220	142
-1946	212	3221	820	-7	149
-1936	886	2692	739	355	608
-1864	1020	2547	699	868	1003
-1960	600	2746	608	770	1237
-1591	450	2447	634	346	1312
-1229	353	2299	688	206	1539
-1155	241	2384	625	1	1709
-1182	-211	2404	524	-335	1413
-1500	-291	2389	444	-1014	537
-1294	-198	2119	621	-1192	-25
-1243	-367	2371	796	-697	-458
-995	202	3341	499	543	-811
-2300	232	5344	529	700	-742
-2629	812	6265	427	7	-967
-2978	1561	6349	324	-722	-996
-3646	2337	5048	218	-1274	-389
-3101	1685	3474	389	-280	197
-3066	333	3560	575	1422	9
-3156	-538	3957	629	1189	-678
-2726	-1054	3693	97	328	-1201
-2654	-509	3827	-632	-43	-2016
-2480	691	4387	-993	-848	-1927
-1711	1876	3737	-1059	-1303	-1375
-1024	2408	2597	-860	-593	51
-1671	1130	2540	-651	474	805
-1769	188	2699	-799	964	371
-1711	-422	3127	-1180	745	-76
-1412	-851	2887	-1360	89	-372
-1064	-835	2281	-1262	-687	-694
-1098	-869	1790	-1351	-1036	-917
-790	-718	1241	-1288	-1107	-1148
-347	-485	1350	-1089	-238	-1444
-811	-87	2367	-323	483	-1300
-1619	437	3740	-271	475	-958
-1641	538	4792	-246	-49	44
-1690	-331	5326	-152	-475	394
-1971	-587	5348	-243	-481	-88
-2303	-324	5429	-390	-386	-163
-2583	-72	5686	-297	-316	100
-3823	232	5333	62	-558	541
-4097	-669	3916	69	-326	1046
-2245	-1302	3729	-298	1275	591
-2078	750	3141	350	545	1005
-3299	746	2634	1024	253	2216
-2672	-909	3344	1142	87	1646
-2368	-1313	4548	689	-156	373
-1482	212	3701	-60	126	48
-1518	156	3809	-76	123	62
-1518	111	3908	-101	48	62
-1511	124	3913	-125	-49	62
-1511	91	3722	-107	-114	65
-1443	117	3620	-74	-76	77
-1458	148	3637	-77	20	149
-1474	133	3711	-96	93	186
-1512	112	3787	-95	75	237
-1565	124	3809	-84	4	302
-1606	63	3846	-98	-70	374
-1674	-122	3831	-124	-102	322
-1717	-274	3745	-141	-103	115
-1707	-443	3615	-148	-82	-107
-1665	-538	3518	-114	-7	-332
-1578	-510	3502	-43	93	-548
-1515	-290	3501	30	179	-634
-1574	-91	3625	44	268	-627
-1632	43	3875	10	393	-552
-1547	150	4094	-58	449	-479
-1318	-231	3627	-361	-12	-579
-1318	-231	3627	-361	-12	-579
-1318	-231	3627	-361	-12	-579
-1318	-231	3627	-361	-12	-579
-1234	-264	3337	-306	120	-566
-1165	-281	3286	-268	519	-539
-1282	-22	3655	-227	819	-472
-1325	115	4005	-179	724	-414
-1338	59	4241	-195	525	-363
-1363	112	4382	-260	211	-328
-1242	101	4150	-294	-104	-249
-1066	18	3840	-318	-186	-184
-931	-55	3745	-319	-35	-226
-888	-223	3797	-270	43	-277
-841	-422	3879	-176	41	-394
-854	-500	3860	-52	-75	-492
-859	-415	3753	63	-146	-478
-820	-167	3598	189	-114	-323
-733	-66	3565	289	-4	-128
-646	41	3618	352	158	3
-670	16	3689	368	274	94
-755	57	3796	328	292	153
-879	8	3860	272	295	161
-899	-99	4009	223	337	190
-908	-274	4201	127	278	115
-1048	-384	4429	33	103	86
-1328	-352	4472	-139	-113	63
-1762	-203	4252	-323	-162	118
-2417	-212	3864	-434	274	199
-2487	-298	4592	-506	1199	303
-2700	-697	6682	-616	1844	153
-3878	-913	8722	-605	1047	-211
-3784	-639	6982	-238	-987	100
-2974	20	3690	33	-1263	1195
-2189	468	2010	298	-172	1959
-1946	359	1599	376	1028	2017
-2091	18	2013	354	1843	1353
-2320	-318	3025	572	2200	924
-2481	-808	3954	883	2129	415
-2433	-636	4586	1034	1477	24
-2487	-270	4655	977	429	46
-2270	48	4079	889	-649	228
-1833	509	2847	771	-1207	411
-1456	750	1942	823	-917	735
-1028	962	1571	916	-153	1017
-1038	831	1854	775	563	1224
-1273	673	2238	658	749	1279
-1471	465	2721	549	626	1230
-1542	339	3017	429	165	1187
-1568	330	3117	340	-267	1109
-1596	312	3129	231	-612	959
-1670	404	3008	114	-758	750
-1711	377	3052	101	-700	479
-1689	394	3222	55	-521	213
-1735	237	3710	-49	-298	-40
-1851	327	4352	-160	-388	-388
-2419	1075	4137	44	243	-442
-2419	1075	4137	44	243	-442
-2419	1075	4137	44	243	-442
-2419	1075	4137	44	243	-442
-2419	1075	4137	44	243	-442
-2680	1088	5010	336	767	-292
-2918	687	5110	768	57	-101
-3117	232	3648	647	-712	-419
-2891	-140	2585	307	-588	-1023
-2599	-364	2489	-47	46	-1766
-2375	184	3276	-303	490	-2123
-2219	928	4048	-400	409	-1639
-2171	1344	4110	-466	185	-803
-2261	1283	4141	-644	94	-30
-2182	1030	4043	-785	-294	389
-2077	215	3660	-900	-579	229
-1638	-456	3046	-983	-636	-354
-1289	-700	2499	-1026	-493	-761
-904	-742	2055	-1001	-222	-938
-873	-797	1966	-904	195	-1129
-1006	-399	2129	-717	379	-1246
-1097	-23	2341	-590	228	-1074
-1128	158	2437	-426	126	-901
-1107	220	2725	-315	163	-668
-1213	235	3221	-195	205	-437
-1418	286	3744	-95	106	-75
-1587	130	4045	-41	-150	323
-1661	-144	4245	-130	-419	367
-1607	-213	4133	-216	-792	194
-1331	-196	3681	-198	-940	112
-1177	-220	3370	-211	-541	28
-1219	-173	3519	-256	42	31
-1640	-35	4100	-298	406	211
-2342	-93	4689	-250	334	374
-2936	-189	5084	-76	147	543
-3192	-302	5095	-29	215	871
-2749	-374	5471	-238	737	774
-2932	-801	5703	-513	470	195
-2915	-298	4605	-443	-590	48
-2475	-120	2949	-51	-970	656
-1935	-359	2014	458	-292	1058
-1797	-110	2078	732	732	997
-1919	118	2960	728	1305	871
-2049	64	3931	760	1620	659
-2340	16	4803	790	1106	599
-2446	22	4544	794	211	502
-2270	319	3884	831	-395	718
-1807	423	3050	861	-582	795
-1302	612	2362	762	-287	796
-1119	751	2126	733	342	990
-1266	687	2267	592	586	1081
-1446	631	2446	496	461	1144
-1341	440	2404	438	141	1249
-1263	383	2542	268	41	1096
-1362	211	3827	-13	16	17
-1366	192	3867	-10	-26	17
-1369	205	3832	-5	-77	29
-1363	228	3729	6	-48	58
-1333	188	3710	13	51	73
-1344	195	3785	21	90	60
-1372	182	3844	20	54	37
-1371	194	3827	18	8	10
-1361	208	3792	15	-6	13
-1348	232	3809	20	-9	23
-1340	190	3784	26	-1	0
-1362	195	3787	29	2	-28
-1378	198	3747	48	-14	-57
-1387	260	3668	54	29	-34
-1390	319	3681	51	133	-36
-1432	328	3774	61	203	11
-1421	270	3869	69	159	18
-1374	345	3780	46	100	30
-1359	393	3694	-8	111	79
-1330	435	3679	-55	177	98
-1386	399	3743	-53	290	174
-1365	279	3942	12	408	227
-1401	123	4166	114	337	214
-1412	133	4086	197	66	132
-1354	313	3600	218	-97	71
-1276	516	3139	148	72	162
-1179	646	3034	30	511	224
-1286	473	3398	-37	1097	350
-1521	228	4087	67	1285	351
-1551	69	4501	261	923	326
-1584	53	4485	397	461	231
-1437	8	4132	451	138	88
-1412	166	3901	482	28	10
-1346	262	3919	484	-13	-15
-1174	322	3946	461	-218	-168
-937	447	3815	404	-458	-254
-846	546	3608	268	-478	-298
-771	551	3448	115	-354	-290
-678	659	3475	7	-135	-229
-608	717	3549	-67	12	-109
-606	636	3650	-193	147	-49
-640	384	3942	-299	196	-111
-664	225	4261	-393	-50	-218
-646	268	4329	-428	-435	-222
-559	256	4087	-372	-661	-200
-391	477	3862	-271	-559	-137
-653	520	3940	-96	-113	8
-1232	293	4179	189	457	25
-2303	98	4460	291	1012	-219
-2525	946	5168	467	1640	88
-3473	1335	7152	884	2337	198
-4168	454	8915	1288	1584	249
-4204	-71	6619	916	-513	-280
-3036	-492	3352	587	-747	-1389
-2286	-662	2205	335	257	-2398
-2237	-21	2006	386	588	-2616
-1650	1251	2029	154	1136	-1762
-1364	1530	2661	-279	1836	-827
-1895	1197	3438	-684	1976	-281
-2300	965	3741	-840	1341	110
-2268	542	3821	-859	469	425
-1873	-84	3312	-918	-75	204
-1738	-465	2955	-946	-346	-258
-1332	-648	2539	-1004	-220	-643
-1150	-429	2629	-990	89	-858
-1109	-160	2805	-923	112	-837
-1039	-21	2879	-868	77	-767
-1155	178	3061	-868	-147	-769
-1156	316	2937	-790	-444	-402
-1132	217	2826	-646	-618	72
-1038	-6	2710	-553	-594	306
-917	-307	2925	-419	-363	413
-996	-423	3307	-345	-230	362
-1305	-503	3797	-331	-230	483
-1549	-724	3917	-205	-448	357
-1657	-432	3972	-208	-306	78
-1877	-184	4352	-251	-94	-104
-2810	92	4896	-282	74	0
-3892	223	5331	-243	-84	219
-4225	-509	5794	-344	315	552
-3754	-222	7017	-734	400	237
-3496	691	5327	-811	-1146	879
-2795	786	2649	-310	-1561	1759
-2026	-24	1697	76	-615	2174
-1780	-763	1930	361	394	1800
-1532	-971	2602	590	1377	1212
-1871	-708	3855	682	1873	403
-2406	-503	4334	862	1389	44
-2560	191	4080	986	513	32
-2132	563	3262	1025	-299	537
-1562	631	2426	935	-590	835
-1175	532	1816	776	-451	1100
-931	487	1662	647	-119	1233
-798	766	1744	772	-92	1515
-887	598	1941	687	-27	1780
-1180	319	2309	427	-195	1628
-1327	172	2676	230	-534	1350
-1518	-49	3000	120	-675	977
-1506	-38	3220	72	-431	387
-1456	261	3742	-37	-146	-22
-1665	642	4230	-211	230	-66
-1980	670	4547	10	94	-95
-2169	910	4807	203	-18	56
-2558	799	5185	336	-252	135
-2512	398	5438	290	-279	-199
-3524	887	4750	-29	-432	-492
-2954	1411	3726	36	439	-378
-2912	1438	4425	455	1997	-72
-3199	675	5097	446	1049	-215
-3381	-258	3761	60	-422	-446
-2408	-471	2785	-514	-523	-1329
-1990	-31	2963	-1001	-173	-1469
-1545	705	3149	-1129	150	-1142
-1369	1348	3368	-1023	746	-436
-1961	1426	3575	-850	932	292
-2489	414	3837	-1018	561	286
-2053	-260	3627	-1161	132	-159
-1655	-652	3501	-1229	-357	-600
-1040	-401	2706	-1229	-1041	-830
-701	-180	1828	-1239	-1214	-926
-524	-101	1180	-1223	-1009	-956
-485	-211	1013	-1000	-458	-961
-749	-134	1551	-544	259	-874
-1015	-234	2464	-356	604	-666
-1388	-209	3567	-19	651	-300
-1874	-280	4428	84	208	0
-2004	-124	4941	55	-425	128
-1862	-371	4954	-66	-1031	125
-1682	-331	4568	-276	-1192	-138
-1722	-2	4455	-294	-844	-62
-1702	5	3688	-98	15	84
-1709	-68	3690	-81	15	79
-1685	-17	3716	-89	-12	64
-1677	-10	3635	-98	-12	85
-1659	-48	3621	-100	27	57
-1693	-113	3652	-87	14	10
-1705	-116	3632	-66	6	-35
-1737	-74	3597	-55	2	5
-1791	-111	3493	-64	22	-7
-1806	-121	3529	-93	138	-22
-1777	-51	3636	-90	222	20
-1742	41	3692	-68	227	98
-1749	11	3806	-90	169	108
-1746	169	3893	-145	88	159
-1707	153	3979	-212	17	247
-1619	185	3892	-269	-85	254
-1557	209	3777	-324	-146	370
-1515	39	3635	-336	-197	414
-1513	-219	3440	-306	-180	376
-1599	-577	3297	-253	-50	176
-1883	-859	3284	-170	90	-194
-2036	-1211	3273	-30	132	-651
-1924	-1278	3232	150	198	-1023
-1889	-791	3224	293	346	-1060
-2005	-327	3312	368	500	-1048
-2062	-141	3492	334	603	-1116
-1908	101	3678	260	795	-970
-1775	295	3940	159	881	-749
-1781	281	3994	81	686	-622
-1561	146	3901	-47	620	-599
-1740	-219	3931	-235	496	-733
-1771	-282	3789	-367	427	-804
-1772	-123	3714	-459	449	-716
-1603	-27	3720	-453	453	-512
-1472	-228	3830	-480	360	-591
-1421	-278	4023	-459	304	-643
-1400	-263	4002	-471	95	-696
-1420	-232	3986	-448	-178	-660
-1290	-177	3680	-371	-372	-591
-1054	-118	3372	-276	-266	-466
-975	-118	3253	-114	-13	-281
-843	-188	3122	171	145	-55
-809	-160	3165	439	438	131
-888	-464	3601	682	650	238
-1002	-601	4180	796	676	114
-1314	-523	4662	672	325	58
-1618	-174	4813	438	84	90
-1919	185	4957	133	-25	320
-2301	443	5083	-310	13	538
-3171	220	5207	-796	-109	571
-4397	-932	4996	-996	-55	280
-4451	-1986	6023	-871	1259	-192
-3431	-63	6848	-647	226	965
-3516	814	4717	-132	-1119	2597
-3021	702	2441	146	-1401	3199
-2225	-394	1301	268	-490	2604
-1877	-1216	1755	370	831	1598
-1640	-1234	2703	605	1758	823
-1923	-795	3709	833	2136	371
-2632	-93	4293	998	1821	99
-2604	475	4286	1097	700	494
-1808	777	3499	1106	-342	903
-1336	811	2522	963	-900	1270
-845	570	1599	872	-983	1464
-352	508	1196	977	-722	1570
-255	437	1295	796	-235	1567
-888	223	1664	428	75	1376
-1646	0	2239	277	-240	1004
-2090	189	2505	331	-468	960
-2370	44	2694	395	-321	634
-1860	-83	3429	243	369	-96
-1800	358	4535	173	630	-700
-2328	1194	5530	100	465	-504
-2678	1219	6132	49	10	-156
-2745	623	6221	171	-912	-84
-2802	198	5336	119	-1545	-392
-3063	545	3807	-20	-1577	-505
-2710	492	3098	298	19	-742
-2476	544	4029	939	977	-655
-2829	370	4146	1018	208	-811
-3389	-553	3561	464	-899	-1285
-2789	-105	3318	-351	-822	-1954
-2132	838	3760	-769	-859	-1730
-1478	1466	3287	-904	-374	-1002
-1697	1535	3256	-846	100	-233
-2227	1253	3317	-909	310	470
-2175	399	3292	-1069	186	498
-1791	-115	3015	-1155	-274	159
-1365	-623	2517	-1355	-717	9
-1093	-842	1794	-1333	-1093	-406
-843	-553	1037	-1229	-1083	-699
-724	-543	759	-1008	-587	-600
-596	-504	1276	-681	353	-760
-903	-399	2521	-444	747	-1080
-1221	-53	3636	-263	318	-1047
-1522	-5	4125	-185	-106	-633
-1776	204	4442	-162	-212	-210
-1781	-34	4624	-235	-350	-78
-1751	-255	4594	-334	-271	-101
-1845	-355	4745	-410	-28	-114
-2238	70	5246	-411	-38	-55
-2790	224	5791	-200	-288	478
-3731	-478	5308	90	-739	749
-3014	-1406	4170	-43	-72	825
-2290	-358	4664	-453	812	519
-2931	911	4150	-187	193	1160
-2795	877	3075	231	-589	1494
-2143	329	2275	410	-338	1469
-1835	-439	2462	611	264	1616
-1545	-801	2859	898	1163	1346
-1608	-681	3897	931	1668	688
-2118	-195	4168	1065	1164	438
-2229	191	3811	1099	287	558
-1816	399	3078	1035	-289	535
-1440	457	2483	992	-411	679
-1179	439	2005	927	-337	767
-842	465	1750	872	-151	896
-811	692	1823	530	210	938
-1100	781	2179	349	250	999
-1584	765	2728	154	11	946
-1724	668	3013	56	-344	913
-1731	660	3263	2	-403	827
-1611	583	3471	48	-194	582
-1877	80	4177	-13	388	290
-2260	76	4757	229	193	144
-2620	279	5127	285	-26	32
-2287	370	5370	281	-174	-177
-1973	632	5511	212	-309	-662
-3144	1458	4756	-99	-366	-545
-3144	1054	3430	15	296	-375
-1381	257	3801	82	18	-53
-1379	254	3878	90	-2	-47
-1373	237	3884	118	-69	-44
-1353	224	3867	121	-112	-69
-1373	195	3814	101	-136	-121
-1351	198	3715	98	-125	-159
-1309	205	3637	106	-48	-202
-1348	255	3692	101	28	-237
-1404	333	3721	81	55	-245
-1451	451	3731	43	60	-178
-1553	543	3761	9	37	-37
-1505	563	3739	-19	20	90
-1478	540	3760	-73	64	181
-1476	388	3848	-89	59	227
-1468	187	3865	-82	12	206
-1554	254	3700	-83	-58	170
-1548	515	3405	-108	-2	256
-1418	637	3259	-147	251	407
-1430	497	3517	-184	607	453
-1484	199	3997	-124	743	404
-1505	4	4291	-6	536	331
-1501	-92	4320	106	160	216
-1387	97	3982	145	-48	160
-1281	287	3668	163	-59	177
-1211	322	3467	163	114	166
-1199	382	3426	152	308	102
-1267	380	3550	172	580	93
-1338	343	3795	199	681	103
-1324	379	4073	241	518	174
-1259	432	4059	227	295	265
-1189	603	4055	190	171	363
-1177	594	4170	141	-40	487
-1155	332	4090	86	-266	504
-1008	149	3976	47	-374	354
-907	76	3902	23	-434	208
-795	85	3838	16	-483	58
-707	243	3715	-2	-456	-13
-687	278	3634	-25	-363	-110
-680	388	3628	-58	-266	-221
-691	435	3774	-114	-234	-252
-565	357	3903	-153	-271	-250
-460	358	3917	-186	-388	-218
-343	276	3701	-169	-414	-211
-251	358	3554	-121	-117	-122
-413	464	3663	-110	380	-52
-737	688	3933	-41	819	49
-1387	706	4276	112	1093	117
-2275	218	4647	218	1119	-122
-2655	382	4795	84	916	-311
-2275	343	5762	39	1038	-579
-2693	453	6960	482	1321	-883
-2974	68	8167	1099	880	-460
-3144	114	6501	1224	-430	-466
-2930	101	3495	859	-524	-866
-2174	353	2266	525	555	-1267
-2231	676	2349	306	1212	-1342
-2274	1119	2767	73	1426	-1051
-2202	942	3530	-330	1531	-873
-2303	887	4038	-594	1047	-626
-2523	825	3962	-740	208	-100
-2490	494	3451	-873	-431	259
-2078	-3	2884	-949	-725	267
-1661	-476	2452	-923	-657	-110
-1348	-603	2324	-993	-341	-577
-1355	-509	2441	-983	-121	-783
-1257	-412	2477	-973	-41	-947
-1262	-86	2472	-954	-43	-931
-1139	152	2439	-989	-153	-721
-1130	364	2334	-1016	-203	-432
-1223	248	2434	-853	-59	-95
-1483	-68	2843	-665	115	63
-1681	-173	3429	-564	160	113
-1633	-496	3932	-456	-55	158
-1641	-687	4152	-382	-472	68
-1649	-654	3918	-356	-830	-48
-1523	-507	3523	-329	-950	-176
-1317	-327	3351	-225	-710	-213
-1193	-407	3474	-46	-458	-216
-1155	-515	3563	18	-384	-218
-1300	-457	3616	13	-316	-166
-1418	-240	3684	46	-192	25
-1595	8	3913	108	25	408
-1792	93	4350	141	223	831
-2496	-59	4714	149	485	975
-2990	-259	5148	120	605	1110
-2971	-437	5292	-117	643	1080
-2751	-540	5390	-495	535	860
-2816	-592	4928	-607	33	616
-2586	-390	3598	-273	-656	678
-2142	-485	2396	214	-485	984
-1795	-501	1953	610	467	888
-1835	5	2653	821	1420	682
-2207	184	3750	791	1600	384
-2372	99	4705	792	1340	290
-2319	-206	5015	994	558	313
-2328	-7	4466	1036	-464	236
-1963	316	3414	1042	-1003	417
-1382	486	2454	911	-944	493
-1141	652	2057	820	-488	474
-1062	674	1864	758	-159	654
-1206	624	1805	690	166	800
-1180	558	2004	619	369	965
-1230	427	2286	492	302	1029
-1394	373	2584	364	215	992
-1520	445	2901	240	133	842
-1525	765	3239	112	69	883
-1736	799	3605	-93	124	965
-1908	597	3993	-210	16	733
-1733	411	4258	-338	-240	460
-1723	496	4364	-454	-580	210
-1679	474	4140	-407	-951	215
-1384	460	3523	-261	-1060	263
-1183	573	2942	-104	-659	338
-1266	569	2939	40	130	342
-1779	304	3682	109	773	173
-2420	316	4590	-8	982	-221
-3070	564	5192	-137	796	-626
-3007	1197	5658	-50	663	-771
-2970	1437	6037	164	533	-329
-2748	782	5910	409	-60	-174
-2568	-83	4473	671	-791	-317
-2328	-559	2612	479	-1005	-1132
-2297	-268	1602	167	-229	-1616
-2124	160	1880	-206	966	-1863
-2308	517	3186	-365	1537	-1844
-2403	845	4173	-437	1142	-1566
-2333	988	4555	-457	382	-995
-2000	989	4002	-587	-322	-407
-2011	672	3724	-829	-604	-100
-1771	126	3277	-1019	-722	-128
-1669	13	3826	-36	-52	-128
-1657	130	3820	-47	-144	-83
-1640	132	3717	-78	-218	-39
-1602	68	3583	-93	-177	-30
-1545	22	3588	-91	-49	0
-1548	-17	3727	-95	25	9
-1594	-29	3861	-128	-43	-23
-1591	-157	3891	-141	-183	-71
-1552	-209	3871	-125	-289	-154
-1562	-264	3707	-76	-342	-174
-1480	-398	3505	-28	-224	-219
-1493	-491	3575	43	-65	-363
-1534	-363	3763	79	89	-464
-1569	-79	3951	48	134	-437
-1535	112	3979	-53	20	-340
-1611	-16	3927	-179	-81	-354
-1523	-144	3795	-249	-106	-389
-1476	-217	3693	-266	-93	-361
-1380	-185	3534	-274	-74	-253
-1316	-157	3477	-259	92	-162
-1327	-209	3565	-265	280	-192
-1407	-219	3781	-261	349	-258
-1481	-138	3911	-296	283	-255
-1477	-80	3921	-333	178	-194
-1385	-78	3843	-350	59	-186
-1372	-227	3787	-325	30	-182
-1394	-233	3739	-254	27	-124
-1356	-258	3711	-246	24	-115
-1328	-264	3670	-224	33	-113
-1306	-302	3700	-190	52	-175
-1289	-324	3765	-132	49	-203
-1311	-302	3734	-53	9	-213
-1257	-305	3661	25	8	-245
-1181	-276	3570	96	84	-242
-1180	-185	3594	131	182	-134
-1237	-70	3639	150	269	5
-1200	-106	3707	183	305	115
-1192	-277	3747	231	363	169
-1140	-420	3759	256	428	24
-1137	-270	3826	232	429	13
-1162	-195	3841	175	316	50
-1193	-155	3787	151	190	101
-1109	-246	3808	208	236	132
-1113	-350	4048	227	260	115
-1154	-272	4213	180	157	61
-1411	-279	4342	89	-1	122
-1706	-358	4222	4	-138	53
-1978	-164	4193	-108	37	110
-2100	-63	4663	-241	256	307
-2474	-296	5871	-454	584	358
-3511	-196	7361	-630	700	324
-3739	-38	7782	-647	-239	712
-3135	190	5632	-647	-1170	1016
-2255	234	3143	-344	-760	1600
-1825	128	1945	184	219	1977
-1491	-380	1617	277	1090	1819
-1809	-778	2461	510	2244	1092
-2156	-868	3523	786	2002	603
-1974	-539	4107	986	1421	236
-1866	-284	4349	1234	612	109
-1755	127	3945	1297	-421	-73
-1526	718	3051	1169	-1188	188
-1229	1207	2009	957	-1481	658
-952	1414	1190	878	-1146	1199
-708	1345	885	609	-35	1605
-939	818	1350	206	1272	1669
-1559	102	2513	-27	1911	1590
-1928	-436	3597	-44	1305	1360
-1923	-272	4194	-83	429	1070
-1963	83	4269	-12	-483	944
-1756	423	3813	47	-1018	681
-1427	629	3257	129	-1005	574
-1321	720	3023	109	-506	494
-1456	617	3228	2	80	377
-1777	382	3872	-39	246	210
-1876	242	4313	17	-226	60
-1594	259	3897	148	-776	-51
-1517	453	3425	315	-761	-173
-1379	764	3397	367	-216	-271
-1649	657	3952	188	685	-333
-2131	387	4851	-37	973	-679
-2967	656	5298	-282	661	-964
-3462	1284	5120	-427	185	-765
-2855	1573	4727	-77	347	-170
-2247	818	4896	471	219	173
-2270	210	4214	561	-549	111
-2480	-556	3033	245	-893	-324
-2435	-608	2289	-152	-524	-1235
-2354	65	2471	-476	243	-1775
-2165	682	3150	-561	712	-1683
-2252	961	3832	-345	595	-1144
-2431	1010	3949	-353	246	-473
-2295	902	3824	-551	-145	11
-2002	494	3566	-795	-496	182
-1971	72	3589	-1143	-644	-44
-1734	-305	3181	-1204	-866	-294
-1556	-281	2678	-1087	-851	-348
-1328	-451	2238	-983	-681	-464
-1220	-432	2089	-904	-384	-619
-1227	-420	2178	-822	-66	-711
-1251	-260	2349	-600	41	-718
-1309	-203	2625	-466	121	-712
-1435	-198	3075	-363	162	-737
-1450	-76	3497	-315	87	-662
-1479	83	3773	-140	-140	-387
-1421	-115	3665	-37	-408	-182
-1400	-187	3400	-16	-466	-248
-1415	-273	3324	17	-369	-302
-1416	-477	3366	63	-136	-408
-1475	-309	3709	105	60	-472
-1502	13	4117	131	109	-279
-1413	-111	4440	104	-197	-151
-1274	-375	4237	62	-499	-247
-1167	-426	3839	-9	-594	-305
-1172	-346	3668	-10	-408	-275
-1547	-137	3739	3	-78	-49
-1849	-100	3944	-9	201	204
-2255	-368	4355	14	547	440
-2683	-472	5035	-5	1085	526
-2894	-418	6197	-45	1210	651
-3319	-455	6849	-407	643	582
-3160	-28	5954	-751	-467	562
-2481	160	3887	-555	-1207	960
-1836	164	2305	-54	-947	1273
-1476	67	1596	403	75	1602
-1539	-62	1852	628	1497	1569
-2080	-147	2956	611	2034	1259
-2345	-218	4006	430	1670	804
-2444	-386	4670	552	924	651
-2207	-467	4475	818	-20	625
-1412	309	3553	-186	114	-11
-1412	309	3553	-186	114	-11
-1469	305	3706	-164	233	115
-1497	148	3821	-122	147	156
-1483	44	3762	-81	47	136
-1496	12	3675	-55	44	126
-1514	-3	3709	-43	111	56
-1581	22	3773	-46	89	-37
-1559	65	3734	-58	51	-129
-1529	101	3734	-45	59	-211
-1541	91	3713	-11	18	-251
-1537	8	3702	12	7	-286
-1542	-119	3712	-3	30	-372
-1615	-218	3675	-22	38	-520
-1724	-309	3530	9	49	-746
-1743	-260	3432	123	119	-895
-1654	-194	3442	247	301	-920
-1588	-94	3633	309	429	-969
-1587	160	3946	-31	414	-466
-1587	160	3946	-31	414	-466
-1587	160	3946	-31	414	-466
-1587	160	3946	-31	414	-466
-1461	185	4109	-129	438	-361
-1353	120	4084	-248	342	-299
-1357	42	4049	-407	263	-410
-1386	176	4007	-537	149	-419
-1285	96	3798	-622	90	-383
-1141	136	3695	-619	17	-300
-1149	-58	3641	-595	54	-124
-1166	-167	3772	-526	166	-96
-1245	-39	4015	-414	183	-48
-1209	1	4124	-416	-73	32
-1223	59	3983	-432	-315	151
-1159	22	3819	-439	-329	208
-1067	-34	3665	-416	-302	280
-1002	-173	3584	-358	-235	249
-950	-208	3588	-255	-199	259
-881	-250	3589	-132	-193	296
-769	-376	3600	7	-237	254
-716	-312	3612	129	-270	242
-661	-163	3617	185	-344	215
-619	-16	3615	250	-342	263
-482	-60	3700	315	-336	207
-454	-66	3915	410	-365	268
-448	-387	4258	584	-310	270
-494	-1097	4657	485	-160	-250
-957	-805	4839	105	25	-782
-1304	530	4582	-372	624	-262
-1863	922	4633	-736	1287	246
-2693	441	5562	-848	1799	218
-3535	-586	7280	-899	2136	339
-3955	-1486	9096	-944	1282	58
-3623	-1099	6548	-529	-904	205
-3181	-142	3074	42	-1285	1028
-2387	586	1259	490	-285	1912
-1705	415	670	702	1245	2107
-2028	-248	1706	727	2627	1282
-2293	-615	3372	688	2931	456
-2453	-867	4506	949	2513	-85
-2821	-498	5131	1019	1249	-359
-2482	46	4436	980	-198	-219
-1909	489	3348	867	-1113	229
-1348	770	2193	772	-1224	650
-922	709	1535	816	-624	1009
-686	591	1485	792	461	1062
-1054	468	2175	655	1016	1112
-1535	320	2806	562	864	1012
-1590	369	3334	486	400	1002
-1529	447	3485	389	-213	954
-1618	471	3364	327	-620	823
-1711	440	3087	295	-783	604
-1663	407	3059	298	-554	398
-1808	293	3530	296	-243	196
-2043	95	4100	281	-140	-114
-2013	228	4360	301	-239	-400
-1965	349	4539	292	-201	-621
-2345	70	3253	568	370	-1517
-2345	70	3253	568	370	-1517
-2345	70	3253	568	370	-1517
-2345	70	3253	568	370	-1517
-2345	70	3253	568	370	-1517
-3171	-283	3616	293	54	-1775
-2929	-447	3353	81	-213	-1778
-2210	0	3653	-201	-339	-1775
-2166	949	3435	-382	-507	-1495
-1802	1767	3143	-519	-150	-835
-1691	2100	3187	-558	168	250
-2347	1185	3703	-752	325	694
-2164	490	3721	-931	-106	522
-1967	-7	3442	-1095	-710	376
-1587	-530	2805	-1180	-1163	49
-1176	-659	2163	-1210	-1066	-285
-921	-749	1880	-1153	-646	-506
-830	-534	1748	-995	-219	-741
-924	-224	2087	-954	243	-841
-1120	63	2640	-814	187	-719
-1255	153	2966	-699	-139	-413
-1316	203	3120	-487	-338	1
-1360	-96	3309	-339	-384	282
-1326	-521	3496	-272	-256	250
-1363	-626	3916	-65	26	45
-1550	-358	4401	49	28	-6
-1580	-118	4583	-51	-248	-84
-1644	16	4603	-188	-335	-136
-1827	130	4851	-209	-188	-48
-2248	146	5221	-26	28	417
-3075	-335	4988	122	69	650
-2813	-882	4712	-195	611	560
-2826	-530	5110	-613	1066	105
-3085	118	4693	-546	245	85
-2988	596	3481	-104	-611	639
-2171	172	2218	349	-602	1174
-1525	-497	2134	628	316	1110
-1551	-729	2905	827	1370	926
-2060	-760	4201	947	1854	405
-2508	-518	4723	923	1134	-53
-2575	21	4260	986	368	101
-2270	419	3462	983	-157	337
-1585	762	2568	1030	-124	636
-1311	777	2084	993	343	759
-1085	700	2038	830	864	855
-1222	689	2368	691	957	1028
-1162	629	2557	629	448	1273
-1246	523	2657	452	-134	1316
-1395	310	2745	368	-586	1146
-1506	347	2541	372	-929	850
-1361	354	2383	423	-806	672
-1290	251	2563	381	-170	436
-1707	-76	3235	302	696	-27
-2323	-169	4829	117	1174	-487
-1646	232	3696	-6	64	25
-1646	232	3696	-6	64	25
-1682	254	3732	-7	33	25
-1686	259	3696	-9	-6	33
-1660	265	3651	-14	-13	28
-1643	244	3655	-11	-8	18
-1615	248	3656	0	9	28
-1611	255	3652	-3	45	32
-1631	269	3692	-17	50	28
-1656	289	3698	-31	18	36
-1634	251	3713	-36	-2	37
-1632	243	3697	-25	-14	29
-1636	230	3656	-24	-18	24
-1617	234	3635	-28	13	22
-1304	251	4565	186	18	-73
-1304	251	4565	186	18	-73
-1304	251	4565	186	18	-73
-1304	251	4565	186	18	-73
-1304	251	4565	186	18	-73
-1304	251	4565	186	18	-73
-1304	251	4565	186	18	-73
-1304	251	4565	186	18	-73
-1304	251	4565	186	18	-73
-1304	251	4565	186	18	-73
-1304	251	4565	186	18	-73
-1304	251	4565	186	18	-73
-1304	251	4565	186	18	-73
-1304	251	4565	186	18	-73
-1304	251	4565	186	18	-73
-1304	251	4565	186	18	-73
-1304	251	4565	186	18	-73
-1304	251	4565	186	18	-73
-1304	251	4565	186	18	-73
-1304	251	4565	186	18	-73
-1304	251	4565	186	18	-73
-1304	251	4565	186	18	-73
-1304	251	4565	186	18	-73
-1304	251	4565	186	18	-73
-1304	251	4565	186	18	-73
-1304	251	4565	186	18	-73
-1304	251	4565	186	18	-73
-1304	251	4565	186	18	-73
-1304	251	4565	186	18	-73
-1304	251	4565	186	18	-73
-1304	251	4565	186	18	-73
-1304	251	4565	186	18	-73
-1544	412	4447	337	-245	31
-1966	240	4181	598	-173	79
-2289	33	4268	832	305	-227
-3617	1027	4542	559	678	-457
-3697	1879	5603	311	1525	-282
-4200	1782	7264	820	1424	-78
-3879	229	6826	1084	-284	-328
-3427	-526	3896	685	-1458	-1128
-2682	-1062	1807	334	-1062	-2085
-1874	-397	1199	-14	-15	-2759
-1349	775	2003	-506	1296	-2809
-1350	1674	3500	-698	1601	-2127
-1789	1879	3910	-644	1198	-656
-2237	1499	3998	-687	661	690
-2427	436	3890	-796	-115	1206
-2100	-694	3307	-1022	-722	354
-1711	-1171	2504	-996	-1127	-668
-1127	-1184	1634	-906	-1105	-1460
-868	-743	1143	-899	-517	-1787
-1019	-286	1354	-791	288	-1787
-1187	-38	2284	-670	636	-1755
-1561	234	3290	-619	232	-1641
-1789	534	3813	-394	-564	-1038
-1844	259	3571	-448	-1354	-529
-1834	94	3088	-606	-941	5
-1812	-252	3344	-677	-206	219
-1798	-730	4031	-555	326	-24
-2244	-1007	4978	-405	389	-308
-2537	-1207	5539	-241	4	-310
-2482	-76	5600	-153	-419	-82
-2294	804	5179	-48	-631	867
-2832	665	4347	-30	-924	1581
-4197	-764	2512	-97	-744	1082
-2449	-821	1724	-1	747	1240
-1685	-87	2788	287	1728	2031
-3138	212	3938	430	1130	1815
-2982	-21	4451	250	-12	1116
-2349	-258	4319	303	-748	884
-2097	-673	3811	506	-778	551
-1923	-269	2786	691	-589	576
-1735	176	2032	797	117	631
-1773	496	2180	700	1103	713
-1804	161	2817	771	1655	462
-1725	409	3660	847	1154	468
-1658	479	3514	858	-120	757
-1211	508	2917	706	-945	842
-1003	629	2345	831	-1275	910
-1078	768	2024	543	-1151	813
-1173	860	2085	440	-884	954
-1295	668	2388	350	-490	665
-1318	382	2922	141	162	516
-1754	-159	3991	118	596	262
-2474	-111	5086	131	368	-195
-2691	4	5533	344	-161	-269
-2565	289	5718	607	-422	-428
-2561	923	5488	775	-409	-604
-3522	1490	4153	701	-607	-379
-3329	901	2569	573	507	-689
-2315	451	3786	808	1666	-940
-3111	261	4346	672	372	-706
-3532	-418	3402	-51	-615	-977
-2614	55	3420	-584	-558	-1568
-2121	754	3688	-877	-737	-1881
-1764	1592	3543	-941	-459	-1569
-1616	1858	3200	-736	-85	-425
-2277	844	3335	-756	241	451
-2065	-66	3068	-1041	222	74
-1764	-485	2994	-1282	123	-369
-1120	-583	2450	-1423	-429	-819
-754	-529	1668	-1279	-715	-1059
-639	-529	1182	-1154	-679	-1156
-664	-527	1063	-1034	-375	-1331
-639	-504	1282	-992	240	-1501
-1275	73	2090	-409	648	-1015
-1899	243	2908	-331	502	-428
-2331	193	3559	-270	580	94
-2083	276	4679	-199	831	369
-2012	-532	5834	-179	421	535
-2290	-667	6042	-460	-315	-22
-2659	-456	5786	-713	-1048	-81
-2311	-250	5159	-630	-1562	-10
-1806	337	4256	-381	-1324	719
-2098	470	3396	142	-497	1419
-3571	-622	2712	323	525	1375
-1387	133	3769	-36	-152	-15
-1429	74	3797	-27	-143	-87
-1447	93	3770	16	-141	-149
-1433	116	3692	55	-109	-208
-1502	168	3627	68	-57	-266
-1487	231	3594	70	-16	-304
-1492	281	3585	77	51	-303
-1533	206	3652	88	89	-294
-1571	96	3674	109	87	-348
-1557	93	3658	122	95	-433
-1553	103	3625	156	121	-482
-1571	149	3647	183	166	-500
-1636	125	3710	214	177	-507
-1823	53	3644	187	174	-593
-1860	-51	3583	131	217	-673
-1691	-59	3575	110	295	-791
-1522	67	3670	92	360	-768
-1391	150	3818	98	340	-753
-1295	340	4008	63	341	-567
-1392	273	4297	-68	419	-419
-1423	177	4475	-225	310	-359
-1385	103	4452	-403	104	-413
-1392	75	4152	-509	-186	-476
-1265	45	3662	-584	-210	-516
-1133	54	3361	-634	-62	-530
-1088	116	3314	-610	264	-444
-1158	192	3620	-540	420	-267
-1192	92	3815	-442	310	-71
-1278	72	4047	-347	150	60
-1336	-63	4128	-288	-110	170
-1336	-65	4108	-268	-287	130
-1265	49	4017	-278	-394	174
-1112	139	3883	-305	-439	313
-931	122	3753	-312	-465	440
-870	-30	3627	-278	-397	466
-787	-301	3590	-204	-191	361
-797	-322	3666	-113	28	288
-816	-207	3790	-57	167	291
-856	-80	3895	-40	130	339
-816	-37	3854	-22	2	372
-755	-63	3742	6	-56	414
-940	-101	4140	126	262	657
-940	-101	4140	126	262	657
-940	-101	4140	126	262	657
-940	-101	4140	126	262	657
-1042	-256	4405	63	147	494
-1366	-328	4410	-19	-14	321
-1744	-267	4346	-201	111	203
-2189	-132	4432	-438	508	246
-2486	-171	5276	-830	1042	181
-3182	-531	6673	-948	1024	-35
-3436	-800	7268	-772	562	-15
-2960	-680	6038	-464	-434	252
-2354	-287	3633	-223	-523	799
-2022	81	2163	108	404	1306
-1979	84	1703	223	1219	1522
-2298	-200	2255	448	1979	1026
-2553	-176	3274	593	1958	491
-2372	-331	4028	853	1680	385
-2264	-89	4754	946	1080	203
-2211	219	4780	883	29	157
-1932	431	3938	821	-709	376
-1609	658	3004	758	-952	683
-1200	751	2053	713	-652	913
-1008	695	1653	630	147	898
-1124	373	1922	534	822	845
-1273	66	2226	392	1088	783
-1498	-3	2649	499	906	843
-1493	235	2968	541	621	904
-1601	388	3241	502	219	869
-1603	476	3291	413	-128	681
-1624	534	3365	283	-359	498
-1678	617	3370	175	-510	414
-1741	675	3464	73	-627	398
-1731	623	3481	-68	-674	294
-1657	471	3472	-186	-618	114
-1561	356	3613	-246	-443	-112
-1622	437	3736	-185	-401	-165
-1604	336	3723	-42	-346	-204
-1543	222	3750	120	-127	-368
-1768	81	3812	170	82	-624
-2298	366	3923	103	81	-851
-2625	1198	4123	171	232	-593
-2846	1490	4685	328	701	-48
-2806	1235	5699	438	714	290
-3133	732	6007	557	-154	191
-2677	157	4330	371	-1234	-198
-1987	45	2518	163	-1008	-783
-1810	171	2083	-149	108	-1012
-2342	138	2608	-322	717	-1072
-2426	190	3383	-342	818	-1012
-2410	310	4065	-324	482	-799
-2477	426	4227	-344	-42	-744
-2215	642	4070	-488	-397	-579
-1981	549	3785	-617	-679	-428
-1850	266	3472	-733	-743	-435
-1656	63	3163	-821	-725	-477
-1526	-193	3004	-864	-579	-655
-1341	-185	2728	-787	-655	-740
-1303	-294	2372	-752	-571	-874
-1104	-311	2144	-749	-382	-1016
-1081	-286	2148	-685	-46	-1090
-1248	-49	2480	-640	245	-1048
-1410	131	2918	-525	334	-804
-1527	222	3342	-444	143	-616
-1595	157	3512	-398	-181	-359
-1589	-71	3600	-317	-315	-218
-1568	-424	3644	-271	-464	-276
-1474	-535	3732	-150	-497	-390
-1392	-561	3815	-23	-537	-447
-1234	-445	3712	64	-563	-505
-1146	-279	3458	138	-615	-584
-1062	-206	3159	215	-498	-504
-1062	-344	3169	288	-79	-452
-1227	-336	3490	332	336	-348
-1445	-99	3945	278	484	-217
-1645	178	4362	169	387	19
-1886	294	4561	14	-20	280
-2052	210	4283	-138	-235	580
-2123	-263	4322	-234	9	764
-2199	-604	4656	-273	532	756
-2613	-800	5396	-198	987	757
-2962	-625	6192	-338	1040	646
-3048	-96	6153	-661	185	689
-2597	112	4567	-814	-636	923
-2063	237	2973	-580	-682	1200
-1955	368	2102	-195	-333	1605
-1724	74	1893	200	642	1831
-1901	-158	2641	389	1493	1638
-2151	-267	3681	372	1399	1343
-1730	-60	3700	24	8	353
-1730	-60	3700	24	8	353
-1730	-60	3700	24	8	353
-1730	-60	3700	24	8	353
-1716	-54	3678	28	-23	387
-1697	-79	3657	39	-22	386
-1685	-62	3677	54	-14	357
-1670	-27	3649	63	-5	352
-1682	-63	3695	69	-11	340
-1687	-66	3703	74	-37	309
-1690	-69	3683	91	-47	302
-1682	-30	3702	108	-44	291
-1710	16	3687	109	-67	290
-1708	77	3648	97	-79	294
-1669	73	3573	67	-62	298
-1630	72	3573	50	-24	292
-1638	30	3634	73	22	294
-1629	23	3674	95	29	274
-1738	73	3671	83	-13	296
-1714	228	3521	41	-65	348
-1693	290	3238	-33	-13	407
-1592	355	3156	-100	172	414
-1569	319	3238	-161	327	440
-1706	229	3406	-179	422	420
-2022	301	3489	-183	495	447
-2015	750	3460	-155	566	807
-1714	763	3621	-145	545	1078
-1756	533	3891	-177	530	967
-1727	211	4173	-116	458	755
-1500	95	4543	146	538	605
-1589	21	4737	327	228	409
-1748	192	4303	543	-93	384
-1631	626	3736	638	-158	456
-1434	972	3273	572	34	568
-1370	1107	3218	409	374	612
-1421	1063	3345	283	566	739
-1484	789	3534	141	613	799
-1563	642	3734	31	447	819
-1584	562	3802	-39	201	842
-1537	592	3753	-92	-18	865
-1499	622	3605	-96	-120	932
-1379	564	3513	-76	-61	912
-1315	430	3578	-72	100	783
-1416	276	3786	-110	247	506
-1490	407	4055	-121	286	295
-1615	465	4204	-106	72	227
-1633	387	3989	13	-137	129
-1681	216	3707	208	6	-86
-1832	63	3925	276	714	-493
-2180	-9	4974	216	1302	-1036
-2565	240	6096	212	1237	-1526
-3338	885	6450	323	181	-1385
-3484	1096	4947	434	-743	-1154
-2198	1128	3739	885	-352	-1154
-1702	707	3751	1223	57	-898
-2332	171	3094	976	-318	-934
-2816	-466	2180	375	-205	-1594
-2399	-287	2498	-223	452	-2451
-2163	385	3415	-461	579	-2546
-2201	1088	3915	-331	385	-2059
-2186	1526	3904	-163	27	-976
-2179	1462	3553	-236	-177	17
-2300	490	3374	-608	-263	137
-2138	-308	3124	-996	-457	-475
-1994	-713	2749	-1083	-680	-1022
-1726	-654	2284	-928	-624	-1225
-1518	-315	2034	-789	-313	-1274
-1580	-181	2228	-773	-37	-1286
-1566	-204	2461	-726	93	-1408
-1780	4	3231	-445	-235	-1088
-1780	4	3231	-445	-235	-1088
-1780	4	3231	-445	-235	-1088
-1644	159	3184	-399	-333	-708
-1642	31	3207	-409	-352	-405
-1646	-115	3256	-407	-433	-217
-1596	-265	3392	-312	-451	-11
-1630	-388	3542	-149	-406	167
-1632	-345	3600	-77	-327	309
-1513	-376	3578	-55	-171	466
-1516	-329	3727	1	112	566
-1629	-370	4043	0	270	648
-2068	-249	4234	-52	163	726
-2439	-29	4144	-63	8	972
-2647	-164	3893	-35	10	1105
-3074	-859	3702	23	614	859
-2916	-1847	4164	75	1218	139
-2705	-1004	4641	45	1275	-426
-2937	-214	4657	77	562	111
-3141	309	3896	165	-49	391
-2774	832	2937	257	-121	884
-2184	906	2804	469	475	1125
-2189	616	3422	436	823	1292
-2363	48	4124	267	805	1206
-2461	-276	4502	379	457	1099
-2361	-508	4244	721	-151	1060
-2310	-218	3532	879	-540	902
-1986	262	2859	872	-583	930
-1631	517	2441	801	-431	902
-1456	614	2110	813	-204	878
-1382	810	2061	803	126	1084
-1430	867	2091	710	307	1386
-1573	837	2262	538	290	1662
-1605	559	2429	347	99	1716
-1651	351	2720	93	93	1493
-1683	270	3077	-29	-52	1290
-1698	302	3283	-183	-178	1036
-1664	464	3371	-262	-354	882
-1637	463	3333	-330	-386	675
-1767	405	3552	-449	-313	307
-1716	489	3727	-484	-441	49
-1622	675	3631	-430	-623	136
-1553	631	3373	-276	-695	253
-1653	620	3258	-86	-377	232
-1965	434	3471	76	191	61
-2563	462	4108	-62	709	-313
-3164	648	4845	-276	827	-607
-3576	1554	5826	-215	924	-680
-3575	1493	6409	70	549	-138
-3002	1087	6202	514	-230	204
-2818	263	4566	607	-1149	146
-2436	-626	2429	447	-1434	-754
-2100	-518	1230	220	-487	-1702
-2339	-336	1428	-68	879	-2214
-2582	-2	3026	-157	1644	-2481
-2658	359	4508	-127	1241	-2183
-2596	805	4989	-52	227	-1765
-2236	1144	4459	-174	-556	-1131
-2127	1234	4051	-538	-968	-678
-1631	51	2461	-994	-1260	-663
-1631	51	2461	-994	-1260	-663
-1296	82	3836	6	110	99
-1296	82	3836	6	110	99
-1296	82	3836	6	110	99
-1330	84	3903	-14	82	78
-1313	16	3851	-18	54	59
-1330	-10	3797	-3	47	-10
-1328	10	3759	6	55	-57
-1341	42	3791	19	101	-53
-1335	53	3794	47	130	-63
-1312	88	3804	71	122	-81
-1318	139	3792	61	136	-77
-1345	186	3775	37	126	-60
-1351	149	3730	33	106	-80
-1334	161	3683	25	128	-68
-1359	151	3674	11	209	-43
-1418	174	3766	-13	246	-42
-1441	238	3806	-11	228	-12
-1486	253	3810	-22	196	34
-1558	233	3763	-35	158	72
-1609	391	3643	-55	171	188
-1553	516	3474	-83	271	398
-1467	553	3485	-87	430	535
-1368	442	3774	-93	574	564
-1483	215	4193	-77	545	518
-1552	32	4390	27	352	438
-1362	-41	4203	176	167	389
-1347	59	4026	298	87	386
-1390	60	3814	357	-27	384
-1240	230	3465	426	36	369
-1152	481	3260	482	536	557
-1275	323	3537	476	931	581
-1465	231	3979	480	942	474
-1517	155	4157	528	611	364
-1467	-21	4280	476	298	134
-1296	78	4215	426	-58	-59
-1203	187	4138	452	-414	-143
-996	210	3859	399	-516	-276
-849	339	3711	359	-534	-342
-749	496	3578	338	-494	-308
-666	740	3454	296	-379	-210
-652	837	3475	224	-143	-17
-725	660	3738	94	43	95
-747	438	4025	-28	-92	-11
-675	313	4108	-152	-361	-186
-521	336	3907	-190	-505	-227
-510	385	3674	-114	-355	-162
-689	504	3728	23	119	-15
-1224	359	4079	238	609	-84
-1954	73	4571	398	863	-418
-2789	875	6150	313	981	-1036
-2789	875	6150	313	981	-1036
-2964	1528	7240	564	970	-893
-2897	1247	7842	939	178	-328
-2938	652	6020	1027	-811	-201
-2871	90	3170	522	-638	-359
-2523	-361	1936	301	443	-1105
-2478	-82	1955	258	1390	-1724
-2371	507	2615	129	1818	-1627
-2082	848	3533	-165	1774	-1205
-1913	1146	4067	-415	1229	-695
-2009	1146	4062	-603	599	-131
-2118	616	3804	-757	-160	181
-1840	-142	3133	-891	-809	-54
-1512	-590	2522	-986	-970	-757
-1065	-812	1881	-968	-752	-1224
-872	-687	1913	-824	-63	-1552
-907	-175	2346	-789	315	-1563
-928	330	2783	-707	378	-1247
-1183	684	3254	-724	61	-916
-1295	729	3162	-754	-596	-463
-1144	316	3028	-691	-847	-129
-1066	-189	3005	-582	-706	-158
-1145	-258	3148	-520	-605	-38
-1131	-717	3294	-333	-564	94
-1037	-780	3376	-171	-317	-141
-1179	-465	3816	-106	-166	-288
-1492	-164	4121	-90	-282	-130
-1553	-89	4289	-165	-257	68
-1911	109	4565	-458	-277	102
-2344	267	4702	-648	-318	445
-3050	-453	5002	-478	-235	668
-3429	-756	5231	-284	344	727
-3368	-1429	5878	-260	1031	809
-3115	-220	6086	-467	506	732
-3010	649	4188	-174	-554	1241
-2700	523	2586	216	-693	1904
-1925	52	1799	359	-154	1763
-1584	-415	2050	557	758	1374
-1544	-750	2933	750	1631	786
-1863	-556	3944	791	1801	143
-2393	-286	4420	957	1279	-61
-2458	247	4236	920	287	250
-2001	617	3349	764	-600	642
-1578	821	2330	772	-744	764
-1203	835	1578	762	-370	925
-828	770	1365	627	282	1130
-921	527	1680	379	833	1206
-1312	257	2430	307	654	1200
-1392	8	2700	266	81	997
-1563	-131	2799	273	-264	642
-1560	-11	2831	302	-290	214
-1576	294	3020	376	-83	28
-1485	467	3477	323	477	-108
-1793	557	4248	367	729	-147
-2143	517	4931	390	540	-266
-2276	487	5367	362	75	-315
-2241	629	5592	199	-389	-367
-2942	1092	5511	-144	-664	-500
-3250	1750	4571	-235	-420	110
-3258	1189	4194	364	883	171
-3072	380	4411	602	800	-116
-3144	-201	3700	444	206	-453
-3061	-1035	3111	73	-250	-1225
-2426	-534	3120	-352	-225	-1814
-2063	561	3668	-661	-229	-1711
-1805	1778	3811	-790	-234	-1223
-1382	2224	3459	-741	-162	-74
-1940	1443	3674	-899	-93	748
-2058	48	3253	-994	-548	473
-1743	-590	2925	-1141	-797	-165
-1241	-877	2133	-1122	-994	-487
-956	-879	1480	-1168	-800	-848
-754	-617	1150	-981	-65	-878
-880	-337	1637	-718	641	-981
-1035	76	2248	-617	765	-1036
-1412	225	3090	-496	474	-829
-1493	96	3536	-297	-206	-637
-1357	129	3675	-191	-740	-285
-1182	68	3640	-70	-851	233
-1258	-249	3422	80	-882	406
-1707	138	3678	-61	68	-250
-1687	190	3594	-71	109	-222
-1687	190	3594	-71	109	-222
-1687	190	3594	-71	109	-222
-1687	190	3594	-71	109	-222
-1687	190	3594	-71	109	-222
-1687	190	3594	-71	109	-222
-1719	205	3613	-77	149	-181
-1766	215	3684	-85	144	-145
-1769	158	3742	-90	59	-106
-1754	129	3699	-84	-45	-81
-1715	87	3593	-87	-72	-89
-1675	72	3580	-95	-8	-94
-1704	84	3645	-104	27	-83
-1703	88	3674	-89	-8	-66
-1685	71	3662	-73	-60	-78
-1677	53	3623	-62	-65	-85
-1691	37	3631	-63	-66	-69
-1705	51	3591	-91	-74	-75
-1679	-34	3487	-115	11	-88
-1713	-196	3536	-127	94	-275
-1983	-393	3418	-110	35	-471
-1932	-507	3312	2	135	-658
-1951	-311	3367	80	287	-756
-1873	-36	3465	66	412	-646
-1735	236	3618	-2	428	-435
-1619	178	3691	-140	675	-259
-1806	106	4318	-267	740	-222
-1731	82	4593	-462	453	-143
-1700	40	4269	-678	120	-147
-1645	-48	3905	-754	98	-191
-1583	-107	3847	-824	148	-267
-1511	-63	3880	-876	67	-309
-1350	-83	3934	-832	-211	-192
-1061	-20	3663	-817	-353	-46
-1005	-9	3491	-751	-260	221
-1127	-152	3537	-627	-214	356
-1146	-295	3636	-481	-210	361
-1095	-430	3641	-408	-126	347
-1018	-348	3666	-314	-6	295
-1111	-382	3574	-154	-157	417
-865	-357	3084	118	-66	449
-783	-380	3304	335	320	422
-880	-756	3935	524	437	171
-1234	-740	4562	516	233	-109
-1503	-420	4981	321	-84	-89
-1764	138	5091	-48	-368	28
-1750	320	4712	-476	-489	60
-2076	413	4584	-773	-177	213
-3405	-284	4957	-684	118	380
-3902	-1545	5779	-463	877	297
-3745	-1714	7508	-637	1285	70
-3431	149	6403	-439	-357	899
-3173	1041	3365	72	-1231	1886
-1967	729	1608	394	-761	2555
-1319	-106	1110	694	414	2406
-1163	-1269	1945	822	1466	1563
-1416	-1286	3307	1023	2060	615
-2001	-865	4305	1147	1478	-87
-2333	-225	4217	1128	564	-401
-2190	537	3573	1092	-376	-5
-1663	870	2759	1056	-793	360
-1213	874	2002	1039	-772	828
-980	563	1568	945	-216	987
-1011	415	1821	865	481	965
-1175	219	2340	723	782	910
-1487	88	2982	646	621	822
-1574	161	3552	626	138	744
-1664	421	3714	670	-383	755
-1708	758	3543	663	-624	715
-1496	839	3428	678	-484	642
-1586	614	3543	525	-4	344
-1797	223	4206	380	338	117
-2486	309	5733	319	-168	-365
-2486	309	5733	319	-168	-365
-2354	792	6038	382	-578	-757
-3455	1416	4932	170	-1127	-727
-3645	1468	2755	355	-449	-738
-2441	961	2851	496	1077	-715
-2245	352	3675	213	1051	-975
-3292	-987	3661	-180	32	-1291
-2730	-812	3499	-539	-339	-1895
-2168	-35	3905	-726	-599	-1981
-1544	1110	3580	-884	-608	-1873
-1189	1957	3167	-769	-32	-954
-1923	1709	3491	-794	688	-164
-2222	574	3668	-865	381	90
-1624	-89	3063	-1115	-209	-191
-1214	-541	2355	-1256	-669	-452
-916	-595	1534	-1219	-756	-677
-1286	3	2966	-420	896	-984
-1286	3	2966	-420	896	-984
-1286	3	2966	-420	896	-984
-1286	3	2966	-420	896	-984
-1823	124	3916	-431	264	-437
-2016	111	4194	-480	-148	-264
-2053	424	4330	-476	-299	137
-1984	210	4422	-399	-414	496
-1759	-312	4427	-397	-318	322
-2016	-786	4866	-403	-119	211
-2374	-907	5314	-374	-25	231
-2645	-392	5432	-79	12	545
-3765	-644	4879	197	-232	556
-3401	-1464	3805	-24	438	298
-2189	-203	3688	-165	940	15
-3027	716	3974	243	319	614
-3052	583	3186	712	-445	1065
-2262	-29	3047	859	-518	969
-1970	-391	2926	954	-284	1030
-1519	-618	3091	962	482	681
-1818	-351	3400	1010	905	311
-2265	-9	3427	1038	761	266
-2166	384	3292	1098	478	427
-1877	630	3016	999	173	347
-1649	686	2432	919	-70	537
-1380	637	1986	881	26	808
-1142	722	2062	858	272	1113
-1193	597	2401	544	413	1187
-1383	526	2840	305	129	1002
-1669	488	3115	155	-481	726
-1794	568	2942	165	-1151	567
-1666	443	2510	299	-1189	644
-1552	-96	2558	304	-418	228
-1894	-149	3592	144	754	-443
-2279	47	5149	200	1025	-589
-2535	396	6086	235	495	-530
-2593	910	6253	227	-260	-558
-2789	1233	5450	229	-882	-361
-3803	1277	3317	2	-1114	-22
-3277	1114	1488	126	116	5
-1556	40	3701	54	101	-104
-1556	40	3701	54	101	-104
-1556	40	3701	54	101	-104
-1556	31	3734	69	112	-149
-1583	53	3786	86	70	-184
-1625	73	3739	93	14	-230
-1608	59	3750	91	3	-281
-1656	47	3714	88	-17	-334
-1754	23	3604	89	-22	-417
-1803	-101	3527	69	32	-532
-1805	-222	3436	68	160	-769
-1729	-198	3544	113	263	-860
-1602	-37	3694	175	184	-822
-1491	244	3710	222	106	-710
-1524	497	4238	-151	116	-311
-1524	497	4238	-151	116	-311
-1524	497	4238	-151	116	-311
-1524	497	4238	-151	116	-311
-1586	445	4078	-343	-14	-226
-1542	375	3763	-484	-139	-220
-1382	217	3447	-570	-53	-95
-1280	134	3418	-566	174	13
-1333	-65	3664	-511	339	82
-1368	-198	3890	-459	259	19
-1400	-171	3987	-432	163	-26
-1450	-123	4150	-385	-60	-17
-1421	188	4096	-336	-278	179
-1234	274	3991	-354	-480	416
-1129	201	3781	-382	-529	513
-1009	21	3598	-353	-437	564
-990	-108	3531	-282	-274	543
-1014	-212	3526	-214	-117	515
-1055	-207	3624	-136	58	532
-1089	-265	3833	-75	71	517
-1054	-322	3894	-19	-1	437
-1054	-251	3883	25	-6	368
-1021	-106	3799	37	-9	383
-1052	-14	3701	44	52	461
-1087	-26	3592	38	149	503
-1133	-9	3624	43	314	495
-1228	-56	3723	33	469	492
-1255	-160	3869	-19	508	406
-1311	-213	3939	-87	407	345
-1464	-284	3762	-127	355	294
-1491	-260	3681	-141	436	241
-1585	-334	3724	-181	621	231
-1671	-393	3958	-289	798	-5
-2067	-234	4347	-418	874	-180
-2439	60	4848	-541	723	-135
-2556	57	5489	-609	536	83
-2719	-189	6020	-577	444	175
-2696	-484	6215	-462	236	416
-2544	-602	5751	-383	-142	357
-2144	-224	4566	-279	-287	419
-1818	-97	3610	-102	-87	521
-1829	84	2930	79	44	638
-2151	278	2381	342	439	911
-2643	340	2394	572	1070	1298
-2412	-99	3045	654	1278	1410
-2359	-120	4033	712	1189	1200
-2294	-109	4570	852	669	871
-2173	-9	4353	1025	-136	601
-1896	-142	3534	1268	-744	531
-1729	5	3006	1251	-852	205
-1454	64	2361	1158	-1072	51
-1180	274	1613	1071	-858	-71
-975	489	1223	931	-112	-55
-1150	641	1457	766	822	-7
-1636	704	2389	763	1276	113
-1943	630	3369	740	1195	271
-2089	684	4109	667	579	326
-2043	751	4235	470	-302	395
-1882	940	3678	314	-855	510
-1719	1005	3175	229	-975	563
-1570	898	2828	165	-821	502
-1486	650	2794	94	-357	339
-1449	443	3085	17	100	165
-1495	490	3527	-23	306	115
-1610	493	3852	5	247	96
-1624	432	3900	35	23	-45
-1516	407	3728	76	-93	-189
-1479	469	3600	79	-77	-374
-1523	482	3500	79	14	-548
-1863	426	3526	85	48	-737
-2150	606	3475	117	245	-937
-2157	1129	3760	194	608	-800
-2674	1298	4357	257	892	-343
-3244	1312	5907	378	290	374
-3244	1312	5907	378	290	374
-2892	553	5153	305	-756	6
-2368	60	3360	122	-924	-771
-2169	-284	2275	-91	-135	-1551
-2566	-330	2038	-254	710	-2037
-2717	-66	2549	-242	1354	-1973
-2655	204	3434	-169	1434	-1832
-2718	677	4215	-131	778	-1483
-2644	999	4261	-169	-103	-907
-2312	1098	3920	-320	-629	-326
-1981	775	3591	-506	-713	-51
-1936	-22	3385	-637	-782	-176
-1810	-489	3076	-699	-513	-748
-1681	-480	2805	-569	-480	-1027
-1506	-421	2379	-543	-359	-1072
-1330	-173	2261	-560	-93	-1129
-1333	84	2408	-531	263	-1117
-1527	202	2766	-541	303	-1128
-1595	217	3119	-561	99	-1078
-1622	197	3343	-567	-390	-908
-1489	73	3090	-533	-701	-688
-1357	143	2909	-408	-627	-376
-1317	7	2944	-295	-446	-89
-1469	-104	3077	-288	-303	71
-1589	-274	3328	-267	-214	115
-1644	-248	3596	-126	-166	111
-1544	-219	3812	3	-200	161
-1428	-374	3761	29	-306	129
-1406	-486	3681	-31	-230	-53
-1533	-507	3880	-92	-53	-166
-1744	-332	4179	-130	7	-116
-1958	-18	4328	-160	-142	136
-2222	349	4277	-183	-322	534
-2518	9	4299	-165	-224	874
-2840	-474	4682	-233	397	694
-3085	-832	5541	-273	865	587
-3224	-736	6007	-386	633	389
-3265	-417	5216	-471	-206	454
-2544	-250	3607	-314	-674	772
-2092	-9	2432	48	-384	1117
-2117	392	2040	326	96	1357
-2030	552	1923	394	641	1575
-1677	178	3694	-54	-88	1
-1677	168	3731	-17	-70	-23
-1650	186	3734	26	-38	-33
-1652	224	3734	49	-33	-24
-1630	252	3686	53	-61	-5
-1580	234	3600	51	-49	-32
-1578	222	3536	51	3	-66
-1580	201	3597	40	44	-108
-1637	253	3714	19	43	-116
-1644	348	3750	16	7	-76
-1693	342	3696	28	-24	-3
-1605	322	3661	25	5	15
-1643	313	3661	10	25	57
-1698	299	3654	-5	26	56
-1752	317	3619	-11	8	70
-1796	340	3497	-3	21	177
-1815	335	3369	13	107	268
-1835	493	3203	22	265	396
-1735	709	3177	-3	470	591
-1649	611	3395	-90	613	736
-1756	268	3706	-216	558	599
-1822	71	4063	-222	486	407
-1697	5	4400	-113	342	269
-1644	126	4455	4	-1	165
-1573	198	4062	142	-190	241
-1428	236	3611	258	-140	264
-1325	455	3268	321	168	340
-1455	512	3243	308	519	445
-1502	517	3382	271	761	489
-1556	452	3718	284	832	523
-1652	364	4036	293	575	470
-1668	292	4073	253	166	342
-1533	351	3875	200	-134	242
-1342	586	3668	121	-217	262
-1187	729	3597	37	-111	416
-1140	699	3629	-31	-10	503
-1116	474	3661	-69	25	431
-1122	348	3626	-102	80	310
-1209	203	3650	-163	165	204
-1172	9	3671	-295	67	-54
-1076	233	3574	-331	126	-139
-971	484	3527	-271	413	14
-1157	863	3756	-175	809	265
-1679	769	4236	-99	870	361
-2187	545	4584	-20	567	186
-2268	348	4538	67	159	-74
-2138	296	4260	117	-148	-354
-2325	712	3873	-81	-45	-543
-2375	757	4092	-204	715	-614
-2707	960	5400	150	1462	-486
-3420	328	7190	731	1170	-196
-3454	221	6707	1006	-490	-250
-2791	-21	4063	805	-1594	-496
-2091	-101	2068	550	-1055	-1205
-1887	203	1386	277	229	-1573
-2161	270	1687	36	1229	-1653
-2272	385	2829	12	1787	-1437
-2500	541	4119	-67	1471	-1096
-2638	652	4529	-165	547	-579
-2467	518	4264	-384	-136	-273
-2262	348	3928	-637	-696	-229
-1948	237	3341	-810	-1005	-205
-1744	-77	2607	-926	-1035	-301
-1627	-400	2353	-1031	-512	-606
-1576	-692	2359	-954	-484	-939
-1367	-716	2144	-933	-416	-1255
-1232	-360	2058	-805	-177	-1276
-1206	-33	2186	-620	161	-1002
-1449	129	2652	-511	300	-814
-1729	55	3187	-445	126	-725
-1943	33	3460	-362	-259	-513
-1774	-42	3289	-253	-601	-236
-1601	-94	3143	-178	-546	-12
-1554	-166	3279	-139	-493	115
-1581	-305	3469	-73	-451	209
-1602	-471	3521	1	-536	238
-1501	-443	3368	16	-582	167
-1436	-440	3346	34	-351	63
-1519	-447	3530	46	35	63
-1635	-291	3860	30	282	213
-1850	-145	4287	-13	387	435
-2245	86	4529	-43	271	740
-2813	-100	4505	19	-10	964
-2871	-545	4086	-55	80	760
-2766	-446	4123	-215	831	506
-3357	-694	4830	-327	1022	251
-3288	-182	4786	-244	489	89
-2947	98	3793	-4	-7	512
-2600	350	2953	294	106	941
-2379	458	2673	454	454	1156
-2222	248	2818	401	817	986
-2293	-68	3348	347	1114	601
-2366	-265	3964	459	942	415
-2405	-348	4220	738	596	452
-2435	-132	4120	906	33	451
-2270	326	3617	909	-304	430
-2078	840	3136	842	-223	618
-1781	1080	2745	712	-70	809
-1627	981	2576	604	260	982
-1696	720	2688	542	422	1141
-1591	449	2624	462	246	1262
-1538	263	2480	355	35	1309
-1569	198	2459	310	-143	1300
-1529	278	2428	328	-279	1281
-1494	241	2576	242	-225	1065
-1564	391	2824	156	-196	915
-1667	376	2965	84	-276	715
-1725	442	3150	-1	-149	490
-1888	587	3520	-151	-125	285
-2025	773	3858	-280	-281	139
-2009	746	3982	-352	-506	121
-1851	511	3823	-305	-646	34
-1633	451	3615	-79	-612	-1
-1640	552	3681	32	-235	-34
-1942	453	3951	28	127	-213
-2402	487	4204	-80	282	-459
-2914	890	4150	-180	335	-622
-2989	1297	4433	-36	759	-462
-3135	874	5325	163	887	-272
-3111	479	5988	612	326	-318
-3181	-5	4909	742	-901	-452
-3068	-579	2927	533	-1385	-1251
-2647	-273	1903	267	-635	-1920
-2401	21	2397	-50	510	-2306
-2249	623	3574	-111	805	-2335
-2458	1077	4349	-116	423	-1777
-2171	1414	4027	-173	-329	-1049
-1857	1346	3469	-471	-581	-482
-1686	1285	3307	-779	-667	-102
-1766	375	2975	-1024	-869	108
-1559	294	3750	62	242	-176
-1582	274	3811	52	177	-158
-1596	265	3752	40	48	-130
-1572	274	3690	23	7	-100
-1567	293	3683	-6	36	-100
-1614	290	3687	-21	71	-73
-1580	242	3716	-6	119	-21
-1564	213	3797	21	102	-15
-1526	216	3832	49	50	13
-1501	231	3817	54	-2	42
-1455	247	3808	31	-51	27
-1445	245	3812	2	-101	-1
-1424	287	3781	6	-120	21
-1418	211	3717	12	-109	43
-1446	209	3718	-10	-74	20
-1471	180	3720	-26	-40	5
-1487	154	3721	-14	-27	-5
-1517	222	3691	5	-20	6
-1504	265	3674	10	8	77
-1553	355	3674	-25	40	132
-1657	433	3632	-59	90	242
-1665	477	3466	-70	205	444
-1683	510	3353	-79	355	631
-1585	575	3322	-119	537	805
-1447	599	3532	-196	674	917
-1516	551	3820	-314	670	947
-1546	376	4045	-305	656	931
-1498	53	4246	-190	607	840
-1634	-302	4281	-30	425	644
-1570	-328	4005	164	304	423
-1453	-268	3838	330	303	274
-1372	9	3878	510	369	232
-1262	237	3950	640	332	237
-1276	273	4056	737	170	256
-1184	188	4048	757	-85	58
-1028	333	3926	704	-302	-159
-840	581	3775	573	-423	-210
-771	727	3626	387	-391	-142
-779	785	3591	179	-265	-30
-749	743	3651	-18	-193	53
-739	654	3747	-195	-211	111
-753	489	3796	-291	-386	178
-669	259	3724	-347	-478	118
-538	126	3810	-413	-438	-46
-500	-15	3888	-405	-377	-308
-498	175	3833	-315	-276	-379
-711	171	3751	-69	85	-383
-1196	199	3912	305	627	-480
-1846	77	4438	616	1169	-698
-2246	283	5347	854	1522	-1025
-3177	1797	6078	601	1233	-757
-3351	2493	6473	485	1542	362
-4196	1403	8149	1083	1642	280
-3952	111	7635	857	-384	-56
-3420	-1006	4227	312	-1218	-806
-2227	-1387	2495	160	-582	-2188
-1888	-527	2035	163	-41	-2892
-1488	1170	1971	34	663	-2494
-1230	2114	2442	-343	1604	-1518
-1653	2036	3081	-797	1752	-538
-2052	1138	3591	-1087	1363	121
-2135	459	3823	-1166	212	348
-1726	-395	3102	-1083	-805	568
-1568	-1011	2516	-1082	-958	-63
-1385	-1143	2086	-1063	-927	-616
-1278	-873	2089	-984	-707	-1178
-1219	-263	2141	-773	-640	-1094
-1195	26	2163	-635	-589	-924
-1138	320	2222	-623	-293	-795
-1152	358	2615	-645	14	-582
-1512	-66	3203	-569	20	-426
-1559	-365	3461	-592	-147	-471
-1641	-531	3603	-484	-222	-297
-1560	-557	3633	-356	-232	-118
-1531	-592	3985	-308	-178	-258
-1660	-659	4353	-204	-343	-386
-1907	-599	4665	-87	-485	-298
-2002	-144	4868	-20	-311	-111
-2261	625	5252	139	-51	499
-3027	676	4933	229	-110	996
-2997	-702	5014	-234	401	1220
-2824	-852	5105	-721	207	366
-2698	91	3611	-512	-612	834
-2765	218	2413	172	-808	1615
-1785	-343	2147	626	-61	1675
-1542	-269	2775	796	312	1365
-1441	-495	3327	869	1176	1041
-1937	-365	4362	861	1494	213
-2614	1	4420	817	741	90
-2464	306	3691	695	-13	424
-1957	496	2947	558	-253	777
-1701	505	2331	602	-194	870
-1445	513	1843	741	86	1155
-1297	296	1747	788	634	1326
-1097	249	2076	916	927	1398
-1293	41	2534	745	852	1231
-1383	194	2850	670	408	967
-1445	441	2949	643	107	895
-1567	760	3003	631	-67	978
-1665	604	3045	619	277	806
-1820	470	3484	499	814	381
-2133	474	4365	399	1093	359
-2751	441	5387	214	735	107
-2937	395	5822	134	181	-284
-2698	351	5621	159	-424	-661
-2582	1003	4846	115	-744	-721
-3005	1358	3392	106	-445	-224
-3235	1650	2300	268	540	16
-2105	906	2732	276	1282	-177
-2468	340	3605	-49	1006	-509
-3308	-498	3947	-601	217	-731
-2918	-614	4039	-1019	-440	-998
-2283	38	3704	-1005	-820	-1143
-1718	1053	2996	-938	-464	-1159
-1761	1584	2993	-931	456	-674
-2309	230	3533	-968	712	-354
-2243	-452	3861	-1185	345	-823
-1853	-936	3563	-1178	-486	-1185
-1427	-766	2793	-1155	-1196	-1663
-1102	-453	2063	-1081	-1371	-1790
-912	-136	1564	-995	-1222	-1843
-707	93	1364	-967	-832	-1951
-735	536	1557	-421	-181	-1607
-1208	566	2182	-118	-116	-892
-1226	136	2528	32	-263	-422
-1115	-334	2978	137	108	-61
-1424	-510	4016	396	382	122
-1875	-81	5105	472	202	472
-1941	-125	5800	257	-345	371
-1805	101	5712	-188	-799	-119
-1702	118	3640	-29	23	-37
-1697	67	3603	-28	39	-2
-1722	63	3608	-40	63	5
-1754	80	3621	-56	71	35
-1742	74	3610	-56	76	39
-1725	90	3615	-55	94	51
-1725	87	3572	-61	117	75
-1742	71	3623	-71	135	86
-1754	55	3670	-70	138	87
-1775	35	3704	-74	127	86
-1788	30	3703	-86	60	75
-1783	61	3613	-92	2	78
-1735	71	3512	-92	30	99
-1729	64	3515	-86	123	120
-1723	69	3625	-91	156	137
-1753	35	3706	-94	108	136
-1754	10	3684	-100	49	127
-1726	36	3664	-101	28	110
-1718	-5	3570	-97	51	119
-1651	-4	3559	-96	108	70
-1674	61	3605	-100	129	77
-1735	-15	3608	-107	109	18
-1760	-53	3607	-98	110	-28
-1820	-4	3639	-87	95	-4
-1941	-74	3579	-81	42	-8
-2151	-305	3301	-92	32	-175
-2171	-548	3075	-94	217	-496
-2079	-700	3055	-40	447	-814
-1883	-550	3038	82	603	-1027
-1610	-238	3226	151	794	-989
-1659	-45	3685	139	1007	-881
-1936	408	4467	52	986	-690
-1916	888	4753	-102	622	-145
-1897	687	4587	-426	354	201
-1795	425	4119	-723	108	184
-1833	126	3890	-890	-64	69
-1437	-81	3448	-967	-173	5
-1260	-413	3351	-1003	-64	-113
-1111	-690	3256	-990	-46	-322
-1180	-690	3386	-818	152	-375
-1177	-768	3557	-601	262	-430
-1226	-529	3968	-426	343	-478
-1243	-200	4227	-289	115	-313
-1074	-337	4057	-142	-259	-91
-872	-263	3731	-72	-176	-31
-1112	-176	3904	-32	126	158
-1313	-410	4303	-43	352	66
-1740	-305	4715	-226	392	-67
-2173	36	5140	-493	295	-14
-2949	418	5742	-675	-31	363
-4147	-567	5849	-515	-444	699
-4451	-2034	5119	-518	172	563
-3443	-582	5328	-536	612	956
-3182	963	4272	-255	88	2304
-3011	984	3144	86	-366	3095
-2380	-127	2429	286	-341	2723
-1615	-1266	2451	438	-140	1880
-1173	-1488	2373	577	384	1145
-1290	-955	2633	891	1182	383
-1946	-125	2900	1012	1312	230
-1945	485	3078	1057	889	687
-1614	796	3000	958	480	1053
-1745	741	2807	924	-70	1591
-1438	463	2381	955	-380	1804
-1098	362	2227	1032	-327	2044
-1055	24	2411	808	-205	1698
-1179	159	2649	712	-319	1323
-1485	416	3031	506	-259	1173
-1971	446	3695	502	-356	1101
-2184	227	3943	527	-422	705
-1901	373	4049	613	-318	358
-2318	174	4265	558	78	-42
-2554	173	5094	528	417	-483
-2757	320	6022	567	289	-714
-2630	754	6417	526	-493	-942
-3509	1420	4672	304	-1338	-645
-4117	1221	1978	452	-855	-887
-2579	521	1754	415	566	-1610
-2429	40	2790	37	1142	-2039
-2918	-586	4131	-141	895	-1722
-2834	-473	5192	-434	-147	-1561
-2321	515	4696	-553	-1195	-1326
-1520	1519	3306	-697	-1286	-1011
-1830	1886	2577	-936	-679	-1052
-1617	626	2046	-797	-417	-498
-1194	-364	1693	-1022	-142	-665
-917	-634	1403	-1101	-228	-751
-730	-689	1191	-1176	48	-472
-594	-945	1309	-1314	401	-886
-912	-979	1964	-988	801	-1611
-1235	-154	2787	-617	492	-1758
-1651	-19	3563	-581	-32	-1727
-1922	104	4001	-480	-338	-1383
-1977	294	4510	-331	-135	-834
-2106	35	5079	-306	-301	-198
-2278	-708	5120	-331	-230	-79
-2425	-621	5483	-417	29	-198
-2322	463	5809	-359	-180	347
-2931	561	4872	-118	-933	1266
-4404	-791	2779	-141	-930	1012
-2674	-1862	2032	-151	716	878
-1546	386	2968	283	1895	1368
-3667	-42	4483	853	1045	1680
-3493	-96	4659	803	-402	624
-2507	-447	3928	537	-928	573
-1775	-427	3127	584	-628	763
-1417	53	2303	804	45	1018
-1631	694	1944	915	930	1248
-1620	834	2058	946	1490	1357
-1655	504	2214	1013	1462	1352
-1615	347	2334	983	1034	1466
-1581	262	2554	840	579	1645
-1376	281	2952	681	-74	1767
-1537	77	3177	423	-615	1673
-1857	-8	3279	283	-1176	649
-1953	225	2976	435	-1605	151
-1641	-130	3068	468	-1423	-139
-1678	-279	3751	351	-815	-589
-1878	81	4687	288	-492	-789
-2145	373	5082	444	-495	-819
-1969	937	5025	580	-483	-780
-1881	1646	4930	358	32	-766
-3689	1693	4693	-206	-110	-370
-4200	1325	2476	-176	-232	20
-1966	985	2037	512	1469	147
-2347	520	3607	487	1813	10
-3987	-991	4083	-178	838	-173
-3312	-1163	4727	-733	114	-1505
-2487	-128	4886	-901	-1108	-1850
-1964	1290	3673	-882	-1742	-1515
-1464	191	3782	-49	-44	35
-1451	223	3775	-76	-26	38
-1459	155	3711	-82	-29	59
-1411	125	3667	-65	21	26
-1447	70	3695	-47	65	15
-1477	30	3723	-17	78	-76
-1535	55	3710	5	78	-140
-1569	79	3681	44	54	-150
-1551	87	3616	86	42	-179
-1534	104	3584	119	91	-208
-1547	115	3654	148	131	-193
-1636	69	3777	151	136	-204
-1783	-82	3725	107	128	-292
-1779	-202	3679	52	187	-526
-1615	-276	3722	25	281	-770
-1454	-97	3965	6	240	-913
-1387	289	4048	-14	84	-765
-1424	586	4127	-77	-72	-436
-1384	541	4031	-210	-12	-210
-1202	440	4130	-353	30	-74
-1234	157	4138	-486	-44	-26
-1224	-118	3909	-556	-166	-76
-1187	-180	3708	-531	-118	-127
-1207	-173	3645	-520	-47	-126
-1144	-125	3636	-495	61	-93
-1082	-63	3704	-456	87	-96
-1190	-4	3775	-414	102	-43
-1201	-18	3934	-362	53	19
-1242	-40	4082	-376	-123	28
-1323	88	3979	-415	-297	213
-1195	-6	3774	-418	-287	339
-1047	-89	3704	-408	-232	359
-963	-210	3707	-354	-150	311
-964	-187	3806	-262	-112	235
-959	-217	3869	-205	-200	209
-888	-390	3813	-154	-259	97
-849	-368	3740	-103	-220	-34
-869	-104	3765	-28	-100	55
-768	25	3813	23	-44	244
-675	-48	3822	44	-42	335
-681	-127	3785	34	-23	298
-762	-223	3754	38	131	290
-863	-348	3886	67	330	168
-1037	-306	4089	48	423	93
-1180	-247	4095	-31	402	133
-1356	-335	3977	-100	359	116
-1610	-199	3835	-143	499	239
-1759	-260	3975	-158	857	480
-1882	-660	4756	-134	1226	505
-2238	-696	5821	-127	1299	385
-2603	-566	6817	-212	835	382
-2889	-367	6882	-370	67	339
-2604	15	5860	-486	-616	523
-2177	59	4059	-377	-779	733
-1767	303	2484	-133	-127	1093
-1680	283	1748	117	920	1513
-1968	99	2086	309	2029	1547
-2393	-203	3146	302	2235	1056
-2784	-318	4129	381	1638	644
-2803	-358	4526	531	749	346
-2530	-103	4344	688	-138	171
-2164	60	3707	762	-778	131
-1801	143	2923	828	-996	252
-1423	327	2351	913	-649	515
-1379	384	2125	964	-15	622
-1563	410	2493	832	503	565
-1541	487	2818	675	468	448
-1579	573	2903	621	331	604
-1523	537	2852	643	175	705
-1425	470	2900	641	188	699
-1494	408	3060	584	206	625
-1624	457	3271	473	43	507
-1751	520	3340	341	-186	423
-1612	503	3320	315	-326	375
-1642	555	3306	318	-379	334
-1679	544	3349	282	-367	271
-1555	496	3554	206	-329	193
-1588	422	3801	87	-346	1
-1581	447	3809	33	-497	-258
-1480	450	3568	101	-501	-352
-1371	373	3444	199	-270	-521
-1372	387	3638	183	129	-626
-1671	394	3900	206	319	-697
-2171	565	4060	248	223	-752
-2397	1241	4142	214	209	-664
-2420	1928	4706	196	424	-188
-2654	1942	5416	172	493	267
-2663	1240	5895	308	170	567
-2887	311	5236	329	-631	231
-2445	-419	3554	214	-931	-385
-1994	-417	2413	126	-116	-1013
-2419	-348	2564	127	537	-1399
-2620	5	2994	144	589	-1555
-2319	384	3538	86	413	-1591
-2172	790	3881	-33	7	-1352
-2050	1062	3753	-205	-472	-1045
-1758	1206	3438	-523	-614	-654
-1578	941	3259	-688	-677	-323
-1586	475	3194	-787	-675	-261
-1607	-13	3073	-789	-606	-340
-1567	-298	2833	-749	-671	-549
-1379	-522	2588	-752	-514	-856
-1284	-447	2464	-714	-322	-1019
-1220	-128	2470	-693	-54	-1100
-1247	156	2644	-633	165	-970
-1272	234	3018	-566	285	-859
-1378	346	3329	-516	268	-814
-1480	258	3638	-484	14	-577
-1358	145	3607	-416	-314	-336
-1261	-33	3424	-363	-336	-177
-1271	-167	3249	-332	-263	-42
-1176	-414	3276	-280	-92	-181
-1183	-478	3471	-197	131	-418
-1292	-252	3880	-69	148	-552
-1485	116	4100	-37	-194	-348
-1345	76	3862	-75	-501	-144
-1183	-261	3632	-121	-425	-114
-1114	-493	3651	-93	-59	-186
-1521	-353	4030	-72	310	-159
-2184	0	4423	-137	342	92
-2475	70	4614	-172	235	343
-2562	-112	4978	-158	474	648
-2647	-486	5546	-253	811	819
-2960	-400	5977	-418	713	687
-2792	-542	5721	-711	188	527
-2489	-239	4413	-778	-494	590
-2134	-124	3001	-419	-688	990
-1834	-83	2040	136	-253	1310
-1677	-9	1724	456	634	1379
-1853	218	2309	588	1688	1411
-1682	537	3873	-21	33	142
-1627	526	3825	6	25	283
-1530	393	3784	50	80	298
-1562	162	3817	98	93	280
-1565	-1	3852	187	42	200
-1556	-4	3763	239	-39	41
-1478	225	3670	248	-4	-60
-1502	444	3677	230	69	-17
-1573	540	3764	227	30	17
-1567	632	3733	228	-31	111
-1555	558	3694	223	-38	196
-1536	443	3681	213	-37	203
-1527	322	3609	205	17	208
-1464	423	3622	180	146	205
-1499	518	3706	156	195	246
-1597	539	3714	146	130	275
-1547	594	3578	143	88	283
-1529	510	3521	117	191	301
-1569	464	3703	105	347	304
-1592	400	3822	119	263	279
-1624	410	3834	131	159	250
-1591	498	3736	144	81	209
-1498	532	3622	128	58	189
-1462	583	3600	99	86	195
-1395	638	3599	54	146	217
-1421	659	3637	5	175	284
-1420	559	3668	-34	199	305
-1392	560	3682	-65	176	296
-1380	576	3665	-122	124	352
-1371	540	3585	-175	144	349
-1338	426	3530	-230	228	300
-1355	290	3581	-258	336	214
-1388	192	3655	-225	397	78
-1437	240	3702	-175	381	-33
-1406	357	3746	-161	373	-87
-1373	548	3830	-169	365	-76
-1363	640	3774	-172	347	-18
-1375	570	3698	-168	348	-28
-1332	549	3564	-185	375	-82
-1419	555	3482	-194	463	-47
-1463	476	3485	-210	617	-63
-1556	473	3703	-246	743	-124
-1852	461	3940	-264	719	-249
-2108	553	3866	-236	551	-188
-2084	131	3996	-39	332	-369
-2013	116	3959	224	215	-544
-1963	408	4054	481	376	-390
-2138	587	4356	565	413	-160
-2596	768	4810	557	547	-65
-2861	705	5493	471	552	-182
-3008	479	5874	350	251	-458
-2978	253	5689	330	5	-827
-2502	500	4929	388	-159	-834
-2295	607	3793	461	-118	-586
-2215	439	2861	432	139	-580
-2338	371	2406	245	382	-896
-2379	394	2397	-43	716	-1077
-2096	469	2998	-369	986	-1147
-2183	420	3716	-525	667	-1092
-2127	488	3867	-567	-19	-793
-2022	472	3606	-532	-455	-410
-1999	430	3427	-640	-592	-180
-1933	309	3312	-761	-877	11
-1764	-69	2878	-836	-1041	-11
-1675	-317	2589	-962	-903	-292
-1610	-313	2495	-949	-707	-601
-1613	-280	2471	-864	-545	-738
-1531	-339	2479	-791	-368	-788
-1393	-346	2582	-719	-240	-853
-1390	-291	2704	-536	-173	-770
-1452	-269	2805	-372	-204	-716
-1560	-154	3053	-251	-198	-677
-1572	-84	3240	-143	-280	-505
-1467	-81	3323	0	-338	-260
-1453	-158	3371	113	-360	-84
-1445	-301	3443	159	-366	-101
-1445	-372	3482	155	-328	-128
-1463	-412	3592	186	-197	-143
-1372	-286	3715	154	-152	-180
-1368	-121	3895	175	-164	-168
-1236	-20	4029	229	-209	-76
-1109	-122	3929	214	-209	-80
-1235	-120	3925	124	-48	-196
-1762	33	4163	36	120	-271
-2520	452	4374	-22	160	80
-3101	141	4783	-49	467	504
-3127	-308	5503	-80	890	637
-3241	-787	6187	-285	946	603
-3110	-225	6136	-628	208	349
-2581	92	4545	-665	-829	552
-2157	295	2819	-393	-1121	900
-1699	94	1801	49	-441	1242
-1568	-6	1706	517	849	1357
-1809	91	2526	537	1739	1200
-2229	158	3720	475	1987	1119
-2447	-102	4799	541	1526	971
-2599	-361	5142	778	467	876
-2510	-418	4527	928	-659	599
-2017	-109	3418	981	-1214	411
-1708	262	2519	974	-1289	448
-1346	542	1704	926	-902	518
-1233	559	1543	884	-16	644
-1411	535	1788	852	640	620
-1574	552	2292	722	938	664
-1647	488	2808	541	789	704
-1733	476	2993	421	431	605
-1614	467	2929	376	166	530
-1663	487	2905	322	91	415
-1685	461	2973	268	122	357
-1736	448	3170	270	170	265
-1794	297	3553	232	290	-2
-1977	215	4249	199	304	-367
-1583	378	3584	299	-7	-1066
-1583	378	3584	299	-7	-1066
-1583	378	3584	299	-7	-1066
-1583	378	3584	299	-7	-1066
-2400	777	4045	-11	743	-1078
-3472	1258	4336	-103	906	-654
-2295	537	3958	-1087	-687	369
-2295	537	3958	-1087	-687	369
-2295	537	3958	-1087	-687	369
-2295	537	3958	-1087	-687	369
-2295	537	3958	-1087	-687	369
-2295	537	3958	-1087	-687	369
-2295	537	3958	-1087	-687	369
-2295	537	3958	-1087	-687	369
-2295	537	3958	-1087	-687	369
-2295	537	3958	-1087	-687	369
-2295	537	3958	-1087	-687	369
-1861	-272	3260	-1293	-1111	53
-1515	361	3853	25	-467	-191
-1412	408	3722	29	-463	-86
-1279	538	3633	-1	-319	100
-1324	488	3715	-58	-125	242
-1407	350	3838	-103	-98	287
-1364	314	3769	-116	-170	321
-1308	352	3634	-128	-100	392
-1357	318	3638	-175	53	423
-1376	237	3729	-196	112	388
-1367	148	3721	-195	139	320
-1380	186	3689	-199	158	282
-1358	152	3697	-205	203	242
-1400	105	3773	-192	262	162
-1393	98	3837	-153	263	107
-1391	126	3864	-106	243	94
-1419	199	3854	-71	208	116
-1426	285	3819	-62	166	161
-1361	313	3649	-74	149	192
-1243	286	3560	-80	273	168
-1317	251	3600	-92	398	118
-1436	248	3659	-104	473	72
-1514	259	3767	-154	502	80
-1650	311	3900	-213	414	160
-1735	319	3854	-193	301	278
-1680	450	3557	-128	328	470
-1560	401	3364	-39	495	616
-1287	442	3232	-27	711	610
-1106	678	3380	-104	1022	821
-1333	655	3951	-186	1124	952
-1542	383	4346	-140	972	758
-1522	49	4542	51	883	637
-1457	-218	4607	160	548	501
-1372	-132	4415	310	186	350
-1211	-27	4056	546	97	411
-1220	22	3953	739	88	441
-1272	-16	3968	736	62	304
-1101	140	3920	688	-50	85
-993	226	3894	562	-230	-195
-891	463	3754	397	-424	-462
-743	591	3577	229	-488	-499
-614	697	3462	104	-435	-499
-532	681	3414	35	-216	-410
-479	557	3564	39	21	-360
-470	528	3934	12	129	-329
-439	776	4277	-76	36	-219
-661	965	4453	-79	-164	-89
-928	814	4355	46	-175	57
-1304	438	3975	347	89	79
-1540	53	3902	632	739	-141
-1815	325	4484	788	1565	-354
-3281	922	5752	409	1885	-380
-3526	1712	6939	369	1767	-183
-3909	1684	8298	902	1201	75
-3420	532	7252	927	-831	-88
-3257	-104	3926	381	-1772	-771
-2578	-786	1722	69	-1256	-1685
-1880	-566	992	-173	74	-2382
-1569	642	1737	-448	1494	-2250
-1725	1537	3113	-664	2266	-1313
-2223	1360	4211	-667	1982	-309
-2508	1183	4633	-689	1059	324
-2331	496	4233	-805	-211	696
-1944	-428	3362	-1037	-912	121
-1374	-763	2420	-1245	-1051	-768
-1130	-858	1918	-1266	-777	-1212
-830	-580	1660	-1045	-567	-1442
-849	-141	1661	-780	-252	-1394
-997	144	1904	-659	-123	-1072
-986	79	2105	-658	-217	-908
-973	-124	2498	-546	-148	-678
-1185	-66	2820	-468	-79	-477
-1527	-14	3227	-347	93	-74
-1701	89	3595	-401	478	307
-1969	-258	4343	-544	739	178
-2393	-315	5143	-660	569	-170
-2626	-470	5744	-613	173	-145
-2629	-261	5875	-456	-234	6
-2282	746	5581	-236	-632	750
-3091	303	4201	-88	-947	1364
-3321	-1085	2746	-201	-441	899
-1788	-1781	3002	-347	992	312
-2067	-172	3604	-51	856	604
-3321	132	3465	605	-51	1088
-2732	-273	3340	771	-298	374
-2261	10	3434	817	-220	263
-1817	-210	3435	897	142	525
-1805	-117	3345	922	847	419
-2443	331	3433	883	922	464
-2348	497	3137	713	712	732
-2080	418	3174	542	528	667
-1791	474	2920	694	-34	829
-1425	471	2331	765	-355	1206
-996	426	1941	1010	-506	1608
-698	471	1896	724	-62	1594
-1024	476	2254	474	118	1420
-1311	394	2554	216	-276	1016
-1215	593	2600	113	-518	748
-1330	290	2802	58	-327	687
-1566	-140	3306	14	207	242
-2067	-110	4617	-29	724	-120
-2766	200	5831	74	158	-257
-2969	538	6228	109	-499	-501
-2617	853	6074	233	-927	-497
-3150	1679	4874	193	-983	-254
-2835	1524	3591	233	-136	160
-3332	410	3823	401	1484	-11
-2702	-175	4141	563	803	-512
-3043	-765	3572	347	-77	-604
-2677	-1213	2990	-39	-452	-1431
-1970	-376	3219	-474	-342	-2123
-1731	920	3496	-740	-215	-2245
-1453	1984	3416	-850	85	-1659
-1750	2250	3489	-819	380	-472
-2230	828	3444	-895	107	506
-1799	-163	2930	-878	-338	396
-1443	-825	2630	-1100	-427	8
-1181	-1070	2291	-1205	-555	-797
-1022	-450	1857	-1050	-549	-1214
-939	-294	1588	-969	-455	-1076
-800	-209	1689	-780	34	-1074
-1023	-32	2298	-643	457	-927
-1254	179	3057	-372	375	-449
-1474	-53	3638	-267	-25	-215
-1542	137	3772	-251	-169	-23
-1446	306	4109	-412	-125	204
-1609	-79	4309	-419	-214	292
-1697	-395	4427	-324	-128	54
-2132	-272	4896	-201	33	41
-3172	-118	5382	74	-80	316
-3779	-14	5572	151	-103	681
-1698	690	4300	79	-237	194
-1659	533	4079	-102	-383	417
-1478	438	3783	-233	-532	483
-1300	232	3324	-309	-506	520
-1236	-121	3064	-284	-235	495
-1291	-337	3056	-151	78	441
-1477	-461	3300	-26	376	342
-1711	-430	3648	60	429	217
-1926	-336	3877	115	289	152
-1926	-287	3910	135	151	83
-1864	-271	3961	138	115	-50
-1930	-171	3970	125	6	-221
-1787	-36	3905	85	-178	-379
-1692	201	3606	44	-306	-335
-1594	263	3316	31	-235	-216
-1511	233	3208	16	25	-132
-1580	76	3373	22	295	-62
-1685	-45	3596	-4	383	-8
-1729	-34	3733	-49	365	12
-1802	-52	3852	-122	258	2
-1874	-76	3837	-183	87	-104
-1852	-111	3690	-183	-6	-259
-1765	-243	3470	-107	17	-402
-1756	-349	3295	-6	115	-515
-1841	-526	3129	30	269	-790
-1701	-705	3031	51	514	-1081
-1521	-538	3258	122	831	-1178
-1577	-217	3739	280	994	-982
-1644	22	4231	367	936	-802
-1665	511	4498	146	844	-653
-1793	704	4682	-195	590	-468
-1857	546	4487	-518	210	-496
-1737	304	4083	-688	-76	-390
-1535	143	3670	-822	-153	-208
-1403	-86	3520	-833	-65	-127
-1133	-364	3420	-716	9	-114
-988	-398	3600	-606	104	-187
-1025	-390	3805	-473	-11	-119
-1098	-405	3822	-337	-143	5
-961	-317	3838	-244	-145	-17
-918	92	3823	-229	-165	43
-803	382	3459	-225	-88	318
-507	-17	3268	-83	141	644
-606	-244	3417	-23	697	667
-913	-572	4281	10	946	422
-1606	-548	5155	-160	775	115
-2333	-10	5534	-535	251	266
-2761	470	5441	-971	-239	798
-3657	164	5169	-1103	-427	1133
-4294	-1016	4669	-889	52	989
-3848	-1997	5766	-880	1395	697
-3709	129	5758	-712	465	1826
-3432	919	3655	-122	-441	2874
-2189	262	2325	221	-507	3205
-1797	-1246	1935	280	-423	2331
-1025	-2201	1925	529	538	1013
-1238	-1391	3005	846	1821	-68
-2119	-251	3671	934	1854	-454
-2484	764	3621	778	1277	-176
-2140	1240	3438	688	737	665
-2006	1228	3142	646	148	1356
-1608	789	2608	676	-376	1846
-1229	319	2181	643	-365	2007
-944	143	2023	584	-86	1909
-1007	39	2169	475	37	1630
-1268	293	2676	362	162	1462
-1717	343	3340	363	-164	1434
-2025	59	3616	467	-418	1156
-1932	-216	3885	562	-431	560
-1969	213	4383	457	-217	64
-2486	371	4809	415	-181	-69
-2654	485	5331	438	-71	-357
-2823	661	5879	527	-324	-607
-2886	778	5719	633	-903	-577
-4373	878	3168	245	-1521	-537
-2933	848	1248	516	-70	-980
-1097	972	2589	359	1477	-1463
-3288	291	3893	11	683	-1165
-2957	2	4192	-354	-229	-991
-2193	246	4582	-745	-993	-820
-1797	1076	3728	-1030	-1599	-463
-1773	1315	2791	-1088	-945	-55
-1911	764	2450	-839	-368	-140
-1950	246	2469	-832	166	-55
-1778	-313	2441	-1051	-2	-268
-1306	-472	1953	-1077	30	-484
-1108	-661	2003	-984	302	-594
-1200	-765	2137	-965	213	-960
-1075	-340	2245	-947	187	-1342
-1060	-79	2620	-989	538	-1402
-1512	-32	3344	-576	309	-990
-1693	-263	3836	-577	-91	-952
-1829	-250	4050	-609	-312	-908
-1780	-419	4223	-530	-242	-699
-1899	-548	4490	-281	-148	-639
-2345	-348	4724	-149	-92	-491
-2348	157	4867	-93	196	-236
-2831	724	5013	108	256	532
-3525	53	4346	48	33	876
-3389	-1308	3646	-319	550	644
-2372	-353	3801	-399	583	489
-3159	196	3801	165	-140	1153
-3012	-206	3014	619	-712	1118
-2232	-277	2788	618	-687	803
-1689	-498	2665	732	114	981
-1433	-509	3065	827	1089	513
-2287	137	3440	1030	1514	599
-2463	543	3412	1140	1247	838
-2208	693	3269	1064	784	1017
-1905	534	3020	907	403	1181
-1518	422	2619	884	51	1350
-1254	607	2447	948	-30	1693
-974	638	2572	953	-71	1924
-1244	418	2897	588	-207	1605
-1793	236	3079	394	-582	1023
-2067	224	3281	356	-879	648
-2256	-74	3428	369	-825	561
-2201	-61	3688	303	-349	-173
-2041	349	4240	385	165	-320
-2289	625	4877	510	344	-393
-2485	901	5376	489	147	-612
-2800	1143	4967	310	-608	-473
-4258	994	3033	-71	-1238	-314
-3403	575	1132	106	-224	-696
-1442	318	2151	232	1279	-1318
-2814	-8	3790	-228	1231	-1123
-3517	-415	4986	-603	293	-1020
-2788	391	4958	-682	-904	-921
-2139	1433	3972	-756	-1404	-150
-2111	1534	3194	-982	-820	142
-1657	335	3543	-148	-55	139
-1584	301	3627	-134	1	209
-1581	273	3721	-137	9	272
-1614	258	3809	-170	-32	280
-1628	231	3788	-204	-102	258
-1709	164	3719	-199	-174	230
-1714	28	3491	-166	-195	137
-1691	-34	3375	-100	-82	36
-1710	-93	3411	-31	1	-22
-1742	-121	3491	26	-9	-88
-1896	-216	3535	82	-29	-249
-1872	-229	3558	106	71	-385
-1703	-157	3728	133	210	-491
-1541	243	4011	78	137	-469
-1518	623	4239	-39	-128	-185
-1574	575	4295	-194	-321	136
-1355	421	4107	-326	-247	236
-1310	277	4084	-510	-154	289
-1351	78	3993	-697	-197	277
-1397	-63	3845	-774	-248	238
-1326	-174	3471	-752	-204	226
-1246	-154	3464	-702	-43	130
-1222	-168	3543	-632	47	170
-1224	-203	3706	-570	137	153
-1353	-248	3873	-519	127	176
-1359	-177	3910	-496	30	206
-1385	-142	4031	-469	-92	247
-1262	-27	3922	-453	-212	261
-1129	-12	3789	-460	-258	285
-1085	-38	3745	-440	-219	293
-1084	-97	3735	-406	-188	335
-1082	-161	3752	-360	-158	324
-1026	-243	3707	-318	-143	317
-911	-344	3660	-216	-91	271
-892	-285	3726	-162	-4	259
-926	-202	3731	-104	20	266
-953	-117	3745	-46	58	272
-882	-138	3759	1	107	291
-851	-122	3814	53	164	285
-938	-228	3867	95	204	209
-1059	-254	3919	85	205	13
-1133	-223	3855	34	208	-66
-1187	-272	3715	22	296	-107
-1386	-287	3756	33	449	-23
-1488	-364	3923	-6	594	64
-1553	-516	4209	-141	587	-42
-1765	-375	4415	-284	394	-16
-1923	-537	4365	-271	280	81
-1986	-825	4731	-158	469	71
-2396	-759	5577	-33	740	-24
-2668	-253	6379	-95	803	186
-2649	-245	6534	-400	526	173
-2523	-287	5439	-637	38	153
-2086	65	3843	-567	12	327
-1831	254	2704	-248	346	772
-1808	77	2114	267	1026	1119
-2268	-293	2388	701	1731	1112
-2420	-340	3033	823	1917	879
-2470	-188	3900	802	1483	600
-2561	58	4385	763	694	470
-2154	10	4241	800	-160	383
-1886	-28	3624	973	-762	406
-1687	143	2820	1156	-1016	601
-1478	433	2273	1107	-837	705
-1341	571	2057	912	-352	696
-1225	342	2073	854	138	728
-1401	159	2434	750	531	564
-1600	149	2797	722	650	513
-1723	118	3178	732	525	509
-1819	424	3467	712	174	562
-1801	530	3517	686	-166	612
-1726	667	3429	615	-393	565
-1625	656	3321	501	-477	560
-1642	682	3246	427	-562	522
-1596	595	3140	308	-464	516
-1531	518	3230	165	-155	414
-1531	511	3646	36	-96	193
-1583	552	3773	-10	-250	75
-1527	438	3480	58	-337	-62
-1424	390	3239	239	-196	-201
-1350	592	3324	280	341	-277
-1722	590	3864	212	810	-374
-2189	688	4350	180	646	-593
-2589	1067	4359	91	265	-661
-2590	1423	4286	98	224	-478
-2591	1457	4677	151	566	-228
-2628	1038	5313	135	615	-60
-2500	590	5386	205	33	-114
-2491	37	4136	252	-605	-496
-2176	-282	2717	264	-613	-1111
-2196	-130	2111	171	37	-1670
-2619	260	2547	33	665	-1726
-2782	394	3402	-8	764	-1566
-2571	755	4031	-69	310	-1332
-2609	833	4167	-187	-243	-911
-2339	910	3770	-296	-688	-646
-1968	875	3357	-489	-610	-358
-1880	434	3369	-678	-469	-225
-1894	-75	3362	-783	-444	-417
-1764	-289	3159	-769	-468	-547
-1723	-307	2872	-698	-499	-575
-1672	-225	2558	-646	-571	-804
-1415	-261	2136	-640	-425	-786
-1241	-104	2164	-606	-75	-1015
-1230	-103	2334	-478	129	-931
-1384	-122	2612	-407	216	-886
-1521	-57	2942	-310	292	-741
-1620	99	3337	-276	112	-603
-1661	146	3545	-246	-129	-307
-1674	-54	3517	-210	-381	-218
-1658	-319	3449	-194	-492	-371
-1621	-455	3447	-146	-425	-479
-1540	-484	3600	-59	-237	-546
-1462	-151	3808	-8	-157	-536
-1439	40	3876	-24	-283	-381
-1395	-272	3919	-17	-449	-455
-1372	-415	3787	43	-500	-525
-1301	-379	3669	102	-336	-400
-1362	-40	3715	74	-64	-135
-1771	259	3911	-2	69	163
-2284	-17	4044	-84	279	346
-2547	-734	4423	-122	713	284
-2703	-572	4925	-114	1032	248
-3270	-372	5805	-293	1145	226
-3654	-111	6116	-476	389	250
-2789	-242	4703	-415	-646	322
-2413	-195	2971	-106	-868	417
-1855	-247	2001	347	-175	681
-1978	-158	2078	585	776	742
-2378	62	2688	763	1440	769
-1740	91	3517	14	8	169
-1763	148	3556	-6	51	175
-1789	180	3643	-25	42	187
-1798	208	3665	-25	3	244
-1786	177	3639	-28	-11	283
-1778	239	3593	-47	-26	307
-1779	198	3520	-72	-19	366
-1730	78	3503	-92	77	302
-1787	82	3671	-97	81	238
-1814	104	3691	-81	18	266
-1798	113	3673	-54	-37	246
-1802	179	3571	-46	-42	239
-1791	202	3583	-65	-39	252
-1794	182	3647	-44	-41	247
-1744	266	3665	-19	-15	245
-1847	478	3604	-12	-27	345
-1998	774	3274	-12	15	655
-1709	873	3027	-68	224	828
-1534	715	3260	-188	533	819
-1717	264	3868	-287	607	663
-1898	-22	4366	-190	393	517
-1898	-107	4490	57	146	406
-1797	-58	4255	240	-125	267
-1683	83	3815	353	-267	137
-1584	292	3453	462	-189	66
-1495	552	3209	503	29	62
-1544	736	3207	485	244	176
-1593	805	3310	403	456	344
-1620	793	3524	312	530	457
-1697	705	3697	273	512	592
-1776	509	3823	207	322	625
-1777	479	3842	145	118	591
-1705	383	3795	104	-19	494
-1623	370	3710	96	-110	416
-1493	370	3570	94	-74	356
-1365	411	3550	88	-41	313
-1295	479	3539	41	-28	260
-1242	519	3521	-70	5	189
-1227	485	3658	-239	43	85
-1216	422	3864	-415	-33	-21
-1132	393	3872	-463	-179	-50
-1073	346	3642	-433	-215	-31
-1034	255	3529	-374	-56	-66
-1169	343	3714	-314	199	-112
-1418	368	4110	-202	390	-132
-1718	502	4486	-46	292	-79
-2174	698	4512	81	-39	67
-2569	916	3897	90	-332	318
-2521	550	3918	120	-57	50
-2654	687	4997	186	620	-281
-2971	426	6651	352	719	-442
-3123	453	7172	567	-37	-575
-2788	472	5705	762	-906	-696
-2422	7	3779	832	-856	-1064
-2107	-124	2548	789	-231	-1519
-2101	205	2178	583	472	-1606
-2323	270	2320	394	789	-1646
-2193	537	3056	181	1090	-1816
-2116	932	4070	-80	751	-1733
-2127	1131	4422	-262	-178	-1352
-1871	1163	3841	-439	-879	-652
-1614	950	3149	-625	-983	-112
-1491	388	2693	-824	-940	59
-1503	-333	2375	-948	-671	-136
-1558	-819	2190	-1001	-402	-659
-1392	-895	2127	-873	-106	-1206
-1491	-588	2369	-714	99	-1328
-1364	-109	2609	-656	198	-1301
-1532	374	2991	-649	175	-1045
-1579	366	3230	-619	-173	-797
-1549	181	3216	-500	-400	-614
-1480	-17	3170	-444	-494	-452
-1447	-154	3215	-347	-317	-300
-1420	-169	3291	-336	-143	-210
-1426	-260	3522	-389	-36	-244
-1438	-200	3753	-423	-24	-297
-1460	-236	3916	-276	-218	-198
-1175	-272	3777	-105	-510	-95
-1025	-476	3560	-46	-511	-151
-1043	-642	3489	-21	-255	-236
-1296	-470	3600	-35	162	-215
-1521	-243	3927	-76	426	-16
-1824	-53	4380	-146	432	169
-2245	5	4715	-212	283	480
-2757	-161	4852	-177	137	808
-3259	-616	4654	-91	407	907
-2842	-789	4919	-81	1169	906
-2790	-691	5540	-353	1329	634
-2978	-230	5359	-480	305	603
-2750	-137	3827	-327	-658	730
-2253	-139	2555	11	-766	1031
-1940	-43	1732	301	-94	1268
-1758	227	1834	495	1059	1451
-1870	193	2830	408	1613	1299
-2258	186	3884	422	1642	1111
-2430	-106	4608	604	992	1239
-2358	-372	4541	787	43	1113
-2312	-65	3934	837	-687	903
-2032	345	3099	755	-1135	968
-1422	647	2205	642	-986	991
-1110	845	1787	527	-219	1122
-1260	829	1833	442	543	1388
-1454	691	2182	355	926	1618
-1570	421	2688	208	1025	1643
-1727	156	3181	72	771	1523
-1714	171	3374	3	375	1293
-1780	272	3516	-66	-23	1100
-1688	377	3397	-38	-423	929
-1606	354	3146	-46	-572	786
-1439	253	3094	-86	-432	551
-1431	276	3465	-193	-208	287
-1474	503	3874	-241	-360	85
-1488	775	4007	-272	-609	124
-1563	702	3704	-186	-822	260
-1489	538	3338	27	-617	177
-1485	442	3336	149	13	21
-2019	435	3737	89	545	-151
-2980	540	4256	-13	626	-409
-3291	1103	4869	45	867	-584
-3257	1566	5723	216	995	-180
-3141	1155	6406	416	588	101
-3024	671	5932	626	-286	114
-2675	69	4040	525	-1099	-424
-2065	-125	2318	371	-793	-1274
-1997	29	1755	124	194	-1747
-2579	257	2196	-101	927	-1741
-2649	529	3205	-160	1138	-1481
-2618	672	4114	-193	715	-1200
-2584	777	4274	-198	1	-1038
-2197	711	3880	-404	-484	-784
-1354	206	3692	-68	-96	122
-1346	241	3724	-71	-42	224
-1327	209	3807	-80	31	353
-1391	157	3939	-102	-2	411
-1380	77	3898	-130	-136	419
-1347	-5	3793	-142	-172	375
-1341	-48	3792	-155	-106	303
-1329	-102	3830	-143	-62	253
-1286	-119	3829	-129	-96	189
-1277	-54	3774	-116	-114	156
-1310	-49	3744	-102	-77	131
-1339	-26	3767	-88	-29	97
-1324	-23	3820	-80	1	80
-1301	-15	3842	-68	-13	64
-1223	56	3781	-57	-41	55
-1223	102	3737	-67	-29	81
-1204	95	3715	-81	18	102
-1178	42	3753	-66	108	97
-1296	1	3833	-53	151	89
-1399	-141	3844	-77	127	38
-1462	-205	3735	-99	120	-104
-1537	-173	3603	-91	162	-190
-1647	-284	3486	-79	261	-302
-1716	-675	3392	-94	488	-671
-1437	-796	3495	-91	720	-1205
-1183	-509	3691	-43	735	-1346
-992	-54	3776	-28	699	-1072
-1138	62	3922	-7	981	-750
-1294	152	4394	-27	1167	-496
-1301	517	4807	-110	946	-141
-1283	559	4842	-359	510	205
-1273	375	4769	-552	-75	217
-901	215	4096	-683	-581	241
-764	27	3630	-673	-517	215
-643	-189	3295	-727	-312	190
-609	-369	3083	-734	70	221
-808	-365	3381	-699	604	243
-1026	-458	3812	-582	669	191
-1141	-567	4128	-435	405	89
-1018	-631	4036	-271	68	-41
-828	-548	3809	-128	-94	-58
-672	-459	3718	14	-191	-77
-577	-272	3681	180	-240	3
-563	-147	3747	346	-196	213
-426	-308	3922	386	-54	328
-510	-434	4245	278	118	315
-740	-588	4634	110	246	279
-1232	-294	4920	-170	507	363
-1885	195	5169	-485	777	689
-2416	-118	5768	-604	1040	954
-3913	-1605	5970	-246	1319	316
-4601	-2423	6770	-499	1898	-853
-3676	-502	7510	-640	692	-137
-3528	855	5478	15	-1207	1168
-2595	1029	2940	699	-2200	1995
-1408	538	1053	813	-1603	1842
-812	-336	456	995	-138	1422
-525	-1120	943	1028	2184	562
-1381	-1085	2795	1046	3656	-480
-2415	-59	4469	978	3139	-456
-2692	552	5308	817	1501	6
-2300	1036	4784	784	-370	586
-1671	943	3225	852	-1402	1219
-1092	458	1852	939	-1298	1371
-526	151	1308	813	-165	1219
-693	-59	1803	687	808	1072
-1018	74	2656	569	1084	833
-1245	360	3408	556	672	783
-1496	410	3825	663	125	969
-1641	234	3972	751	-397	875
-1626	54	3944	700	-583	375
-1665	268	4179	550	-505	-164
-1926	436	4583	425	-445	-440
-2214	843	4968	399	-523	-606
-2309	1154	4958	461	-647	-624
-2880	1663	4112	354	-482	-211
-2630	832	3687	694	474	-234
-3216	-299	3842	794	930	-864
-3064	-358	3836	454	288	-1700
-3301	-244	3449	-119	-472	-1886
-2503	503	3337	-582	-577	-1613
-1799	1204	3356	-823	-620	-1012
-1649	1708	3251	-863	-116	-355
-1800	1669	3237	-755	229	582
-2362	516	3594	-811	390	1010
-2142	-381	3460	-853	183	265
-1825	-731	3283	-1058	-123	-328
-1479	-980	2694	-1090	-500	-784
-1201	-801	1939	-1080	-547	-1230
-1007	-496	1588	-1071	-224	-1301
-882	-342	1587	-1064	62	-1391
-853	-69	1852	-857	422	-1353
-1031	186	2548	-632	766	-1206
-1384	64	3300	-431	618	-807
-1487	-284	3605	-443	475	-740
-1663	-76	4176	-486	587	-573
-2103	-245	5124	-426	280	-164
-2510	-398	5624	-466	-429	-154
-2620	-464	5688	-510	-811	-29
-2561	-106	5529	-379	-764	243
-3089	106	4863	38	-695	862
-3352	-802	3691	62	-318	1222
-2320	-1075	3437	-172	721	793
-2262	212	3492	257	477	1520
-3065	250	3334	756	-247	1916
-2505	-568	3186	814	-599	1015
-1670	-233	2925	741	-651	481
-1558	-276	3290	684	246	404
-1928	218	3303	751	568	335
-2244	716	3045	731	581	626
-1937	745	2773	944	719	994
-1875	430	2749	539	744	954
-1777	181	2793	510	695	806
-1254	308	2643	536	440	1081
-975	299	2600	956	259	1479
-1054	333	2509	443	-199	1188
-1124	346	2397	513	-440	880
-1125	378	2513	616	-373	604
-1292	166	2980	648	107	492
-1688	14	3880	673	356	226
-2152	322	4992	565	475	49
-2755	418	6091	439	299	-349
-2844	534	6774	341	-254	-709
-3152	1209	5666	202	-1343	-663
-2784	1129	3904	619	-998	-499
-2662	90	3013	785	-219	-842
-2132	-178	2314	544	-3	-1373
-2812	-80	2168	-63	95	-1600
-2551	326	2461	-515	263	-1568
-1974	970	3668	-778	748	-1167
-1488	40	3718	-38	-110	100
-1454	34	3674	-24	-71	98
-1458	42	3709	2	-48	137
-1486	33	3727	22	-85	157
-1525	12	3679	28	-111	158
-1625	-116	3584	45	-60	107
-1821	-417	3575	77	51	-121
-1880	-646	3619	108	153	-475
-1891	-588	3722	164	209	-787
-1848	-318	3806	248	94	-905
-1782	93	3700	275	-48	-866
-1692	363	3609	179	95	-743
-1591	483	3808	-8	317	-638
-1655	607	4096	-175	225	-416
-1592	588	4038	-296	-31	-202
-1429	343	3763	-387	-131	-9
-1348	59	3576	-454	0	137
-1328	-93	3504	-488	96	157
-1273	-275	3449	-491	355	102
-1306	-333	3714	-466	580	-80
-1405	-211	3984	-446	506	-154
-1383	-57	4016	-493	328	-195
-1350	-112	3944	-535	222	-211
-1362	-113	3955	-524	115	-194
-1342	-1	3952	-515	50	-135
-1337	-43	3762	-501	-41	-12
-1304	-89	3779	-492	5	78
-1241	-203	3795	-434	-36	81
-1206	-250	3766	-392	-96	74
-1145	-361	3730	-307	-76	22
-1131	-469	3781	-190	-93	-95
-1152	-289	3727	-115	-96	-54
-1160	-209	3679	-69	-65	63
-1112	-136	3586	-23	20	137
-1071	-116	3594	28	153	184
-1085	-191	3672	88	229	213
-1142	-262	3801	165	259	301
-1191	-342	3843	195	218	291
-1196	-188	3860	202	183	315
-1170	-218	3751	199	95	317
-1094	-198	3603	238	133	365
-1096	-252	3609	264	279	369
-1160	-332	3793	262	406	329
-1270	-374	4011	225	334	239
-1370	-313	4098	155	160	222
-1560	-315	4027	135	48	266
-1747	-527	3909	135	202	160
-1808	-457	4205	28	556	-38
-2196	-152	4879	-197	696	-63
-2408	-181	5989	-407	685	-76
-3111	-125	7016	-552	513	-58
-3132	-294	7187	-478	-320	199
-2581	-517	5436	-343	-1150	290
-2292	-452	3168	-75	-877	420
-1977	-50	1961	213	231	715
-2063	129	1756	558	1344	1152
-2460	27	2586	703	1990	1025
-2671	-79	3533	872	1837	666
-2761	-296	4123	1024	1113	324
-2583	-100	4145	1142	333	71
-2174	69	3819	1205	-392	-30
-1861	141	3219	1222	-852	-47
-1529	348	2594	1149	-892	27
-1338	508	2218	1108	-616	296
-1270	563	2000	1012	-196	379
-1371	718	2191	882	428	382
-1607	756	2657	702	639	543
-1675	591	2985	563	592	597
-1830	374	3303	548	323	623
-1636	398	3245	536	16	594
-1558	513	3220	424	-74	620
-1487	586	3261	277	-138	564
-1482	533	3283	149	-257	475
-1505	633	3215	43	-396	371
-1464	657	3038	-22	-407	379
-1315	583	3073	-91	-166	370
-1309	387	3419	-133	-20	281
-1380	261	3777	-172	-76	113
-1543	333	3959	-236	-296	-1
-1541	372	3952	-282	-476	-82
-1464	530	3807	-217	-470	-151
-1504	337	3724	-61	-162	-186
-1975	-107	3957	64	164	-495
-2844	-349	4405	266	211	-903
-3047	142	5050	461	223	-1101
-3123	1551	5621	619	387	-631
-2879	1683	6012	847	2	-127
-2971	1129	5100	875	-684	-156
-2103	178	2233	316	-356	-1559
-2103	178	2233	316	-356	-1559
-2532	-78	1951	132	175	-1826
-2410	-216	2087	7	782	-2057
-2205	40	3140	-80	1380	-2012
-2545	365	4399	-30	1085	-1790
-2489	985	4689	-44	205	-1417
-2337	1402	4292	-195	-476	-870
-2136	989	3923	-444	-790	-524
-1996	431	3483	-655	-815	-702
-1723	-204	2965	-649	-966	-988
-1312	-336	2226	-599	-879	-940
-1070	-367	1904	-595	-414	-1071
-967	-204	1736	-511	-42	-1196
-1005	-174	1861	-444	361	-1326
-1162	-11	2295	-455	564	-1407
-1291	143	2759	-449	444	-1332
-1350	257	3091	-358	341	-1121
-1431	347	3452	-228	129	-709
-1489	315	3684	-109	-95	-233
-1445	112	3713	-95	-332	-5
-1393	27	3751	-7	-427	195
-1257	-67	3855	74	-470	350
-1167	-218	3978	140	-528	355
-1038	-462	3897	56	-640	113
-960	-448	3658	-121	-483	-197
-1031	-285	3703	-176	-138	-194
-1412	-250	3885	-214	72	-50
-1977	-133	4081	-192	235	57
-2510	-154	4201	-232	356	248
-2668	-719	4497	-441	749	236
-3388	-1028	5714	-762	1082	-512
-3995	-871	6792	-752	578	-783
-3692	-348	6044	-385	-626	29
-2660	49	3991	-49	-940	964
-2220	405	2551	362	-243	1557
-2222	605	2040	565	403	1917
-2336	428	1903	384	875	1686
-2372	187	2474	379	1376	1284
-2272	-200	3285	528	1502	969
-2112	-302	4080	707	1439	888
-2325	-204	4691	824	806	827
-1392	300	3856	-4	68	19
-1392	300	3856	-4	68	19
-1392	300	3856	-4	68	19
-1381	294	3816	-59	2	56
-1399	220	3735	-95	-29	81
-1331	87	3728	-101	24	44
-1377	41	3761	-107	44	-41
-1374	55	3891	-102	7	-142
-1399	138	3897	-90	-92	-201
-1359	211	3859	-63	-134	-184
-1365	276	3761	-27	-91	-135
-1383	336	3744	9	-69	-72
-1364	377	3719	40	-27	28
-1397	331	3769	52	15	100
-1480	392	3774	24	34	162
-1445	297	3783	-16	205	232
-1445	297	3783	-16	205	232
-1509	129	3914	22	173	166
-1526	50	3871	69	41	65
-1600	160	3688	103	-15	8
-1574	458	3427	139	85	139
-1350	685	3286	167	294	368
-1218	655	3390	115	587	480
-1455	492	3833	-14	764	461
-1545	424	4262	-26	606	509
-1384	200	4239	46	391	501
-1337	128	4169	148	258	416
-1348	17	4067	287	210	389
-1255	87	3835	399	132	252
-1042	234	3673	411	315	231
-1219	172	3977	441	454	194
-1349	183	4349	441	245	31
-1287	165	4262	435	-243	-163
-1129	151	4008	414	-545	-364
-935	314	3748	359	-707	-480
-781	451	3546	274	-639	-479
-699	543	3478	208	-449	-434
-665	627	3536	164	-241	-358
-650	707	3636	118	-106	-235
-599	737	3753	49	-74	-130
-579	651	3852	-58	-76	-78
-531	598	3863	-165	-119	-54
-454	437	3754	-223	-117	-8
-340	327	3572	-208	18	9
-441	255	3560	-142	384	85
-837	96	3850	-40	830	-82
-1237	217	4497	125	1048	-214
-1829	336	5074	354	921	-365
-2517	370	5129	442	584	-610
-2725	1139	5178	322	531	-398
-2894	1588	6615	468	951	-455
-2909	1275	8032	932	1180	253
-3371	395	6785	931	-139	117
-3550	-430	3732	457	-418	-589
-2682	-353	2256	140	484	-1473
-2574	-103	2423	160	1089	-1837
-2121	639	2702	77	1199	-1649
-1563	1351	3070	-134	1527	-1030
-1842	1353	3562	-456	1743	-273
-2456	1300	4233	-739	1262	156
-2379	585	4188	-814	97	614
-1658	-262	3270	-931	-558	249
-1286	-595	2539	-1075	-549	-506
-1063	-615	2198	-1050	-269	-959
-813	-252	2226	-995	34	-1299
-740	230	2354	-924	-176	-1196
-587	226	2230	-777	-381	-855
-716	268	2034	-703	-540	-643
-721	350	1969	-589	-387	-279
-901	180	2392	-376	-177	165
-1139	79	2818	-295	-77	465
-2077	-258	5155	-382	430	857
-2077	-258	5155	-382	430	857
-2077	-258	5155	-382	430	857
-2275	-780	5939	-421	-172	277
-2348	-687	5787	-640	-778	-119
-2390	107	5531	-852	-1076	-256
-2684	613	5286	-776	-1152	27
-3227	456	4296	-585	-1153	733
-2806	-621	3282	-746	26	1148
-1884	-68	3622	-696	996	809
-2768	819	3749	-199	788	1649
-3234	-294	3421	336	-195	1985
-2365	-1292	3276	438	-406	885
-1946	-947	2899	703	-238	741
-1510	-317	3099	862	587	381
-1787	406	3762	657	1211	186
-2488	831	4203	636	837	506
-2400	733	3868	549	225	813
-1959	511	3250	630	-237	1091
-1590	147	2673	738	-380	1293
-1261	-95	2113	854	-505	1339
-855	-71	1689	943	-304	1431
-695	148	1590	806	61	1318
-961	275	1925	655	173	1040
-991	468	2295	614	-123	1072
-1084	-15	2622	535	-414	780
-1230	-264	2990	556	-443	64
-1322	185	3451	498	-68	-300
-1828	437	4206	409	370	-258
-2409	650	5054	288	423	-585
-2570	1073	5737	306	393	-807
-3054	1582	6115	332	321	-554
-3518	2006	5556	163	-3	22
-3176	1838	4669	466	412	275
-2579	709	4444	343	482	-64
-2945	118	3694	70	85	-499
-2656	-588	2867	-183	-360	-1107
-2013	45	2708	-569	10	-1542
-1742	976	3441	-819	458	-1358
-1612	1527	4000	-869	479	-743
-1821	1733	3879	-871	286	211
-2337	943	3651	-977	-15	680
-1955	-136	3203	-1052	-327	411
-1518	-801	2869	-1259	-319	-341
-1173	-1083	2283	-1287	-466	-838
-976	-1019	1754	-1061	-338	-1286
-886	-464	1428	-940	-175	-1404
-849	-207	1323	-892	82	-1389
-843	-70	1604	-751	503	-1304
-1075	-4	2299	-266	703	-971
-1499	-158	3246	-191	494	-926
-1755	37	3735	-173	354	-799
-1934	242	4256	-94	418	-348
-1989	-48	4863	-137	78	-95
-2033	-510	4901	-131	-462	-250
-1937	-650	4694	-268	-500	-602
-2137	-432	4689	-348	-426	-449
-2781	-88	4555	-164	-73	-3
-3719	179	4087	207	-40	506
-1424	302	3751	49	7	78
-1395	225	3721	50	24	126
-1379	202	3696	53	88	152
-1426	240	3738	30	125	180
-1454	173	3765	5	105	152
-1421	14	3880	-3	55	22
-1398	-49	3927	25	-28	-114
-1387	-12	3885	88	-124	-192
-1325	144	3705	129	-136	-201
-1293	350	3686	114	-61	-187
-1309	476	3675	73	11	-114
-1384	518	3741	45	33	-52
-1447	528	3768	33	41	45
-1497	492	3794	3	76	215
-1521	392	3782	-24	62	348
-1522	246	3713	-25	55	369
-1523	187	3742	-15	62	333
-1803	297	3551	-36	13	360
-1865	564	3161	-57	142	629
-1396	799	3028	-63	488	790
-1250	825	3297	-129	938	1023
-1371	168	3979	-240	966	903
-1705	-97	4746	-263	679	630
-1571	-96	4819	-101	132	380
-1452	-22	4608	65	-340	203
-1356	-70	4092	245	-546	148
-1166	-46	3624	494	-465	40
-945	95	3353	628	-79	-37
-914	487	3493	707	279	17
-1090	665	3821	534	464	14
-1183	684	4090	386	308	2
-1251	645	4181	322	-35	-60
-1169	513	4068	224	-286	-26
-1089	437	3951	143	-453	-33
-1004	416	3670	129	-519	-37
-762	416	3372	124	-356	-8
-660	351	3284	125	-66	-49
-666	360	3452	109	215	-100
-774	287	3734	66	303	-217
-778	318	3913	-15	170	-315
-641	312	3904	-78	51	-355
-537	381	3723	-108	56	-342
-501	436	3563	-92	274	-262
-664	443	3721	-29	651	-179
-998	399	4182	56	857	-248
-1285	720	4595	135	698	-298
-1788	877	4813	207	311	-96
-2410	713	4384	221	-14	-149
-2334	319	4403	245	295	-479
-2289	740	5810	366	909	-693
-2732	842	7500	701	1031	-372
-2807	1051	7805	971	92	-229
-2661	879	5805	907	-809	-55
-2365	157	3345	596	-561	-738
-2212	-32	2328	243	561	-1632
-2400	237	2299	214	1101	-1878
-2293	498	2434	195	1366	-1590
-2049	575	3056	-73	1615	-1522
-1974	733	3815	-380	1322	-1345
-2032	935	4028	-598	630	-788
-2002	926	3808	-792	-39	-234
-1792	484	3332	-877	-660	94
-1470	-182	2721	-950	-896	-106
-1319	-515	2177	-978	-886	-643
-1158	-665	1752	-1046	-453	-1193
-1164	-628	1818	-899	61	-1466
-1248	-332	2142	-674	463	-1427
-1410	120	2707	-520	656	-1141
-1557	329	3188	-460	614	-694
-1728	337	3677	-486	338	-469
-1776	303	3903	-497	-102	-193
-1721	48	3704	-513	-557	-29
-1574	-186	3348	-492	-711	2
-1358	-295	3112	-494	-614	-8
-1273	-379	3146	-401	-403	65
-1278	-562	3252	-257	-271	123
-1357	-624	3448	-107	-279	69
-1434	-443	3512	41	-216	18
-1496	-104	3550	99	9	110
-1562	55	3757	18	151	281
-1851	58	4088	-96	243	491
-2087	-143	4484	-165	183	594
-2372	-281	4865	-138	77	646
-2876	-680	5089	-89	189	543
-3084	-662	5561	-155	303	402
-3076	-492	5616	-378	18	168
-2984	-53	4884	-726	-304	146
-2722	354	3662	-656	-552	743
-2118	449	2478	-273	-312	1444
-2020	394	2047	113	421	1789
-2117	254	2231	300	1197	1839
-2180	-46	3416	338	1453	1438
-2302	-279	4259	285	1073	1133
-2201	-466	4653	363	702	800
-2264	-498	4699	585	-23	628
-2067	-243	3771	737	-889	536
-1812	17	2995	854	-1027	661
-1406	395	2462	884	-939	749
-1156	694	2013	839	-726	820
-1076	930	1857	760	-276	1031
-1157	978	1865	627	246	1320
-1282	810	2184	460	633	1523
-1510	627	2796	348	666	1679
-1720	295	3207	154	492	1581
-1748	276	3512	23	213	1330
-1885	420	3783	-51	-108	1209
-1880	403	3606	44	-515	1103
-1636	350	3326	98	-570	887
-1470	387	3368	42	-331	608
-1490	568	3700	-55	-237	335
-1528	644	3828	-87	-384	215
-1524	645	3660	-4	-484	186
-1444	518	3483	194	-323	151
-1521	577	3563	278	84	-25
-1830	680	3817	187	584	-254
-2659	1277	4297	-60	867	-414
-3143	1793	5182	-28	1127	-321
-3219	1629	5960	139	844	17
-2900	953	6096	316	-32	67
-2868	138	4797	320	-1108	-291
-2351	-401	2825	264	-1513	-952
-1847	-237	1665	115	-644	-1446
-2088	158	1792	-135	653	-1615
-2297	360	3019	-263	1393	-1670
-2286	616	4303	-296	1184	-1429
-2583	872	4937	-228	301	-1132
-2280	993	4314	-356	-626	-763
-1863	834	3648	-602	-908	-568
-1716	389	3345	-836	-917	-557
-1422	-62	2812	-864	-927	-616
-1441	562	4321	-186	-253	-227
-1212	860	4077	-375	-404	15
-1174	747	3827	-517	-443	310
-1091	562	3628	-553	-421	515
-1000	327	3402	-485	-319	756
-1007	113	3293	-372	-66	916
-1104	-10	3458	-254	165	1016
-1288	-143	3746	-144	240	996
-1359	-253	3845	-62	199	902
-1418	-268	4011	-36	98	697
-1527	-209	3968	-24	-85	542
-1515	-218	3806	11	-156	373
-1512	-175	3670	51	-83	235
-1575	-223	3628	52	57	54
-1696	-286	3647	42	134	-214
-1780	-410	3639	32	220	-498
-1807	-446	3627	14	304	-760
-1766	-375	3635	4	343	-913
-1668	-99	3591	-25	404	-1036
-1546	124	3589	-31	473	-996
-1460	254	3596	-4	505	-860
-1480	452	3725	39	541	-629
-1507	580	3888	48	497	-246
-1494	511	3985	-34	458	-48
-1337	235	3989	-203	472	-58
-1399	-72	4102	-283	387	-172
-1356	-128	4057	-322	209	-211
-1328	-18	3945	-379	120	-244
-1235	136	3849	-431	142	-235
-1199	271	3881	-505	99	-135
-1155	178	3815	-480	29	87
-1045	91	3661	-446	-12	175
-1009	-42	3751	-379	156	196
-985	-63	3911	-344	103	202
-1085	-20	4086	-319	33	162
-1033	-87	4024	-287	-126	119
-1009	-29	4007	-274	-234	69
-859	-96	3803	-251	-351	86
-751	-171	3717	-118	-280	53
-542	-166	3558	-40	-211	-19
-514	-201	3431	40	-29	41
-605	-96	3433	109	245	228
-712	-37	3692	138	444	281
-712	-150	4016	196	449	300
-737	-528	4247	208	334	73
-1035	-552	4240	118	229	-211
-1448	-174	4179	-34	377	-50
-1629	-37	4325	-238	725	158
-2013	85	4656	-471	1061	270
-2976	-339	5277	-555	1268	79
-3540	-473	6619	-428	1561	126
-3908	-830	7797	-722	1174	-12
-3434	-921	7021	-717	-432	-229
-3355	-279	4076	-203	-1271	274
-2777	296	1703	394	-760	1328
-1510	267	595	750	728	1631
-1918	58	1353	938	2781	1307
-2438	-41	3079	830	3363	666
-2757	-250	4943	903	2897	152
-2983	-2	5647	954	1349	-12
-2758	474	4939	953	-159	306
-2125	603	3649	903	-1094	733
-1453	660	2452	881	-1294	1171
-741	462	1525	1136	-1113	1579
-358	293	1035	1125	-189	1522
-592	270	1421	794	771	1241
-962	249	2069	504	1127	927
-1431	455	2818	388	763	830
-1642	352	3203	339	107	876
-1821	237	3265	364	-429	729
-1678	121	3074	516	-554	532
-1693	183	3303	599	-152	209
-2003	259	3925	559	179	-19
-2704	344	4618	445	134	-550
-2972	224	5201	351	-48	-953
-2611	465	5507	324	-378	-1476
-3676	1628	4639	211	-779	-1155
-3373	1832	3162	574	-252	-740
-2800	969	3336	958	386	-797
-2573	200	3333	837	-162	-1263
-3173	-645	2925	219	-649	-1724
-2688	-521	3092	-371	-316	-2209
-2339	230	3672	-578	-381	-1907
-2026	1403	3454	-479	-219	-1420
-1875	2240	3370	-386	335	-572
-2608	1411	3524	-442	292	220
-2426	421	3416	-617	140	-121
-1995	-86	3369	-926	-175	-255
-1625	-534	2957	-1047	-532	-586
-1134	-563	2299	-1084	-824	-898
-954	-507	1776	-881	-698	-992
-781	-352	1574	-920	-521	-1244
-723	-341	1621	-780	-264	-1395
-752	69	1985	-368	51	-967
-1176	163	2751	-254	112	-645
-1545	379	3522	-292	-19	-274
-1817	366	4206	-255	-85	252
-1810	-190	4902	-193	-76	376
-1974	-462	5336	-319	-402	-38
-2250	-195	5108	-462	-748	-143
-2466	128	4861	-475	-828	-108
-3105	408	4709	-223	-605	326
-3191	193	4718	-124	-58	1266
-2945	-965	4953	-499	622	695
-2890	-354	4327	-593	131	284
-3333	241	3223	-130	-357	889
-2613	-27	2281	470	-633	1548
-1989	-425	2288	645	-200	1155
-1744	-452	2654	827	511	997
-1523	-373	3576	920	1373	187
-2470	203	4042	931	1299	-89
-2757	571	3891	858	744	234
-2267	546	3515	842	340	774
-1995	176	3231	926	-11	744
-1580	35	2596	1112	-343	718
-1006	157	2120	1241	-293	767
-731	334	1978	1285	-34	825
-740	662	2005	965	212	664
-1077	959	2390	719	209	722
-1289	945	2794	605	139	965
-1563	467	3425	555	76	885
-1811	-41	4042	611	-91	396
-1920	336	4404	485	-279	139
-2286	984	4634	348	-439	336
-2507	889	4766	329	-279	-73
-2722	838	4868	331	-43	-479
-3830	621	4125	21	43	-427
-3638	529	3757	146	865	-1018
-2825	546	3875	441	661	-1168
-2720	451	3227	370	63	-1145
-1655	239	3724	-102	-36	375
-1655	239	3724	-102	-36	375
-1655	239	3724	-102	-36	375
-1651	204	3739	-112	-74	382
-1605	186	3713	-137	-91	395
-1590	155	3688	-173	-63	356
-1607	150	3704	-204	-32	307
-1623	85	3691	-233	-32	275
-1637	-70	3696	-241	-35	203
-1669	-153	3662	-228	10	76
-1688	-192	3685	-193	37	1
-1764	-275	3588	-152	5	-154
-1725	-267	3529	-111	39	-287
-1719	-381	3477	-21	88	-482
-1655	-346	3517	68	150	-627
-1665	-113	3690	104	205	-555
-1765	111	3927	44	311	-446
-1676	357	4106	-114	276	-426
-1601	352	4190	-289	45	-366
-1623	167	4092	-421	-137	-414
-1436	89	3763	-467	-276	-333
-1276	-82	3426	-469	-110	-287
-1232	-150	3238	-390	181	-229
-1272	-171	3406	-349	507	-195
-1440	-25	3817	-333	611	-140
-1543	15	4107	-352	462	-110
-1516	53	4034	-388	159	-31
-1425	46	3964	-451	23	46
-1388	149	3976	-502	-36	171
-1300	46	3972	-534	-196	289
-1191	-31	3907	-527	-308	340
-1065	-162	3888	-500	-301	312
-1004	-281	3857	-443	-339	253
-1047	-372	3752	-366	-440	187
-965	-402	3550	-242	-427	113
-855	-383	3541	-71	-304	63
-736	-227	3513	46	-140	112
-780	-28	3660	113	18	219
-864	140	3748	136	74	347
-968	110	3885	104	79	351
-977	-3	3943	106	79	312
-1086	-224	3961	116	118	305
-1253	-384	3930	92	238	328
-1491	-315	3963	-1	442	406
-1685	-198	4112	-142	586	527
-1814	-156	4427	-258	679	719
-2122	-326	4678	-247	706	729
-2346	-340	5040	-132	842	823
-2589	-469	5354	-8	1066	907
-2492	-596	5989	-176	1160	691
-2796	-196	6542	-637	938	390
-2778	-335	6209	-824	-225	48
-2480	321	4126	-522	-1139	173
-2270	787	2150	24	-867	1268
-1640	547	1245	500	425	1890
-1357	-96	1644	632	1779	1741
-1846	-281	2972	671	2684	1092
-2604	-405	4477	696	2058	803
-2608	-760	4763	869	850	370
-2203	-466	4287	1075	-426	-8
-1858	-193	3233	1263	-1194	40
-1571	243	2257	1356	-1449	114
-1173	852	1588	1272	-998	414
-1034	1120	1519	1011	-60	594
-1312	862	2090	767	713	642
-1787	566	2834	665	843	514
-1942	465	3400	570	583	519
-1908	369	3718	490	143	556
-1912	435	3764	440	-361	486
-1798	538	3589	359	-738	414
-1588	672	3357	289	-851	337
-1447	797	3090	255	-794	407
-1451	661	3007	219	-570	351
-1510	499	3082	167	-287	121
-1508	485	3316	74	-12	-25
-1503	531	3596	50	135	-148
-1500	622	3770	104	49	-211
-2911	1433	4819	-50	434	-747
-2911	1433	4819	-50	434	-747
-2911	1433	4819	-50	434	-747
-2911	1433	4819	-50	434	-747
-2911	1433	4819	-50	434	-747
-3057	1542	5078	176	682	-227
-2760	941	5292	414	342	-59
-2760	242	4449	477	-383	-514
-2452	-590	2964	396	-670	-1412
-2366	-718	2091	298	-249	-2225
-2553	62	2074	92	194	-2433
-2433	835	2513	-139	681	-2040
-2306	1170	3427	-247	880	-1482
-2336	1126	4126	-262	540	-902
-2389	1073	4255	-291	-164	-253
-2306	737	4067	-562	-606	-25
-2083	307	3605	-728	-894	-72
-1796	-137	3135	-790	-832	-373
-1667	-461	2728	-718	-579	-789
-1437	-660	2212	-674	-311	-1014
-1301	-597	2073	-590	212	-1293
-1278	-452	2347	-461	559	-1447
-1428	-92	2758	-433	558	-1510
-1596	282	3053	-351	271	-1341
-1527	308	3141	-283	-145	-1147
-1407	300	2947	-216	-386	-988
-1378	67	2863	-123	-405	-709
-1339	-93	2876	-99	-271	-524
-1400	-124	3014	25	-75	-339
-1525	-33	3355	151	80	-182
-1642	109	3731	207	80	1
-1591	4	3972	210	-202	46
-1570	-238	3959	144	-368	-52
-1561	-334	3903	19	-321	-180
-1606	-316	3973	-97	-134	-165
-1774	-401	4124	-177	-68	-131
-2118	-427	4151	-208	-93	-154
-2654	-377	4309	-144	-90	20
-2938	-480	4579	-97	379	289
-3023	-436	5514	-164	933	327
-3194	-344	5966	-213	638	317
-3282	-195	5408	-362	-10	309
-2600	86	4097	-325	-514	571
-2326	244	2828	-46	-522	1052
-2097	269	2003	220	-99	1316
-1967	346	1809	406	594	1450
-2033	323	2400	415	1160	1375
-2159	115	3355	329	1301	1080
-2369	-21	4320	412	1140	969
-2470	8	4752	561	358	1023
-2472	-78	4291	744	-560	1023
-2040	181	3350	812	-1126	916
-1552	420	2524	704	-1120	893
-1365	235	3694	-74	-107	-54
-1434	244	3673	-43	-24	25
-1402	126	3703	-26	19	78
-1355	62	3695	-29	66	47
-1416	91	3769	-61	134	6
-1523	183	3795	-89	71	9
-1590	282	3675	-115	3	62
-1554	293	3571	-142	24	117
-1490	307	3570	-169	104	183
-1544	140	3574	-194	199	234
-1631	83	3791	-195	187	146
-1723	-6	3824	-158	68	133
-1768	-43	3768	-82	51	72
-1739	3	3736	17	110	61
-1645	74	3714	104	134	72
-1533	98	3652	169	144	89
-1504	231	3636	204	183	117
-1493	442	3684	196	194	195
-1523	592	3718	197	178	355
-1614	741	3546	208	294	521
-1507	683	3515	177	424	570
-1359	516	3555	131	599	512
-1544	202	3929	84	741	396
-1689	10	4319	150	657	307
-1632	51	4440	295	364	293
-1487	166	4211	435	64	343
-1385	200	3816	556	-99	329
-1303	273	3531	563	-19	280
-1228	281	3508	545	169	196
-1263	292	3668	483	329	88
-1385	427	3863	414	272	43
-1329	543	3844	374	132	62
-1297	544	3838	346	79	144
-1248	509	3851	286	-24	128
-1159	515	3856	192	-112	134
-1018	546	3856	93	-205	149
-955	558	3764	20	-284	158
-906	449	3618	-74	-245	124
-838	419	3632	-163	-173	34
-782	334	3677	-229	-93	-2
-759	289	3815	-297	-55	-126
-734	289	3921	-380	-119	-228
-654	356	3935	-430	-244	-306
-551	321	3885	-423	-309	-253
-586	165	3770	-316	-218	-238
-615	234	3835	-163	158	-161
-1046	368	4255	11	484	-145
-1724	676	4420	154	528	-143
-2116	726	4790	432	642	-79
-2536	923	5466	926	805	-56
-3186	1165	6645	1392	1113	554
-3831	915	7632	1429	756	657
-3652	601	6311	995	-299	41
-2711	595	3789	461	-285	-1033
-2151	671	2652	81	821	-1553
-2404	380	2771	-17	1237	-1623
-2264	461	2951	2	890	-1408
-1711	971	3124	-255	801	-973
-1634	1179	3559	-675	660	-343
-1989	881	3720	-1043	299	-42
-2027	412	3619	-1205	-233	64
-1768	-172	3131	-1081	-829	119
-1554	-734	2513	-859	-1017	-188
-1348	-1197	2065	-677	-720	-727
-1206	-1162	1858	-546	142	-1374
-1279	-517	2292	-409	778	-1599
-1273	92	2859	-406	821	-1563
-1327	628	3223	-472	486	-1297
-1380	562	3297	-526	43	-990
-1494	355	3171	-525	-373	-846
-1291	126	2878	-500	-517	-573
-1136	-34	2857	-267	-238	-292
-1097	-191	3001	-8	-253	17
-1056	-323	3239	189	-125	78
-1128	-237	3903	214	-119	50
-1349	-356	4334	47	-482	-25
-1266	106	4243	-121	-703	-22
-933	294	4211	-263	-653	73
-1159	324	4283	-380	-386	-5
-2264	227	4529	-410	-159	203
-3342	-123	4799	-321	204	617
-3738	-1084	6001	-290	1126	959
-3674	-376	7736	-704	752	489
-3282	178	5866	-881	-1052	463
-2818	560	2982	-591	-1628	1201
-1856	293	1351	-61	-1035	2017
-1358	-427	885	567	355	2047
-1483	-641	2062	913	1836	1278
-1585	-635	3580	995	2446	609
-2157	-295	4981	1004	2198	104
-2894	16	5306	956	959	109
-2539	576	4502	820	-369	439
-1890	732	3182	709	-856	848
-1397	613	2250	713	-689	907
-1044	463	1726	784	-156	975
-800	272	1481	839	322	1034
-644	209	1537	820	690	1091
-779	179	1856	772	722	1094
-1016	196	2275	524	657	927
-1315	302	2845	336	429	778
-1532	537	3227	250	137	488
-1580	578	3556	241	33	44
-1799	483	4063	254	297	-395
-2013	268	4914	433	335	-161
-2519	131	5370	460	-10	-317
-2632	431	5493	415	-185	-576
-2887	1187	5326	245	-197	-645
-3223	2001	4688	221	94	-181
-3048	1773	4204	539	801	-233
-2992	761	4077	690	872	-461
-2682	214	3523	478	448	-901
-2900	-595	3075	-24	-43	-1392
-2566	-440	3013	-592	-63	-1983
-2049	620	3491	-851	-164	-1924
-1552	1992	3354	-855	16	-1267
-1254	2661	3242	-747	697	-103
-2315	1024	3807	-804	621	591
-2400	86	3739	-981	217	213
-2016	-484	3465	-1104	-507	-69
-1449	-532	2590	-1164	-1072	-479
-1037	-567	1708	-1210	-1079	-730
-798	-716	1262	-1192	-498	-1017
-510	-522	1439	-1020	206	-1249
-845	-48	2295	-780	533	-1219
-1393	88	3321	-597	121	-944
-1654	313	3693	-647	-522	-569
-1660	586	3628	-756	-604	132
-1699	328	3804	-821	-59	477
-1995	-75	4631	-687	387	410
-2529	-173	5419	-488	338	535
-1694	154	3707	54	188	-135
-1699	238	3672	78	194	-93
-1676	265	3662	95	210	-63
-1671	269	3656	94	212	-40
-1648	251	3639	96	219	-6
-1646	247	3627	84	236	10
-1664	246	3652	63	259	23
-1708	259	3658	44	239	45
-1691	192	3633	28	200	51
-1629	162	3642	27	217	16
-1660	148	3695	17	238	-29
-1728	145	3761	-5	169	-70
-1749	216	3702	-14	71	-78
-1708	295	3598	-6	55	-19
-1722	388	3565	1	137	39
-1851	476	3622	-6	157	154
-2007	720	3408	-16	125	390
-1968	905	3049	-34	303	741
-1775	1036	3013	-87	594	993
-1685	691	3304	-188	846	1138
-1790	96	3795	-269	875	853
-1897	-159	4212	-145	795	555
-1986	-190	4619	65	500	401
-1943	-136	4523	254	-35	259
-1674	-30	3943	435	-324	175
-1619	114	3623	535	-271	89
-1347	251	3445	569	-96	5
-1226	438	3480	563	73	-21
-1346	552	3680	528	138	-4
-1456	547	3818	468	3	17
-1423	476	3813	410	-150	22
-1426	483	3703	375	-167	22
-1326	457	3687	316	-180	23
-1291	491	3794	232	-148	26
-1265	514	3915	150	-264	38
-1216	588	3865	94	-398	77
-1167	628	3750	15	-425	110
-1152	423	3761	-58	-455	55
-1089	231	3709	-83	-531	-87
-910	265	3583	-123	-569	-185
-834	273	3477	-103	-463	-231
-875	323	3448	-47	-255	-257
-976	321	3607	15	21	-261
-1070	401	3915	84	107	-287
-1066	623	4099	143	6	-246
-1132	766	4146	184	-90	-159
-1402	821	4123	237	-117	-64
-1798	837	3784	321	-28	45
-1968	735	3748	428	398	56
-2269	752	4360	313	846	-33
-2793	847	5939	259	1197	-32
-3041	805	7612	403	597	42
-2870	1081	7376	508	-821	-5
-2386	899	5183	526	-1591	-94
-1837	434	3096	396	-1045	-436
-1662	285	2253	198	312	-851
-2224	303	2386	137	1152	-991
-2670	538	2723	242	1314	-841
-2691	585	3399	203	1160	-882
-2576	767	4035	-106	572	-1193
-2336	966	4137	-386	-168	-1015
-2219	845	3581	-504	-793	-557
-1958	556	3074	-621	-762	-329
-1734	243	2894	-722	-439	-262
-1695	226	2938	-797	-93	-292
-1658	102	2946	-928	74	-371
-1758	-17	2969	-1052	210	-636
-1667	65	2938	-1040	52	-689
-1552	51	2951	-1020	-41	-768
-1389	50	2957	-961	-344	-774
-1111	103	2686	-867	-647	-679
-965	134	2369	-772	-632	-547
-984	28	2163	-778	-471	-365
-1035	-257	2500	-272	340	70
-1035	-257	2500	-272	340	70
-1368	-272	3029	-95	550	145
-1612	-244	3549	6	479	199
-1746	-201	3966	-3	219	246
-1792	-84	4311	3	-26	266
-1554	-224	4553	68	-296	123
-1295	-431	4398	77	-696	-48
-1069	-444	3889	9	-764	-195
-1100	-531	3607	9	-435	-372
-1443	-194	3602	42	-45	-421
-1841	252	3826	22	160	-160
-2462	178	3880	2	446	295
-2611	-258	4414	-80	1152	471
-2907	-389	5521	-213	1571	377
-3358	-697	6626	-358	1017	49
-3577	-330	6085	-497	-268	-55
-2840	-57	4107	-270	-1105	271
-2208	92	2530	174	-855	588
-1903	191	1720	480	-10	672
-1819	138	1673	510	1023	462
-2167	85	2809	502	1776	140
-2590	86	4303	555	1697	48
-2488	-15	5151	725	855	87
-2464	-69	5188	957	-199	178
-2277	286	4214	975	-1210	273
-1759	651	2967	985	-1513	587
-1194	950	2047	924	-1223	753
-917	966	1532	764	-431	842
-914	663	1546	562	459	833
-1227	413	1978	461	984	914
-1450	319	2404	417	961	987
-1513	136	2656	371	659	935
-1527	173	2766	302	329	730
-1426	205	2850	184	154	514
-1401	391	2998	39	82	275
-1527	385	3308	-19	2	118
-1659	383	3735	-66	-28	-164
-1825	522	4250	-71	-222	-277
-1891	589	4492	-70	-573	-175
-1696	706	4277	23	-763	-19
-1440	608	3817	250	-630	91
-1439	407	3483	495	-33	38
-1832	145	3893	518	571	-142
-2471	125	4504	392	579	-576
-2974	544	4813	172	402	-927
-2997	1141	5271	325	619	-1229
-3022	1305	5982	729	475	-986
-2993	871	5431	1164	-224	-856
-2487	213	3843	1098	-870	-1042
-2251	30	2488	626	-769	-1654
-2375	470	2090	93	-104	-1857
-2060	921	2705	-324	580	-1791
-2107	1103	3903	-427	717	-1531
-2193	1345	4331	-328	60	-928
-2216	1283	3954	-293	-339	-50
-2155	809	3774	-513	-557	235
-1527	286	3750	-16	118	-147
-1521	284	3688	-24	119	-135
-1503	255	3687	-24	129	-175
-1514	261	3698	3	124	-157
-1538	250	3712	28	140	-75
-1545	300	3730	40	156	-38
-1644	295	3697	54	125	-37
-1573	360	3714	109	82	32
-1559	281	3803	134	37	81
-1508	263	3877	115	-34	90
-1614	258	3764	67	-75	154
-1507	324	3756	7	-29	139
-1539	351	3782	-71	-28	182
-1484	264	3654	-128	-104	177
-1460	133	3431	-140	-76	159
-1457	-31	3364	-131	143	140
-1570	-179	3585	-124	396	70
-1774	-284	3824	-123	422	-89
-1817	-323	3908	-119	254	-258
-1804	-201	3827	-107	86	-382
-1720	-69	3764	-52	33	-413
-1684	-47	3681	10	28	-451
-1611	-42	3636	23	75	-489
-1575	52	3627	0	126	-442
-1573	213	3629	-62	287	-301
-1547	172	3733	-167	481	-271
-1472	-34	3803	-184	521	-310
-1527	-151	3838	-211	504	-450
-1538	-180	3691	-191	408	-512
-1472	-193	3582	-232	515	-610
-1504	99	3596	-253	632	-634
-1424	236	3673	-299	752	-489
-1480	341	4076	-359	858	-277
-1531	233	4478	-497	513	-245
-1464	265	4496	-571	42	-177
-1391	244	4342	-668	-440	5
-1096	231	3851	-660	-750	175
-888	40	3468	-562	-602	295
-670	-292	3331	-431	-364	195
-655	-428	3402	-329	-181	69
-691	-468	3421	-217	-13	-35
-787	-337	3632	17	253	-62
-761	-114	3972	159	224	0
-745	-164	4239	217	-8	41
-727	-344	4238	281	-252	-24
-891	-389	4121	175	-337	-234
-1210	-232	3971	22	-77	-221
-1473	6	4022	-210	422	-145
-1736	288	4418	-544	950	-8
-2303	385	5256	-826	1230	202
-3152	2	6534	-772	1130	471
-4721	-1268	6981	-588	591	368
-4555	-1693	6205	-561	253	-78
-3430	-460	4620	-274	-173	311
-3188	1003	3135	249	-189	1417
-2381	1072	2007	424	24	1838
-1899	557	1726	531	916	1475
-1857	-222	2422	556	1768	1110
-2084	-849	3847	698	2146	493
-2230	-594	4743	652	1599	43
-2408	137	4829	638	478	273
-2020	407	4069	787	-662	877
-1470	668	2972	965	-1514	1381
-943	509	1936	1100	-1674	1790
-533	378	1282	1078	-1101	1710
-400	313	1158	967	-356	1603
-519	309	1323	556	652	1280
-1191	167	2298	200	1598	883
-1799	167	3740	103	1454	505
-2081	291	4534	186	395	352
-1993	111	4337	371	-521	264
-1685	63	3901	480	-880	6
-1782	116	3775	464	-813	-195
-1995	394	4018	371	-525	-562
-2216	763	4466	340	-232	-746
-2819	1928	4860	320	5	-543
-3686	1754	4825	616	484	-64
-3629	912	4685	954	322	-150
-3300	-76	3847	912	-27	-631
-2516	-828	3257	473	-297	-1533
-2663	-567	2996	-163	-443	-2284
-2489	474	3311	-453	-238	-2153
-1901	1501	3934	-595	41	-1503
-1909	1825	4251	-584	-42	-494
-2213	1226	3832	-637	-278	199
-2262	334	3295	-628	-407	138
-1967	-206	2948	-791	-483	-454
-1562	-576	2491	-1026	-682	-884
-1077	-491	1869	-1015	-734	-1041
-815	-294	1336	-978	-531	-1036
-725	-189	1027	-867	-160	-735
-599	-101	1217	-753	467	-829
-845	155	1922	-599	940	-829
-1465	256	2810	-537	800	-573
-1778	320	3631	-543	615	-342
-1983	239	4563	-582	716	217
-2515	-262	5553	-542	228	433
-2597	-857	5730	-471	-234	313
-2544	-848	5590	-396	-357	-91
-2437	40	5301	-294	-387	124
-2783	460	4481	-128	-631	693
-3903	-341	2960	-169	-630	817
-2863	-1251	2036	-205	532	409
-1913	166	3234	229	1395	897
-3149	105	4152	719	658	1208
-3116	185	4289	655	-301	313
-2595	25	3961	580	-684	457
-2066	-278	3684	737	-535	428
-1804	517	2949	1072	678	374
-1804	517	2949	1072	678	374
-1804	517	2949	1072	678	374
-1804	517	2949	1072	678	374
-1582	692	2798	1072	229	570
-1421	671	2400	1010	-172	909
-1032	737	2088	912	-289	1115
-980	768	2210	568	-122	1223
-1352	615	2555	264	-150	972
-1659	540	2798	153	-346	611
-1627	470	2970	185	-569	467
-1492	74	3262	259	-594	269
-1516	51	3737	249	-240	-148
-1872	22	4621	270	-170	-287
-2055	210	4840	256	-476	-490
-1926	797	4908	222	-513	-646
-2423	1760	4940	118	-266	-444
-3495	1662	4283	44	-132	197
-3821	964	3511	276	552	71
-3090	291	3662	350	868	-264
-2766	-70	3626	344	569	-458
-2603	-815	3459	81	187	-1014
-1727	185	3800	-114	11	-111
-1720	111	3824	-177	-17	-276
-1741	124	3675	-224	-80	-327
-1741	8	3531	-212	-46	-441
-1854	-88	3491	-169	21	-609
-1859	-161	3435	-104	52	-748
-1817	-204	3379	-10	99	-836
-1812	-169	3392	118	180	-902
-1836	-107	3530	220	217	-952
-1820	42	3649	240	185	-989
-1791	142	3691	237	197	-1009
-1762	331	3804	211	244	-933
-1746	369	3972	158	268	-789
-1701	454	4094	4	198	-742
-1689	382	4105	-170	-14	-759
-1617	328	3838	-300	-141	-714
-1496	304	3552	-322	-87	-594
-1515	223	3552	-351	77	-579
-1459	144	3504	-335	164	-466
-1471	-39	3619	-365	225	-424
-1470	-97	3668	-361	274	-380
-1523	-48	3774	-372	268	-376
-1574	114	3976	-407	237	-334
-1546	221	4063	-411	11	-193
-1503	298	3999	-444	-255	-40
-1378	228	3804	-463	-423	103
-1322	135	3657	-467	-400	213
-1251	-62	3631	-432	-318	233
-1183	-151	3727	-381	-254	173
-1178	-157	3817	-302	-266	145
-1218	-136	3854	-236	-341	190
-1289	-486	4107	-62	752	294
-1289	-486	4107	-62	752	294
-1289	-486	4107	-62	752	294
-1289	-486	4107	-62	752	294
-1289	-486	4107	-62	752	294
-1289	-486	4107	-62	752	294
-1289	-486	4107	-62	752	294
-1289	-486	4107	-62	752	294
-1289	-486	4107	-62	752	294
-1289	-486	4107	-62	752	294
-1289	-486	4107	-62	752	294
-1289	-486	4107	-62	752	294
-1289	-486	4107	-62	752	294
-1289	-486	4107	-62	752	294
-1289	-486	4107	-62	752	294
-1289	-486	4107	-62	752	294
-1642	-378	4325	-269	826	157
-2196	-239	4626	-488	812	53
-2666	-123	5292	-496	798	189
-2978	-385	6211	-324	765	264
-3026	-8	6799	-304	508	404
-2887	-266	6261	-424	-327	638
-2512	-35	4278	-498	-562	803
-2112	105	2657	-335	34	1156
-2100	139	2013	-82	937	1205
-2219	199	2209	221	1764	1262
-2418	51	2838	424	1997	1137
-2601	-149	3455	564	1682	858
-2729	-199	4001	713	1142	710
-2457	-225	4277	779	434	446
-2074	-97	4052	755	-324	250
-1891	26	3530	740	-709	192
-1760	315	3128	824	-858	205
-1594	642	2516	930	-765	542
-1344	716	2066	918	-354	668
-1329	506	2312	719	491	577
-1516	259	2900	600	659	482
-1552	68	3107	583	461	508
-1595	239	3246	606	252	499
-1560	415	3292	550	-56	545
-1499	508	3148	482	-321	415
-1318	655	2982	395	-452	334
-1279	696	2902	322	-477	330
-1301	655	2920	182	-366	258
-1423	542	3224	39	-261	158
-1554	365	3545	-92	-315	-69
-1553	445	3764	-191	-423	-268
-1512	565	3827	-180	-572	-299
-1455	595	3680	-89	-712	-229
-1415	414	3502	48	-592	-267
-1492	313	3528	147	-141	-423
-1727	247	3994	116	281	-704
-2548	564	4385	46	150	-884
-2874	999	4684	157	199	-848
-3080	1485	5389	451	488	-611
-3024	1270	6257	671	357	-332
-2975	934	5967	941	-306	-313
-2771	124	4468	887	-1059	-650
-2288	-361	2738	742	-1085	-1362
-2221	-161	1860	582	-347	-1813
-2078	84	1941	322	643	-2081
-2108	381	3066	153	1394	-2188
-2238	939	4207	37	1132	-1885
-2430	1202	4705	-71	320	-1391
-2064	1464	4163	-267	-576	-769
-1910	1386	3655	-542	-973	-324
-1612	812	3097	-844	-1229	-144
-1413	144	2479	-1047	-1084	-406
-1363	-240	2140	-984	-805	-727
-1111	-455	1768	-898	-560	-757
-1152	-498	1949	-793	-30	-909
-1196	-235	2303	-733	271	-947
-1292	19	2793	-683	336	-835
-1436	278	3134	-627	143	-728
-1467	332	3313	-565	-148	-512
-1476	316	3444	-451	-291	-225
-1414	74	3583	-388	-463	-2
-1334	-154	3529	-374	-599	75
-1327	-194	3423	-309	-514	75
-1331	-148	3488	-145	-224	100
-1310	-214	3800	-77	-180	44
-1256	-177	3864	-49	-301	38
-1107	-216	3801	-74	-254	-7
-1060	-269	3724	-129	-118	-69
-1117	-215	3777	-119	120	-35
-1404	-259	4054	-100	311	11
-1863	-392	4280	-138	295	11
-2377	-133	4395	-173	169	159
-2671	189	4813	-169	370	760
-2608	149	5669	-211	722	1193
-2959	108	6557	-370	577	1182
-2690	-450	6136	-664	-125	840
-2451	-267	4362	-834	-718	653
-2127	-82	2911	-615	-615	1030
-1997	-183	1939	-142	-143	1434
-1901	-249	1833	508	900	1490
-1936	-417	2731	778	1568	1204
-2066	-399	3740	824	1397	605
-2448	-158	4453	880	1005	176
-1682	105	3766	19	42	-57
-1654	190	3727	44	38	-54
-1619	261	3688	45	46	-30
-1629	267	3705	38	47	-14
-1628	280	3616	28	41	22
-1628	222	3578	16	105	42
-1641	177	3648	16	139	30
-1663	168	3689	17	120	7
-1634	190	3675	22	107	-7
-1650	202	3710	22	108	-17
-1650	169	3738	26	81	-42
-1638	141	3694	41	54	-66
-1642	136	3657	63	49	-84
-1652	158	3634	82	74	-99
-1662	217	3615	83	97	-108
-1658	242	3641	78	115	-83
-1679	273	3635	64	134	-90
-1758	363	3631	17	94	-52
-1764	391	3539	-10	75	50
-1811	406	3460	-33	115	142
-1872	539	3297	-76	251	276
-1908	643	3284	-135	466	524
-1824	557	3484	-166	592	629
-1773	300	3758	-144	608	592
-1832	125	3889	-141	472	501
-1803	-7	3913	-77	397	420
-1713	-66	3967	30	341	312
-1676	-14	3967	139	261	217
-1634	40	3850	255	179	126
-1519	68	3672	387	240	90
-1635	182	3638	508	317	14
-1505	169	3549	568	336	-6
-903	309	3807	-35	-529	-63
-903	309	3807	-35	-529	-63
-903	309	3807	-35	-529	-63
-903	309	3807	-35	-529	-63
-903	309	3807	-35	-529	-63
-903	309	3807	-35	-529	-63
-903	309	3807	-35	-529	-63
-903	309	3807	-35	-529	-63
-903	309	3807	-35	-529	-63
-903	309	3807	-35	-529	-63
-903	309	3807	-35	-529	-63
-903	309	3807	-35	-529	-63
-903	309	3807	-35	-529	-63
-903	309	3807	-35	-529	-63
-965	323	3606	130	-288	2
-1266	300	3526	366	270	-7
-1746	277	4036	506	886	-162
-2635	610	4839	415	960	-311
-2990	973	5812	314	802	-387
-3216	1527	6764	445	671	-410
-3332	1428	7534	644	132	109
-3076	621	6752	808	-761	91
-2832	-150	4320	682	-1174	-322
-2476	-367	2285	414	-484	-1027
-2460	-253	1570	341	743	-1490
-2554	227	1955	381	1520	-1631
-2353	723	2941	219	1791	-1477
-2132	1154	3800	-73	1415	-1197
-2315	1194	3985	-338	560	-577
-2201	812	3610	-656	-106	-229
-2068	427	3477	-937	-613	-84
-1682	-83	2838	-1081	-1112	-247
-1306	-516	1990	-1110	-1018	-687
-1228	-737	1759	-1052	-494	-1171
-1255	-613	1760	-844	-99	-1280
-1274	-424	2223	-674	328	-1220
-1379	54	2741	-631	394	-1077
-1453	432	3130	-623	217	-714
-1595	450	3362	-693	-213	-488
-1629	252	3360	-680	-551	-295
-1624	29	3272	-673	-711	-93
-1528	-111	3207	-611	-628	62
-1482	-243	3204	-572	-432	218
-1444	-342	3472	-491	-94	130
-1542	-344	3837	-416	-139	92
-1593	-356	3869	-345	-508	91
-1519	-345	3570	-352	-668	152
-1417	-419	3465	-329	-413	184
-1552	-492	3781	-227	18	184
-1980	-462	4384	-114	536	402
-2872	-269	5049	11	547	724
-3319	-14	5165	71	363	1109
-3206	-446	5221	-111	449	1182
-2826	-628	5240	-519	181	378
-2619	-98	4263	-587	-534	416
-2529	-43	2887	-308	-874	850
-2143	-322	2075	138	-501	1062
-2145	-237	1876	530	209	1004
-2139	-69	2318	621	842	881
-2169	-35	3190	585	1320	566
-2409	243	4194	685	1454	276
-2814	463	5097	750	812	465
-2762	337	5053	684	-461	741
-2325	296	4049	579	-1178	784
-1809	508	2925	508	-1334	838
-1376	530	2108	522	-896	991
-1079	434	1725	589	-186	1057
-1026	305	1878	562	670	1045
-1332	307	2389	524	1020	1087
-1657	183	3227	369	-291	292
-1657	183	3227	369	-291	292
-1657	183	3227	369	-291	292
-1657	183	3227	369	-291	292
-1561	310	3047	362	-525	64
-1489	477	3033	313	-397	2
-1641	561	3239	252	-163	-85
-1785	504	3591	201	33	-215
-1803	650	3986	132	45	-370
-1766	772	4106	146	-91	-287
-1911	736	4084	209	-76	-308
-1968	503	4048	302	200	-350
-2399	547	3975	117	377	-457
-2850	910	3818	-92	534	-382
-3056	1447	4336	-20	1000	-75
-3282	939	5563	336	1175	311
-3457	191	5998	636	78	85
-3120	-255	4303	493	-1048	-290
-2612	-350	2507	250	-1011	-960
-2293	123	1910	31	-216	-1492
-2046	602	2296	-188	613	-1886
-2161	1168	3309	-271	1150	-1532
-2354	1141	3981	-338	844	-837
-2305	1010	4060	-524	601	-308
-2323	1008	4312	-859	139	95
-2364	372	4068	-1198	-677	177
-1853	-214	3265	-1249	-1129	-169
-1545	-374	2626	-1165	-1120	-706
-1250	-335	1954	-1105	-1096	-766
-1720	113	3546	14	41	-207
-1724	167	3629	19	51	-114
-1743	184	3727	-10	45	-74
-1720	161	3753	-49	-2	-31
-1710	139	3708	-80	-75	19
-1642	109	3603	-108	-115	67
-1600	115	3565	-107	-82	104
-1604	100	3601	-98	-13	140
-1672	81	3762	-112	49	181
-1717	30	3811	-137	-13	187
-1737	-41	3701	-163	-98	162
-1709	-118	3515	-165	-116	112
-1672	-245	3354	-145	-28	15
-1758	-295	3387	-96	134	-82
-2003	-440	3469	-51	204	-188
-2044	-671	3497	-25	251	-451
-1798	-617	3528	-17	335	-682
-1555	-219	3617	30	301	-644
-1473	187	3700	87	336	-347
-1660	174	3933	72	317	-83
-1822	-45	4153	-10	321	-39
-1642	-111	4135	-146	245	-57
-1524	-27	4001	-300	129	-26
-1534	-95	3631	-423	194	-54
-1536	-137	3621	-521	286	-173
-1484	-26	3611	-560	243	-105
-1432	-27	3615	-571	230	16
-1390	-167	3604	-516	214	88
-1428	-301	3667	-463	236	93
-1444	-292	3809	-451	245	133
-1432	-212	4008	-426	167	246
-1373	-104	4112	-397	12	273
-1295	-43	4083	-385	-190	309
-1194	-89	3906	-364	-370	313
-1128	-155	3771	-336	-433	335
-1074	-236	3655	-254	-382	364
-1197	-269	3713	-205	-320	317
-1326	-349	3659	-247	-367	59
-1111	-164	3580	-265	-359	-138
-725	-56	3715	-228	-542	110
-482	-362	3690	-135	-929	431
-387	-525	3681	103	-1160	383
-399	-723	3867	449	-1226	384
-497	-1568	4159	652	-896	-39
-904	-1039	4276	533	-230	-537
-956	188	4183	233	494	-181
-999	496	4201	-210	1201	6
-1541	528	4358	-684	1724	55
-2442	-127	4474	-836	1936	325
-2871	-729	5638	-551	2380	527
-3885	-1421	7756	-637	2247	845
-4235	-1516	8384	-815	753	295
-3533	-1003	5650	-343	-1173	26
-2850	47	2887	228	-1488	504
-2076	313	1255	517	-890	1199
-1472	200	533	742	704	1221
-1835	-4	1565	720	2370	812
-2511	-288	3316	682	2845	477
-2682	-826	4559	942	2408	83
-3029	-468	5224	1091	1334	-156
-2771	-134	4781	1012	-177	-126
-2258	196	3790	931	-1089	124
-1753	353	2851	763	-1430	282
-1086	514	2090	739	-1103	395
-823	474	1723	765	-573	432
-925	609	1552	724	-102	494
-1047	676	1585	660	435	943
-1242	491	2063	599	775	1125
-1467	406	2747	566	801	1154
-1874	158	3318	465	593	966
-2061	68	3770	361	71	618
-2073	-62	3786	364	-548	345
-1970	-55	3651	370	-865	-93
-2007	174	3920	325	-705	-330
-2186	533	4634	166	-701	-497
-2259	868	4952	39	-874	-557
-2183	1167	4993	51	-827	-569
-2621	1329	4509	136	-875	-72
-2711	298	3896	405	-326	-68
-2826	-407	3912	659	373	-432
-2840	-664	3609	664	32	-999
-2971	-653	2661	351	-479	-1495
-2727	-635	1978	-47	-286	-2045
-2148	-80	2622	-209	184	-2203
-1825	768	3369	-184	342	-1934
-1837	1194	3986	-175	710	-1064
-2341	1409	4622	-399	723	-417
-2668	955	4570	-575	87	206
-2467	-3	4064	-722	-494	-3
-1741	-450	3194	-942	-806	-467
-1348	-545	2357	-1026	-638	-758
-1016	-345	1986	-1053	-160	-999
-970	-125	2009	-1044	169	-905
-1005	-78	2099	-991	142	-769
-979	-47	2042	-828	49	-713
-1020	-56	2201	-681	143	-688
-1136	-137	2598	-520	133	-584
-1133	-97	3087	-368	141	-271
-1311	-226	3654	-236	-30	102
-1554	-410	3975	-116	-170	311
-1804	-527	4339	-80	-330	251
-1852	-538	4461	-181	-498	139
-1944	-365	4476	-380	-424	93
-2217	-25	4564	-596	-20	273
-2758	16	5076	-556	220	593
-3508	-388	5335	-352	441	897
-3791	-1634	5429	-418	730	836
-2908	-1543	5468	-598	501	330
-2779	-686	4062	-350	-400	380
-2713	136	2481	163	-783	864
-2009	-164	1775	589	-350	994
-1756	-159	1989	774	219	667
-1716	-513	2634	877	1268	560
-1859	-662	4116	923	1809	-35
-2681	-103	4763	922	1332	-107
-2773	250	4689	891	360	176
-2356	386	4144	911	-506	526
-1740	417	3157	872	-1051	674
-1272	313	2286	887	-962	737
-958	235	1792	890	-615	762
-832	313	1538	805	-224	672
-800	381	1482	747	48	906
-1111	288	1765	536	501	964
-1513	425	2364	405	729	930
-1925	376	3104	296	799	739
-2152	321	3764	215	531	347
-2237	211	4297	143	215	72
-2298	88	4754	122	-26	-158
-2359	-139	5107	147	-200	-368
-2353	-62	5246	151	-601	-544
-1630	39	3158	218	566	230
-1849	175	3804	216	756	483
-1993	142	4432	75	596	538
-2026	58	4729	-148	129	516
-1876	-21	4242	-358	-381	484
-1575	-187	3622	-509	-415	467
-1353	-345	3391	-577	-71	417
-1325	-534	3483	-565	169	326
-1415	-650	3488	-494	278	195
-1482	-597	3506	-387	356	88
-1556	-495	3570	-298	418	76
-1579	-451	3604	-249	422	86
-1587	-471	3665	-196	382	59
-1550	-553	3655	-112	311	-11
-1582	-582	3694	43	296	-117
-1567	-438	3754	188	238	-169
-1502	-263	3801	259	172	-198
-1273	-26	3781	288	64	-139
-1233	232	3709	290	-43	36
-1495	312	3795	247	-97	354
-1968	127	3880	87	-64	561
-2245	-174	3862	-219	-91	461
-2139	-299	3522	-503	-243	311
-2038	-244	3091	-649	-345	158
-2116	-45	2769	-516	-122	240
-1811	-76	2844	-132	633	463
-1733	96	3621	84	1129	541
-1966	153	4393	99	755	656
-2135	80	4553	157	305	584
-2088	6	4508	317	185	632
-1800	162	4244	432	-5	560
-1666	64	3754	519	-125	436
-1567	192	3377	619	-19	322
-1406	315	3283	643	284	465
-1491	281	3435	625	427	594
-1485	187	3448	543	433	568
-1426	137	3429	432	341	385
-1429	187	3464	367	265	297
-1392	261	3629	253	326	279
-1445	203	3830	146	189	201
-1446	218	3852	34	-21	150
-1252	167	3601	32	-264	198
-1064	289	3446	-3	-177	180
-1063	324	3683	-122	-1	211
-1224	367	4042	-154	-1	198
-1475	454	4405	-141	-116	287
-1723	229	4511	32	-325	347
-1927	-341	4174	313	-330	14
-1936	-799	4188	428	265	-637
-2205	-644	4924	363	983	-1276
-3409	842	5579	89	1000	-1460
-3344	1823	5831	250	1063	-713
-3487	1596	6380	865	941	-44
-3010	542	5603	965	-180	185
-3079	-116	3701	666	-990	-82
-2845	-979	1939	257	-983	-879
-2396	-1434	902	-7	-171	-2127
-1903	-251	1088	-156	1078	-2710
-1799	816	1992	-139	2013	-2238
-2206	1224	3320	-76	2619	-1183
-2854	1305	4763	-134	2101	-133
-3096	648	5433	-289	586	362
-2616	-46	4678	-504	-797	39
-1926	-351	3511	-732	-1460	-580
-1311	-444	2364	-887	-1518	-961
-866	-333	1692	-965	-1120	-1099
-774	-210	1471	-915	-511	-937
-878	-369	1696	-842	-42	-815
-1215	-420	2118	-727	217	-834
-1401	-304	2674	-556	334	-856
-1500	-316	3372	-427	194	-839
-1563	-136	3866	-329	-218	-608
-1570	-210	3890	-206	-745	-198
-1452	-529	3639	-80	-980	-9
-1550	-727	3574	-7	-949	-206
-1678	-794	3601	42	-881	-423
-1729	-754	3653	-35	-627	-474
-1918	-262	3725	-194	-254	-299
-2432	107	3939	-280	148	182
-3227	34	4568	-160	360	648
-3906	-829	5129	-163	978	1108
-3614	-1370	5998	-330	935	568
-3297	-1203	5115	-445	-121	258
-2707	-430	3355	-245	-728	473
-2378	73	2218	214	-539	1012
-2095	252	1820	602	1	1090
-1834	205	2209	751	654	1094
-1913	-96	3058	807	1476	923
-2317	-125	4281	801	1777	520
-2961	-61	4979	675	966	360
-2751	247	4496	546	-199	537
-2192	261	3499	474	-841	792
-1699	312	2492	486	-893	865
-1272	143	1876	507	-501	936
-1068	186	1700	505	63	908
-1182	440	1880	489	432	1022
-1404	443	2209	371	536	1212
-1577	496	2655	212	527	1253
-1811	376	3124	104	346	1199
-1939	255	3327	37	-139	834
-1828	12	3235	14	-304	539
-1788	-176	3488	-16	-107	210
-2087	-300	4132	-20	70	-120
-2334	-422	4807	105	1	-451
-2433	-245	5117	232	-363	-713
-2447	286	5125	250	-687	-791
-2903	1465	4588	79	-862	-599
-2783	1603	3901	187	-233	-85
-3261	933	3384	457	395	-5
-2806	16	3162	365	462	-344
-3103	-747	2790	64	174	-617
-2699	-1297	2583	-207	254	-1266
-2516	-970	3325	-287	485	-1696
-2309	288	3858	-186	450	-1713
-2241	1364	4280	-347	562	-1145
-2392	1741	4138	-620	190	-451
-2485	1164	3523	-861	-356	93
-2000	152	2923	-1044	-595	135
-1428	-471	2399	-1129	-683	-92
-1077	-696	1960	-1079	-435	-182
-933	-528	1676	-997	-248	-264
-1013	-289	1523	-917	-36	-212
-996	-249	1642	-796	110	-209
-1239	-168	1927	-680	174	-164
-1244	-194	2387	-489	288	-87
-1445	-214	3247	-270	245	40
-1906	-449	3911	-78	14	394
-1991	-642	4229	-98	-149	433
-1791	-659	4427	-178	-184	260
-1926	-385	4445	-248	-208	65
-1550	-25	3708	-60	-137	172
-1575	-50	3757	-105	-101	108
-1575	-35	3779	-148	-94	56
-1569	-21	3735	-157	-88	17
-1545	-30	3688	-151	-75	-27
-1521	-32	3584	-133	-60	-53
-1467	-24	3556	-121	40	-85
-1477	17	3595	-119	157	-68
-1528	8	3676	-115	213	-38
-1530	27	3724	-110	212	-52
-1549	19	3748	-102	152	-81
-1609	2	3633	-84	86	-107
-1546	-29	3536	-51	117	-133
-1534	31	3636	-12	184	-150
-1613	43	3704	36	138	-70
-1723	-130	3658	97	69	-117
-1836	-332	3467	150	-47	-291
-1805	-518	3189	238	53	-509
-1748	-606	3234	329	308	-682
-1815	-543	3527	366	643	-819
-1716	-196	3957	408	534	-755
-1590	249	4194	360	323	-507
-1784	502	4640	155	142	-212
-1609	497	4724	-50	-132	-5
-1344	293	4399	-294	-527	75
-1232	80	3915	-527	-547	44
-1128	-127	3572	-712	-294	3
-1106	-197	3409	-804	-95	-45
-1117	-124	3339	-843	205	-5
-1115	-92	3503	-799	424	68
-1241	-105	3818	-734	431	156
-1241	-269	3984	-666	227	247
-1245	-294	4054	-581	20	232
-1153	-244	3966	-497	-210	270
-979	-230	3787	-416	-279	257
-932	-200	3678	-330	-191	267
-836	-191	3593	-275	-111	252
-835	-275	3558	-223	-39	233
-934	-412	3583	-118	83	216
-911	-439	3613	-37	174	169
-869	-269	3741	56	341	218
-870	-276	3771	72	370	229
-784	-352	3812	58	366	135
-956	-338	3900	73	376	159
-1141	-291	3957	91	376	182
-1238	-343	3975	84	399	210
-1355	-535	4030	10	469	176
-1537	-599	4207	-126	574	139
-1989	-535	4347	-213	757	150
-2391	-622	4886	-230	966	141
-2774	-1168	6035	-206	1169	69
-3209	-1059	7308	-374	1118	-308
-3415	-661	7121	-587	115	-328
-3193	-697	4944	-319	-755	-187
-2658	74	2845	23	-564	373
-2246	320	1569	282	365	1101
-1832	188	1224	432	1715	1063
-2472	158	2228	387	2659	790
-2858	-125	3692	304	2495	619
-2909	-552	4794	580	2038	496
-3008	-545	5371	645	860	319
-2660	-255	4581	641	-516	352
-2055	9	3490	754	-1076	611
-1481	413	2576	810	-1083	804
-1074	567	1980	885	-731	1103
-856	495	1690	871	-312	1256
-835	583	1587	758	43	1290
-1027	462	1724	574	441	1442
-1098	215	2151	453	626	1385
-1282	16	2636	362	578	1298
-1537	-86	3053	173	354	1058
-1747	-22	3414	63	-9	818
-1774	-122	3574	73	-367	477
-1780	-238	3603	142	-718	27
-1770	-18	3644	153	-831	-256
-1890	361	3929	65	-807	-296
-2038	576	4117	125	-942	-194
-2255	381	3974	334	-876	-191
-2462	243	4029	454	-373	-349
-2962	528	4653	267	197	-519
-3647	922	5588	348	902	-581
-3662	852	6334	714	716	-508
-3500	623	5160	865	-428	-446
-2834	-223	3221	665	-870	-943
-2308	-609	2108	274	-768	-1837
-2105	-434	1602	-82	-372	-2369
-1663	356	1991	-269	407	-2277
-1567	779	2909	-305	1169	-1444
-1968	907	3942	-256	1378	-721
-2449	985	4605	-274	1037	-66
-2798	592	4623	-363	253	94
-2441	-231	3969	-573	-533	-454
-1863	-672	3035	-783	-843	-1058
-1458	-838	2290	-860	-722	-1421
-1024	-751	1904	-800	-399	-1654
-975	-583	1810	-689	-98	-1714
-1030	-290	1884	-581	155	-1721
-1216	-49	2164	-395	309	-1595
-1385	196	2547	-286	316	-1485
-1413	197	3169	-186	178	-1142
-1496	168	3613	-98	-188	-800
-1590	60	3689	7	-553	-249
-1445	-583	3562	-44	-686	-113
-1403	-937	3683	-67	-465	-345
-1723	-957	3959	-21	-323	-471
-1865	-833	4034	-72	-252	-465
-2131	-648	4138	-165	45	-325
-2843	-498	4579	-126	223	-51
-3470	-546	4741	-79	593	538
-3328	-1260	5416	-44	1076	511
-3526	-1128	5551	-124	683	155
-3363	-340	4422	3	-169	439
-2664	401	3117	172	-418	1130
-2250	508	2399	412	-56	1362
-2113	628	2545	539	385	1322
-2156	150	3116	548	674	1251
-2238	-90	3563	655	-334	463
-2238	-90	3563	655	-334	463
-2238	-90	3563	655	-334	463
-2238	-90	3563	655	-334	463
-1861	172	3017	673	-597	551
-1447	426	2407	638	-774	594
-1219	692	1834	629	-688	863
-1148	837	1494	528	-332	1082
-1130	957	1588	416	102	1379
-1211	654	1914	356	376	1686
-1535	118	2450	211	567	1555
-1753	-150	3071	78	480	1213
-1990	-50	3648	-16	147	965
-2144	-144	3724	28	-386	706
-1426	-308	3564	-165	-86	-171
-1426	-308	3564	-165	-86	-171
-1426	-308	3564	-165	-86	-171
-1426	-308	3564	-165	-86	-171
-1383	-291	3476	-109	-39	-183
-1404	-176	3347	-35	24	-100
-1425	-54	3431	35	179	35
-1595	12	3691	82	216	146
-1687	97	3921	99	118	284
-1641	100	3923	62	-13	347
-1530	143	3864	-28	-7	369
-1582	139	3875	-127	-23	356
-2093	-191	3047	-556	360	792
-2093	-191	3047	-556	360	792
-2093	-191	3047	-556	360	792
-2093	-191	3047	-556	360	792
-2093	-191	3047	-556	360	792
-2093	-191	3047	-556	360	792
-2093	-191	3047	-556	360	792
-2093	-191	3047	-556	360	792
-2093	-191	3047	-556	360	792
-2093	-191	3047	-556	360	792
-2093	-191	3047	-556	360	792
-2093	-191	3047	-556	360	792
-1733	-35	3360	-355	807	792
-1653	-40	3921	-174	873	805
-1835	-107	4602	23	618	686
-1779	51	5017	252	280	576
-1770	348	5160	400	-243	633
-1633	252	4538	374	-851	553
-1384	319	3739	399	-902	495
-1218	344	3264	410	-588	560
-1002	296	2903	412	-134	622
-1104	362	2958	365	468	657
-1226	368	3268	323	786	672
-1433	354	3570	278	819	612
-1502	332	3747	176	742	537
-1555	353	4091	72	498	509
-1491	384	4041	9	92	560
-1331	349	3743	-64	-143	607
-1184	231	3542	-146	-170	532
-1061	191	3452	-191	-91	384
-1000	112	3560	-214	71	263
-1057	29	3934	-224	124	79
-1103	133	4204	-151	-97	8
-1028	332	4170	-23	-292	78
-990	525	4083	105	-294	228
-1251	479	4138	224	-98	218
-1942	404	4258	207	29	-3
-2650	625	4422	176	395	-151
-3067	900	5795	200	1119	-193
-3578	775	7548	312	935	-238
-3455	445	7646	652	-298	-157
-3157	-155	5128	631	-1280	-483
-2558	-509	2636	465	-908	-1308
-2264	-481	1587	438	117	-1843
-2401	-185	1397	428	942	-1936
-2248	158	2143	270	1692	-1911
-1893	760	3409	64	1762	-1680
-2225	971	4213	-14	1405	-1036
-2611	907	4668	-71	625	-402
-2304	639	4165	-207	-223	47
-1962	166	3282	-379	-511	-193
-1425	-180	2467	-597	-223	-621
-1196	-429	2183	-832	240	-933
-1106	-451	2158	-964	487	-1140
-1142	-348	2311	-932	514	-1251
-1264	-320	2559	-898	279	-1334
-1231	-295	2591	-847	-9	-1291
-1255	-221	2800	-733	-112	-1189
-1398	-103	3052	-558	-226	-943
-1508	-115	3145	-494	-228	-851
-1597	-69	3350	-389	-184	-540
-1529	-258	3423	-169	-272	-342
-1440	-296	3630	-97	-195	-216
-1598	-409	3862	-67	-312	-291
-1799	-632	3893	-62	-590	-319
-2929	-365	4541	-96	395	341
-2929	-365	4541	-96	395	341
-2929	-365	4541	-96	395	341
-2929	-365	4541	-96	395	341
-3319	-913	4924	-67	716	526
-3369	-1650	5226	-136	867	86
-3585	-1135	5019	-202	356	-203
-3112	-18	3929	-72	-149	325
-2868	475	2877	185	-139	976
-2565	661	2237	278	97	1104
-2246	569	2164	326	706	1356
-2246	-223	2865	358	1178	1212
-2484	-457	3923	425	1351	823
-2651	-690	4549	540	847	658
-2758	-468	4407	614	123	361
-2431	116	3840	605	-384	541
-2012	421	3100	550	-490	763
-1605	763	2548	449	-389	844
-1242	817	2129	406	-100	1137
-1068	738	1931	360	167	1441
-1122	578	1929	297	372	1701
-1224	432	2132	192	282	1818
-1320	191	2354	119	63	1789
-1454	-13	2536	27	-60	1584
-1567	-7	2892	-115	-114	1267
-1813	-177	3297	-153	-271	803
-1910	-316	3550	-150	-256	238
-1937	-234	3969	-49	-254	-250
-2045	108	4370	18	-455	-461
-2205	413	4513	67	-644	-406
-2426	565	4642	120	-628	-289
-2984	787	4807	-32	-494	-328
-3400	1164	4778	78	334	-107
-3655	980	5280	375	769	-87
-3566	468	4882	624	249	-164
-3178	-357	3526	481	-315	-690
-2636	-993	2405	78	-360	-1540
-2368	-997	2029	-288	-1	-2238
-1992	-40	2571	-348	459	-2338
-1855	914	3193	-326	785	-1701
-1990	1443	3998	-319	1098	-854
-2341	1675	4481	-407	581	216
-2657	803	4302	-596	-145	687
-2281	-33	3600	-820	-749	321
-1806	-388	2853	-1054	-1028	-217
-1252	-437	2078	-1121	-961	-427
-1030	-435	1699	-1016	-585	-384
-1066	-480	1578	-870	-184	-280
-1012	-533	1634	-737	239	-346
-1062	-279	2103	-655	481	-452
-1370	-31	2826	-574	326	-265
-1678	68	3362	-580	-265	-104
-1660	233	3391	-534	-695	216
-1736	-108	3683	75	-121	167
-1763	-102	3721	86	-160	194
-1776	-71	3760	71	-220	238
-1744	-106	3767	38	-277	265
-1811	-214	3765	-24	-302	167
-1885	-321	3657	-78	-299	51
-1854	-531	3556	-95	-210	-143
-1803	-658	3508	-66	-131	-355
-1717	-571	3431	0	-17	-514
-1655	-400	3332	83	157	-502
-1589	-245	3569	147	289	-451
-1802	-1	3850	164	236	-262
-1889	160	4091	53	195	-144
-1786	218	4153	-125	-63	-17
-1676	6	3820	-273	-257	53
-1566	-160	3600	-325	-197	44
-1518	-323	3594	-345	-68	10
-1512	-366	3665	-356	-37	-48
-1498	-344	3671	-336	-42	-76
-1462	-235	3644	-306	-73	-51
-1441	-210	3599	-272	-30	-3
-1471	-246	3635	-241	30	31
-1446	-293	3696	-215	52	39
-1427	-233	3678	-231	108	55
-1431	-163	3709	-255	131	82
-1470	-104	3738	-275	150	128
-1454	-147	3765	-291	158	173
-1385	-273	3824	-295	155	181
-1357	-332	3889	-293	108	149
-1352	-343	3802	-309	26	115
-1395	-153	3777	-307	44	180
-1386	-90	3784	-321	25	303
-1315	-153	3728	-331	6	346
-1247	-197	3706	-338	37	369
-1213	-256	3682	-334	59	414
-1106	-407	3625	-317	73	354
-994	-561	3608	-258	135	231
-1034	-562	3672	-172	222	135
-1016	-604	3665	-109	272	46
-1017	-393	3699	-75	321	-19
-1038	-291	3765	-34	381	15
-1080	-290	3811	-10	420	-4
-1192	-315	3862	-42	390	-11
-1375	-348	3863	-89	411	30
-1428	-437	3937	-184	447	21
-1447	-366	4000	-305	413	98
-1583	-211	4003	-475	385	260
-1695	-233	3892	-565	465	532
-2119	-795	3859	-475	859	555
-2626	-1124	4630	-186	1647	472
-3574	-1338	6449	-128	2176	500
-4086	-1247	8117	-404	1143	32
-3718	-913	7043	-551	-711	-270
-3020	-322	4522	-347	-1687	1
-2411	469	2258	-139	-1547	713
-2145	469	730	221	-435	1316
-2099	-197	566	700	1727	1509
-2648	-239	1975	620	2777	1255
-2849	-268	3625	566	2783	873
-3327	-184	5034	683	2013	513
-3330	-200	5481	766	347	360
-2785	-294	4614	954	-1071	485
-2144	-411	3379	1075	-1817	704
-1596	-517	2151	1033	-1852	586
-1123	-352	1411	989	-1199	334
-870	15	1250	1039	-320	181
-980	287	1597	1056	485	118
-1244	303	2211	1054	873	191
-1582	252	2919	953	680	209
-1796	179	3346	781	27	101
-1775	181	3261	624	-650	-1
-1666	248	3004	421	-946	-152
-1508	320	2887	272	-965	-311
-1583	393	2949	188	-774	-454
-1684	462	3212	140	-517	-462
-1864	390	3723	60	-341	-436
-1939	512	4205	4	-439	-350
-1955	395	4216	109	-574	-217
-2081	-19	4029	271	-480	-376
-2473	-132	3931	242	-331	-664
-2872	280	4232	8	-23	-789
-3265	1070	5245	160	757	-636
-3529	1280	6653	513	778	-36
-3701	722	6158	711	-474	312
-3220	-198	3771	443	-1195	-33
-2502	-517	2084	70	-878	-819
-2153	-552	1326	-116	-147	-1096
-1992	-139	1558	-265	845	-1395
-2057	347	2800	-353	1499	-1293
-2207	726	3781	-323	1287	-735
-2398	806	4369	-362	795	-211
-2596	739	4582	-506	-30	88
-2280	532	4001	-629	-905	277
-1859	-79	3122	-798	-1269	201
-1332	-523	2267	-888	-1089	-135
-1102	-728	1710	-897	-613	-420
-1001	-485	1707	-920	-22	-653
-1063	-267	1890	-837	290	-631
-1148	-108	2271	-710	433	-588
-1362	-119	2685	-549	281	-458
-1418	-302	2974	-347	-4	-401
-1557	-399	3239	-157	-232	-355
-1424	-547	3304	6	-393	-251
-1389	-396	3444	214	-365	-68
-1440	-203	3612	303	-332	80
-1491	-304	3753	157	-361	-148
-1658	-226	3777	25	-302	-326
-1647	-199	3903	-64	-113	-273
-1735	-259	4191	-178	83	-285
-2107	-87	4556	-301	177	-42
-2856	-260	4803	-292	198	372
-3656	-841	4857	-132	291	437
-3539	-1258	5241	-210	1043	422
-3294	-1295	5809	-547	976	-128
-3178	-478	5045	-633	-9	-455
-3041	497	3315	-384	-919	5
-2550	579	1796	176	-744	1006
-1931	138	1556	635	533	1533
-1717	-256	2384	681	1363	1484
-2087	-826	3465	667	1791	745
-2626	-862	4779	828	1710	-5
-2948	-801	5079	919	424	-369
-2520	-276	4022	941	-788	-315
-1921	128	2821	857	-1217	-153
-1388	403	1928	827	-970	-18
-1096	684	1468	833	-320	126
-1045	854	1417	807	272	403
-1206	868	1634	674	633	831
-1389	493	2196	508	713	1070
-1517	49	2791	316	358	1040
-1471	-87	3947	-9	-87	116
-1422	-115	3991	-2	-179	127
-1494	-147	3979	24	-298	180
-1583	-305	3902	3	-358	176
-1545	-507	3875	-104	-235	-40
-1480	-470	3931	-186	-153	-245
-1565	-407	3778	-202	-259	-370
-1536	-152	3705	-171	-327	-409
-1709	136	3691	-198	-389	-282
-1969	245	3686	-263	-507	-28
-2040	131	3537	-345	-573	173
-1958	-44	3443	-422	-536	256
-2012	-118	3513	-427	-467	315
-2180	-127	3513	-285	-409	378
-2182	-45	3409	-115	-249	507
-2019	9	3289	-1	-113	619
-1891	-1	3164	29	37	597
-1876	-39	3241	77	138	526
-1922	-105	3615	136	253	361
-1971	-157	4003	262	329	240
-1891	17	4145	416	258	61
-1736	152	4049	522	101	59
-1710	122	3932	603	-119	81
-1579	189	3651	664	-340	149
-1427	295	3288	667	-281	231
-1316	187	3109	581	-72	151
-1260	219	3078	502	214	59
-1294	276	3383	402	544	27
-1506	436	3858	295	582	55
-1599	549	4167	210	335	168
-1622	532	4201	152	-46	308
-1500	389	4001	132	-321	432
-1339	191	3761	141	-432	465
-1094	188	3528	108	-342	484
-1037	228	3395	43	-144	534
-996	331	3405	-53	109	504
-1088	447	3691	-175	284	520
-1260	341	3952	-263	188	520
-1285	147	4069	-333	-27	347
-1231	-59	4020	-352	-232	142
-1118	-176	3913	-344	-372	-76
-962	-113	3743	-331	-398	-265
-850	25	3597	-274	-267	-392
-838	230	3740	-209	-40	-392
-911	410	3954	-144	122	-298
-1200	535	4157	-86	199	-166
-1693	622	4051	-55	187	-46
-2136	442	4070	59	524	-30
-2375	-61	4674	295	926	-274
-2614	23	5697	559	1154	-514
-3121	247	6713	725	1056	-381
-3202	292	6925	770	412	-588
-3020	289	5679	988	-228	-514
-2527	115	3829	920	-354	-730
-2162	118	2425	645	78	-1019
-2278	-116	1808	364	631	-1324
-2484	-227	1804	185	1182	-1611
-2012	-60	2502	184	1610	-1576
-1845	341	3318	221	1419	-1340
-2109	668	4050	90	968	-1023
-2164	872	4326	-102	307	-493
-2252	701	4199	-271	-334	-226
-2011	304	3467	-320	-924	-174
-1505	-346	2711	-419	-808	-485
-1193	-721	2272	-468	-370	-898
-1155	-599	2289	-511	208	-1153
-1276	-333	2648	-520	512	-1207
-1340	61	3013	-457	411	-1038
-1436	218	3154	-474	104	-801
-1368	291	3019	-489	-128	-575
-1331	314	2925	-550	-260	-314
-1263	148	2929	-523	-281	-108
-1276	10	3114	-374	-216	112
-1272	-270	3355	-153	-245	254
-1107	-363	3613	-27	-214	289
-1182	-342	3815	48	-252	319
-1168	-299	3801	2	-448	201
-1157	-296	3731	-116	-423	42
-1212	-271	3840	-281	-147	-148
-1500	-216	4104	-451	144	-130
-2188	-374	4425	-600	212	-47
-3031	-370	4467	-681	157	112
-3561	-625	4814	-737	423	354
-3810	-1267	5961	-615	1043	163
-3627	-977	6571	-629	200	111
-3049	-275	4626	-557	-772	429
-2317	99	2663	-249	-643	984
-2020	60	1814	132	31	1240
-2049	-377	1714	556	651	1308
-2035	-812	2537	694	1250	692
-2098	-769	3463	825	1642	181
-2429	-444	4460	925	1538	12
-2802	-120	4770	927	647	158
-2672	419	4350	827	-337	404
-2350	688	3399	705	-788	766
-1863	827	2576	533	-799	734
-1509	814	1998	388	-447	891
-1340	609	1735	348	87	1166
-1272	365	1734	313	519	1318
-1347	182	2028	333	773	1300
-1454	79	2505	359	767	1384
-1494	107	2970	274	442	1254
-1676	227	3256	174	26	988
-1758	139	3312	146	-393	653
-1748	-30	3270	64	-580	137
-1752	-15	3398	103	-476	-120
-1898	-18	3838	144	-368	-228
-2106	211	4339	68	-255	-363
-2286	575	4904	-24	-146	-379
-2512	796	5329	-51	-189	-385
-3412	1509	4880	-130	-394	113
-3017	762	4417	196	131	382
-3088	162	4444	633	719	287
-2857	-555	4140	712	293	-113
-2917	-952	3222	451	-153	-737
-2702	-1001	2674	176	-206	-1461
-2492	-321	2626	-114	-3	-2004
-1975	820	3131	-313	215	-2086
-1790	1554	3379	-400	259	-1453
-1912	1705	3773	-528	309	-534
-2097	1347	3928	-706	-192	302
-2205	641	3603	-932	-622	657
-1914	-267	3037	-1111	-1024	394
-1417	-1025	2244	-1228	-1009	-305
-1118	-1176	1720	-1251	-570	-832
-1044	-1079	1664	-1044	112	-1067
-1274	-677	2183	-761	579	-1169
-1609	-251	2884	-496	597	-1170
-1760	7	3354	-305	136	-1074
-1740	59	3408	-220	-398	-924
-1380	242	3295	301	164	285
-1380	242	3295	301	164	285
-1378	165	3312	162	258	217
-1415	120	3467	54	360	170
-1446	111	3689	6	423	126
-1500	125	3899	-26	360	85
-1495	163	3974	-65	203	93
-1398	173	3914	-103	62	140
-1245	226	3776	-122	40	222
-1184	195	3708	-113	125	290
-1147	96	3788	-98	230	265
-1136	40	3971	-86	237	248
-1092	61	4113	-57	122	214
-1105	77	4114	-9	-73	193
-1133	18	4044	19	-209	83
-1122	47	3886	104	-257	-33
-1352	64	3824	242	-247	-90
-2062	92	3764	366	-330	-243
-2415	319	3419	501	-125	-95
-2140	421	3806	648	140	153
-2458	409	4373	605	-104	297
-2750	-301	4448	478	-392	-171
-2579	-613	3787	462	-781	-828
-2130	-412	2690	539	-723	-1083
-1809	109	2172	432	-55	-1087
-1742	607	2711	253	784	-829
-1944	749	3913	63	1183	-588
-2263	264	4849	-110	793	-424
-2345	-423	4668	-335	100	-600
-2220	-725	4088	-469	-384	-993
-1741	-488	3488	-529	-570	-1293
-1290	-95	2982	-519	-343	-1339
-1047	272	2799	-519	150	-1224
-1062	485	2922	-557	728	-980
-1304	487	3502	-615	1040	-733
-1500	392	4077	-646	864	-460
-1516	222	4461	-610	336	-188
-1319	-12	4177	-530	-321	45
-1146	-221	3589	-404	-624	174
-947	-267	3069	-325	-493	197
-761	-405	2953	-223	-44	97
-752	-332	3328	-113	401	-50
-1050	-237	3999	-89	417	-125
-1196	-316	4286	-149	-27	-230
-1225	-263	4184	-202	-365	-194
-1184	-165	4063	-215	-415	1
-1333	-154	4119	-282	-334	189
-1665	-110	4167	-417	-111	320
-2131	-124	4508	-581	285	435
-3186	-299	5143	-369	687	707
-3498	-812	6099	-258	1247	1097
-4044	-1515	7277	-690	1310	496
-3595	-923	6609	-858	-294	121
-3013	-291	3703	-515	-1252	334
-2532	113	1717	-35	-880	906
-2069	-62	677	275	202	1142
-1914	-580	880	576	1754	1072
-2321	-348	2102	649	2884	733
-2668	-416	3701	735	2970	620
-3144	-248	4968	786	2041	354
-3080	-83	5150	780	448	381
-2621	33	4350	800	-826	630
-2049	237	3220	757	-1486	748
-1552	391	2190	692	-1368	846
-1042	325	1835	589	44	900
-1042	325	1835	589	44	900
-1182	265	2078	548	499	907
-1347	254	2555	531	781	1011
-1590	381	3185	415	632	1000
-1749	400	3479	351	51	977
-1692	321	3333	243	-414	790
-1620	325	3195	168	-723	596
-1710	201	2977	131	-811	452
-1678	57	2975	138	-562	220
-1839	-9	3217	158	-360	19
-1855	135	3529	124	-235	-352
-1978	375	3908	129	-10	-546
-2312	498	4642	82	401	-623
-3331	865	5617	8	349	-634
-3703	1210	5952	284	147	-113
-3524	1007	5898	611	-314	14
-2816	281	4455	622	-993	-223
-2427	-524	2745	440	-1070	-807
-2163	-1006	1824	201	-510	-1459
-2243	-714	1642	39	217	-1922
-2116	118	2287	-71	991	-2031
-1949	872	3254	-131	1334	-1646
-2245	1248	4051	-246	1268	-1145
-2534	1489	4580	-427	641	-526
-2641	1001	4393	-730	-237	-205
-2270	535	3753	-952	-958	-93
-1823	-240	2958	-1086	-1299	-140
-1522	-774	2111	-1166	-1196	-553
-1237	-898	1562	-1115	-615	-797
-1079	-788	1500	-1012	185	-883
-1303	-514	1909	-837	682	-954
-1517	-335	2513	-569	839	-884
-1724	-441	3285	-390	580	-928
-1978	-381	3612	-300	-108	-886
-2094	-278	3450	-319	-550	-623
-1858	-92	3074	-356	-656	-336
-1575	134	2782	-384	-338	-59
-1647	-91	2958	-408	128	171
-1799	-726	3403	-429	382	70
-1967	-836	3970	-321	444	-16
-2113	-764	4628	-156	307	279
-2160	-571	5139	-15	-29	389
-2662	-259	4924	182	-500	711
-3216	-337	3972	308	-596	1009
-3263	-573	3621	196	334	921
-3012	-1120	4399	-156	983	269
-2894	-608	4616	-338	383	-350
-2926	120	3698	-65	-537	225
-2674	41	2572	254	-648	742
-2135	-177	2234	505	-117	909
-2026	-385	2428	577	551	771
-2094	-354	3255	616	1504	461
-2195	-280	4300	644	1469	153
-2841	-190	4806	741	744	34
-2881	157	4562	775	-282	294
-2458	375	3715	734	-1032	509
-1788	449	2604	712	-1228	588
-1235	442	1950	782	-828	756
-1099	474	1722	752	-218	886
-1246	406	1943	706	210	990
-1355	378	2304	614	269	999
-1632	315	2702	432	41	1059
-1704	184	2913	318	-217	928
-1682	-24	3007	205	-306	646
-1738	-186	3165	140	-310	261
-1636	-85	3549	7	27	9
-1636	-85	3549	7	27	9
-1636	-85	3549	7	27	9
-1616	-45	3677	9	113	-18
-1595	88	3857	-1	80	26
-1560	188	3899	-19	-63	126
-1545	178	3827	-46	-178	208
-1523	112	3747	-57	-228	247
-1502	31	3669	-54	-184	266
-1533	-30	3658	-63	-102	251
-1531	11	3666	-86	-50	264
-1508	39	3653	-116	-21	289
-1612	34	3675	-147	7	266
-1612	34	3675	-147	7	266
-1612	34	3675	-147	7	266
-1612	34	3675	-147	7	266
-1629	113	3562	-177	2	309
-1660	155	3481	-204	57	379
-1760	223	3446	-212	186	496
-1803	408	3333	-228	397	723
-1736	436	3397	-290	550	985
-1624	292	3713	-323	598	1026
-1555	128	4099	-331	478	967
-1635	-74	4306	-281	359	847
-1653	-151	4390	-143	293	660
-1495	-162	4241	37	147	505
-1462	-128	4003	238	59	436
-1489	-116	3688	372	-23	339
-1358	120	3241	424	99	259
-1219	200	3072	460	534	347
-1320	164	3398	481	877	370
-1484	193	3884	476	902	351
-1534	173	4182	453	601	280
-1479	371	4149	395	156	235
-1366	419	3950	291	-102	239
-1190	347	3714	199	-170	184
-1037	226	3548	138	-92	138
-910	150	3504	66	96	96
-939	211	3584	-8	259	59
-989	317	3776	-71	328	109
-1017	310	3993	-113	288	179
-1064	267	4210	-118	91	186
-1014	90	4308	-60	-205	118
-953	44	4317	-3	-483	-36
-786	150	4125	48	-620	-113
-724	328	3980	102	-534	-119
-1054	449	3981	141	-375	-149
-1682	371	3868	267	-184	-213
-2282	99	3880	408	235	-439
-2553	297	4675	457	819	-592
-3037	960	6302	490	1197	-279
-3680	870	7930	598	785	-144
-3405	733	7630	664	-929	-266
-2873	222	4820	552	-1805	-600
-2268	-259	2495	316	-1179	-1235
-1987	-378	1479	153	68	-1782
-2110	-29	1392	148	1305	-1723
-2301	-65	2234	134	2148	-1567
-2314	250	3497	-70	2153	-1724
-2496	720	4443	-228	1492	-1442
-2648	797	4841	-245	408	-809
-2488	579	4478	-308	-726	-366
-1933	222	3384	-459	-1351	-259
-1584	53	2447	-581	-1194	-347
-1233	-199	1913	-721	-734	-587
-1043	-318	1766	-691	-76	-742
-1112	-295	2082	-637	453	-773
-1289	-140	2530	-637	527	-804
-1402	79	3191	-531	-376	-242
-1402	79	3191	-531	-376	-242
-1402	79	3191	-531	-376	-242
-1300	-93	3093	-445	-580	-55
-1269	-231	3013	-346	-602	13
-1238	-369	3101	-235	-547	103
-1220	-454	3236	-141	-490	148
-1210	-351	3537	2	-417	160
-1258	-398	3874	130	-362	169
-1293	-424	4074	150	-464	-114
-1322	-445	3964	51	-606	-226
-1203	-539	3713	-67	-360	-445
-1577	-364	3753	-112	80	-402
-2208	173	4021	-126	543	0
-2955	169	4823	-101	1003	672
-3441	-456	6327	-335	1384	733
-3612	-890	7100	-665	626	409
-3379	-958	5848	-952	-471	-73
-2517	-57	3888	-780	-1018	383
-1920	121	2322	-377	-887	1068
-1503	-61	1517	137	112	1380
-1420	-222	1627	467	1416	1265
-1782	-328	2491	569	2111	878
-2136	-601	3640	693	2453	573
-2529	-608	4842	703	1807	143
-2775	-338	5056	672	621	146
-2446	126	4372	678	-467	261
-2013	490	3470	647	-1001	482
-1561	774	2517	578	-1079	680
-1156	723	1902	604	-659	1019
-1134	486	1590	629	-103	1283
-1099	306	1549	583	479	1472
-1156	45	1945	448	1012	1431
-1445	-203	2696	334	1080	1207
-1638	-170	3313	261	645	838
-1790	97	3675	280	74	654
-1928	127	3714	349	-496	412
-1879	-65	3587	375	-586	-101
-1649	137	3813	378	-280	-404
-1835	285	4413	340	-274	-482
-2027	372	4499	344	-511	-539
-2202	617	4598	292	-365	-563
-2846	923	4704	184	-40	-471
-3222	1173	4622	180	425	-24
-3548	757	4989	607	1058	-120
-3517	396	5194	772	564	-154
-3164	6	3934	482	-318	-635
-2817	-387	2599	58	-601	-1193
-2483	-415	2043	-286	-376	-1637
-1854	172	2237	-397	159	-1653
-1616	866	2783	-349	679	-1096
-1778	1121	3452	-401	1034	-485
-2149	1127	4122	-597	899	-99
-2474	663	4186	-730	87	299
-2411	-378	3817	-877	-646	-108
-1908	-983	3091	-918	-1144	-862
-1299	-1138	2283	-916	-1148	-1409
-968	-1001	1683	-859	-754	-1698
-829	-530	1498	-716	-177	-1797
-1093	-40	1762	-486	387	-1582
-1409	170	2413	-383	522	-1341
-1549	322	3046	-197	322	-1024
-1768	-121	3990	-1	-192	100
-1768	-121	3990	-1	-192	100
-1768	-121	3990	-1	-192	100
-1569	-115	3725	17	-301	23
-1470	-67	3540	9	-190	-55
-1448	-37	3525	-1	-3	-91
-1472	30	3689	-17	106	-92
-1517	95	3752	-35	89	-45
-1491	154	3725	-50	84	3
-1509	85	3741	-54	79	45
-1618	-113	3704	-52	39	22
-1635	-269	3653	-35	18	-69
-1729	-373	3630	23	12	-140
-1701	-500	3426	131	35	-237
-1587	-432	3503	221	161	-416
-1623	-268	3693	230	264	-463
-1725	3	3893	180	251	-510
-1726	318	4026	134	137	-329
-1645	528	3960	-10	137	-82
-1565	575	4006	-198	164	153
-1511	506	3966	-386	40	306
-1459	314	3839	-531	8	388
-1404	22	3696	-592	7	407
-1323	-251	3557	-616	120	321
-1353	-386	3463	-591	204	258
-1320	-425	3436	-543	434	241
-1416	-380	3714	-527	630	180
-1538	-243	4108	-527	574	139
-1493	-189	4278	-530	237	94
-1394	-46	4156	-522	-69	168
-1232	21	3939	-519	-233	291
-1101	-25	3712	-489	-252	406
-978	-105	3607	-453	-98	404
-985	-249	3657	-390	81	405
-986	-345	3825	-339	101	327
-958	-455	3791	-271	11	303
-937	-491	3708	-151	17	228
-922	-518	3718	-59	101	119
-907	-371	3907	63	191	67
-917	-154	4036	111	53	98
-822	-116	3787	139	-34	90
-700	-239	3512	169	133	-7
-743	-245	3579	216	349	-72
-855	-250	3755	225	504	-120
-1024	-304	3928	218	586	-135
-1212	-483	4140	180	584	-241
-1492	-624	4257	51	561	-407
-2013	-663	4415	-85	608	-531
-2574	-316	4688	-201	831	-502
-2756	-314	5693	-324	991	-317
-3410	-484	6900	-470	1098	-380
-3481	-486	7500	-468	248	-166
-3166	-795	5750	-393	-791	71
-2457	-545	3428	-184	-825	313
-2165	-33	1931	115	9	824
-1857	48	1364	448	925	1014
-2273	-82	1871	656	1974	775
-2801	-94	3125	585	2066	451
-2806	-300	4173	709	1696	369
-2767	-189	4844	732	742	207
-2494	14	4425	697	-337	260
-2133	153	3527	672	-838	399
-1729	406	2618	598	-799	508
-1372	572	2123	575	-314	691
-1295	325	2030	588	280	784
-1385	35	2395	626	693	722
-1405	-40	2872	678	625	758
-1480	-31	2930	735	201	852
-1432	159	2730	718	-62	819
-1455	454	2620	664	-132	800
-1521	644	2647	527	-86	733
-1637	529	2912	354	49	610
-1854	175	3380	265	30	356
-2002	15	3738	269	-50	72
-2208	-8	4066	222	-190	-251
-2095	174	4245	101	-291	-576
-2044	369	4296	93	-362	-729
-2125	515	4262	131	-265	-670
-2429	458	4397	134	101	-693
-3336	834	4529	129	415	-321
-3343	385	4766	506	693	-366
-2995	-27	4715	907	239	-731
-2621	-372	3519	917	-541	-1309
-2790	-651	2518	530	-743	-1624
-2467	-695	2322	132	-395	-2080
-1765	17	2621	19	-27	-2166
-1592	925	2886	100	487	-1679
-1725	1499	3633	73	1185	-988
-2327	1878	4596	-168	1060	-59
-2824	1173	4712	-506	97	654
-2557	71	4016	-721	-793	345
-1782	-516	2988	-960	-1312	-393
-1278	-673	1974	-1052	-1295	-799
-1029	-646	1414	-1000	-601	-1058
-1012	-510	1438	-920	126	-1229
-1118	-227	1766	-779	595	-1212
-1278	-34	2404	-532	762	-940
-1459	0	2949	-413	617	-842
-1562	19	3384	-334	343	-643
-1586	-33	3606	-273	-77	-366
-1588	12	3459	-201	-301	-61
-1465	-315	3456	-157	-95	125
-1664	-653	3818	-155	53	-158
-1847	-850	4280	-131	-73	-446
-2021	-835	4540	-153	-282	-662
-2084	-387	4511	-268	-409	-677
-2328	-46	4418	-325	-245	-249
-2717	-83	4554	-161	122	322
-3578	-604	4603	34	461	726
-3734	-1034	4633	-162	968	566
-3200	-1079	4860	-614	1034	43
-3224	-92	4509	-635	153	2
-3148	819	3218	-193	-724	756
-2474	539	2299	321	-622	1335
-1799	-35	2332	598	-47	1459
-1714	-515	2768	650	627	1585
-1970	-1005	3778	636	1357	922
-2576	-701	4408	606	1062	86
-2708	-140	4116	668	154	6
-2233	400	3331	655	-581	326
-1790	686	2466	618	-750	759
-1576	655	1856	593	-425	1058
-1373	497	1735	651	53	1291
-1361	377	1939	664	479	1473
-1572	297	2523	641	673	1670
-1925	-3	3140	536	410	1590
-1987	-101	3653	378	-112	1070
-2031	252	3660	261	-566	748
-1854	171	3304	257	-754	500
-1704	118	2931	340	-604	37
-1597	27	3691	-23	-54	133
-1597	27	3691	-23	-54	133
-1597	27	3691	-23	-54	133
-1572	20	3606	-20	-6	155
-1570	-20	3641	-32	59	170
-1582	-19	3748	-29	74	141
-1570	-45	3827	-18	10	121
-1562	-25	3771	-8	-36	114
-1555	-18	3685	-3	-34	116
-1534	19	3602	6	19	122
-1542	30	3573	4	91	152
-1580	42	3614	-18	154	164
-1733	106	3504	-194	195	166
-1733	106	3504	-194	195	166
-1733	106	3504	-194	195	166
-1733	106	3504	-194	195	166
-1741	59	3556	-207	248	177
-1780	40	3664	-178	282	175
-1799	86	3830	-124	304	243
-1777	255	3866	-87	181	392
-1564	430	3723	-63	107	568
-1326	403	3739	-67	163	696
-1513	116	3944	-55	246	668
-1459	-182	4080	31	306	592
-1406	-257	4139	175	243	467
-1473	-136	3957	303	122	396
-1381	17	3697	382	104	366
-1329	102	3526	369	229	269
-1325	109	3584	409	365	244
-1429	133	3762	411	384	182
-1446	75	3811	404	282	94
-1474	93	3877	394	166	1
-1414	152	3869	369	-17	6
-1297	142	3772	350	-104	-41
-1230	150	3742	333	-125	-141
-1096	215	3672	341	-90	-150
-1048	223	3701	278	-69	-158
-1017	274	3755	165	-40	-192
-999	383	3824	77	-93	-228
-925	471	3812	-14	-117	-186
-983	386	3950	-66	-111	-167
-1012	236	4082	-1	-137	-177
-942	221	4059	57	-226	-211
-941	155	3884	102	-238	-235
-1065	96	3649	155	80	-367
-1280	76	3746	278	518	-527
-1637	145	4028	393	814	-721
-2252	187	4273	411	945	-989
-2650	422	4749	348	1186	-1126
-2858	814	5645	309	1268	-1210
-2892	1528	6596	415	1037	-652
-2950	1152	6553	734	605	213
-3121	252	5732	834	168	108
-3116	-257	4025	565	-152	-290
-2732	-693	2599	329	58	-1114
-2585	-864	1918	163	600	-1635
-2393	-237	1942	110	1194	-1955
-2204	416	2674	61	1559	-1743
-2120	988	3413	23	1470	-1151
-2522	1114	3913	-84	895	-371
-2652	890	3866	-358	-11	28
-2148	179	3238	-588	-633	-84
-1651	-350	2566	-700	-830	-550
-1217	-686	2127	-719	-592	-951
-1213	-672	2142	-612	29	-1122
-1408	-300	2613	-525	403	-983
-1652	221	3084	-544	335	-593
-1637	586	3311	-585	-56	-166
-1329	-576	2367	-769	-919	335
-1329	-576	2367	-769	-919	335
-1329	-576	2367	-769	-919	335
-1329	-576	2367	-769	-919	335
-1340	-842	2651	-597	-411	346
-1382	-828	3226	-305	19	301
-1658	-655	4058	-47	152	122
-1939	-484	4580	77	-297	75
-1803	-396	4483	52	-682	-101
-1680	-195	4284	-119	-750	-159
-1901	303	4036	-373	-504	-68
-2276	742	3948	-501	-49	399
-2908	1111	4210	-468	317	1232
-3435	23	4842	-578	979	1745
-3411	-1990	5765	-882	1103	974
-3338	-2094	5160	-1034	144	-142
-3010	-946	3454	-604	-714	279
-2439	-498	2404	102	-752	1047
-2213	-64	1740	543	-288	1028
-1918	448	1941	608	577	909
-2067	366	2946	611	1439	939
-2387	43	4224	611	1682	688
-2929	-305	4852	505	945	514
-2897	-386	4649	510	138	468
-2604	-188	4087	485	-730	420
-1990	24	2984	487	-1175	457
-1446	180	2072	654	-900	536
-1192	254	1710	832	-274	658
-1144	382	1665	824	211	779
-1158	446	1803	751	454	854
-1324	337	2034	653	577	890
-1397	213	2462	584	553	834
-1550	87	2882	501	329	585
-1778	122	3206	476	-5	314
-1907	70	3282	442	-209	101
-1913	127	3576	388	-104	-129
-2054	399	4179	318	-194	-295
-2245	660	4573	246	-416	-375
-2327	926	4721	200	-494	-419
-2322	915	4780	186	-219	-231
-3148	1206	4411	-50	-21	-105
-3179	948	4431	-113	733	-62
-3466	856	5141	131	1069	-67
-3264	343	5010	362	416	-29
-2938	-390	3641	244	-396	-544
-2612	-1037	2462	-48	-643	-1258
-2343	-967	1698	-344	-380	-2012
-1694	131	2036	-465	234	-1931
-1343	914	2805	-439	731	-1302
-1822	1249	3857	-436	1008	-634
-2315	1331	4539	-514	403	197
-2566	902	4303	-703	-440	565
-2194	-89	3695	-788	-1090	337
-1675	-780	2821	-913	-1389	-290
-1316	-949	1991	-967	-1299	-626
-1041	-825	1497	-862	-766	-758
-995	-529	1588	-664	73	-729
-1257	-273	2296	-422	592	-717
-1547	21	3143	-257	473	-679
-1758	185	3552	-179	-22	-679
-1708	71	3590	-161	-575	-571
-1498	51	3398	-209	-885	-422
-1524	-129	3463	-173	142	140
-1659	-144	3688	-144	240	183
-1693	27	3928	-184	-220	11
-1693	27	3928	-184	-220	11
-1693	27	3928	-184	-220	11
-1567	3	3612	-151	-268	-48
-1488	-102	3424	-104	-156	-133
-1537	-123	3462	-56	2	-239
-1603	-79	3543	-10	78	-284
-1631	-60	3591	54	39	-276
-1676	-40	3601	116	-9	-286
-1685	-99	3531	169	-1	-299
-1830	-90	3562	236	55	-348
-1836	-54	3558	278	63	-359
-1863	22	3626	241	64	-317
-1966	6	3761	174	69	-362
-2114	-186	3688	109	19	-526
-1902	-433	3414	50	67	-817
-1484	-413	3260	107	260	-960
-1319	-152	3317	217	516	-948
-1635	284	3814	258	605	-738
-1836	487	4248	194	447	-423
-1791	418	4444	55	174	-203
-1569	389	4144	-52	-193	-114
-1511	353	3844	-194	-210	-16
-1350	246	3707	-328	-102	73
-1328	94	3639	-463	42	110
-1396	61	3769	-572	223	105
-1417	20	3934	-616	211	124
-1414	-12	4022	-647	40	122
-1342	-80	3953	-668	-166	181
-1201	-121	3832	-653	-227	215
-1042	-78	3773	-598	-230	282
-968	-80	3711	-525	-202	343
-921	-218	3632	-423	-91	356
-936	-300	3647	-334	43	294
-921	-367	3669	-288	120	228
-981	-297	3782	-216	244	190
-985	-203	3900	-192	179	201
-945	-183	3845	-171	92	208
-892	-179	3686	-168	73	145
-924	-169	3710	-137	264	106
-975	-238	3977	-122	386	102
-1155	-236	4155	-154	271	135
-1195	-478	4072	-168	172	123
-1139	-632	3979	-241	199	-35
-1480	-463	3954	-340	352	-31
-1900	-213	3978	-406	686	196
-2371	-242	4549	-448	1116	453
-2819	-652	5796	-428	1366	504
-3163	-1118	7211	-446	1051	250
-3454	-933	7305	-611	-18	79
-3070	-803	5594	-671	-833	247
-2442	-404	3523	-366	-1007	350
-2032	-75	1821	39	-354	784
-1759	-50	984	372	682	1044
-1893	-228	1062	586	2080	935
-2367	-274	2189	615	2847	488
-2686	-78	3717	646	2415	453
-2897	-121	4739	797	1666	484
-2765	-202	5006	862	468	462
-2530	-96	4362	903	-725	399
-2078	93	3292	924	-1202	408
-1569	449	2358	844	-1027	463
-1252	593	1884	807	-445	595
-1135	530	1729	741	248	701
-1227	468	1972	633	883	735
-1504	363	2624	586	1161	788
-1760	239	3225	544	874	803
-1894	142	3589	473	301	702
-1867	175	3571	426	-293	549
-1752	261	3196	349	-707	353
-1567	198	2882	314	-711	158
-1478	153	2875	307	-409	-41
-1712	182	3310	301	-31	-198
-1870	201	3920	248	6	-346
-2165	115	4182	254	-314	-544
-2241	56	4112	327	-569	-640
-2227	48	4049	353	-413	-660
-2663	711	4460	178	44	-780
-3326	1526	4866	165	406	-451
-3565	1694	5524	404	814	-335
-3501	810	5681	676	203	-54
-3104	-173	4291	594	-746	-468
-2681	-1011	2786	280	-1188	-1280
-2452	-1313	1842	65	-1081	-1824
-2047	-921	1630	-25	-271	-2432
-1738	226	2366	48	559	-2299
-1883	1121	3293	113	956	-1719
-2120	1862	4031	1	968	-908
-2624	1757	4525	-273	380	-13
-2601	1248	4244	-593	-523	416
-2221	441	3368	-863	-1152	320
-1667	-352	2373	-1039	-1286	-76
-1243	-757	1652	-1095	-858	-389
-1094	-728	1529	-1035	-129	-485
-1260	-632	1922	-930	400	-554
-1593	-622	2449	-810	494	-741
-1669	-290	2840	-664	270	-841
-1674	-53	3094	-526	-9	-682
-1650	-13	3256	-384	-284	-458
-1640	-29	3318	-264	-406	-149
-1636	-90	3342	-211	-415	130
-1615	-303	3338	-192	-295	306
-1638	-544	3504	-112	-82	235
-1791	-643	3793	-52	-138	50
-1728	-512	3836	-76	-276	-67
-1593	-192	3833	-160	-273	-31
-1585	-77	3817	-183	-137	131
-1682	11	4051	-168	86	363
-2157	-263	4391	-137	151	508
-2830	-140	3729	-550	-917	465
-2830	-140	3729	-550	-917	465
-2830	-140	3729	-550	-917	465
-2830	-140	3729	-550	-917	465
-2830	-140	3729	-550	-917	465
-2397	13	2150	-318	-751	930
-1999	-290	1564	76	284	1182
-1925	-183	2092	339	1248	1369
-2137	-537	3225	439	1535	1236
-2439	-771	4249	676	1457	719
-2609	-546	5024	875	776	309
-2656	-158	4788	921	-318	161
-2268	285	3779	819	-1020	408
-1811	528	2835	694	-1254	666
-1332	708	2024	655	-881	760
-1136	536	1703	675	-175	1011
-1139	361	1875	721	578	1111
-1463	164	2451	655	940	1166
-1599	118	3094	598	626	1154
-1698	-174	3823	-79	288	-154
-1698	-174	3823	-79	288	-154
-1698	-174	3823	-79	288	-154
-1688	-201	3758	-53	193	-165
-1647	-128	3680	-35	179	-174
-1609	5	3708	-19	218	-102
-1559	98	3805	-25	180	-17
-1526	106	3798	-46	81	58
-1475	95	3687	-51	33	117
-1463	82	3637	-58	87	192
-1460	95	3703	-87	161	279
-1625	-215	4044	-299	-404	458
-1625	-215	4044	-299	-404	458
-1625	-215	4044	-299	-404	458
-1625	-215	4044	-299	-404	458
-1625	-215	4044	-299	-404	458
-1625	-215	4044	-299	-404	458
-1532	-67	3741	-401	-450	457
-1747	88	3345	-553	-385	596
-2066	198	3109	-687	-204	727
-2074	354	3076	-892	-121	749
-2257	185	2960	-1038	-197	731
-2295	-114	2987	-945	32	754
-2319	-66	3265	-537	397	1173
-1967	-23	3684	-176	544	1485
-2045	-122	4109	21	471	1379
-2180	-208	4259	53	124	927
-2055	-40	4139	226	99	748
-1959	175	4177	322	96	709
-1837	288	3888	434	-65	764
-1699	338	3517	528	-69	791
-1531	344	3369	672	126	936
-1468	161	3419	679	225	908
-1382	23	3455	667	185	724
-1352	104	3327	585	189	502
-1322	290	3318	482	218	363
-1298	489	3431	388	303	336
-1429	418	3772	304	336	324
-1464	315	3963	238	93	243
-1357	366	3800	198	-232	255
-1120	357	3544	183	-212	305
-1155	355	3629	192	-104	330
-1242	310	3702	167	-25	301
-1363	233	3987	186	54	172
-1424	212	4179	289	-56	-21
-1519	298	3947	479	-150	-120
-1716	442	3749	556	161	-259
-2121	500	4260	373	657	-547
-2977	599	4852	15	891	-1008
-3077	1106	5604	-9	1084	-1095
-3151	1533	6534	313	921	-557
-3288	892	6936	680	95	-37
-3196	294	5481	762	-1074	-31
-2817	-434	3168	624	-1463	-539
-2499	-752	1281	463	-917	-1306
-2245	-453	545	300	422	-1912
-2204	280	1354	155	1874	-1999
-2242	719	2816	13	2395	-1738
-2675	878	4092	-52	2124	-1163
-3079	721	4738	-149	1192	-738
-2900	426	4584	-297	33	-640
-2446	278	3701	-464	-752	-691
-1920	76	2778	-643	-850	-784
-1470	-15	2134	-809	-531	-999
-1349	-113	2027	-847	-95	-1088
-1349	-179	2203	-830	214	-1044
-1407	-81	2579	-807	308	-1039
-1547	-19	3039	-832	81	-937
-1558	-1	3196	-841	-323	-789
-1483	-353	3095	-430	-469	-315
-1483	-353	3095	-430	-469	-315
-1483	-353	3095	-430	-469	-315
-1483	-353	3095	-430	-469	-315
-1573	-491	3189	-272	-299	-170
-1702	-447	3401	-230	-105	-186
-1870	-326	3657	-280	-123	-83
-1981	-421	3956	-341	-131	25
-2234	-428	4384	-340	62	133
-2613	-109	4864	-294	106	653
-3162	-13	4882	-240	-180	1334
-3650	-920	4336	-254	-376	1331
-3498	-1499	3585	-321	-78	720
-2542	-1376	3282	-459	264	106
-2305	-327	3281	-257	182	306
-2657	533	3043	226	-127	779
-2862	709	2639	578	-191	983
-2741	340	2701	604	98	1212
-2365	-388	3056	466	494	1137
-2223	-561	3683	437	973	729
-2470	-418	4207	517	841	392
-2760	-130	4338	562	187	182
-2516	366	3816	622	-452	392
-1948	619	2958	625	-755	731
-1492	665	2217	582	-504	895
-1237	438	1840	574	-30	1005
-1245	233	1822	522	448	1030
-1312	59	2064	500	678	1010
-1415	47	2518	427	690	910
-1484	114	2939	342	482	808
-1620	265	3305	322	19	628
-1899	183	3351	318	-416	410
-1915	7	3342	307	-464	31
-1759	76	3463	300	-349	-133
-1811	331	3815	269	-163	-199
-1886	355	4042	229	-160	-290
-2023	442	4117	192	-146	-360
-2316	388	4308	165	-78	-341
-2880	417	4548	-14	-41	-471
-3297	859	4610	-230	23	-350
-3531	1228	4965	65	762	54
-3555	1078	5399	368	351	308
-3216	443	4295	335	-482	394
-2666	-474	2987	58	-708	-204
-2422	-1046	2097	-265	-528	-910
-2237	-948	1724	-428	56	-1689
-1946	-1	2372	-433	748	-1882
-1941	700	3355	-343	1013	-1416
-2190	1229	4143	-317	824	-827
-2478	1191	4467	-362	63	-94
-2509	762	4108	-514	-874	251
-2159	77	3274	-678	-1284	108
-1664	-492	2540	-829	-1257	-333
-1290	-534	1940	-893	-876	-535
-1156	-436	1882	-839	-165	-419
-1299	-295	2233	-739	263	-340
-1479	-97	2687	-620	302	-386
-1613	118	3072	-527	-7	-324
-1661	139	3170	-491	-391	-247
-1561	-43	3081	-453	-714	-179
-1474	-240	2918	-425	-768	-145
-1651	-107	3685	118	-27	-245
-1654	-90	3757	122	-30	-302
-1671	-62	3675	137	-71	-290
-1589	-115	3575	159	-22	-293
-1529	-71	3599	178	42	-359
-1536	-23	3656	197	71	-343
-1553	-23	3727	207	73	-342
-1573	-31	3758	206	53	-330
-1594	-47	3756	198	33	-320
-1600	-14	3768	178	14	-315
-1565	66	3774	135	-15	-303
-1618	96	3746	101	-64	-261
-1694	-34	3671	79	-77	-337
-1681	-89	3626	59	-39	-382
-1692	-199	3573	38	-3	-414
-1708	-274	3499	30	66	-481
-1618	-327	3376	56	173	-551
-1556	-279	3351	149	258	-567
-1401	-164	3408	333	303	-411
-1503	71	3674	472	416	-196
-1630	244	4121	442	509	55
-1695	254	4524	259	354	76
-1764	224	4324	31	-97	-64
-1578	311	3716	-251	-176	-157
-1415	488	3468	-488	60	-53
-1386	467	3444	-604	350	189
-1466	247	3686	-649	530	325
-1543	2	3927	-655	443	379
-1582	-44	4000	-651	242	475
-1610	-109	3874	-667	68	537
-1534	-123	3707	-680	37	574
-1432	-80	3574	-698	98	537
-1367	-141	3624	-679	182	488
-1395	-245	3763	-599	134	406
-1374	-326	3797	-523	56	387
-1297	-375	3722	-437	-32	358
-1251	-476	3569	-367	-70	235
-1164	-478	3403	-277	56	109
-1208	-287	3546	-172	275	90
-1208	-193	3715	-118	349	33
-1247	-51	3850	-137	357	79
-1259	-120	3829	-139	269	185
-1302	-302	3749	-86	263	199
-1337	-405	3793	-53	281	120
-1389	-452	3939	-45	303	64
-1453	-492	4093	-90	231	10
-1557	-398	4198	-229	109	-52
-1822	-118	4067	-430	82	44
-2143	-161	4026	-505	312	111
-2595	-156	4728	-404	735	187
-3049	-818	6327	-316	1016	404
-3627	-1381	7628	-421	495	-29
-3525	-1379	6806	-475	-998	-303
-2855	-801	4220	-203	-1734	-281
-2069	-415	2137	97	-1138	315
-1716	10	1182	427	117	586
-1622	94	1008	640	1603	635
-2096	203	1988	677	2671	475
-2710	371	3475	640	2492	660
-2782	-66	4597	717	1822	669
-2821	-228	5291	644	494	583
-2585	-272	4724	569	-824	495
-2129	-159	3739	582	-1455	544
-1668	98	2787	559	-1495	567
-1324	378	2102	574	-903	610
-1226	479	1903	556	-169	634
-1301	454	2126	571	572	785
-1533	208	2685	602	878	926
-1655	28	3177	626	660	987
-1680	15	3301	663	171	915
-1591	12	3213	574	-331	728
-1448	213	2960	442	-640	493
-1357	455	2692	334	-803	413
-1350	410	2535	326	-712	315
-1383	168	2757	291	-243	77
-1598	102	3529	246	42	-116
-1951	134	4145	178	-176	-219
-2112	163	4232	249	-541	-315
-2078	274	4110	352	-613	-346
-2357	355	4171	204	-362	-545
-2633	993	4530	69	109	-489
-3486	1369	5256	294	718	-99
-3487	1035	6017	519	464	60
-3306	390	4851	543	-525	-24
-2761	-451	2989	327	-767	-607
-2121	-751	1942	73	-196	-1137
-2343	-386	1819	-100	463	-1757
-2206	455	2548	-215	1076	-1691
-1919	972	3765	-293	1157	-957
-2185	1029	4460	-384	819	-272
-2474	1065	4787	-586	288	187
-2581	988	4600	-752	-437	530
-2223	556	3470	-895	-944	820
-1771	-169	2701	-1069	-843	419
-1316	-420	2083	-1136	-567	62
-1058	-669	1704	-1027	-25	-113
-1146	-800	1741	-945	472	-350
-1202	-907	2000	-831	752	-688
-1348	-960	2502	-699	681	-1074
-1396	-515	2779	-478	243	-1218
-1480	-152	2938	-259	-83	-980
-1540	25	3038	-146	-342	-789
-1479	110	3149	37	-332	-533
-1524	-3	3347	128	-257	-272
-1624	-141	3593	122	-75	-143
-1814	-82	4072	55	-30	-127
-1818	-297	4436	7	-282	-165
-1819	-464	4356	-41	-473	-401
-1815	-558	4126	-111	-422	-497
-2063	-297	4065	-120	-99	-369
-2775	-472	4321	91	378	-92
-3383	-563	4695	232	889	132
-3547	-884	5752	-32	1371	-34
-3552	-596	6090	-448	471	-328
-3193	-24	4467	-466	-847	-298
-2615	504	2456	-152	-1254	258
-1899	-123	1408	397	-405	804
-1471	-588	1650	839	938	759
-1804	-817	2730	1002	1738	503
-2381	-643	4069	1178	2029	80
-2741	-772	4732	1130	1207	-341
-2806	-252	4510	1112	190	-603
-2417	548	3737	1005	-519	-308
-2027	885	2943	849	-743	88
-1635	1140	2286	766	-635	357
-1361	910	1931	683	-187	769
-1262	661	1848	605	165	1014
-1258	377	2007	510	322	1262
-1438	82	2372	335	255	1304
-1544	-41	2750	142	115	1091
-1566	-26	3695	3	-44	-53
-1566	-26	3695	3	-44	-53
-1517	-61	3674	29	33	-78
-1537	-11	3721	38	70	-90
-1552	-14	3759	18	39	-91
-1575	29	3707	-2	-23	-98
-1547	45	3630	-19	-18	-105
-1540	69	3656	-39	46	-79
-1603	57	3734	-49	74	-39
-1637	64	3751	-68	46	4
-1683	80	3688	-92	-2	55
-1681	114	3634	-117	0	121
-1775	8	3764	-56	79	320
-1775	8	3764	-56	79	320
-1775	8	3764	-56	79	320
-1775	8	3764	-56	79	320
-1823	29	3669	-35	19	365
-1853	153	3455	-33	67	447
-1828	437	3230	-70	260	688
-1673	579	3182	-135	464	862
-1499	596	3349	-223	655	1029
-1585	65	3923	-304	687	901
-1889	-311	4553	-281	459	631
-1831	-464	4728	-122	20	494
-1636	-425	4363	47	-528	295
-1370	-250	3583	195	-609	222
-1148	-100	3139	335	-181	169
-1200	-8	3073	428	404	171
-1322	207	3275	503	855	230
-1573	308	3750	489	959	284
-1710	400	4031	411	682	354
-1724	392	4205	331	298	370
-1506	344	4113	230	-112	323
-1321	323	3866	155	-345	358
-1157	191	3645	107	-330	340
-1078	89	3514	71	-183	290
-999	6	3490	56	10	203
-1082	7	3637	5	173	70
-1122	122	3714	-35	157	-70
-1100	195	3788	-76	143	-68
-1137	198	3889	-87	129	-56
-1101	192	4031	-91	52	-62
-1034	216	4081	-60	-101	-75
-947	294	3937	-22	-186	-87
-993	367	3787	38	-59	-70
-1326	261	3747	144	312	-111
-1768	-10	3988	322	666	-285
-2151	32	4441	386	853	-602
-2722	539	4884	177	923	-711
-2670	820	5820	31	1147	-908
-3124	946	7062	466	1252	-737
-3605	329	7677	1086	544	-93
-3478	34	5860	1186	-814	-38
-2956	-492	3205	879	-1112	-616
-2257	-583	1627	647	-402	-1445
-2085	-261	1041	468	588	-1894
-1960	371	1462	307	1737	-1733
-1896	732	2788	152	2277	-1394
-2268	826	3798	16	1933	-921
-2747	699	4262	-165	1086	-527
-2629	479	4176	-297	156	-180
-2241	139	3626	-389	-574	-70
-1875	-232	2890	-425	-773	-228
-1494	-526	2274	-536	-606	-643
-1390	-627	2088	-666	-208	-1045
-1324	-422	2291	-686	191	-1282
-1339	-81	2647	-641	232	-1211
-1455	26	2932	-575	87	-983
-1387	61	3040	-570	-288	-795
-1280	-216	2767	-352	-630	-89
-1280	-216	2767	-352	-630	-89
-1280	-216	2767	-352	-630	-89
-1317	-141	3109	-274	-375	5
-1459	-312	3526	-163	-291	138
-1412	-518	3672	-81	-295	-3
-1482	-527	3862	-130	-274	-180
-1630	-611	4004	-182	-215	-400
-1909	-430	4173	-342	-112	-593
-2685	31	4343	-492	-10	-351
-3524	-37	4622	-488	-196	105
-3917	-1119	4711	-427	461	383
-3506	-1414	5376	-384	621	200
-3244	-600	5139	-168	135	415
-2925	161	3952	-40	-504	807
-2676	453	2560	54	-669	1126
-2469	351	1721	244	-255	1331
-2195	-117	1779	405	486	1194
-2109	-496	2493	475	1193	873
-2237	-561	3533	585	1583	586
-2696	-579	4518	691	1297	404
-2994	-178	4908	637	300	267
-2649	390	4316	476	-652	546
-2103	635	3243	291	-1126	754
-1595	811	2323	275	-921	911
-1304	734	1718	309	-411	1184
-1197	650	1470	278	152	1482
-1221	521	1572	174	687	1660
-1368	268	2074	104	990	1723
-1487	-74	2745	3	837	1598
-1529	-283	3186	-56	296	1196
-1693	-340	3359	-82	-243	695
-1651	-326	3448	-46	-685	218
-1663	-253	3442	-66	-891	-163
-1807	-131	3505	-22	-751	-375
-1845	178	3779	121	-547	-304
-1803	396	4042	263	-378	-72
-2050	557	4401	340	-90	-4
-2615	350	5133	275	150	-14
-3600	791	5637	-180	201	-291
-3676	916	6087	-33	130	-192
-3702	963	6072	613	-68	-45
-3146	357	4560	764	-917	91
-2688	-337	2629	455	-1050	-281
-2282	-912	1592	101	-582	-921
-2018	-759	1447	-218	374	-1773
-1821	333	2395	-298	1169	-1943
-1760	1094	3426	-343	1534	-1519
-2148	1592	4373	-412	1404	-790
-2602	1472	4799	-498	428	132
-2603	640	4307	-635	-665	348
-2048	-63	3300	-789	-1420	21
-1428	-581	2204	-956	-1530	-448
-988	-777	1419	-1018	-1171	-609
-625	-827	1053	-845	-419	-808
-703	-513	1243	-604	431	-856
-1088	-171	1886	-435	831	-770
-1328	202	2574	-331	706	-662
-1582	210	3140	-238	226	-467
-1553	-14	3449	-100	-48	-260
-1500	-83	3662	-9	-160	70
-1366	61	3482	314	-371	362
-1456	-258	3508	369	-231	286
-1627	-222	3641	402	-130	192
-1843	-459	3754	397	-115	132
-2036	-463	3837	375	-120	-190
-2077	-258	3929	192	19	-477
-1978	-31	3949	-48	47	-737
-1768	341	3578	-187	-90	-877
-1617	667	3197	-221	-89	-676
-1504	695	3062	-174	102	-354
-1564	352	3326	-165	328	-156
-1631	-139	3719	-159	387	-208
-1685	-448	3954	-134	235	-442
-1763	-405	4024	-81	-14	-669
-1733	-81	3875	-24	-222	-733
-1591	225	3570	42	-267	-679
-1557	366	3360	124	-173	-547
-1633	363	3263	203	9	-449
-1785	169	3252	218	121	-438
-1828	-56	3145	259	226	-543
-2014	-251	3065	337	412	-683
-2114	-559	3148	387	612	-876
-1952	-681	3213	401	893	-1173
-1521	-319	3470	438	1187	-1289
-1565	329	4196	403	1101	-1154
-1874	646	4844	333	619	-627
-1803	538	4994	116	149	-342
-1607	793	4844	-271	-150	-174
-1573	888	4353	-626	-456	31
-1426	719	3885	-895	-562	197
-1194	394	3519	-1064	-464	288
-1111	19	3340	-1105	-278	354
-1048	-212	3161	-1108	43	390
-1120	-395	3286	-1046	379	443
-1244	-491	3606	-908	496	528
-1348	-542	3887	-770	326	498
-1366	-525	3960	-648	66	408
-1255	-421	3865	-548	-146	349
-1109	-300	3593	-490	-184	349
-905	-155	3371	-436	11	342
-987	-79	3496	-335	270	397
-1058	-272	3794	-210	328	447
-1170	-384	4081	-118	296	432
-1284	-385	4292	-134	137	403
-1313	-162	4247	-289	-89	392
-1317	-204	3909	-452	-124	517
-1422	-394	3657	-572	124	409
-1821	-609	3767	-570	659	439
-2570	-887	4383	-493	1056	388
-3056	-898	5692	-302	1311	536
-3591	-1105	7217	-339	998	590
-3665	-782	7489	-506	-303	502
-3107	-841	5252	-477	-1530	391
-2329	-247	2989	-308	-1491	382
-1839	-144	1702	-105	-727	677
-1603	-240	1016	220	469	926
-1895	-320	1368	433	1817	899
-2643	10	2669	375	2359	582
-2824	-258	3843	381	1945	704
-2972	-372	4778	489	1350	555
-1694	157	2570	747	-1299	791
-1694	157	2570	747	-1299	791
-1694	157	2570	747	-1299	791
-1694	157	2570	747	-1299	791
-1285	293	1881	783	-792	945
-1156	336	1648	897	36	1026
-1231	336	2001	961	711	1150
-1418	223	2562	894	925	1104
-1628	155	3139	820	625	1074
-1745	139	3384	703	-1	939
-1740	251	3222	557	-537	760
-1575	229	2868	473	-777	590
-1431	200	2759	381	-698	326
-1501	66	2894	309	-410	55
-1722	77	3388	249	-171	-244
-1966	-8	3813	307	-348	-411
-2082	62	3848	351	-509	-600
-2195	272	3946	380	-409	-637
-2289	290	4189	384	132	-848
-3491	1014	4735	146	546	-941
-3220	1340	5102	315	848	-515
-3449	1567	5728	736	599	-136
-2780	585	4844	743	-449	-14
-2635	-296	3015	387	-1005	-329
-2106	-700	1937	-63	-742	-1147
-2187	-730	1592	-350	-117	-1653
-1863	-47	2138	-392	806	-1874
-1803	588	3156	-257	1176	-1494
-2184	1027	4120	-179	1251	-952
-2655	1394	4863	-266	673	-215
-2807	1162	4881	-507	-271	309
-2535	502	4128	-768	-901	332
-1969	-161	3175	-970	-1181	48
-1420	-498	2267	-1037	-1056	-216
-1144	-512	1717	-966	-423	-310
-1139	-405	1777	-960	188	-578
-1203	-263	2058	-916	511	-657
-1337	-286	2424	-751	519	-660
-1445	-173	2732	-587	168	-652
-1529	-124	2909	-468	-169	-554
-1482	-170	3007	-387	-387	-410
-1486	-288	3230	-270	-440	-267
-1461	-362	3288	-116	-335	-120
-1614	-286	3612	40	-44	58
-1790	-504	4174	39	-22	-131
-1763	-661	4395	39	-205	-382
-1936	-710	4336	-36	-404	-603
-2063	-386	4146	-148	-327	-643
-2507	-151	4188	-49	-40	-229
-3283	-353	4231	170	384	220
-3464	-672	4775	97	1073	410
-3482	-920	5809	-330	1118	-64
-3421	-463	5231	-492	-160	-288
-2859	345	3335	-268	-946	-32
-2145	62	2152	246	-651	771
-1825	-228	1851	719	171	938
-1690	-515	2301	948	966	942
-1798	-405	3179	1075	1715	548
-2388	-496	4322	1117	1650	106
-2735	-360	4628	1104	651	-279
-2619	59	4187	1064	-143	-113
-2156	420	3587	908	-770	120
-1682	911	2724	766	-1001	352
-1309	1052	2017	714	-796	706
-1208	937	1599	643	-314	1026
-1292	706	1529	502	233	1271
-1333	337	1933	318	583	1417
-1505	118	2523	106	577	1395
-1713	-60	2973	-33	324	1249
-1783	-46	3321	-119	36	943
-2135	-211	3570	-506	-355	-281
-2135	-211	3570	-506	-355	-281
-2135	-211	3570	-506	-355	-281
-1943	41	3307	-405	-284	53
-1966	223	3437	-241	26	385
-2105	380	3733	-179	113	774
-2171	20	3642	-210	-11	950
-2064	-270	3421	-246	-76	774
-1975	-358	3198	-253	-27	607
-2009	-301	3215	-231	110	427
-2062	-211	3397	-200	142	295
-2155	-129	3527	-152	5	236
-2168	-77	3399	-103	-128	262
-2141	2	3241	-76	-155	327
-2154	120	3164	-145	-78	397
-2237	165	3232	-227	-56	475
-2258	310	3266	-203	-68	604
-2237	420	3242	-137	-62	759
-2370	408	3147	-48	32	892
-2264	285	3180	20	239	947
-2194	-22	3538	47	317	777
-2152	-129	3642	27	204	483
-2081	-153	3681	94	238	430
-2106	-56	3927	245	211	455
-2009	10	4028	363	27	484
-1846	-76	3815	481	-193	490
-1684	-153	3573	541	-255	374
-1595	-60	3391	513	-240	192
-1475	101	3265	451	-88	55
-1472	174	3291	434	184	13
-1578	310	3519	383	323	-6
-1660	358	3710	337	282	24
-1442	202	3519	299	-77	32
-1442	202	3519	299	-77	32
-1442	202	3519	299	-77	32
-1442	202	3519	299	-77	32
-1316	313	3580	222	27	11
-1280	361	3709	153	34	25
-1329	356	3844	71	-35	7
-1334	282	3911	31	-212	-33
-1264	167	3821	14	-405	-93
-1140	151	3656	3	-518	-131
-1097	123	3608	35	-439	-192
-1092	161	3764	77	-343	-314
-1189	354	3988	111	-297	-367
-1310	643	4047	125	-326	-248
-1745	764	4052	161	-315	-39
-2260	417	3886	247	-50	-41
-2574	54	4182	353	445	-262
-2951	493	5324	425	1005	-301
-3587	708	7000	558	1087	-129
-3547	634	7643	653	-162	-173
-3495	192	5916	610	-1265	-358
-2818	-113	3421	423	-1062	-949
-2392	-143	2055	295	-23	-1268
-2463	15	1577	308	953	-1443
-2606	381	1864	409	1788	-1246
-2437	415	3058	260	2225	-1249
-2528	653	4348	-86	1727	-1250
-2793	674	4681	-362	511	-986
-2494	626	4100	-614	-593	-676
-1904	479	3081	-791	-1140	-452
-1425	309	2197	-758	-936	-337
-1184	-1	1778	-743	-457	-351
-981	-364	1573	-699	40	-411
-1057	-524	1758	-658	623	-554
-1305	-394	2434	-626	846	-721
-1578	-74	3023	-559	477	-652
-1640	169	3289	-515	-62	-373
-1606	155	3352	-546	-532	-139
-1505	14	3188	-515	-875	-4
-1411	-140	2964	-427	-912	78
-1306	-331	2765	-299	-663	195
-1316	-477	2802	-142	-159	130
-1645	-372	3225	-106	188	70
-2038	-83	3749	-125	194	125
-1979	100	4116	-146	131	348
-1869	-120	4389	-242	-21	356
-2025	-151	4423	-472	-197	319
-2212	-226	4404	-687	-227	353
-2554	-233	4606	-650	-259	522
-3130	-562	4406	-353	-294	719
-3105	-762	4206	-180	71	1018
-2527	-1812	4663	-400	1123	490
-2856	-1344	5212	-707	788	-533
-3022	-446	4024	-547	-346	-441
-2561	105	2834	-50	-651	208
-2244	86	2156	522	-292	738
-2202	25	2078	734	304	868
-2041	-107	2618	637	730	725
-2715	12	4340	677	-411	275
-2715	12	4340	677	-411	275
-2715	12	4340	677	-411	275
-2715	12	4340	677	-411	275
-2398	328	3560	583	-941	458
-1861	594	2688	473	-940	523
-1466	771	2118	453	-492	645
-1322	655	1916	447	138	844
-1310	408	2114	430	563	1013
-1386	155	2452	423	622	1104
-1572	-82	2709	356	402	995
-1518	-137	2807	276	178	752
-1503	79	2840	227	-34	472
-1553	222	2932	233	-63	273
-1619	108	3185	263	32	-105
-1738	32	3654	345	120	-413
-2037	128	4146	422	-29	-497
-2088	470	4255	391	-310	-316
-2040	901	4150	345	-425	44
-2336	998	4037	290	-349	169
-2983	762	3994	1	153	18
-3218	315	4422	-250	679	-223
-3706	503	5274	-137	1042	-396
-3584	648	5846	254	674	20
-3271	279	5074	507	-249	162
-2838	-359	3369	427	-936	-191
-2540	-725	2122	140	-870	-933
-2227	-393	1511	-248	-167	-1530
-1578	220	2190	-379	822	-1608
-1613	668	3198	-372	1363	-1099
-2202	801	4212	-479	1202	-743
-2490	1118	4580	-545	306	-94
-2480	848	4182	-661	-634	427
-2153	149	3393	-812	-1240	223
-1519	-393	2390	-981	-1501	-260
-1040	-693	1541	-995	-1143	-509
-985	-872	1275	-895	-397	-618
-1114	-718	1477	-729	338	-774
-1423	-424	2254	-567	750	-839
-1620	-105	3080	-414	494	-913
-1565	-35	3663	-23	140	63
-1565	-35	3663	-23	140	63
-1565	-35	3663	-23	140	63
-1585	1	3735	-17	132	65
-1561	-62	3722	-25	113	3
-1557	-97	3715	-30	136	-86
-1624	-88	3708	-32	134	-151
-1638	-58	3665	-14	142	-204
-1600	-74	3613	13	190	-244
-1613	-36	3622	40	210	-257
-1656	18	3646	35	169	-254
-1783	-63	3543	69	102	-105
-1783	-63	3543	69	102	-105
-1783	-63	3543	69	102	-105
-1783	-63	3543	69	102	-105
-1755	-158	3496	96	100	-198
-1788	-275	3406	158	136	-253
-2031	-545	3271	226	163	-487
-2001	-841	3123	281	408	-871
-1806	-809	3262	352	705	-1077
-1602	-206	3428	466	780	-991
-1548	348	3866	455	830	-716
-1841	433	4468	381	495	-465
-1797	239	4455	238	192	-343
-1656	230	4301	38	189	-223
-1624	197	4208	-209	7	-117
-1528	128	3908	-401	-74	-89
-1439	26	3787	-539	-78	-197
-1345	-3	3637	-603	-56	-220
-1314	-65	3583	-592	-26	-135
-1230	-178	3508	-551	82	-36
-1233	-123	3660	-479	243	75
-1345	-159	3818	-455	196	195
-1366	-303	3930	-412	53	142
-1317	-353	3885	-353	-96	44
-1208	-311	3701	-299	-162	46
-1029	-255	3462	-260	-39	13
-1075	-232	3515	-253	173	17
-1043	-227	3609	-221	225	-22
-1016	-304	3677	-197	195	-55
-974	-220	3708	-115	226	14
-983	-302	3727	-39	333	116
-986	-290	3901	-30	346	104
-1131	-214	3973	-57	268	220
-1214	-305	4027	-102	212	219
-1280	-439	4006	-120	212	159
-1420	-549	4079	-189	338	58
-1857	-541	4083	-283	433	-4
-2351	-431	4154	-431	635	47
-2890	-284	4883	-561	982	126
-3446	-360	6437	-629	1193	300
-3825	-685	7662	-664	519	439
-3350	-1355	6635	-734	-710	429
-3029	-800	4235	-470	-1154	516
-2594	-164	2263	-149	-639	1257
-2214	-33	1284	150	460	1688
-1965	9	1144	251	1622	1501
-2331	32	2083	345	2466	1325
-2631	-307	3384	383	2309	1067
-2896	-621	4332	579	1790	797
-2777	-551	4671	647	770	677
-2663	-218	4341	674	-389	674
-2227	32	3456	615	-1168	708
-1768	208	2570	485	-1400	782
-1318	414	1871	471	-1030	884
-1199	474	1665	524	-275	1076
-1267	464	1837	491	325	1131
-1496	296	2290	475	711	1206
-1720	45	2965	483	764	1225
-1878	32	3395	441	303	1152
-1878	41	3495	411	-263	1073
-1667	126	3349	313	-594	805
-1603	92	3278	203	-688	454
-1667	59	3266	205	-715	105
-1809	36	3435	224	-626	-207
-2052	-16	3734	287	-757	-365
-2010	142	3620	407	-916	-385
-2040	333	3614	434	-671	-155
-2369	352	3917	296	-144	-350
-3172	805	4557	-87	466	-688
-3674	1260	5184	-186	849	-473
-4048	1542	6054	284	758	-217
-3598	740	5173	626	-271	140
-2835	-118	3274	430	-833	-209
-2421	-795	2151	11	-776	-890
-2153	-764	1369	-277	-387	-1571
-1592	55	1701	-379	658	-1641
-1596	581	2661	-301	1414	-1199
-2074	874	3856	-261	1607	-779
-2671	1234	4679	-313	965	-223
-2882	1082	4608	-464	-87	270
-2516	332	3971	-650	-885	5
-1924	-194	3082	-764	-1331	-365
-1458	-538	2259	-843	-1481	-542
-1117	-645	1545	-860	-963	-674
-1052	-576	1524	-843	-150	-799
-1154	-410	1895	-749	317	-945
-1338	-95	2632	-509	489	-998
-1536	23	3280	-377	158	-998
-1663	88	3570	-261	-322	-837
-1607	-32	3586	-146	-719	-414
-1321	-363	3121	-17	-814	-176
-1081	-530	3070	-11	-376	-236
-1372	-547	3360	61	-129	-420
-1614	-597	3708	165	-79	-552
-1753	-668	3956	205	-82	-663
-2082	-450	4097	44	-117	-760
-2673	-32	4106	-148	-108	-480
-3241	91	4270	-249	1	189
-3637	-836	4924	-309	928	94
-3782	-1260	6083	-358	944	-102
-3769	-579	5660	-317	-58	222
-3004	138	3910	-173	-792	848
-2361	187	2388	20	-477	1172
-1894	287	1870	161	137	1076
-1932	-17	2075	327	866	1171
-1925	-568	2929	474	1609	667
-2238	-565	4265	748	1837	487
-2708	-580	4981	936	1110	489
-2710	-280	4756	942	79	412
-2354	90	3841	858	-698	485
-1759	465	2783	716	-932	490
-1258	767	1955	653	-664	599
-1018	821	1468	612	-171	855
-1004	816	1315	529	441	1184
-1080	632	1689	450	910	1537
-2053	179	3564	-25	-571	923
-2053	179	3564	-25	-571	923
-2053	179	3564	-25	-571	923
-2053	179	3564	-25	-571	923
-1434	494	3205	-60	-101	-425
-1403	173	3601	238	70	-260
-2017	41	3800	376	159	-22
-1930	-38	3954	292	-75	138
-1939	49	3656	210	-398	55
-1689	299	3198	204	-319	-172
-1661	421	3120	185	8	-162
-1754	220	3307	104	193	-111
-1945	99	3508	27	185	-57
-2005	57	3598	-54	14	58
-1894	-23	3572	-76	-37	88
-1887	-6	3697	-72	-44	38
-1856	141	3865	-88	-171	28
-1774	210	3716	-146	-338	90
-1647	255	3381	-173	-298	198
-1617	234	3253	-178	-83	269
-1708	288	3322	-236	107	326
-1841	288	3488	-323	157	404
-1869	196	3528	-411	88	436
-1907	186	3387	-460	149	438
-2004	217	3365	-457	238	542
-1909	248	3472	-406	386	674
-1791	186	3737	-286	504	798
-1747	125	3961	-204	400	823
-1617	-2	4034	-115	242	796
-1623	77	4033	-46	127	753
-1498	108	3841	40	159	729
-1534	-56	3824	209	385	639
-1626	-233	3935	347	382	495
-1603	-63	3916	439	303	400
-1610	86	3926	499	199	447
-1690	26	3809	542	91	356
-1466	113	3686	594	76	169
-1402	320	3710	559	-7	84
-1382	323	3661	534	-61	64
-1403	176	3629	493	-62	-80
-1314	193	3609	426	-98	-222
-1202	333	3463	368	-64	-252
-1085	509	3418	268	145	-225
-1138	414	3638	166	289	-276
-1232	312	3956	127	213	-347
-1167	273	4074	102	-22	-383
-995	313	3944	57	-214	-359
-993	379	3756	83	-158	-328
-1096	540	3735	205	33	-200
-1364	267	3851	389	195	-228
-1633	65	3989	544	397	-547
-2203	156	4251	577	478	-752
-3132	733	4438	228	473	-743
-3095	1308	5377	22	895	-793
-3447	1836	6850	381	1163	-409
-3240	744	7812	657	134	249
-3137	290	6313	690	-1291	142
-2746	-728	3700	516	-1606	-392
-2216	-941	1792	381	-827	-1381
-2197	-191	1084	289	270	-1915
-2264	802	1360	234	1293	-1504
-2093	934	2293	27	2026	-1348
-2153	1200	3524	-189	2137	-1121
-2735	1152	4721	-298	1385	-429
-2811	648	4982	-418	72	103
-2476	347	4294	-640	-989	96
-1815	146	3175	-899	-1439	-48
-1350	-97	2384	-1021	-1308	-257
-1012	-228	1817	-1041	-896	-397
-835	-434	1659	-999	-291	-501
-877	-508	1928	-938	220	-651
-1120	-214	2449	-841	429	-611
-1321	209	2956	-718	256	-248
-1405	202	3259	-670	-193	145
-1481	-80	3158	-688	-760	284
-1347	-416	2839	-638	-864	236
-1235	-605	2776	-430	-494	207
-1319	-684	3209	-189	-95	170
-1583	-619	3761	-106	-24	-57
-1868	-472	4155	-104	-94	-194
-1929	-232	4456	-213	-231	-326
-1889	-17	4496	-348	-377	-198
-1918	139	4483	-516	-280	-17
-2031	315	4720	-541	-28	363
-2598	154	5149	-332	33	768
-3492	-465	5134	-137	-227	1161
-2956	-1475	4682	-383	187	944
-2589	-1425	4598	-836	393	42
-2717	-539	3836	-646	-142	2
-2573	564	2770	-17	-540	528
-2113	548	2048	527	-50	1244
-1902	17	2276	674	700	1325
-2031	-339	2899	581	1183	940
-2291	-695	3969	696	1672	502
-2717	-821	4907	829	1085	-45
-2815	-518	4611	805	-19	-369
-2395	-268	3861	878	-737	-227
-1859	113	3044	932	-1016	-194
-1382	503	2184	1023	-830	-92
-1150	674	1726	1118	-223	145
-1035	661	1626	1166	176	388
-1129	546	1497	1090	490	546
-1275	463	1764	821	782	653
-1417	347	2293	510	831	557
-1645	290	3069	301	731	260
-2061	379	3749	276	230	-24
-2134	146	3813	342	-232	-236
-1908	-68	4076	437	-196	-387
-2022	52	4609	456	-355	-503
-2304	245	4688	369	-605	-724
-2106	545	4546	280	-607	-799
-2036	703	4348	185	-438	-830
-2808	1161	3938	-123	-209	-617
-2653	1297	4040	-4	796	-104
-3080	734	5099	526	1472	279
-3199	56	5097	702	606	141
-3004	-333	3822	411	-409	-189
-2807	-547	2621	-137	-803	-971
-2151	-90	2339	-516	-386	-1257
-1473	572	2686	-592	220	-1369
-1517	1331	3282	-509	893	-994
-2191	1636	4058	-593	1025	-38
-2486	1046	4113	-717	553	643
-2468	260	3893	-985	-72	714
-1994	-417	3288	-1253	-599	215
-1547	-756	2447	-1396	-841	-179
-1270	-1061	1750	-1378	-784	-558
-941	-846	1325	-1295	-288	-1007
-947	-588	1479	-983	382	-894
-1193	-503	2117	-770	734	-985
-1474	-362	2921	-544	667	-1015
-1789	-445	3570	-362	183	-921
-1946	-443	3660	-249	-330	-846
-1827	-277	3523	-184	-428	-605
-1961	-199	4321	-511	-80	-38
-1961	-199	4321	-511	-80	-38
-1961	-199	4321	-511	-80	-38
-1780	-197	3775	-485	-520	-122
-1474	-227	3097	-403	-483	-48
-1272	-241	2877	-301	-3	36
-1540	-257	3205	-208	448	32
-1749	-325	3709	-121	556	-118
-1924	-221	3989	-51	308	-277
-1884	-144	3827	3	-73	-316
-1671	-54	3408	39	-123	-352
-1979	-780	3378	279	262	-718
-1979	-780	3378	279	262	-718
-1979	-780	3378	279	262	-718
-1780	-776	3395	402	434	-976
-1811	-440	3589	457	577	-1053
-1743	77	3857	425	552	-1060
-1689	597	4111	305	391	-839
-1765	821	4224	145	206	-464
-1714	745	4205	-109	134	-200
-1617	522	4031	-362	5	39
-1584	267	3743	-523	-53	220
-1530	-98	3489	-611	62	254
-1458	-320	3484	-636	162	142
-1509	-325	3561	-633	289	19
-1502	-150	3784	-636	321	-11
-1491	-72	3859	-642	171	-5
-1401	20	3852	-636	97	77
-1445	55	3950	-594	21	244
-1377	27	3989	-587	-152	380
-1258	-16	3847	-563	-242	474
-1167	-54	3685	-512	-210	579
-1146	-98	3715	-488	-101	650
-1232	-106	3762	-507	-105	647
-1130	-336	3701	-486	-61	550
-1115	-431	3796	-390	-103	419
-1101	-450	3764	-299	-161	313
-1014	-374	3717	-190	-123	280
-877	-208	3688	-87	-76	292
-861	-268	3630	-12	-32	334
-873	-355	3627	53	115	200
-970	-379	3761	109	221	129
-1068	-282	3878	169	310	93
-1132	-420	3990	154	286	54
-1314	-381	3926	92	323	-27
-1465	-323	3871	2	435	5
-1591	-299	3940	-132	555	-14
-1776	-196	4074	-255	693	81
-2390	-512	4284	-185	887	165
-2732	-386	5041	-106	1326	272
-2908	-674	6571	-234	1667	250
-3462	-272	8011	-529	1166	25
-3523	-627	7344	-659	-531	73
-2892	-505	4501	-423	-1620	-46
-2258	-97	2100	-93	-1383	501
-1684	-62	783	295	-307	1158
-1465	-379	735	712	1644	1232
-2182	-265	2057	594	2668	602
-2671	-410	3582	624	2412	437
-3013	-551	4703	899	1897	157
-3058	-364	5236	986	565	41
-2664	-135	4534	1013	-831	52
-2119	-84	3408	1045	-1552	123
-1581	74	2398	1032	-1594	158
-1209	205	1736	1016	-1075	145
-953	260	1416	1011	-316	70
-1000	339	1534	980	555	99
-1742	206	3408	778	472	-43
-1742	206	3408	778	472	-43
-1742	206	3408	778	472	-43
-1782	268	3465	628	-112	-133
-1634	469	3327	489	-515	-137
-1523	563	3173	384	-685	-79
-1490	274	3165	306	-601	-193
-1460	211	3500	220	-460	-465
-1631	303	3884	175	-551	-406
-1701	420	4036	140	-741	-213
-1609	659	3950	193	-699	127
-1831	412	3918	256	-540	189
-2628	188	3867	27	-290	-163
-3027	467	4359	-156	438	-347
-3687	889	6097	83	1117	-281
-3656	710	7215	468	397	-59
-3354	314	5528	611	-937	71
-2638	-161	3142	448	-1251	-506
-2003	-305	1809	230	-566	-1026
-2171	-61	1586	-9	304	-1535
-2128	614	2330	-305	1162	-1631
-1932	888	3686	-383	1167	-1104
-2018	714	4167	-344	660	-592
-2202	858	4380	-497	56	-176
-2153	801	4055	-697	-678	161
-1969	506	3384	-851	-977	308
-1643	-119	2590	-977	-1060	61
-1319	-437	1988	-1079	-736	-325
-1061	-460	1694	-1029	-342	-481
-1146	-568	1679	-938	78	-518
-1155	-488	1811	-822	405	-604
-1367	-461	2373	-674	561	-682
-1414	-251	2881	-507	415	-632
-1485	-143	3224	-339	187	-437
-1459	-104	3429	-207	61	-324
-1491	-123	3647	-78	9	-146
-1565	-363	3785	-32	-50	-156
-1676	-478	3948	-61	-131	-328
-1651	-665	4016	-19	-142	-465
-1713	-495	4231	-76	-127	-666
-1758	-317	4261	-163	-277	-598
-1808	-8	4309	-196	-86	-394
-2037	339	4708	-133	173	93
-2736	454	4998	19	216	798
-3409	-290	4716	71	113	1118
-3202	-1332	4481	-233	769	713
-2793	-1262	4829	-649	833	-110
-2787	-255	4586	-513	-84	-87
-2689	711	3354	-26	-935	388
-2335	621	2163	381	-637	1073
-1842	209	2195	565	392	1392
-1689	-451	2753	604	1074	1306
-2176	-1037	3856	825	1678	843
-2565	-1168	4737	926	1123	58
-2825	-775	4453	962	91	-383
-2339	3	3640	996	-698	-349
-1355	802	1904	1051	-814	87
-1355	802	1904	1051	-814	87
-1182	800	1481	1060	-269	451
-1135	710	1421	910	334	639
-1279	708	1815	769	651	941
-1382	577	2344	527	796	1123
-1614	427	2927	302	562	1101
-1640	-42	3751	-150	-109	585
-1640	-42	3751	-150	-109	585
-1638	-92	3774	-259	59	545
-1706	-270	3897	-341	87	341
-1833	-236	3781	-366	-64	175
-1874	-209	3547	-376	-152	263
-1934	-164	3349	-354	-120	308
-1935	43	3356	-383	-19	369
-2139	161	3451	-423	-30	509
-2114	167	3642	-476	20	580
-2195	76	3758	-435	-7	608
-2177	23	3654	-324	8	593
-2067	215	3543	-231	21	690
-2002	167	3293	-168	-16	845
-1918	94	3103	-98	162	739
-1966	101	3224	11	389	686
-2074	60	3616	71	490	611
-2149	85	3957	132	313	501
-2061	99	3903	269	144	458
-1897	206	3783	370	79	438
-1864	272	3718	406	-53	491
-1775	292	3529	390	-109	547
-1774	174	3371	416	-22	534
-1709	78	3306	446	99	435
-1706	-28	3429	480	221	249
-1695	-18	3548	526	264	99
-1748	4	3773	537	172	-64
-1711	165	3787	521	-1	-227
-1648	364	3762	501	-179	-287
-1538	413	3557	458	-284	-320
-1435	435	3373	419	-157	-260
-1417	365	3424	369	54	-222
-1467	336	3509	334	180	-187
-1496	352	3650	290	284	-159
-1556	365	3757	245	163	-139
-1518	339	3778	179	44	-200
-1525	302	3745	116	-47	-251
-1426	228	3703	101	-44	-317
-1334	264	3735	86	-56	-362
-1255	245	3762	67	-111	-407
-1274	193	3778	29	-174	-548
-1213	213	3632	-14	-250	-633
-1161	261	3531	-60	-156	-679
-1168	425	3639	-72	64	-612
-1283	501	3934	-44	172	-530
-1420	479	4144	28	147	-488
-1589	462	4223	134	79	-446
-2085	266	4149	209	-44	-569
-2448	264	3817	151	138	-780
-2491	416	4414	117	772	-969
-3009	954	5799	328	987	-796
-3353	867	7126	691	779	-160
-3582	492	7386	816	-431	-1
-3297	33	5078	643	-1360	-128
-2348	-342	2816	424	-882	-818
-2159	-280	1834	267	116	-1463
-2275	287	1778	188	899	-1477
-2253	518	2596	171	1534	-1114
-2092	718	3652	61	1371	-894
-2327	666	4251	-177	723	-681
-2478	698	4191	-341	-189	-279
-2262	684	3663	-516	-853	34
-1845	429	2957	-717	-1050	148
-1461	244	2346	-842	-776	91
-1387	-105	2188	-863	-301	44
-1423	-250	2225	-913	2	-15
-1479	-213	2414	-959	221	-54
-1490	-184	2700	-946	305	-32
-1492	-78	2914	-878	121	67
-1592	12	3008	-990	-199	48
-1511	154	2901	-1005	-402	199
-1400	-4	2774	-1011	-488	380
-1328	-162	2652	-969	-429	386
-1250	-448	2678	-746	-186	484
-1414	-868	2941	-520	83	370
-1665	-985	3353	-372	252	56
-1802	-733	3968	-197	299	-69
-1792	-397	4394	-87	38	-107
-1693	-212	4445	-98	-395	-194
-1501	-255	4089	-127	-634	-216
-1455	-220	3808	-196	-494	-247
-1730	94	3845	-172	-81	-26
-2373	314	4164	-92	269	423
-3216	194	4769	28	538	1084
-3541	-607	5682	-124	956	1288
-3340	-915	6216	-544	551	671
-3063	-644	5326	-932	-410	316
-1740	-383	1823	491	899	1409
-1740	-383	1823	491	899	1409
-1740	-383	1823	491	899	1409
-1740	-383	1823	491	899	1409
-1923	-611	2641	489	1609	919
-2459	-539	3635	592	1874	418
-2700	-394	4730	754	1519	221
-2703	-498	5081	934	430	217
-2423	-183	4481	1037	-684	165
-1970	262	3395	963	-1378	289
-1416	584	2151	794	-1362	293
-1193	843	1396	705	-816	413
-1094	821	1090	629	-65	650
-1034	549	1212	503	761	892
-1285	264	2006	350	1216	1080
-1603	-124	2826	224	983	1057
-1653	-75	3266	121	435	804
-1691	73	3430	102	-10	650
-1711	332	3468	75	-339	433
-1704	428	3461	74	-372	311
-1756	163	3720	10	30	33
-1868	209	4523	-96	271	-136
-2114	456	4978	-47	-43	-23
-2116	519	4823	142	-406	186
-2070	481	4481	348	-508	272
-2142	-1	4237	320	-78	-68
-2933	117	4149	10	539	-661
-3172	369	4479	-145	974	-792
-3407	700	4953	285	1323	-939
-3107	370	5295	737	571	-801
-2917	-90	4015	726	-797	-652
-2666	-418	2499	430	-1342	-977
-2365	-293	1646	76	-780	-1437
-1955	232	1850	-181	161	-1672
-1865	683	2585	-231	878	-1462
-2122	985	3311	-178	1195	-931
-2484	1092	4124	-268	1113	-216
-2803	826	4629	-480	424	178
-2597	341	4436	-645	-558	184
-2099	-272	3528	-755	-1307	-137
-1613	-552	2411	-863	-1526	-567
-1178	-709	1501	-912	-1187	-861
-971	-633	1176	-814	-445	-951
-1825	-100	3327	271	-158	-736
-1825	-100	3327	271	-158	-736
-1825	-100	3327	271	-158	-736
-1854	-134	3348	314	-68	-821
-1966	-124	3425	368	-63	-874
-2035	-49	3433	382	-70	-857
-2101	-57	3459	336	-29	-833
-2111	-82	3515	271	-25	-852
-2096	-47	3514	238	-54	-832
-2119	-178	3421	215	10	-829
-2224	-335	3556	190	22	-1017
-2240	-605	3516	207	-47	-1258
-1538	-64	3307	384	102	-1558
-1538	-64	3307	384	102	-1558
-1538	-64	3307	384	102	-1558
-1612	409	3574	445	263	-1178
-1945	551	4005	408	255	-828
-1962	390	4285	264	158	-634
-1874	233	4199	80	-3	-534
-1762	180	3795	-114	-179	-475
-1748	36	3439	-261	-163	-472
-1632	-42	3306	-369	-12	-534
-1632	-31	3447	-436	115	-441
-1647	37	3550	-485	127	-252
-1591	-29	3628	-476	85	-30
-1542	-119	3666	-455	23	95
-1516	-278	3716	-432	-2	180
-1443	-344	3713	-397	45	169
-1437	-262	3692	-373	141	203
-1450	-134	3653	-389	262	219
-1519	-144	3714	-417	273	226
-1513	-270	3733	-414	192	149
-1502	-404	3649	-357	172	77
-1503	-396	3722	-325	147	56
-1446	-252	3658	-344	85	92
-1457	-163	3560	-354	82	192
-1304	-234	3707	-285	203	110
-1389	-166	3873	-216	77	173
-1339	-172	3784	-155	-79	223
-1275	-249	3622	-126	-163	277
-1220	-248	3549	-48	-90	334
-1167	-249	3664	70	-8	446
-1160	-222	3725	125	-8	453
-1229	-156	3757	84	-29	480
-1297	-193	3796	-3	-5	475
-1350	-363	3873	-29	115	376
-1450	-527	4004	-97	268	266
-1730	-475	4151	-256	387	265
-2219	-494	4271	-352	634	280
-2868	-597	4611	-261	1035	137
-3049	-701	5916	-168	1421	161
-3696	-856	7487	-401	1286	-25
-3669	-870	7524	-630	-297	-274
-3288	-943	4972	-432	-1514	-389
-2657	-108	2484	-74	-1473	318
-2226	296	1143	302	-475	1128
-1692	224	756	499	853	1317
-2072	-379	1554	670	2138	848
-2672	-319	3015	699	2376	548
-2975	-729	4277	756	1829	331
-3002	-703	5104	926	725	-207
-2728	-421	4701	1079	-635	-233
-2188	-64	3689	1160	-1368	-121
-1648	245	2660	1054	-1494	-91
-1199	393	1835	983	-1096	-50
-917	499	1498	947	-147	24
-1038	582	1947	919	769	285
-1408	422	2702	838	1048	492
-1595	442	3256	406	-710	557
-1595	442	3256	406	-710	557
-1595	442	3256	406	-710	557
-1595	442	3256	406	-710	557
-1406	479	3007	251	-702	429
-1288	524	2851	84	-467	286
-1541	312	3050	0	-173	216
-1734	181	3263	-22	-102	61
-1841	130	3424	-79	-71	-102
-1906	331	3560	-36	5	-147
-2122	350	3841	70	189	-95
-2632	130	4284	67	451	-292
-3234	107	5017	8	539	-698
-3886	841	5582	262	629	-592
-3564	996	5513	636	188	-87
-2977	571	4230	669	-493	35
-2584	-180	2931	356	-510	-659
-2420	-344	2178	99	-202	-1136
-2373	-256	1772	-83	241	-1404
-2089	133	2202	-153	960	-1458
-1998	368	3196	-219	1218	-1160
-2180	648	4005	-240	1216	-657
-2663	872	4771	-458	784	-190
-2690	959	4802	-684	-139	176
-2423	660	4086	-810	-940	357
-1901	-25	2991	-889	-1366	192
-1387	-409	2002	-918	-1201	-121
-1066	-698	1451	-886	-526	-317
-980	-763	1393	-779	335	-462
-1278	-526	2080	-752	924	-725
-1513	-383	2826	-612	842	-742
-1774	-258	3345	-450	333	-740
-1782	-215	3414	-366	-357	-640
-1583	-195	3187	-325	-691	-540
-1597	-127	3129	-232	-668	-361
-1552	-222	3031	-219	-615	-204
-1524	-390	3083	-207	-224	-222
-1839	-540	3539	-93	207	-300
-2039	-572	4088	-32	102	-354
-2119	-605	4312	-102	-189	-311
-2318	-644	4406	-191	-327	-360
-2568	-318	4588	-104	-195	-217
-3253	-367	4505	144	-69	161
-3387	-432	4143	198	401	303
-3504	-1424	4585	-72	1262	-230
-3348	-723	5193	-239	553	-662
-3378	254	3746	-54	-664	-256
-2637	360	2311	352	-835	395
-2150	10	1686	630	-204	490
-1932	-174	1823	740	680	570
-2008	-343	2921	806	1608	334
-2475	-173	4221	897	1636	106
-2983	61	4797	893	799	26
-2879	234	4427	824	-356	134
-2390	578	3645	737	-1070	433
-1839	746	2682	605	-1202	639
-1379	808	1971	529	-665	874
-1343	593	1893	470	-15	1113
-1440	344	2029	373	426	1195
-1555	170	2474	292	665	1255
-1714	-5	2985	218	482	1234
-1708	96	3247	105	129	1087
-1755	324	3607	-37	-626	-455
-1368	-1	3571	43	-382	-434
-1722	-150	3903	167	-346	-539
-2086	-41	4057	259	-405	-344
-1978	146	3890	211	-652	-225
-1697	188	3319	263	-686	-198
-1578	139	3043	317	-447	-255
-1591	-47	3071	280	-256	-361
-1699	-137	3228	245	-65	-388
-1827	-245	3386	219	74	-475
-1870	-89	3671	218	114	-587
-1837	160	3685	201	-11	-461
-1708	222	3593	165	-45	-338
-1647	290	3578	132	14	-233
-1630	227	3545	63	40	-57
-1621	142	3537	-2	75	75
-1659	59	3565	-63	81	172
-1787	-6	3574	-136	26	198
-1832	21	3434	-181	-3	234
-1827	132	3364	-265	86	297
-1891	175	3371	-331	146	407
-1683	56	3916	-244	851	613
-1683	56	3916	-244	851	613
-1683	56	3916	-244	851	613
-1683	56	3916	-244	851	613
-1779	-351	4539	-208	534	284
-1791	-363	4829	-55	131	-6
-1761	-5	4663	156	-213	-35
-1550	292	4009	341	-463	62
-1375	392	3318	442	-305	155
-1262	349	2964	498	165	304
-1304	231	3192	495	652	403
-1433	209	3612	515	792	494
-1660	214	3904	495	617	515
-1629	278	3986	428	327	440
-1624	295	3940	361	54	252
-1498	280	3864	330	-125	90
-1306	247	3801	263	-237	35
-1151	182	3675	168	-350	-12
-1028	195	3589	113	-264	-91
-1002	212	3606	69	-160	-141
-931	244	3895	-5	-57	-107
-931	244	3895	-5	-57	-107
-943	239	3862	78	-65	-38
-945	321	3904	207	20	14
-997	504	3972	303	170	85
-1268	613	4034	416	277	133
-1816	411	4022	461	408	22
-2629	348	4165	346	480	-207
-3124	431	4713	90	625	-446
-3397	1136	6066	133	1041	-553
-3227	1257	7809	492	695	139
-3215	827	7562	563	-852	641
-3052	315	5221	445	-1540	583
-2568	-496	2998	155	-1028	-232
-2537	-409	1857	20	46	-972
-2533	127	1593	9	961	-1207
-2466	538	2076	74	1510	-957
-2224	641	2981	-52	1677	-989
-2232	805	3733	-288	1327	-791
-2586	749	4332	-463	406	-541
-2483	352	4010	-625	-719	-220
-2085	-16	3086	-712	-1268	-203
-1416	-252	2323	-743	-1009	-401
-1174	-380	2146	-737	-464	-681
-1193	-282	2153	-606	-162	-708
-1294	-195	2328	-512	117	-736
-1337	-46	2666	-475	216	-726
-1425	220	2889	-517	59	-647
-1435	283	3015	-548	-162	-379
-1441	251	3024	-617	-439	-139
-1209	172	2842	-606	-590	42
-1144	-44	2705	-533	-621	213
-1174	-215	2628	-384	-433	379
-1250	-498	2830	-255	-59	428
-1496	-345	3301	-247	255	387
-1576	-429	4054	-179	504	305
-1769	-410	4898	-153	294	32
-1702	-424	4953	-182	-308	-47
-1778	-490	4594	-313	-570	-289
-2037	-268	4470	-402	-488	-514
-2721	297	4570	-351	-272	-25
-3292	-120	4980	-242	88	495
-3369	-655	5556	-421	608	612
-3214	-722	5431	-828	364	334
-2806	-118	4224	-798	-346	421
-2379	735	2796	-471	-585	910
-2262	533	1951	93	-314	1685
-2056	-240	1716	550	498	1759
-1741	-610	2445	682	1214	1369
-2037	-674	3201	738	1690	795
-2398	-765	4162	849	1707	229
-2724	-586	4656	853	883	-179
-2635	-200	4346	905	-214	-136
-2209	125	3595	929	-1018	2
-1707	269	2461	893	-1103	-50
-1400	463	1768	913	-535	-55
-1123	580	1520	827	142	-2
-1082	682	1678	709	765	99
-1282	384	2132	666	1054	300
-1499	181	2648	558	940	335
-1675	219	3153	411	573	250
-1734	490	3282	333	34	224
-1787	394	3237	272	-291	97
-1690	203	3267	235	-222	-272
-1880	99	3662	233	18	-522
-2098	83	4128	292	19	-501
-2220	186	4447	302	-5	-372
-2345	204	4822	350	-58	-409
-2459	224	5037	285	-103	-651
-2909	420	5362	91	115	-926
-3500	926	4905	-66	177	-443
-3457	1103	4499	506	527	-303
-3019	582	4463	894	491	0
-2709	31	3836	716	-68	-195
-2922	-638	2883	138	-738	-923
-2381	-652	2312	-309	-375	-1766
-1766	161	2441	-451	33	-1795
-1741	1122	2720	-472	715	-1563
-1863	1771	3424	-619	1103	-1043
-2342	1925	4074	-717	809	115
-2533	1216	3949	-857	-162	934
-2229	253	3382	-1034	-869	873
-1712	-558	2512	-1279	-1305	345
-1331	-1141	1757	-1294	-1189	-158
-1065	-1211	1497	-1198	-618	-608
-954	-1157	1537	-1009	-59	-867
-1133	-744	2122	-720	487	-1088
-1474	-299	2811	-473	452	-1089
-1688	98	3338	-281	178	-961
-1696	-257	3146	173	-216	-1334
-1665	63	3158	231	67	-1163
-1659	260	3387	259	273	-923
-1646	584	3621	326	251	-522
-1605	799	3761	407	58	-39
-1752	756	3899	463	-243	389
-1774	704	3844	395	-381	529
-1726	367	4003	175	-401	579
-1818	-148	3888	-120	-397	212
-1745	-583	3741	-286	-287	-180
-1653	-673	3524	-265	-340	-475
-1553	-539	3273	-143	-346	-578
-1514	-345	3112	-21	-253	-524
-1627	-134	3201	83	-55	-429
-1793	28	3431	144	86	-258
-2063	34	3678	176	40	-131
-2227	-147	3649	176	-124	-201
-2251	-410	3489	152	-148	-469
-1846	-624	3280	169	-67	-760
-1507	-498	3172	247	184	-958
-1492	-17	3392	308	476	-913
-1875	365	3953	288	524	-694
-2023	356	4315	149	381	-520
-1835	482	4471	-79	5	-399
-1511	565	4026	-251	-304	-132
-1413	345	3725	-431	-221	-59
-1380	194	3660	-534	-88	68
-1425	27	3702	-646	49	127
-1384	-66	3762	-679	2	177
-1329	7	3694	-667	-31	219
-1243	168	3667	-671	21	388
-1262	220	3866	-688	46	588
-1251	103	3866	-769	-34	659
-1250	-37	3800	-814	5	684
-1235	-110	3794	-811	33	669
-1209	-88	3652	-783	50	661
-1106	-102	3522	-747	92	757
-1104	-279	3579	-662	237	747
-1036	-442	3681	-594	196	613
-1032	-537	3726	-484	204	445
-1027	-541	3783	-401	177	315
-984	-482	3818	-336	162	180
-1056	-333	3874	-284	186	133
-1213	-340	4061	-202	211	169
-1237	-369	4199	-138	146	200
-1284	-450	4162	-190	0	172
-1410	-291	3930	-323	-14	161
-1497	-216	3738	-449	220	236
-1905	-434	3768	-452	769	320
-2556	-655	4535	-235	1377	389
-2945	-1023	5929	-136	1839	554
-3245	-829	7098	-317	1134	175
-3433	-726	6118	-488	-242	43
-2975	-988	4186	-303	-1030	-156
-2374	-635	2488	-5	-939	6
-2127	-315	1281	394	-47	395
-2182	-381	1051	706	1594	527
-2692	177	2227	629	2704	289
-3199	380	3717	430	2569	583
-3466	177	5083	497	2047	779
-3493	81	5816	521	683	967
-3080	-106	5032	528	-723	1092
-2512	-164	3830	650	-1165	1197
-1817	-147	2935	706	-1007	1105
-1316	-143	2282	797	-612	1006
-1035	-116	1938	927	-96	910
-898	-41	1857	979	435	864
-917	111	2049	943	697	765
-1182	430	2398	783	655	686
-1350	628	2752	573	269	681
-1462	596	2855	439	-157	675
-1551	550	2926	294	-510	638
-1576	258	2870	205	-799	514
-1521	51	2861	83	-781	339
-1738	80	3142	21	-627	97
-1891	114	3362	-37	-356	-82
-1895	139	3881	5	-140	-249
-2158	216	4246	180	-169	-322
-2589	96	4514	437	-155	-327
-3175	227	4970	389	-112	-576
-3588	1224	5052	225	50	-250
-3414	1337	5658	536	589	-56
-3231	992	5605	700	6	-65
-2972	433	4158	503	-682	-174
-2696	-282	2713	90	-699	-894
-2351	-421	1952	-245	-531	-1339
-2125	-9	1638	-467	-53	-1378
-1715	545	2075	-477	729	-1007
-1771	674	2939	-433	1408	-596
-2189	905	3953	-366	1377	-183
-2661	1048	4609	-460	591	342
-2831	164	4411	-657	-341	293
-2285	-671	3675	-774	-1038	-382
-1664	-982	2602	-843	-1164	-954
-1260	-893	1871	-862	-765	-1294
-1035	-588	1663	-724	-164	-1503
-1152	-175	1902	-590	300	-1473
-1307	28	2254	-526	388	-1396
-1439	153	2729	-441	419	-1255
-1545	53	3165	-364	242	-1056
-1512	-131	3529	-295	-2	-856
-1600	-60	3787	-256	-276	-651
-1744	-115	3806	-263	-428	-392
-1658	-423	3721	-292	-413	-277
-1617	-715	3763	-240	-344	-360
-1801	-697	3918	-97	-116	-521
-2199	-543	4358	-17	68	-367
-2851	-458	4536	109	169	16
-3631	-673	4434	230	265	266
-3603	-1144	4420	93	907	302
-3453	-928	4785	-127	675	-24
-3231	-16	3970	-52	-158	128
-3087	608	2830	238	-443	629
-2629	463	2286	411	-151	736
-2238	-85	2629	602	411	1052
-2080	-911	3334	694	919	791
-2296	-827	4014	876	1217	301
-2737	-583	4278	1020	832	-225
-2818	-118	4043	1010	123	-428
-2358	402	3475	929	-436	-179
-1830	700	2704	812	-703	128
-1442	830	2003	770	-517	395
-1250	840	1596	744	-170	785
-1316	785	1566	579	319	1001
-1375	567	2007	441	684	1248
-1613	395	2800	284	703	1290
-1817	164	3302	158	267	1126
-1956	82	3366	40	-205	815
-1859	0	3273	32	-466	592
-1782	-270	3172	93	-457	241
-1704	-105	3554	-96	33	263
-1704	-105	3554	-96	33	263
-1753	-106	3584	-55	112	268
-1762	-102	3669	-57	127	275
-1724	-74	3673	-90	76	265
-1728	-17	3634	-117	31	276
-1766	-49	3600	-126	9	252
-1765	-11	3519	-140	43	230
-1735	-24	3545	-170	91	264
-1766	-34	3557	-214	51	280
-1766	-52	3543	-256	17	246
-1758	-86	3577	-254	42	216
-1834	-148	3673	-204	58	217
-1681	-43	3765	-61	125	315
-1681	-43	3765	-61	125	315
-1681	-43	3765	-61	125	315
-1727	25	3756	-9	8	297
-1828	102	3537	7	-71	304
-1741	478	3187	8	71	475
-1505	608	3242	17	374	593
-1462	554	3575	3	704	679
-1650	160	4106	-24	749	609
-1926	46	4524	13	488	549
-1884	200	4518	92	42	621
-1582	161	4076	197	-215	670
-1447	140	3746	312	-202	703
-1349	133	3537	341	-123	652
-1372	208	3481	342	-13	591
-1359	247	3411	314	144	524
-1400	249	3524	268	269	438
-1471	263	3674	225	292	325
-1471	367	3740	190	287	286
-1529	344	3840	154	208	280
-1455	258	3710	172	88	307
-1429	220	3556	168	120	280
-1359	242	3441	145	233	282
-1368	270	3503	122	354	299
-1365	357	3695	104	463	284
-1303	459	3908	82	398	306
-1332	361	3921	87	239	314
-1336	136	3736	71	105	134
-1206	35	3498	45	119	-61
-1266	34	3376	20	336	-230
-1436	179	3523	86	655	-372
-1729	265	3836	203	772	-436
-1972	299	4094	291	716	-586
-2319	406	4202	364	465	-679
-2558	750	4159	361	457	-775
-2854	1035	4655	260	727	-724
-3084	1171	5519	256	850	-542
-2983	1300	6440	404	618	-109
-3102	867	6369	547	-23	123
-2873	289	5181	570	-568	-214
-2538	-415	3753	460	-601	-883
-2314	-715	2403	336	-182	-1633
-2294	-631	1687	304	418	-2096
-2385	-173	1555	352	1072	-2249
-2579	233	2210	390	1591	-1978
-2663	619	3223	304	1606	-1657
-2913	671	4094	149	1209	-1059
-3082	545	4505	34	189	-713
-2646	580	4067	-80	-698	-314
-2191	358	3258	-268	-1033	-214
-1781	192	2584	-438	-895	-346
-1705	13	2306	-544	-649	-474
-1604	-201	2097	-542	-460	-591
-1486	-440	2097	-529	-39	-786
-1536	-467	2653	-546	152	-938
-1619	-368	3026	-544	-97	-962
-1716	-154	3201	-534	-480	-920
-1738	149	3098	-517	-938	-699
-1613	318	2870	-499	-1156	-421
-1500	207	2826	-453	-1103	-142
-1632	-568	3937	-31	-520	234
-1632	-568	3937	-31	-520	234
-1632	-568	3937	-31	-520	234
-1632	-568	3937	-31	-520	234
-1556	-695	4169	118	-620	43
-1435	-540	4059	107	-800	-111
-1375	-250	3653	-53	-812	-188
-1361	-85	3319	-203	-534	-208
-1511	198	3342	-336	-71	-69
-1958	496	3550	-394	163	471
-2612	-25	3856	-417	529	968
-3268	-872	4721	-447	1020	972
-3824	-1289	6233	-397	1051	604
-3866	-789	6945	-506	-9	473
-3351	-361	5639	-641	-1063	696
-2258	-21	3663	-566	-1300	988
-1920	440	2039	-356	-677	1310
-1774	394	1312	-2	319	1718
-2041	-41	1234	185	1286	1772
-2164	-297	1998	197	2118	1408
-2364	-303	3262	212	2466	1069
-2788	-414	4723	338	2167	802
-3001	-359	5579	516	931	708
-2851	-196	5130	589	-653	711
-2254	32	3757	569	-1617	738
-1645	275	2501	505	-1729	727
-1221	475	1699	452	-1201	811
-933	563	1247	471	-254	892
-1071	472	1513	464	738	1052
-1363	335	2181	387	1225	1102
-1794	195	2929	285	1070	1031
-1931	41	3349	180	578	817
-1802	57	3441	137	115	495
-1862	149	3349	115	-313	190
-1848	144	3153	98	-542	-77
-1705	252	2981	190	-528	-165
-1676	170	3060	224	-281	-229
-1806	152	3340	253	-77	-386
-1920	422	3726	242	27	-418
-2048	697	4078	215	61	-253
-2339	825	4443	168	228	-248
-2997	783	4826	-87	431	-469
-3355	748	5123	-350	394	-641
-3530	1088	5510	-27	540	-505
-3287	838	5670	519	255	207
-3016	272	4577	654	-578	428
-2650	-418	2884	385	-911	-158
-2333	-580	1819	43	-614	-968
-2308	12	1356	-318	145	-1443
-2097	419	1770	-456	1104	-1496
-2175	411	2731	-372	1681	-1233
-2467	317	3810	-273	1683	-952
-2665	487	4673	-278	1051	-560
-2801	415	4947	-452	2	-288
-2537	-123	4198	-612	-1002	-398
-2015	-395	3111	-693	-1488	-794
-1428	-391	2004	-774	-1486	-1138
-1571	-76	3509	127	-1338	587
-1459	-228	3094	98	-1031	365
-1259	-204	3041	-61	-292	19
-1425	-167	3473	-177	201	-197
-1690	17	3884	-187	183	-325
-1716	128	3919	-176	-133	-227
-1617	130	3671	-152	-379	-95
-1486	-32	3444	-99	-329	27
-1515	-230	3452	-29	-145	32
-1700	-361	3613	-2	-27	-92
-1928	-525	3752	4	-83	-255
-1901	-473	3675	42	-130	-465
-1754	-330	3681	102	-108	-654
-1714	-125	3640	127	-129	-705
-1652	60	3551	81	-2	-601
-1667	213	3668	-56	176	-486
-1653	233	3832	-186	154	-392
-1617	196	3907	-304	56	-299
-1476	105	3801	-388	34	-135
-1424	-65	3831	-475	97	-26
-1372	-251	3752	-511	106	7
-1339	-346	3666	-529	178	-53
-1330	-313	3568	-527	263	-49
-1338	-295	3560	-524	409	-59
-1358	-268	3633	-511	505	-42
-1381	-199	3735	-495	491	-21
-1413	-144	3793	-452	360	40
-1347	-166	3766	-438	296	102
-1315	-156	3808	-388	316	149
-1311	-185	3784	-344	316	214
-1227	-199	3899	-297	262	191
-1293	-156	3938	-249	158	238
-1308	-170	3839	-238	81	239
-1271	-148	3779	-199	79	261
-1204	-217	3774	-128	54	315
-1128	-321	3701	-60	44	277
-1107	-440	3640	-3	123	252
-1152	-235	3895	92	67	154
-1152	-235	3895	92	67	154
-1152	-235	3895	92	67	154
-1051	-267	3705	115	73	121
-1008	-255	3641	162	180	88
-1027	-375	3686	227	354	16
-1145	-551	3964	254	422	-179
-1330	-508	4119	249	346	-290
-1437	-243	4136	198	294	-219
-1643	-60	4174	128	219	-109
-1992	-157	4133	73	294	-31
-2228	-395	4399	-34	598	-6
-2563	-482	5204	-131	950	63
-2940	-759	6623	-235	1025	-183
-3155	-479	7350	-453	425	-222
-3007	-694	6158	-664	-553	-135
-2357	-476	4041	-574	-867	-107
-1996	-80	2353	-306	-425	259
-1808	44	1550	88	394	722
-1877	299	1596	468	1561	1127
-2325	222	2644	586	2209	1370
-2867	-36	3998	529	1785	1334
-2869	-496	4453	537	776	1044
-2600	-869	4419	730	69	668
-2119	-907	3875	858	-583	167
-1939	-592	3204	951	-766	-115
-1662	-189	2686	1034	-736	-242
-1417	266	2268	1125	-470	-170
-1256	262	1965	1169	-186	-140
-1246	247	1884	1188	192	-125
-1266	155	2036	1151	458	-111
-1405	150	2371	1014	522	-186
-1477	205	2656	905	426	-202
-1549	315	2903	801	349	-263
-1639	567	3266	708	208	-305
-1737	720	3482	649	50	-253
-1728	629	3508	569	-92	-240
-1606	548	3520	449	-133	-207
-1590	548	3631	292	-89	-70
-1716	670	3949	70	-160	31
-1731	550	3909	-44	-405	61
-1747	198	3699	-44	-492	9
-1832	-94	3617	81	-237	-227
-2159	-326	3791	199	246	-563
-3216	-16	4375	9	694	-825
-3668	550	5530	-60	1131	-971
-4121	1076	6899	502	1060	-775
-3653	929	6402	1004	-290	-342
-2807	302	3949	977	-1283	-111
-2109	-80	2309	516	-1215	-680
-2050	-108	1458	9	-619	-1084
-1911	243	1557	-497	539	-1471
-1664	584	2637	-606	1392	-1120
-2077	440	3607	-523	1362	-657
-2528	518	4242	-512	1004	-273
-2682	642	4556	-597	199	10
-2581	668	4223	-748	-567	194
-1153	-810	1455	-827	-204	-890
-1153	-810	1455	-827	-204	-890
-1153	-810	1455	-827	-204	-890
-1153	-810	1455	-827	-204	-890
-1179	-489	1753	-805	387	-1088
-1391	-162	2274	-796	567	-1109
-1493	27	2788	-681	376	-1014
-1575	114	2927	-508	-125	-789
-1660	-100	2895	-422	-357	-634
-1577	-284	3017	-323	-265	-416
-1632	-324	3338	-207	-47	-214
-1739	-382	3790	-136	71	-136
-1883	-246	4261	-95	123	-212
-1829	-363	4548	-56	-69	-279
-1709	-471	4367	-145	-565	-537
-1548	-528	3781	-248	-764	-597
-1546	-266	3482	-225	-451	-474
-1873	64	3827	-59	69	2
-2794	-86	4287	169	376	653
-3662	-709	4634	377	715	956
-3711	-1593	5368	145	1220	659
-3547	-1054	6074	-411	496	-273
-3178	-111	4686	-514	-928	-278
-2771	578	2837	-190	-1400	312
-2190	338	1579	237	-862	946
-1763	65	1377	609	427	1362
-1645	-437	2145	629	1476	1352
-2099	-797	3390	765	2101	807
-2533	-611	4549	892	1831	264
-2737	-353	4894	1033	733	132
-2559	6	4455	1086	-521	241
-2082	432	3416	979	-1284	390
-1395	762	2247	829	-1318	534
-985	867	1579	716	-762	777
-916	806	1288	514	-96	1068
-1162	584	1577	392	627	1271
-1829	83	3719	-200	-244	-187
-1829	83	3719	-200	-244	-187
-1829	83	3719	-200	-244	-187
-1838	221	3638	-169	-299	-132
-1788	284	3512	-166	-271	-29
-1749	304	3475	-165	-192	61
-1760	287	3444	-161	-86	158
-1825	222	3502	-189	1	236
-1887	154	3569	-188	28	280
-1964	135	3601	-173	12	295
-2043	200	3580	-174	5	357
-2040	363	3507	-183	57	508
-1927	455	3384	-226	81	640
-1879	392	3220	-257	200	763
-1810	190	3373	-255	478	740
-1919	-124	3832	-238	555	569
-2058	-409	4207	-56	436	461
-1984	-507	4285	166	80	252
-1844	-352	3999	331	-238	110
-1759	-231	3693	426	-344	-45
-1554	-33	3381	453	-243	-244
-1518	229	3410	473	-47	-296
-1519	440	3403	463	127	-197
-1604	608	3551	450	295	24
-1674	551	3760	453	270	164
-1676	384	3864	450	169	172
-1659	295	3839	419	15	114
-1537	246	3722	347	-59	47
-1588	264	3850	287	-143	-59
-1506	326	3734	270	-230	-35
-1423	275	3582	271	-215	-35
-1399	275	3497	262	-103	-67
-1401	310	3529	245	-5	-94
-1379	358	3626	201	34	-91
-1381	471	3807	150	19	-32
-1319	503	3838	115	-68	34
-1270	557	3743	65	-150	74
-1306	310	3672	13	-151	39
-1250	234	3665	-12	-148	-75
-1173	142	3622	-27	-135	-105
-1117	234	3540	-46	-40	-149
-1084	303	3653	-74	77	-135
-1191	265	3828	-83	111	-213
-1209	400	3968	-114	82	-255
-1300	673	4075	-157	72	-155
-1533	700	4074	-106	108	-25
-1780	483	4030	33	238	21
-2142	365	4087	73	445	-134
-2653	613	4026	-168	585	-223
-2544	-87	4849	-236	1046	-727
-2943	340	6161	71	1009	-1118
-3153	738	7152	673	742	-360
-3108	374	6824	994	-240	6
-3229	7	4708	909	-907	-122
-2683	-304	2829	611	-527	-743
-2239	-361	1980	440	145	-1356
-2169	373	1737	231	903	-1532
-2005	748	2363	140	1558	-924
-2008	677	3139	28	1656	-676
-2271	766	3801	-250	1206	-469
-2601	651	3959	-564	371	-252
-2572	507	3757	-749	-502	-73
-1999	147	3042	-824	-994	10
-1682	-150	2414	-845	-901	-166
-1376	-225	2211	-809	-495	-254
-1444	-332	2373	-677	-44	-196
-1618	-221	2577	-627	117	-282
-1596	53	2906	-636	151	-246
-1595	240	3066	-702	-34	-61
-1613	253	3063	-747	-227	53
-1638	190	3079	-794	-405	59
-1557	0	2982	-796	-553	126
-1512	-235	2932	-754	-600	167
-1495	-458	2858	-640	-556	232
-1466	-435	2873	-441	-323	323
-1494	-482	3159	-272	-151	275
-1569	-445	3526	-147	-131	43
-1579	-370	3846	-15	-187	-25
-1517	-315	4059	11	-261	-98
-1612	-108	4200	-40	-392	-73
-1707	-17	4112	-163	-525	44
-1725	117	3941	-382	-460	94
-1894	194	3833	-515	-129	195
-2412	566	4131	-562	359	507
-3363	291	4947	-466	654	1278
-3603	-475	6066	-655	943	1338
-3340	-1408	6220	-1059	306	571
-3081	-1140	4783	-1062	-775	166
-2428	-383	3006	-666	-1061	609
-2086	-113	1934	-118	-697	1090
-1902	43	1504	330	420	1243
-1933	98	2097	535	1628	1322
-2306	-233	3122	418	1898	891
-2538	-522	4046	512	1793	517
-2721	-726	5069	815	1177	357
-2654	-684	4936	991	-253	258
-2371	-233	3930	1066	-1255	178
-1851	331	2774	979	-1634	306
-1357	711	1699	848	-1326	378
-964	941	1217	807	-567	559
-976	934	1192	718	430	915
-1201	723	1814	508	1123	1188
-1606	472	2697	283	1160	1354
-1867	159	3330	106	686	1322
-2023	70	3584	-62	13	1068
-1887	61	3526	-143	-438	751
-1593	317	3397	-147	-675	434
-1649	175	3195	-69	-648	271
-1684	62	3288	-21	-289	51
-1801	84	3797	17	-113	-68
-1858	392	4133	24	-192	-83
-1829	713	4287	12	-276	22
-1756	964	4284	-71	-164	49
-1985	858	4416	-126	332	-90
-2698	249	4564	-176	580	-428
-3475	-39	4417	-260	614	-692
-3532	-77	4641	22	944	-892
-3007	136	5110	686	1069	-802
-2470	-68	4949	1031	253	-765
-2660	-426	3821	817	-745	-1161
-2925	-301	2568	367	-1138	-1807
-2325	175	1938	-77	-596	-1988
-1464	758	2186	-238	109	-1884
-1474	1097	2671	-293	980	-1276
-2059	943	3718	-282	1445	-540
-2557	732	4389	-326	901	149
-2639	289	4461	-472	-46	315
-2269	-192	3923	-703	-898	-53
-1795	-512	2873	-807	-1441	-586
-1448	-643	1929	-859	-1388	-900
-2108	-384	3704	-537	-95	-210
-1974	-553	3306	-525	-297	-313
-1948	-782	3115	-397	-229	-497
-1756	-660	3078	-180	-119	-545
-1540	-560	3125	7	24	-508
-1624	-109	3399	230	117	-362
-1725	356	3646	419	0	16
-1710	487	3880	506	-146	227
-1905	543	4057	593	-386	367
-1949	568	3994	581	-679	519
-1628	404	3769	360	-508	617
-1670	106	3837	81	-371	370
-1828	-133	3793	-153	-273	-15
-1698	-284	3471	-235	-348	-269
-1575	-217	3147	-255	-143	-327
-1560	-129	3147	-185	54	-183
-1659	-102	3219	-104	157	-53
-2230	-473	3658	202	-512	-523
-2230	-473	3658	202	-512	-523
-2230	-473	3658	202	-512	-523
-2230	-473	3658	202	-512	-523
-2048	-524	3247	219	-506	-796
-1690	-551	2971	230	-174	-1035
-1509	-347	2903	249	313	-1197
-1472	-111	3206	334	756	-1194
-1894	54	3899	391	850	-1107
-2037	105	4326	288	695	-957
-1853	387	4507	98	486	-686
-1785	519	4381	-150	227	-467
-1868	428	4285	-463	-4	-535
-1654	361	3913	-693	-237	-552
-1499	414	3636	-791	-235	-350
-1276	253	3431	-811	-159	-33
-1126	83	3340	-842	-119	169
-1039	-178	3277	-813	120	282
-1160	-458	3455	-713	360	320
-1304	-429	3725	-635	435	252
-1387	-258	3931	-571	374	315
-1351	-179	3926	-551	151	303
-1147	-100	3767	-489	-26	283
-999	-154	3634	-403	-28	307
-934	-201	3656	-264	54	339
-974	-411	3852	-116	178	359
-1110	-561	4189	-51	153	236
-1311	-426	4344	-142	-59	158
-1368	-67	4186	-332	-138	193
-1496	104	4002	-522	-56	316
-1743	-16	4012	-669	242	437
-2432	-566	4244	-709	605	564
-3328	-910	4902	-520	899	512
-3425	-1297	6429	-390	1308	710
-3915	-1018	7861	-683	537	155
-3476	-940	6344	-623	-1330	281
-2738	-371	3347	-274	-1868	311
-1896	90	1492	80	-1042	1222
-1714	33	653	327	366	1654
-1818	-312	1022	519	1912	1493
-2208	-406	2435	467	2726	852
-2752	-518	3897	564	2257	671
-3082	-470	4879	758	1329	566
-2898	-386	5019	856	-15	691
-2498	-339	4297	832	-1298	528
-2013	-22	3200	819	-1756	535
-1509	168	2332	806	-1514	603
-1133	325	1808	734	-844	519
-998	394	1648	659	42	513
-1162	441	2022	642	791	627
-1502	365	2710	574	1077	755
-1695	256	3275	507	817	737
-1829	160	3618	426	228	660
-1752	83	3535	347	-391	474
-1608	271	3230	264	-804	302
-1304	353	2872	200	-896	240
-1189	320	2779	119	-608	130
-1349	266	3091	120	-314	4
-1683	315	3619	134	-225	-14
-2828	368	4050	53	-169	-344
-2828	368	4050	53	-169	-344
-2828	368	4050	53	-169	-344
-2828	368	4050	53	-169	-344
-2828	368	4050	53	-169	-344
-3250	703	4668	18	757	-588
-3631	1026	5977	259	1350	-145
-3581	736	6879	653	494	-40
-3573	-89	5295	739	-805	-299
-2625	-631	3275	517	-1297	-1223
-2045	-348	1960	191	-1037	-1610
-1777	411	1303	-160	-182	-1527
-1595	880	1808	-428	1072	-1097
-1595	990	2771	-522	1644	-563
-1978	959	3928	-672	1810	-131
-2302	868	4749	-760	1059	298
-2495	581	4753	-965	-170	505
-2085	-126	3798	-970	-1102	424
-1555	-591	2648	-1023	-1426	32
-1169	-787	1653	-1015	-1178	-356
-948	-799	1205	-904	-497	-603
-978	-659	1352	-765	225	-723
-1211	-386	1926	-604	736	-839
-1375	-78	2636	-415	765	-754
-1517	-43	3197	-303	400	-671
-1577	-67	3350	-238	107	-555
-1639	-94	3538	-91	-6	-203
-1700	-148	3666	-75	-57	40
-1647	-273	3660	-111	-37	80
-1767	-400	3863	-89	107	-116
-1893	-385	4217	-81	132	-274
-2020	-336	4423	-179	-78	-217
-1994	-300	4390	-297	-253	-235
-2193	-117	4497	-301	-136	-161
-2751	-189	4658	-55	34	185
-3240	-513	4692	240	236	575
-3477	-1555	4797	41	930	240
-3058	-1014	5290	-284	701	-501
-2871	-164	4456	-215	-393	-266
-2818	740	2933	78	-1175	210
-2348	549	1774	422	-720	713
-1955	-28	1835	604	395	897
-1810	-585	2490	675	1212	841
-2221	-902	3582	886	1701	572
-2588	-813	4409	1038	1287	-95
-2746	-454	4487	1182	366	-351
-2526	140	4060	1203	-620	-189
-1998	677	3231	1017	-1274	72
-1436	1011	2297	890	-1252	359
-1170	957	1767	874	-718	672
-1072	773	1595	729	-97	849
-1073	461	1758	557	481	1061
-1338	279	2350	361	756	1117
-1635	227	3022	147	570	1065
-1819	-16	3906	45	123	9
-1819	-16	3906	45	123	9
-1880	-68	3705	-17	-121	22
-1581	-241	3541	-52	-72	-32
-1499	-87	3589	-49	55	-7
-1468	-160	3689	-15	95	80
-1502	-122	3793	-34	119	143
-1524	120	3909	-57	108	354
-1577	320	4042	-121	31	637
-1593	391	4082	-230	-108	852
-1580	113	3907	-346	-284	928
-1513	-200	3607	-429	-262	912
-1536	-431	3546	-462	-67	838
-1596	-504	3657	-455	62	735
-1603	-439	3778	-415	41	630
-1563	-307	3797	-343	-57	574
-1488	-208	3732	-250	-143	604
-1471	-201	3604	-152	-208	678
-1534	-70	3541	-76	-212	803
-1607	68	3596	-76	-114	1031
-1816	141	3744	-185	-85	1116
-2111	379	3721	-431	-199	1337
-2174	257	3357	-777	-309	1418
-2019	252	3014	-1100	-313	1345
-2168	308	2714	-1203	-229	1438
-2049	374	2583	-970	329	1728
-1763	172	3235	-724	983	1807
-1971	-314	3989	-617	861	1494
-2086	-576	4541	-390	570	1165
-1403	249	3394	430	-429	905
-1403	249	3394	430	-429	905
-1403	249	3394	430	-429	905
-1403	249	3394	430	-429	905
-1403	249	3394	430	-429	905
-1194	100	3089	527	-69	1048
-1111	20	3153	436	152	877
-1230	118	3144	313	308	570
-1125	364	3268	165	438	407
-1280	376	3757	-3	557	342
-1325	324	4116	-60	247	367
-1319	294	4267	-100	-235	375
-1086	390	3921	-108	-667	416
-856	378	3447	-101	-696	514
-728	257	3355	-51	-317	528
-847	178	3825	-55	68	428
-1118	160	4172	26	109	335
-1362	370	4267	201	196	335
-1731	425	4476	422	325	358
-2547	573	4599	373	402	190
-3171	840	5379	135	1087	113
-3585	1097	6656	186	1485	-117
-3710	663	7824	557	847	281
-3623	117	6659	586	-737	75
-3493	-619	3901	376	-1610	-625
-2893	-560	1703	258	-1006	-1405
-2330	-96	956	233	214	-1547
-2057	471	1198	170	1280	-1445
-1822	954	2120	-69	2126	-1131
-2256	1209	3467	-323	2324	-673
-2905	854	4439	-500	1641	-111
-3088	387	4732	-621	453	55
-2511	26	4148	-714	-528	12
-1924	-159	3231	-795	-957	-236
-1543	-249	2440	-923	-877	-533
-1134	-359	1907	-931	-452	-764
-919	-422	1878	-872	11	-971
-1092	-231	2129	-830	253	-1160
-1112	-38	2359	-802	239	-1048
-1244	36	2676	-795	113	-818
-1365	10	2911	-711	-100	-524
-1400	-257	2993	-665	-369	-369
-1414	-407	3079	-510	-449	-269
-1338	-468	3260	-229	-384	-226
-1388	-710	3643	81	-259	-254
-1719	-725	4056	156	-397	-615
-1902	-447	4279	126	-573	-643
-1944	-349	4277	-57	-726	-550
-2175	46	4052	-197	-595	-431
-2967	136	4141	-99	-193	-83
-3597	-558	4659	-17	596	429
-3681	-1535	5860	-224	1027	269
-3592	-713	5734	-412	137	66
-3016	257	3927	-355	-797	333
-2468	834	2274	-17	-770	954
-2280	490	1486	346	-89	1312
-2070	-48	1855	632	833	1423
-1949	-684	2605	727	1462	1174
-2247	-841	3637	837	1915	557
-2735	-727	4299	887	1488	60
-3032	-393	4567	877	580	-115
-2622	138	4138	767	-421	52
-2026	455	3153	626	-933	238
-1615	743	2364	610	-722	408
-1451	746	1956	615	-335	738
-1337	518	1789	613	82	999
-1189	378	1898	551	432	1112
-1286	280	2401	473	651	1184
-1587	356	2908	406	473	1237
-1798	233	3237	314	190	1047
-1864	88	3426	277	-60	696
-1989	-280	3553	231	-214	222
-2070	-395	3734	212	-102	-203
-2215	-216	4348	189	-2	-525
-2405	138	4617	96	-156	-705
-2567	554	4802	35	-360	-798
-2944	956	4642	50	-459	-632
-3583	935	3742	-4	-334	-101
-3271	772	3093	356	490	-37
-2580	315	3430	571	903	-205
-2624	74	3349	437	547	-259
-2981	-523	2988	47	23	-625
-2821	-851	2651	-391	101	-1396
-2324	-160	3077	-560	328	-1694
-2137	765	3493	-540	520	-1491
-2210	1336	4001	-566	679	-1033
-2601	1506	4297	-616	161	-190
-2585	660	3770	-817	-561	271
-2013	-117	3277	-1076	-822	-63
-1560	-510	2806	-1220	-1022	-395
-1240	-638	2185	-1201	-965	-541
-1055	-670	1832	-1085	-609	-657
-995	-725	1759	-967	-325	-820
-1124	-580	1965	-765	-45	-952
-1399	-325	2525	-562	45	-949
-1525	-137	3046	-395	-144	-881
-1621	70	3405	-248	-500	-629
-1526	39	3395	-79	-816	-170
-1369	-323	3239	72	-636	105
-1460	-675	3497	195	-285	141
-1853	-773	3945	228	-43	29
-2177	426	4023	884	-209	-909
-2446	217	4052	880	-632	-740
-2645	-245	3812	673	-702	-1045
-2469	-614	3459	454	-581	-1562
-2324	-776	3042	326	-364	-2063
-1881	-565	2502	362	-253	-2189
-1638	20	2391	394	226	-1970
-1821	771	3143	441	832	-1260
-2202	737	4327	264	856	-572
-2325	164	4724	49	250	-426
-2179	-241	4096	-81	-360	-401
-1941	-327	3369	-249	-390	-585
-1725	-256	2992	-364	-188	-836
-1718	-256	2902	-443	73	-998
-1737	-49	3091	-485	338	-904
-1942	-45	3805	-462	450	-371
-1942	-45	3805	-462	450	-371
-1969	-190	4079	-436	166	-276
-1903	-253	4164	-430	-218	-291
-1852	-119	4068	-447	-577	-266
-1762	-17	3626	-471	-787	-130
-1661	-53	3097	-443	-649	55
-1504	-368	2819	-411	-191	54
-1557	-501	2941	-347	246	-6
-1734	-701	3252	-251	504	-95
-1917	-710	3620	-166	522	-294
-1992	-628	3866	-155	318	-388
-1894	-473	3811	-136	-6	-294
-1744	-450	3500	-80	-141	-135
-1635	-365	3196	-3	-11	-33
-1656	-382	3250	46	200	-63
-1778	-433	3459	110	304	-95
-1847	-470	3593	156	364	-47
-1834	-447	3582	107	432	-84
-1874	-321	3484	0	455	-79
-1847	-355	3311	-93	435	-85
-1797	-406	3195	-91	535	-88
-1756	-559	3277	-5	781	-84
-1860	-683	3503	62	923	-105
-2103	-689	3606	85	818	-117
-2060	-651	3517	13	699	-157
-1871	-431	3514	-102	684	-163
-1761	-263	3502	-232	681	-114
-1701	-373	3522	-331	675	-178
-1708	-697	3716	-287	563	-385
-1718	-841	3853	-133	508	-478
-1815	-614	4002	-27	536	-439
-2015	-542	4293	-40	626	-367
-2402	-1097	4600	-191	678	-678
-2931	-1036	4974	-310	849	-1015
-3231	-685	5813	-89	699	-967
-3146	-190	6181	280	87	-408
-3107	6	5571	355	-475	153
-2806	-253	4152	188	-730	529
-2401	-593	2867	109	-395	492
-2317	-581	2281	199	151	545
-2527	-523	2255	370	602	730
-2816	-560	2533	610	786	872
-2922	-332	3107	845	757	866
-2857	-43	3636	818	173	890
-2460	39	3624	767	-291	920
-2319	112	3644	843	-515	1017
-2246	48	3436	822	-966	1074
-1997	75	2924	740	-1224	1056
-1785	6	2435	653	-1139	1024
-1626	41	2189	522	-854	871
-1483	214	2101	382	-456	879
-1520	288	2232	317	-85	995
-1689	166	2620	255	120	1104
-1860	86	3005	197	59	1138
-1909	98	3208	138	-192	1192
-1924	163	3324	94	-432	1182
-1819	247	3308	-9	-654	1067
-1707	370	3193	-73	-695	1020
-1707	393	3128	-111	-685	905
-1655	366	3062	-98	-608	865
-1594	248	3127	-113	-374	805
-1595	161	3331	-159	-252	687
-1438	203	3522	-246	-165	542
-1383	348	3789	-364	-196	480
-1393	354	3784	-403	-319	464
-1364	127	3522	-352	-386	247
-1344	-9	3322	-213	-260	-48
-1399	15	3371	-53	1	-265
-1529	196	3605	44	219	-342
-1858	424	3876	71	241	-335
-2481	373	3960	12	91	-414
-2836	432	4201	68	89	-618
-2998	1095	4870	472	511	-225
-3466	835	6071	786	698	462
-3598	678	6606	682	-81	178
-3196	-17	5145	413	-864	-399
-2445	23	3428	307	-682	-1036
-2100	-131	2258	219	-94	-1441
-2295	-195	1650	124	569	-1818
-2568	-99	1794	103	1309	-1841
-2565	-8	2844	114	1756	-1735
-2644	119	4156	177	1319	-1466
-2699	53	4706	168	407	-1385
-2480	292	4622	73	-485	-1339
-2203	446	3958	-124	-1092	-1171
-2030	465	3229	-277	-1212	-1023
-1760	332	2671	-342	-1080	-830
-1494	-12	2067	-404	-740	-742
-1396	-247	1803	-413	-73	-945
-1395	-360	1914	-349	512	-1016
-1512	-636	2409	-303	807	-1213
-1603	-642	2890	-259	718	-1485
-1739	-494	3238	-166	306	-1541
-1784	-150	3227	-63	-202	-1404
-1676	187	3017	-10	-536	-1068
-1512	247	2867	34	-600	-650
-1403	34	2808	108	-446	-442
-1441	-182	2892	155	-150	-354
-1586	-367	3156	183	112	-263
-1690	-440	3486	219	261	-198
-1783	-501	3961	239	257	-271
-1714	-321	4161	221	-21	-397
-1516	-205	4107	149	-382	-453
-1348	-274	3709	88	-584	-439
-1240	-364	3408	24	-448	-446
-1341	-363	3498	39	-121	-347
-1483	-206	3814	30	133	-186
-1824	24	3964	-15	75	91
-2334	-161	3903	-144	73	343
-2801	-505	3940	-349	297	337
-3013	-960	4595	-443	677	281
-3464	-1177	5630	-433	892	108
-3539	-835	6137	-449	336	338
-3241	-533	5227	-359	-424	752
-1505	-263	3971	-13	-66	13
-1490	-332	4008	-15	-160	-39
-1534	-369	3966	-22	-301	-110
-1554	-246	3795	-14	-402	-121
-1515	-154	3625	-13	-363	-72
-1561	-111	3620	-66	-205	-12
-1625	-144	3750	-118	-52	86
-1704	-288	3981	-184	-15	39
-1908	-485	4128	-226	-167	-58
-2155	-625	4097	-176	-439	-167
-2002	-563	3961	-90	-534	-58
-2019	-327	3864	5	-457	198
-2037	-13	3852	49	-400	501
-1963	340	3500	14	-492	820
-1861	483	2836	-94	-472	1067
-1712	437	2457	-282	-195	1133
-1906	337	2563	-364	155	1096
-2228	160	3006	-295	388	1050
-2345	-270	3678	-101	490	901
-2191	-550	4238	78	488	501
-2223	-624	4514	209	222	207
-2175	-478	4590	391	-99	13
-1732	-197	3852	301	1204	446
-1732	-197	3852	301	1204	446
-1732	-197	3852	301	1204	446
-1732	-197	3852	301	1204	446
-1732	-197	3852	301	1204	446
-1732	-197	3852	301	1204	446
-1732	-197	3852	301	1204	446
-1980	-182	4643	210	716	62
-1822	72	4688	238	-54	6
-1569	109	4178	291	-600	70
-1313	195	3521	311	-714	104
-1098	258	3012	309	-407	127
-1043	363	2907	200	182	131
-1096	390	3243	60	617	135
-1286	380	3745	-46	710	112
-1362	180	4084	-112	511	19
-1324	119	4207	-131	224	-132
-1216	163	4073	-120	-110	-226
-1077	201	3699	-89	-222	-274
-987	209	3452	-50	-31	-312
-1024	256	3536	-33	307	-349
-1150	375	3751	-18	470	-314
-1410	553	3913	-32	424	-215
-1715	733	3916	-65	322	7
-1811	877	4259	-56	309	299
-2147	969	4763	141	247	627
-2679	762	5056	572	282	1043
-3183	221	5503	699	123	937
-3285	87	5684	448	-69	263
-3115	-285	5171	91	-36	-729
-2769	33	4273	38	290	-1357
-2631	129	3402	228	762	-1496
-2775	207	2929	465	1069	-1304
-2885	267	2842	568	1156	-1128
-2897	298	3103	437	1089	-970
-2804	341	3622	49	815	-1101
-2494	387	3825	-308	324	-1166
-2375	280	3882	-424	-159	-1051
-2210	178	3569	-393	-427	-835
-1938	204	3290	-393	-458	-512
-1831	36	2990	-468	-245	-404
-1739	-128	2780	-510	-162	-475
-1655	-275	2581	-599	-46	-726
-1464	-387	2424	-555	-194	-862
-1484	-503	2338	-455	-90	-1050
-1501	-445	2430	-361	-42	-1199
-1451	-360	2636	-330	-65	-1252
-1473	-328	2806	-254	-186	-1225
-1547	-237	2854	-169	-341	-1136
-1516	-138	2852	-70	-444	-945
-1491	-49	2813	91	-395	-724
-1535	-159	2955	246	-219	-562
-1558	-127	3026	303	-126	-460
-1879	2	3050	267	70	-265
-1938	186	3131	161	273	-83
-1723	77	3579	150	531	117
-1512	-492	4166	185	461	-2
-1545	-772	4483	175	181	-357
-1592	-808	4513	150	-348	-652
-1537	-568	4124	153	-842	-815
-1420	-281	3628	148	-929	-795
-2030	201	3752	-86	395	440
-2030	201	3752	-86	395	440
-2030	201	3752	-86	395	440
-2030	201	3752	-86	395	440
-2502	-153	3959	-254	522	553
-2796	-429	4604	-443	636	560
-3356	-950	5705	-542	687	497
-3572	-1148	6627	-653	158	273
-3490	-932	5925	-667	-927	389
-2568	-357	4027	-546	-1292	407
-1953	234	2590	-450	-619	687
-1964	328	1971	-270	187	990
-2167	219	1919	-7	917	1256
-2239	-67	2269	140	1622	1206
-2533	-176	3167	232	1949	1276
-2682	-365	4225	294	1659	1193
-2655	-394	4836	484	886	1021
-2512	-372	4785	687	-13	887
-2299	-481	4132	787	-804	717
-2005	-106	3256	737	-1279	492
-1577	488	2235	622	-1286	688
-1290	690	1555	535	-748	957
-1087	562	1299	467	27	1069
-1191	288	1544	420	840	1212
-1393	65	2320	303	1219	1243
-1682	121	3137	247	1056	1315
-1970	266	3745	157	362	1288
-2059	250	3745	23	-402	1117
-1891	413	3424	-133	-825	850
-1668	602	3074	-213	-840	780
-1613	473	2807	-230	-593	812
-1725	244	2872	-223	-203	728
-1897	-56	3067	-234	0	501
-1949	43	3374	-237	173	224
-1895	259	3648	-169	86	233
-1779	275	3679	-90	33	238
-1824	388	3716	10	179	53
-1990	364	3910	58	428	-122
-2420	365	4232	-83	600	-427
-3010	533	4713	-241	319	-692
-3279	1226	5055	20	554	-440
-3059	757	5774	409	631	372
-2905	355	5631	626	-191	385
-2626	-127	4272	516	-822	62
-2120	-245	3037	377	-676	-621
-2085	-131	2271	193	-241	-1173
-2407	274	2129	-34	382	-1458
-1722	255	3701	299	115	-172
-1751	200	3877	350	13	-6
-1793	337	3984	294	-77	83
-1815	419	4093	83	-102	214
-1721	14	3662	-78	310	251
-1721	14	3662	-78	310	251
-1721	14	3662	-78	310	251
-1721	14	3662	-78	310	251
-1721	14	3662	-78	310	251
-1721	14	3662	-78	310	251
-1721	14	3662	-78	310	251
-1892	-130	4009	-101	202	211
-1930	-180	4055	-140	-54	123
-1956	-230	3812	-182	-264	-66
-1924	-340	3345	-182	-243	-296
-1936	-541	3057	-144	6	-624
-1807	-745	2989	-66	379	-1016
-1573	-583	3179	81	548	-1203
-1501	-217	3462	199	695	-1075
-1669	117	3813	297	597	-798
-1863	90	4077	289	558	-612
-1825	164	4414	197	507	-483
-1710	296	4326	90	164	-314
-1681	352	4102	-85	15	-210
-1585	401	3864	-328	-19	-159
-1586	415	3751	-517	-11	-22
-1525	256	3689	-633	43	81
-1467	53	3704	-703	-2	48
-1410	-91	3675	-708	-76	100
-1355	-245	3582	-695	-103	216
-1290	-190	3607	-624	19	334
-1284	-207	3760	-557	60	457
-1276	-286	3916	-524	36	416
-1246	-182	3953	-501	-118	325
-1207	-129	3846	-459	-216	339
-1139	-146	3654	-416	-222	334
-1074	-290	3645	-322	-118	267
-1048	-267	3667	-280	0	185
-1101	-195	3741	-230	36	184
-1072	-177	3805	-166	-35	253
-1017	-189	3805	-132	-87	260
-924	-295	3796	-147	-70	238
-1016	-393	3763	-161	45	167
-1106	-482	3902	-158	91	-15
-1406	-517	4132	-131	68	-50
-1681	-528	4409	-157	38	-7
-2006	-300	4729	-285	-105	102
-2475	-295	4643	-375	-285	264
-2519	-540	4562	-265	67	306
-2359	-636	5673	-174	687	606
-2851	-807	6923	-509	992	485
-2806	-567	6961	-685	17	525
-2624	-623	4675	-607	-793	530
-2096	-171	2721	-336	-526	815
-1942	-147	1789	17	176	1151
-1929	-398	1482	340	1010	1200
-2069	-366	1955	477	1858	1005
-2408	-25	2953	429	2035	986
-2591	-110	4052	415	1651	929
-2754	-86	5056	540	877	819
-2618	-20	4951	560	-438	827
-2172	-120	3990	633	-1241	855
-1782	-223	3072	680	-1449	756
-1410	-222	2328	677	-1222	523
-1207	-156	1862	713	-618	354
-1054	-86	1741	744	38	255
-1228	161	1999	827	531	274
-1314	277	2410	833	857	427
-1450	483	2950	808	830	563
-1657	475	3392	723	548	671
-1685	641	3572	571	91	600
-1656	660	3379	422	-270	589
-1533	570	3156	290	-399	522
-1491	366	3154	197	-309	449
-1546	157	3268	121	-120	327
-1631	12	3599	33	10	105
-1773	108	3943	-25	-147	-76
-1799	82	3967	38	-382	-250
-1927	-48	3889	212	-328	-409
-2016	35	4059	315	-59	-604
-2481	574	4356	198	510	-726
-2918	1355	4906	100	830	-347
-3336	1714	5567	272	1122	-331
-3055	1298	6025	420	475	16
-2750	691	4859	370	-579	266
-2529	-522	3249	109	-918	-373
-2058	-1025	2096	-158	-667	-1389
-2188	-887	1526	-262	-86	-2083
-2271	-317	1870	-212	924	-2310
-1950	275	2972	-34	1343	-1970
-2208	515	4076	54	1317	-1518
-2570	1015	5008	100	736	-1024
-2756	1206	5223	-172	-225	-440
-2487	831	4348	-504	-1132	23
-2058	218	3174	-712	-1220	-82
-1498	-61	2283	-846	-971	-372
-1226	-219	1774	-884	-379	-433
-1124	-359	1802	-870	203	-535
-1242	-470	2166	-816	411	-762
-1282	-566	2410	-731	276	-923
-1406	-553	2687	-583	5	-964
-1383	-353	2671	-442	-285	-826
-1390	-179	2796	-253	-286	-655
-1299	78	2901	-83	-246	-361
-1334	80	3137	105	-76	-38
-1467	-136	3437	200	100	133
-1647	-505	3773	158	201	37
-1784	-604	4201	114	205	-165
-1787	-427	4558	58	-48	-326
-1744	-366	4514	-94	-417	-460
-1717	-193	4222	-273	-565	-486
-1852	96	4048	-354	-355	-158
-2466	-17	4088	-197	65	462
-3304	-304	4232	-11	683	869
-3230	-778	5157	-149	1489	1102
-3231	-1018	6177	-577	1227	436
-3166	-758	5523	-723	-197	131
-2808	-145	3642	-478	-1351	165
-2344	-53	2053	1	-1377	874
-1965	-336	1289	496	-421	1228
-1737	-319	1692	715	914	1231
-1963	-276	2756	696	1659	890
-2424	-251	3967	691	1884	443
-2789	-125	5023	775	1151	350
-2854	-143	5068	874	-68	466
-2599	143	4349	819	-1094	544
-2163	287	3208	618	-1601	606
-1639	345	2169	453	-1454	515
-1312	374	1550	392	-767	532
-1190	455	1410	391	99	732
-1552	673	4016	310	-1036	546
-1361	538	3708	41	-755	650
-1237	87	3664	-325	-292	356
-1293	-339	3611	-435	-122	-8
-1265	-412	3453	-350	-106	-239
-1307	-284	3255	-217	55	-215
-1400	-214	3344	-175	454	-166
-1542	-102	3817	-188	581	-220
-1542	-14	3944	-165	329	-264
-1505	92	3829	-105	107	-331
-1491	231	3644	-25	27	-319
-1421	297	3567	42	68	-200
-1417	323	3651	69	112	-48
-1435	233	3719	67	118	79
-1502	12	3687	71	96	94
-1668	-211	3583	107	98	-31
-1722	-326	3540	156	119	-238
-1781	-382	3571	225	89	-412
-2011	-355	3533	259	145	-609
-1950	-573	3467	230	346	-963
-1550	-466	3546	218	509	-1253
-1409	74	3770	254	559	-1194
-1673	434	4124	255	472	-901
-1698	392	4173	150	335	-754
-1486	300	4078	-18	270	-645
-1442	409	3786	-208	380	-553
-1606	398	3842	-418	524	-501
-1478	353	3799	-561	564	-392
-1485	291	3897	-650	587	-346
-1505	270	3998	-723	443	-352
-1471	237	3960	-729	210	-218
-1339	146	3889	-726	42	-93
-1220	55	3775	-671	-92	129
-1153	-35	3627	-610	-46	278
-998	-157	3576	-563	184	271
-991	-92	3759	-485	318	241
-1026	-220	3800	-441	248	233
-991	-390	3693	-349	230	95
-1035	-378	3673	-242	215	-22
-1018	-393	3642	-125	317	-29
-1037	-116	3817	-44	460	40
-919	60	3918	-53	380	182
-917	43	3951	-84	315	306
-1006	-51	4030	-129	295	353
-1108	-229	4125	-168	299	328
-1303	-231	4244	-252	299	321
-1513	-278	4240	-362	289	321
-2019	-482	3827	-459	339	124
-2324	-482	3837	-599	752	-105
-2788	-395	4615	-784	1100	-69
-3579	-538	6194	-909	1276	-122
-3791	-631	7180	-734	461	195
-3195	-1256	6280	-400	-814	498
-2531	-685	4057	-138	-1334	655
-2018	-635	2394	200	-737	864
-2075	-261	1831	443	101	900
-2202	-37	1436	300	736	767
-2281	163	1688	276	1724	709
-2712	99	2904	331	2070	637
-2893	-147	4049	474	1737	667
-3033	-255	4942	699	1084	855
-2948	-284	5167	804	-99	858
-2533	-179	4392	758	-1189	763
-2106	-5	3320	709	-1620	737
-1629	107	2402	695	-1450	609
-1211	211	1814	742	-937	509
-1098	319	1518	741	-177	510
-1188	377	1675	737	552	717
-1320	223	2182	706	1068	823
-1580	182	2994	705	1101	812
-1751	165	3557	627	495	679
-1785	358	3654	522	-148	584
-1722	519	3527	382	-598	506
-1625	529	3242	298	-956	423
-1447	432	2978	209	-911	265
-1432	277	3019	149	-598	130
-1540	242	3447	79	-291	-6
-1792	309	3973	-10	-315	-40
-1838	396	4061	35	-502	-94
-1825	335	4038	148	-371	-183
-2170	274	4234	169	-101	-382
-2874	471	4622	-40	102	-548
-3181	951	5254	-11	527	-676
-3558	1183	6191	354	584	-216
-3302	791	5752	624	-453	-45
-2857	-7	3702	558	-1222	-261
-1995	-532	2142	272	-973	-940
-1883	-562	1511	-4	-280	-1354
-1892	2	1642	-274	690	-1575
-1872	564	2723	-385	1300	-1206
-1989	581	3626	-346	1278	-669
-2327	612	4372	-359	995	-386
-2623	687	4676	-426	210	-140
-2416	440	4214	-514	-651	-30
-2021	63	3420	-634	-1118	-142
-1734	-487	2640	-736	-1077	-470
-1363	-673	2091	-694	-693	-836
-1239	-692	1968	-641	-100	-1044
-1228	-540	2094	-578	331	-1189
-1355	-330	2451	-488	562	-1259
-1438	-79	2888	-385	553	-1198
-1599	124	3123	-293	292	-1046
-1683	172	3310	-236	53	-835
-1599	108	3343	-252	-212	-691
-1501	-6	3314	-196	-367	-529
-1419	-203	3379	-137	-385	-384
-1451	-414	3608	-59	-259	-337
-1514	-473	3830	-31	-165	-436
-1472	-540	3950	-21	-194	-598
-1486	-577	3942	-99	-220	-748
-1625	-477	3850	-243	-118	-814
-1833	-170	4021	-277	203	-674
-2670	0	4519	-30	490	92
-3449	-476	4739	190	759	525
-3547	-1032	5025	118	1033	488
-3397	-1007	5626	-181	979	62
-2835	-487	5104	-307	-83	10
-2759	303	3542	-83	-879	261
-2326	245	2356	260	-808	825
-2073	-158	1983	609	-217	1025
-1924	-548	2216	746	533	959
-1934	-419	2872	768	1368	492
-2274	14	3903	837	1644	244
-2645	41	4516	875	1083	183
-2702	235	4606	825	128	303
-2406	463	4051	792	-687	615
-1967	502	3179	712	-1072	754
-1422	495	2333	624	-1009	784
-1184	615	1818	549	-628	845
-1102	569	1612	507	-109	1068
-1561	-215	3644	19	-215	-314
-1477	-161	3490	61	-146	-282
-1377	-244	3475	104	-3	-273
-1285	740	1530	747	-276	366
-1285	740	1530	747	-276	366
-1285	740	1530	747	-276	366
-1285	740	1530	747	-276	366
-1285	740	1530	747	-276	366
-1285	740	1530	747	-276	366
-1285	740	1530	747	-276	366
-1285	740	1530	747	-276	366
-1285	740	1530	747	-276	366
-1285	740	1530	747	-276	366
-1285	740	1530	747	-276	366
-1285	740	1530	747	-276	366
-1285	740	1530	747	-276	366
-1285	740	1530	747	-276	366
-1285	740	1530	747	-276	366
-1285	740	1530	747	-276	366
-1285	740	1530	747	-276	366
-1285	740	1530	747	-276	366
-1285	740	1530	747	-276	366
-1285	740	1530	747	-276	366
-1285	740	1530	747	-276	366
-1285	740	1530	747	-276	366
-1285	740	1530	747	-276	366
-1285	740	1530	747	-276	366
-1285	740	1530	747	-276	366
-1285	740	1530	747	-276	366
-1285	740	1530	747	-276	366
-1285	740	1530	747	-276	366
-1285	740	1530	747	-276	366
-1285	740	1530	747	-276	366
-1285	740	1530	747	-276	366
-1285	740	1530	747	-276	366
-1285	740	1530	747	-276	366
-1285	740	1530	747	-276	366
-1285	740	1530	747	-276	366
-1285	740	1530	747	-276	366
-1285	740	1530	747	-276	366
-1285	740	1530	747	-276	366
-1285	740	1530	747	-276	366
-1285	740	1530	747	-276	366
-1285	740	1530	747	-276	366
-1285	740	1530	747	-276	366
-1285	740	1530	747	-276	366
-1285	740	1530	747	-276	366
-1285	740	1530	747	-276	366
-1285	740	1530	747	-276	366
-1285	740	1530	747	-276	366
-1285	740	1530	747	-276	366
-1285	740	1530	747	-276	366
-1285	740	1530	747	-276	366
-1285	740	1530	747	-276	366
-1285	740	1530	747	-276	366
-1285	740	1530	747	-276	366
-1285	740	1530	747	-276	366
-1285	740	1530	747	-276	366
-1285	740	1530	747	-276	366
-1285	740	1530	747	-276	366
-1285	740	1530	747	-276	366
-1285	740	1530	747	-276	366
-1285	740	1530	747	-276	366
-1285	740	1530	747	-276	366
-1285	740	1530	747	-276	366
-1313	713	1795	634	455	634
-1532	444	2396	555	781	837
-1752	83	3021	476	748	906
-1771	-89	3508	415	389	890
-1819	-62	3577	362	-150	757
-1870	-11	3426	266	-551	484
-1688	75	3155	195	-704	256
-1502	216	2862	169	-736	164
-1315	232	2626	143	-416	129
-1385	14	2889	78	180	-9
-1536	-17	3683	27	518	-280
-1764	49	4512	7	252	-353
-1832	-72	4890	42	-334	-458
-1835	-28	4756	95	-661	-607
-1842	-4	4542	93	-558	-783
-2371	449	4563	-4	-165	-872
-2793	748	4653	109	289	-433
-2861	626	5125	674	823	-310
-2945	-145	5048	907	249	-389
-3092	-806	4144	658	-602	-862
-2847	-1344	3175	302	-967	-1464
-2343	-1112	2650	51	-737	-1834
-1926	33	2612	-50	-212	-1963
-1750	1008	2938	-182	499	-1611
-1916	1404	3465	-242	966	-918
-2207	1126	4092	-393	986	-95
-2457	528	4463	-598	345	253
-2229	24	4085	-758	-484	315
-1726	-609	3281	-936	-987	18
-1353	-896	2533	-1099	-1078	-407
-1038	-914	1925	-1095	-882	-707
-886	-758	1555	-1123	-518	-1011
-859	-427	1484	-1015	-121	-1074
-909	-226	1753	-739	231	-906
-1016	-158	2290	-476	379	-699
-1209	-164	2901	-288	488	-611
-1338	-118	3520	-90	522	-259
-1340	-279	4028	137	340	38
-1497	-421	4277	186	-26	180
-1623	-601	4222	93	-360	65
-1439	-580	4131	-50	-385	-241
-1162	-337	4143	-123	-360	-361
-984	-459	4060	-248	-365	-466
-1112	-918	4032	-499	-270	-887
-1610	-783	4105	-733	-77	-1318
-2334	-231	4201	-622	-52	-773
-3274	-658	4181	-222	-48	-217
-2921	-2017	4517	-121	1069	157
-2894	-2207	6389	-225	1957	-436
-3088	-1344	6558	-190	395	-377
-3078	-16	4551	69	-999	-9
-2328	316	2714	214	-1153	669
-1898	-85	1813	475	-595	1107
-1687	-523	1635	739	683	1121
-1661	-553	2472	776	1715	877
-2025	-530	3631	663	2136	622
-2400	-542	4769	763	1807	560
-2626	-458	5094	945	675	580
-2580	6	4491	914	-579	740
-2063	257	3537	743	-1365	964
-1494	328	2548	561	-1418	977
-1130	312	1786	562	-1093	1116
-875	434	1283	651	-482	1419
-997	432	1238	559	223	1760
-1127	555	1734	374	797	1789
