-395	-170	3684	-63	666	71
-402	-155	3914	-31	758	225
-395	-262	3973	-48	820	302
-529	-482	4218	-108	921	333
-716	-630	4543	-122	811	276
-794	-534	4507	-59	458	348
-992	-487	3923	-38	-92	330
-1200	-291	3271	-69	-321	152
-1733	-66	2964	-101	-194	413
-2029	215	3499	135	178	768
-1262	374	3742	406	633	1151
-481	-9	4671	379	1011	1256
-838	-535	5742	337	857	722
-1166	-596	5879	449	608	-10
-1083	-325	4941	717	444	-355
-896	-170	4188	820	494	-441
-805	-65	3729	875	394	-503
-573	49	3150	893	122	-416
-328	-55	2521	878	59	-319
-73	-13	2223	753	258	-405
-233	167	2642	504	552	-454
-412	553	3553	242	562	-348
-560	946	4659	8	308	-50
-636	894	5500	-150	-66	135
-264	473	6067	-242	-143	-8
-269	23	6517	-121	-512	-17
-424	-394	6178	88	-1287	-46
-62	-451	5099	244	-1766	-240
-76	-422	4282	165	-1542	-639
-1580	321	3907	-151	-1177	-844
-2589	554	2788	-3	36	-769
-2934	809	3550	115	807	-1110
-3361	141	4511	252	566	-357
-3442	-857	5337	439	9	-137
-2527	-488	5219	622	-548	-96
-1742	419	4524	510	-332	35
-1403	1378	4354	-106	236	-220
-965	1208	3989	-887	453	-1
-861	246	4018	-1357	576	107
-960	-54	3811	-1629	-182	-96
-751	82	2932	-1659	-1006	-269
-444	170	1938	-1441	-1555	-146
-167	290	909	-1211	-1615	-14
31	487	369	-877	-955	589
-99	-151	1034	-565	425	1103
-840	-707	2797	-31	807	844
-664	-694	3556	402	121	995
-196	-985	3910	718	45	1573
59	-1246	4838	680	309	1279
-244	-1133	5953	401	409	463
-412	-1090	6959	473	-134	-17
129	-147	6277	261	-968	-495
-1178	-30	5615	-32	-1619	-287
-2942	-186	2969	323	-2241	324
-4025	-292	1173	233	-48	795
-3241	672	3668	-189	2218	1531
-3578	861	7219	-370	1436	801
-3350	858	8116	-303	-403	-743
-2057	63	6488	159	-1385	-662
-1034	-798	3959	874	-1295	-491
-427	-1433	2530	1524	-347	-495
-103	-1326	2181	1745	588	-436
-492	-990	2560	1355	1300	-1193
-814	-77	3111	1080	888	-1919
-732	535	2957	1014	-340	-1843
-223	855	2068	1055	-1148	-1495
106	917	1501	808	-896	-1011
-37	508	1834	305	-137	-374
-245	131	2834	-54	19	-259
-267	-35	3729	-266	-368	-624
-261	214	4253	-321	-804	-1083
-596	348	4384	-302	-879	-1352
-564	707	4931	-331	-522	-1141
-451	896	5125	-180	-950	-587
-965	706	4905	1	-899	-162
-2607	66	4442	48	-518	-762
-3179	878	3916	805	1000	-366
-2029	333	5459	1469	1670	760
-3663	-965	7246	995	591	870
-3195	-468	6920	718	-1241	189
-1664	1648	4456	336	-1644	269
-845	1718	3702	-379	-131	707
-729	1106	3899	-957	886	884
-941	-75	3723	-1259	854	813
-832	-612	3272	-1341	375	472
-736	-698	2641	-1362	-228	295
-470	-827	1947	-1243	-536	116
-225	-469	1484	-784	-422	-91
84	63	1407	-223	191	289
-119	145	1907	-87	728	771
-364	-157	2873	-58	855	843
-574	-32	3611	29	423	767
-167	54	4032	80	-37	1206
-234	170	4597	161	-325	1935
-527	-465	4948	249	-458	1928
-459	-2013	5520	131	-240	1032
-80	-2351	5821	-241	-483	-250
-236	-654	5338	-759	-1143	-936
-2482	274	4372	-938	-1225	-552
-4168	18	2842	-986	-88	-522
-3224	551	3774	-834	1434	22
-2811	1207	5848	-633	952	208
-2918	1624	6928	-577	-592	285
-2131	337	5922	-463	-1450	126
-1378	-696	4354	-23	-1057	-4
-944	-986	3404	681	-129	-6
-779	-1120	3223	999	644	-177
-712	-565	3400	891	959	-574
-947	-17	3757	690	623	-981
-855	446	3731	476	-231	-1102
-541	517	2838	425	-1171	-1065
-176	318	1789	296	-1029	-1256
-29	164	1641	153	-191	-1417
-204	163	2437	2	343	-1350
-126	371	3192	-35	-66	-1083
31	697	3447	-76	-573	-832
-87	883	3656	-5	-780	-529
-376	811	3908	-25	-713	-533
-606	788	4416	-185	-304	-456
-76	434	5043	-238	-41	-232
-121	555	5661	168	-391	327
-636	-141	5225	242	-772	221
-1177	-593	4506	513	-138	-307
-2938	-84	4573	718	337	-568
-2924	705	4680	954	365	279
-2666	-218	5644	756	264	803
-2594	-598	5634	445	-331	456
-1692	211	4973	201	-370	117
-1059	573	5008	-1192	1549	-9
-1766	845	5137	-1217	134	5
-498	-226	4248	110	526	-10
-459	-264	4260	167	483	-239
-457	-128	4119	190	401	-453
-429	131	3912	272	456	-475
-434	343	3847	326	597	-355
-464	409	3765	352	692	-236
-484	307	3786	375	759	-167
-470	196	3795	352	763	-115
-469	250	3818	276	723	-88
-481	414	3856	202	704	44
-418	445	3813	162	702	193
-367	280	3838	155	883	300
-389	31	4005	122	952	222
-373	-76	4075	96	824	94
-394	-104	3950	110	706	-13
-279	-107	3930	108	647	-137
-79	-17	4028	83	656	-221
-111	174	4185	90	673	-196
-293	345	4428	108	607	-66
-447	428	4772	108	483	25
-619	274	5012	176	163	16
-484	573	5335	205	-97	128
-397	711	5872	226	-387	331
-676	1155	5911	139	-894	154
-1119	1249	5001	-24	-731	-78
-2231	769	4726	-278	195	-444
-2701	482	4797	-484	287	-396
-2985	-570	4549	-475	112	-470
-2975	-1160	4154	-389	30	-1099
-2359	-1086	4090	-166	628	-885
-1753	-330	4672	-37	1259	-466
-1408	481	4786	-139	1225	-176
-904	805	4027	-502	718	-30
-638	638	3196	-980	232	-130
-342	20	2442	-1386	-15	-388
-278	-449	1935	-1453	-382	-816
-122	-456	1116	-1331	-922	-1060
194	-579	735	-591	-378	-729
-257	-616	1807	138	744	-173
-1084	-134	3437	432	807	163
-809	231	4225	578	292	662
-249	66	5137	591	-123	980
-281	-127	6144	337	-603	892
-735	349	6354	-128	-1368	638
-511	481	5669	-492	-1783	900
-463	-482	4793	-493	-1953	945
-922	-1035	3718	-404	-1638	706
-2412	-1026	2868	-269	-1179	994
-3635	-1709	1583	-466	307	651
-3042	-698	3959	-536	2093	530
-3876	725	7308	-263	217	244
-3825	1556	6958	-245	-1434	143
-2204	422	5529	-363	-1354	-3
-1821	-642	4429	-211	-363	-112
-1777	-1579	3851	592	36	-276
-1181	-1436	2982	1453	-111	-588
-770	-255	2632	1736	143	-751
-534	446	2747	1557	165	-306
-289	508	2653	1010	-40	-211
-244	390	2293	457	-186	-526
-247	269	1872	135	-261	-672
-159	243	1827	-94	-70	-748
-196	126	2447	-233	-80	-612
-116	126	3101	-255	-489	-322
-184	241	3548	-86	-954	-153
-662	-439	3828	68	-785	-637
-1053	-810	4497	22	-570	-1646
-429	18	4854	175	-650	-1718
-330	824	5087	493	-878	-1152
-1857	414	4727	441	-886	-1271
-3490	1067	3509	643	-244	-1609
-2297	1543	3742	1551	1614	408
-3602	7	7593	1143	1370	912
-4478	-1082	8210	613	-1324	96
-2592	-86	5139	374	-2252	-293
-1624	814	3359	-55	-989	-49
-1138	694	3622	-499	650	328
-867	484	4134	-791	1053	551
-943	-116	3636	-1116	849	636
-972	-578	3155	-1222	739	337
-780	-781	2611	-1331	549	-114
-394	-539	2042	-1379	216	-514
-229	-76	1747	-1103	25	-683
175	461	1700	-348	124	-80
-189	629	2305	147	411	870
-181	288	3046	378	502	1576
-395	-283	4152	464	247	2043
-728	-710	4695	244	-688	1858
-669	-861	4336	-17	-1200	1575
-10	-1165	4357	-85	-826	1212
244	-1206	4517	-417	-794	545
-555	-491	4063	-633	-1156	591
-3181	-345	3541	-481	-1316	1002
-4755	-948	1821	-760	578	302
-2775	-482	4211	-1197	3192	-311
-3408	467	7821	-1018	2018	-865
-3990	1646	9006	-785	-852	-544
-2518	972	6906	-628	-2763	627
-1455	-216	4524	-104	-2554	698
-528	-405	3201	542	-1150	868
-754	-930	2835	987	17	718
-498	-1155	2650	1246	791	224
-761	-719	2981	969	1255	-522
-1002	-419	3428	651	1036	-986
-1118	-235	3524	400	245	-1374
-825	-12	2795	392	-549	-1604
-385	71	2183	335	-545	-1754
-24	387	2166	154	-283	-1789
-137	736	2495	7	-53	-1541
-163	965	3028	-127	45	-1125
-266	694	3748	-219	-227	-750
-568	282	4066	-182	-950	-883
-576	132	3645	-95	-1234	-1022
-223	438	3523	80	-800	-787
47	883	4196	506	-96	-168
-974	634	5077	659	60	109
-2091	19	4816	491	-458	-481
-3027	540	3632	752	588	-257
-2585	-144	4997	937	1347	-92
-3557	-1112	6833	562	370	-44
-3338	-1112	6494	326	-1121	-261
-1913	359	4964	112	-1403	-460
-1200	1049	4368	-135	-761	-62
-1080	1039	4501	-259	33	441
-1025	781	4550	-454	208	906
-1018	345	4133	-674	40	1299
-1085	-269	3718	-941	-259	1251
-958	-715	3078	-1116	-604	784
-754	-523	2244	-1170	-704	424
-407	-407	1605	-1002	-150	583
-500	276	3931	265	564	-38
-497	309	3914	220	511	49
-476	385	3798	196	542	112
-471	453	3785	202	675	222
-431	425	3814	182	758	313
-405	340	3852	140	825	383
-428	261	3963	92	765	428
-423	233	3955	76	690	436
-383	179	3913	83	731	441
-358	53	3964	92	781	318
-276	61	3995	86	763	212
-228	157	4041	80	706	194
-260	173	4120	57	656	136
-379	138	4200	71	591	19
-509	129	4378	88	621	33
-583	147	4773	125	638	30
-778	-54	5113	254	525	-36
-540	128	5282	412	174	-52
-307	290	5805	417	-319	-40
-989	477	5538	208	-994	-507
-1862	826	4344	-47	-721	-708
-2025	285	4233	-86	448	-941
-2167	-109	4597	-144	211	-1435
-2378	-295	3869	-6	-284	-1244
-2246	-177	3261	26	-167	-969
-1894	46	3701	-33	525	-637
-1668	318	4698	-192	682	-405
-1504	192	4696	-360	374	-531
-1239	225	4215	-551	38	-844
-967	217	3686	-771	-202	-1017
-716	132	3114	-985	-257	-1158
-654	66	2713	-1038	-249	-1191
-491	303	2275	-1012	-192	-1094
-430	390	2162	-843	164	-669
-554	230	2621	-557	413	-247
-848	58	3264	-325	276	37
-922	-247	3816	-69	-139	373
-725	-429	4035	136	-334	570
-531	-196	4350	276	-267	841
-491	35	4990	302	-499	1295
-732	-195	5148	200	-1096	1363
-798	-389	4496	161	-1548	1067
-271	-918	3738	119	-1271	857
-115	-1406	3934	-262	-424	479
-744	-1428	4669	-653	-74	-18
-1618	-857	4763	-590	-345	-59
-3015	-1244	3884	-400	-379	-542
-3131	-47	3219	-378	217	-744
-2843	862	4142	-237	379	124
-2925	1970	5486	-244	-156	560
-2643	2039	5769	-464	-409	1087
-2239	134	5591	-355	-649	1130
-1732	-1398	4856	69	-480	571
-1389	-2194	4086	796	-389	-10
-966	-1575	3145	1379	-498	-512
-475	-348	2547	1480	-185	-438
-368	560	2516	1185	144	-280
-460	935	2551	804	158	-328
-430	1006	2307	598	-82	-276
-297	819	1865	396	-227	-259
-241	340	1823	29	47	-293
-421	30	2433	-248	69	-327
-413	57	3169	-507	-148	-151
-571	265	3959	-575	-423	74
-701	-66	4672	-399	-364	-186
-919	-407	5162	-119	-387	-992
-629	110	5220	4	-375	-1101
-366	363	5132	247	-360	-718
-235	616	5344	787	-228	-480
-906	339	5496	1075	-444	-324
-1344	249	4567	1007	-789	-614
-2618	88	3354	853	-314	-1071
-3017	247	3298	899	630	-1264
-2859	226	4381	881	881	-383
-2603	-422	5450	573	237	209
-2151	-692	5325	457	-342	-32
-1476	33	4946	252	-561	-639
-1317	638	4558	-212	-180	-927
-753	1258	4218	-690	-191	-817
-428	1267	3789	-967	-57	-173
-627	346	3342	-1081	-196	243
-664	-248	2670	-1132	-253	107
-675	-280	2157	-1093	-165	-101
-599	-105	1945	-866	23	115
-360	170	2323	-431	498	713
-476	90	3275	-119	567	1101
-732	90	3630	23	171	1290
-577	-42	3655	69	-120	1566
-267	-260	3776	19	-398	1693
-251	-255	3781	-122	-515	1546
-498	-361	3694	-164	-299	1338
-867	-934	4301	54	-154	1143
-610	-1745	4473	159	-615	812
56	-1503	4174	-383	-206	254
-982	-886	4723	-754	-305	-37
-2475	-550	4190	-588	-547	-6
-3488	215	3538	-650	431	-413
-3127	464	4566	-614	1564	-347
-2752	741	6016	-472	1082	-591
-2568	943	6413	-376	-398	-520
-2156	574	5625	-369	-1103	-219
-1671	-170	4930	-128	-1426	-69
-1031	-253	3674	332	-984	-27
-771	-430	3100	677	-112	150
-654	-448	2804	741	605	-82
-895	10	3233	510	1067	-278
-1136	156	3688	351	744	-311
-1202	103	3605	292	8	-379
-844	-107	2969	311	-530	-500
-611	-125	2507	240	-497	-815
-483	-59	2530	124	-140	-1018
-529	7	2909	69	131	-1102
-468	249	3479	-64	358	-1091
-552	482	4189	-179	211	-846
-539	381	4542	-238	-353	-754
-562	199	4518	-196	-1024	-900
-472	-6	3872	-70	-1311	-1119
-360	310	3259	-44	-815	-1170
-14	856	3527	130	285	-477
-79	624	4898	482	721	-25
-713	218	5563	714	154	-91
-1364	-429	5526	774	-520	-244
-2022	-355	4703	787	-604	-351
-1980	31	3888	798	97	-548
-2064	328	4013	791	457	-392
-2242	-251	4502	521	195	-602
-2328	-184	4668	229	-257	-470
-1711	-29	4574	150	-171	-290
-1266	507	4724	-65	-278	-153
-1211	813	4467	-248	-363	119
-2833	769	3106	-792	266	753
-2778	1128	4134	-765	616	1664
-2792	933	5436	-408	-35	1921
-2179	-122	5707	-206	-558	1372
-1321	-1297	5313	0	-894	562
-730	-1693	4479	484	-879	-16
-838	-1835	3416	1122	-521	-483
-608	-1355	2740	1405	-16	-970
-554	-666	2778	1168	542	-1284
-842	50	3083	951	383	-1494
-774	778	2893	846	-163	-1324
-491	1091	2228	717	-503	-1007
-292	1099	1832	459	-211	-797
-322	948	2191	77	275	-506
-477	634	3038	-156	492	-97
-536	108	3797	-180	203	19
-479	-510	4290	-177	-336	-399
-453	-964	4457	-131	-713	-1018
-570	-388	4497	-219	-212	-1385
-635	497	5368	-260	110	-848
-249	794	5814	320	-276	-289
-461	206	5594	767	-790	-301
-1097	-392	5008	815	-877	-544
-1928	17	3850	902	-220	-563
-2383	-540	3610	1136	410	-761
-3018	-751	4186	934	502	-1535
-2934	-555	5413	486	-3	-1617
-2179	376	5238	347	-500	-922
-1451	1074	4895	117	-470	-657
-1046	1477	4449	-254	-390	-545
-801	1656	4055	-669	-19	24
-624	1044	3758	-1063	234	601
-548	23	3526	-1387	180	682
-479	-669	2914	-1583	-139	270
-299	-817	2067	-1558	-257	-151
-289	-559	1618	-1291	124	-216
-317	-175	1548	-795	457	309
-362	-253	2064	-289	1056	782
-376	-380	3205	-35	1135	890
-411	-567	3989	12	662	936
-401	-394	4229	-22	253	941
-233	-119	4466	-98	-93	1086
-256	-54	4675	-168	-415	1239
-643	-535	4540	-141	-567	1225
-664	-1281	4207	38	-828	777
199	-1111	4040	-445	-373	460
-1883	-999	5127	-1251	112	658
-3501	-1168	4268	-1718	328	157
-3392	513	3940	-1701	885	430
-1894	1342	4757	-1046	963	1411
-2027	1774	6425	-551	157	1215
-2308	1081	6910	-466	-1178	1244
-1751	-601	5806	-398	-2024	1328
-1286	-1316	4075	-6	-1685	1108
-1129	-2084	3260	679	-706	775
-690	-2176	2711	1236	-134	-140
-493	-1142	2846	1260	828	-855
-831	-100	3737	814	1440	-938
-1328	231	4448	628	628	-850
-979	422	3590	587	-611	-840
-551	526	2294	528	-746	-747
-360	444	1760	442	-135	-651
-357	346	2315	300	596	-619
-539	128	3306	81	938	-593
-618	88	4056	-39	527	-600
-408	-52	4166	-90	-54	-610
-178	-268	4335	-160	-428	-914
-524	-286	4364	-212	-995	-1406
-654	417	3772	-171	-1417	-1253
-64	1020	3435	242	-792	-407
110	676	4306	657	-36	-157
-622	-337	5182	724	-291	-240
-1606	-744	5140	684	-602	-644
-2487	-351	4130	1097	-240	-267
-2277	-92	3721	1402	769	-224
-2624	-1097	5229	1131	736	-831
-2927	-888	5512	750	-379	-1101
-2310	388	4653	660	-210	-610
-1567	1244	4754	318	188	-118
-1207	1783	4972	11	43	341
-1067	1604	4723	-400	-108	974
-1014	535	4132	-827	-342	1320
-745	-371	3327	-1200	-395	1197
-488	-664	2757	-1370	-248	830
-523	-473	2340	-1331	-242	683
-314	-305	1750	-1134	-35	846
-178	-248	1850	-744	694	1218
-311	-605	2578	-359	1214	1452
-467	-932	3373	-61	1223	1396
-561	-1115	3901	138	907	1202
-563	-1245	4193	248	432	818
-273	-1013	4168	280	-51	291
-161	-914	4042	337	-292	-63
-258	-988	4095	357	-100	-511
-285	-957	4517	298	27	-811
-145	-1088	5131	120	-16	-1060
-555	-934	5700	-137	-349	-1452
-1160	-278	5134	-169	-1188	-1377
-1770	-292	3869	-196	-882	-808
-1910	53	3363	-387	105	-424
-1667	723	3455	-606	294	-38
-1990	1679	4180	-468	130	561
-2075	922	5039	-264	81	574
-1511	-687	5931	-122	99	-14
-1092	-1762	5827	259	-457	-712
-1029	-1890	4683	779	-576	-1098
-751	-1354	3804	1350	-274	-1236
-378	-506	3451	1445	26	-1155
-389	65	3252	1298	49	-1184
-320	714	2852	1134	-136	-1100
-437	822	2376	947	-218	-949
-489	393	1933	676	62	-1045
-587	-160	2061	310	495	-1396
-390	-88	2713	16	666	-1462
-322	459	3665	-173	646	-934
-391	785	4544	-226	428	-278
-387	593	5044	-230	-175	-224
-449	440	4701	-212	-915	-581
-451	494	4153	-285	-1123	-769
-328	152	4021	-441	-822	-797
-97	182	4274	-345	-252	-483
230	37	4775	118	300	-131
-82	-133	5272	467	327	12
-983	-758	5564	344	-19	-221
-1471	-568	5078	151	-88	-907
-2029	161	4669	144	67	-889
-2352	9	3976	229	-268	-692
-2168	-89	3139	194	-216	-874
-1704	-208	3792	-124	442	-723
-1706	53	5148	-362	614	-462
-1075	60	4018	137	107	-351
-1106	-18	4073	117	57	-279
-1102	-115	3988	82	-30	-260
-1058	-87	3823	45	-21	-261
-1066	-21	3843	22	57	-220
-1091	29	3917	38	138	-188
-1075	28	3980	47	148	-140
-994	-44	3987	13	86	-145
-967	-86	3878	-22	80	-167
-915	-68	3801	-42	143	-164
-979	4	3798	-54	193	-108
-1050	-5	3798	-39	238	-60
-1015	-22	3946	-17	326	-74
-1056	-29	4141	-30	321	-88
-1096	-106	4149	-70	208	-183
-1072	-153	3974	-124	149	-346
-1000	-191	3864	-208	243	-483
-971	-188	3826	-251	352	-529
-827	-102	3855	-233	423	-416
-700	115	3991	-208	433	-196
-739	412	4127	-183	352	168
-728	520	4224	-209	317	573
-673	362	4221	-249	256	813
-636	50	4140	-310	247	854
-640	-369	4090	-373	271	676
-682	-571	3941	-355	244	398
-656	-647	3797	-308	302	128
-648	-593	3675	-288	458	-107
-700	-390	3644	-272	629	-209
-773	-223	3707	-276	744	-150
-804	-162	3866	-258	834	-82
-812	-199	4150	-210	794	-97
-746	-320	4171	-163	562	-173
-626	-447	4018	-155	388	-274
-634	-505	4003	-144	280	-375
-681	-461	4022	-93	204	-393
-713	-328	4072	-5	204	-248
-610	-319	4282	68	228	-89
-546	-541	4536	66	174	-62
-514	-813	4916	59	177	-168
-637	-749	5377	68	121	-194
-708	-495	5540	103	-12	-168
-506	-333	5628	150	-210	-38
-265	-334	5413	165	-540	134
-58	-503	4771	50	-729	166
87	-274	3980	-78	-928	261
-1463	137	3009	-16	-1604	625
-3007	86	1223	287	-1542	1073
-2861	137	1286	410	984	1594
-2439	22	4287	399	1899	1583
-2647	102	6246	220	718	300
-2444	-319	6378	11	-229	-355
-1784	-584	5867	85	-744	-789
-1088	-522	4564	610	-973	-536
-644	-403	3266	1012	-700	-229
-538	-186	2725	1018	78	-265
-859	71	2933	897	368	-585
-860	350	2862	806	-22	-684
-686	431	2409	688	-374	-559
-637	477	2110	545	-244	-368
-722	285	2390	357	155	-263
-697	180	3133	61	192	-363
-468	222	3797	-199	-165	-379
-345	312	3957	-288	-710	-348
-255	560	3823	-199	-886	-284
-187	581	3930	-26	-653	-211
-561	487	4443	35	-290	-206
-734	696	4715	-31	-424	160
-133	661	4795	142	-213	448
-653	-7	5252	440	226	294
-1929	-545	5708	459	95	-240
-3178	-11	4766	656	-186	-497
-2226	135	3892	954	-117	-368
-2975	-398	4579	575	-253	-529
-3096	-338	4867	307	-641	-463
-1999	97	4552	308	-582	-385
-1481	893	4216	183	8	-223
-1320	1338	4627	-176	691	267
-1325	1334	4841	-732	418	633
-896	540	4196	-1072	-100	789
-757	-228	3482	-1324	-403	403
-758	-630	2615	-1422	-748	-82
-661	-532	1794	-1330	-581	-442
-396	-261	1318	-863	9	-240
-329	117	1618	-204	821	380
-545	108	2780	283	1228	785
-976	253	3987	472	850	898
-899	458	4324	459	173	1285
-718	456	4223	336	-269	1537
-554	425	4236	159	-527	1864
-601	-30	4143	49	-598	1756
-609	-738	4332	127	-555	1344
-309	-1094	4101	69	-844	1109
-232	-1255	3606	-151	-618	1102
-964	-318	3847	-329	-247	1010
-3016	-157	3551	-179	-195	1525
-3595	-440	2979	-669	1489	-31
-2900	392	5303	-579	2188	-263
-2811	646	7371	-472	801	-210
-2488	674	6919	-487	-985	-309
-2032	-142	5370	-380	-1669	-369
-1411	-427	3878	32	-1479	-695
-1032	-392	3015	416	-538	-454
-1026	-536	2919	640	439	-181
-1304	-295	3400	675	977	-401
-1380	193	3913	469	736	-685
-1342	318	3964	360	-102	-919
-1022	307	3210	346	-752	-1098
-710	91	2478	348	-787	-1245
-493	-38	2075	263	-380	-1392
-453	-85	2368	122	125	-1515
-440	70	2961	-9	237	-1554
-430	423	3402	-150	81	-1471
-405	786	3795	-305	-72	-1267
-549	868	4232	-394	-429	-991
-727	616	4453	-359	-983	-931
-548	490	3996	-333	-1297	-1064
-130	687	3684	-4	-636	-653
168	354	4317	441	189	-173
-190	118	5159	701	393	9
-1119	-512	5826	734	19	-322
-2299	-197	5324	790	-513	-726
-2727	184	4269	860	-449	-986
-2602	467	3567	944	-198	-674
-2432	-89	4223	668	202	-715
-2409	-209	4731	318	-118	-456
-1882	-143	4873	197	-277	-425
-1436	650	4814	-11	-530	-462
-1263	1152	4541	-238	-519	-139
-991	1341	4152	-536	-466	329
-561	226	3365	528	750	728
-675	93	3518	476	835	710
-811	34	3721	369	719	578
-801	112	3845	267	589	533
-727	282	3966	152	506	593
-615	431	4054	46	417	768
-497	467	4109	-51	302	935
-472	371	4136	-150	193	990
-503	151	4132	-205	38	876
-545	35	3942	-273	-24	681
-490	60	3874	-315	6	598
-500	167	3918	-340	102	572
-565	190	4031	-339	118	529
-636	49	4285	-316	101	346
-613	-163	4558	-296	86	81
-516	-275	4920	-288	21	-259
-377	18	5190	-256	-227	-406
-427	697	5140	-138	-449	-269
-662	1156	4907	6	-361	66
-968	1149	4677	253	139	349
-1310	683	4971	239	218	378
-1873	170	4817	-138	-297	135
-2238	-366	3828	-300	-761	-183
-2207	-308	2929	-200	-486	-619
-2197	-170	3366	-112	108	-704
-2166	1	4273	-72	221	-479
-1894	166	4676	-39	-29	-79
-1561	440	4731	-151	-289	398
-1550	288	4595	-406	-275	276
-1060	169	4217	-755	-475	-178
-842	59	3712	-1116	-467	-461
-644	-123	3193	-1336	-530	-583
-635	45	2580	-1442	-655	-552
-552	236	2081	-1292	-461	-33
-506	23	1912	-857	52	621
-774	-281	2615	-327	507	862
-927	-406	3304	52	378	846
-710	-460	3647	181	56	742
-416	-459	3831	206	-44	802
-290	-293	4186	141	11	897
-398	-225	4815	54	-191	952
-408	-181	4927	-69	-575	839
-367	-148	4916	-54	-816	878
-206	-732	4771	78	-1047	938
265	-1157	4674	-281	-657	492
-243	-816	4654	-592	-714	336
-1156	31	4047	-512	-936	638
-2471	332	3168	-329	-593	1187
-3371	457	2544	-459	412	1360
-3230	600	4258	-740	1649	1397
-2961	896	6971	-739	591	1374
-2413	40	7091	-772	-998	771
-1695	-1133	5714	-505	-1584	552
-1126	-1967	4270	175	-1563	216
-643	-1779	3112	964	-1001	-203
-385	-1217	2318	1357	-278	-541
-475	-441	2160	1261	488	-906
-581	137	2380	984	544	-952
-513	535	2196	740	235	-929
-499	668	1962	551	-26	-760
-254	408	1678	358	171	-633
-385	172	2091	116	768	-657
-623	201	3280	-106	1059	-533
-801	419	4555	-354	890	-352
-1086	458	5401	-427	298	-272
-601	267	5410	-245	-748	-430
-502	87	5094	-193	-1242	-763
-409	29	4639	-156	-1107	-895
-197	20	4433	142	-626	-706
115	126	4633	678	-191	-316
-289	-23	4866	980	-84	-378
-1070	-225	4917	899	-165	-763
-2381	550	4223	1061	192	-569
-2365	588	3625	1344	475	-214
-2794	82	3708	1179	418	-151
-2673	-473	4485	632	311	-533
-2113	-144	5158	177	144	-233
-1681	411	5059	41	61	-79
-1403	807	5003	-155	-199	-75
-1222	1072	4604	-371	-248	258
-1110	577	4225	-699	-260	494
-860	-104	3721	-970	-475	495
-527	-483	2825	-1211	-619	169
-441	-642	2069	-1250	-445	-193
-312	-393	1540	-1026	51	-313
-564	38	1838	-654	770	85
-723	43	2583	-287	1066	656
-818	-10	3331	-11	899	1062
-681	-288	3769	173	525	1262
-470	-608	4025	238	136	1105
-375	-579	4195	201	-86	875
-319	-676	4411	161	-213	839
-568	-772	4509	214	-440	631
-577	-792	4190	416	-422	566
-267	-1064	4048	359	-18	415
-237	-985	5001	-363	394	-102
-845	-201	5293	-865	-118	-271
-1487	-263	4760	-792	-443	0
-2445	-327	3680	-713	-65	-276
-2636	37	3578	-614	815	86
-2453	510	4778	-418	1111	364
-2166	590	5681	-303	73	567
-1854	216	5056	-364	-792	173
-1567	-481	4446	-228	-705	-86
-1329	-779	4190	169	-420	-257
-1038	-984	3769	531	-135	-381
-848	-989	3437	757	158	-728
-947	-449	3494	727	346	-1065
-1107	80	3451	669	79	-1153
-1119	452	3137	619	-127	-1064
-995	511	2794	507	-141	-925
-860	432	2756	375	113	-922
-844	308	3021	302	299	-947
-792	95	3420	236	401	-849
-728	-73	3800	200	303	-829
-568	-63	3949	134	45	-867
-381	25	4105	40	-171	-998
-403	41	4331	-33	-395	-1040
-549	98	4230	21	-791	-1049
-519	130	3840	35	-1040	-1162
-253	425	3599	171	-659	-938
-347	536	4132	524	-167	-404
-1038	130	4819	579	-215	-315
-1889	-60	4675	754	-138	-347
-2120	-39	4514	1127	388	86
-2300	-795	4647	831	155	-562
-2463	-1345	4545	382	-532	-1571
-2100	-850	4344	125	-519	-1727
-1656	-15	4610	101	-300	-1537
-1156	800	4769	36	-224	-1039
-2609	465	2648	-856	1036	654
-2581	894	4453	-666	1324	1409
-2234	578	5901	-406	249	1145
-1987	-233	5617	-300	-452	450
-1410	-1291	4870	71	-896	126
-1081	-1524	3906	510	-798	-317
-824	-1227	3143	842	-285	-546
-550	-584	2895	930	335	-694
-788	119	3370	706	674	-808
-1005	783	3452	640	-5	-837
-849	1050	2756	552	-585	-582
-500	888	1939	431	-593	-231
-291	443	1824	93	202	-85
-442	163	2814	-166	769	-73
-487	71	3836	-281	532	-20
-506	-18	4335	-292	-15	-43
-430	-397	4300	-109	-582	-424
-399	-716	4167	-31	-864	-1083
-534	-21	4182	-231	-409	-1305
-401	1032	4610	-199	-177	-527
-74	1113	5060	300	-85	65
-632	549	5329	755	-221	107
-1708	-83	4892	806	-56	127
-2816	-28	4339	1009	265	331
-2678	-615	3746	1339	444	-17
-2682	-1278	4253	1048	549	-1034
-2873	-1172	5455	604	-3	-1621
-2089	127	5050	438	-379	-1188
-1233	1127	4718	147	-101	-699
-848	1683	4819	-200	64	-496
-926	1684	4552	-502	-16	16
-730	1084	3861	-848	-207	496
-518	44	3203	-1153	-368	582
-380	-926	2291	-1377	-545	-49
-293	-973	1513	-1387	-430	-751
-291	-641	863	-1052	16	-787
-298	-172	844	-443	827	-125
-697	-38	2187	143	1750	499
-862	-272	3810	415	1561	733
-843	-676	4749	491	776	535
-504	-553	5213	437	179	320
-94	-674	5736	359	-234	399
-456	-424	5669	143	-489	44
-699	-747	5450	129	-506	111
-415	-999	4953	4	-566	-341
-755	-98	5251	-491	-360	-175
-1944	500	4581	-581	-579	626
-2542	293	3027	-663	-240	896
-2413	881	2683	-792	571	1279
-2908	1469	4427	-726	1176	1973
-3121	474	6416	-548	507	1782
-1860	-1194	6177	-425	-483	442
-1335	-1910	5068	23	-863	-464
-1264	-1678	4100	703	-794	-705
-1031	-967	2961	1315	-578	-762
-476	-1	2416	1486	-86	-624
-264	738	2290	1112	390	-494
-444	1261	2397	598	629	-482
-579	1296	2341	213	293	-193
-558	731	2009	-95	52	105
-530	205	2007	-353	348	219
-611	-80	2852	-559	681	260
-586	-27	4046	-717	378	252
-578	-33	4468	-678	-353	229
-412	-298	4220	-343	-872	-170
-480	-616	4234	-260	-782	-963
-941	195	4243	-326	-501	-1163
-87	960	4512	-208	-70	-494
-157	980	5735	439	436	2
-2052	122	6516	802	-113	269
-2640	190	5171	1151	-247	231
-2287	165	3402	1656	27	648
-1840	-396	3639	1366	741	83
-2826	-1276	4976	430	-75	-908
-2559	-306	5078	122	-737	-964
-1566	839	4289	-21	-783	-550
-1171	1200	4446	-285	-131	-65
-1221	1132	4648	-490	105	349
-1137	986	4310	-734	-21	633
-900	110	3781	-910	-313	756
-720	-827	3061	-1140	-530	398
-704	-1045	2314	-1247	-602	-153
-509	-654	1646	-1020	-44	-295
-558	-66	1892	-493	828	86
-441	45	2739	-98	1065	557
-452	34	3690	125	928	783
-543	-104	4326	199	407	831
-538	-252	4214	136	-265	812
-296	-182	3859	-2	-807	908
-159	16	3524	-97	-1006	1176
-456	-169	3128	-27	-411	1513
-591	-922	3784	321	286	1553
221	-1598	4636	-80	577	991
-712	-1135	5696	-930	443	414
-3227	-608	5553	-1005	-862	338
-3952	-340	3473	-934	-513	-374
-2825	660	3520	-970	965	-150
-2415	1258	5352	-695	1249	630
-2429	1181	6534	-523	-231	689
-2313	357	5819	-481	-1190	741
-1748	-1051	4753	-140	-1366	634
-1125	-1000	3721	362	-823	363
-891	-1015	3171	755	-137	60
-721	-676	2856	919	480	-437
-699	4	3011	682	1031	-612
-1201	264	3716	466	810	-640
-1163	399	3631	386	-119	-684
-830	290	2848	423	-613	-538
-511	111	2351	298	-329	-625
-452	-17	2623	127	227	-777
-569	2	3398	7	364	-843
-552	196	3824	-110	36	-863
-483	456	4023	-220	-306	-771
-415	368	4073	-288	-701	-799
-434	225	3811	-262	-978	-906
-608	-21	3540	-99	-706	-930
-600	225	3647	115	-273	-845
-336	459	4190	527	187	-334
-278	247	4869	855	322	-256
-664	-379	5372	976	-129	-486
-1226	-555	5253	939	-497	-979
-2207	40	4478	887	-437	-1117
-2431	708	3715	1053	113	-836
-2416	847	3492	1176	625	-87
-2427	21	4285	839	665	-103
-2269	-571	5001	550	264	-13
-1667	-364	5236	405	-118	-224
-1418	323	5220	198	-644	-190
-1161	848	4561	-4	-864	-45
-803	1023	3949	-285	-698	265
-771	-130	4098	77	208	-464
-773	-110	4269	124	242	-664
-752	69	4223	168	169	-757
-717	306	4075	221	191	-643
-704	421	3977	255	233	-505
-673	425	3784	272	285	-392
-722	420	3734	305	428	-244
-698	369	3730	324	517	-129
-663	377	3741	337	654	-37
-658	275	3901	337	785	44
-676	201	4056	301	776	39
-669	281	4053	227	676	10
-606	344	3966	155	654	48
-563	399	3952	117	690	152
-527	406	3942	94	665	258
-553	350	3901	82	622	275
-541	344	3916	84	627	284
-522	389	3975	72	609	354
-418	423	3929	31	593	408
-327	495	4002	-38	551	507
-404	434	4027	-121	419	619
-535	287	4014	-196	299	525
-599	159	4042	-273	209	383
-428	-14	4231	-374	270	222
-293	-89	4710	-411	261	73
-167	-55	5205	-305	143	-70
-76	-153	5859	-60	-61	-295
-725	-185	6189	122	-580	-664
-3009	815	5371	-246	-1419	-506
-2505	972	3352	-166	-163	-568
-1671	617	4088	37	445	-927
-2488	-518	4128	215	-29	-795
-2532	-739	3679	332	-269	-898
-2119	-668	3586	182	-6	-651
-1476	273	4057	-50	390	-589
-1302	980	4690	-274	397	-99
-1509	851	4934	-420	363	-10
-1439	555	4937	-710	79	-46
-1133	-62	4488	-1054	-417	-199
-783	-326	3773	-1258	-665	-401
-478	-355	2965	-1267	-675	-385
-488	49	2458	-1182	-356	-274
-399	326	2054	-1078	-139	55
-624	248	2015	-854	207	482
-885	-289	2410	-475	380	806
-900	-503	2893	-234	68	733
-647	-470	3197	-30	-319	703
-635	-322	3414	-4	-353	724
-721	-153	4036	-111	135	870
-605	-34	5633	-272	331	944
-313	-144	6875	-321	-570	936
65	-455	5893	-334	-1895	606
-294	-569	4131	-350	-2262	392
-1659	-815	2698	-323	-1469	399
-3546	-696	1960	-655	363	499
-3680	376	3181	-936	1902	1392
-3308	1371	6105	-734	1379	1925
-3218	1539	7812	-578	-248	1417
-2322	-40	6929	-570	-1787	1209
-1475	-1861	4832	-218	-2174	689
-869	-2435	3291	605	-1229	398
-447	-2252	2272	1446	-354	-39
-306	-1136	1966	1584	597	-534
-730	-310	2309	1280	1004	-862
-971	514	2524	977	591	-1137
-830	974	2408	656	3	-974
-380	796	2025	226	-160	-773
-355	590	2259	-103	207	-558
-713	291	2972	-320	447	-333
-904	23	3792	-410	301	-414
-528	-85	4405	-339	-272	-892
-547	-310	4807	-274	-822	-1220
-490	-410	4456	-49	-1136	-1399
-273	-78	4026	205	-895	-1167
-524	464	4151	576	-575	-583
-831	827	4001	878	-624	-458
-1802	497	3983	852	-446	-832
-3487	1001	3059	976	432	-801
-2995	355	4428	1377	1792	126
-2991	-945	6267	988	1048	373
-3129	-1830	6785	633	-383	23
-2456	-634	5695	478	-1412	-685
-1710	414	4498	219	-1390	-897
-1029	856	3941	-99	-640	-855
-1106	843	3894	-389	21	-510
-1087	554	3803	-737	254	-59
-1177	-89	3640	-898	26	270
-1171	-423	3226	-1043	-221	154
-981	-480	2728	-1058	-430	53
-690	-315	2365	-904	-144	186
-662	-171	2546	-554	289	591
-789	-47	3011	-355	476	912
-666	-55	3145	-286	265	1210
-508	-259	3322	-128	292	1404
-387	-275	3740	11	126	1412
-316	-317	3914	103	-322	1378
-323	-541	3732	221	-606	1187
-337	-826	3670	225	-579	775
-420	-628	3781	321	-542	710
-440	-696	3672	455	-391	865
-118	-555	4090	142	340	474
-241	-159	5138	-332	422	324
-1148	193	5496	-542	-302	363
-2110	209	4813	-603	-712	558
-3184	-159	3688	-715	-178	660
-2598	-654	3653	-762	896	610
-2288	-478	5054	-535	1056	538
-1936	-488	5944	-353	-183	188
-1635	-365	5431	-316	-925	-334
-1516	-518	4912	-51	-1137	-249
-1221	-628	3918	465	-984	-190
-736	-1017	3209	858	-284	-367
-656	-1078	3288	967	356	-1048
-998	-521	3610	866	392	-1498
-1136	62	3415	748	-180	-1581
-873	526	2781	725	-305	-1296
-788	548	2510	697	-63	-1005
-706	400	2522	518	176	-1013
-650	432	2736	352	382	-933
-719	342	3267	167	428	-767
-764	328	3787	4	278	-592
-615	444	4080	-130	175	-387
-625	256	4734	-157	-10	-299
-582	5	4934	-108	-717	-695
-351	104	4374	-117	-1051	-921
-151	324	3774	-69	-586	-714
-177	439	4014	151	245	-305
-148	126	4690	465	456	-184
-424	-511	4933	591	56	-487
-1215	-1023	4933	474	-554	-925
-1001	135	4096	-749	178	1762
-1002	112	4162	-720	115	1664
-965	53	4101	-694	45	1485
-919	65	4045	-677	58	1368
-878	68	4009	-644	59	1313
-837	87	3965	-614	23	1250
-807	219	3954	-590	12	1227
-773	267	3998	-548	35	1224
-791	218	4084	-514	13	1200
-738	184	4092	-527	-26	1103
-707	182	4125	-548	-23	984
-681	241	4160	-540	-32	884
-708	289	4259	-501	-56	828
-927	355	4220	-472	-227	762
-1221	434	3922	-383	-273	732
-1286	613	3730	-290	-305	741
-1298	901	3753	-223	-377	917
-1648	1023	4017	-412	-394	1041
-1856	858	4083	-693	-325	1134
-1669	222	3999	-828	-348	1139
-1484	-265	3849	-829	-344	963
-1424	-537	3808	-821	-317	804
-1234	-643	3690	-835	-196	783
-1034	-579	3793	-837	86	818
-977	-459	4151	-887	295	818
-1040	-286	4399	-957	168	920
-872	-256	4020	-1013	183	992
-699	-173	3917	-1064	210	1082
-665	-117	3743	-1021	142	1126
-643	78	3515	-931	233	1195
-615	204	3563	-845	337	1401
-723	214	3737	-838	397	1475
-720	1	3732	-834	158	1396
-625	-349	3638	-757	0	1240
-567	-603	3595	-566	-102	1067
-581	-802	3657	-363	-51	887
-700	-644	3911	-233	34	667
-797	-411	4200	-176	7	758
-806	-471	4553	-122	-97	939
-827	-649	5011	-100	-219	828
-855	-569	5348	-59	-428	678
-514	-525	5438	-2	-708	795
-208	-277	5214	-19	-781	1009
104	-8	5129	-30	-783	1416
-298	25	4834	-73	-969	1658
-1112	65	3997	-178	-982	1906
-2137	-302	2989	-296	-847	2053
-2865	-244	2250	-314	-408	1935
-2933	149	2823	-282	682	1894
-3039	4	5059	-327	1173	1744
-2481	-613	6221	-329	184	878
-2004	-781	5636	-91	-694	28
-1508	-772	4713	350	-963	-257
-939	-486	3813	766	-985	-362
-501	-121	2819	993	-637	-135
-367	294	2276	964	-107	40
-476	399	2165	788	322	208
-772	176	2246	639	337	210
-755	-165	2208	509	337	89
-784	-351	2516	377	453	-207
-788	-171	3108	172	413	-413
-647	182	3751	-63	223	-393
-484	497	4182	-297	-155	-433
-443	670	4247	-412	-567	-484
-301	663	3907	-392	-838	-414
-315	589	3551	-388	-762	-237
-343	305	3597	-462	-271	-176
-750	229	4064	-515	45	-261
-789	570	4407	-357	345	17
-197	185	5485	72	640	102
95	-527	6304	599	350	-213
-265	-1042	6434	893	-421	-662
-1043	-1083	5510	881	-1315	-1252
-2133	-134	3951	662	-1144	-1859
-2749	737	3198	669	-152	-1674
-2450	1507	2827	1058	507	-535
-2247	580	3862	931	975	245
-2734	-207	5042	493	376	339
-1877	-718	5453	303	-181	24
-1526	255	4876	-60	-498	-492
-1340	938	4445	-300	-420	-100
-1005	1340	3969	-582	-157	363
-935	621	3833	-877	19	682
-808	-194	3420	-1159	-322	335
-752	-541	2693	-1247	-637	-166
-449	-420	1908	-1158	-633	-385
-248	-85	1533	-876	134	-82
-540	257	2168	-450	953	663
-611	143	2934	-175	1110	898
-765	-155	3577	21	900	980
-743	-532	3817	27	441	812
-554	-571	3861	23	185	621
-525	-442	4103	110	85	653
-496	-282	4531	190	-71	761
-606	-503	4886	263	-332	824
-588	-418	4742	400	-659	808
-324	-686	4288	349	-531	934
-23	-552	4600	-204	98	640
-542	-27	5102	-540	-107	680
-1477	110	4942	-514	-652	1014
-2397	-1022	3772	-536	-584	490
-2901	-811	2799	-908	645	-57
-2884	-195	3574	-823	1624	73
-2821	581	5441	-520	1231	229
-2277	826	6304	-405	-279	-91
-1909	464	5499	-426	-1235	-32
-1674	-750	4596	-109	-1433	119
-1377	-1144	3704	374	-1206	-323
-960	-1120	2892	788	-636	-588
-605	-662	2623	1007	296	-847
-910	140	3395	868	1024	-976
-1446	592	4015	686	388	-1009
-1181	688	3453	585	-461	-908
-857	321	2664	486	-580	-767
-655	-8	2355	338	-190	-898
-606	-32	2655	211	218	-1115
-631	77	3289	118	339	-1165
-652	273	3823	-1	192	-1104
-582	488	4090	-110	-84	-903
-383	547	4433	-180	-415	-699
-471	259	4359	-134	-807	-697
-501	-112	4086	-90	-810	-935
-520	-112	3830	-99	-655	-1183
-275	194	3810	147	-133	-874
-85	38	4592	553	269	-775
-598	-206	5434	742	38	-920
-1471	-381	5572	737	-700	-1074
-2266	106	4455	797	-709	-975
-2125	635	3664	998	-224	-638
-2233	688	3301	1043	399	-291
-1388	415	3767	696	157	-2322
-1369	186	3701	696	272	-2258
-1317	29	3705	689	368	-2204
-1350	-161	3705	749	390	-2170
-1305	-304	3729	839	449	-2246
-1291	-416	3791	911	450	-2321
-1293	-357	3752	875	387	-2423
-1279	-333	3788	795	342	-2441
-1164	-255	3856	714	290	-2434
-943	-76	3971	674	294	-2207
-848	58	4162	648	294	-1945
-897	9	4273	558	205	-1714
-861	-92	4195	447	193	-1547
-779	-279	4225	356	224	-1376
-755	-411	4247	291	163	-1302
-785	-416	4202	218	101	-1321
-815	-276	4057	170	102	-1304
-833	-148	3968	118	99	-1246
-821	-56	3826	61	116	-1164
-794	-13	3683	12	214	-1049
-791	-7	3640	-35	366	-859
-833	10	3816	-50	523	-593
-931	-24	4106	-50	523	-323
-929	-142	4181	-44	377	-215
-852	-242	4159	-45	316	-229
-794	-238	4142	-70	220	-237
-744	-194	3929	-116	162	-215
-640	-258	3775	-164	285	-228
-595	-321	3843	-185	405	-277
-579	-360	3917	-152	460	-298
-603	-380	4023	-88	481	-328
-635	-297	4051	-48	408	-299
-693	-275	3983	-57	325	-238
-722	-261	3923	-57	328	-182
-655	-427	3949	13	397	-104
-616	-744	4115	89	463	-232
-677	-753	4166	59	390	-363
-738	-562	4130	-32	331	-320
-781	-405	4174	-101	341	-214
-789	-419	4251	-135	381	-42
-639	-624	4700	-59	489	85
-675	-804	5171	34	472	297
-633	-778	5490	65	180	415
-405	-631	5297	41	-302	614
-527	-721	4879	40	-797	781
-584	-666	4111	57	-989	700
-1482	-1232	3167	277	-880	807
-2378	-1404	2711	420	-95	405
-2835	-547	3100	482	464	108
-3150	198	4375	421	552	347
-3096	698	5857	239	-64	65
-2507	1022	5946	50	-886	143
-1678	468	4904	206	-1090	327
-1120	-179	3979	565	-648	573
-709	-699	3203	908	-271	688
-696	-627	2802	1087	45	562
-865	-415	2660	1052	40	412
-1026	-444	2494	832	-401	91
-890	-450	1978	680	-902	-339
-849	-467	1505	553	-822	-663
-700	-139	1525	352	-311	-956
-400	562	2269	147	511	-742
-459	909	3846	-115	1014	-360
-689	1029	5248	-210	441	-367
-665	815	5485	-219	-439	-306
-611	429	4907	-100	-1095	-172
-461	17	4276	-6	-1101	-155
-547	-371	4044	-70	-466	-316
-744	26	4427	10	-110	-263
-633	-26	4753	449	13	-231
-854	-129	4963	941	61	-444
-1584	-183	5083	1007	-116	-658
-2346	182	4548	1015	-19	-763
-2292	701	3907	1076	-18	-536
-2229	286	4190	827	61	-332
-3052	-112	4752	281	-714	-779
-2809	76	4410	136	-759	-421
-1896	354	3996	97	-504	-476
-1719	847	4177	-23	70	-71
-1738	986	4603	-278	302	404
-1438	499	4630	-548	-63	571
-1102	-152	4072	-897	-360	285
-1102	-730	3407	-1075	-738	-144
-1025	-638	2507	-1134	-947	-595
-817	-171	1807	-893	-561	-484
-570	-38	1795	-497	345	-102
-804	118	2688	-71	1031	388
-758	100	3672	134	905	795
-779	-145	4312	30	502	866
-709	-297	4351	-119	-144	749
-472	-227	4128	-265	-675	736
-438	-153	3795	-404	-1079	792
-447	-162	3330	-321	-1132	1010
-324	-522	3335	80	-794	1313
138	-1347	3398	177	-314	1341
34	-1826	4279	-472	375	492
-522	-908	4900	-900	-134	201
-2136	79	4826	-795	-984	537
-3989	331	3585	-553	-1103	310
-3531	407	3250	-804	852	-106
-2503	573	5156	-858	1821	-386
-2151	811	6675	-765	316	-149
-2247	865	6095	-838	-990	29
-1940	-181	5383	-531	-1594	458
-1502	-58	4070	125	-1905	488
-766	6	2797	644	-1025	853
-571	-285	2532	825	265	761
-821	-229	2969	675	1171	190
-1321	-116	3672	393	1180	-219
-1509	-252	3834	306	536	-497
-1210	-293	3374	348	-170	-667
-799	-214	2712	318	-256	-808
-526	-138	2587	227	56	-980
-460	59	3011	179	261	-1121
-545	269	3305	134	141	-1168
-540	561	3489	29	52	-1147
-443	616	3848	-144	-7	-944
-485	453	4264	-209	-275	-811
-346	51	4369	-137	-729	-927
-247	-196	4092	-2	-850	-1158
-133	222	3944	196	-314	-919
-121	547	4514	473	142	-304
-79	355	5113	723	106	-109
-469	-110	5369	783	-345	-296
-1090	-413	5090	692	-708	-725
-2077	-191	4458	579	-732	-1169
-2512	559	3807	649	-179	-1326
-2431	1164	3777	971	513	-217
-2356	54	4540	942	451	491
-2585	-786	5121	640	-206	354
-2457	592	5328	931	-160	24
-2219	683	4107	1334	-419	505
-2235	-749	3267	1255	-95	-26
-2769	-1626	3930	585	-575	-1651
-2797	-1178	3824	265	-507	-1976
-1948	-3	4114	190	-114	-1701
-1251	1215	4159	41	95	-1204
-1072	1930	4648	-120	415	-215
-1347	1899	4980	-377	341	629
-1139	1023	4661	-771	-392	940
-923	20	3712	-1185	-1037	666
-749	-691	2701	-1488	-1317	-11
-405	-869	1726	-1386	-1181	-433
-134	-833	1120	-942	-360	-403
-136	-617	1216	-407	615	-263
-447	-367	2214	46	1435	-47
-753	-87	3514	302	1257	308
-773	-113	4058	289	500	513
-564	4	4188	232	56	508
-670	114	4491	167	-23	547
-830	13	5038	144	-97	352
-809	-209	5637	115	-257	297
-737	-1065	5542	135	-1015	289
-634	-719	4938	-174	-970	-48
-2436	-75	4482	-293	-762	689
-2978	-244	3186	-577	847	540
-2744	1357	4294	-663	1024	835
-2845	2660	5109	-321	38	2290
-2990	1722	5559	-237	-263	2759
-2044	-652	5492	-55	-354	2300
-1113	-2362	4869	368	-178	937
-1077	-2631	4257	979	46	-110
-1228	-1487	3475	1576	-45	-626
-623	-201	2839	1626	74	-691
-561	608	2934	1128	499	-678
-697	1044	2957	827	114	-665
-518	1121	2481	583	-424	-475
-366	609	1728	401	-406	-546
-489	-7	1700	175	151	-833
-675	-303	2374	-51	537	-1120
-712	-144	3306	-225	436	-1124
-608	317	3937	-433	-135	-904
-304	683	4021	-442	-759	-456
-69	1012	4029	-370	-1186	-375
-131	890	3873	-520	-947	-363
-472	158	4102	-555	-417	-312
-642	174	4481	-318	-143	-102
-164	285	4944	128	215	208
-403	4	5690	592	435	342
-1283	-770	6276	849	441	-80
-2273	-1104	6068	1012	108	-1249
-3147	325	5122	1043	-288	-1806
-2150	583	3604	1176	-225	-1399
-2310	75	3937	732	-242	-1027
-2743	99	4314	234	-347	-1028
-1822	126	4358	115	-257	-1047
-1373	1128	4220	-101	-62	-1070
-1592	1544	4412	-353	311	-350
-1410	1428	4365	-744	260	95
-1169	707	4054	-1024	1	173
-900	-77	3576	-1253	-455	-61
-685	-557	2777	-1489	-825	-650
-478	-599	2069	-1517	-804	-944
-260	-202	1507	-1218	-435	-682
-204	105	1517	-652	467	-70
-314	219	2402	-141	1269	458
-571	189	3587	97	1244	798
-701	-131	4170	45	533	787
-522	-281	3911	-103	-201	644
-332	-338	3842	-135	-309	612
-596	-527	4005	-32	2	518
-954	-529	4755	82	258	495
-638	-939	5445	206	-220	624
209	-1090	5420	-501	-133	59
-750	-58	5497	-1051	-685	-72
-2126	207	4578	-995	-967	413
-3012	-245	3041	-1083	69	146
-2659	468	3186	-1070	1083	634
-2612	1032	5003	-792	1080	1477
-2706	1123	6110	-615	-353	1659
-2206	-59	5623	-561	-1206	1454
-1616	-1109	4794	-218	-1395	1006
-1274	-1334	4048	318	-809	769
-1126	-1452	3543	791	-255	400
-835	-1076	3101	1043	140	-110
-745	-265	3005	829	645	-396
-1070	149	3347	555	828	-565
-1062	425	3318	519	302	-537
-829	442	2744	453	-158	-456
-569	235	2195	265	-183	-509
-420	44	2175	8	197	-625
-458	40	2757	-108	498	-698
-502	182	3341	-198	477	-717
-540	338	3832	-267	293	-680
-417	220	4247	-227	21	-716
-682	40	4664	-167	-382	-874
-760	-110	4485	-119	-653	-956
-551	282	4431	-55	-482	-838
-289	652	4796	330	-253	-354
-66	345	5111	941	-151	-110
-905	-651	5389	983	-426	-416
-2164	-333	4484	786	-664	-668
-2578	231	3634	998	41	-374
-2704	501	3601	1245	716	33
-2896	-9	4788	896	649	-90
-2702	0	5419	478	-195	106
-1956	263	4838	315	-536	286
-1529	604	4586	55	-554	424
-1436	731	4463	-190	-508	604
-1199	687	3993	-479	-465	798
-939	227	3517	-724	-373	877
-750	-235	3137	-897	-228	839
-742	-507	2722	-1022	-326	607
-679	-345	2205	-1041	-288	390
-541	-140	1886	-838	97	557
-619	-88	2381	-502	622	904
-658	-256	3059	-161	693	1100
-500	-529	3549	24	507	1020
-345	-764	3878	131	285	768
-391	-791	4148	207	44	478
-339	-631	4317	181	-248	296
-454	-424	4372	125	-408	323
-594	-279	4501	126	-370	274
-575	-330	4733	213	-256	317
-382	-458	4713	205	-198	573
-241	-869	5310	-383	210	298
-724	-398	5847	-834	-276	87
-1275	-405	4976	-821	-1019	239
-1928	-566	3422	-761	-805	-194
-1955	362	2750	-716	59	123
-1341	-1459	4083	535	-821	434
-1055	-1172	3603	938	-450	156
-750	-340	3389	1028	-174	154
-837	338	3359	871	-73	255
-981	611	3126	705	-376	414
-906	607	2542	521	-646	619
-812	183	2129	296	-423	511
-749	-147	2207	60	-68	215
-686	-296	2676	-85	155	9
-560	-263	3004	-69	79	-54
-416	-160	3290	-11	-42	-71
-423	-126	3502	-9	-108	-255
-563	-12	3972	-97	-47	-398
-726	104	4469	-130	-219	-393
-535	289	4739	-161	-451	-521
-276	583	4730	14	-547	-412
161	211	4771	556	-352	-225
-53	-440	5075	874	-297	-532
-1162	-591	5038	811	-381	-746
-2687	16	4383	846	-109	-618
-3200	227	3700	1132	-9	-598
-2861	377	3185	1284	359	-579
-2466	-393	4950	774	408	-860
-2359	-75	5961	420	-152	-587
-1820	739	6032	151	-533	-218
-1568	1194	5396	-236	-759	-172
-1217	1628	4789	-520	-587	142
-1008	1014	4369	-915	-340	525
-871	71	3825	-1257	-388	601
-742	-580	2935	-1486	-557	345
-616	-640	2057	-1602	-540	-27
-420	-349	1226	-1492	-297	-151
-359	-135	1011	-1057	601	284
-441	-202	1740	-563	1433	720
-657	-353	2989	-183	1564	806
-721	-664	3966	38	1004	597
-500	-985	4327	235	297	260
-506	-1109	4386	380	-352	-195
-269	-949	4117	319	-827	-539
-281	-653	4175	386	-615	-563
-453	-391	4625	514	-349	-481
-406	-111	4874	565	-276	-199
-267	-593	5398	138	26	-132
-382	-533	5734	-235	-286	-367
-485	-75	5086	-258	-862	-193
-1081	423	4223	-147	-702	301
-1587	-6	3508	-197	-208	610
-2119	280	2777	-553	23	657
-2569	876	2523	-691	327	1123
-2656	614	4127	-595	1330	1505
-2313	-805	6352	-427	772	813
-1556	-1680	6365	-89	-221	-241
-1357	-1904	5217	437	-790	-554
-1126	-1406	4207	1038	-725	-1009
-738	-579	3491	1403	-278	-1078
-610	7	3142	1429	63	-1071
-497	556	2656	1279	41	-1070
-308	731	2117	1065	136	-819
-236	560	1757	825	332	-628
-313	288	1827	541	814	-601
-521	150	2352	331	1011	-694
-620	269	2972	138	942	-659
-589	547	3728	-98	705	-517
-719	727	4365	-341	364	-151
-568	620	4647	-440	53	-86
-466	305	5259	-543	-23	-225
-618	-63	5574	-426	-548	-413
-496	-190	5006	-306	-869	-348
-194	-205	4266	39	-617	-88
-7	-626	4309	398	114	-281
-1033	-981	5172	509	397	-692
-2511	-383	4963	640	292	-848
-2811	167	4475	990	355	-782
-2623	88	3585	1273	163	-715
-2254	-613	3846	721	81	-1323
-2383	-532	4518	216	-83	-1197
-1899	343	4798	44	-88	-870
-1403	1111	4919	-152	-236	-630
-1282	1236	4795	-284	-338	-391
-1197	1003	4575	-513	-320	-35
-1078	255	4272	-847	-583	190
-805	-264	3493	-1132	-903	123
-637	-502	2634	-1276	-1023	-82
-509	-363	1816	-1164	-743	-177
-446	-2	1651	-894	40	214
-568	142	2260	-577	706	759
-726	85	2933	-404	781	1036
-657	-274	3212	-271	534	1077
-541	-796	3392	-168	382	738
-483	-1006	3514	-150	228	224
-421	-769	3732	-127	185	41
-342	-431	4180	45	262	430
-436	-321	4738	272	183	731
-510	-260	5002	366	-161	714
-238	-454	4632	232	-408	744
-28	-838	4629	-293	-101	471
-223	-631	4984	-779	-14	348
-1046	-513	4920	-924	-275	426
-2585	-872	4219	-875	-230	223
-2911	77	3666	-754	509	663
-2992	380	4350	-709	950	823
-2518	738	5134	-682	571	589
-1943	706	5425	-667	-295	169
-1616	238	5122	-593	-715	201
-1456	-732	4572	-233	-1035	170
-1230	-1088	3670	263	-873	50
-868	-975	2974	750	-228	-31
-782	-659	3080	972	439	-183
-950	-198	3500	932	586	-374
-1042	324	3680	832	161	-408
-1016	493	3284	736	-258	-137
-787	264	2680	586	-262	34
-584	46	2532	434	181	18
-558	-136	2901	328	473	31
-691	-207	3511	207	525	-75
-685	-249	3965	105	302	-172
-590	-138	4170	101	68	-252
-566	-138	4556	103	-137	-433
-620	-135	4902	19	-722	-910
-457	-86	4487	12	-1323	-1231
-63	372	3862	-12	-1184	-1281
113	959	3910	180	-374	-681
204	866	4489	530	102	-318
-696	258	4947	559	-144	-452
-1648	-203	4852	460	-811	-938
-2437	-91	3860	713	-603	-646
-2469	181	3518	1160	116	-273
-2594	4	3932	1158	662	232
-2497	-993	5328	672	282	-231
-2069	-963	5397	432	-629	-470
-842	39	3941	1013	-733	-1025
-654	699	3506	905	-280	-736
-792	1038	3470	742	-219	-465
-917	846	3121	610	-360	-123
-924	464	2743	467	-319	19
-958	24	2674	378	-78	-35
-873	-145	2844	343	127	-122
-722	-105	3244	272	279	-154
-747	-33	3611	148	256	-220
-650	215	3711	-2	156	-265
-532	399	3705	-134	118	-285
-421	443	3811	-209	75	-271
-332	369	3926	-296	127	-263
-345	581	4240	-402	231	-146
-550	697	4609	-439	101	262
-794	758	4668	-404	10	596
-730	535	4639	-122	208	897
-504	-111	4843	320	459	810
-785	-709	5430	528	449	367
-1290	-706	5477	715	322	122
-1430	-38	4886	825	-18	91
-1567	179	3733	814	-129	117
-1832	-453	3032	625	85	-638
-2470	-657	3115	128	-262	-1488
-2410	24	3216	3	178	-1414
-1662	555	4374	118	795	-602
-1592	899	5344	133	583	59
-1724	961	5673	73	-137	664
-1475	919	5120	-289	-578	637
-940	261	4244	-793	-797	239
-519	-454	3388	-1205	-703	-361
-427	-800	2816	-1370	-437	-905
-514	-618	2360	-1261	-298	-1080
-410	-208	1874	-977	-24	-691
-396	57	1943	-445	676	-102
-683	-53	2811	0	1035	301
-959	-228	3665	174	631	297
-762	-279	3901	221	-114	288
-464	-483	3676	189	-460	151
-315	-373	3929	135	-278	-2
-627	-199	4754	40	-176	92
-907	155	5432	15	-351	398
-702	108	5664	204	-722	826
-236	-652	5143	190	-956	692
-371	-786	4993	-232	-607	354
-892	-160	4508	-390	-478	397
-1800	77	3959	-417	-204	809
-2629	52	3067	-668	125	709
-2587	929	2781	-889	570	1183
-2740	1543	4405	-615	807	2365
-2761	548	5950	-449	-6	2131
-1842	-1016	5814	-413	-821	1081
-1293	-1926	4785	-64	-996	271
-1093	-2054	3922	554	-758	-273
-934	-1249	3219	1092	-254	-699
-652	-517	3039	1315	310	-770
-628	249	2944	1031	567	-836
-698	741	2869	726	368	-836
-645	1043	2562	577	-3	-515
-431	799	1978	508	-104	-163
-403	58	1829	248	485	-310
-457	-104	2457	44	918	-422
-539	187	3313	-39	808	-191
-658	469	4071	-183	546	-80
-626	317	4652	-292	272	-242
-448	19	5168	-352	-52	-567
-791	-227	5454	-340	-616	-974
-844	10	4772	-252	-1175	-868
-407	664	3944	-5	-872	-455
115	477	4364	534	172	18
-683	0	5429	894	548	-45
-1970	-16	5593	920	115	-284
-2946	708	4620	1146	-207	-101
-2561	164	3399	1239	40	-144
-2277	-538	3701	881	421	-953
-2618	-845	4921	318	73	-1383
-2210	-320	4887	149	-548	-1146
-1450	603	4344	-21	-586	-862
-1117	1233	4373	-227	-243	-457
-1103	1485	4274	-480	107	-106
-1033	924	4284	-752	-8	197
-950	34	3831	-995	-363	309
-864	-699	3046	-1190	-761	-12
-737	-955	2175	-1165	-891	-312
-516	-813	1410	-903	-399	-418
-485	-335	1792	-425	741	-87
-651	-65	2985	-10	1251	314
-848	159	3959	169	935	645
-622	129	4177	157	204	885
-456	-102	4072	64	-186	950
-308	-268	3922	-4	-384	866
-199	-255	3990	-50	-383	777
-585	-222	4184	20	-380	789
-766	-580	4242	259	-434	945
-191	-1101	4070	163	9	733
-61	-1064	5284	-562	522	272
-1094	-421	5750	-968	-344	248
-2467	-315	4625	-928	-960	102
-3484	188	3233	-873	-274	-115
-2776	656	3506	-872	1079	258
-2432	972	5386	-620	847	850
-2049	729	5823	-584	-553	690
-1907	-138	5243	-548	-1045	311
-1666	-1063	4578	-191	-1271	52
-1150	-1093	3521	366	-906	185
-742	-968	2990	771	-265	160
-591	-617	3006	845	372	-177
-812	-51	3351	644	578	-581
-1119	277	3471	553	209	-677
-1092	401	3029	445	-286	-704
-739	195	2487	288	-269	-730
-554	-73	2459	98	79	-856
-574	-71	2987	-14	309	-927
-577	84	3536	-47	234	-814
-512	296	3844	-72	35	-749
-402	313	3937	16	-115	-596
-341	90	4223	117	-240	-712
-452	-155	4434	84	-558	-853
-498	-66	4352	-22	-564	-994
-331	473	4340	111	-245	-752
-79	568	4822	546	58	-276
-191	300	5204	868	-127	-201
-849	-375	5162	884	-384	-388
-1431	-174	4716	861	-347	-608
-2177	64	4236	895	-170	-665
-2440	359	3751	1002	131	-517
-2393	220	3543	1059	184	-211
-2272	-436	4237	768	163	-419
-1979	-545	4775	579	10	-327
-1493	-196	5105	359	-333	-432
-2411	-265	3255	748	-198	-1132
-2283	-737	3269	590	159	-1609
-2193	-555	4672	328	367	-1524
-1649	-21	5404	340	176	-797
-1247	998	5465	190	-166	-240
-1140	1853	5086	-78	-163	279
-911	1924	4919	-474	-222	591
-585	1237	4120	-1048	-443	842
-571	-10	2979	-1517	-618	743
-536	-1014	2096	-1650	-526	131
-531	-1201	1417	-1641	-308	-350
-455	-967	1131	-1275	401	-331
-219	-444	1464	-647	1205	5
-554	28	2815	-141	1801	294
-858	-33	4041	52	1230	431
-754	-245	4457	89	445	354
-483	-537	4543	47	31	180
-232	-611	4699	-55	-110	53
-319	-434	4997	-107	-126	220
-565	-454	5266	-12	-200	397
-354	-856	5226	161	-543	334
-96	-1278	4982	-251	-217	-259
-375	-838	4621	-754	-139	-671
-1068	322	4380	-888	16	-125
-3147	-447	3927	-851	-91	-22
-2957	100	3361	-890	325	-229
-2625	1104	4216	-738	627	719
-2479	1536	5424	-617	-70	1331
-2073	1071	5515	-615	-543	1540
-1902	-305	5350	-385	-699	1641
-1307	-1246	4392	119	-445	1572
-928	-1913	3834	840	-67	1245
-662	-1607	3225	1187	192	633
-502	-958	2935	1036	308	291
-591	-187	2872	799	368	118
-730	187	2575	736	-7	41
-587	239	1965	538	-299	-210
-267	36	1513	277	-163	-395
-146	75	1764	-108	414	-489
-347	34	2535	-261	798	-221
-718	-383	3425	-246	987	-97
-785	-1001	4653	-275	674	-816
-948	-937	5366	-370	-88	-1422
-792	-406	5880	-400	-529	-1821
-343	888	6198	-171	-1375	-1491
-254	1720	5155	415	-1685	-438
-101	1221	4184	928	-1051	-83
-1106	170	4228	705	20	-450
-3251	585	3744	693	848	156
-3318	-508	4449	1118	1493	647
-3502	-2049	5281	999	672	-784
-3271	-2298	5384	585	-382	-1814
-2246	-747	5149	274	-543	-1834
-1340	925	4849	63	-324	-1076
-885	1533	4562	-186	-224	-549
-1034	1362	4151	-369	-223	33
-1026	660	3567	-529	-335	393
-807	-147	3018	-652	-507	367
-518	-705	2317	-788	-724	99
-371	-927	1623	-772	-650	-266
-413	-677	1339	-478	-92	-449
-500	-426	1669	-35	630	-214
-601	-317	2570	234	988	42
-585	-505	3446	384	870	243
-503	-677	4036	468	537	257
-428	-581	4355	410	111	210
-354	-410	4377	298	-281	274
-422	-478	4304	222	-368	302
-575	-313	4597	271	-88	349
-764	-565	4937	385	-12	618
-460	-1283	4754	139	138	334
-134	-1378	5500	-576	370	131
-282	-492	5509	-961	-332	305
-1478	169	4986	-886	-963	792
-2777	582	3705	-723	-1186	774
-3217	865	2745	-835	-590	1442
-2741	361	2973	-1066	737	1344
-2160	-64	5091	-833	1047	1279
-1950	-1164	6198	-512	228	269
-1813	-1550	6020	-191	-540	-571
-1685	-1074	4781	353	-1068	-310
-876	-614	3294	901	-852	2
-358	-465	2577	1130	-127	95
-403	88	2547	1011	437	-158
-771	523	2872	805	619	-257
-1003	439	2844	581	270	-259
-864	78	2522	441	169	-231
-720	-307	2498	249	258	-273
-622	-290	2892	34	314	-388
-524	-166	3435	-134	180	-354
-560	-41	3680	-192	-44	-366
-559	-102	3821	-187	-177	-652
-379	-409	4255	-314	-199	-1304
-466	-532	4614	-445	-474	-1740
-476	-162	4652	-506	-523	-1592
-689	352	4697	-412	-495	-1264
-317	977	4703	180	-209	-578
-121	711	4897	613	-197	-317
-755	-33	4902	642	-227	-245
-1655	-244	4537	598	69	-237
-2944	-38	4182	735	226	-87
-2837	37	3558	1067	527	177
-2444	-626	4132	767	515	-475
-2242	-963	5033	429	48	-834
-1746	-331	5078	327	-361	-824
-1444	570	5067	89	-762	-721
-1354	1040	4734	-120	-1028	-287
-978	1284	3874	-411	-925	169
-663	981	3414	-677	-439	786
-744	264	3405	-868	-35	1133
-1010	-266	3202	-1004	-207	1134
-916	-503	2659	-1073	-403	824
-533	-438	2227	-931	-188	844
-481	-451	2359	-661	281	1077
-531	-454	2732	-369	558	1292
-521	-320	3255	-179	695	1407
-592	-112	3840	-82	669	1559
-646	-21	4282	-25	278	1732
-527	-97	4302	-60	-274	1865
-519	27	4382	-174	-525	2021
-699	-118	4345	-105	-670	2335
-699	-919	4162	-65	-762	2266
-193	-1465	3892	-438	-225	1833
-650	-963	4626	-1043	82	1533
-1995	127	4506	-1206	-783	1884
-2623	871	3227	-1149	-909	2668
-2500	1474	3041	-1274	146	2779
-2372	1192	4062	-1484	1403	2833
-2589	62	6449	-1187	1080	2724
-2216	-972	6665	-688	-333	1789
-955	-138	3907	57	73	239
-1011	-185	3888	84	118	299
-1137	67	3785	85	164	488
-1134	259	3580	88	270	785
-897	295	3533	115	467	999
-739	137	3756	88	576	1087
-646	-288	3959	83	668	871
-576	-510	4338	143	715	416
-621	-525	4582	200	617	-2
-640	-278	4586	349	549	-193
-586	-38	4341	504	502	-167
-599	86	4119	625	551	-14
-648	44	3944	640	520	53
-581	-12	3725	600	485	88
-517	-16	3498	554	557	6
-526	93	3503	506	760	-61
-591	173	3761	476	855	-90
-621	261	4049	463	755	-87
-578	322	4090	418	507	-59
-449	376	3962	373	360	6
-329	469	3865	322	351	112
-233	531	4016	245	452	235
-297	514	4375	173	394	353
-365	283	4693	115	240	420
-481	15	4751	151	-103	327
-520	-70	4608	283	-344	271
-318	-24	4912	343	-432	293
23	-125	5361	344	-434	-25
-142	-175	5679	266	-635	-537
-2347	1006	5185	-110	-1024	-485
-2608	943	3602	-75	391	-468
-2147	-216	5040	-211	812	-913
-2962	-1383	5070	14	0	-1188
-2239	-1597	4171	459	-512	-1327
-1530	-1101	3828	643	-97	-1421
-1366	499	4274	502	74	-1609
-1297	1360	4398	213	-14	-1364
-1229	1252	4103	-140	-164	-1244
-996	900	3578	-679	-147	-1160
-916	97	3004	-999	-201	-1059
-878	-418	2570	-1133	-121	-1341
-533	-513	2222	-1074	-242	-1543
-329	-161	2009	-768	201	-1425
-385	83	2455	-347	737	-876
-740	270	3194	-54	709	-230
-795	321	3476	32	165	186
-750	192	3330	5	-176	404
-523	-43	3345	-106	4	419
-468	-242	4107	-188	351	367
-554	-657	5353	-216	376	77
-405	-1073	6651	-358	-114	-251
-353	-878	6541	-506	-1431	-431
-473	11	4641	-467	-2376	-119
-2159	-387	2410	-165	-1978	573
-3541	-583	1198	-576	981	219
-3748	812	3894	-750	2538	1012
-3930	1330	6714	-562	1092	1823
-3632	1268	7032	-713	-614	1439
-2762	-528	5939	-714	-1379	763
-1655	-1606	4452	-213	-1124	66
-1020	-1810	3424	630	-379	238
-777	-1340	2828	1313	225	332
-863	-504	2912	1419	639	171
-1076	160	3190	1096	530	-86
-1066	413	3204	826	0	-171
-756	504	2635	630	-560	-309
-473	469	2044	408	-381	-406
-347	349	2125	86	380	-442
-494	166	3073	-78	598	-379
-707	-99	3577	-61	27	-501
-534	-347	3491	78	-614	-737
-257	-368	3519	243	-933	-923
-421	-8	3380	343	-891	-1048
-605	423	3478	411	-487	-726
-563	348	3787	554	-439	-594
-366	136	4115	858	-501	-715
-1515	-86	4298	833	-745	-1001
-3544	459	3814	605	-721	-1087
-3621	1055	3413	1336	1188	195
-2898	313	6000	1367	1684	660
-3424	-842	7993	969	-269	563
-3177	-1065	6592	728	-1762	87
-1917	150	4534	461	-1787	-418
-1245	723	3863	192	-425	-418
-1384	824	4512	-280	290	-453
-1240	645	4344	-643	147	-376
-1185	195	4062	-911	-82	-266
-1105	-230	3543	-1207	-485	-479
-783	-406	2652	-1349	-690	-748
-660	-390	2072	-1297	-415	-767
-543	-72	1748	-951	-172	-380
-556	284	1804	-436	398	389
-496	351	2414	-77	864	936
-748	203	3494	119	961	1384
-670	-126	4191	150	336	1374
-347	-322	4099	36	-490	1148
-223	-389	3961	-120	-830	928
-471	-487	3863	-213	-959	746
-619	-667	3864	-122	-773	763
-382	-1017	3874	115	-595	824
-76	-1210	4441	-262	261	479
-621	-717	5248	-612	24	311
-1641	-241	5393	-750	-376	355
-2920	-711	4310	-834	-511	-107
-3284	253	3537	-908	164	-245
-2775	853	3608	-769	442	132
-2256	1315	4852	-609	389	659
-1917	908	5435	-639	-241	659
-1985	-151	5477	-547	-731	573
-1662	-1005	5001	-125	-1024	318
-1295	-1270	4211	437	-834	71
-894	-1289	3422	923	-469	-199
-630	-529	3070	944	186	-688
-900	149	3350	778	505	-886
-1105	448	3272	580	138	-991
-992	386	2831	480	-224	-840
-594	183	2272	390	-328	-746
-340	26	2076	202	67	-749
-373	48	2671	18	506	-706
-404	120	3333	-64	445	-659
-414	298	3711	-98	231	-718
-411	374	4018	-58	3	-679
-367	162	4278	-41	-232	-761
-442	-122	4408	-58	-349	-821
-415	-69	4527	-115	-111	-920
-554	385	4845	91	254	-592
-496	273	5212	453	85	-309
-408	47	4994	702	-189	-387
-706	-449	4967	727	-219	-602
-1510	-368	4624	781	-299	-771
-764	392	3472	342	677	275
-863	313	3681	297	901	452
-980	175	3974	250	859	594
-1057	-80	4040	219	619	577
-987	-102	3835	197	463	455
-811	91	3703	161	515	425
-737	265	3808	138	616	515
-716	383	3970	115	655	691
-758	316	4201	59	627	807
-827	101	4395	1	448	712
-874	14	4470	-84	202	530
-923	-64	4284	-114	46	394
-896	-178	4215	-135	82	227
-809	-89	4589	-193	199	179
-818	95	5169	-271	147	160
-675	376	5509	-349	-247	180
-523	339	5268	-325	-814	97
-378	237	4322	-204	-1055	-74
-600	187	3503	-169	-753	-159
-1061	425	2980	-221	19	-55
-1487	797	3172	-186	1065	328
-1715	547	3904	-174	911	444
-2097	-155	3756	-115	207	216
-2433	-820	3601	-49	-177	-483
-2479	-681	3793	-7	-150	-761
-2136	-267	4467	61	58	-619
-1699	325	4902	78	-98	-323
-1690	484	4973	47	-234	-15
-1734	398	4829	-148	-307	-164
-1298	107	4336	-552	-455	-335
-1056	-321	3972	-929	-470	-665
-884	-338	3476	-1241	-569	-1020
-782	-312	2787	-1271	-586	-1055
-615	-218	2274	-1091	-241	-868
-621	-206	2454	-686	336	-526
-844	-565	3119	-254	486	-345
-1013	-789	3582	95	200	-391
-800	-713	3621	270	-142	-317
-611	-629	3595	344	-249	-259
-620	-346	3877	324	-320	-264
-608	-59	4254	281	-547	-90
-543	163	4408	175	-603	125
-392	243	4675	66	-531	477
-387	-343	4980	-35	-705	688
-202	-704	4769	-328	-863	394
-81	-470	4172	-490	-1047	410
-1032	3	3415	-367	-1297	748
-2544	-62	2180	-295	-713	1266
-3811	-316	2034	-593	903	1216
-3310	-14	4191	-862	1891	858
-2996	761	7436	-626	650	991
-2637	249	7795	-511	-1259	671
-2167	-747	6193	-244	-2259	587
-1432	-1361	4218	341	-1893	542
-985	-1315	3326	1018	-965	521
-558	-1040	2749	1337	-106	349
-553	-458	2765	1221	816	-58
-904	16	3116	1041	912	-374
-997	302	2943	862	377	-451
-896	447	2474	702	-65	-351
-500	137	1932	513	-127	-229
-340	-57	2112	203	275	-320
-620	10	2972	-75	586	-279
-753	210	3921	-245	380	-332
-705	344	4649	-270	-312	-517
-736	187	4793	-233	-1225	-824
-570	198	4326	-94	-1668	-874
-219	579	3775	-156	-1414	-559
219	746	3635	176	-435	92
-101	293	4516	616	299	215
-1122	-230	4981	702	57	-122
-2013	-546	4902	643	-190	-509
-2809	-256	4142	1149	58	-340
-2396	123	3707	1560	139	-392
-2400	-357	4172	1236	292	-342
-2566	-574	5374	635	-128	-614
-1905	164	5201	352	-618	-334
-1326	834	4757	2	-728	-235
-1146	977	4528	-257	-599	-44
-990	1007	4226	-592	-342	213
-837	452	3883	-806	-228	501
-767	-183	3446	-996	-275	462
-783	-712	2802	-1073	-358	188
-631	-736	2148	-1083	-244	-234
-630	-550	1888	-840	285	-215
-590	-329	2269	-447	890	57
-678	-234	3000	-87	1113	349
-684	-271	3681	120	979	423
-685	-343	4100	242	614	500
-495	-451	4215	231	207	476
-335	-314	4269	167	-26	458
-429	-292	4405	162	-216	554
-610	-413	4443	327	-249	459
-680	-764	4396	504	-302	337
-13	-974	4223	265	235	167
217	-394	5570	-523	688	-4
-1111	311	6041	-858	-402	276
-2030	158	4748	-695	-1195	163
-2385	351	3067	-789	-504	-177
-2388	711	2789	-719	486	699
-2560	900	3981	-578	832	1293
-2337	484	5079	-507	324	1299
-1808	-544	5109	-465	-182	594
-1594	-1320	4804	-202	-349	-69
-1462	-1501	4311	214	-355	-501
-1201	-1346	3843	623	-133	-853
-1010	-766	3619	879	122	-1049
-974	-46	3588	994	101	-1095
-853	488	3273	964	-168	-1091
-786	756	2895	837	-228	-904
-697	534	2551	717	-162	-782
-627	228	2441	506	248	-928
-698	3	2864	313	602	-1060
-780	82	3443	175	673	-1173
-673	388	3835	48	349	-1076
-602	596	3945	-54	-85	-841
-405	725	3693	-161	-291	-656
-262	635	3906	-371	-148	-396
-474	463	4267	-483	-376	-225
-568	327	4135	-430	-507	-94
-541	261	3872	-293	-308	18
-376	187	4302	-93	196	312
-321	38	5018	161	317	442
-1059	-618	5740	340	90	221
-1816	-857	5417	459	-418	-352
-2157	-183	4493	686	-536	-610
-1813	487	3482	924	-91	-420
-1802	417	3616	789	432	-134
-2351	-214	4371	345	-37	-341
-2066	-350	4372	195	-58	-281
-2632	1065	4930	-382	-258	1473
-2000	-243	4779	-305	-350	906
-1846	-1099	4749	19	-496	229
-1462	-1623	4237	539	-626	-257
-1168	-1618	3613	1177	-454	-695
-971	-908	2935	1539	-466	-983
-744	-10	2517	1384	-188	-954
-818	464	2621	1035	-2	-905
-858	654	2494	756	-254	-976
-656	655	2034	453	-335	-1080
-504	444	1823	94	48	-1194
-506	451	2318	-187	609	-1084
-604	556	3426	-380	795	-703
-649	710	4273	-426	261	-185
-490	539	4499	-340	-334	62
-457	-89	4588	-236	-795	-410
-545	-479	4212	-161	-905	-897
-539	-579	4290	-273	-120	-1008
-622	162	4951	-155	355	-851
-126	246	5813	556	218	-417
-678	549	6000	1104	-266	-282
-1525	407	5390	1235	-580	67
-1908	576	4004	1412	-156	238
-2311	384	3127	1394	357	446
-2688	-128	3303	1120	746	-12
-2880	-723	4340	456	194	-616
-2576	-684	4938	147	-96	-731
-1867	-196	5092	152	-438	-718
-1437	874	4903	-12	-680	-392
-1226	1394	4627	-299	-542	121
-920	1689	4163	-638	-387	536
-721	1010	3656	-1029	-280	827
-568	-125	3094	-1303	-361	677
-626	-953	2521	-1440	-296	37
-530	-1072	1907	-1481	-237	-583
-398	-553	1544	-1231	270	-473
-407	-89	1717	-666	944	327
-441	-13	2358	-134	1448	851
-723	-42	3563	175	1472	965
-782	-387	4550	344	784	1002
-644	-601	4987	347	-44	758
-554	-406	4948	144	-710	618
-790	-355	4590	-103	-983	668
-669	-1006	4426	-53	-812	442
1	-1668	4205	6	-563	28
-58	-1028	5228	-665	98	-396
-1620	276	5189	-995	-647	-7
-3016	125	3663	-915	-767	265
-3158	769	2569	-1100	393	171
-3187	1384	4226	-1105	1422	1292
-3305	1188	6448	-836	555	1896
-2545	-206	6431	-709	-546	1111
-1778	-1610	5417	-341	-880	404
-1360	-1954	4640	433	-600	-163
-1020	-1609	3785	1246	-272	-530
-772	-1000	2922	1615	-5	-737
-460	-179	2413	1498	359	-830
-435	526	2297	1052	603	-865
-558	1063	2426	685	508	-676
-563	1123	2188	469	139	-292
-455	768	1854	229	78	-35
-397	491	1933	-86	505	-109
-610	432	2841	-421	886	-152
-824	469	4047	-680	697	-86
-735	275	4586	-749	-63	49
-399	-106	4642	-606	-528	30
-648	-157	4888	-543	-784	-276
-1206	518	4412	-569	-1070	-15
-555	482	3819	-344	-401	426
-7	165	5222	418	690	451
-466	-343	6489	1083	203	534
-1183	-742	6091	1147	-801	444
-1602	-98	4542	1019	-1124	-170
-2334	556	3087	916	-576	-488
-2663	662	2489	1001	329	-549
-2439	290	3295	775	706	-240
-2597	-471	4583	471	615	175
-2261	-820	5253	250	270	500
-1836	-188	5261	96	-329	407
-1327	834	4620	-188	-644	398
-1017	1296	4098	-530	-439	428
-612	1142	3704	-929	-138	653
-559	61	3394	-1216	-139	754
-681	-882	2977	-1403	-221	333
-649	-1035	2345	-1432	-331	-321
-608	-773	1858	-1155	77	-481
-507	-423	1900	-604	736	-83
-644	-166	2791	-129	1136	428
-752	-128	3840	184	980	805
-874	-150	4608	360	413	883
-538	-199	4826	330	-199	771
-432	-341	4645	261	-721	745
-618	-507	4255	204	-949	667
-725	-850	3770	312	-710	538
-555	-1145	3792	520	-158	385
311	-838	4452	-47	534	220
-700	-171	5437	-672	35	230
-1715	277	4797	-679	-967	560
-2641	121	3211	-695	-597	315
-3027	220	2891	-682	671	550
-2951	-69	4479	-627	1532	298
-2321	376	6002	-416	409	364
-1823	255	5666	-357	-737	87
-1744	-237	5128	-202	-1126	-24
-1477	-275	4300	243	-1297	155
-966	-249	3383	569	-937	329
-735	-420	2997	692	-86	348
-824	-347	3210	643	416	-53
-1059	86	3527	499	479	-385
-1264	103	3532	338	-31	-545
-1088	4	3130	335	-339	-619
-878	-95	2711	281	-289	-616
-712	-122	2724	232	-82	-613
-569	7	3076	185	130	-596
-570	164	3590	135	117	-602
-641	413	3925	28	-110	-579
-643	421	4176	-27	-378	-512
-517	-22	4240	-32	-861	-757
-252	-270	3726	12	-1080	-1069
-103	-88	3462	-100	-395	-1205
-313	368	3729	-101	362	-984
-535	489	4692	323	670	-486
-438	338	5296	819	130	-428
-757	-359	5372	965	-495	-525
-1552	-690	4784	917	-853	-841
-2176	-213	4040	991	-313	-869
-2159	250	3694	1210	235	-562
-2449	81	3924	1307	555	-458
-2219	-342	4748	979	234	-938
-2205	-25	5006	668	-47	-892
-658	-89	2987	865	375	816
-899	-18	3381	768	765	750
-1216	-44	3573	687	499	643
-1196	-145	3192	609	53	516
-985	-201	2820	525	23	259
-779	-71	2826	430	273	112
-756	151	3165	344	478	122
-846	372	3621	267	490	195
-887	423	3875	231	315	200
-694	289	3994	113	158	70
-593	114	4205	-81	2	-142
-537	27	4293	-212	-170	-271
-416	132	4372	-275	-168	-210
-391	312	4526	-219	-114	7
-512	274	4653	-73	-91	90
-561	128	4736	74	-95	113
-362	-222	4728	232	-105	-32
-181	-557	4767	311	-51	-452
-570	-658	4971	372	-277	-821
-1189	-97	4658	409	-508	-1063
-1765	646	3872	555	-409	-880
-2213	958	3210	717	-359	-464
-2258	498	2912	783	48	-180
-2420	-384	4228	545	354	-409
-2375	-653	5308	420	-190	-353
-1882	-256	5306	335	-637	-393
-1475	748	5066	111	-783	-343
-1243	1276	4801	-155	-688	-27
-954	1260	4273	-571	-602	281
-720	535	3726	-1067	-385	379
-779	-389	3167	-1303	-481	133
-747	-890	2360	-1356	-503	-353
-720	-804	1675	-1248	-426	-672
-623	-561	1398	-877	269	-580
-665	-352	1880	-400	1048	-204
-941	-10	2843	49	1502	150
-1125	-48	3826	175	1268	468
-1001	-146	4221	137	782	545
-741	-192	4332	101	434	571
-537	-235	4454	80	243	531
-523	-191	4794	22	202	379
-613	-138	5193	-77	57	389
-314	-310	5346	-135	-232	480
56	-615	5255	-288	-390	291
-2	-156	4982	-406	-578	317
-676	456	4521	-295	-987	1003
-1702	438	3471	-218	-946	1790
-3217	-175	2375	-541	-309	1853
-3301	-341	2229	-871	647	1637
-3097	191	4446	-740	1302	1618
-2436	-379	6350	-451	278	1037
-1889	-806	6402	-419	-450	-155
-1752	-1323	5904	-142	-1185	-216
-1329	-1070	4505	447	-1436	-144
-901	-686	3324	917	-766	-18
-677	-399	2862	1126	23	-32
-803	166	2931	1085	429	-161
-914	435	2871	879	194	-192
-724	499	2310	616	-156	-243
-527	164	1701	335	59	-358
-541	-61	1703	68	631	-729
-592	-115	2370	-113	1008	-867
-586	126	3169	-196	851	-811
-446	393	3676	-265	353	-635
-405	403	4049	-257	-152	-538
-809	84	4236	-217	-451	-641
-809	279	4307	-223	-595	-559
-388	489	4703	-358	-183	-264
-77	521	5624	-53	-27	-241
-359	-63	6179	565	-315	-436
-1258	-558	6162	939	-590	-627
-2340	347	4868	1129	-602	-209
-2633	381	3445	1531	217	446
-2621	-453	3755	1506	746	-125
-2769	-1098	4725	811	-125	-1143
-2558	-458	4448	442	-418	-834
-1794	681	4393	99	-316	-556
-1331	1402	4617	-197	-231	-58
-1239	1419	4616	-381	-274	294
-1197	1022	4176	-659	-439	609
-851	207	3686	-901	-394	789
-781	-627	3306	-1212	-517	599
-788	-1030	2592	-1379	-702	11
-683	-781	1974	-1312	-461	-348
-522	-356	1770	-802	161	40
-606	-28	2357	-241	932	650
-871	-48	3424	60	1146	966
-877	-78	4037	158	641	1098
-692	-272	3938	146	89	1024
-354	-369	3631	23	-133	776
-265	-370	3593	0	10	675
-360	-373	3924	22	126	736
-698	-535	4098	83	-20	678
-645	-475	4080	233	-59	806
-384	-913	4176	220	173	826
-413	-1132	4650	-335	275	194
-910	-689	4806	-652	58	186
-2215	-913	4723	-795	-149	108
-3330	-659	3742	-985	596	-631
-2971	77	4312	-850	1330	-606
-2543	917	5666	-533	1045	-299
-2361	1309	6032	-456	-203	57
-2237	846	5417	-526	-1061	556
-1759	-322	4433	-301	-1419	747
-1151	-832	3481	147	-937	576
-998	-1033	3197	556	-120	415
-984	-802	3212	843	571	108
-1193	-251	3703	797	814	-231
-1377	-1	3968	638	358	-561
-1376	35	3578	580	-365	-736
-1091	-15	2753	541	-552	-888
-800	81	2459	452	-212	-943
-828	316	2770	312	252	-864
-965	367	3314	276	338	-750
-957	319	3603	211	230	-726
-676	243	3793	72	57	-750
-565	164	3945	-66	-177	-721
-457	139	4118	-139	-484	-659
-479	66	4049	-175	-872	-635
-317	30	3775	-155	-927	-678
-285	128	3635	-198	-708	-812
-331	349	3838	-36	-172	-513
-389	182	4520	379	106	-285
-995	-505	5276	658	-79	-414
-1727	-383	5285	674	-370	-698
-2096	427	4686	957	-33	-56
-2083	446	3801	1179	193	157
-2328	-359	3782	970	251	-235
-2419	-819	4251	419	-32	-1176
-2061	-574	4605	129	-58	-1119
-1532	-1364	4846	403	-868	-174
-1214	-1160	4237	833	-933	-743
-883	-585	3588	1121	-709	-667
-809	17	3185	1086	-482	-475
-779	424	3032	882	-283	-309
-815	491	2833	722	-313	-221
-785	327	2528	646	-277	-180
-864	188	2411	603	-243	-186
-890	233	2423	526	-169	-106
-672	421	2730	383	173	53
-639	506	3501	140	387	195
-640	566	4033	-98	230	177
-665	415	4279	-263	-9	120
-572	91	4311	-308	-190	-99
-493	11	4410	-268	-329	-236
-491	52	4663	-269	-292	-138
-712	145	4855	-249	-306	-173
-539	644	4902	69	-275	203
29	109	4992	601	-197	252
-179	-285	5060	814	-245	-168
-1261	-529	5200	599	-428	-502
-2212	-124	4529	630	-455	-706
-2234	445	3618	964	-331	-548
-2572	-202	2899	1166	-25	-690
-2524	-813	3497	958	190	-1346
-2332	-727	4619	731	380	-1138
-1762	105	5518	453	72	-890
-1409	960	5284	99	-387	-830
-1020	1701	4858	-245	-698	-533
-863	1743	4216	-548	-765	-109
-700	767	3529	-1019	-523	187
-552	-454	2842	-1349	-419	-69
-553	-863	2238	-1426	-362	-531
-454	-612	1441	-1323	-146	-678
-397	-78	1295	-928	562	-423
-465	367	1953	-358	1287	149
-704	520	3112	24	1365	554
-566	143	3737	105	835	749
-454	-472	4192	150	585	660
-578	-626	4576	106	302	269
-410	-371	4801	70	-68	270
-648	26	4974	75	-557	427
-575	-321	4903	192	-623	582
-571	-937	5070	220	-531	336
-172	-782	5041	3	-560	302
-287	153	5221	-300	-525	797
-1886	61	5090	-319	-569	1496
-2951	-790	3620	-495	-368	806
-3067	-229	2940	-794	627	357
-3002	562	4060	-582	939	702
-2661	900	5971	-382	354	940
-2194	451	6418	-342	-612	903
-1764	-751	5533	-118	-1414	561
-1285	-962	3990	373	-1313	122
-956	-804	3074	851	-466	-32
-716	-337	2979	1148	354	-229
-738	138	3039	1056	744	-475
-951	534	3220	818	630	-738
-974	612	3043	635	135	-695
-781	557	2578	480	-319	-468
-525	360	2041	394	-492	-344
-323	22	1982	180	42	-545
-232	-178	2581	-22	559	-805
-340	4	3433	-219	645	-1053
-398	434	4114	-454	269	-880
-530	1060	4632	-463	-405	-327
-730	1360	4404	-378	-1222	99
-432	961	3542	-254	-1240	265
-103	463	3224	-232	-24	137
-486	-80	4441	20	1134	326
-491	-705	5542	450	929	66
-534	-1008	6023	706	170	-204
-1298	-889	5781	793	-623	-709
-2461	-246	4770	851	-810	-1642
-3006	889	4001	956	-407	-1906
-2231	1013	3295	1253	93	-1175
-1628	359	3788	1012	183	-522
-2335	-15	4565	438	8	-186
-1805	-77	5176	231	-195	93
-1533	527	4880	-20	-647	-401
-1391	1232	4557	-219	-654	-250
-1145	1388	4097	-434	-514	237
-1128	711	3862	-755	-420	613
-908	-181	3263	-1012	-537	534
-735	-654	2681	-1171	-472	95
-638	-587	2118	-1183	-321	-373
-544	-199	1998	-881	448	-331
-702	231	2707	-506	925	146
-851	280	3428	-301	835	574
-764	269	3715	-234	573	786
-708	153	3986	-223	407	1021
-559	-77	4080	-240	133	1069
-337	37	3961	-313	39	1008
-522	293	4262	-286	45	1226
-810	50	4680	-70	-351	1448
-730	-541	4360	22	-814	1357
-214	-723	3518	-177	-415	1293
-197	-420	4196	-788	522	1365
-1719	-83	5005	-1058	-205	1491
-2379	146	4161	-1036	-576	1712
-2694	609	3375	-1274	305	1215
-2561	1511	3988	-1363	777	1646
-2709	1570	5047	-1186	795	2386
-2206	650	5413	-1015	362	2205
-1615	-478	5368	-788	187	1768
-1602	-1081	4927	-441	-16	1195
-1409	-773	4135	-31	-59	766
-1070	-218	3501	230	18	776
-951	115	3142	263	82	722
-735	315	2751	239	118	682
-688	435	2651	130	312	730
-805	551	2746	18	326	888
-791	676	2577	-32	344	1101
-866	790	2965	-213	850	1202
-973	647	3902	-400	1073	1278
-1104	350	4647	-521	712	1252
-925	144	4680	-551	92	1086
-726	157	4334	-532	-283	1023
-520	253	4156	-429	-353	1017
-382	393	4143	-329	-401	1006
-360	241	4115	-249	-351	877
-422	87	4148	-184	-311	665
-570	349	4179	-129	-426	592
-810	683	4060	-78	-681	821
-494	955	3931	91	-716	1095
-291	740	4206	336	-510	1073
-626	617	4677	464	-497	861
-1493	331	4962	433	-478	554
-1868	287	5073	458	-306	174
-2191	556	4926	549	-633	255
-1377	44	4853	449	-1767	917
-941	-76	3313	632	-1614	1326
-640	-55	2271	535	-738	1360
-615	-71	2328	381	366	1307
-987	-166	3032	320	765	1170
-1270	-188	3415	341	443	998
-1237	-238	3232	389	-29	877
-1002	-338	2869	431	-176	722
-752	-272	2824	416	52	551
-695	-178	3253	302	346	323
-642	-22	3851	181	387	133
-559	75	4200	119	131	-39
-463	-63	4317	32	-69	-306
-383	-153	4495	-72	-219	-528
-424	22	4665	-110	-324	-445
-623	201	4710	-80	-376	-332
-519	737	4576	106	-391	-197
-30	517	4883	494	-123	56
-338	-166	5167	741	-138	-175
-1193	-657	5283	602	-384	-486
-2315	-323	4544	619	-321	-547
-2481	371	3489	899	-388	-354
-2396	257	2677	1175	183	-357
-2118	-259	3707	838	390	-1025
-2497	-631	4733	532	-17	-1199
-1893	-175	4896	406	-374	-986
-1437	876	4660	166	-437	-718
-1410	1530	4806	-111	-116	-207
-1186	1807	4615	-486	-318	232
-917	761	3964	-940	-428	482
-813	-452	3383	-1304	-522	147
-710	-971	2643	-1472	-596	-325
-663	-779	1888	-1335	-443	-446
-412	-538	1376	-1000	236	-159
-516	-348	1853	-416	1183	157
-791	-277	2907	-1	1339	319
-908	-319	3751	157	962	353
-864	-563	4204	95	338	172
-741	-327	4200	30	-27	84
-445	44	4413	78	-46	477
-386	-8	5023	149	-48	723
-536	-301	5389	144	-321	433
-256	-657	5289	142	-752	232
49	-912	4829	-47	-605	-71
-177	-239	4796	-273	-446	-143
-1187	596	4235	-295	-833	227
-2364	347	2928	-228	-622	874
-3336	-204	2125	-553	354	903
-3112	-194	2798	-788	1367	1063
-2925	458	5451	-588	1420	1372
-2427	-189	7065	-312	-46	707
-1983	-665	6485	-191	-982	-175
-1676	-1387	5247	213	-1646	-190
-1159	-1220	3769	734	-1496	-283
-503	-999	2622	1155	-537	-212
-399	-350	2541	1221	497	-310
-704	232	2898	1043	926	-387
-937	525	3095	884	645	-303
-1028	478	2833	739	96	-263
-909	-5	2342	504	-61	-433
-587	-337	2249	188	299	-865
-474	-399	2905	-42	698	-1125
-428	64	3728	-201	543	-1142
-321	467	4168	-265	48	-903
-415	704	4517	-271	-632	-794
-565	708	4258	-69	-1116	-636
-546	852	4120	-88	-728	-530
-582	1148	4457	-27	-462	175
-38	241	4879	447	-226	589
-396	-536	5183	643	-489	-40
-1405	-859	4717	535	-537	-440
-2452	-270	3838	814	131	-280
-2742	-10	3699	1202	699	-500
-2859	118	3981	1140	578	-836
-2636	-536	4983	603	-101	-1196
-2160	-319	4653	285	-560	-719
-1586	392	4644	148	-244	-183
-1486	777	4941	-104	-292	-32
-1305	1078	4671	-269	-402	-69
-910	1015	4161	-543	-324	195
-773	228	3774	-827	-299	444
-740	-646	3189	-1157	-362	126
-720	-906	2431	-1364	-389	-443
-696	-548	1906	-1252	62	-597
-626	-33	1984	-792	733	-86
-861	73	2696	-331	1116	517
-845	88	3567	5	1030	867
-591	-206	4018	127	655	1101
-366	-418	4150	129	351	1094
-345	-523	4310	46	-50	863
-369	-545	4297	-83	-536	574
-522	-503	3980	-92	-636	446
-628	-672	3962	133	-477	466
-5	-1040	3667	269	-103	551
195	-874	4843	-401	739	358
-706	-62	5253	-792	130	595
-2057	-21	4938	-830	-435	630
-3210	82	3882	-823	-371	150
-3344	34	3639	-881	606	466
-2836	123	4528	-788	917	238
-2141	374	5472	-609	179	357
-1778	218	5349	-587	-556	192
-1727	-450	5010	-325	-833	151
-1416	-556	4202	143	-1086	152
-976	-570	3167	532	-705	217
-671	-572	2670	772	173	149
-852	-154	3082	715	797	-177
-1200	225	3558	608	696	-355
-1325	154	3594	498	216	-550
-1161	-85	3150	403	-226	-751
-817	-138	2752	298	-119	-842
-756	-60	2987	227	191	-808
-763	96	3434	200	311	-680
-737	140	3876	164	208	-609
-674	297	4130	88	-36	-541
-496	424	4428	-81	-350	-486
-462	285	4486	-185	-943	-557
-407	0	3892	-132	-1371	-717
-56	-208	3237	-172	-1059	-1041
-78	342	3026	-209	-62	-824
-605	387	4038	159	808	-67
-586	254	4853	699	490	-92
-1033	-363	5516	803	-67	-371
-1875	-331	5087	750	-671	-480
-2390	-58	4284	780	-362	-348
-2151	478	3623	933	299	-119
-2392	-12	4102	793	646	-238
-2291	-342	4761	478	169	-552
-1995	-334	4753	294	-79	-288
-1627	86	4814	75	-316	-265
-1128	284	4032	-14	294	-18
-1114	258	4090	-34	211	-44
-1102	326	4035	-86	109	-46
-1070	379	3964	-100	68	-17
-1071	363	3868	-91	135	-6
-1050	363	3933	-110	227	-24
-1101	402	4038	-156	182	-13
-1139	398	4068	-199	78	12
-1142	387	4039	-210	31	19
-1106	455	4022	-186	12	86
-1152	461	4048	-133	-51	191
-1204	429	4016	-94	-105	285
-1221	348	4018	-67	-171	333
-1179	198	3937	-56	-223	285
-1161	31	3853	-45	-303	112
-1243	-110	3645	15	-453	-66
-1409	-69	3431	67	-549	-206
-1439	48	3327	67	-436	-211
-1440	5	3434	10	-54	-172
-1413	-13	3877	-28	177	-97
-1431	-172	4318	-112	68	-60
-1365	-195	4397	-228	-185	-95
-1039	-179	4243	-333	-318	-54
-869	-150	4143	-443	-272	-87
-954	-82	4132	-481	-144	-9
-957	-156	4058	-508	-63	35
-985	-208	4014	-520	42	25
-971	-265	3952	-517	43	-25
-870	-296	3801	-512	27	-167
-811	-365	3690	-481	68	-331
-909	-440	3776	-459	97	-553
-929	-318	3790	-412	52	-654
-975	-166	3734	-328	135	-510
-1013	-115	3822	-277	197	-305
-1032	-188	4007	-225	229	-130
-964	-285	4177	-186	151	-61
-913	-317	4310	-133	112	18
-848	-377	4354	-56	92	80
-725	-282	4196	-1	127	128
-617	-192	4161	6	200	192
-588	-20	4150	-38	182	296
-553	-32	4040	-87	218	389
-539	-91	4075	-169	242	429
-475	-167	4241	-235	163	463
-467	-166	4411	-237	-111	503
-520	-67	4449	-188	-554	857
-1064	-306	4136	-100	-909	1044
-1919	-468	3468	-92	-125	876
-2506	-150	3965	17	355	953
-3126	455	4692	102	737	1446
-3333	695	5725	59	602	1840
-3083	124	6056	-21	71	1636
-2261	-437	5423	205	-345	1247
-1385	-779	4390	531	-469	880
-1058	-526	3817	855	-110	793
-933	-316	3333	1008	-4	739
-873	-178	2876	1040	-68	593
-863	-191	2477	930	-416	396
-657	165	1848	695	-706	119
-651	185	1542	267	-134	-169
-917	289	2116	-12	371	-378
-1015	356	2695	-96	362	-375
-845	486	3125	-137	153	-279
-590	682	3599	-267	6	-116
-365	868	4119	-421	-226	97
-336	1057	4444	-460	-503	371
-492	861	4565	-370	-812	517
-643	331	4346	-230	-886	421
-674	36	4201	-158	-650	365
-595	-159	4315	13	-298	382
-375	-600	4666	432	17	34
-770	-746	4902	740	-101	-351
-1899	-590	4970	724	-409	-733
-3028	129	4067	717	-740	-1325
-2777	1146	2895	937	-559	-1355
-2067	1083	3244	911	387	-729
-2351	447	4908	474	-46	-299
-2319	-277	5130	202	-363	266
-1752	-38	5026	185	-527	27
-1592	919	4442	-116	-149	-278
-1473	1250	4642	-436	101	-165
-1217	807	4579	-666	-110	78
-1028	-327	3909	-778	-371	49
-1046	-887	3163	-867	-552	-554
-995	-514	2435	-792	-411	-816
-846	31	2168	-560	90	-548
-603	525	2602	-215	652	9
-598	636	3349	1	722	346
-746	598	3629	22	563	590
-720	455	4082	-14	286	1118
-560	174	4212	-75	-271	1385
-685	215	4050	-123	-650	1304
-775	48	3864	-121	-850	1418
-684	-489	3659	-12	-899	1370
-187	-981	3484	8	-681	1184
-101	-1090	3660	-70	-370	1147
-443	-334	3887	-218	-84	882
-2550	-15	3921	-187	3	1277
-3830	-148	3275	-317	1079	127
-3831	637	4927	-192	1910	-332
-3001	585	6298	-102	1111	-534
-2507	1250	6427	-374	-228	-256
-2270	731	5749	-349	-923	430
-1820	9	4814	-48	-1446	255
-1220	-80	3355	328	-1319	137
-1030	-254	2464	657	-427	296
-940	-304	2447	832	689	258
-1087	-156	3108	764	1276	-5
-1481	115	3967	551	962	-341
-1495	160	4011	439	54	-664
-1117	298	3214	407	-599	-876
-805	390	2590	331	-463	-972
-714	308	2641	190	-81	-1103
-805	253	3006	72	74	-1336
-957	330	3337	-86	-52	-1475
-922	327	3549	-264	-243	-1459
-803	329	3766	-440	-437	-1482
-707	496	3906	-474	-717	-1352
-543	781	3691	-355	-910	-1126
-237	788	3468	-63	-623	-846
-318	627	3564	145	-95	-772
-553	625	3860	158	294	-479
-837	303	4448	259	468	-179
-856	-515	4853	565	359	-188
-859	-1016	5055	889	241	-681
-1596	-564	5186	1129	-132	-1306
-2372	337	4654	1113	-107	-1809
-2377	1456	4452	1128	124	-1571
-1973	1488	4245	1142	-9	-356
-2252	361	4403	756	-436	-156
-696	-232	3986	263	335	-324
-695	-130	3909	296	411	-343
-698	-51	3795	334	450	-295
-763	65	3648	341	545	-264
-763	186	3561	322	715	-148
-777	289	3631	300	905	-3
-762	342	3786	264	1048	130
-789	344	4003	221	1037	224
-799	295	3975	184	961	305
-690	118	3960	149	961	308
-587	17	3923	113	960	290
-487	1	3961	53	915	259
-407	52	4051	28	817	253
-393	54	4184	3	685	213
-453	100	4206	-10	535	188
-633	84	4219	-34	415	137
-752	-50	4326	-59	401	32
-738	-83	4536	-63	371	-39
-617	65	5048	22	265	94
-477	413	5739	77	-243	372
-856	764	5750	47	-897	410
-1434	863	4829	-106	-1303	335
-1411	750	3640	-173	-208	256
-1577	158	4617	-332	588	-58
-2272	-36	4663	-311	133	109
-2547	-688	3949	-77	-262	-294
-2602	-650	3495	84	-243	-995
-2360	-277	3861	118	310	-959
-2036	100	4689	25	331	-685
-1850	379	4973	-129	182	-378
-1611	297	4684	-360	-256	-356
-1309	61	3984	-680	-486	-622
-989	-95	3314	-999	-568	-860
-883	-14	2638	-1145	-611	-954
-804	31	2134	-1131	-507	-802
-627	-58	1781	-945	-180	-546
-638	-206	1991	-490	567	-129
-949	-381	2822	-136	873	97
-1113	-366	3586	-13	413	218
-851	-586	3605	74	-181	310
-575	-730	3638	121	-296	151
-413	-571	4280	95	-132	32
-440	-184	5170	-37	-279	93
-311	229	5760	-72	-730	395
-80	41	5736	28	-1253	807
-141	-468	4985	-107	-1450	655
-977	-330	4061	-230	-1554	509
-2183	-124	2846	-180	-1301	953
-3307	-65	1905	-504	39	1077
-3292	739	3760	-849	1063	2044
-3270	1517	6258	-846	-35	2392
-3127	1273	6761	-942	-1046	2135
-2431	-303	5948	-843	-1548	1650
-1628	-2035	4857	-386	-1152	924
-1254	-2884	3888	457	-464	174
-1098	-2207	3379	1280	-155	-235
-831	-824	2926	1566	-36	-400
-669	107	2385	1426	-186	-517
-601	476	1992	1219	-222	-446
-287	585	1467	921	-340	-555
131	600	924	617	-32	-566
57	433	1290	222	890	-494
-549	182	2554	66	1228	-461
-1029	29	3667	13	932	-465
-649	39	4701	-143	564	-569
-720	-237	5779	-378	-256	-911
-1067	117	4893	-258	-1398	-912
-476	156	3552	-137	-1092	-868
81	164	3985	248	-112	-1202
-549	-42	5206	769	24	-910
-2289	-475	4828	1120	-788	-1037
-3656	405	2805	1364	-477	-1271
-3638	1174	3239	1579	1394	-608
-2749	323	6089	1258	1248	440
-3172	-340	7238	762	-226	412
-2784	466	6298	330	-1367	30
-1907	649	4539	-129	-1742	-290
-1103	328	3528	-433	-825	-557
-955	286	3407	-605	192	-541
-1169	36	3474	-773	680	-166
-1463	-528	3896	-854	687	-23
-1443	-729	3771	-882	99	-260
-1192	-417	3216	-802	-254	-370
-1052	-137	2790	-652	-286	-319
-754	86	2549	-441	-67	-173
-620	238	2719	-276	252	135
-544	135	3029	-203	227	323
-496	-107	3319	-25	212	556
-531	-395	3557	35	-54	464
-530	-514	3507	14	-418	300
-413	-503	3504	-16	-449	254
-418	-268	3870	81	-350	476
-588	-298	4144	275	-554	789
-461	-572	3963	236	-552	739
-99	-649	4245	-274	98	457
-716	-531	5214	-695	92	293
-1533	-125	5417	-816	-649	427
-2562	-460	4365	-897	-1050	96
-2898	35	3103	-1026	-113	-53
-2629	342	3614	-840	939	205
-2251	592	5103	-524	860	571
-1874	364	5700	-354	-59	425
-1873	-245	5496	-324	-749	141
-1651	-687	4708	-17	-1327	153
-1160	-642	3543	376	-1117	233
-696	-648	2929	715	-186	87
-686	-437	3220	795	642	-223
-976	117	3680	705	625	-439
-1111	467	3652	551	158	-413
-1002	348	3223	377	-286	-295
-715	64	2621	270	-330	-351
-587	-107	2532	139	26	-487
-602	-158	2896	103	309	-563
-561	-39	3469	68	370	-631
-618	191	3944	2	74	-574
-618	359	4069	-34	-197	-413
-521	292	4189	-72	-312	-321
-598	145	4308	-93	-570	-467
-437	-71	4036	-74	-680	-647
-273	55	3939	-72	-350	-787
-368	429	4228	120	190	-375
-302	392	4696	451	296	49
-320	330	5001	738	98	1
-792	-238	5186	798	-153	-250
-1380	-460	5001	715	-465	-638
-1789	-29	4304	714	-391	-707
-1763	606	3545	885	-80	-370
-2087	341	3196	986	493	-129
-2200	-602	4031	661	431	-675
-2194	-792	4468	438	1	-867
-886	163	3971	-27	287	2
-830	269	3992	-23	308	94
-808	371	4042	-1	387	245
-741	305	4116	14	416	335
-630	136	4158	17	379	328
-557	-55	4126	57	388	212
-576	-127	4118	146	544	102
-560	24	4059	216	608	116
-614	200	3994	279	631	170
-635	439	3887	333	673	281
-702	519	3795	359	787	454
-733	376	3826	383	904	578
-725	230	3962	393	961	589
-753	195	4125	368	916	603
-888	180	4201	315	824	572
-953	149	4258	277	792	538
-885	81	4301	273	740	429
-809	103	4301	321	688	304
-717	264	4396	312	592	252
-680	281	4509	183	487	191
-674	256	4523	4	433	81
-605	136	4590	-129	381	-60
-588	114	4588	-183	148	-192
-472	159	4381	-170	-131	-247
-329	238	4052	-152	-282	-250
-257	367	3899	-171	-361	-211
-495	617	4010	-269	-354	-127
-861	820	4119	-328	-382	12
-1450	743	3960	-286	-290	327
-1787	111	3772	-264	-517	224
-2142	-453	3514	-201	-731	-456
-2190	-726	3422	-21	-541	-840
-2155	-864	4040	57	-79	-1038
-1990	-483	4841	120	-60	-1034
-1643	193	5154	138	-161	-826
-1601	662	5158	-46	-279	-650
-1450	570	4633	-373	-365	-550
-1030	38	4055	-727	-247	-732
-895	-216	3678	-988	-195	-998
-839	-47	3092	-1130	-253	-1168
-810	94	2590	-1098	-202	-984
-731	130	2275	-916	53	-663
-673	-7	2274	-678	272	-463
-662	-38	2527	-458	557	-147
-844	-393	3026	-267	682	46
-822	-664	3475	-86	629	-9
-714	-813	3852	68	451	-157
-564	-668	4101	155	353	-339
-425	-404	4729	254	435	-191
-569	-258	5784	310	362	108
-852	-12	6603	224	-81	87
-636	-76	6391	61	-1113	295
-109	-381	4889	-202	-1591	204
28	-101	3690	-359	-1293	271
-694	522	2856	-276	-863	888
-2118	309	2065	-56	-218	1779
-3708	-451	1643	-77	878	1813
-3755	-695	2860	-491	2076	1290
-3294	-110	5731	-491	1754	890
-2608	154	7460	-330	-255	239
-2029	-174	6411	-220	-1669	50
-1506	-733	4585	242	-1968	283
-934	-783	3173	924	-1252	445
-468	-554	2446	1227	-201	454
-467	-272	2507	1011	874	229
-826	36	3118	680	1173	-28
-978	388	3276	535	581	-99
-909	410	2898	505	64	-24
-705	180	2488	482	-128	31
-538	-21	2525	297	219	-126
-694	-135	3206	-19	540	-276
-764	-264	3998	-155	275	-485
-646	-242	4475	-126	-321	-924
-602	-45	4706	-120	-927	-1268
-764	190	4383	-102	-1364	-1331
-786	353	3715	17	-1623	-1064
-586	601	3348	173	-1328	-749
-178	439	3623	656	-653	-491
-731	380	4291	970	-149	-472
-2706	896	4562	939	2	-432
-3563	771	3856	1290	887	190
-2847	47	4913	1129	1065	68
-2965	-800	6309	482	-132	-407
-2724	-833	5685	238	-1434	-330
-1996	-116	4454	181	-1419	-469
-1317	475	4188	12	-781	-502
-1108	1023	4259	-302	-47	-274
-1062	984	4180	-646	183	190
-1058	524	4030	-863	80	533
-1096	13	3626	-1041	-264	561
-1008	-416	2856	-1046	-699	278
-754	-684	2148	-1010	-581	-95
-541	-680	1864	-771	33	-113
-712	-364	2425	-399	777	221
-752	-329	2994	-189	667	383
-619	-348	3308	-1	587	370
-632	-500	3840	105	397	272
-611	-464	3995	137	2	105
-418	-211	3996	143	-212	239
-328	-45	4316	111	-283	533
-512	-79	4548	214	-415	743
-647	-549	4459	416	-666	726
-139	-1189	3995	284	-378	376
-25	-731	5040	-411	172	90
-924	7	5295	-767	-450	314
-2435	-446	4304	-753	-838	252
-3083	112	3035	-719	-177	-112
-3072	291	3091	-744	1188	362
-3129	383	4868	-657	1558	237
-2594	723	6138	-565	436	367
-2117	358	5881	-623	-696	286
-1778	-504	5060	-334	-1338	150
-1164	-740	3746	291	-1263	108
-630	-911	2797	771	-437	167
-773	-281	3126	1004	907	-498
-773	-281	3126	1004	907	-498
-1038	196	3373	786	554	-725
-1055	219	3139	621	91	-811
-879	57	2766	537	-51	-926
-737	-27	2696	418	189	-1057
-664	17	3188	292	396	-1106
-580	221	3690	143	276	-1118
-589	288	3953	19	41	-1068
-621	336	4005	-88	-262	-1056
-470	610	4155	-141	-626	-923
-465	512	4084	-248	-897	-667
-460	313	3749	-274	-854	-630
-389	622	3525	-178	-443	-360
-415	773	4082	-40	442	328
-525	499	5157	164	505	666
-3022	533	5074	-626	298	2048
-2007	-763	5138	-403	-125	1228
-1291	-1396	4938	-36	-17	388
-1226	-1333	4808	463	-103	115
-1014	-1052	4007	987	-196	18
-756	-684	3249	1235	36	-95
-494	-183	2914	1125	308	-189
-490	230	2846	783	242	-136
-446	447	2563	566	36	-97
-375	486	2148	368	-96	-100
-331	334	1826	204	159	-151
-616	6	2259	-120	711	-452
-748	124	3078	-334	792	-588
-685	206	3734	-407	569	-287
-483	-65	4254	-341	309	-153
-491	-404	4924	-334	25	-515
-893	-301	5324	-420	-339	-1049
-1098	750	5074	-526	-722	-856
-431	1383	4551	-113	-564	-170
-40	945	5228	546	61	165
-887	218	5815	856	-110	322
-1454	-531	5177	803	-228	237
-2349	-321	4259	769	-258	-84
-2738	-537	3088	875	48	-497
-2814	-565	3532	807	495	-931
-2631	-630	4768	578	360	-865
-2244	7	5206	356	-25	-398
-1675	570	5012	44	-373	-72
-1403	1066	4677	-219	-683	218
-1107	1424	3897	-592	-762	557
-870	1078	3484	-963	-435	924
-811	65	3279	-1247	-559	976
-603	-781	2547	-1428	-810	577
-433	-1118	1751	-1405	-475	16
-552	-871	1759	-967	207	-71
-624	-556	2232	-435	613	224
-698	-301	3076	-19	788	529
-691	-1	3795	167	649	883
-533	-12	4292	180	293	1079
-453	-58	4360	117	-232	1133
-258	-232	4201	6	-673	1145
-275	-673	3845	-122	-802	979
-678	-945	3700	-13	-400	856
-644	-1614	3794	323	-326	908
188	-1717	3777	141	172	328
-549	-785	5042	-522	587	47
-2120	-432	5137	-714	-188	136
-2879	-270	3880	-851	91	-533
-3078	298	3771	-827	1190	-509
-2627	812	5276	-606	1555	-34
-2417	1237	6453	-419	281	333
-2319	736	5873	-390	-1144	544
-1707	-411	4714	-235	-1570	515
-1315	-764	3615	153	-1087	427
-1054	-1210	3060	488	-185	260
-968	-1147	2946	775	654	-115
-1072	-222	3494	665	1193	-346
-1556	380	4239	482	878	-301
-1430	740	3930	440	-13	-118
-1129	517	3175	438	-263	50
-760	116	2656	341	-207	-20
-691	-189	2837	112	248	-126
-760	-442	3179	45	344	-323
-665	-402	3324	61	279	-538
-630	-215	3558	20	335	-678
-732	-288	4125	-53	17	-1119
-790	-132	4089	-74	-716	-1391
-869	-56	3678	-54	-1025	-1395
-603	241	3375	-37	-1100	-1294
-244	635	3381	120	-597	-749
-295	544	4308	410	-37	-352
-1152	-197	5240	539	-398	-288
-2142	-801	4978	596	-1000	-268
-2109	-682	4654	969	-495	-214
-1726	-269	4020	1412	280	-16
-2145	-1084	4790	1097	540	-641
-2746	-1058	5027	712	-186	-1402
-2386	-82	4380	445	-306	-1696
-1758	729	4489	84	-3	-1410
-1331	1102	4570	-207	-103	-919
-1241	876	4365	-392	-272	-318
-1131	306	4000	-552	-374	149
-904	-172	3619	-754	-408	236
-595	-425	3137	-856	-479	79
-541	-466	2746	-852	-309	-83
-530	-313	2612	-785	-134	-139
-498	-215	2712	-631	216	8
-551	-519	3149	-453	485	199
-733	-614	3665	-322	518	349
-723	-642	4035	-220	198	477
-652	-702	3985	-99	-114	508
-501	-602	3854	-44	-212	460
-370	-365	3918	-41	-143	639
-346	-352	3969	-82	-213	757
-218	-536	3751	-195	-283	477
-219	-846	3507	-387	-169	68
-263	-1285	3568	-567	135	-291
-505	-1384	4234	-602	424	-583
-516	-893	5008	-470	312	-563
-424	-246	5370	-386	-158	-425
-689	104	4997	-380	-550	-132
-1208	189	4370	-450	-435	128
-1880	-183	4199	-577	29	526
-2217	733	3976	-817	38	734
-2063	1230	3801	-640	83	1724
-1572	761	3825	-441	149	1823
-1345	-433	4281	-216	353	1475
-1321	-1494	4810	83	209	1018
-1307	-1946	4770	451	-180	422
-1114	-1698	4408	841	-308	85
-752	-870	3934	1122	-317	-107
-552	-125	3614	1140	-151	6
-623	291	3446	1075	-113	237
-701	351	3274	851	-203	381
-632	69	2856	555	-250	414
-508	-193	2620	358	48	243
-526	-200	3013	200	502	25
-659	-64	3663	79	597	-85
-668	210	4125	36	390	-37
-645	418	4218	12	99	78
-605	376	4026	-39	-150	169
-497	67	3959	-138	-258	6
-536	-198	3920	-270	-351	-334
-506	-206	3807	-324	-160	-416
-532	-140	3906	-291	226	-472
-667	246	4433	-89	441	-278
-528	201	4810	279	284	106
-640	-74	4994	525	-97	80
-822	-95	4788	663	-446	-60
-962	-241	4367	770	-307	-277
-863	158	3814	263	308	-307
-866	216	3821	251	381	-265
-871	296	3860	215	392	-189
-879	348	3856	176	394	-115
-895	354	3821	146	422	-58
-846	277	3796	129	487	-18
-843	242	3821	119	575	5
-831	266	3903	92	620	51
-787	312	3994	72	604	167
-723	399	4038	67	583	317
-695	465	4063	60	591	476
-702	463	4084	42	574	614
-742	428	4072	9	532	720
-707	321	4037	0	506	795
-698	312	4049	-11	482	792
-691	249	4067	-4	424	844
-656	113	4038	-4	367	740
-657	155	4026	-13	266	631
-687	258	4112	-35	112	572
-960	409	4289	-94	-71	546
-1210	582	4485	-51	-73	641
-1599	693	4844	15	183	594
-2074	267	5416	-200	11	491
-2193	-299	5016	-394	-313	104
-2027	-774	4390	-339	-455	-413
-1827	-735	3509	-154	-354	-701
-1488	-353	3281	-103	191	-653
-1363	-77	3862	-187	657	-428
-1385	64	4375	-296	647	-157
-1496	-268	4278	-441	397	-368
-1095	-492	3699	-627	235	-712
-802	-637	3189	-810	251	-1081
-837	-413	2964	-860	260	-1487
-826	49	2705	-730	184	-1344
-704	284	2525	-541	263	-951
-631	310	2792	-351	486	-595
-806	17	3317	-246	337	-441
-878	-303	3777	-184	-60	-417
-748	-552	3980	-94	-354	-357
-626	-569	4199	44	-367	-351
-581	-261	4544	154	-191	-191
-612	-48	5212	172	-91	196
-682	141	5804	74	-240	393
-750	310	6282	-141	-572	557
-470	90	5969	-390	-1334	841
-456	-291	4693	-493	-1756	857
-939	-653	3443	-332	-1396	752
-2011	-1501	2312	-132	-761	848
-2742	-1362	1845	-326	1187	986
-3582	-209	4413	-323	1315	1020
-4375	923	5814	-372	63	772
-3480	1717	6356	-606	-819	594
-2551	573	5753	-608	-1383	748
-1849	-1127	4654	-141	-1169	546
-1326	-2248	3768	749	-495	211
-796	-1958	3234	1517	-116	-33
-511	-752	2698	1824	78	-165
-493	341	2525	1547	205	-37
-509	764	2367	1117	78	-37
-377	947	1881	824	-297	-20
-155	849	1293	558	-518	-27
-154	411	922	191	-197	-146
-311	369	1537	-147	326	17
-563	437	2888	-519	622	258
-1147	-94	4398	-780	488	112
-952	-728	5805	-724	-206	-1107
-900	-540	6203	-455	-1365	-1956
-311	-381	5208	67	-1700	-1584
-311	310	4070	601	-1362	-1104
-452	1026	3997	1027	-330	-586
-1396	1018	4651	1363	345	-282
-2338	882	4535	1423	459	-371
-3134	1095	4061	1473	744	173
-2763	102	5069	1089	903	175
-3434	-813	5972	358	-525	-370
-2842	-1053	4801	131	-1066	-295
-1897	-649	4091	230	-692	-791
-1460	194	3892	217	32	-959
-1383	1076	4299	-132	625	-524
-1344	1155	4419	-585	296	22
-1218	441	4045	-862	-190	201
-1120	-398	3332	-1056	-599	-197
-1094	-654	2637	-1167	-556	-740
-923	-420	2206	-1025	-168	-631
-743	-76	2179	-680	351	-140
-855	196	2766	-276	775	449
-857	302	3372	-103	627	752
-649	261	3590	-48	315	1020
-590	-119	3774	-100	-2	1136
-301	-246	3653	-154	-460	999
-184	-387	3432	-251	-789	963
-570	-448	3235	-225	-801	747
-696	-393	3374	24	-577	786
-262	-965	3717	181	-429	990
-194	-1755	4155	-321	201	203
-657	-731	4853	-716	287	-232
-2818	-501	4962	-552	-218	290
-4117	-639	3311	-640	380	-596
-3692	193	4437	-706	1877	-683
-2857	568	6010	-521	1441	-522
-2473	1135	6785	-491	-301	-201
-2595	885	6041	-546	-1555	235
-1946	64	4620	-285	-2073	371
-1240	-220	3064	252	-1296	570
-876	-820	2607	666	-153	694
-666	-1033	2728	829	860	263
-1196	-373	3561	664	1226	-339
-1724	-54	4088	469	514	-534
-1412	244	3722	438	-397	-602
-937	163	2766	397	-695	-613
-700	10	2390	318	-266	-860
-672	6	2633	218	86	-1039
-753	-32	2984	108	147	-1128
-634	182	3282	-37	112	-1101
-609	391	3542	-174	41	-883
-517	455	4026	-297	-196	-810
-722	429	4347	-248	-937	-777
-529	38	3732	-47	-1376	-757
-253	40	3294	67	-966	-804
-259	233	3381	200	-6	-496
-557	299	4414	442	674	-91
-1210	0	5373	621	572	15
-1939	-635	5824	802	-56	-423
-2267	-263	4771	1029	-174	-517
-1779	56	4042	1153	194	-374
-2198	-140	4067	991	347	-249
-2642	-578	4638	547	-251	-927
-2414	-307	4246	446	-554	-970
-1648	33	4397	363	-288	-1013
-1556	477	4798	196	-303	-682
-587	84	4008	217	259	13
-506	191	3976	207	170	60
-491	232	3974	173	115	106
-439	278	3995	122	126	130
-444	241	4061	67	109	140
-487	151	4174	22	61	136
-603	40	4241	5	-18	80
-696	-137	4152	14	-34	-59
-647	-159	4163	62	80	-288
-506	90	4505	52	126	-404
-454	238	4840	-6	13	-409
-383	283	4930	-40	-157	-365
-372	137	4897	-47	-344	-439
-413	329	4817	-53	-485	-554
-621	651	4563	11	-468	-355
-757	571	4227	210	155	-198
-890	117	4750	281	447	-135
-1288	-90	4920	135	-170	-159
-1679	-303	3994	77	-926	-177
-1940	-732	2613	105	-1051	-636
-2087	-691	2034	120	-193	-1522
-2078	-124	3146	87	736	-1614
-2079	419	4677	44	884	-976
-1843	570	5589	19	271	-19
-1387	712	5528	-132	-366	423
-1146	589	5118	-450	-882	456
-997	225	4272	-772	-1037	270
-784	-192	3467	-1064	-759	24
-651	-318	2857	-1209	-409	-129
-665	-325	2557	-1146	-68	-143
-723	-305	2232	-989	134	-134
-807	-188	2212	-810	470	7
-786	-290	2421	-661	622	191
-873	-344	2744	-454	695	300
-829	-520	3037	-236	601	264
-709	-633	3368	-62	550	156
-702	-524	3786	37	491	116
-631	-473	4354	164	523	218
-702	-435	5110	333	411	376
-609	-383	5598	405	122	430
-559	-230	5627	370	-183	427
-613	-315	5422	312	-325	551
-418	-909	5090	-1	-219	280
-406	-631	5111	-430	-328	3
-795	65	4467	-614	-639	287
-1382	162	3574	-697	-595	544
-2009	139	2605	-746	-489	717
-2670	169	2180	-712	137	1197
-3098	345	3523	-613	1251	1677
-2717	-42	5921	-343	730	1690
-1955	-642	6588	-71	-549	873
-1705	-810	6096	153	-1724	305
-1075	-967	4435	545	-2107	129
-723	-1006	2780	1009	-1383	144
-381	-787	2120	1188	-164	41
-577	-409	2636	903	933	-181
-890	-58	3144	673	813	-431
-1057	418	3034	547	141	-509
-868	690	2501	482	-387	-256
-595	499	2115	287	-302	-65
-525	194	2288	53	23	30
-598	253	2894	-159	203	172
-650	247	3647	-270	180	318
-650	92	4201	-265	-117	121
-582	-380	4595	-301	-247	-480
-651	-523	4932	-308	-394	-956
-768	-21	4989	-382	-466	-836
-539	483	4780	5	-331	-437
-110	211	5029	725	101	-257
-790	-259	5350	1069	85	-286
-1616	-318	5366	969	-9	-434
-2376	650	4736	1083	98	-253
-2296	227	3599	1410	405	-23
-2516	-780	3432	1148	269	-1048
-2734	-901	3782	611	-118	-1504
-2318	-233	4068	371	-8	-1246
-1722	542	4496	195	-3	-922
-1364	1145	4658	18	-196	-484
-1214	1108	4404	-107	-177	-6
-1210	585	4279	-275	-239	287
-1122	-87	4020	-524	-475	261
-938	-600	3217	-826	-748	-63
-813	-740	2463	-914	-559	-335
-695	-619	2041	-775	-74	-401
-663	-421	2382	-453	723	-248
-866	-126	3191	-212	1007	-16
-955	-34	3787	-49	713	194
-847	-39	3979	-13	406	284
-727	-46	3987	5	115	373
-555	-87	3917	-60	-79	434
-408	-35	3849	-132	-191	593
-428	112	3986	-136	-229	887
-713	1	4220	28	-415	1139
-563	-494	4065	227	-698	1157
-215	-1329	3814	54	-389	641
49	-975	4339	-546	317	236
-799	-548	5191	-794	-16	565
-1584	-816	5046	-805	-536	401
-2477	-566	4210	-882	-508	-333
-2883	184	3608	-801	112	254
-2809	332	3917	-722	618	419
-2527	718	4997	-593	512	586
-1726	599	5228	-499	-134	503
-1607	60	5042	-355	-552	433
-1482	-764	4588	8	-931	372
-1179	-930	3796	303	-897	96
-890	-860	3135	573	-298	-80
-793	-581	3152	668	354	-372
-1009	27	3657	555	342	-525
-1172	344	3627	475	-105	-520
-1112	384	3224	386	-429	-520
-815	243	2793	266	-439	-557
-696	131	2800	113	-167	-568
-678	38	3140	22	-2	-563
-625	96	3516	-46	39	-556
-645	230	3880	-93	24	-535
-766	191	4073	-32	-219	-446
-622	14	3876	0	-475	-542
-483	-158	3761	0	-481	-734
-468	9	3656	2	-275	-787
-460	124	3850	12	249	-726
-714	222	4459	54	388	-674
-734	244	4629	138	119	-526
-230	31	4351	289	41	-494
-220	-438	4660	502	122	-648
-526	-701	5011	681	-17	-824
-941	-428	5057	802	-331	-812
-1534	534	4778	742	-348	-730
-1688	1559	4121	721	-131	17
-1792	1193	3440	832	511	640
-830	792	2822	703	-214	-304
-712	464	2547	517	-143	-241
-683	122	2663	388	196	-182
-824	-92	3188	311	401	-225
-874	2	3770	114	364	-287
-914	179	4126	-72	84	-272
-875	428	4075	-173	-348	-265
-662	494	3776	-269	-451	-303
-660	301	3701	-347	-314	-362
-683	262	3610	-362	-341	-291
-641	331	3529	-316	-238	-105
-704	326	3714	-237	100	83
-805	308	4116	-146	263	175
-705	62	4448	-34	347	153
-523	-460	4789	125	391	-107
-407	-790	5171	346	275	-484
-496	-742	5380	584	-83	-854
-928	-275	5382	794	-489	-1027
-1354	424	4974	840	-904	-1088
-1650	1392	3973	833	-431	-641
-1367	2087	3549	859	356	531
-1623	797	3586	798	889	1192
-2436	-882	4196	368	121	162
-2820	-868	3951	18	-346	-683
-1921	-630	4290	-127	43	-710
-1473	146	4702	-175	190	-555
-1508	983	4678	-252	14	145
-1460	1029	4307	-486	20	559
-1130	547	4095	-821	-12	370
-863	101	3481	-1153	-280	-65
-648	15	2788	-1388	-308	-293
-516	-12	2291	-1376	-131	-262
-476	232	2102	-1118	238	30
-419	233	2300	-796	582	449
-360	136	2680	-501	830	813
-522	-347	3390	-155	949	1026
-711	-674	4010	6	509	631
-621	-577	4040	139	-61	485
-435	-579	3986	214	-172	467
-483	-365	4304	208	-89	518
-759	-428	4604	152	-246	484
-851	-627	4819	197	-396	433
-612	-848	5244	180	-430	508
-289	-653	5514	-126	-497	635
-627	-468	5726	-277	-913	801
-1083	-635	4762	-397	-1030	885
-2104	-863	3480	-452	-674	429
-2760	-82	2596	-453	356	505
-2721	976	3644	-224	868	1033
-2704	1733	5456	-73	683	1388
-2429	1029	6002	-92	-521	1341
-2037	-309	5235	-88	-1134	773
-1485	-1073	4274	137	-1244	442
-1033	-1235	3284	520	-712	160
-862	-809	2802	848	127	4
-901	-212	3153	787	873	-239
-1269	423	3893	576	616	-396
-1204	635	3694	464	-261	-332
-741	399	2772	362	-743	-309
-503	69	2080	359	-567	-415
-341	-131	2022	277	-62	-594
-380	79	2554	129	295	-616
-480	224	3330	-39	301	-464
-706	259	3720	-258	5	-536
-587	409	3800	-380	-364	-517
-567	295	3832	-420	-395	-632
-746	59	4099	-396	-21	-830
-985	81	4705	-310	116	-891
-595	168	4964	43	57	-552
-492	104	5127	462	-187	-381
-461	-79	4862	797	-408	-469
-706	-264	4890	947	-282	-638
-2100	46	4623	1036	135	-888
-2383	466	4265	1145	212	-738
-2438	112	3894	1159	442	-275
-2383	-363	4574	599	203	-934
-2437	-333	4505	226	-331	-862
-1679	-113	4475	100	-202	-945
-1307	303	4525	-89	-250	-1128
-1135	887	4377	-225	-311	-858
-1089	940	4007	-429	-37	-403
-1049	430	3795	-627	-77	-138
-881	-113	3322	-799	-204	-312
-842	-512	2843	-858	-274	-685
-698	-651	2326	-870	-93	-986
-563	-270	2316	-689	493	-864
-753	118	3018	-472	894	-401
-767	244	3371	-282	719	54
-763	53	3640	-96	614	326
-652	-105	3881	-73	357	374
-479	-191	3958	-101	50	427
-450	-215	4088	-61	-125	492
-546	-323	4382	-15	-346	516
-711	-393	4460	143	-668	516
-688	-678	4126	316	-833	691
-235	-1246	3639	294	-279	666
-182	-1562	4662	-269	790	12
-347	-691	5504	-780	149	-352
-920	209	5024	-973	-696	-43
-1899	48	4166	-794	-881	3
-2505	255	3352	-594	-255	448
-2952	63	3414	-530	737	812
-2691	-62	4408	-460	952	774
-1948	91	5069	-378	198	455
-1708	188	5171	-305	-345	229
-1653	163	5034	-121	-883	298
-1432	76	4385	127	-1262	482
-986	-70	3237	381	-766	778
-772	-480	2996	537	247	719
-943	-530	3492	518	834	247
-1326	-328	3903	414	572	-245
-1386	-141	3774	378	-23	-436
-1066	-65	3137	373	-433	-470
-804	-5	2762	368	-295	-420
-652	98	2720	322	-63	-389
-641	257	2956	201	238	-361
-733	353	3369	48	403	-270
-756	332	3836	-97	351	-265
-657	332	4121	-175	108	-259
-666	257	4325	-227	-124	-226
-675	160	4601	-273	-498	-271
-694	206	4499	-295	-1032	-345
-399	137	3999	-233	-1147	-411
-209	415	3705	-36	-550	-215
-100	381	4016	350	206	219
-171	-148	4621	709	538	209
-587	-781	5211	864	351	-214
-1304	-716	5309	817	-230	-654
-1560	68	4787	791	-456	-707
-1848	864	4026	819	-249	-387
-767	-12	3991	11	471	-30
-771	86	4169	14	405	-76
-713	155	4097	29	307	-67
-640	199	4028	66	249	-31
-592	250	4004	93	225	32
-573	340	4044	88	214	141
-563	415	4140	30	207	282
-693	340	4304	-40	151	362
-765	203	4281	-98	33	257
-683	51	4210	-119	-57	54
-619	175	4286	-161	-81	-77
-673	429	4564	-240	-122	-61
-942	762	4567	-335	-258	55
-1013	773	4436	-341	-131	268
-978	555	4399	-195	294	416
-936	160	4824	-168	142	371
-1103	-244	4707	-159	-249	260
-1609	-397	4266	-225	-647	-53
-1907	-307	3401	-199	-462	-374
-1906	-458	3219	-154	-28	-884
-1965	-220	3455	-185	150	-1099
-1867	-23	3814	-202	377	-630
-1617	273	4359	-222	438	-83
-1356	500	4642	-350	289	329
-1349	336	4634	-572	-12	385
-1210	135	4149	-794	-198	215
-879	-112	3677	-988	-176	86
-827	-324	3353	-1076	-261	-72
-714	-353	2812	-1090	-265	-188
-764	-309	2536	-939	-22	-108
-796	-329	2544	-768	266	47
-779	-343	2956	-600	562	130
-943	-343	3515	-420	560	277
-1032	-577	3956	-287	241	145
-921	-491	3928	-190	-99	-101
-748	-513	3584	-176	-137	-156
-583	-728	3479	-178	79	-300
-663	-931	3952	-105	255	-538
-743	-613	4654	-2	122	-596
-729	-209	5083	166	-35	-151
-671	120	5381	286	-169	231
-531	68	5388	282	-326	540
-326	-190	5240	119	-355	769
-367	-412	5258	-84	-453	794
-584	-408	4770	-323	-858	665
-1261	-289	3862	-438	-1080	784
-2238	-838	2663	-571	-867	641
-2763	-422	2058	-744	-5	503
-2863	635	3021	-611	1034	1316
-2890	726	5538	-306	1073	1830
-2774	307	6779	-121	-369	1406
-2211	-502	5993	-85	-1502	1078
-1539	-1421	4493	222	-1764	772
-896	-1708	3239	843	-1007	370
-600	-1391	2547	1412	-66	108
-698	-465	2588	1388	625	-70
-921	126	2831	1051	705	-195
-1061	618	2803	789	187	-298
-901	634	2311	596	-309	-75
-671	268	1922	434	-214	21
-628	33	2039	158	175	-85
-795	29	2865	-55	454	-178
-711	249	3808	-313	347	-190
-764	243	4502	-561	25	-221
-591	114	4843	-597	-535	-405
-337	258	4836	-471	-921	-425
-464	382	4685	-389	-1016	-162
-513	390	4401	-247	-813	96
-373	300	4391	229	-273	362
-270	-267	4801	807	219	265
-865	-791	5321	977	94	-258
-1924	-1000	5104	819	-419	-918
-3187	-338	4035	1026	-615	-1262
-2603	180	3170	1373	22	-1208
-2340	-21	3742	1165	521	-886
-2628	117	4860	665	180	-605
-2197	479	5044	317	-296	-126
-1825	766	4944	32	-509	-120
-1427	737	4441	-328	-635	-126
-1170	519	4027	-543	-467	-89
-854	122	3709	-697	-245	30
-836	-320	3433	-867	-256	85
-911	-543	2855	-957	-285	-107
-1012	-376	2586	-934	-185	-313
-822	47	2279	-774	-2	-137
-731	187	2635	-522	646	355
-899	79	3516	-346	735	622
-874	-120	3825	-230	276	747
-718	-308	3642	-127	-41	880
-520	-596	3616	-33	-33	782
-511	-730	3718	52	-109	555
-595	-606	3706	99	-155	472
-584	-496	3895	170	-171	411
-533	-114	3919	292	-150	589
-512	-180	4015	410	152	899
-497	-899	4557	93	545	414
-513	-525	5226	-491	298	-95
-880	54	5262	-846	-333	105
-1522	-172	4909	-820	-626	175
-2071	-704	3955	-747	-402	-282
-2310	-519	3504	-721	515	-187
-2501	18	3971	-619	980	270
-2286	440	4793	-419	503	727
-1974	835	4737	-363	-202	704
-1858	510	4529	-299	-524	810
-1526	-280	4074	-13	-703	771
-1177	-931	3579	264	-440	667
-858	-1405	3286	540	114	300
-974	-1188	3559	672	541	-343
-1301	-380	3977	680	356	-622
-1303	108	3612	654	-117	-586
-1162	346	3171	608	-217	-398
-997	431	2974	467	-67	-283
-951	439	3069	326	135	-260
-992	303	3266	242	255	-230
-963	147	3540	92	371	-337
-898	41	3872	-69	387	-391
-796	-1	4125	-175	205	-496
-714	55	4185	-202	-86	-532
-679	-69	4041	-188	-373	-600
-568	-146	3785	-127	-376	-703
-536	-229	3651	-57	-201	-835
-537	-496	3797	-47	-46	-1100
-679	-257	3923	4	-159	-1229
-547	18	3888	233	-81	-1000
-573	-31	4405	612	170	-787
-993	-259	5112	868	-63	-826
-1737	248	5023	913	-491	-720
-1892	777	4463	970	-370	-279
-1955	1012	3740	1083	149	379
-1296	-187	4532	931	-322	-361
-737	380	3781	1104	-229	23
-502	654	3193	943	180	207
-837	499	3063	790	321	196
-872	203	2634	638	14	99
-727	33	2119	471	18	-4
-625	6	2086	301	240	19
-500	134	2522	100	678	132
-685	146	3479	-100	864	192
-819	127	4174	-194	471	105
-753	56	4335	-238	-25	-183
-572	139	4248	-280	-361	-502
-401	350	4156	-303	-478	-572
-445	676	4248	-306	-491	-212
-697	762	4411	-314	-393	310
-932	332	4568	-293	-254	465
-539	-186	4885	-55	44	438
-246	-712	5481	323	163	216
-285	-981	6003	559	-200	-299
-537	-708	5780	652	-471	-892
-1707	-103	5098	674	-559	-1073
-2600	679	4034	655	-639	-703
-2490	1235	3154	699	-295	239
-2591	118	3293	629	110	490
-2653	-317	3997	393	272	-65
-2457	-261	4438	171	390	-60
-2019	193	4590	-96	501	-129
-1827	811	4775	-389	392	104
-1601	1045	4540	-755	57	656
-1325	410	3996	-1018	-226	719
-897	-100	3371	-1245	-509	421
-613	-463	2612	-1386	-743	37
-511	-499	1844	-1328	-734	-309
-224	-251	1370	-1165	-285	-366
-224	-9	1289	-819	201	24
-289	-122	1636	-400	762	436
-711	-554	2696	54	1054	696
-776	-977	3269	305	766	316
-733	-1027	3724	479	563	-137
-649	-705	4320	539	379	-267
-580	-432	5102	579	190	-94
-700	-305	5847	568	-270	-33
-857	-55	6001	459	-398	-100
-768	-344	6252	286	-492	158
-372	-642	5851	-104	-804	-13
-540	-70	5170	-357	-983	223
-1448	485	4098	-205	-915	1137
-2609	-839	2374	-184	-436	856
-2805	-842	1796	-620	998	-228
-3189	-25	4019	-506	2061	204
-3600	324	7085	-158	657	414
-2690	176	6743	-240	-799	-228
-2062	-624	5553	8	-1232	-175
-1595	-740	4201	704	-980	-143
-946	-512	3146	1305	-257	77
-587	-270	2857	1578	515	47
-586	73	2910	1369	749	-281
-557	560	2909	983	324	-438
-505	541	2272	756	-377	-316
-389	155	1230	584	-762	-322
-216	-173	595	371	-540	-498
-30	87	815	-183	530	-535
-680	200	2122	-579	1047	-230
-877	352	3530	-694	426	-215
-1161	55	4127	-724	-199	-862
-673	-220	4712	-660	146	-1547
-615	45	6062	-600	626	-1485
-699	173	6858	-236	-99	-612
-695	61	6459	376	-908	-196
-892	267	5689	800	-1075	-40
-1295	187	4998	885	-753	-160
-2694	937	3872	905	330	39
-2847	909	3467	1243	1163	486
-2820	56	4510	931	1383	563
-3658	-1076	5839	269	-168	-90
-2621	-989	5021	27	-1422	-627
-1388	156	3940	-56	-1199	-814
-1045	1161	3667	-315	-301	-445
-1082	1417	3973	-594	116	-11
-955	1562	3804	-914	11	341
-1091	504	3559	-1194	-479	582
-867	-612	2753	-1337	-1096	244
-451	-974	1760	-1468	-1032	-131
-204	-910	1205	-1361	-651	-208
-86	-638	1111	-834	395	87
-273	-86	1827	-229	1110	408
-348	56	2811	252	1255	620
-528	-310	3774	382	838	695
-659	-676	4412	246	97	352
-976	-459	4535	-3	-383	376
-991	-408	4821	-198	-336	543
-690	-843	5350	-195	-45	732
-274	-1548	5673	-140	-173	215
-101	-733	5356	-443	-350	-127
-1698	371	5006	-622	-541	418
-3165	18	3866	-557	-618	803
-4081	-370	2519	-839	548	585
-3011	-177	4394	-972	2009	371
-3209	953	7214	-677	449	126
-2810	746	6471	-650	-1479	327
-1918	-799	4859	-192	-1531	491
-1243	-1029	3850	649	-492	510
-987	-1092	3567	1347	365	551
-725	-1008	3159	1763	713	165
-585	-482	2822	1711	817	-213
-681	183	2774	1160	640	-459
-718	435	2466	758	238	-638
-628	547	1960	500	-116	-533
-355	307	1505	277	-136	-438
-258	191	1722	8	209	-533
-441	457	2662	-333	444	-433
-784	751	3686	-656	53	-177
-672	578	4259	-834	-550	-259
-839	115	4842	-811	-1349	-1050
-874	-337	4488	-494	-1836	-1445
-325	190	3981	-192	-949	-704
-128	-326	4632	89	137	104
-375	-172	5962	912	167	312
-984	-377	5738	1157	-329	83
-1992	-118	4563	1017	-338	-574
-3136	255	3839	958	433	-859
-3037	1168	4180	956	889	-174
-3142	613	5472	610	577	549
-3045	71	5636	193	-842	746
-1905	-269	4287	-38	-1071	245
-1389	86	3879	-252	-615	-89
-1368	550	3963	-575	-113	-11
-998	881	3895	-925	-3	362
-851	506	3675	-1110	20	664
-898	-66	3458	-1152	-221	754
-833	254	3562	459	336	88
-804	388	3472	416	473	165
-821	414	3617	336	637	295
-870	326	3931	269	643	429
-866	195	4137	218	482	453
-781	158	4050	161	289	384
-663	197	3843	126	291	351
-620	281	3836	92	390	402
-658	348	3932	52	426	489
-749	300	4093	8	411	550
-898	95	4219	-8	414	434
-1033	-159	4381	12	469	251
-1017	-251	4529	79	375	39
-876	-88	4645	119	200	-146
-784	138	4898	-1	74	-173
-626	240	5082	-119	-201	-320
-422	287	4908	-93	-493	-363
-508	499	4560	14	-672	-340
-1066	663	4089	14	-617	-236
-1593	723	3509	49	80	38
-1839	474	3877	-87	547	87
-2087	178	4208	-225	274	-12
-2049	-247	3702	-98	-298	-17
-2131	-741	3126	45	-474	-581
-2216	-555	3141	63	-158	-1131
-1984	-149	3875	115	184	-1238
-1734	495	4605	149	173	-1093
-1799	715	5146	33	-155	-718
-1804	578	4909	-200	-529	-740
-1377	250	4168	-626	-773	-932
-1016	-51	3504	-994	-673	-1171
-800	-14	3023	-1220	-529	-1305
-594	108	2526	-1312	-326	-1181
-547	231	2304	-1157	169	-715
-741	222	2617	-944	464	-284
-959	31	3008	-591	426	98
-918	-410	3157	-270	95	276
-762	-708	3282	40	-97	321
-747	-930	3541	215	-88	208
-653	-627	4188	312	-63	155
-606	-245	4870	291	-267	414
-773	-22	5145	157	-601	520
-834	-163	4842	174	-935	593
-641	-888	4259	85	-858	370
-450	-989	4522	-350	-267	125
-1057	-747	4935	-611	-301	44
-1714	-825	4627	-570	-473	282
-2980	-1492	3370	-521	-392	-376
-3542	-589	2601	-489	642	-529
-3318	448	3857	-250	1579	6
-2795	985	5993	-94	592	295
-2458	1404	6305	-144	-911	487
-2043	258	5314	-76	-1760	555
-1608	-512	3994	310	-1863	396
-878	-906	2819	841	-994	475
-606	-1243	2343	1290	84	337
-739	-547	2807	1173	1048	-237
-1132	135	3466	840	858	-447
-1147	531	3412	601	9	-498
-926	584	2725	477	-632	-320
-685	419	2104	412	-663	-126
-503	275	2057	258	-269	-101
-429	340	2587	28	175	-47
-657	271	3418	-183	257	113
-638	330	3845	-270	3	57
-508	427	4326	-393	126	114
-1002	367	5093	-468	-163	15
-1202	373	4965	-450	-1015	-14
-846	410	4279	-366	-1056	137
-24	-63	4407	175	-234	434
-373	-693	5102	653	65	47
-1211	-1276	5529	852	-472	-449
-2094	-1012	4464	841	-913	-1064
-2764	322	3584	933	-95	-1165
-2571	671	3343	1351	678	-671
-2490	194	3735	1402	918	-457
-2820	-531	4675	944	498	-613
-2368	-127	4923	526	85	-533
-1829	776	4749	157	-280	-497
-1492	1225	4481	-224	-527	-378
-1198	1111	4201	-512	-477	-197
-1024	609	4000	-765	-483	4
-793	40	3454	-1047	-606	139
-792	-538	2923	-1226	-581	12
-701	-612	2326	-1187	-573	-218
-475	-409	1909	-827	2	-105
-596	-169	2370	-440	709	165
-755	-179	3093	-235	903	384
-939	-397	3770	-82	719	391
-857	-549	4009	-28	196	200
-747	-486	3800	10	-182	65
-638	-473	3597	97	-302	101
-608	-414	3738	172	-152	212
-670	-281	4202	256	-14	388
-795	-123	4610	338	12	609
-956	-193	4729	335	-143	771
-697	-891	4347	101	16	632
-563	-882	5037	-505	341	52
-869	-67	5338	-866	-88	274
-1734	-446	4793	-870	-602	230
-2185	-388	3790	-794	-508	-336
-2597	53	3264	-725	174	78
-2652	299	3522	-676	917	612
-2430	397	4784	-511	847	934
-1953	207	5126	-441	17	568
-1718	-293	4810	-228	-670	266
-1309	-597	4021	159	-954	-9
-939	-630	3297	476	-755	36
-829	-686	2927	753	-82	-28
-915	-447	3233	838	387	-279
-1154	80	3582	734	196	-483
-1165	340	3339	608	-196	-541
-1088	363	3140	548	-167	-441
-961	326	3154	406	-78	-434
-867	360	3328	244	-5	-405
-903	280	3515	105	10	-342
-847	101	3629	-5	2	-319
-709	41	3728	-74	-36	-370
-661	162	3882	-209	3	-371
-794	-39	4161	-293	-172	-485
-903	-150	3977	-238	-489	-766
-808	-66	3674	-113	-364	-856
-636	-183	3750	-41	74	-932
-744	33	4351	73	385	-817
-724	302	4673	330	136	-477
-445	21	4768	608	-70	-405
-654	-399	5186	760	-353	-621
-1391	-93	4858	753	-664	-669
-1771	571	4226	664	-506	-465
-1959	1096	3340	832	124	61
-2469	282	5658	-433	-589	2076
-1566	-1587	4811	-153	-923	1083
-1174	-2007	4172	408	-502	105
-1171	-1356	3726	970	-258	-189
-993	-838	3025	1375	-65	-355
-650	-51	2754	1193	435	-577
-687	659	3031	778	457	-559
-798	1261	3074	412	-290	-211
-657	1307	2231	229	-892	232
-443	861	1380	142	-532	438
-204	535	1519	-52	781	463
-780	-46	3192	-331	1887	400
-773	-143	4827	-410	1255	248
-493	-281	5375	-362	148	199
-250	-378	4935	-153	-773	132
-411	-313	4531	-62	-1290	-49
-919	23	3923	-246	-1292	-428
-560	1100	3576	-245	-503	-168
-517	1141	4875	404	401	302
-1301	225	5901	975	319	247
-2469	387	5526	1202	-174	459
-2535	480	4421	1301	-424	925
-2316	-741	3513	1284	-176	325
-2471	-1684	4023	739	-323	-1486
-2718	-1442	4409	394	-134	-1996
-2258	156	4985	381	221	-1680
-1644	1337	5333	109	-35	-830
-1157	1768	5125	-85	-212	-115
-1085	1567	4526	-473	-271	302
-812	703	3808	-986	-411	419
-570	-319	3163	-1289	-647	161
-404	-723	2334	-1491	-859	-298
-398	-526	1482	-1461	-732	-570
-349	-305	969	-1130	-211	-316
-179	-404	926	-538	735	234
-394	-525	2017	33	1873	553
-780	-566	3574	277	1877	754
-915	-646	4619	349	1149	723
-820	-264	4849	275	212	484
-389	-14	4945	225	-240	672
-507	-425	5328	244	-512	756
-1115	-918	5078	230	-820	411
-1395	-1606	4578	551	-1003	208
-41	-1440	3965	259	-529	-137
-467	47	5339	-769	658	-187
-2066	732	5696	-906	-168	552
-2501	479	3854	-963	-930	404
-2668	778	2403	-1045	-171	562
-2619	673	3053	-910	1161	971
-2594	333	5316	-604	1224	1286
-2338	-782	6263	-301	-177	853
-1850	-1498	5561	53	-1075	175
-1337	-865	4075	542	-1309	-30
-926	-354	3043	972	-739	92
-578	6	2655	1061	217	75
-713	305	2972	862	812	-113
-952	381	3263	578	652	-390
-1099	456	3111	394	141	-473
-865	40	2594	294	-37	-452
-589	-169	2531	274	333	-430
-586	-283	3251	184	575	-473
-813	-218	4134	59	270	-573
-873	11	4396	-27	-462	-617
-644	384	4186	5	-1173	-635
-417	629	3848	-38	-1513	-598
-562	617	3308	-183	-1357	-609
-577	395	2958	-314	-441	-627
-818	256	3476	-435	649	-537
-1154	368	4779	-24	1033	-40
-1220	-53	5454	543	303	51
-1297	-904	5182	846	-432	-490
-1995	-796	4723	927	-286	-945
-2341	-567	4346	1179	-261	-755
-2304	-693	3596	1429	201	-962
-2267	-658	4444	1032	378	-1531
-2297	203	4850	733	72	-1400
-1557	939	4735	395	-183	-820
-1041	1115	4420	-13	-297	-397
-914	1228	4244	-422	-112	-81
-1034	1023	4190	-693	-173	194
-812	428	3683	-830	-519	386
-666	-105	2986	-938	-568	325
-504	-319	2391	-962	-454	124
-372	-314	2109	-762	104	189
-403	-241	2440	-458	784	351
-648	-184	3264	-192	1098	511
-752	-257	3995	-41	826	566
-636	-404	4176	40	300	502
-440	-529	4041	96	-6	347
-414	-410	3853	105	-156	183
-300	-275	3693	158	-155	167
-136	-443	3912	266	-15	132
-198	-789	4255	353	-24	-52
-507	-951	4368	342	-138	-358
-834	-790	4425	129	-212	-662
-986	-447	4211	-91	-226	-778
-655	-181	4465	-303	-234	-637
1	399	4875	-520	-151	-272
-695	801	5642	-623	-302	401
-1518	86	5387	-527	-971	999
-1872	-714	3900	-647	-706	758
-2053	-1070	3131	-906	108	324
-2198	-191	3431	-967	752	268
-2156	349	4434	-584	370	740
-2025	213	4781	-211	10	318
-1908	-192	4986	14	64	-42
-1704	-604	4713	341	-370	-41
-1440	-1169	4338	651	-493	-438
-1151	-1031	3821	944	-479	-958
-857	-472	3437	1118	-351	-1124
-634	272	3094	991	-311	-1093
-669	717	2787	811	-135	-813
-728	859	2500	631	-26	-425
-600	698	2283	449	265	-154
-618	286	2546	288	770	-194
-747	-13	2960	220	1049	-267
-907	-308	3668	107	1239	-444
-1044	-543	4313	15	906	-755
-840	-462	4350	56	258	-948
-716	-341	4085	97	-96	-1164
-734	-258	3920	118	-90	-1388
-782	52	3965	106	-23	-1515
-661	89	4075	123	-2	-1557
-729	500	4181	122	-56	-1526
-655	747	4200	252	-40	-1251
-414	263	4452	550	204	-1267
-559	-410	4984	836	129	-1604
-842	-339	4975	1053	-432	-2017
-1031	-114	4524	1306	-611	-2183
-1541	-236	4036	1506	-298	-2396
-847	365	3735	484	241	345
-753	290	3565	397	242	388
-680	235	3532	311	354	443
-728	293	3701	226	433	513
-774	357	3859	164	439	598
-751	410	3985	119	429	703
-698	429	4188	46	384	783
-722	384	4305	-36	242	863
-778	268	4275	-101	155	821
-808	126	4210	-107	100	720
-853	-100	4146	-101	133	414
-783	-123	4352	-152	224	185
-832	43	4635	-258	219	52
-773	264	4963	-340	160	83
-607	246	5260	-322	-125	104
-473	324	5170	-237	-583	51
-392	191	4483	-102	-964	-77
-365	111	3772	-29	-778	-187
-795	47	3547	-129	-438	-283
-1559	336	3390	-118	494	-138
-2047	271	4196	-57	773	12
-2317	-117	4058	29	-110	-130
-2228	-442	3156	112	-590	-542
-2044	-399	2904	12	-98	-898
-2001	-39	3828	-29	601	-715
-1662	407	4728	-20	427	-389
-1463	769	5080	-161	108	12
-1487	631	5008	-403	-245	139
-1096	399	4466	-732	-453	87
-813	-27	3882	-1049	-504	-114
-726	-190	3358	-1279	-536	-342
-701	6	2707	-1350	-555	-312
-595	12	2078	-1220	-235	-4
-596	-110	2091	-900	447	375
-769	-474	2597	-569	865	500
-1104	-883	3306	-290	768	380
-1071	-1085	3583	-68	226	91
-839	-880	3609	63	-41	-55
-713	-523	3765	109	-44	-65
-613	-337	4216	178	16	8
-639	-284	4756	213	11	-17
-659	-220	5192	109	-76	-119
-532	-379	5614	-23	-196	8
-380	-604	5883	-166	-414	-79
-277	-417	5484	-257	-892	-169
-428	-176	4439	-151	-1251	-17
-1328	89	3012	-57	-1079	483
-2168	69	1780	-124	219	1113
-3125	103	2628	-220	1273	1466
-3667	852	4746	-345	1668	1910
-3701	409	7098	-370	521	1942
-2644	-456	7023	-356	-893	945
-1894	-1517	5613	-10	-1621	196
-1407	-1953	4044	697	-1325	-38
-715	-1509	2827	1467	-615	-92
-314	-571	2337	1712	118	16
-580	-141	2382	1411	573	-282
-811	306	2291	1137	148	-488
-614	733	1669	816	-228	-410
-420	854	1269	532	-202	-166
-317	657	1337	177	190	-1
-627	440	2107	-235	864	142
-933	288	3507	-505	1158	102
-813	144	4988	-545	686	-115
-660	146	5765	-466	-151	-433
-893	18	5891	-247	-1040	-560
-974	42	4828	-63	-1786	-522
-526	297	3444	3	-1166	-220
-100	38	4009	444	172	-121
-791	-432	5083	864	267	-344
-2084	-655	4961	833	-360	-778
-3617	-36	3700	895	-180	-1182
-2872	893	3310	1443	669	-801
-2426	397	4748	1141	1102	-190
-2992	-312	6249	578	-459	-34
-2277	20	4898	278	-1246	80
-1742	505	4261	-14	-896	-80
-1520	769	4034	-408	-336	-352
-1130	767	3853	-693	-126	-303
-980	397	3614	-957	119	-174
-1089	-516	3309	-1043	-82	-48
-1196	-1126	2796	-1124	-360	-503
-1059	-838	2329	-1078	-377	-1036
-726	-320	1913	-795	52	-790
-600	72	2277	-284	895	-276
-742	283	3314	96	1243	300
-814	266	4283	164	735	732
-600	12	4392	35	-92	828
-462	-151	4066	-69	-596	864
-386	-349	3843	-146	-883	845
-530	-330	3501	-73	-1083	830
-634	-420	3083	121	-913	972
-240	-671	2931	364	-25	1236
10	-926	4293	-217	1501	885
-1004	-681	5975	-940	922	453
-2186	-329	5833	-1055	-541	609
-3217	-925	4157	-990	-1031	-88
-3101	-47	2939	-989	441	-478
-2686	276	4200	-669	1323	-70
-2343	666	5535	-418	609	86
-2141	1056	5624	-420	-452	318
-2235	316	5173	-398	-1085	633
-1834	-329	4201	-91	-1396	695
-1256	-705	3231	303	-866	753
-909	-861	2825	705	-50	580
-824	-491	3079	760	794	283
-1280	-75	3670	618	941	-37
-1505	131	3916	484	429	-288
-1276	11	3414	355	-253	-486
-915	-87	2750	332	-423	-658
-773	-66	2521	351	-159	-763
-780	-51	2667	355	185	-861
-838	-108	3143	330	419	-988
-799	18	3577	237	430	-1040
-693	151	4057	73	329	-951
-672	154	4492	16	-157	-853
-743	236	4595	13	-877	-889
-607	290	4099	89	-1450	-890
-303	556	3439	57	-1239	-929
-154	902	3435	136	-221	-458
-35	714	4381	449	421	-5
-440	385	5206	813	310	186
-1388	-358	5783	831	-456	-127
-1974	-22	4681	862	-832	129
-2326	338	3570	914	-141	307
-2236	318	3622	974	698	219
-2670	-692	4642	656	310	-605
-2885	-930	4865	346	-558	-1044
-2090	-630	4287	209	-543	-959
-1541	135	4405	81	-258	-800
-2776	727	3076	-87	-352	1538
-2837	957	3142	-28	235	2345
-2811	280	4396	-35	586	2416
-2531	-666	5023	-2	202	1599
-1678	-1320	4298	221	-277	648
-1089	-1467	3635	684	-307	56
-754	-690	3121	1013	-31	-17
-836	-341	2927	948	190	139
-961	-155	2867	792	-34	-35
-910	67	2400	698	-812	-332
-653	346	1776	446	-1005	-534
-387	547	1642	175	-452	-574
-188	669	2261	-234	862	-406
-674	105	3779	-292	1505	-335
-912	-88	5049	-161	696	-677
-834	-147	4991	-79	-436	-771
-466	-133	4325	-11	-1014	-792
-369	-62	3979	-24	-874	-720
-741	-27	4062	-98	-693	-840
-684	433	4129	-62	-492	-792
-405	1055	4953	433	-85	-223
-857	704	5637	999	137	203
-2157	-94	5511	1005	-347	-30
-3216	345	4077	1045	-476	169
-2719	320	3115	1193	23	561
-2811	-487	3942	965	479	129
-3184	-817	5511	638	22	-686
-2773	-332	5506	497	-691	-1014
-2117	803	4802	269	-754	-787
-1566	1709	4412	-96	-186	-92
-1516	1617	4381	-587	39	243
-964	801	3815	-1115	-10	365
-870	-309	3499	-1453	-191	116
-705	-795	2733	-1642	-719	-505
-531	-788	1732	-1577	-1170	-954
-313	-454	971	-1351	-681	-899
-170	-250	748	-720	171	-356
-184	-319	1384	96	1330	269
-559	-351	2708	469	1755	445
-977	-582	3876	506	1036	395
-1067	-356	4395	394	182	140
-1006	-20	5066	359	-249	520
-871	-309	5663	204	-582	593
-872	-633	5712	-6	-507	267
-638	-1084	5526	0	-916	47
-155	-1007	4797	-324	-882	-132
-1052	163	4886	-893	-387	-64
-2587	-73	3935	-886	-557	526
-3404	5	2576	-1161	126	51
-3061	924	2796	-1153	1317	762
-3474	1230	5805	-788	1409	1597
-2866	-54	6985	-482	-375	1240
-1998	-1209	6114	-219	-1345	418
-1444	-1456	4902	428	-1621	148
-1096	-973	3431	1106	-1382	-19
-581	-813	2246	1547	-673	0
-157	-446	1775	1312	342	-311
-321	5	2105	752	1133	-676
-776	592	2654	399	1032	-840
-915	817	2697	288	373	-549
-639	532	2335	213	-115	-370
-493	242	2244	29	20	-505
-664	262	2788	-242	223	-531
-520	609	3645	-497	133	-279
-602	610	4327	-441	-429	105
-591	120	4543	-347	-950	-183
-670	-312	4582	-275	-1067	-804
-762	173	4269	-374	-361	-818
-595	653	4811	28	587	52
-547	303	5789	774	692	226
-1576	-31	6034	1124	-125	328
-1906	-305	4808	1092	-481	284
-2595	129	3591	1174	-65	315
-2263	68	3066	1278	732	-60
-2849	-420	4532	669	784	-652
-2923	-236	5052	136	-284	-795
-2118	88	4334	-17	-490	-313
-1628	329	4384	-176	-203	-101
-1420	588	4398	-325	-132	-183
-1078	871	4000	-493	-216	7
-760	641	3530	-696	12	334
-935	-278	3342	-933	60	371
-1162	-907	2958	-1084	-104	-168
-1071	-813	2356	-1066	-183	-522
-866	-504	2013	-857	137	-386
-756	-268	2317	-369	784	12
-906	-211	3267	31	952	313
-819	-181	3926	198	586	448
-598	-263	4084	250	158	493
-508	-519	4170	260	-201	481
-524	-570	4159	218	-626	313
-642	-415	3838	187	-939	389
-684	-257	3371	217	-630	551
-502	-325	3482	426	148	805
-398	-710	4369	137	1018	550
-642	-554	5769	-540	734	161
-1529	19	5723	-806	-569	185
-2390	-192	4504	-790	-1218	156
-2918	-171	3007	-784	-628	-125
-2663	-200	2842	-831	951	-33
-2756	193	4636	-763	1694	45
-2516	724	5969	-571	398	367
-2187	701	5505	-511	-766	478
-1981	35	4862	-378	-1247	487
-1601	-273	3912	-37	-1273	498
-1109	-513	3014	305	-695	567
-883	-708	2797	622	177	484
-1069	-478	3209	713	708	88
-1352	-100	3502	561	436	-365
-1485	40	3407	455	9	-501
-1151	87	2945	412	-332	-479
-866	72	2629	358	-157	-413
-740	193	2836	283	70	-329
-730	352	3200	141	235	-280
-766	360	3590	-13	231	-189
-723	425	3930	-199	75	-168
-671	453	4167	-310	-135	-32
-635	238	4466	-369	-424	-100
-789	-169	4359	-250	-1021	-402
-591	-504	3804	-97	-1142	-757
-598	-157	3449	-82	-514	-849
-525	191	3948	291	372	-213
-429	127	4820	844	483	-97
-808	-326	5346	1068	65	-255
-1186	-522	5236	993	-587	-653
-1909	-252	4466	808	-1003	-991
-2325	365	3479	837	-717	-1155
-2244	1179	2718	1075	35	-371
-2210	729	3102	1115	1035	479
-2518	-375	4791	758	1279	407
-920	-7	3887	68	496	680
-876	104	3929	54	457	629
-837	184	3963	20	393	624
-794	319	3935	-35	382	634
-749	383	3887	-102	379	695
-725	244	3872	-155	392	699
-671	82	3888	-204	362	610
-655	-36	3893	-208	294	486
-630	-136	3892	-193	251	337
-594	-127	3908	-156	238	210
-565	-89	4009	-111	181	109
-587	147	4070	-83	124	108
-591	285	4233	-90	128	191
-600	108	4457	-69	138	144
-575	81	4715	-22	-8	21
-537	208	4996	-38	-250	-37
-920	418	5141	-107	-463	-102
-1328	691	4824	-48	-397	24
-1398	656	4709	118	169	156
-1371	473	5012	23	-125	77
-1691	96	4528	-139	-854	10
-1983	-61	3260	-286	-1297	-231
-1853	-202	2555	-263	-523	-458
-1946	-295	3418	-261	320	-639
-2016	37	4635	-237	647	-275
-1775	257	5465	-296	420	264
-1672	337	5703	-453	-16	482
-1509	262	5066	-710	-546	47
-980	232	3833	-1083	-536	-302
-678	34	2941	-1414	-321	-556
-500	18	2138	-1620	-261	-631
-643	137	1719	-1538	91	-426
-729	329	1385	-1276	276	172
-695	-27	1384	-900	639	851
-818	-478	1909	-467	820	1105
-860	-1065	2607	-112	997	954
-839	-1463	3798	203	1035	368
-614	-1161	4696	388	632	92
-629	-846	5311	457	325	19
-722	-427	5966	327	-92	-74
-756	98	5800	152	-477	110
-767	246	5453	122	-441	406
-706	-383	5351	32	-514	454
-440	-832	4939	-277	-605	270
-507	-709	4573	-387	-606	284
-896	138	4233	-288	-682	764
-2575	-327	3349	-141	-905	1330
-3931	-633	2135	-218	-428	924
-3454	6	2292	-515	906	588
-2924	669	4920	-567	1330	788
-2893	1298	6563	-493	-180	883
-2406	410	5967	-400	-1155	1034
-1707	-844	4403	-96	-1326	1064
-1218	-1541	3362	543	-588	1122
-740	-1565	2811	1099	117	876
-753	-789	2855	1172	568	575
-856	-49	3047	911	613	373
-861	414	3028	709	106	185
-758	465	2660	579	-358	203
-460	113	2050	476	-550	133
-308	-112	1795	244	-382	-251
-358	21	2208	-118	32	-451
-509	275	3223	-409	159	-339
-720	159	4113	-470	-186	-247
-766	-369	4796	-309	-482	-540
-1384	-204	5358	-322	-1051	-1094
-1221	651	4635	-229	-1543	-535
-314	560	4113	165	-751	-159
-568	-44	5157	896	192	-179
-2010	-704	5679	1066	-147	-415
-2605	154	4250	1399	-219	-191
-2443	104	3400	1694	217	-102
-2473	-192	3673	1547	479	-573
-3067	-672	4865	823	222	-1355
-2781	424	5271	320	-562	-1094
-2123	1066	4952	-48	-798	-435
-1621	851	4610	-368	-779	-469
-1448	578	4217	-495	-615	-548
-1133	460	3928	-654	-440	-499
-995	-108	3618	-834	-414	-295
-946	-762	2980	-959	-507	-362
-926	-732	2330	-1040	-412	-632
-921	-296	1778	-898	-128	-612
-816	-36	1642	-463	726	-130
-936	122	2638	-111	1357	228
-1043	-22	3867	75	1285	496
-1073	-33	4549	145	401	572
-753	-171	4308	183	-381	645
-595	-404	3959	151	-727	561
-427	-573	3614	67	-942	444
-398	-617	3161	195	-700	481
-371	-372	3221	399	54	699
-384	-878	3993	252	700	714
-687	-913	4990	-299	657	-108
-746	-351	5098	-627	-209	-98
-1259	149	4815	-636	-854	211
-2282	138	4087	-511	-738	293
-3022	78	3225	-588	267	442
-2941	-233	3785	-647	1217	346
-2551	250	5039	-626	1306	260
-2074	490	5849	-643	187	453
-2087	274	5445	-526	-849	359
-1838	-64	4526	-205	-1398	452
-1209	-331	3324	129	-1221	602
-758	-742	2635	436	-159	665
-822	-946	3034	605	780	370
-1197	-603	3752	608	888	-153
-1452	-229	3992	589	434	-400
-1395	-25	3631	552	-194	-517
-1164	233	3147	506	-382	-538
-1034	360	3032	385	-244	-456
-917	400	3026	273	-48	-447
-893	356	3173	144	164	-451
-902	177	3549	10	265	-435
-850	185	3929	-156	230	-424
-892	147	4301	-277	27	-388
-946	-15	4370	-300	-487	-510
-780	11	3985	-185	-815	-597
-563	29	3584	-110	-650	-614
-536	-135	3642	-98	-228	-713
-663	108	3921	-71	8	-602
-623	425	4184	119	65	-158
-488	108	4695	403	-33	5
-635	-441	5030	664	-296	-254
-1031	-495	4900	793	-636	-426
-1519	-180	4452	768	-627	-472
-1739	558	3872	792	-289	-335
-1814	810	3438	965	319	187
-2077	1	3453	933	402	-21
-2155	-886	3760	637	232	-684
-772	-174	3183	381	393	217
-828	-260	3394	357	496	39
-913	-268	3670	358	497	-165
-1009	-144	3946	318	370	-275
-911	-11	3974	269	147	-252
-762	160	3836	233	-2	-267
-580	392	3716	186	-32	-180
-485	494	3775	113	105	-15
-588	488	4088	10	140	90
-658	335	4320	-109	-33	84
-729	347	4394	-170	-255	111
-879	422	4262	-225	-491	211
-898	408	3993	-156	-474	403
-722	198	4093	4	-141	507
-552	-213	4497	142	103	272
-598	-460	5018	274	173	-87
-889	-414	5401	374	-137	-477
-1049	-252	5041	538	-351	-646
-1037	-12	4583	656	-406	-861
-1425	458	4003	589	-666	-822
-1625	397	3062	547	-734	-605
-1900	-265	2482	509	-467	-897
-2006	-431	2721	457	113	-1383
-2233	257	3974	387	850	-1201
-1872	965	5398	289	597	-639
-1691	1108	5944	10	46	-137
-1578	890	5658	-242	-728	-43
-1182	321	4541	-555	-1097	-268
-737	-322	3542	-942	-572	-681
-576	-685	3040	-1189	-175	-945
-416	-541	2410	-1348	-6	-1177
-457	-198	1850	-1197	411	-1129
-510	20	1807	-773	971	-811
-710	207	2452	-405	1371	-439
-900	90	3281	-169	1263	-179
-980	-420	3878	-66	694	-137
-866	-820	4046	21	130	-344
-832	-695	4161	122	-161	-402
-726	-589	4486	215	-213	-239
-679	-323	4895	267	-429	-100
-505	100	4917	321	-516	229
-520	232	4800	322	-439	537
-409	-298	4559	157	-291	512
-418	-739	4509	-257	-51	80
-771	-588	4706	-590	-153	2
-1236	-213	4697	-679	-414	329
-2317	-604	3995	-635	-542	295
-2809	-551	2890	-667	-254	76
-2701	511	2825	-661	646	525
-2700	879	4476	-538	1005	1263
-2597	1225	6038	-428	-77	1153
-2261	722	5838	-363	-633	1407
-1776	-668	5222	-29	-1079	1274
-1222	-1411	4158	450	-700	673
-978	-1741	3279	991	-159	100
-840	-1273	2774	1283	314	-379
-754	-429	2769	1013	647	-595
-909	243	2940	789	293	-572
-844	788	2561	696	-406	-301
-578	678	1868	623	-535	-47
-375	337	1620	380	67	-184
-521	205	2400	28	805	-308
-728	214	3646	-191	805	-145
-757	80	4645	-330	377	-206
-854	-164	5260	-320	-365	-502
-751	-73	4916	-238	-1033	-651
-929	255	4645	-393	-1052	-689
-926	546	3977	-298	-984	-286
-292	63	3926	385	-120	-86
-96	-561	4331	909	247	-380
-840	-944	4822	1015	150	-694
-1698	-647	4534	1063	-135	-714
-2860	-143	4122	1040	-350	-1068
-3345	958	3513	1225	-203	-1026
-2614	1506	3229	1401	555	-78
-2099	492	4412	904	759	149
-2054	-138	5444	436	151	236
-1815	-570	5281	101	-559	-218
-1533	-209	4633	-226	-929	-897
-1056	462	3864	-380	-630	-1010
-619	800	3468	-557	-67	-698
-831	572	3527	-655	265	-249
-1144	74	3416	-758	94	-22
-1264	-328	3159	-840	-196	-212
-990	-250	2731	-762	-177	-276
-795	-189	2709	-540	170	1
-810	-186	3151	-302	454	176
-866	-262	3554	-191	372	337
-877	-303	3573	-184	152	348
-849	-424	3672	-99	95	386
-708	-441	3814	10	-39	345
-656	-280	3924	69	-141	367
-616	-55	4109	97	-142	500
-694	-38	4344	175	-267	751
-585	-313	4265	236	-307	917
-408	-852	4229	38	-63	591
-613	-810	4764	-402	104	45
-861	-418	4906	-719	-250	-7
-1212	-433	4741	-825	-390	96
-1896	-868	4321	-852	-294	-493
-2256	-103	3612	-845	89	-548
-2612	612	3586	-668	485	255
-2659	964	4193	-621	506	717
-2263	973	4687	-593	30	816
-1815	416	4893	-542	-398	801
-1621	-386	4895	-324	-856	608
-1367	-966	4321	21	-1056	426
-995	-1137	3471	434	-671	116
-839	-779	3132	786	-22	-102
-992	-278	3474	734	388	-241
-1249	147	3763	618	-7	-319
-1086	306	3307	476	-586	-346
-827	201	2882	402	-652	-351
-565	155	2652	281	-371	-442
-554	173	2772	201	54	-442
-688	120	3253	112	319	-397
-780	144	3721	-24	333	-418
-726	352	4072	-113	166	-332
-665	264	4165	-121	-143	-292
-586	72	4100	-148	-515	-522
-560	28	3853	-163	-666	-671
-473	-62	3629	-140	-311	-650
-561	89	3888	-106	264	-745
-694	359	4585	59	553	-470
-423	171	5087	395	336	-269
-370	-365	5337	646	-43	-422
-580	-539	5125	862	-483	-709
-686	-278	4718	936	-490	-890
-1455	240	4382	839	-298	-915
-1911	1024	3718	792	53	-494
-2627	877	3454	-866	323	1471
-2786	868	4550	-517	103	2054
-2409	-264	5316	-165	-329	1879
-1353	-1365	5333	115	-201	1092
-1271	-1681	5400	457	-450	546
-1192	-1758	4739	899	-678	-136
-938	-1157	3544	1227	-485	-680
-480	-379	2878	1143	132	-828
-546	28	2777	906	605	-962
-672	524	2549	801	546	-1053
-734	762	2154	774	467	-857
-678	656	1894	608	587	-729
-632	424	1937	360	800	-644
-619	395	2514	105	969	-546
-614	556	3256	-152	735	-234
-761	526	3862	-335	245	-90
-674	175	4178	-341	-300	-149
-561	-159	4089	-303	-285	-254
-669	-132	4481	-236	487	-456
-697	-53	5588	-33	415	-400
-523	263	5812	173	-168	-21
-741	-175	5580	481	-368	511
-1524	-337	5515	501	-203	-9
-2180	609	4859	791	300	234
-1884	495	4313	1142	462	709
-2330	-584	4637	944	-6	-254
-3072	-995	4618	207	-1226	-1327
-2608	-439	4051	78	-780	-1095
-1873	218	4044	104	35	-938
-1583	1190	4616	45	507	-423
-1339	2002	5124	-201	437	683
-1274	1584	4941	-662	-134	1260
-1083	405	3963	-1298	-758	1044
-681	-687	2618	-1693	-1208	315
-387	-1086	1406	-1937	-1141	-616
-195	-1043	665	-1729	-467	-1004
-116	-796	566	-1004	611	-740
-398	-289	1504	-25	1647	-170
-565	-102	2967	527	1350	376
-878	-514	3875	694	604	310
-795	-866	4073	529	197	-288
-359	-537	4824	128	269	-253
-273	-298	5674	-176	86	-57
-923	-355	5765	-149	-325	-291
-748	-445	5429	118	-746	-250
-198	22	4644	-16	-770	104
-1097	376	5056	-625	-300	550
-2893	-206	4394	-719	-478	955
-4124	-181	3165	-1224	206	374
-3629	776	3912	-1317	1111	807
-2780	1099	6230	-753	705	1478
-2426	672	6880	-605	-644	1097
-1786	-1188	5403	-368	-1431	785
-1305	-1668	3679	349	-972	650
-766	-1561	2710	1144	-252	740
-374	-952	2075	1607	628	735
-626	-225	2300	1450	1248	343
-753	431	2681	1045	1023	-43
-779	711	2663	611	336	-153
-570	400	2119	304	-312	-130
-375	61	1710	53	-367	-275
-329	-61	1924	-109	58	-332
-541	-53	2796	-252	559	-438
-804	-249	3916	-151	393	-675
-688	-541	4663	-130	91	-1142
-549	-325	5208	-44	-373	-1434
-828	413	5256	-50	-701	-1158
-1213	1180	4658	-272	-797	-775
-834	1058	4091	-284	-327	-569
-189	518	5279	361	422	-487
-1226	-399	6091	879	37	-72
-2050	-845	5039	1122	-920	-254
-2452	76	3297	1210	-397	-367
-2411	876	3038	1276	953	0
-2795	422	4631	993	1107	237
-3120	-192	5548	607	-23	-66
-2460	-48	5038	241	-926	-75
-1908	307	4349	-120	-1050	-23
-1417	192	3844	-386	-698	25
-1099	341	3577	-634	-245	-106
-984	359	3436	-776	105	67
-925	-62	3431	-851	187	238
-1176	-420	3324	-924	-123	113
-1123	-487	2840	-1034	-419	-155
-899	-284	2368	-960	-327	-234
-667	-189	2241	-681	125	-30
-664	-133	2603	-367	570	239
-690	-69	3358	-52	892	650
-754	-11	4154	73	605	946
-749	-45	4342	93	-40	1055
-669	-312	4114	49	-602	1014
-517	-586	3789	-52	-852	825
-411	-629	3554	37	-606	802
-396	-550	3849	274	-202	1039
-173	-1190	4245	174	161	768
-354	-1218	4843	-407	143	-35
-999	-667	4722	-655	-431	-121
-1742	-429	4189	-659	-637	202
-2757	-414	3192	-796	101	-391
-3136	419	3911	-811	1337	-226
-2982	601	5229	-703	1271	174
-2340	951	6212	-650	174	417
-2106	559	5989	-592	-1031	628
-1869	-305	5146	-391	-1689	657
-1258	-825	3848	75	-1644	551
-779	-806	2746	537	-755	563
-661	-640	2685	843	532	555
-1042	-340	3557	818	1344	300
-1487	-35	4197	658	842	-46
-1510	125	3847	539	-100	-223
-1123	-11	2988	549	-647	-258
-723	-158	2309	505	-505	-396
-554	-52	2303	358	-25	-577
-610	147	2758	179	349	-632
-767	233	3453	6	549	-601
-906	221	4033	-113	308	-570
-861	212	4391	-153	-157	-553
-835	95	4503	-120	-953	-695
-599	103	4050	-48	-1461	-877
-157	167	3368	-38	-977	-875
-272	346	3519	-36	170	-670
-608	395	4290	243	605	-93
-546	176	4752	557	325	-45
-941	-275	5023	596	-33	-356
-1252	-740	4802	606	-401	-683
-2023	-287	4335	669	-428	-703
-2344	463	3517	912	-82	-487
-2377	825	3145	1222	718	154
-2426	-41	4137	882	1123	57
-2558	-588	5364	453	338	-124
-1010	432	3868	198	484	624
-990	339	3909	180	439	635
-943	213	3852	176	393	591
-881	253	3817	137	400	539
-887	316	3917	73	515	585
-933	286	4154	42	580	600
-891	183	4366	73	455	521
-813	79	4436	99	227	331
-786	13	4364	99	19	145
-786	-21	4206	82	-39	1
-781	-98	4129	32	93	-136
-792	-54	4355	-25	220	-272
-775	98	4602	-69	118	-350
-661	216	4668	-67	-89	-336
-603	394	4692	-45	-334	-270
-610	528	4509	59	-598	-114
-888	588	4188	102	-758	-51
-1348	583	3655	144	-525	54
-1664	574	3430	90	183	368
-1788	5	3962	-19	239	251
-2266	-524	3806	59	-490	-124
-2501	-948	3170	175	-739	-865
-2354	-617	3349	273	-192	-1242
-2225	-19	4179	383	117	-1036
-1932	755	4789	383	106	-557
-1859	1201	5280	219	95	38
-1914	877	5426	-159	-166	60
-1352	373	4734	-698	-506	-317
-1091	-254	4009	-1151	-538	-792
-839	-407	3296	-1414	-519	-1174
-667	-283	2699	-1488	-482	-1354
-438	-234	2028	-1376	-344	-1190
-547	-263	1808	-1037	124	-848
-650	-350	2055	-613	632	-565
-1069	-354	2895	-197	843	-247
-1134	-528	3593	92	458	-106
-912	-551	3870	266	-66	-94
-760	-554	4029	346	-283	-240
-750	-504	4533	366	-376	-378
-797	-395	4956	325	-619	-355
-766	-117	5140	258	-839	-337
-668	11	5131	185	-1098	-108
-438	-166	4791	85	-1198	57
-235	-196	4410	-71	-898	95
-562	-63	4241	-121	-630	316
-1251	142	3956	-167	-431	694
-2027	-407	3239	-384	-12	916
-2731	-560	2824	-659	272	646
-2676	232	3119	-574	391	859
-2799	726	4795	-322	264	1081
-2875	797	5946	-299	-500	943
-2139	-113	5796	-248	-735	1292
-1705	-1501	5121	98	-743	972
-1500	-1989	4577	764	-420	153
-1007	-1423	3941	1391	-134	-399
-560	-362	3195	1559	141	-457
-672	242	2811	1219	683	-452
-793	560	2572	933	543	-443
-654	841	2042	722	283	-403
-488	897	1675	571	319	-132
-462	458	1564	321	501	60
-545	60	1997	37	754	5
-648	-16	2928	-233	961	16
-1010	-89	4171	-452	747	-136
-954	-53	5123	-502	2	-416
-900	25	5672	-431	-768	-1020
-838	409	5518	-251	-1442	-956
-524	700	4644	-155	-1661	-416
-282	333	4056	348	-873	114
-693	69	4330	819	24	122
-1849	-196	5044	762	270	-32
-2557	223	4653	1049	504	205
-2355	266	3900	1568	483	424
-2268	-660	4109	1314	485	-248
-3012	-1381	4850	496	-471	-1378
-2512	-654	4365	214	-909	-1453
-1790	319	3821	93	-652	-1352
-1387	996	3965	25	-20	-1014
-1434	1284	4258	-207	375	-486
-1334	881	4414	-423	225	-152
-1078	235	4107	-699	-109	-125
-1087	-483	3447	-946	-557	-432
-1052	-654	2681	-1091	-745	-852
-807	-443	2036	-1020	-414	-843
-668	-240	1956	-558	358	-347
-865	-121	2746	-95	989	88
-957	-140	3540	114	979	380
-933	-60	4038	147	560	529
-670	-172	4081	79	83	564
-471	-211	3952	22	-197	484
-428	-176	4172	-1	-376	539
-691	-333	4236	57	-746	487
-743	-601	3913	182	-899	378
-318	-940	3728	215	-422	424
-117	-1078	4291	-331	263	93
-841	-230	4924	-809	-22	25
-1824	126	4689	-894	-513	574
-3495	-176	3533	-878	-495	219
-3265	175	3399	-886	676	331
-2910	324	4563	-778	1156	329
-2293	599	5897	-607	247	545
-2060	322	5874	-539	-849	475
-1951	-215	5163	-357	-1540	447
-1340	-155	3746	99	-1476	585
-947	-211	2661	493	-498	903
-749	-638	2652	738	807	822
-1043	-540	3479	664	1309	203
-1492	-332	4006	504	813	-303
-1525	-54	3767	414	-104	-548
-1076	-8	2869	375	-605	-633
-704	98	2411	344	-324	-613
-654	104	2609	223	126	-596
-767	246	3064	99	221	-659
-786	407	3435	-15	170	-623
-733	477	3740	-140	11	-570
-636	449	4008	-221	-122	-454
-563	322	4312	-269	-386	-422
-631	77	4205	-203	-755	-383
-470	-231	3735	-57	-629	-474
-549	-167	3662	13	92	-584
-840	-71	4321	162	632	-372
-660	-88	4937	543	414	-189
-758	-485	5213	730	-7	-367
-1166	-646	5105	771	-287	-828
-1703	-241	4616	808	-381	-1098
-2136	783	4013	791	-272	-1050
-2074	1513	3181	943	182	-106
-2134	835	3463	864	866	534
-2566	-363	4798	518	452	204
-2300	-764	4810	283	-242	-201
-348	-575	4866	-252	-339	416
-249	-455	5036	-274	-564	540
-732	-282	4854	-374	-832	480
-1583	-280	3974	-332	-810	938
-3146	-221	3086	-339	-519	1278
-3518	220	2665	-486	228	1836
-3042	298	3998	-449	911	2088
-2217	-163	5581	-163	490	1308
-2077	-362	5995	29	-316	460
-1758	-1131	5409	216	-1197	351
-1324	-1393	3948	618	-1323	428
-790	-1353	2802	1127	-585	278
-692	-784	2582	1259	242	-49
-874	-36	2833	1149	536	-254
-959	253	2887	943	226	-256
-805	385	2450	746	-204	-276
-609	261	2043	593	-55	-128
-591	160	2276	388	447	-107
-650	153	3073	156	684	-78
-716	193	3917	-46	588	-54
-596	192	4810	-284	-404	-164
-596	192	4810	-284	-404	-164
-483	-70	4601	-148	-1218	-410
-373	-24	3893	-184	-1151	-573
-788	-91	3764	-424	-457	-705
-925	337	4244	-230	85	-303
-430	286	5046	315	209	35
-760	379	5617	835	-19	367
-1105	-155	5536	930	-474	351
-1687	-147	4885	992	-495	300
-2106	83	3753	1084	-581	466
-1931	-62	2683	1180	-100	265
-2417	-951	3271	827	160	-877
-3027	-843	3929	414	135	-1549
-2457	250	4851	296	375	-1225
-1883	997	5578	134	338	-805
-1634	1513	5720	-126	-255	-171
-1512	1266	4997	-425	-563	448
-1042	349	4188	-818	-533	431
-618	-454	3313	-1325	-532	102
-432	-786	2327	-1609	-520	-347
-429	-675	1534	-1668	-292	-785
-387	-311	1149	-1283	263	-750
-338	-135	1246	-697	974	-225
-634	-319	1948	-212	1421	170
-853	-449	2787	49	1232	301
-935	-686	3355	234	920	187
-826	-797	3881	391	726	-1
-366	-742	4698	482	815	-80
-488	-916	6029	532	700	73
-960	-878	6502	505	-118	-375
-870	-182	5862	622	-707	-326
-344	-304	5216	449	-644	-123
-135	-234	5518	-316	-135	-231
-524	710	5230	-745	-735	69
-1477	551	3997	-627	-1063	953
-3007	-288	2472	-622	-860	827
-3238	-217	2232	-823	56	897
-3250	19	3108	-756	1142	1040
-2533	-46	5466	-512	755	1109
-1904	-662	6043	-223	-166	277
-1786	-1066	5556	43	-947	-285
-1496	-1072	4491	515	-1249	-311
-1025	-951	3186	1007	-1044	-357
-474	-716	2408	1217	-252	-398
-516	-204	2475	1024	480	-704
-950	270	2935	893	504	-794
-1176	547	2985	722	-8	-798
-1003	432	2509	515	-362	-693
-798	251	2282	318	-240	-747
-727	280	2516	79	80	-781
-724	344	3093	-61	231	-613
-449	373	3708	-109	160	-539
-405	255	4220	-141	-36	-613
-497	155	4667	-124	-392	-754
-562	215	4675	-198	-627	-652
-592	336	4452	-242	-409	-422
-394	709	4576	80	12	-11
-96	268	5322	695	55	181
-708	-368	5286	1037	-364	-55
-1533	-509	4653	925	-504	-348
-2466	113	3581	1016	236	-189
-2695	184	3511	1320	847	1
-2849	-432	4427	1114	626	-574
-3008	-717	5406	564	-410	-1068
-2145	74	4768	280	-667	-666
-1602	433	4872	26	-469	-406
-1091	1071	4648	-317	-605	-421
-895	1429	4163	-655	-340	188
-971	1125	3862	-914	2	806
-834	154	3603	-1173	-121	972
-738	-619	2997	-1328	-319	528
-567	-1035	2187	-1353	-537	-121
-342	-990	1433	-1163	-264	-401
-302	-693	1356	-677	684	-107
-625	-406	2236	-177	1507	239
-691	-356	3389	174	1636	408
-816	-341	4267	251	1207	447
-899	-215	4750	197	567	454
-720	-12	4847	87	-119	559
-621	91	4699	47	-558	807
-961	-265	4206	163	-686	822
-669	-611	3828	355	-459	843
-196	-1405	3796	165	342	635
-256	-1245	4772	-635	650	-112
-591	-107	5051	-1002	43	55
-1644	-152	4692	-910	-581	428
-2740	112	3695	-785	-312	208
-3164	-10	3398	-855	657	433
-2982	-350	4249	-811	1245	62
-2278	24	5532	-565	565	100
-1821	291	5720	-442	-526	191
-1776	244	5343	-212	-1200	418
-1448	217	4442	205	-1509	681
-941	-68	3200	607	-995	1009
-612	-691	2606	792	30	843
-816	-856	2937	671	942	169
-1204	-525	3504	441	1007	-436
-1479	-262	3880	279	453	-715
-1278	79	3530	373	-239	-700
-922	197	2867	508	-429	-498
-675	144	2544	426	-235	-464
-660	83	2858	186	68	-493
-763	143	3279	9	141	-428
-761	255	3728	-81	54	-348
-782	198	4095	-118	-188	-405
-726	-45	4373	-114	-630	-682
-486	-234	4202	-82	-969	-935
-409	-49	3992	-104	-721	-1088
-309	284	4239	8	-162	-804
-2596	531	4003	-106	637	714
-2839	295	4956	-56	236	692
-2502	-124	5495	-4	-241	471
-2012	-478	5354	197	-545	244
-1597	-712	4868	651	-446	63
-1092	-595	4274	1164	-262	158
-827	-317	3889	1370	108	226
-873	-133	3682	1224	95	94
-1045	-200	3309	959	-201	-96
-974	-300	2554	877	-747	-161
-724	-348	1753	758	-938	-289
-406	-22	1188	594	-552	-528
-445	362	1501	227	622	-456
-948	495	3061	-112	1110	-178
-1161	581	4450	-254	783	223
-1038	265	5295	-324	-107	178
-841	131	5626	-411	-1102	-277
-767	-36	5370	-395	-1807	-532
-328	-248	4640	-387	-2012	-810
79	-64	3978	-270	-1462	-889
36	114	3956	62	-411	-704
-928	391	4490	264	346	-661
-2027	681	4985	291	399	-608
-2389	948	4396	727	441	21
-2306	-287	3948	989	-199	-271
-2958	-1812	3173	723	-842	-1810
-2477	-939	2996	407	72	-2144
-1827	256	4756	210	789	-1229
-1556	1175	5280	153	465	-414
-1342	1778	4836	-84	253	134
-1538	1292	4853	-412	106	652
-1158	248	4491	-850	-350	670
-555	-524	3647	-1190	-779	288
-203	-1007	2611	-1324	-886	-200
-296	-1053	1861	-1177	-692	-519
-170	-877	1122	-880	-323	-595
21	-646	960	-373	739	-461
-409	-308	1866	178	1765	-296
-776	-134	3141	390	1743	-20
-884	-411	4452	583	1311	341
-1122	-86	5289	558	404	479
-831	53	5633	404	-369	821
-816	5	5590	167	-1018	779
-738	-547	4812	243	-1330	802
-568	-1634	4085	449	-1119	539
-130	-1947	4236	35	-126	118
-1164	-1110	4904	-631	54	-259
-3178	-949	4286	-825	-134	-102
-3567	-372	2494	-975	400	-795
-2730	1099	3766	-577	1690	375
-2745	1503	6501	-116	390	1328
-2689	887	6269	-173	-1709	1018
-1922	-1306	5047	-247	-2043	573
-1617	-2235	4034	136	-1531	-185
-1318	-2238	3358	967	-562	-374
-1096	-1557	3144	1776	106	-617
-825	-231	3225	1807	489	-929
-1086	572	3583	1401	633	-1048
-1199	814	3469	1022	15	-1190
-936	737	2672	900	-414	-923
-608	296	1874	728	-291	-858
-445	-79	1731	558	236	-926
-506	-299	2286	367	699	-1167
-721	-333	3152	297	672	-1374
-677	-59	3662	366	141	-1488
-483	125	3883	458	-114	-1522
-537	-81	4489	451	-124	-1673
-1072	89	5071	428	-559	-2015
-753	1013	4576	685	-1074	-1754
-121	1311	4424	1210	-836	-1014
-767	648	4250	1518	-714	-1182
-1859	249	4187	1282	-654	-1442
-3067	-583	3571	1492	-19	-981
-2573	-1464	4138	1816	1012	-1184
-3052	-2155	5607	1910	926	-1338
-3373	-1961	5921	1599	-539	-2267
-2578	-321	4747	1181	-1154	-2675
-1835	510	3736	703	-1021	-2826
-1308	366	3524	358	-247	-2774
-1111	173	3494	130	632	-2506
-1077	-1	3726	-100	1234	-2288
-1200	-261	3754	-133	1007	-2310
-1321	-473	3497	-106	595	-2555
-1223	-373	2955	-66	273	-2837
-1098	-84	2477	-18	345	-2726
-856	44	2488	54	690	-2333
-919	-99	3174	306	1226	-1782
-1127	-222	4171	337	1158	-1489
-1137	-267	4517	237	617	-1328
-930	-191	4349	59	120	-1222
-633	52	4204	-65	60	-869
-510	28	4557	-143	-18	-174
-704	-403	4770	-212	-338	94
-529	-817	4737	-294	-625	28
-271	-1330	4424	-294	-1071	-95
-130	-1793	3875	-300	-1278	-319
-192	-1309	3591	-371	-1072	-224
-833	-204	3576	-465	-666	457
-3111	-88	3744	-555	-452	666
-3622	432	3511	-975	1	54
-3004	1075	3929	-1170	177	-248
-2700	1394	5053	-1074	-83	95
-2335	874	5397	-831	-824	204
-1867	-134	4931	-550	-973	350
-1749	-945	4508	-135	-919	17
-1455	-816	4024	368	-483	-10
-1118	-395	3618	714	-214	-144
-900	84	3155	765	60	-218
-799	488	2908	559	288	-239
-905	460	2854	312	414	-241
-984	113	2830	183	398	-300
-848	-308	2749	171	360	-458
-789	-431	2895	175	389	-571
-892	-393	3305	178	303	-641
-884	-192	3715	117	172	-784
-744	181	3932	7	-70	-787
-563	417	4011	-105	-146	-626
-503	533	4301	-196	-119	-497
-629	336	4710	-213	-458	-549
-672	188	4362	-129	-1103	-577
-521	46	3686	46	-1122	-486
-426	296	3464	154	-267	-211
-556	649	4270	296	536	252
-400	462	5061	574	548	507
-612	-136	5481	810	219	125
-1340	-361	5257	833	-322	-395
-1757	0	4271	786	-329	-536
-2192	423	3592	771	-237	-316
-2386	238	2873	900	125	20
-2327	-433	3263	708	428	-457
-3071	1017	3364	-326	122	2095
-2577	-624	4972	-240	726	1315
-1887	-1926	5605	16	211	129
-1831	-1909	5084	566	-563	-773
-1307	-726	3798	1237	-790	-693
-487	266	2943	1485	-325	129
-308	732	2747	1164	186	345
-424	929	2664	769	309	392
-497	600	2550	606	91	565
-457	-11	2310	406	-37	324
-521	-474	2117	341	100	-147
-664	-648	2620	290	564	-488
-826	-526	3773	192	484	-829
-911	-159	4397	185	-117	-888
-672	79	4441	251	-597	-887
-605	105	4336	431	-858	-1017
-721	432	4210	568	-801	-1067
-441	1051	4376	564	-596	-769
-242	1466	4587	622	-385	-153
36	1283	4811	770	-239	296
21	584	5103	969	-244	199
-545	431	5030	805	-410	-329
-1385	431	4611	601	-295	-450
-2386	-49	3833	553	-401	-606
-2780	-848	3430	617	-32	-821
-2972	-1020	4187	728	250	-1317
-2659	-978	5247	741	-60	-1056
-2240	-833	5544	638	-703	-923
-1711	475	5289	333	-1119	-929
-1178	1256	4370	87	-1059	-673
-584	1762	3657	-328	-565	-289
-461	1346	3137	-735	27	209
-736	376	2934	-1034	368	373
-788	-455	2648	-1176	324	236
-668	-930	2118	-1143	204	-138
-548	-700	1782	-908	500	-420
-374	-255	1853	-553	876	-319
-361	61	2218	-204	1300	19
-500	-81	3007	-52	1406	321
-512	-561	3601	-11	1130	143
-644	-485	3915	-6	843	-166
-825	-170	4312	-83	730	-57
-946	-257	5127	-87	525	225
-874	-348	5954	-224	90	120
-500	-675	6331	-537	-427	-108
-384	-485	5938	-802	-1076	-258
-818	222	4795	-754	-1565	197
-2367	-709	2991	-546	-917	747
-2481	-1173	2146	-982	1353	-183
-2475	508	3695	-1169	2103	305
-3499	1445	5806	-722	1154	1643
-3458	778	6491	-550	231	1147
-2488	-499	6406	-277	-362	733
-1411	-976	5220	270	-941	656
-962	-1125	3735	784	-854	482
-662	-630	2687	1240	-101	469
-420	-234	2434	1315	551	431
-364	29	2304	989	743	52
-400	408	2204	614	546	-32
-529	513	1955	393	97	120
-412	365	1525	231	-31	184
-439	21	1500	18	464	-8
-653	138	2312	-260	1098	-254
-988	228	3997	-649	1296	-313
-1137	288	5418	-821	534	-389
-846	4	5834	-703	-499	-591
-634	131	5591	-499	-1375	-785
-587	459	4454	-302	-1693	-474
-715	496	3586	-172	-901	-78
-387	483	3857	326	382	91
-642	-29	5014	886	1044	155
-1660	-954	6003	1058	665	12
-2664	-695	5327	1084	-346	-258
-2993	78	3575	1068	-455	-701
-2400	971	2818	1169	455	-408
-2372	285	4215	777	668	-425
-3064	-38	5077	285	-482	-626
-2209	-55	4340	112	-864	-309
-1689	-130	3957	-74	-339	-724
-1762	123	4292	-143	-71	-919
-1397	553	4257	-330	-95	-729
-1382	346	4146	-448	-268	-382
-1336	-261	3674	-650	-505	-308
-1441	-532	3139	-820	-729	-619
-1202	-291	2326	-815	-741	-716
-794	-86	1899	-709	-64	-351
-782	18	2469	-359	895	52
-1068	243	3520	-83	933	509
-938	254	3898	-51	413	895
-712	84	3816	-104	49	1058
-454	-190	3745	-151	-223	1024
-318	-472	3838	-230	-508	843
-510	-370	3881	-223	-847	704
-754	-401	3722	-17	-1040	833
-477	-854	3415	286	-970	1022
185	-1327	3416	13	145	726
-445	-969	4950	-640	571	295
-1498	257	5154	-897	-337	521
-3283	-102	4139	-828	-788	653
-3495	435	3038	-958	252	78
-3175	481	4222	-919	1389	292
-2806	504	6009	-775	747	438
-2264	249	6278	-700	-708	609
-2060	-352	5532	-516	-1414	579
-1621	-535	4559	-54	-1678	618
-1199	-151	3313	414	-1277	690
-733	-342	2529	786	-173	878
-650	-327	2762	749	864	493
-1056	-26	3494	522	1168	119
-1458	176	3930	341	495	-49
-1277	65	3396	264	-336	-136
-853	-143	2677	228	-582	-258
-516	-203	2440	160	-343	-343
-514	-68	2784	33	-77	-451
-580	173	3236	-110	-34	-437
-589	434	3547	-181	-99	-427
-506	513	3943	-155	-295	-361
-620	239	4187	-124	-706	-485
-642	-45	3941	-65	-904	-671
-371	-188	3753	-55	-404	-727
-433	127	4106	81	554	-632
-671	601	5189	459	688	-154
-662	546	5480	832	121	74
-715	-170	5228	906	-386	-219
-922	-554	4636	835	-576	-589
-1838	-127	4008	754	-278	-829
-2302	621	3441	777	155	-640
-2366	1010	3122	920	530	-35
-2239	73	3500	801	801	44
-2462	-715	4846	531	545	-178
-1125	-157	3881	-36	14	166
-1144	-269	3899	-58	34	161
-1145	-384	3984	-56	72	144
-1132	-418	4066	-9	63	83
-1099	-316	4081	30	-33	93
-1096	-213	3978	16	-102	142
-1118	-197	3851	-30	-63	161
-1106	-203	3839	-80	64	207
-1109	-233	3937	-118	143	263
-1117	-314	4049	-136	133	274
-1118	-338	4034	-133	35	218
-1061	-318	3923	-120	-13	181
-991	-255	3867	-121	-8	165
-962	-239	3883	-140	6	172
-983	-297	3914	-157	52	152
-1006	-272	3942	-169	82	142
-1010	-161	3954	-185	67	201
-930	-139	3955	-182	84	306
-923	-173	3966	-170	111	285
-905	-249	3982	-167	75	261
-878	-339	3889	-151	37	250
-835	-438	3800	-118	133	193
-875	-455	3770	-86	234	139
-911	-459	3823	-90	347	127
-904	-437	3833	-123	421	89
-892	-312	3830	-155	527	47
-913	-261	3856	-188	564	44
-917	-282	3815	-212	598	33
-872	-358	3822	-226	610	-8
-806	-475	3831	-225	606	-70
-759	-600	3874	-195	631	-173
-735	-707	4000	-159	605	-300
-757	-658	4120	-112	493	-433
-739	-469	4071	-53	315	-423
-661	-293	3923	-22	178	-333
-608	-260	3848	-21	212	-246
-589	-353	3860	-23	263	-209
-615	-584	3941	-22	323	-253
-793	-648	4212	-31	367	-303
-989	-666	4594	29	266	-218
-885	-760	5087	170	201	-145
-810	-667	5608	295	48	28
-610	-488	5757	290	-361	227
-355	-371	5413	152	-675	384
-100	-130	4928	-39	-728	500
-58	361	4233	-180	-664	894
-2479	216	3315	74	-1317	1029
-3280	-469	1078	98	-875	993
-2146	-585	1624	171	1618	1773
-2088	-275	4647	351	1793	1486
-2646	-238	6250	108	788	333
-2159	-290	6611	36	-275	-527
-1761	-185	5440	278	-1215	-513
-1026	-352	3770	700	-1292	20
-499	-457	2519	951	-576	252
-613	-368	2146	833	289	69
-801	-129	2447	698	644	-292
-887	-92	2699	602	395	-530
-735	-87	2571	538	-27	-684
-697	-151	2446	487	-129	-648
-675	-9	2684	358	-25	-645
-630	328	3287	160	195	-491
-786	612	4134	-19	221	-227
-791	759	4580	-76	-219	-52
-890	750	4705	-79	-606	49
-789	326	4684	-53	-857	-26
-600	48	4699	-130	-933	-284
-576	86	4514	-122	-782	-183
-555	393	4569	22	-477	-50
-269	465	4698	403	-354	205
-533	125	4628	621	177	223
-1638	-273	4964	502	386	-174
-3360	275	4411	688	226	-112
-3121	283	3215	1098	243	87
-2467	-50	3469	1024	622	138
-2915	-770	4946	482	24	-316
-2798	-490	4985	183	-822	-556
-1904	300	4411	-31	-965	-332
-1326	1075	3787	-367	-391	-197
-1324	1175	4125	-678	199	195
-1277	807	4135	-956	170	535
-1198	-206	3958	-1115	-130	575
-1240	-753	3452	-1152	-709	217
-1175	-732	2580	-1133	-995	-232
-945	-252	1859	-949	-645	-163
-652	-72	1861	-538	101	282
-626	-48	2585	-111	810	752
-871	-86	3671	215	958	1034
-1113	-246	4463	226	341	1176
-809	-366	4322	167	-615	1019
-552	-594	3899	56	-1143	864
-387	-685	3736	-22	-1325	675
-523	-743	3536	151	-1275	584
-409	-807	3361	430	-767	650
194	-1212	3620	316	252	482
-371	-1220	5312	-463	718	-442
-1117	-224	5318	-683	-575	-399
-1897	370	4187	-599	-1224	217
-3143	170	2820	-469	-686	297
-3175	193	2816	-633	976	342
-2871	258	4711	-574	1797	517
-2300	556	6569	-520	309	443
-2123	360	6151	-579	-1247	168
-2072	-313	5288	-385	-1754	313
-1538	-701	4195	185	-1809	393
-790	-941	2977	691	-992	359
-510	-1272	2744	869	303	-114
-811	-719	3301	762	1062	-878
-1360	-53	3838	655	781	-1153
-1421	289	3600	611	16	-1123
-1148	321	2915	665	-543	-1017
-665	269	2198	683	-406	-884
-405	276	2126	576	176	-820
-621	161	2749	470	563	-838
-836	58	3392	334	561	-972
-823	113	3828	207	367	-1005
-592	-37	4212	182	178	-1078
-580	-304	4658	247	-217	-1386
-539	-200	4651	322	-795	-1652
-562	142	4308	538	-901	-1532
-279	652	4123	932	-490	-1091
-628	729	4429	1304	78	-658
-1337	-328	5169	1376	44	-831
-2467	-443	4722	1539	-66	-1004
-2313	-797	4384	1796	-30	-1114
-2510	-1540	3737	1994	-141	-1526
-2605	-1807	3587	1608	-421	-2832
-2720	-570	3812	1132	47	-3059
-2168	834	4522	949	449	-2629
-1522	1469	4850	648	224	-2154
-87	-1325	4748	-11	-783	-565
-81	-417	5018	-415	-497	-463
-775	530	4990	-532	-649	26
-1877	264	4196	-611	-484	371
-3231	-727	2761	-748	-421	223
-3492	-628	2287	-790	334	305
-3158	55	3834	-545	912	604
-2736	352	5802	-307	125	420
-1850	234	6012	-251	-524	168
-1938	-640	5752	168	-1107	354
-1396	-1086	4506	780	-1297	379
-741	-1173	3323	1329	-974	332
-399	-855	2422	1563	-272	75
-550	-255	2174	1291	480	-303
-771	152	2333	1000	878	-439
-895	351	2649	773	785	-497
-988	150	2774	656	344	-560
-840	-129	2630	540	-57	-906
-668	-282	2573	362	13	-1295
-651	-117	3017	238	183	-1532
-723	-6	3730	214	201	-1585
-692	66	4528	285	-71	-1721
-885	-7	5152	302	-583	-1912
-1305	421	5220	266	-1568	-1991
-651	1202	4291	517	-2075	-1342
437	1548	4066	1033	-889	-563
-112	896	4631	1332	51	-445
-1119	-133	5190	1246	-153	-877
-2458	-817	4418	1068	-470	-1247
-3050	-1351	3442	1340	193	-1782
-3295	-1675	3628	1723	504	-1984
-3495	-1943	4435	1559	436	-2821
-3074	-676	5338	1194	203	-2752
-1986	894	5237	904	-105	-2007
-1540	1607	4932	432	-103	-1376
-1339	1607	4529	10	77	-883
-1077	1153	4019	-364	-17	-571
-622	224	3308	-554	-237	-623
-417	-463	2708	-706	-358	-1162
-146	-522	1759	-701	-447	-1589
-342	-378	1473	-545	161	-1751
-434	-319	1265	-327	736	-1614
-748	-424	1743	-21	1534	-1102
-1129	-705	2745	183	1962	-834
-1244	-731	3814	329	1642	-845
-1130	-770	4267	426	920	-936
-856	-630	4327	431	449	-922
-621	-387	4429	472	406	-766
-636	-492	5094	632	625	-512
-851	-893	6090	675	357	-922
-968	-813	6484	448	-445	-1504
-593	-977	5846	17	-945	-1533
-306	-1042	5001	-355	-1114	-1761
-598	143	4358	-446	-1112	-1384
-1564	491	3344	-68	-713	163
-2894	-72	2627	34	214	117
-3298	-80	2713	-295	721	-259
-3260	456	4395	-374	1170	-88
-3213	237	6352	-279	59	-51
-2202	-415	5700	-246	-765	-799
-1726	-1104	4895	230	-913	-1153
-1403	-871	4057	1001	-454	-880
-914	-501	3302	1688	-148	-487
-676	-113	2700	1821	194	-602
-849	306	2399	1514	317	-992
-917	542	2324	1157	249	-1058
-821	384	2085	845	-17	-1042
-794	-48	2020	578	-84	-1218
-661	22	2344	273	114	-1399
-620	458	3118	27	256	-1134
-578	1006	3803	-4	-153	-443
-747	913	4158	45	-780	-222
-455	299	4157	51	-1263	-665
-164	-309	3893	-138	-953	-1160
-531	-272	3733	-412	-107	-1067
-1065	-352	4408	-571	330	-789
-878	-403	4921	107	84	-739
-951	-405	4796	641	-453	-802
-1768	-561	4086	950	-465	-504
-3348	-707	3788	990	214	-1667
-4009	696	4144	1061	846	-2355
-2565	1170	5113	1214	1117	-705
-3120	249	6434	790	-43	107
-2552	46	5598	381	-954	-204
-1867	878	4794	74	-1033	-594
-1631	1343	4213	-304	-499	-345
-1082	1496	3999	-685	-33	81
-1036	1011	3778	-985	143	610
-1135	203	3395	-1197	-143	847
-1257	-662	2879	-1338	-294	508
-1169	-825	2415	-1361	-493	-77
-844	-503	1919	-1293	-415	-335
-638	-277	1730	-935	-8	-103
-590	-386	2182	-351	697	204
-860	-310	3244	33	872	339
-822	-398	3824	179	554	440
-779	-367	4136	241	202	485
-741	-321	4134	207	-357	464
-635	-296	4012	182	-589	415
-527	-100	4081	164	-375	479
-622	-257	4565	239	-156	745
-730	-793	4619	257	-415	567
-397	-1007	4425	-115	-103	87
-1146	-675	4844	-606	-185	-180
-2195	-902	4445	-736	-399	-301
-2785	-597	3272	-986	169	-1207
-2904	614	3407	-950	837	-726
-2732	1260	4531	-755	1094	250
-2214	1665	5560	-612	141	800
-2043	1393	5408	-445	-1014	1377
-1927	-127	4824	-210	-1464	1643
-1332	-1058	3786	169	-1277	1429
-886	-1508	3224	526	-403	952
-931	-1435	3141	816	355	293
-1183	-654	3495	721	790	-313
-1509	30	3999	445	578	-597
-1460	649	3807	371	-213	-572
-1241	853	3177	326	-557	-291
-935	590	2708	231	-427	-111
-731	245	2654	78	-54	-135
-725	-35	3059	-62	303	-232
-739	-233	3586	-145	358	-383
-513	-7	4335	-292	-194	-557
-513	-7	4335	-292	-194	-557
-633	19	4449	-255	-906	-747
-743	-35	3929	-87	-1441	-802
-529	-118	3179	-8	-1333	-958
-275	301	2981	149	-405	-686
-364	545	3912	512	540	-4
-604	265	4867	744	429	54
-1368	350	3800	63	233	-7
-1409	502	3886	44	277	233
-1332	646	4028	19	320	494
-1163	418	4134	5	340	711
-1096	-26	4252	-27	216	582
-1124	-377	4282	-14	110	263
-981	-516	4098	126	214	-78
-957	-259	4041	229	307	-216
-1003	166	3799	309	377	-116
-1051	455	3706	375	511	52
-1095	496	3690	420	605	215
-1099	386	3684	423	592	292
-1049	275	3786	345	527	315
-1017	328	3944	277	405	381
-956	389	3997	227	276	479
-827	402	3959	193	174	554
-743	381	4031	127	223	610
-825	276	4190	72	126	622
-950	25	4234	-10	-38	484
-871	-173	4096	-45	-213	215
-711	-61	3901	-47	-251	41
-629	99	3896	-23	-146	-22
-668	115	4247	-98	-29	-75
-810	-44	4880	-218	-109	-157
-756	0	5472	-267	-522	-236
-528	-55	5509	-188	-1116	-332
-303	-157	5123	24	-1503	-541
-562	125	4319	120	-1531	-680
-1527	630	3324	21	-689	-320
-2017	677	3428	-79	843	-349
-2274	687	4401	-75	551	-250
-2786	-144	4433	156	-168	19
-3054	-517	4081	277	-380	-280
-2756	14	4120	210	92	-528
-2110	800	4507	-112	467	-502
-1832	1092	4955	-528	493	-236
-1677	675	4914	-862	211	-126
-1276	133	4256	-1245	-34	-210
-934	-423	3355	-1546	-220	-494
-583	-561	2610	-1692	-379	-820
-567	-428	2115	-1652	-382	-982
-460	-71	1422	-1473	-584	-917
-206	124	958	-1122	-263	-551
-251	-140	1517	-345	995	122
-1102	-205	2963	68	1315	528
-1263	-844	3904	163	342	254
-978	-1383	4038	155	-383	-420
-865	-1154	4417	115	-420	-758
-853	-707	5373	237	-180	-354
-844	-473	6284	227	-328	-205
-532	-226	6636	109	-776	-115
-231	-460	6220	-35	-1281	12
-51	-510	5199	-376	-1466	-217
-272	1	4131	-485	-1577	28
-1200	779	2673	-315	-1565	900
-2983	161	1459	-103	-652	1614
-3727	-428	1645	-405	1143	1500
-3432	-438	4464	-842	2072	1057
-3368	183	7220	-792	492	480
-2761	509	7391	-541	-1215	144
-2285	-63	6003	-123	-2159	527
-1412	-620	3896	509	-1953	1040
-701	-1356	2609	1196	-1180	1065
-289	-1362	1858	1224	-169	451
-282	-841	1887	920	638	-149
-794	-372	2425	745	828	-377
-818	-21	2534	677	317	-617
-575	-24	2439	603	-37	-695
-433	48	2462	420	-110	-859
-598	171	2773	223	58	-620
-781	90	3396	59	36	-460
-711	-93	4262	-97	-306	-934
-776	-203	4591	-123	-824	-1445
-433	223	4326	-73	-962	-1507
-486	815	4462	-239	-620	-994
-659	1291	4434	92	-650	-82
-337	1284	4327	636	-547	483
-277	711	3902	945	-382	634
-1929	-33	3524	589	146	415
-3716	-1236	3425	459	809	-133
-3415	-155	4401	653	1498	-635
-2934	-162	6189	701	1109	403
-2569	-487	6687	429	-643	454
-2240	-96	5604	277	-1207	288
-1729	382	4815	17	-1306	101
-1167	397	4078	-266	-638	58
-859	544	3719	-576	21	137
-897	126	3547	-805	433	419
-1141	-615	3329	-876	275	536
-1231	-906	2926	-954	-39	28
-1065	-538	2369	-912	-308	-326
-654	-155	1869	-855	-163	-252
-524	37	1854	-472	439	210
-673	194	2779	-6	911	633
-641	-1	3568	136	647	861
-637	-331	3901	171	314	917
-517	-627	4029	220	63	841
-515	-695	4248	240	-159	706
-674	-205	4493	133	-311	593
-834	240	4451	161	-526	851
-501	-173	4216	356	-498	1053
-140	-757	4344	202	137	745
-377	-937	5059	-428	226	238
-1343	-369	5145	-715	-577	-23
-1748	-112	4131	-744	-843	195
-2716	-77	3195	-747	-250	287
-3077	216	3194	-758	789	687
-2853	339	4262	-615	1196	667
-2298	412	5431	-512	393	513
-1796	187	5305	-445	-348	406
-1824	-597	4991	-173	-750	653
-1555	-994	4364	247	-1051	493
-1100	-1003	3320	693	-690	280
-664	-892	2849	979	207	-76
-761	-249	3163	927	992	-426
-1186	292	3685	736	858	-570
-1342	584	3566	595	257	-507
-1137	398	3122	458	-107	-362
-887	40	2917	343	-82	-393
-680	-53	2933	183	112	-603
-689	3	3277	107	225	-685
-724	-27	3509	45	153	-841
-621	124	3606	64	-41	-887
-493	96	3675	70	-237	-826
-537	-96	3797	11	-342	-899
-628	-89	3815	45	-391	-968
-700	50	3859	112	-273	-934
-707	49	4237	146	103	-948
-694	309	4911	335	136	-707
-1004	266	5134	611	-119	-319
-862	-392	4028	371	134	-352
-927	13	3826	489	237	-317
-971	422	3706	557	336	-182
-996	645	3576	573	450	42
-1048	530	3545	526	570	240
-1028	224	3623	426	617	309
-973	-40	3735	320	597	263
-896	-35	3902	245	486	227
-852	90	3952	196	300	154
-740	210	3939	141	147	145
-629	317	4001	58	45	151
-547	256	4042	-32	11	232
-543	136	4166	-78	-33	249
-586	50	4249	-108	-194	215
-701	-18	4123	-145	-282	86
-822	-68	4093	-166	-145	-57
-777	81	4368	-181	60	-132
-772	83	5193	-152	90	-60
-727	74	5778	-16	-433	-120
-593	149	5633	210	-1026	-177
-723	379	4848	307	-1362	-305
-1358	1048	3829	19	-1060	-237
-1652	1320	3103	1	820	312
-2041	797	4820	-195	1246	202
-2619	121	4654	-158	111	223
-2714	-580	3661	25	-525	-237
-2570	-597	3062	128	-29	-486
-2128	7	3806	30	585	-394
-1774	610	4571	-251	609	-121
-1827	783	4904	-560	396	145
-1628	497	4652	-890	62	24
-1189	-54	4130	-1274	-141	-332
-908	-516	3573	-1492	-484	-634
-694	-635	2909	-1603	-646	-965
-700	-288	2269	-1399	-825	-1024
-466	-129	1539	-980	-624	-507
-366	-430	1541	-376	313	-147
-820	-533	2546	104	936	-32
-1106	-464	3527	244	535	-26
-874	-676	3746	347	-82	-7
-753	-768	4024	404	-257	-259
-772	-353	4549	337	-276	-194
-909	143	4974	123	-390	109
-863	332	5385	46	-756	499
-657	-421	5260	40	-1139	564
-455	-911	4639	-342	-1203	55
-1369	-119	4068	-537	-1264	143
-2663	-187	3142	-461	-1086	762
-3470	-226	1853	-926	458	96
-2838	689	3427	-1110	1664	699
-3257	1529	6589	-884	779	1647
-3162	1382	6878	-804	-1317	1955
-2446	-165	5587	-671	-1988	2005
-1741	-1219	4375	-189	-1703	1692
-1308	-1779	3536	515	-781	1374
-853	-1609	3006	1148	-83	761
-661	-782	2789	1252	557	223
-708	-98	2867	1009	782	-28
-990	270	2975	666	480	-289
-857	538	2541	471	-152	-225
-412	483	1761	309	-558	-85
-139	459	1333	45	-311	-46
-365	400	1830	-227	234	64
-639	346	2924	-389	297	297
-883	-354	3643	-362	108	168
-876	-942	4501	-378	-15	-728
-1061	-425	5036	-368	-285	-1212
-1040	327	5236	-226	-363	-589
-594	600	5389	30	-334	-533
-691	789	6252	799	-369	-166
-1343	-175	5762	1136	-1265	74
-1681	-137	3974	1148	-1322	-388
-2561	226	2447	1045	7	-384
-2453	396	2966	1207	1401	-204
-2962	-257	4842	894	1212	-117
-3209	-466	5886	583	-156	-195
-2327	-12	4922	274	-1041	-289
-1553	467	4245	-51	-909	-330
-1243	594	3972	-428	-214	-489
-1034	820	3907	-640	25	-292
-928	484	3746	-816	175	71
-1045	-163	3533	-896	-25	206
-1040	-413	2860	-934	-374	-16
-989	-560	2308	-970	-282	-196
-724	-477	1992	-762	100	-214
-670	-377	2347	-360	760	19
-932	-238	3299	-48	965	298
-986	-159	3926	52	494	490
-778	-222	4109	93	12	530
-569	-333	4277	138	-224	563
-531	-447	4330	167	-601	536
-690	-323	4188	236	-895	604
-669	-257	3866	281	-856	671
-376	-818	3461	423	-494	701
11	-1182	4175	-177	664	129
-499	-462	5257	-755	275	3
-1517	139	4874	-841	-863	313
-2416	-16	3620	-712	-978	95
-3048	119	2891	-800	52	13
-3141	-251	3625	-798	1435	274
-3076	51	5238	-701	1400	249
-2223	367	6133	-566	51	367
-2006	404	5722	-481	-859	373
-1788	-44	4959	-91	-1481	552
-1215	-301	3653	368	-1447	597
-747	-933	2486	708	-455	500
-600	-1314	2458	800	741	-85
-1042	-813	3293	667	1233	-754
-1392	-115	3715	523	680	-1010
-1523	286	3516	549	-49	-943
-1281	622	2839	568	-295	-646
-908	677	2570	462	41	-345
-869	516	2913	264	353	-245
-863	323	3302	89	505	-272
-908	81	3772	-43	572	-325
-765	-79	4134	-152	335	-482
-676	-116	4418	-268	4	-636
-667	-157	4675	-330	-410	-826
-819	-4	4333	-268	-931	-905
-691	111	3695	-161	-901	-843
-549	360	3598	-75	-321	-610
-538	479	4075	261	79	-45
-687	224	4530	593	86	128
-1116	-539	4976	647	-157	-177
-1758	-405	4728	697	-474	-328
-2351	-125	4147	871	-480	-137
-2268	187	3423	1184	-144	109
-2215	-21	3441	1174	382	66
-2362	-706	4609	816	477	-488
-2279	-657	5211	547	-112	-861
-693	-141	4038	212	534	-2
-667	-2	3975	246	506	14
-638	140	3921	294	542	80
-632	208	3978	329	572	111
-587	155	4034	328	592	132
-523	94	4072	330	568	114
-526	167	4058	285	412	42
-516	277	3998	193	282	45
-537	371	4019	89	300	125
-680	298	4163	-10	311	128
-879	36	4286	-110	305	-61
-868	-108	4245	-61	285	-319
-654	-97	4267	29	206	-474
-419	-10	4376	105	166	-538
-408	-4	4594	100	119	-744
-279	-61	4820	54	-52	-971
-419	21	4954	21	-319	-1150
-1569	795	4908	-133	-809	-979
-1724	1411	3847	-17	-461	-253
-1199	836	4263	176	531	-96
-1753	10	5084	126	43	-310
-2219	-554	4040	72	-886	-351
-1984	-771	3033	45	-709	-605
-1671	-531	3425	-4	254	-999
-1659	-155	4926	-76	562	-1149
-1480	277	5196	-164	35	-887
-1335	545	4551	-340	-316	-428
-1350	542	4157	-652	-501	-184
-1277	154	3573	-934	-646	-259
-918	-35	2724	-1158	-661	-530
-641	-105	2141	-1149	-182	-594
-673	-186	2113	-907	270	-311
-961	-394	2563	-676	548	-116
-1131	-611	3100	-375	457	-56
-1048	-719	3477	-151	373	-64
-800	-787	3789	15	344	83
-561	-633	4043	113	360	222
-502	-518	4201	157	361	225
-450	-379	4341	178	267	58
-419	-358	4599	127	102	17
-659	-141	4728	55	-173	3
-760	-26	4662	115	-536	237
-429	-426	4194	196	-594	406
-88	-672	4305	15	-160	317
-766	-102	4735	-245	-308	492
-1839	444	4209	-449	-610	938
-3115	364	3144	-711	-718	1001
-3171	117	2379	-999	-68	875
-3098	515	3683	-1047	1010	1217
-2571	288	5950	-756	539	1594
-2148	-435	6677	-417	-461	803
-2034	-986	6232	-166	-1560	464
-1678	-1065	4574	387	-1987	524
-799	-1083	2841	1020	-1356	604
-349	-967	2228	1169	-281	362
-452	-632	2230	780	574	-228
-752	-133	2810	563	802	-451
-909	395	2991	423	452	-490
-651	366	2579	368	-17	-215
-424	180	2187	326	17	-112
-275	160	2329	160	372	-95
-243	289	3056	-117	724	-7
-586	419	4069	-376	771	133
-829	144	5281	-423	280	136
-1231	-160	5992	-278	-896	-137
-1199	214	5418	-120	-2013	-354
-824	616	4270	27	-2253	35
-90	410	3488	399	-1224	351
-41	84	3934	725	264	216
-1031	-25	4979	753	806	-33
-1852	412	4779	1007	920	543
-2314	111	4577	1118	499	400
-2741	-873	3957	924	-3	-623
-2833	-1217	3677	297	-506	-1903
-2550	-398	3733	-36	-297	-1668
-1935	274	4066	-16	63	-925
-1483	653	4590	7	134	-389
-1392	880	4775	13	-11	139
-1407	758	4647	-182	-213	512
-1094	266	4154	-434	-441	498
-892	-251	3470	-752	-455	185
-866	-690	2886	-909	-348	-161
-880	-655	2478	-947	-66	-505
-855	-412	2274	-691	362	-421
-875	-147	2631	-351	995	-7
-1022	-150	3376	-111	1158	248
-1096	-141	3905	-59	770	320
-900	-191	3861	-31	371	468
-824	-355	3974	33	269	549
-647	-296	4117	95	76	625
-634	-140	4322	102	-114	812
-683	-103	4489	109	-393	940
-621	-357	4208	222	-752	1009
-454	-777	3646	276	-612	865
-452	-1144	3830	-177	130	335
-1039	-938	4679	-655	182	2
-1558	-640	4621	-984	-208	-94
-2445	-484	3944	-1189	61	-437
-2551	476	4286	-1067	489	65
-2735	1206	4777	-826	202	681
-2564	1020	4816	-688	-307	1286
-1905	187	4577	-619	-633	1363
-1489	-565	4435	-407	-729	1072
-1230	-1067	4012	-27	-745	668
-1018	-1074	3571	338	-513	255
-1033	-697	3231	662	57	-21
-1147	-376	3376	766	455	-168
-1292	-11	3434	683	277	-354
-1296	189	3274	609	60	-431
-1188	171	3027	536	-35	-521
-992	258	2959	433	86	-666
-981	299	3125	316	276	-666
-982	283	3404	240	366	-595
-938	329	3705	142	375	-498
-842	371	3933	-11	258	-385
-726	382	4057	-197	48	-271
-693	304	4144	-376	-184	-306
-678	303	4096	-456	-511	-313
-651	144	3807	-419	-584	-311
-601	-175	3702	-308	-330	-443
-605	-290	3860	-174	48	-617
-691	-115	4296	-10	314	-389
-768	-97	4840	257	253	-174
-735	-307	5153	576	-137	-261
-845	-476	5341	853	-478	-469
-955	-175	5014	1049	-753	-447
-1240	430	4596	1135	-570	-142
-1568	1101	3987	1134	-294	399
-1837	889	3327	1143	17	672
-1935	-166	2880	958	125	160
-808	146	3787	-154	178	579
-779	67	3717	-106	258	549
-717	126	3640	-43	333	539
-619	457	3883	-43	431	660
-690	410	4172	-67	410	765
-746	261	4123	-77	289	613
-653	267	4087	-103	199	520
-555	209	4106	-140	164	450
-548	171	3976	-121	134	372
-478	293	3882	-90	205	337
-515	389	3978	-93	285	396
-693	260	4123	-120	268	304
-792	232	4230	-155	265	105
-936	377	4312	-213	233	19
-920	398	4352	-175	333	85
-851	403	4582	32	664	116
-531	251	5317	304	638	187
-732	159	5633	501	61	380
-1317	308	5333	247	-789	250
-1760	450	3919	-366	-1121	-286
-1872	1011	3114	-546	-55	-615
-2030	450	3623	-374	415	-419
-2348	-191	4127	-58	162	-586
-2386	-542	4475	125	-86	-235
-1991	-760	4443	129	-347	-31
-1682	-430	4326	-105	-357	-219
-1567	-12	4364	-412	-273	-442
-1472	65	4199	-659	-168	-679
-1150	-34	3944	-953	-45	-839
-1051	-149	3693	-1150	-135	-851
-1042	-214	3344	-1178	-391	-868
-873	-9	2868	-1072	-551	-748
-785	346	2417	-776	-569	-236
-677	269	2172	-447	-144	452
-819	5	2458	-166	386	877
-903	-523	3041	-35	675	949
-832	-805	3849	55	548	788
-750	-787	4200	110	54	516
-715	-662	4150	198	-375	263
-424	-422	3971	257	-559	211
-234	87	4048	178	-364	369
-416	685	4384	227	-378	1032
-594	243	4534	265	-337	1493
-479	-591	4801	-47	-172	981
-778	-759	5619	-591	-398	577
-1922	-147	5486	-848	-1332	602
-2643	-117	3370	-1008	-1375	824
-2869	-243	2079	-1251	-253	651
-2743	418	2981	-1379	1125	816
-2659	906	5454	-949	962	1687
-2705	405	6795	-620	-331	1621
-2153	-769	6240	-340	-1158	1116
-1688	-1409	5065	264	-1817	1077
-1185	-1794	3678	868	-1758	707
-812	-1716	2584	1445	-936	212
-459	-1038	2156	1373	-141	-512
-551	-280	2270	1040	502	-827
-577	347	2521	756	462	-828
-719	736	2540	574	268	-677
-621	586	2448	363	198	-507
-559	383	2706	123	356	-487
-655	299	3320	-126	358	-462
-748	393	4021	-316	18	-438
-717	464	4671	-418	-604	-504
-769	263	4612	-421	-1351	-538
-461	41	3744	-256	-1517	-668
-64	-37	3435	-542	-262	-657
-886	-372	4376	-312	679	-464
-1248	116	4940	274	423	-226
-913	232	4576	624	-101	-242
-528	-161	4318	889	132	-477
-856	-522	4922	1058	300	-731
-1726	-241	4860	1193	-29	-915
-2424	257	3890	1136	-401	-1038
-2347	533	3019	1133	-11	-512
-2132	-116	3489	788	558	-609
-2224	9	4480	390	567	-620
-1955	14	5174	304	208	-479
-1648	368	5305	135	-439	-604
-1424	695	4634	-104	-837	-435
-1065	716	3841	-308	-553	-84
-861	306	3533	-531	-100	67
-818	-323	3225	-750	145	-75
-979	-570	3144	-852	269	-441
-887	-365	2995	-798	288	-586
-804	-97	2920	-704	482	-460
-853	172	3319	-524	623	-180
-844	113	3581	-245	467	213
-791	-88	3615	-177	296	348
-771	-353	3695	-159	204	385
-742	-559	3818	-49	108	398
-726	-503	4009	102	-128	383
-667	-365	4012	164	-398	362
-613	-354	4035	197	-504	348
-575	-587	3949	281	-556	253
-483	-487	3887	315	-285	148
-528	-546	4191	178	284	191
-732	-559	4916	-114	384	-48
-622	-350	5249	-392	-55	-179
-700	74	5131	-603	-486	-59
-975	72	4587	-642	-674	250
-1554	-126	3861	-636	-564	303
-2003	-79	3055	-702	-6	460
-2413	290	3166	-877	601	653
-2427	569	3930	-841	836	970
-2107	396	4890	-686	421	1007
-1844	5	5070	-431	-274	778
-1531	-540	4644	-102	-818	761
-1187	-973	4359	144	-877	505
-1009	-787	3771	374	-688	208
-799	-602	3364	618	-204	99
-849	-245	3431	636	88	-108
-904	63	3361	540	-56	-243
-908	48	3075	475	-128	-254
-803	-54	2873	368	0	-291
-692	-113	2960	264	299	-405
-742	37	3377	154	545	-513
-831	222	3912	70	510	-472
-879	261	4206	-8	245	-469
-791	279	4199	-65	-119	-487
-634	270	4008	-105	-417	-481
-514	197	3763	-186	-572	-516
-451	114	3652	-238	-428	-472
-486	-34	3758	-246	-152	-441
-583	-163	3926	-198	140	-528
-801	-37	4381	-52	315	-386
-783	-83	4728	229	176	-175
-641	-396	4862	472	-15	-336
-790	-757	5047	632	-143	-714
-1099	-756	4808	735	-278	-973
-1670	-509	4542	-107	-1225	1270
-1431	-1346	3702	320	-698	1217
-1160	-1845	3516	856	10	741
-912	-1066	3274	1094	222	150
-847	-178	3149	898	380	-71
-967	394	3254	674	254	-6
-1062	632	3012	615	-330	143
-908	389	2347	491	-718	199
-642	62	1786	260	-618	-49
-463	-65	1852	-34	-81	-156
-558	-111	2689	-163	384	-101
-718	-275	3580	-128	361	-171
-723	-424	4472	-170	48	-577
-814	-349	5188	-204	-546	-986
-907	7	5542	-217	-983	-840
-896	502	5312	-143	-1388	-696
-199	916	4694	293	-1115	-244
158	281	4781	803	-845	-26
-212	-283	4973	911	-786	-75
-1151	-776	4146	812	-499	-162
-2398	-344	3295	905	371	-372
-2777	-386	3280	1190	358	-707
-3066	57	3175	1369	311	-823
-2889	-328	4484	1031	571	-860
-2252	78	5593	475	7	-618
-1490	828	5559	64	-188	-116
-1304	1366	5302	-351	-522	-166
-1233	1660	4897	-675	-752	168
-810	1311	4242	-1091	-774	567
-653	263	3401	-1433	-796	861
-496	-710	2483	-1526	-777	727
-463	-1077	1701	-1466	-674	118
-341	-1000	971	-1183	-198	-266
-233	-527	1028	-728	906	-114
-539	-185	1940	-282	1846	350
-919	-37	3429	59	2114	762
-1055	-240	4717	187	1371	1027
-917	-652	4989	154	234	805
-625	-735	4582	76	-517	360
-404	-851	4355	116	-699	189
-770	-1058	4381	293	-530	-194
-765	-676	4712	425	-146	-289
-478	-927	5033	395	169	-126
-296	-742	5864	-215	198	-414
-531	23	5496	-610	-493	-192
-978	407	4453	-719	-655	274
-2100	348	3432	-803	-639	279
-2734	407	2306	-889	-425	676
-2852	479	2420	-897	663	1211
-2920	246	4680	-671	1426	1640
-2182	-611	6340	-403	507	948
-1710	-724	6491	-59	-178	180
-1508	-678	5834	382	-1120	233
-1085	-843	4257	800	-1369	162
-590	-934	2803	1109	-885	-29
-388	-806	2249	1064	23	-337
-439	-281	2410	792	436	-564
-550	101	2524	616	201	-577
-470	527	2127	534	-179	-455
-410	606	1859	460	-130	-163
-409	418	1952	238	252	-145
-465	340	2651	-117	802	-207
-600	362	3879	-446	1001	-134
-673	86	4804	-443	726	51
-551	-303	5312	-280	74	-381
-969	-238	5422	-288	-803	-841
-799	702	4431	-251	-1284	-588
-140	858	4047	340	-191	294
-70	318	5000	948	526	320
-1199	-84	5721	1214	265	357
-1783	-325	5244	974	-472	-52
-2475	252	3798	1016	-289	-9
-2459	100	3092	1190	578	-212
-2627	-361	3926	972	732	-418
-2667	-1067	4765	550	101	-915
-2394	-580	4936	317	-374	-779
-1791	202	4755	151	-607	-566
-1405	805	4460	-43	-699	-351
-1092	1107	3963	-177	-398	-52
-907	861	3839	-421	44	306
-991	167	3827	-678	69	446
-1066	-593	3446	-928	-146	229
-1080	-930	2859	-1025	-408	-269
-857	-760	2286	-826	-214	-493
-716	-475	2218	-475	367	-330
-705	-371	2677	-176	810	-91
-716	-393	3318	33	877	-14
-618	-316	3800	130	695	-24
-502	-306	4124	139	384	-109
-480	-374	4246	88	-107	-157
-561	-384	4065	39	-548	-133
-615	-142	3958	73	-659	79
-753	-2	3825	271	-502	520
-578	-450	3870	632	-54	1047
-243	-1345	4550	380	715	581
-507	-1404	6008	-297	470	-160
-964	-789	5688	-714	-834	-572
-1280	15	4629	-693	-1277	-305
-1740	-133	3636	-582	-853	-193
-2356	-203	2779	-507	-125	-15
-2725	301	2941	-578	881	44
-2459	401	4515	-477	915	509
-2125	63	5600	-416	110	-117
-1769	-309	5732	-276	-721	-412
-1498	-662	4896	136	-1492	-382
-975	-995	3778	658	-1275	-521
-584	-1346	3143	1060	-434	-868
-548	-1020	3006	1208	299	-1360
-825	-470	3273	1138	580	-1638
-969	131	3160	928	264	-1825
-902	502	2861	817	174	-1606
-823	478	2838	736	202	-1282
-726	368	2883	553	253	-1276
-628	149	3085	378	380	-1264
-608	-59	3496	235	496	-1295
-626	-96	4017	194	358	-1271
-760	31	4258	210	53	-1177
-652	12	4358	267	-173	-1162
-865	-6	4600	249	-479	-1416
-868	343	4338	196	-1063	-1402
-467	739	3809	298	-852	-997
-183	563	4093	553	-24	-487
-410	166	4905	815	76	-543
-907	-396	5250	974	-411	-661
-1202	-741	4942	1118	-537	-1019
-1523	-412	4457	1387	-207	-1027
-1665	-406	3952	1447	-200	-1257
-2156	-1023	3106	1395	-241	-1707
-2286	-1137	3188	981	1	-2731
-2339	-351	4127	692	483	-2555
-744	-61	3830	591	-74	204
-717	135	3552	576	143	249
-760	275	3425	499	272	277
-788	282	3326	405	315	279
-824	232	3373	310	433	301
-819	201	3569	231	538	310
-764	327	3883	175	577	392
-724	429	4197	125	492	502
-657	513	4310	67	267	628
-554	606	4284	-5	51	846
-483	710	4189	-130	-60	1084
-510	526	4152	-277	-67	1257
-583	181	4108	-339	-54	1191
-616	-225	4096	-308	5	955
-563	-416	4339	-242	53	666
-505	-420	4550	-194	-23	478
-387	-123	4637	-179	-95	300
-413	181	4666	-133	-100	204
-679	220	4728	-61	-109	-2
-1295	501	4769	-52	-146	-142
-1692	668	4299	-105	-64	83
-1749	433	4263	-192	333	80
-1746	282	4466	-214	-127	219
-1893	-394	3672	-130	-607	162
-1951	-394	3261	-170	-351	-189
-1819	-41	3874	-157	262	-128
-1614	537	4802	-211	490	160
-1471	741	5316	-374	170	616
-1334	661	5235	-639	-438	838
-1236	397	4382	-1040	-654	691
-924	-141	3647	-1367	-659	412
-679	-243	2962	-1654	-684	29
-638	-115	2265	-1855	-672	-131
-542	-137	1750	-1647	-95	51
-700	-250	2049	-1112	771	590
-1069	-329	2985	-664	1014	983
-1234	-351	3608	-460	448	1109
-1024	-428	3674	-312	19	1071
-805	-547	3850	-130	-87	1019
-637	-550	4206	30	-29	880
-477	-525	4531	23	51	824
-397	-261	4948	-181	97	1028
-717	47	5303	-258	-398	1290
-822	-330	5075	-115	-1088	1429
-540	-1327	4245	-94	-1373	955
-129	-1269	3871	-491	-627	566
-1044	-342	4357	-672	-339	1066
-2695	134	3748	-601	-550	1732
-3678	1012	2956	-790	-170	1509
-2906	1797	3692	-1082	528	1844
-2713	2218	5740	-1093	154	2306
-2590	977	6250	-947	-1075	2569
-1697	-986	5075	-668	-1310	2333
-1175	-1859	4212	-177	-1051	1890
-1182	-1588	3417	454	-656	1348
-1006	-812	2935	835	-80	901
-870	-64	2949	628	258	669
-901	525	2964	372	-48	595
-816	721	2691	120	-459	796
-572	429	2178	14	-698	1008
-448	-106	1818	-72	-202	817
-531	-238	2323	-211	568	497
-673	-73	3375	-305	860	292
-836	233	4269	-356	574	182
-825	518	4546	-353	-54	196
-564	435	4570	-374	-492	311
-454	152	4492	-438	-734	143
-565	-69	4428	-547	-612	-214
-650	-49	4296	-504	-366	-278
-571	420	4368	5	-195	143
-274	384	4785	638	-90	538
-571	-262	4998	999	-304	376
-1518	-555	4599	926	-418	-214
-2797	-257	4105	699	-104	-881
-2712	515	3788	807	35	-478
-2408	749	3959	911	373	337
-2460	313	4990	563	115	496
-2232	160	5009	386	-370	643
-1820	307	4744	159	-529	511
-1453	593	4368	-208	-562	478
-1258	641	3941	-583	-174	603
-1174	345	3786	-887	96	684
-1127	-166	3539	-1089	110	673
-1193	-606	3199	-1185	-44	553
-1082	-639	2773	-1179	-112	294
-934	-233	2523	-1005	74	285
-805	-140	2692	-714	328	685
-766	-73	3149	-434	585	950
-838	-52	3701	-360	449	1131
-805	-142	3835	-282	161	1249
-718	-493	3802	-170	-30	1201
-655	-924	3868	36	-259	844
-557	-877	3798	253	-522	486
-472	-775	3569	347	-494	316
-524	-386	3712	394	-180	320
-412	62	4101	416	204	580
-704	-191	4823	358	381	501
-797	-86	5401	35	64	152
-605	201	5458	-233	-626	337
-616	366	4953	-465	-1045	506
-1013	465	4218	-565	-926	865
-1729	-30	3538	-673	-395	1109
-2206	-457	3152	-786	60	1012
-2365	-107	3008	-871	502	909
-2250	335	3621	-798	817	1221
-1958	-290	4651	-456	634	979
-1514	-750	5051	-132	288	248
-1453	-1075	4843	181	-208	69
-1450	-1241	4672	415	-479	-235
-1274	-1023	4360	595	-715	-597
-783	-482	3723	811	-689	-740
-514	42	3294	831	-414	-829
-462	453	2985	803	-152	-764
-680	499	2899	689	-30	-528
-738	322	2752	497	-21	-381
-798	42	2840	352	212	-407
-793	137	3199	293	374	-416
-766	221	3682	188	484	-392
-802	301	4216	78	428	-382
-769	415	4520	-3	88	-317
-580	286	4291	-36	-314	-247
-446	122	4143	-105	-555	-310
-499	104	3952	-115	-641	-370
-442	-30	3823	-49	-354	-451
-451	-3	3954	41	45	-642
-489	143	4427	232	392	-378
-474	2	5097	398	255	-231
-563	-318	5090	528	-334	-416
-807	-582	4740	602	-591	-713
-1301	-516	4355	631	-438	-1123
-991	500	2778	361	386	-151
-1127	162	3173	258	760	-179
-1284	-60	3797	242	875	-243
-1357	-33	4272	198	622	-357
-1156	24	4313	210	261	-331
-924	240	4198	153	119	-301
-845	329	4196	23	-66	-275
-839	405	3949	-100	-270	-327
-778	350	3709	-177	-297	-273
-755	220	3584	-215	-265	-245
-627	146	3580	-246	-156	-237
-608	86	3632	-257	-11	-270
-765	244	3777	-200	50	-201
-718	352	3852	-204	13	-58
-759	212	3976	-241	142	3
-777	-45	4209	-288	155	-160
-579	-453	4413	-360	34	-325
-705	-577	4576	-456	-259	-551
-1207	-81	4429	-492	-604	-415
-1862	702	4082	-388	-331	3
-2526	1794	4201	-115	675	534
-2425	2912	4227	293	996	1955
-2145	1563	4248	316	826	2830
-2285	-174	4663	-286	-225	1879
-2489	-662	4583	-811	-572	1094
-1951	-109	4769	-1059	-687	840
-1628	853	4568	-1155	-537	1034
-1520	1364	4352	-1297	-340	1572
-1250	1214	4150	-1500	-187	2247
-1442	345	4098	-1751	-227	2502
-1558	-469	3843	-2105	-588	2082
-1242	-446	3325	-2295	-955	1566
-761	-51	2596	-2256	-929	1536
-590	183	2246	-2006	-454	1980
-739	41	2543	-1731	179	2516
-1111	-402	3057	-1505	266	2767
-1207	-803	3275	-1271	122	2594
-1117	-904	3441	-1085	-129	2257
-897	-756	3285	-863	-341	2025
-765	-571	3167	-625	-341	1951
-744	-721	3566	-470	51	1875
-924	-630	4592	-532	218	1832
-1041	-475	5350	-524	-249	1811
-879	-410	5318	-469	-747	1839
-552	-405	4806	-520	-1144	1902
-693	-195	4002	-846	-1108	2061
-2003	305	3550	-1085	-1110	2431
-2924	1070	2745	-1405	-801	2933
-2897	1191	2748	-1726	281	3288
-3470	1028	4940	-1484	854	3518
-3126	194	6614	-1024	-377	3653
-1884	-962	5937	-483	-1064	3049
-1521	-1273	5121	-76	-1305	2668
-1511	-426	4045	243	-1013	2439
-1052	-127	3075	561	-318	2528
-660	57	2866	542	275	2439
-707	128	2838	163	505	2145
-867	301	2777	-174	291	1884
-867	225	2407	-275	-28	1913
-803	11	1925	-327	-4	1725
-812	-302	2030	-356	424	1544
-892	-422	2812	-420	711	1394
-1025	-302	3821	-571	639	1220
-961	175	4526	-699	146	1104
-756	549	4686	-736	-409	1160
-697	631	4802	-716	-651	1059
-712	249	4887	-649	-814	958
-663	-12	4632	-490	-879	926
-570	62	4350	-217	-607	1166
-403	-45	4484	130	-256	1185
-235	244	4592	342	22	1056
-614	-67	4839	501	185	979
-1484	-98	4926	465	75	395
-2768	209	4361	349	-216	10
-2885	850	3543	417	-451	397
-2437	740	2739	552	59	1094
-2535	126	4280	144	464	1189
-2534	-73	5255	-150	-126	1420
-2012	60	4795	-307	-571	1285
-1805	765	4473	-585	-478	1224
-1628	872	4313	-833	-205	1415
-1249	630	3930	-1197	26	1500
-1215	-277	3708	-1380	55	1474
-1168	-885	3305	-1520	-163	1042
-1130	-962	2840	-1525	-303	593
-1049	-658	2467	-1344	-341	446
-722	-400	2133	-962	-269	661
-594	-223	2022	-481	278	1003
-788	-204	2750	-140	855	1184
-946	-341	3663	-65	648	1198
-919	-544	3973	-93	168	951
-789	-684	4135	-65	-298	713
-651	-707	4170	90	-714	626
-554	-548	4000	204	-777	600
-634	-250	4086	199	-516	620
-632	-165	4117	405	-405	737
-541	-595	4364	154	294	379
-585	-447	5496	-527	427	-134
-1025	-230	5703	-897	-255	-135
-1360	290	5078	-1006	-887	80
-2186	456	3942	-915	-699	773
-2853	266	3218	-962	-131	1138
-2686	617	3159	-1076	438	1311
-2365	489	4297	-870	573	1673
-2121	-181	5202	-616	18	1019
-1803	-756	5101	-292	-657	585
-1744	-769	4606	164	-1035	594
-1388	-755	3800	655	-950	765
-908	-833	3184	996	-482	551
-694	-590	2991	1062	92	130
-771	-159	3080	899	182	-122
-826	172	3018	731	111	-162
-838	438	2799	569	-32	-70
-734	379	2634	436	101	99
-841	114	2845	293	315	54
-819	59	3167	117	329	-31
-734	105	3493	-43	386	-55
-691	264	3996	-143	331	-54
-603	328	4353	-179	-42	-53
-433	167	4496	-219	-380	-172
-535	-108	4628	-334	-682	-500
-674	-78	4175	-246	-854	-492
-605	-205	3683	-93	-430	-498
-642	-43	4016	197	361	-288
-616	-284	4770	690	385	-121
-989	-656	5066	927	94	-495
-1869	-538	4968	873	-217	-817
-2716	460	4557	902	-208	-852
-2632	1065	3708	1072	-81	-382
-2322	796	3056	1209	203	55
-2201	-533	4254	170	991	1374
-1979	-1242	5504	43	638	431
-1759	-929	5644	173	-304	-234
-1465	-483	4815	567	-1046	-249
-1055	-94	3732	874	-912	-68
-683	302	3113	973	-267	68
-694	463	2882	886	59	75
-785	548	2634	722	91	73
-815	415	2501	442	167	212
-910	114	2670	194	321	165
-943	-28	3054	82	373	67
-963	95	3508	-2	224	-65
-793	378	3771	-74	-72	-85
-474	583	3830	-146	-277	49
-423	464	3948	-181	-287	62
-483	229	4162	-221	-328	-132
-644	-17	4235	-296	-456	-329
-742	105	4219	-423	-327	-308
-803	630	4304	-388	-151	-14
-449	558	4806	163	268	537
-480	-247	5412	644	468	484
-1485	-778	5955	713	-54	-45
-2359	-742	5000	727	-525	-448
-2347	-134	3586	786	-891	-779
-2157	10	2330	921	-388	-881
-2132	-211	3202	611	247	-1293
-2605	-172	4740	370	317	-1247
-1793	294	5307	342	-2	-877
-1460	1103	4924	160	-281	-504
-1373	1525	4925	-249	-25	-101
-1263	1140	4895	-631	-292	122
-863	140	3981	-1072	-708	-69
-601	-707	2870	-1373	-852	-543
-703	-857	2065	-1465	-702	-1002
-635	-631	1374	-1194	-305	-1035
-434	-241	1272	-657	607	-755
-541	51	2269	27	1324	-357
-896	32	3633	490	1167	27
-955	-111	4401	446	224	10
-699	-130	4421	287	-397	-84
-482	-61	4503	182	-455	178
-424	16	4901	196	-654	584
-770	-135	4698	286	-977	733
-836	-999	4339	513	-939	483
41	-1434	4125	155	-290	-18
-515	-779	5391	-618	53	-228
-1472	199	4574	-811	-776	160
-2284	12	2974	-712	-579	179
-2803	680	2332	-732	301	290
-3332	934	3621	-641	1404	1095
-3241	780	5954	-541	852	1328
-2286	351	6777	-446	-623	1251
-1696	-523	6320	-197	-1085	1197
-1381	-1016	5574	322	-1563	745
-959	-702	3956	853	-1407	431
-465	-822	2625	1201	-710	299
-219	-526	2128	1072	479	-67
-490	-235	2419	668	1093	-540
-786	208	2607	439	776	-774
-686	563	2372	388	221	-583
-467	480	1948	341	51	-325
-431	336	2192	212	352	-288
-571	357	2952	8	432	-205
-729	381	3688	-305	416	-178
-556	517	4483	-456	160	22
-707	475	5185	-436	-440	59
-780	177	5145	-309	-847	-199
-783	186	4748	-235	-942	-328
-208	11	4216	275	-572	5
-120	-209	4247	727	-32	-162
-559	-589	4387	835	387	-534
-1442	-273	4798	815	867	-837
-2553	458	5194	1039	593	-529
-2787	384	4244	1351	-319	-610
-2489	364	2926	1245	-432	-567
-2292	-249	3728	647	228	-743
-2034	-76	4920	278	229	-334
-1639	-206	5245	134	-46	-247
-1431	404	5204	-14	-506	-411
-1097	1085	4489	-131	-677	-338
-585	1247	3754	-346	-439	59
-436	367	3317	-641	-124	271
-715	-537	3056	-863	-144	-148
-846	-693	2477	-1025	-164	-750
-807	-449	2023	-903	243	-856
-643	-302	2191	-475	756	-570
-591	-251	2810	-64	920	-257
-532	-425	3471	137	939	-135
-617	-462	4061	122	711	-197
-736	-315	4297	36	392	-220
-673	-130	4539	-51	-33	-28
-523	-40	4575	-139	-551	158
-606	-363	4469	-75	-758	333
-620	-1052	4450	-13	-393	195
-369	-1697	4993	-363	135	-26
-778	-1242	5517	-859	-262	-361
-1496	-315	4747	-1012	-593	78
-2842	-499	3617	-1010	-587	-465
-2470	876	3020	-930	108	-510
-2636	1811	3738	-789	633	336
-2624	1937	4820	-687	371	1140
-2200	818	5349	-676	-315	1409
-1535	-761	5295	-377	-842	1283
-1295	-1424	4820	11	-977	548
-1238	-1073	4117	544	-788	249
-898	-477	3288	922	-405	-1
-613	54	2970	830	155	-250
-699	344	3011	555	420	-511
-832	570	3072	369	291	-461
-839	416	2818	254	-33	-361
-688	57	2489	154	-68	-397
-600	-198	2612	94	194	-482
-591	-121	3068	46	346	-505
-706	-19	3660	-41	319	-514
-676	206	4067	-82	-14	-533
-457	472	4084	-115	-278	-446
-303	554	4227	-165	-298	-386
-508	330	4527	-235	-406	-373
-606	137	4352	-132	-652	-269
-358	58	3997	19	-439	-302
-276	474	4552	310	225	167
-312	337	5293	586	226	396
-830	-243	5748	798	-99	194
-1259	-261	5152	914	-368	-195
-1591	205	4456	1028	-237	-118
-1953	554	3770	1041	-168	39
-2192	179	3109	947	-100	49
-2238	-332	3352	551	136	-350
-2301	-208	4414	365	316	-157
-1851	273	4812	229	-32	45
-1948	-1240	5982	-21	-154	1774
-1932	-1135	6131	398	-1165	651
-1404	-1392	4896	643	-1984	780
-918	-1411	3433	1077	-1590	1220
-650	-1286	2519	1445	-618	983
-579	-554	2457	1377	521	457
-1013	-101	3127	1138	988	157
-1024	375	3267	936	541	39
-987	424	2950	761	-42	252
-699	36	2310	564	-207	292
-515	-209	2181	390	136	122
-480	-268	2583	312	470	-19
-558	-281	3254	235	589	-147
-635	-344	3910	210	431	-426
-512	-347	4375	200	56	-787
-650	-298	4675	88	-265	-1029
-909	30	4972	-104	-484	-1186
-478	785	4618	-44	-885	-862
296	1290	4753	413	-150	-72
-525	809	5559	738	-21	288
-1721	163	5479	655	-391	432
-2250	60	4404	947	-89	751
-2403	-289	3477	1317	-64	781
-2432	-882	3487	1276	-219	234
-2915	-1557	4294	726	-393	-837
-2626	-838	5179	477	-402	-1326
-1870	787	5183	311	-397	-1028
-1508	1752	5017	-25	-117	-265
-1563	1863	4941	-426	-19	386
-1275	1105	4549	-947	1	693
-976	-217	3843	-1431	-263	593
-556	-862	2919	-1726	-503	90
-604	-794	2192	-1785	-697	-456
-248	-493	1296	-1446	-438	-511
-74	-231	1109	-932	515	-179
-211	-71	1728	-481	1434	477
-559	-292	2842	-187	1480	959
-831	-419	3524	-71	622	1024
-945	-268	3582	-5	-229	1077
-610	-304	3627	164	-535	1267
-365	-833	4254	341	-111	1069
-664	-1588	5393	520	195	535
-724	-2108	6101	751	-493	-190
70	-1078	5495	464	-997	-773
-846	-176	5851	-176	-908	-695
-1690	1077	4817	-498	-1124	-403
-2605	824	3077	-758	-489	427
-3116	474	2214	-1051	211	748
-2721	620	3302	-832	1250	1321
-2593	-243	5911	-499	1020	1229
-1847	-1403	6801	-32	32	16
-1561	-1778	6332	428	-929	-556
-1125	-1331	4791	976	-1474	-635
-942	-1004	3378	1394	-1141	-775
-419	-669	2462	1497	-427	-938
-300	-205	2278	1229	429	-1213
-533	548	2539	1064	726	-1414
-727	936	2569	909	476	-1190
-648	849	2296	744	71	-820
-409	432	2093	494	25	-597
-489	115	2455	211	216	-630
-565	81	3035	-39	198	-658
-571	352	3551	-151	-47	-461
-511	287	3891	-32	-119	-213
-546	168	4444	-67	-65	-488
-753	250	4925	-230	189	-898
-987	712	5601	-354	70	-654
-423	470	5473	64	-200	1
-323	-173	4926	654	-326	-55
-909	-739	4544	779	-109	-378
-1513	-239	4121	931	342	-305
-2535	77	4188	1195	688	-213
-2870	7	4142	1236	593	-554
-2908	-195	4883	831	-9	-682
-2549	101	4974	429	-553	-343
-1754	326	4909	246	-329	-4
-1577	820	4996	-13	-699	114
-1244	1097	4311	-322	-763	405
-738	1072	3531	-768	-424	599
-639	311	3172	-1072	12	694
-737	-536	2811	-1267	153	543
-915	-1098	2501	-1307	174	-41
-913	-1065	2121	-1218	235	-517
-789	-476	2069	-840	713	-356
-895	16	2760	-397	1062	163
-853	145	3396	-63	932	478
-743	108	3916	44	686	592
-682	-33	3998	6	313	686
-519	-175	3976	-56	213	662
-439	-191	4391	-25	170	777
-717	-308	4714	35	-161	854
-905	-583	4617	70	-463	703
-353	-1002	4493	14	-488	667
-209	-1616	4604	-254	-175	119
-488	-947	4738	-602	-286	-385
-828	54	4438	-744	-479	54
-2220	-206	3715	-796	-453	37
-2762	326	3083	-1015	289	-84
-3196	710	3995	-1064	1163	246
-3120	716	5431	-956	711	437
-2041	512	5668	-788	-444	610
-1614	21	5173	-465	-907	747
-1505	-682	4986	-49	-1158	692
-1301	-538	4180	375	-1403	404
-871	-329	3055	705	-816	491
-535	-332	2702	848	67	485
-607	-226	2899	731	679	231
-976	-4	3203	480	640	-63
-1159	-98	3161	415	358	-200
-1144	-156	3034	414	80	-343
-892	-121	2892	378	-98	-395
-672	53	2901	282	-10	-392
-583	433	3238	127	82	-341
-565	642	3646	-59	80	-165
-629	606	3968	-232	-11	-104
-672	412	4251	-282	-239	-211
-574	89	4309	-274	-630	-356
-403	-212	3966	-268	-666	-542
-253	-225	3952	-238	-59	-682
-667	418	4687	86	489	-150
-554	610	5352	568	310	224
-614	167	5508	945	-126	132
-979	-356	5287	1067	-691	-217
-1161	-228	4610	927	-812	-407
-1788	175	3779	870	-476	-431
-2260	524	3042	966	160	-396
-2638	376	3178	900	549	-28
-2471	-405	3814	654	519	-222
-2247	-681	5010	402	349	-190
-1788	-281	5330	262	-275	-286
-2630	544	4806	-525	-209	1876
-1894	-1163	4809	-208	-191	1125
-1613	-1926	5060	173	-254	225
-1549	-1603	4659	702	-380	-78
-1123	-1044	3758	1197	-536	-451
-698	-218	3171	1341	-290	-519
-612	307	2885	1061	-347	-507
-508	708	2549	795	-346	-449
-500	860	2093	596	-436	-192
-198	686	1565	294	-148	89
-185	471	1786	2	599	197
-353	494	2615	-199	1010	223
-512	615	3629	-374	990	447
-672	442	4314	-405	473	695
-790	-229	4665	-290	-69	557
-707	-624	4919	-302	-568	-93
-740	-412	4831	-320	-851	-386
-654	498	4844	-317	-793	-240
-362	1105	4758	-46	-322	309
-496	585	5486	771	44	574
-1535	-39	5497	1015	-78	395
-1983	-41	4590	1029	-1	430
-2013	254	3856	1260	132	810
-1995	-399	2983	1582	370	568
-2207	-1227	3782	980	128	-937
-2819	-1228	4266	279	-436	-1684
-1983	126	4586	169	-122	-1317
-1287	1057	4847	32	-30	-596
-1347	1536	5037	-257	56	8
-1145	1470	4821	-523	56	472
-860	679	4391	-827	-321	500
-492	-202	3567	-1114	-811	125
-277	-932	2474	-1282	-983	-446
-170	-802	1415	-1336	-842	-952
-93	-259	930	-991	62	-629
-140	175	1568	-331	1350	140
-412	435	2867	217	1691	767
-491	261	4122	555	1258	1161
-514	-177	4507	460	232	922
-368	-2	4452	272	-136	528
-514	155	4730	194	-416	712
-1094	-493	4569	232	-896	822
-1235	-1624	3807	504	-808	510
-625	-1305	4672	499	196	626
-367	-187	5907	80	-41	728
-1867	561	6200	-436	-615	724
-2979	-672	4135	-721	-837	-113
-2480	-343	2276	-1055	420	-101
-2266	626	3344	-1175	1876	557
-2436	1433	5643	-732	1173	1362
-2781	884	6188	-382	-649	1244
-2169	-559	5408	-267	-1380	694
-1844	-1271	4353	-4	-1617	-73
-1333	-1389	3300	291	-867	-666
-1179	-1185	3120	754	104	-885
-1205	-536	3378	1011	488	-1180
-1036	425	3499	939	543	-1329
-1136	821	3625	765	334	-1068
-1002	604	3203	584	-34	-1037
-769	399	2806	403	-145	-1122
-533	224	2578	294	121	-1145
-618	180	2914	152	534	-1166
-775	310	3691	-31	589	-1115
-738	290	4161	-188	78	-1013
-707	498	4329	-346	-655	-994
-657	568	4085	-450	-1210	-802
-694	622	3415	-451	-1277	-779
-461	360	3143	-330	-594	-685
-577	362	3744	-277	39	-544
-699	519	4452	-147	6	-136
-435	362	4712	130	-219	135
-835	-315	5383	407	-391	64
-1500	-59	5107	799	-578	-118
-1274	617	4668	1361	-532	416
-1514	450	3803	1510	-435	658
-2015	-802	3374	1208	-43	4
-2440	-1273	3815	648	-265	-1320
-2152	-169	4106	271	-375	-1326
-1350	818	4237	-19	8	-644
-1033	1482	4731	-321	141	165
-1238	1766	5080	-545	-198	1115
-1416	1196	4450	-718	-658	1659
-979	130	3682	-1038	-702	1452
-487	-680	3095	-1214	-493	1078
-303	-944	2837	-1221	-280	701
-349	-529	2742	-1011	-23	515
-437	166	2844	-682	375	843
-403	442	3195	-551	590	1310
-448	375	3623	-494	629	1714
-573	117	4075	-409	553	1907
-646	47	4339	-346	244	1907
-375	-19	4331	-306	-189	2067
-263	-27	4253	-237	-419	2116
-348	-46	4181	-208	-503	2101
-303	-72	4114	-256	-620	2273
-269	-280	4020	-229	-645	2597
-308	-669	3937	-269	-636	2640
-338	-1001	3748	-505	-377	2507
-489	-1238	4063	-849	50	2155
-842	-1213	4625	-1152	84	1828
-1639	-1045	5022	-1279	-431	1678
-1851	-396	4521	-1422	-373	1831
-1623	248	5176	-1535	80	2330
-1749	1393	5427	-1695	-415	2333
-1621	2488	4172	-1680	-936	2962
-1769	1844	3123	-1352	-624	4131
-1857	422	3226	-1189	325	4551
-1983	-798	3885	-1028	950	4305
-2117	-1038	4085	-935	842	3877
-1876	-206	3714	-770	529	3432
-1660	841	3579	-664	465	3514
-1709	1434	3653	-756	235	3876
-1569	1615	3403	-846	67	4437
-1475	1076	3233	-995	64	5041
-1411	282	3145	-1281	189	5138
-1572	-167	3625	-1484	430	5100
-1733	-251	4256	-1605	147	4957
-1692	195	4385	-1765	-335	4867
-1933	654	4213	-1848	-630	5055
-2203	769	3832	-1859	-835	5269
-2345	796	3518	-1812	-810	5538
-2622	1042	3381	-1774	-692	5819
-2765	873	3553	-1729	-410	6130
-2624	17	4005	-1615	-433	6063
-2219	-769	3975	-1426	-618	5611
-1933	-1139	3676	-1324	-820	5084
-1742	-1226	3284	-1206	-834	4527
-1598	-1079	3055	-947	-581	4032
-1392	-547	3307	-536	-21	3729
-1837	-35	3887	-136	-27	3787
-614	-364	4559	177	-420	-23
-645	-129	4164	275	-385	-127
-634	156	3800	376	-136	-114
-699	380	3746	422	117	36
-761	454	3666	441	167	236
-870	370	3589	382	226	381
-902	317	3587	284	242	451
-800	330	3600	186	279	510
-810	315	3804	134	377	563
-805	269	4110	106	370	617
-803	208	4316	70	220	648
-739	52	4318	62	63	592
-716	-52	4298	67	10	468
-775	-92	4305	104	-33	325
-784	-151	4320	170	-71	164
-587	-27	4553	143	-97	60
-617	23	4946	78	-174	-39
-569	221	5185	77	-421	-93
-783	244	5080	134	-572	-154
-1170	381	4821	271	-399	-226
-1420	328	4535	298	-347	-9
-1658	97	4243	76	-542	-124
-1875	-218	3551	67	-452	-280
-1889	-553	2967	165	-221	-602
-1924	-548	2845	203	359	-977
-1884	-254	3787	208	922	-1015
-1760	126	4770	83	645	-883
-1551	292	4729	-57	14	-647
-1276	262	4088	-310	-172	-742
-955	5	3474	-626	-128	-924
-873	-175	3235	-904	-12	-1240
-693	-148	2775	-981	-118	-1319
-604	86	2430	-851	74	-1032
-658	1	2456	-528	419	-544
-746	-278	2919	-364	610	-506
-856	-459	3342	-167	503	-458
-972	-646	3620	-18	332	-390
-993	-722	3919	114	203	-363
-886	-611	4265	236	-18	-335
-796	-149	4668	331	-174	-97
-504	258	5006	324	-106	319
-518	493	5702	178	-120	641
-711	86	5960	24	-670	803
-545	-925	5337	-175	-1262	548
-279	-1261	4573	-387	-1505	105
-595	-658	3726	-528	-1476	32
-1550	-196	2688	-549	-406	518
-3174	-528	2364	-643	744	284
-3507	285	3292	-903	1087	136
-3148	1192	5004	-834	917	942
-3226	1450	6698	-540	-559	1420
-2490	439	6217	-297	-1346	1674
-1731	-1277	5183	25	-1646	1394
-1084	-2003	4162	558	-1068	893
-702	-2022	3476	1139	-386	290
-746	-1336	2976	1474	-245	-309
-518	-342	2391	1310	-257	-762
-422	373	1782	1153	-151	-756
-490	744	1378	988	-54	-518
-432	780	1143	724	239	-252
-463	531	1461	338	700	-109
-761	375	2284	-54	1048	-142
-837	307	3448	-328	1124	3
-923	-47	5110	-575	712	-117
-865	-196	6295	-587	-219	-701
-941	-224	6428	-407	-1271	-846
-1046	-72	5011	-254	-2066	-824
-564	164	3472	-151	-1795	-588
394	-317	3411	633	-78	-498
150	-605	4444	962	879	-684
-1152	-896	5059	1021	267	-829
-2421	-360	4200	998	-576	-1340
-3520	58	3375	982	-623	-1973
-3081	1724	2964	1075	32	-1628
-2550	1425	4128	1088	962	21
-2622	302	5768	725	189	622
-2170	-426	5560	451	-396	747
-2036	-147	5267	-18	-883	-188
-1540	389	4093	-516	-859	-723
-707	687	3397	-916	-250	-696
-714	511	3288	-1033	278	-304
-999	-186	3147	-1003	370	47
-1263	-612	3038	-965	186	-259
-1100	-525	2630	-948	-43	-514
-824	-140	2345	-680	247	-188
-760	-30	2738	-286	633	319
-688	28	3247	-8	645	620
-752	-60	3629	61	564	808
-729	-305	3860	13	273	841
-608	-561	3934	16	14	759
-696	-588	4193	69	-192	671
-759	-493	4320	96	-529	531
-776	-479	4101	223	-780	515
-410	-575	3797	282	-522	523
-117	-823	4091	-9	268	324
-121	-244	4943	-408	209	252
-896	524	4907	-721	-439	625
-2108	191	4146	-736	-791	943
-2956	-102	3037	-983	-172	243
-2943	-33	3198	-1077	1166	454
-3182	-309	5081	-933	1482	245
-2425	16	6073	-763	363	202
-2007	219	6032	-560	-823	163
-1984	-44	5323	-250	-1578	367
-1521	-232	4442	106	-1885	443
-899	-380	3035	493	-1392	633
-573	-598	2433	718	-209	466
-654	-460	2719	746	781	32
-1157	-230	3462	554	949	-445
-1404	-179	3674	448	287	-702
-1265	-127	3237	408	-284	-784
-895	-53	2833	401	-357	-836
-680	169	2700	400	-173	-834
-650	426	2937	295	160	-717
-738	535	3441	103	264	-557
-738	597	3831	-120	178	-425
-679	594	4127	-265	-5	-210
-578	428	4305	-355	-178	-173
-653	180	4429	-349	-583	-292
-550	-116	3996	-280	-867	-442
-379	-394	3693	-188	-444	-615
-421	-218	4032	109	230	-470
-505	60	4826	489	400	-175
-814	93	5426	792	119	-26
-1164	-263	5648	910	-531	-303
-1460	-87	4915	900	-867	-433
-1840	442	4135	857	-730	-332
-1959	518	3254	963	-221	45
-2117	-80	2785	879	-20	-107
-2006	-801	2957	589	356	-628
-2492	1400	2314	-801	-374	1173
-2403	1644	1910	-790	215	2111
-2203	452	3018	-646	1322	2362
-1845	-1265	4765	-372	1706	1416
-1654	-2327	5821	-65	987	82
-1683	-2228	5560	295	-216	-849
-1341	-1444	4497	775	-975	-1192
-865	-459	3325	1058	-1078	-1326
-575	601	2682	1141	-911	-1190
-419	1282	2086	1000	-662	-900
-357	1417	1536	739	-128	-339
-386	890	1569	372	755	139
-538	336	2226	42	1457	206
-781	11	3262	-155	1600	208
-927	-232	4149	-203	1174	48
-1046	-119	4632	-256	427	-183
-688	179	4669	-310	-50	-113
-637	297	4878	-358	-248	-141
-658	268	5120	-342	-275	-178
-693	41	5216	-300	-479	-229
-416	355	4608	-52	-515	-94
-71	-104	4652	334	-3	291
-1194	-695	5122	504	129	49
-2217	-71	4667	613	148	-18
-2776	560	4107	965	167	406
-2670	-31	3174	1304	85	218
-2866	-843	3809	966	308	-872
-2878	-912	5144	473	-70	-1421
-2071	-58	5191	152	-436	-1072
-1478	962	4598	-181	-483	-971
-1067	1848	4216	-522	-33	-519
-1022	1819	4192	-840	346	174
-1075	968	4067	-1225	80	408
-969	-141	3397	-1362	-530	302
-717	-907	2366	-1413	-1000	-196
-567	-1204	1441	-1471	-1080	-702
-247	-823	825	-1024	-467	-901
-30	-392	997	-305	650	-350
-328	-163	1974	339	1436	161
-665	-245	3203	720	1450	407
-1106	-665	4305	716	1075	162
-1251	-215	5319	446	578	15
-877	-97	6334	109	-110	256
-928	-372	6332	-15	-1026	181
-554	-1081	5210	91	-1550	-160
-173	-897	4471	-195	-945	-425
-1295	229	4355	-559	-386	103
-2928	-97	3590	-709	35	571
-3161	247	3115	-1367	981	94
-3401	1481	4448	-1544	1401	1181
-3768	1808	6743	-981	-11	2240
-2717	224	6621	-388	-1320	2193
-1611	-1749	5572	165	-1816	1543
-1154	-2022	4262	792	-1695	988
-1038	-1632	3111	1298	-936	181
-600	-1014	2545	1566	-239	-339
-500	-449	2268	1243	100	-694
-357	254	1945	759	136	-1023
-323	987	1743	437	319	-912
-571	1175	1714	377	325	-332
-548	564	1503	160	492	-31
-648	317	2087	-139	1028	-43
-740	309	3161	-397	1059	55
-811	205	4361	-665	729	58
-698	-90	5278	-701	-13	-318
-636	43	5498	-679	-920	-696
-649	-13	4500	-529	-1485	-603
-610	518	3649	-598	-918	-314
-295	569	4231	-20	398	449
-211	208	5766	826	864	876
-1395	-515	6194	1181	-201	774
-1716	-953	4853	1200	-1110	-12
-2322	-224	3140	1306	-562	-327
-2658	345	2876	1450	612	-323
-3143	240	3926	1258	1168	7
-3315	-288	5818	786	475	-323
-2556	9	5737	392	-777	-278
-1753	430	4826	87	-1100	-337
-1532	809	4146	-333	-921	-317
-1067	1206	3673	-761	-290	-170
-866	855	3552	-1011	145	212
-856	179	3400	-1127	170	278
-1011	-484	3046	-1195	-163	64
-964	-645	2403	-1194	-430	-266
-694	-309	1966	-1051	-128	-296
-519	64	1967	-663	433	174
-496	158	2475	-319	778	577
-376	-73	3029	-1	886	848
-508	-291	3672	185	757	891
-605	-542	4070	262	510	799
-691	-566	4474	198	133	702
-781	-459	4570	79	-406	637
-1021	-679	4295	150	-608	551
-682	-955	4185	188	-152	328
-504	-1219	4787	36	397	81
-755	-919	5514	-456	125	-237
-1483	-303	5348	-837	-452	-201
-2206	-397	4239	-947	-493	-392
-2614	100	3323	-1035	58	-481
-2691	1257	3452	-986	771	334
-2811	1515	4772	-672	654	1495
-2617	1000	5425	-404	-234	1823
-1962	-351	5258	-148	-871	1580
-1724	-1271	4813	234	-1204	1044
-1284	-1547	4098	604	-1046	357
-1117	-1187	3431	966	-723	-204
-855	-688	2917	1089	-262	-587
-813	-65	2887	863	263	-833
-961	416	3012	668	311	-898
-1086	542	2900	588	145	-781
-1060	440	2680	491	209	-627
-991	267	2788	337	414	-609
-875	106	3129	228	499	-602
-971	69	3665	211	405	-602
-983	102	3984	109	64	-665
-770	124	4054	-11	-171	-722
-654	81	4271	-180	-435	-893
-585	264	4242	-311	-760	-928
-491	393	4002	-272	-848	-680
-553	473	3711	-148	-737	-510
-429	725	3519	152	-287	-1
-100	390	3728	441	340	284
-260	-110	4362	645	693	217
-1254	-804	5557	715	400	-209
-1808	-385	5545	848	-401	-471
-2283	178	4699	1072	-815	-395
-2215	540	3352	1363	-457	-132
-2083	-63	3043	1386	224	-219
-2327	-741	3593	1030	305	-943
-2376	-609	4414	652	237	-1128
-1662	173	2897	-290	184	1932
-1679	-253	3262	-271	541	1866
-1593	-586	3907	-76	703	1463
-1518	-429	4546	30	426	912
-1363	-162	4505	128	-74	573
-1321	35	4173	220	-284	456
-1204	156	3726	327	-284	572
-801	120	3285	425	-33	742
-766	-50	3147	477	309	828
-894	-185	3202	474	538	822
-1060	-144	3306	408	561	692
-1206	162	3550	295	465	598
-1232	158	3662	273	518	519
-1104	135	3999	256	578	357
-964	437	4419	187	318	433
-1032	489	4774	57	-94	570
-905	132	5055	-163	-292	473
-512	20	5341	-407	-571	226
-315	399	5309	-448	-1092	371
-307	331	4667	-285	-1514	587
-85	202	3926	-96	-1577	498
27	113	3239	-149	-1089	411
-1000	-31	3036	-424	-122	151
-2452	14	3254	-102	983	32
-2291	-724	3931	662	1071	53
-2665	-1862	4369	878	114	-737
-2938	-1729	4374	786	-468	-1471
-2153	-360	4589	629	-609	-1545
-1245	1386	4493	341	-460	-984
-633	2397	4297	-142	-58	-324
-967	2249	4467	-712	354	133
-1224	849	4255	-1269	253	201
-1011	-268	3739	-1555	-154	141
-648	-849	2722	-1621	-619	-92
-495	-1066	1720	-1535	-348	-486
-418	-850	1470	-1113	458	-615
-380	-435	1727	-604	1130	-354
-599	-204	2529	-120	1524	-4
-895	-461	3497	144	1352	49
-1068	-855	4232	323	979	-133
-1158	-708	5188	326	639	-314
-1092	-130	6020	221	-9	86
-839	124	6358	17	-690	328
-579	-84	5794	-91	-1430	468
-93	-1044	4483	-88	-1742	295
232	-1138	3449	-252	-1228	-37
-308	-134	3093	-278	-328	365
-2646	-719	2725	-171	467	1115
-4411	-957	2932	-517	1370	108
-4178	984	4867	-936	2041	384
-3823	1684	8050	-810	306	1300
-3109	1327	7570	-567	-1705	1285
-2467	-395	5625	-150	-2535	1496
-1338	-1649	3920	516	-2091	1255
-804	-1824	2777	1044	-1185	781
-610	-1443	2118	1436	-354	410
-653	-699	1904	1338	276	-27
-580	86	1790	977	449	-458
-733	730	1912	709	463	-438
-805	822	1984	523	403	-149
-756	425	2085	281	440	-191
-716	85	2558	-67	692	-435
-784	78	3363	-356	668	-601
-826	13	4054	-518	313	-641
-702	28	4560	-461	-167	-754
-705	135	4873	-411	-671	-926
-839	246	4400	-211	-1248	-798
-566	260	3827	-166	-937	-555
-498	332	3909	173	-256	-287
-267	194	4469	777	21	-47
-1292	-294	4830	1013	-139	-136
-2305	-206	4246	901	-631	-669
-3272	471	2975	1368	369	-51
-2881	517	3740	1589	1513	156
-3159	-809	5822	1043	1187	19
-3123	-890	6811	578	-790	-403
-2424	40	5307	269	-1687	-504
-1679	905	4235	-96	-1478	-467
-1062	973	3640	-364	-575	-307
-1012	706	3659	-565	272	12
-1189	120	3848	-679	473	226
-1420	-556	3752	-728	8	142
-1317	-819	3015	-873	-462	-219
-1084	-487	2281	-923	-477	-434
-761	-201	1930	-709	64	-185
-712	13	2271	-374	697	158
-885	97	2965	-103	1024	501
-893	121	3647	18	857	762
-783	-90	3951	78	365	940
-642	-370	3953	100	-143	794
-546	-450	3835	96	-513	739
-515	-503	3762	117	-519	677
-735	-574	3837	166	-385	572
-798	-492	4007	238	-134	545
-630	-729	4249	264	190	609
-316	-704	5090	-161	279	298
-718	-296	5272	-547	-355	142
-1314	-53	4820	-687	-730	213
-2049	-405	3647	-702	-519	53
-3085	-304	3012	-794	456	175
-3072	-130	3826	-902	1320	23
-2520	501	5123	-747	693	234
-2201	819	5549	-533	-488	348
-1880	701	5203	-324	-1048	572
-1710	-46	4807	-33	-1354	700
-1173	-698	3864	299	-1162	582
-935	-1176	3305	606	-560	271
-758	-1343	3015	733	8	-330
-1056	-584	3220	666	231	-1022
-1321	44	3302	604	68	-1073
-1300	268	3238	600	-200	-890
-1044	357	2954	602	-375	-755
-738	296	2623	497	-253	-761
-657	365	2800	332	195	-719
-808	272	3430	153	452	-657
-806	191	3969	-19	325	-634
-653	154	4247	-122	95	-673
-594	-59	4528	-85	-358	-864
-498	-194	4290	50	-982	-1051
-331	-194	3521	144	-1043	-1062
-116	146	2910	164	-295	-1102
-433	462	3706	255	933	-571
-723	419	4929	537	829	-292
-1046	176	5347	752	216	-271
-1504	-110	5452	896	-476	-390
-1734	360	4740	1179	-567	22
-1918	549	3947	1273	-208	407
-2321	170	3613	1142	81	367
-2325	-597	3653	729	32	-510
-2332	-751	4090	404	206	-1008
-402	-1082	1768	-980	-475	-814
-380	-442	1479	-665	216	-904
-571	161	1999	-294	1113	-460
-904	389	3020	-31	1389	95
-1089	302	3821	79	1039	359
-1056	99	4106	127	545	508
-766	-55	4113	146	286	549
-501	-210	4200	156	142	437
-508	-159	4241	111	-79	270
-601	-74	4268	33	-219	288
-819	-97	4254	-7	-238	339
-1190	-551	4327	52	-217	272
-883	-1370	4352	177	-203	-120
-324	-1043	5056	24	190	-130
-286	-520	5733	-265	-28	257
-647	239	5714	-597	-298	585
-1210	454	4918	-805	-240	1090
-2277	-15	3851	-807	-475	1070
-2669	5	2781	-923	-276	1070
-3043	497	2231	-1204	367	1278
-2946	650	3452	-890	1031	1941
-2783	-57	5288	-572	808	1600
-2084	-851	5818	-279	224	921
-1896	-1286	6057	59	-668	350
-1510	-1238	5258	577	-1562	-199
-1099	-816	3819	972	-1769	-448
-624	-410	2640	1158	-1446	-412
-255	110	2179	1024	-697	-298
-274	429	2074	764	-355	-165
-296	677	1930	443	-69	-39
-418	655	2077	129	452	111
-598	329	2694	-90	886	129
-790	57	3440	-313	1061	-26
-861	-44	4173	-465	743	-133
-680	39	4574	-557	152	-122
-577	120	4580	-442	-350	93
-458	-80	4417	-238	-713	107
-655	-69	4110	-223	-1051	-242
-856	297	3397	-273	-920	-165
-739	809	3164	-172	-145	333
-330	535	4032	404	881	875
-602	-222	5319	757	853	599
-1274	-853	5947	772	213	77
-1548	-1144	6140	800	-296	-569
-1700	-237	5177	1179	-707	-709
-1568	229	3875	1505	-953	-623
-1965	-304	2331	1763	-793	-975
-2491	-1390	1757	1451	-244	-2326
-2437	-1173	3105	755	535	-2985
-2254	886	4751	434	1122	-1971
-1626	2044	6183	92	863	-603
-1144	2367	5987	-384	5	-50
-1188	1754	5718	-615	-693	424
-1005	559	4685	-1024	-1256	472
-498	-653	3353	-1268	-1352	157
-294	-1226	2321	-1296	-1167	-444
-237	-949	1469	-1117	-669	-986
-137	-294	1045	-770	202	-1091
-209	277	1230	-420	1324	-661
-557	432	2142	-134	2185	-70
-894	161	3486	29	2398	417
-1330	-330	4801	140	1862	542
-1273	-622	5396	113	959	286
-1053	-446	5211	-87	-38	30
-683	-91	4513	-281	-628	126
-454	17	4293	-284	-816	554
-477	-155	4281	-116	-886	876
-685	-832	3852	68	-715	851
-717	-1638	3521	91	-61	492
-471	-1791	4084	-282	806	238
-751	-1071	5112	-792	786	165
-1156	2	5280	-1212	572	416
-2304	48	4699	-1477	122	151
-2624	1144	3820	-1482	-190	242
-2691	1706	3446	-1238	14	1188
-2889	1494	4359	-959	235	1898
-2512	559	4692	-611	-463	2123
-1791	-616	4455	-368	-650	1720
-1682	-804	4565	-140	-630	1165
-1850	-393	4537	63	-717	757
-1687	-117	3885	236	-756	659
-1218	48	3183	355	-452	669
-901	399	2886	267	178	857
-1071	574	3025	58	585	1094
-1303	633	3117	-57	507	1264
-1204	586	3051	-149	461	1498
-1201	378	3191	-285	533	1599
-1128	212	3454	-377	487	1624
-1029	91	3623	-456	307	1520
-918	118	3800	-624	122	1341
-771	134	3829	-768	-100	1156
-711	282	3833	-909	-249	953
-682	441	3853	-1006	-306	903
-684	255	3985	-958	-407	799
-781	-31	3901	-790	-527	637
-795	-469	3805	-614	-480	401
-907	-321	3908	-439	-281	243
-770	20	4152	-99	12	682
-562	45	4845	368	263	803
-1013	0	5699	753	101	784
-1448	-168	5618	887	-529	410
-1749	472	4905	939	-863	123
-1831	1072	3860	1152	-458	794
-1797	952	3419	1172	-33	1219
-2002	-92	3424	776	-341	774
-2252	-718	3182	310	-577	170
-2264	-545	3188	-42	-212	-152
-2010	184	3968	-291	168	-54
-1695	1050	4592	-518	-26	484
-1407	1612	4737	-685	-320	1526
-1443	1130	4620	-793	-550	2314
-1370	383	4154	-1004	-711	2414
-1203	-306	3633	-1250	-700	2151
-1102	-617	3229	-1336	-590	1794
-1040	-742	2892	-1221	-514	1472
-1028	-599	2754	-1027	-244	1212
-1022	-420	2770	-801	54	1273
-1008	-281	2937	-633	338	1549
-1004	-442	3296	-536	528	1659
-983	-350	3750	-476	572	1549
-985	-231	4127	-427	430	1474
-960	-130	4171	-375	228	1400
-808	-172	4127	-325	36	1385
-654	-372	3966	-227	-79	1273
-588	-603	3883	-109	-114	1035
-582	-810	3753	-100	-22	711
-659	-731	3897	-211	133	530
-777	-484	4257	-221	113	657
-890	-561	4481	-94	20	798
-748	-459	4555	25	17	817
-525	144	4107	16	262	847
-535	126	4149	-32	263	740
-539	112	4212	-60	256	666
-554	107	4134	-37	208	521
-556	128	4026	-19	241	371
-706	53	4091	19	271	187
-779	13	4173	8	292	-5
-670	96	4443	-55	313	-156
-592	195	4715	-84	236	-291
-455	138	4918	-70	56	-418
-414	-25	4962	-14	-211	-647
-476	-52	4938	59	-538	-838
-1029	253	4642	183	-735	-814
-1572	606	4149	371	-410	-490
-1676	517	4235	285	-175	-397
-1764	106	4239	228	-275	-472
-1916	-319	3771	334	-696	-652
-2260	-640	3072	423	-886	-1104
-2218	-257	2898	375	-367	-1436
-2023	366	3839	214	265	-1265
-1672	926	4739	-14	72	-878
-1414	1086	4798	-228	-265	-273
-1210	818	4588	-512	-550	113
-1147	169	4248	-793	-717	37
-1141	-222	3852	-992	-755	-227
-967	-437	3238	-1160	-784	-489
-712	-371	2688	-1101	-561	-586
-467	-98	2225	-887	-178	-436
-601	81	2424	-578	552	-113
-881	139	2991	-412	848	209
-1032	-53	3546	-401	732	295
-1005	-343	3881	-385	344	307
-802	-537	3935	-329	19	226
-599	-560	3756	-230	-134	144
-517	-515	3652	-117	-123	44
-454	-366	3773	42	-46	103
-442	-252	4045	148	-58	279
-480	-282	4280	170	-140	390
-734	-253	4449	147	-206	418
-954	-538	4397	245	-267	472
-636	-963	4440	203	-29	292
-239	-812	5225	-64	160	185
-415	-597	5752	-440	-18	-53
-883	-212	5812	-752	-182	69
-1332	-180	5220	-849	-331	285
-1999	-133	4003	-755	-720	343
-1966	407	2438	-914	-570	505
-2341	1347	1951	-925	84	1246
-2656	931	3015	-472	861	2175
-2572	-763	4736	-134	1176	1993
-2037	-2116	6114	-4	736	670
-2046	-2187	6306	351	-441	-224
-1740	-1827	5548	913	-1509	-1041
-1329	-965	4368	1315	-2007	-1473
-667	86	3108	1533	-1907	-1101
-222	643	2078	1391	-1329	-733
-143	872	1580	1170	-614	-257
-29	802	1372	779	124	146
-180	454	1755	345	970	238
-487	202	2525	42	1342	67
-767	-20	3283	-179	1390	-159
-763	58	3811	-330	982	-356
-630	447	4085	-544	714	-338
-754	475	4547	-557	325	-42
-847	100	4771	-438	-134	-105
-979	-313	4682	-272	-620	-574
-757	-194	4062	-205	-742	-830
-384	74	3928	-94	-96	-654
-444	551	4228	124	403	-197
-435	405	4817	576	725	92
-710	-150	5578	883	261	-96
-989	-317	5348	1144	-270	-346
-1324	-540	4457	1315	-443	-619
-1711	59	3891	1202	-184	-933
-2121	702	3622	1005	-57	-725
-2246	855	3183	803	307	-250
-2274	-114	4275	378	333	-453
-2379	-409	4754	110	-143	-567
-2072	-537	4713	22	-353	-538
-1568	224	4564	-94	-348	-577
-1331	859	4322	-219	-310	-34
-1141	734	3856	-310	-69	293
-945	-55	3629	-574	128	55
-1117	-520	3450	-815	42	-380
-1137	-430	3086	-980	-194	-696
-888	-66	2635	-956	-142	-638
-640	142	2531	-715	153	-246
-649	147	2997	-351	487	113
-768	224	3428	-150	382	474
-825	45	3607	-112	324	807
-895	-334	3874	-79	88	915
-808	-578	3883	-14	-192	731
-715	-515	3786	47	-392	469
-649	-374	3873	143	-364	472
-589	-440	4170	247	-315	534
-702	-515	4220	359	-151	565
-852	-618	4559	279	158	563
-744	-789	4949	51	76	290
-396	-480	4963	-317	-100	116
-198	-90	4721	-631	-231	153
-604	-15	4453	-817	-247	198
-1267	-142	3934	-718	-282	321
-2227	126	3437	-573	-179	640
-3068	-102	3090	-737	333	834
-2828	-81	3478	-996	955	401
-2521	284	4833	-974	828	324
-2082	490	5688	-770	-24	395
-1814	0	5509	-454	-791	437
-1618	-747	5140	11	-1441	216
-1004	-907	3989	476	-1714	-19
-691	-1023	2879	787	-1336	-129
-450	-832	2500	886	-484	-390
-532	-278	2631	748	-32	-689
-729	128	2873	570	181	-757
-843	357	3083	446	193	-610
-878	347	3302	325	190	-537
-910	215	3518	237	146	-493
-852	57	3664	133	78	-540
-747	-30	3800	30	99	-604
-633	-57	4081	3	6	-667
-611	52	4121	46	-255	-709
-571	44	4090	108	-466	-735
-503	-23	3986	134	-687	-853
-463	70	3697	101	-735	-886
-387	35	3338	60	-357	-906
-363	226	3619	106	409	-844
-545	408	4478	370	893	-452
-649	265	5205	702	664	-400
-850	-78	5505	971	176	-532
-1014	-350	5380	1091	-304	-767
-1686	-1266	5328	908	-251	-1766
-1517	-1171	4642	1297	-872	-2138
-1141	-745	3446	1580	-941	-2298
-788	63	2842	1557	-551	-2268
-672	602	2645	1494	-194	-2086
-1002	695	2619	1364	-10	-1973
-915	485	2406	1153	2	-1874
-704	334	2422	839	279	-1889
-717	177	2792	601	514	-1793
-710	167	3305	453	681	-1607
-748	129	4054	415	584	-1423
-736	223	4548	455	104	-1252
-749	400	4525	466	-429	-1137
-636	324	4519	449	-774	-1156
-796	216	4557	311	-1020	-1219
-659	272	4140	147	-1162	-1352
-63	1064	3674	122	-634	-973
230	604	4380	393	765	-594
-548	-380	5726	767	798	-730
-1423	-1081	5996	953	-146	-1155
-2300	-986	5313	1100	-710	-1426
-2377	-124	4124	1330	-918	-1591
-2733	-294	2834	1697	-675	-1589
-2768	-1029	2682	1472	-364	-2720
-2657	-724	3439	1003	357	-2856
-2269	376	4698	738	741	-2633
-1681	1399	5528	253	570	-2252
-1323	1920	5289	-184	5	-1654
-1214	1531	4825	-444	-412	-767
-1015	610	4227	-714	-693	-445
-776	-242	3440	-919	-899	-635
-390	-671	2375	-990	-1007	-1056
-278	-673	1606	-897	-478	-1396
-350	-444	1389	-574	334	-1395
-467	-182	1735	-244	987	-1253
-539	3	2348	33	1469	-985
-741	-81	3205	197	1623	-660
-865	-349	3997	289	1335	-602
-857	-251	4512	227	812	-639
-765	172	4895	176	235	-278
-676	226	5324	230	-319	298
-766	51	5391	294	-865	461
-976	-817	4812	506	-1144	486
25	-1710	4001	167	-675	-42
362	-1533	4730	-483	318	-313
-869	18	5328	-964	224	-308
-2017	583	4533	-945	26	367
-3301	189	3149	-880	44	-149
-3534	542	2807	-1029	804	176
-3544	391	4194	-958	1464	698
-3019	162	6267	-638	495	800
-2328	-809	6017	-275	-768	138
-1903	-1303	5167	100	-1159	-500
-1738	-952	4559	585	-1018	-563
-1428	-595	3880	1004	-1185	-613
-912	-313	2857	1200	-1080	-545
-677	42	2129	1013	-806	-846
-564	533	1874	752	-263	-942
-713	470	2018	600	150	-724
-788	-37	2137	436	355	-646
-728	-357	2540	240	565	-886
-717	-226	3339	57	536	-1128
-738	162	3958	-86	7	-1065
-630	580	4108	-191	-688	-779
-466	743	3847	-204	-1064	-503
-258	466	3602	-182	-978	-457
-370	196	3456	-186	-646	-773
-469	563	3300	-357	12	-845
-941	1228	3897	-524	659	-266
-902	1172	4652	-225	917	480
-647	423	5686	317	803	577
-804	-234	5861	645	-53	339
-1360	-912	5337	692	-627	85
-1692	-437	4265	943	-295	-156
-2363	155	3787	1155	-14	9
-2720	-126	3420	1167	494	-178
-2475	-661	3909	749	190	-825
-2296	-581	4303	432	44	-826
-2005	-164	4668	197	-73	-503
-1663	548	4704	-23	-184	-406
-1372	1206	4499	-293	-278	13
-1204	1335	4230	-542	-124	406
-995	824	4010	-942	-166	544
-835	16	3570	-1245	-407	428
-803	-544	2916	-1377	-507	93
-670	-478	2284	-1305	-355	-176
-610	-374	2155	-960	243	21
-548	-364	2503	-528	878	303
-682	-309	3169	-200	1086	524
-769	-324	3823	-26	941	590
-868	-395	4303	48	500	543
-802	-529	4449	86	-32	445
-679	-508	4292	149	-485	371
-619	-424	4061	204	-789	426
-550	-460	3672	346	-684	509
-431	-325	3521	440	-28	617
-635	-656	4067	359	643	660
-757	-822	4955	9	584	110
-575	-192	5180	-356	49	101
-991	388	4915	-661	-364	222
-1586	541	4319	-793	-464	448
-2350	286	3544	-739	-426	784
-3110	-163	3030	-860	421	885
-2967	-510	3759	-1008	1106	710
-2641	-150	5072	-879	781	485
-2090	138	5622	-508	-239	398
-1860	178	5408	-119	-897	316
-1844	-214	5174	150	-1536	335
-1437	-614	4111	422	-1912	209
-955	-781	3027	623	-1515	12
-602	-707	2498	687	-717	-242
-480	-225	2528	555	31	-515
-807	84	2848	386	390	-602
-1100	255	3086	283	377	-527
-1035	153	3273	197	170	-466
-870	89	3257	202	2	-456
-779	17	3260	215	3	-469
-701	-13	3341	134	163	-546
-674	44	3705	-76	356	-653
-735	68	4051	-208	263	-720
-678	163	4218	-270	37	-709
-598	128	4305	-258	-234	-700
-659	175	4225	-228	-439	-747
-748	97	3939	-124	-529	-689
-622	149	3659	-69	-318	-693
-592	356	3787	44	144	-331
-296	-1	4390	384	642	-109
-315	-505	5392	727	566	-334
-543	-1126	5752	966	-226	-819
-949	-875	5021	1140	-760	-1367
-1135	-525	2768	-1655	-447	2837
-1062	-679	2375	-1511	-247	2603
-1022	-464	2322	-1332	125	2445
-978	-70	2788	-1063	567	2552
-961	-29	3587	-852	726	2718
-947	-139	4095	-767	391	2630
-742	-370	3978	-743	-25	2459
-600	-782	3764	-729	-90	2129
-515	-992	3849	-626	5	1787
-522	-1089	4201	-540	-168	1506
-603	-1038	4373	-533	-529	1295
-802	-862	4365	-558	-669	1149
-839	-771	4260	-659	-749	919
-835	-325	3957	-835	-860	895
-1522	190	4131	-781	-1086	1199
-2508	1089	4556	-577	-965	2138
-2440	1219	4118	-592	-239	2748
-2163	1178	4114	-890	368	3347
-2332	929	4373	-1074	378	3704
-2518	-224	5024	-995	-69	3401
-1729	-1581	4891	-603	-363	2359
-1134	-1807	4611	32	-246	1415
-1170	-803	3977	688	-170	1196
-1351	121	3674	1048	-73	1320
-1054	661	3408	1024	-135	1450
-820	750	2950	806	-393	1539
-509	453	2337	592	-363	1403
-325	104	2126	382	271	1169
-478	-61	2659	164	766	877
-687	38	3208	-24	933	631
-911	341	3717	-130	833	473
-922	580	4129	-204	557	511
-798	741	4225	-273	148	656
-607	743	4067	-331	-159	837
-518	585	3955	-393	-316	1003
-363	261	3786	-423	-345	1020
-411	105	3803	-419	-136	907
-595	76	4067	-346	90	1033
-801	-211	4456	-175	351	995
-636	-341	4935	113	340	930
-446	-411	5278	376	258	806
-658	-307	5765	495	-140	386
-1292	289	5583	509	-436	116
-1382	902	4928	600	-57	-10
-1593	1332	4774	505	-127	376
-1885	932	3816	322	-700	618
-1795	-151	2490	358	-766	374
-1985	-1309	2181	126	-194	-607
-2598	-1198	3043	-70	962	-1280
-2654	93	5304	-121	1521	-981
-2241	1153	6076	-272	481	-159
-1358	1732	5544	-457	-288	602
-1221	1468	4867	-844	-717	925
-1115	416	3871	-1392	-841	681
-697	-461	3033	-1682	-675	236
-352	-1022	2355	-1738	-566	-341
-251	-816	1707	-1528	-417	-732
-264	-281	1322	-1062	68	-499
-351	41	1330	-509	675	58
-387	-169	1913	45	1521	553
-838	-539	3453	386	1918	626
-1026	-826	4931	598	1253	561
-765	-1018	5289	503	158	59
-479	-674	5173	306	-537	-212
-517	-442	4991	137	-968	-186
-715	-161	4504	87	-985	-43
-783	-692	4567	200	-565	71
-527	-1336	4919	26	-220	-233
-567	-1055	5070	-372	-463	-381
-1448	-207	4572	-679	-511	92
-2515	-327	3706	-916	-572	121
-3223	218	2680	-1268	-90	-181
-3412	902	3116	-1230	986	150
-2893	867	5675	-691	732	680
-2325	255	6490	-147	-842	472
-1962	-525	6176	186	-1620	501
-1720	-692	4987	595	-2156	619
-1255	-485	3399	883	-1781	705
-674	-760	2419	1021	-798	429
-423	-673	2041	859	179	-277
-490	-27	2388	550	983	-674
-992	297	3043	358	1140	-545
-1224	284	3126	435	624	-246
-1171	-18	2901	471	342	-228
-912	-223	2872	426	270	-301
-848	-354	3184	253	279	-464
-774	-363	3540	78	81	-623
-615	-74	3662	-39	-158	-785
-630	125	3815	-30	-272	-823
-533	147	4034	-16	-339	-956
-742	59	4116	9	-324	-1037
-823	118	4339	-87	-167	-1060
-864	751	4391	51	-304	-591
-261	553	4443	514	-20	-76
-155	-179	4912	874	103	-228
-815	-709	5229	970	-125	-511
-1829	-421	4828	970	-602	-530
-2387	484	3879	1232	-418	-159
-2536	835	3177	1537	421	116
-2903	453	3509	1494	726	107
-2625	-494	4370	895	603	-431
-2591	-891	5500	410	103	-761
-1979	-125	5643	41	-644	-964
-1535	813	4815	-250	-1174	-918
-966	1448	3935	-489	-1023	-439
-795	1205	3470	-702	-624	252
-942	252	3269	-845	-290	652
-847	-500	2885	-893	-129	608
-859	-731	2565	-862	-4	362
-755	-723	2370	-771	266	97
-739	-426	2536	-542	579	42
-857	-213	3032	-246	801	231
-827	-100	3527	-57	780	378
-806	-148	4023	80	615	538
-753	-412	4317	178	289	443
-567	-498	4144	181	-229	210
-500	-400	3818	160	-395	166
-473	-381	3697	191	-327	220
-434	-435	3715	261	-173	224
-554	-301	3820	197	51	243
-804	-271	3922	95	183	342
-1068	-781	4300	14	354	261
-814	-1065	4918	-254	384	-86
-649	-619	5494	-577	266	-26
-820	-258	5706	-991	-50	139
-1571	-327	5277	-1141	-582	-91
-1788	-411	4135	-1031	-775	-46
-1930	-174	3343	-957	-298	10
-2241	808	3030	-954	292	481
-2259	1224	3342	-736	325	1224
-2954	1525	4019	-638	781	1858
-3259	1184	5189	-365	93	2333
-2577	-131	5786	-303	-509	2038
-1916	-1299	5095	-254	-1031	1521
-1539	-1940	4375	193	-886	959
-1246	-1641	3782	754	-570	279
-1054	-762	3410	1037	-231	-43
-924	0	3108	981	-135	-128
-875	363	2774	818	-116	-66
-922	673	2496	690	-185	87
-831	441	2138	531	-181	252
-797	116	2091	266	119	32
-782	-11	2494	22	370	-205
-778	-7	3002	-158	441	-357
-757	136	3649	-241	237	-445
-614	370	3959	-274	-256	-390
-467	588	4223	-331	-535	-310
-653	741	4503	-346	-876	-82
-741	701	4511	-371	-904	206
-702	514	4401	-316	-621	408
-327	-30	4598	311	-85	663
-526	-905	4859	746	214	243
-1594	-1446	5302	727	153	-522
-2696	-998	4797	887	91	-936
-2788	-168	4079	1287	-482	-1046
-2476	29	3076	1611	-684	-1019
-2048	-308	3327	1263	-533	-1299
-2080	-84	4180	802	-160	-1223
-1799	640	4592	480	414	-795
-1569	1034	5241	81	456	-821
-1334	1288	5162	-106	-87	-503
-1205	915	4656	-430	-274	-220
-1058	92	3990	-860	-578	-326
-780	-632	2938	-1234	-722	-764
-677	-573	2004	-1426	-548	-1324
-573	-99	1403	-1253	8	-1401
-526	196	1587	-756	821	-837
-667	257	2317	-219	1441	-206
-894	309	3315	115	1615	351
-920	-17	3951	95	1134	631
-828	-277	4138	-22	538	624
-697	-277	4233	-88	96	611
-500	-769	4679	-128	-177	440
-485	-1188	5143	-133	-532	-67
-487	-1452	5222	-156	-861	-370
-237	-1433	4850	-208	-1147	-852
-510	-324	4688	-297	-917	-578
-1907	365	4111	-208	-362	694
-3245	125	3488	-447	551	756
-3409	896	3596	-939	1097	507
-3277	1846	5530	-825	1010	1432
-3208	1491	6850	-612	-453	1640
-2329	-536	6215	-463	-1450	1453
-1597	-1843	4714	10	-1604	921
-1330	-1674	3805	753	-959	640
-1062	-982	2993	1243	-324	290
-807	-246	2570	1327	118	21
-648	344	2101	1060	103	-176
-582	828	1803	680	172	-168
-655	736	1628	349	404	133
-728	310	1677	73	602	221
-703	-99	2121	-151	769	92
-809	-346	2838	-261	640	-194
-807	-442	3519	-324	461	-491
-630	-339	4176	-440	17	-777
-461	-66	4474	-547	-322	-900
-434	328	4687	-490	-585	-860
-523	281	4416	-346	-618	-828
-692	729	4362	-415	-148	-782
-470	605	4521	24	270	-272
-658	-31	5301	825	389	-180
-1799	-969	5515	1081	-122	-396
-2075	-573	4630	1232	-226	-722
-2775	404	3521	1553	29	-228
-2439	576	3151	1515	843	-265
-2478	-346	4498	881	686	-580
-2858	31	5409	405	-280	-731
-2200	431	4979	77	-721	-348
-1666	744	4721	-288	-674	-254
-1415	797	4267	-463	-319	11
-1165	792	3937	-617	105	299
-1252	93	3923	-725	209	433
-1354	-846	3598	-892	-130	123
-1232	-1102	2977	-996	-545	-599
-985	-819	2135	-973	-614	-987
-604	-442	1606	-739	7	-918
-614	-147	2098	-282	1031	-554
-727	74	3075	104	1363	-173
-866	334	3900	312	1237	253
-882	300	4468	295	722	639
-715	9	4511	207	-7	866
-603	-241	4153	112	-630	844
-458	-199	3922	24	-827	751
-629	-316	3671	77	-808	838
-743	-726	3505	281	-576	818
-487	-929	3527	156	225	522
-336	-670	4715	-369	747	474
-1264	-324	5834	-953	249	338
-2431	-26	5484	-1310	-519	77
-3239	-409	4097	-1341	-612	-203
-3005	215	3158	-1225	96	-71
-2686	922	4058	-968	726	655
-2449	1076	5117	-567	-47	1330
-2196	282	4973	-371	-694	1392
-2026	-733	4699	-186	-754	1089
-1837	-1164	4403	97	-809	758
-1528	-1247	3873	459	-505	389
-1268	-973	3487	819	-327	-52
-1061	-360	3232	870	-160	-403
-1102	227	3113	776	-124	-468
-1108	442	2856	679	-274	-317
-1041	285	2549	551	-272	-189
-800	63	2393	313	-65	-360
-725	14	2724	60	348	-638
-759	9	3408	-109	513	-719
-745	38	3922	-203	182	-751
-576	305	4036	-272	-235	-640
-410	380	4138	-316	-442	-537
-449	150	4249	-206	-847	-621
-484	91	3885	-174	-999	-690
-429	-132	3678	-108	-569	-642
-446	176	3878	126	119	-432
-415	488	4605	451	508	78
-488	274	5270	753	317	105
-997	-302	5638	947	-187	-137
-1171	-479	5100	1031	-629	-528
-1588	-11	4315	1043	-489	-480
-2287	381	3563	1011	-181	-454
-2382	483	2947	1012	146	-221
-2328	-203	3057	793	313	-397
-1187	125	2459	523	-98	529
-1120	-141	2412	444	25	403
-1113	-336	2680	352	243	87
-1191	-194	3288	290	274	-149
-1131	46	3668	181	81	-242
-981	280	3936	25	-35	-289
-889	338	4150	-53	-155	-342
-840	175	4310	-94	-306	-485
-731	63	4268	-140	-496	-546
-698	146	4060	-171	-591	-491
-662	296	3876	-145	-517	-318
-697	233	3685	-47	-189	-201
-816	132	3797	61	219	-146
-753	-40	4144	193	359	-70
-524	-351	4387	382	306	-238
-474	-756	4618	524	162	-753
-754	-624	4755	718	36	-1070
-1250	-423	5084	811	-198	-1143
-1834	401	4684	923	-300	-980
-1771	1556	4161	936	-238	-386
-1736	1502	3257	1009	-80	468
-1919	240	3165	763	105	257
-2509	-679	3718	282	-90	-632
-2384	-681	4323	94	302	-619
-2094	-283	5245	46	335	-494
-1830	636	5314	-39	-149	-282
-1303	1411	4773	-205	-473	164
-1140	1140	4275	-521	-382	570
-1150	32	3737	-950	-260	400
-927	-713	3184	-1231	-302	-255
-664	-898	2388	-1237	-343	-842
-438	-639	1714	-1069	-101	-1166
-478	-38	1617	-774	561	-1008
-579	236	2037	-309	1227	-334
-978	122	3055	-82	1495	96
-1199	-323	3976	76	982	125
-907	-685	4032	184	391	-83
-744	-559	4074	239	231	-275
-708	-222	4342	244	193	-184
-594	-72	4866	163	-9	61
-513	44	5266	39	-165	171
-501	208	5408	66	-212	478
-579	-665	5327	100	-396	584
-221	-1036	5032	-116	-453	242
-310	-666	4830	-311	-681	355
-1371	-6	4303	-530	-766	514
-2712	-236	3244	-683	-563	460
-3593	-366	2569	-862	126	129
-3635	435	3223	-935	1064	72
-3040	1019	5207	-663	790	769
-2541	752	6247	-301	-722	1019
-2028	-209	5570	-83	-1285	941
-1681	-1163	4820	219	-1443	778
-1232	-1572	3833	646	-1128	380
-905	-1446	3034	1051	-469	14
-742	-784	2811	1244	105	-359
-888	-33	2857	1129	205	-559
-957	448	2684	980	-1	-577
-913	604	2373	928	-235	-315
-650	267	1934	719	-263	-210
-452	11	1955	364	137	-507
-405	166	2436	62	490	-632
-422	424	3154	-167	549	-536
-653	454	3633	-276	255	-488
-720	284	3862	-299	118	-602
-766	90	4158	-388	125	-660
-962	-181	4603	-500	248	-802
-1048	303	4882	-612	-53	-587
-385	499	4996	-223	110	-107
-217	-132	5816	462	161	-99
-1057	-800	6014	879	-512	-273
-1611	-1065	5246	1038	-972	-718
-2241	328	3698	1138	-719	-865
-2632	1060	2895	1538	550	-347
-2447	875	3329	1592	1056	-87
-2732	-171	4416	910	386	-432
-2725	-433	5306	378	-316	-480
-1753	-10	5155	42	-740	-493
-1426	792	4685	-304	-995	-292
-1199	1312	3997	-558	-677	174
-1064	1220	3564	-781	-221	646
-1122	513	3483	-1031	-91	812
-1096	-476	3111	-1174	-275	656
-1012	-900	2601	-1317	-477	47
-677	-771	1992	-1288	-285	-347
-578	-411	1975	-830	356	-95
-591	-132	2300	-358	827	294
-690	44	2771	-31	1217	594
-816	-72	3610	111	1302	761
-923	-235	4381	93	945	777
-938	-458	4767	7	338	624
-725	-202	4673	-44	-204	663
-660	-26	4554	-18	-569	910
-953	-435	4244	136	-733	991
-755	-1099	3806	254	-598	717
-108	-1490	3901	-26	267	228
-257	-515	5125	-603	472	159
-1831	143	5417	-885	-451	539
-2545	-186	4008	-995	-856	-104
-2526	609	3088	-1093	130	51
-2924	530	3933	-989	1006	584
-3046	586	5401	-736	584	875
-2295	365	5655	-605	-432	888
-2038	-280	5139	-410	-952	774
-1895	-757	4470	-55	-1035	531
-1570	-824	3974	288	-820	331
-1151	-650	3311	555	-590	4
-969	-187	3060	668	-59	-137
-950	197	3106	590	106	-262
-1141	218	3151	459	-55	-340
-1053	145	2749	307	-380	-469
-830	-98	2395	342	-154	-472
-808	-69	2524	287	143	-565
-797	134	3070	105	232	-667
-773	391	3588	-4	169	-587
-765	422	3872	-23	-107	-469
-652	487	3912	-58	-386	-345
-465	603	3704	-69	-455	-102
-394	393	3870	-35	-220	102
-601	31	4142	-63	-192	-13
-655	-207	4264	-96	-204	-262
-595	-128	4304	-67	-144	-440
-555	221	4616	155	132	-308
-484	242	4982	541	125	-171
-804	-248	5517	838	-30	-325
-1519	-195	5208	964	-611	-573
-1753	470	4404	1093	-602	-207
-1763	930	3555	1172	-366	305
-1858	468	2822	1059	142	351
-1967	-474	3348	594	237	-357
-2360	-260	5070	35	-141	1371
-1956	-874	4765	99	-806	903
-1471	-942	3914	410	-888	347
-1363	-509	3761	677	-449	195
-1271	-128	3624	831	-418	192
-1114	1	3058	905	-628	196
-1016	95	2527	801	-598	130
-907	129	2191	598	-446	-6
-905	-43	2126	423	2	-208
-1049	-133	2544	333	352	-488
-1054	-41	3086	260	411	-715
-1020	124	3412	205	173	-794
-935	273	3523	95	-92	-792
-793	468	3727	-65	-140	-644
-645	672	4228	-268	-263	-490
-561	858	4594	-426	-636	-258
-550	764	4530	-450	-904	-57
-497	347	4136	-345	-941	-63
-337	326	3706	-152	-669	-74
-113	430	3882	182	216	326
-230	-17	4705	464	768	398
-872	-485	5502	540	367	78
-2017	-428	5345	472	-409	-365
-2391	458	3919	673	-474	-436
-2205	753	3115	953	39	-283
-2333	651	2813	1091	339	-87
-2315	-141	3690	739	428	-252
-2758	-808	4812	288	-81	-500
-1987	-267	4945	185	-254	-237
-1485	929	4876	-136	-317	-110
-1229	1416	4606	-456	123	-44
-1011	1188	4520	-809	360	46
-860	350	4073	-1185	102	137
-808	-325	3453	-1316	-215	33
-668	-560	2537	-1364	-517	-343
-608	-322	1833	-1270	-15	-588
-539	167	1701	-724	472	-131
-504	262	2127	-117	794	702
-530	-79	2888	347	922	1065
-718	-599	3766	498	661	902
-900	-381	4283	467	271	645
-859	-126	4855	385	-243	1058
-834	16	5103	203	-715	1093
-849	-87	4719	136	-845	1057
-696	-620	4523	141	-709	1015
-741	-921	4924	-51	-505	853
-1516	-582	5164	-374	-833	614
-2584	-944	3869	-567	-780	92
-3105	-642	2670	-880	624	-599
-2916	742	4106	-755	1396	397
-3177	1951	6069	-381	401	1396
-2913	1823	5980	-175	-786	1462
-2450	94	5676	-16	-1055	1342
-1934	-1230	4576	335	-1247	688
-1450	-1707	3724	885	-392	-29
-1377	-887	3421	1448	176	-486
-1107	-24	3341	1628	411	-690
-978	704	3332	1442	456	-848
-997	1025	3125	1235	-29	-758
-832	865	2446	1042	-454	-582
-504	521	1841	879	-330	-633
-326	232	1740	653	91	-752
-448	189	2280	363	463	-858
-713	383	3158	47	431	-884
-748	461	3833	-210	-162	-847
-490	750	3875	-467	-916	-810
-369	1081	3764	-728	-1175	-616
-613	1124	3475	-610	-1218	-210
-660	385	3105	-300	-671	-14
-512	-253	3183	-57	325	-179
-373	-383	4374	242	1307	-258
-834	-1040	5839	487	1282	-653
-1108	-1149	6461	695	208	-1170
-1375	-368	5669	910	-1082	-1484
-2120	598	4062	1112	-1278	-2171
-3136	1535	3154	1195	-240	-2708
-2861	1522	2958	1598	615	-1581
-2046	621	4067	1518	950	-465
-2297	37	5310	833	319	252
-1951	146	5542	330	-411	151
-1630	1117	5000	-25	-793	-36
-1580	1274	4460	-310	-478	-221
-1000	1194	4017	-581	-281	-106
-1043	646	3691	-928	-4	319
-1085	-274	3261	-1095	36	256
-1081	-744	2676	-1260	-148	-346
-913	-495	2155	-1293	-113	-838
-680	45	1951	-1085	300	-779
-729	577	2529	-833	885	-417
-874	769	3454	-664	903	34
-837	500	3942	-620	571	322
-738	269	3902	-587	164	508
-625	10	3833	-459	12	674
-456	-262	4091	-351	22	600
-601	-439	4665	-340	-59	431
-1048	-807	4827	-341	-491	400
-932	-869	4139	-148	-791	273
-471	-1116	3708	-128	-224	161
-232	-428	4480	-538	436	-54
-1643	-127	5389	-752	127	46
-2416	-344	4759	-1003	-465	-756
-2722	344	3857	-1153	-168	-729
-3018	985	3500	-1166	262	-258
-2710	1598	3858	-902	427	777
-2224	1878	4584	-723	69	1458
-2163	1019	4826	-468	-562	2048
-1807	-515	4593	-199	-785	1761
-1556	-1165	4374	-6	-528	1016
-1466	-1676	4130	326	-338	574
-1077	-1393	3590	593	-228	-155
-971	-594	3378	680	-52	-396
-1010	237	3373	675	-232	-397
-1048	716	2974	631	-528	-293
-946	706	2494	534	-583	-77
-603	451	2136	271	-276	-118
-450	141	2305	-1	336	-288
-593	128	3067	-251	770	-417
-647	-4	3763	-409	731	-489
-701	83	4228	-470	383	-649
-636	233	4258	-383	8	-549
-510	7	4288	-223	-282	-586
-495	-13	4261	-129	-457	-685
-680	114	4034	-198	-392	-679
-829	271	4065	-143	23	-593
-465	600	4733	307	483	-112
-246	326	5502	878	422	115
-943	-75	5625	1121	-57	26
-1374	-230	5124	1128	-454	-75
-2128	380	4380	1010	-405	-147
-2353	934	3503	1092	-65	37
-1945	-1854	4877	109	-479	67
-1737	-1243	4527	601	-646	-379
-1455	-566	3902	836	-902	-310
-1046	41	2992	850	-1035	-205
-781	417	2330	747	-765	61
-788	501	2113	689	-333	381
-742	328	2039	650	5	443
-797	138	2237	631	328	373
-925	-90	2630	534	405	216
-989	-92	3184	436	494	90
-1056	-14	3844	213	396	9
-1096	149	4312	70	48	53
-978	407	4562	-51	-349	60
-875	500	4717	-141	-761	-14
-824	510	4623	-213	-1264	-22
-642	396	4365	-288	-1549	190
-525	-135	4109	-173	-1492	215
-229	-235	4022	-3	-1146	30
47	-208	4102	281	-449	153
-239	-263	4399	561	245	119
-947	-302	4787	545	424	-269
-1744	261	4692	682	423	-309
-2184	1020	4186	1070	608	441
-2035	615	3808	1278	219	624
-2468	-869	3262	1110	-500	-456
-2645	-1467	2878	559	-480	-1707
-2277	-638	4198	326	686	-1807
-1830	710	5954	223	474	-1290
-1715	1677	5748	105	-381	-711
-1426	2230	4912	-259	-605	0
-1126	1434	4128	-789	-410	330
-1010	129	3718	-1256	-314	194
-672	-853	2794	-1580	-655	-303
-466	-1128	1785	-1574	-579	-771
-334	-718	935	-1468	-334	-1029
-198	-85	540	-944	776	-578
-301	178	1358	-316	2144	161
-755	154	2787	98	2303	500
-868	-267	4101	358	1709	675
-1062	-985	5099	487	701	428
-986	-617	5535	381	-162	267
-925	-399	5993	270	-1031	559
-971	-461	5517	77	-1666	195
-503	-1113	4490	169	-1437	44
236	-1442	4473	-133	-531	-125
-451	-884	4939	-524	137	-16
-1564	-71	4910	-838	207	191
-3163	-268	3562	-1037	-229	-221
-3056	265	2378	-1383	512	-239
-3377	1224	3920	-1215	1491	676
-3605	1510	6431	-723	84	1588
-2492	57	6187	-188	-1175	1613
-2126	-1260	5852	263	-1527	1273
-1755	-1302	4856	886	-1701	798
-1442	-1259	3615	1282	-1375	125
-969	-996	2733	1511	-797	-423
-478	-484	2157	1286	-82	-933
-451	180	2108	795	633	-1019
-713	601	2328	417	705	-1014
-732	936	2117	324	444	-535
-599	842	1950	268	551	23
-630	415	2286	110	778	111
-783	68	2968	-164	807	-133
-772	42	3755	-449	485	-372
-636	90	4314	-592	-38	-453
-610	-119	4573	-486	-617	-646
-796	-214	4266	-378	-893	-864
-898	12	3818	-388	-466	-909
-1016	583	4045	-288	303	-430
-654	459	5254	615	628	81
-1356	-1	5787	1149	63	115
-1914	-384	5405	1181	-611	-144
-2206	258	4138	1376	-308	330
-2002	284	3336	1685	608	551
-2675	-493	4016	1536	962	30
-3287	-1051	4805	865	-6	-1133
-2677	-297	4556	406	-600	-1134
-1841	328	4174	117	-579	-926
-1321	938	4310	-84	-352	-631
-1412	1060	4267	-286	-181	-144
-1409	838	4010	-480	-217	346
-1221	218	3642	-680	-259	358
-1079	-285	3209	-919	-374	83
-1008	-636	2623	-1067	-502	-195
-922	-571	2157	-1023	-308	-390
-738	-367	2106	-722	301	-196
-873	-183	2738	-359	803	152
-968	-109	3440	-54	754	442
-867	-147	3744	60	396	501
-652	-294	3757	123	196	513
-571	-425	3982	200	66	484
-573	-455	4186	263	-183	475
-594	-510	4222	255	-366	410
-691	-438	4222	217	-396	276
-776	-391	4114	194	-334	383
-737	-787	4086	93	58	391
-677	-884	4841	-317	303	2
-749	-280	5367	-821	-14	96
-1742	-233	5157	-1096	-505	207
-2552	-578	3870	-1182	-481	-240
-2798	144	3128	-1183	198	-124
-2937	925	3774	-1129	827	383
-2772	1183	4913	-795	268	1089
-2257	633	4961	-567	-301	1148
-1941	-643	5050	-335	-509	868
-1841	-1145	4955	61	-772	182
-1488	-1205	4243	546	-847	43
-1152	-1096	3471	889	-786	-354
-824	-661	2979	997	-507	-776
-790	-81	2793	860	-322	-983
-765	411	2504	769	-247	-873
-718	471	2230	645	-101	-606
-701	320	2218	467	387	-592
-706	361	2697	266	831	-551
-882	358	3492	68	908	-418
-883	312	4116	-61	488	-323
-779	463	4193	-189	-79	-269
-674	436	3967	-196	-304	-164
-545	69	3968	-147	-272	-283
-568	-246	4043	-187	-289	-551
-675	-181	3970	-258	-166	-609
-741	-192	4153	-190	190	-605
-729	371	4514	103	396	-402
-382	214	4976	530	388	-159
-518	-234	5342	879	-15	-324
-1039	-592	5313	1001	-503	-511
-1718	-781	4677	1023	-806	-837
-2270	348	3900	994	-644	-1117
-2488	1203	2959	1204	16	-389
-2586	800	2874	1387	666	223
-2857	1025	3435	58	326	3513
-2230	-1263	4868	13	657	2895
-1759	-2656	5614	45	-5	1149
-1494	-2079	5040	469	-589	-181
-1475	-863	4506	911	-861	-664
-1195	194	3931	984	-1130	-363
-668	730	2941	859	-1413	29
-296	1035	1855	718	-1311	367
-108	1093	1218	548	-638	689
-146	680	1126	252	364	804
-486	112	1756	-13	1252	614
-857	-335	2885	-190	1617	388
-1108	-356	3865	-372	1376	183
-1229	-128	4752	-449	778	286
-1181	-112	5329	-419	110	124
-942	-53	5776	-337	-746	-331
-880	130	5500	-154	-1508	-436
-515	75	4863	-34	-1761	-341
-21	780	4000	189	-1495	-16
297	675	3858	628	-531	516
-440	43	4042	813	226	217
-1508	111	4142	905	807	-82
-2573	274	4206	1189	820	354
-2806	-655	3781	1498	-2	-182
-3193	-1503	3390	1294	-252	-1352
-2864	-1177	4411	978	98	-2101
-2188	206	5818	743	-115	-1855
-1524	1398	5667	338	-723	-1451
-1029	2000	4806	-187	-983	-1116
-819	1744	4092	-657	-721	-761
-658	892	3653	-1031	-383	-504
-465	-22	3140	-1279	-351	-444
-324	-663	2289	-1281	-382	-659
-277	-828	1585	-1118	73	-1000
-338	-547	1305	-877	656	-1081
-421	-217	1496	-520	1512	-768
-698	11	2483	-221	2050	-407
-863	74	3492	63	1904	-142
-972	-281	4328	311	1375	83
-1125	-456	4804	341	603	-127
-997	-174	4791	169	-200	-26
-1095	-223	4844	4	-783	260
-1018	-476	4737	-147	-860	157
-432	-1128	4982	-313	-619	-213
10	-1458	5170	-413	-524	-798
-254	-1006	4934	-415	-556	-889
-702	105	4220	-518	-103	-343
-2362	-365	3507	-424	900	302
-2922	373	4250	-761	1363	421
-3573	2043	4855	-946	765	1403
-3986	1823	5959	-656	136	2310
-3185	15	6572	-446	-247	1873
-2147	-1583	6190	-139	-774	1143
-1455	-1896	4927	437	-1199	636
-1041	-1398	3663	1016	-966	82
-796	-723	2801	1469	-670	-85
-553	-76	2044	1402	-704	-269
-319	401	1135	1087	-757	-375
-175	776	487	780	-456	-275
-223	810	313	354	204	-17
-241	579	622	-216	1329	20
-825	451	1899	-541	2096	102
-1167	467	3564	-717	2027	162
-1382	290	5264	-955	1425	-9
-1070	291	6151	-896	281	-222
-477	243	6289	-681	-887	-192
-525	115	5401	-376	-1828	-163
-669	-189	3795	-166	-1704	-106
-640	-334	2927	-228	-348	-304
-491	-188	3723	28	1125	-332
-724	-295	5378	715	1267	-301
-1813	-546	6259	1103	203	-222
-2919	-78	5027	1182	-824	-338
-3395	703	3389	1303	-652	-180
-3013	807	2803	1553	521	187
-2481	-219	4127	945	645	-245
-2653	-576	5017	556	-208	-288
-2353	-211	4736	310	-567	-337
-1890	582	4397	-46	-681	-523
-1294	975	3966	-314	-407	-497
-1015	1003	3785	-564	-21	-249
-1124	550	3809	-768	84	131
-1246	-131	3625	-993	-221	225
-1257	-591	3009	-1127	-689	5
-977	-466	2325	-1125	-721	-319
-575	-196	1777	-938	-379	-116
-455	-126	1764	-539	561	278
-615	-30	2595	-156	1223	600
-867	-129	3622	33	1248	771
-961	-242	4153	87	817	833
-873	-301	4253	34	182	822
-886	-298	4014	-23	-134	779
-854	-162	4069	-54	-207	785
-816	-132	4236	-29	-135	908
-1045	-432	4568	138	-108	1079
-755	-1127	4498	67	-192	759
-178	-951	4687	-459	-98	368
-654	-350	5284	-947	-349	403
-1850	50	5173	-1098	-983	494
-2825	-264	3665	-1062	-1033	208
-3121	-310	2459	-1075	314	119
-3186	-143	3631	-1147	1376	43
-2889	619	5229	-916	795	552
-2589	849	5700	-681	-555	654
-2166	448	5253	-407	-1095	910
-1678	-91	4883	-11	-1370	984
-1286	-623	3976	381	-1272	965
-1022	-1062	3253	728	-786	619
-954	-1385	2917	961	-355	-34
-932	-798	2736	813	-257	-738
-963	-180	2718	628	-69	-827
-912	159	2745	553	-57	-688
-856	374	2762	511	-70	-571
-731	493	2803	351	64	-543
-743	495	3180	126	235	-490
-797	198	3608	-55	101	-456
-794	73	3875	-171	-218	-546
-657	175	3912	-177	-469	-541
-492	86	4014	-90	-514	-573
-415	-267	4009	21	-635	-800
-410	-294	3727	39	-421	-984
-571	25	3869	99	221	-852
-744	693	4673	411	595	-378
-493	585	5344	847	500	-18
-498	-60	5530	1146	-156	-287
-881	-442	5074	1150	-668	-587
-1573	-237	4319	1011	-755	-665
-2169	394	3688	982	-416	-657
-2510	973	2996	1232	120	-123
-2607	786	3045	1344	620	395
-426	-401	5310	-316	-367	1028
-1007	-1023	4880	-405	-754	694
-1073	-561	4152	-620	-517	696
-2044	-445	3904	-649	-315	964
-2383	-247	3869	-680	-355	772
-2628	627	3583	-767	-285	432
-2646	1016	3770	-708	-105	1021
-2330	482	4333	-518	43	1398
-2098	-348	4835	-224	6	1421
-1863	-1073	4674	143	-500	1070
-1510	-1040	4148	571	-594	770
-1217	-593	3567	869	-593	644
-974	-60	2962	988	-440	705
-867	120	2457	880	-382	754
-797	-9	1998	725	-134	728
-907	-166	1931	639	37	697
-857	-423	2064	459	303	472
-1005	-504	2644	316	483	129
-1144	-229	3224	187	528	-16
-1013	148	3836	153	451	13
-820	325	4328	114	234	-5
-612	385	4616	27	107	-32
-562	-4	4743	1	-40	-69
-546	-198	4750	12	-321	-270
-632	-94	4712	63	-522	-265
-709	-320	4594	126	-598	-249
-645	-18	4515	154	-529	-508
-323	658	4633	456	-234	-128
-267	148	5144	768	-101	-16
-730	-37	4983	720	-454	-466
-1490	-95	4504	645	-334	-469
-2309	151	4097	791	54	-388
-2516	544	3614	1048	-245	61
-2606	-80	2811	1239	-383	227
-2507	-722	3482	1027	-219	-582
-2438	-1107	4368	719	-99	-1029
-2129	-243	5011	520	-139	-1208
-1771	1286	4839	182	-185	-1095
-1474	2247	4731	-233	-133	-267
-1260	1867	4481	-787	97	388
-1022	525	4053	-1312	-36	428
-833	-698	3333	-1552	-312	-32
-783	-1085	2454	-1700	-574	-732
-577	-919	1394	-1571	-623	-1107
-269	-398	665	-1134	-53	-1032
-118	18	718	-510	1011	-331
-544	4	1648	49	1920	293
-1133	-129	2935	242	1938	651
-1405	-368	4160	342	1525	741
-1477	-474	5456	412	941	479
-1009	-560	6526	380	248	538
-614	-559	6713	79	-739	301
-600	-421	5500	-263	-1488	263
-517	-1403	4104	-241	-1596	-117
-107	-976	3762	-413	-607	-587
-870	362	4154	-701	-179	88
-2817	91	4058	-740	-201	777
-4157	-434	3115	-1071	427	31
-3658	713	3539	-1292	1330	210
-3242	1161	5778	-901	718	1459
-2761	950	6429	-487	-1179	1511
-1863	-444	5182	-232	-1685	1237
-1974	-1394	4529	159	-1592	681
-1438	-1349	3658	635	-981	468
-1128	-1570	3111	1041	-227	187
-980	-1333	2979	1281	384	-429
-1131	-643	3262	1086	428	-1052
-1214	187	3180	873	191	-1228
-1188	575	2918	819	-286	-914
-895	647	2329	752	-598	-575
-649	411	1872	470	-389	-570
-453	294	1847	152	210	-726
-369	214	2461	-172	923	-784
-511	290	3589	-347	1056	-734
-688	375	4338	-365	496	-626
-736	51	4573	-294	-185	-705
-896	-189	4496	-151	-633	-955
-692	-315	4245	-113	-673	-1024
-722	169	4172	-152	-553	-884
-448	727	4456	161	190	-261
-442	224	5454	691	390	-89
-1045	-445	5767	1045	-32	-320
-1653	-969	5174	1133	-679	-742
-2954	-276	4005	1138	-785	-696
-2870	490	2808	1316	64	-386
-2500	743	3111	1466	912	206
-2566	-98	4740	981	578	-7
-2512	-182	5155	502	-388	45
-1911	-15	4977	248	-666	-114
-1632	462	4702	-67	-907	-302
-1400	823	4085	-289	-903	-152
-1098	651	3415	-539	-637	136
-986	9	3070	-777	-246	192
-951	-519	2900	-950	-150	-34
-937	-720	2629	-1046	-260	-329
-762	-301	2137	-950	-155	-343
-743	191	2189	-682	507	63
-840	382	2909	-375	707	456
-734	284	3347	-125	577	789
-628	-54	3615	-25	475	970
-585	-440	3875	46	426	987
-656	-614	4092	-12	136	802
-720	-473	3911	-92	-242	646
-614	-383	3762	-49	-167	722
-726	-470	4131	71	299	875
-762	-344	4687	149	457	1109
-853	-904	4943	30	267	1045
-620	-1083	5037	-436	28	368
-568	-360	5020	-992	-88	373
-1251	-2	5117	-1250	-308	549
-2022	-79	4415	-1240	-491	351
-2775	-112	3402	-1147	-24	390
-3148	212	3382	-1160	687	509
-2795	614	4265	-975	622	891
-2257	459	4591	-704	-14	1000
-2031	-49	4759	-555	-235	726
-1935	-689	4875	-222	-654	407
-1608	-934	4352	236	-855	225
-1300	-1052	3697	658	-735	-105
-1106	-974	3292	908	-436	-420
-956	-485	3112	838	-354	-836
-885	105	2847	716	-283	-814
-992	274	2749	615	-119	-603
-839	171	2676	505	116	-533
-820	102	2890	337	405	-626
-902	156	3296	205	527	-647
-899	60	3642	81	445	-624
-947	50	3827	20	212	-636
-824	217	3916	-49	-50	-668
-647	390	3962	-138	-112	-578
-987	119	3245	425	590	867
-1176	-165	3439	349	614	724
-1244	-218	3614	263	535	590
-1346	-36	3879	152	471	475
-1365	219	4255	65	311	503
-1328	303	4486	31	145	559
-1218	278	4515	79	-51	570
-1083	215	4451	121	-286	512
-976	177	4271	137	-443	454
-811	165	4052	87	-452	396
-659	148	3919	-32	-292	280
-653	185	3978	-163	-83	219
-676	24	4178	-244	-68	104
-743	-49	4323	-238	-196	-25
-764	-162	4327	-110	-348	-106
-723	-89	4235	29	-530	-156
-487	148	3988	48	-729	-254
-228	357	3605	140	-691	-149
-291	323	3413	260	-348	95
-900	155	3628	278	78	110
-1619	20	4019	378	650	-31
-1814	107	4536	548	461	-66
-2198	-4	4138	598	-497	-173
-2478	-1089	3406	629	-805	-1013
-2469	-1371	3365	515	-385	-1962
-2435	-389	4319	489	476	-1966
-2062	1220	5254	380	577	-1369
-1748	2429	5714	58	177	-423
-1479	2303	5305	-360	-67	286
-1377	769	4783	-1082	-173	136
-1148	-704	4042	-1572	-418	-481
-852	-1256	3190	-1736	-639	-1022
-681	-969	2291	-1610	-811	-1323
-366	-588	1279	-1256	-547	-1245
-293	-256	1012	-647	584	-940
-377	-152	1528	-161	1491	-535
-961	-88	2621	138	1722	-250
-1163	-280	3540	266	1269	-70
-1150	-558	3988	331	560	-95
-907	-435	4177	359	219	-214
-783	-151	4752	390	157	55
-786	-29	5340	304	114	341
-697	31	5537	120	-151	271
-599	-246	5392	-64	-510	264
-468	-783	5095	-381	-574	-200
-664	-690	4917	-644	-681	-539
-1237	117	4506	-682	-521	-134
-2692	-887	3465	-602	175	174
-3438	-608	3019	-838	821	-362
-3352	820	4068	-762	1244	927
-3747	1449	6330	-477	49	1917
-3051	1110	5803	-284	-1071	2147
-2269	-374	5157	-181	-1138	1945
-1620	-1517	4426	103	-726	1497
-1356	-2266	4249	662	-199	676
-1228	-1741	3718	1281	-297	1
-902	-664	3090	1428	-474	-200
-807	258	2580	1165	-826	-158
-618	793	1897	932	-1238	102
-586	824	989	758	-1456	460
-315	680	304	501	-937	509
-196	566	369	-13	506	408
-757	343	1810	-483	1907	456
-1184	238	4079	-623	1947	547
-1067	-268	6000	-720	972	239
-827	-299	6885	-620	-516	-354
-804	-193	5944	-237	-2023	-436
-690	134	3849	44	-2293	-523
-430	55	2562	165	-984	-411
-41	-155	3470	524	738	-587
-922	-482	5064	826	1058	-739
-2698	-730	5498	965	26	-866
-3998	357	3945	1369	-303	-551
-3155	807	3366	1735	536	-286
-2568	-72	4703	1225	463	-544
-2707	-414	5531	767	-626	-690
-2185	-133	4826	424	-1023	-633
-1864	316	4536	18	-876	-691
-1536	482	4051	-223	-527	-805
-1113	752	3772	-399	-98	-714
-1016	540	3588	-549	210	-382
-1167	-206	3554	-690	197	-334
-1119	-695	3154	-850	-183	-659
-1072	-502	2558	-951	-418	-962
-777	-177	1983	-799	-124	-707
-689	-40	2058	-461	561	-325
-754	147	2738	-126	1050	89
-737	145	3323	2	992	422
-748	6	3714	37	791	608
-746	-188	4129	49	507	689
-779	-267	4279	32	9	675
-680	-369	4209	-10	-365	666
-742	-485	4135	72	-500	615
-840	-623	4054	179	-390	693
-552	-856	3953	151	-41	781
-326	-897	4700	-284	435	412
-196	-465	5312	-754	63	363
-1080	-71	5180	-1053	-616	301
-2261	-466	3922	-963	-940	306
-3490	-741	2722	-737	-152	347
-3507	-936	3006	-875	1404	-58
-3017	43	4968	-895	1536	-512
-2588	856	6160	-674	-84	-409
-2334	1466	5572	-564	-1215	75
-2057	644	5234	-303	-1680	828
-1372	87	4084	71	-1584	1173
-970	-860	3182	410	-851	1062
-1008	-1566	2961	768	-155	398
-1061	-1334	2999	830	59	-508
-1046	-341	2880	701	67	-917
-1126	153	3017	615	140	-749
-1116	221	3039	601	-22	-619
-895	249	2855	582	-146	-532
-656	307	2680	447	-114	-502
-638	248	2953	232	133	-448
-837	-40	3444	49	209	-452
-875	-38	4005	-31	79	-554
-717	-11	4507	19	-273	-569
-670	-205	4686	78	-770	-784
-522	-460	4182	124	-1370	-1167
-134	-198	3542	8	-1106	-1492
166	380	3262	162	-155	-1292
-12	718	4156	398	1111	-670
-947	374	5425	800	1036	-453
-1781	-181	5873	911	-54	-771
-2325	390	4612	1086	-391	-434
-2360	761	3803	1267	-35	270
-2407	88	3406	1227	284	288
-2372	-1082	3870	741	-82	-873
-2396	-1284	4098	296	-83	-1596
-1179	38	3597	306	307	411
-1130	39	3692	319	460	334
-1157	-22	3904	323	496	249
-1148	40	4044	327	327	183
-1018	171	4052	302	147	165
-953	315	4035	271	-5	181
-847	441	3926	215	-97	261
-768	532	3865	70	-74	339
-788	483	3890	-62	-30	388
-751	354	3904	-116	-36	453
-700	257	3906	-138	-28	481
-743	270	3902	-166	-15	483
-844	197	3890	-164	34	470
-1004	-58	3955	-147	137	320
-1080	-270	4368	-160	190	30
-1063	-411	4875	-150	88	-296
-933	-311	5290	-67	-218	-644
-724	177	5370	66	-653	-729
-968	689	5074	227	-987	-464
-1057	1003	4630	489	-922	-44
-839	1008	4372	587	-305	246
-1105	594	4365	429	-220	294
-1744	-88	3954	366	-555	219
-2674	-1305	3081	300	-1134	-575
-2871	-1643	2077	219	-698	-2093
-2784	-1085	3015	228	811	-2386
-2381	102	4859	375	1112	-2065
-1908	1599	5831	265	623	-966
-1738	2204	5839	-100	-197	341
-1566	1936	4952	-633	-579	657
-1122	880	3792	-1260	-782	251
-788	-172	2886	-1625	-672	-214
-620	-851	2176	-1659	-617	-523
-410	-997	1393	-1557	-520	-806
-357	-725	985	-1149	147	-731
-317	-256	1197	-704	984	-348
-613	111	2053	-213	1302	143
-895	225	3032	150	1124	518
-902	-135	3804	481	636	809
-1040	-663	4382	646	146	552
-770	-576	4795	582	-114	285
-1019	-546	5483	362	-140	487
-1200	-965	5919	167	-470	234
-915	-1149	5956	-25	-832	-373
-609	-701	5212	-145	-1165	-473
-809	1	4746	-244	-932	-220
-1936	665	4271	-59	-648	672
-3056	-446	3112	-93	203	730
-3370	82	3576	-518	1095	308
-3847	1071	5076	-456	704	853
-3804	1355	5889	-239	-403	1063
-3105	176	5433	13	-893	1168
-2330	-1043	4510	425	-833	710
-1635	-1648	3754	960	-120	40
-1253	-1003	3182	1428	411	-558
-1000	-226	3017	1688	681	-656
-844	355	2884	1551	373	-642
-708	644	2409	1321	-119	-625
-620	521	1787	1271	-460	-425
-455	-26	1231	1103	-471	-627
-477	-152	1198	816	93	-1014
-834	-4	2006	483	749	-1048
-837	109	3088	151	855	-995
-747	200	4003	-59	659	-922
-491	113	4780	-170	187	-1278
-572	942	5204	-313	-642	-1415
-989	1406	5035	-146	-1304	-350
-1281	939	4350	-27	-1508	79
-1050	361	3903	234	-1008	320
-485	-189	4459	571	-310	417
-453	-1079	5229	672	-165	20
-1113	-1476	5547	738	-283	-646
-2653	-752	5094	992	-818	-1338
-3590	-101	3793	1200	-972	-2447
-3454	200	3197	1583	-688	-2812
-2530	614	3930	1845	-267	-1846
-2155	339	5033	1449	-498	-1244
-1611	785	4601	878	-477	-753
-1337	1717	4454	149	4	-888
-1367	2576	4588	-561	177	-458
-1434	1999	4261	-1187	224	468
-1140	666	3669	-1392	-118	795
-717	-567	2860	-1325	-367	576
-528	-1133	1975	-1255	-452	157
-480	-1649	944	-1069	-227	-495
-674	-963	617	-943	626	-1294
-668	-20	1167	-602	1457	-1154
-1052	745	2444	-181	1707	-466
-1173	822	3588	116	1524	301
-1028	667	4563	244	1121	610
-967	600	5199	195	573	646
-784	582	5333	48	-91	1125
-691	304	5143	-149	-484	1392
-1138	-253	4289	-286	-664	1596
-1418	-1230	3746	-219	-207	1543
-1159	-1719	4033	-253	453	1073
-1648	-531	4850	-372	934	1078
-3574	-1379	5299	-590	1246	454
-3576	-917	5344	-929	880	-889
-3096	483	4511	-977	114	-893
-2670	1427	4220	-762	-324	44
-2455	1639	4182	-732	-484	741
-2281	573	4101	-632	-525	1184
-2012	-352	3799	-400	-285	944
-1789	-889	3699	-32	120	698
-1584	-671	3763	286	333	326
-1686	-134	3870	376	195	102
-1667	195	3696	270	-248	-13
-1493	270	3244	192	-658	-160
-1183	203	2742	98	-650	-267
-983	39	2508	75	-365	-386
-902	33	2586	157	25	-400
-998	-19	2938	139	393	-527
-1184	-57	3600	94	359	-780
-1103	-28	3734	39	-196	-1043
-786	230	3357	-76	-559	-1074
-629	277	3394	-196	-581	-964
-684	437	3672	-323	-765	-914
-688	629	3741	-302	-984	-643
-675	320	3647	-225	-1106	-600
-794	-51	3437	-115	-913	-712
-953	-65	3502	-34	-305	-602
-733	-86	4388	384	241	-135
-780	-316	5457	867	46	92
-1408	-653	5671	1051	-522	-225
-2631	-514	5065	962	-911	-1079
-3020	822	4060	909	-565	-1317
-2054	1410	3197	1157	215	-230
-2284	742	4141	944	635	376
-3159	-75	4783	442	-180	290
-824	113	4269	-171	298	513
-921	317	4156	-138	203	607
-971	431	4079	-119	101	832
-1011	360	3906	-130	120	955
-1112	311	3808	-119	311	994
-1274	357	3881	-160	476	1015
-1678	603	4086	-254	457	1074
-2010	904	4352	-428	183	1248
-2058	955	4362	-685	25	1171
-2064	632	4408	-863	8	1091
-1894	161	4240	-882	-146	951
-1813	-202	3932	-855	-217	744
-1771	-367	3603	-813	-269	587
-1647	-321	3289	-797	-229	508
-1479	-125	3154	-850	-66	550
-1518	-16	3312	-908	208	623
-1550	35	3669	-941	398	724
-1621	-40	3875	-977	292	833
-1512	-287	3928	-980	271	758
-1302	-311	3892	-960	172	692
-1233	-261	3778	-901	113	732
-1259	-199	3575	-873	21	757
-1150	-224	3279	-854	96	712
-1116	-213	3270	-787	250	644
-1051	-298	3431	-704	451	652
-1113	-338	3773	-688	583	588
-1145	-365	4016	-685	494	533
-1161	-379	4104	-621	354	463
-1079	-374	4043	-570	163	366
-922	-394	3919	-521	72	272
-814	-420	3821	-492	85	236
-811	-395	3784	-458	105	150
-862	-450	3809	-394	81	124
-937	-440	3797	-330	-16	112
-875	-305	3692	-287	3	176
-902	-155	3748	-278	29	286
-903	-72	3807	-269	51	425
-909	-243	3946	-281	63	513
-873	-511	4230	-282	98	455
-985	-562	4517	-241	102	499
-1100	-451	4652	-166	89	659
-940	-387	4828	-145	146	827
-697	-410	5066	-197	105	868
-467	-451	5216	-337	-196	790
-617	-699	4816	-512	-743	624
-895	-287	3873	-675	-1065	544
-1822	-629	2816	-627	-721	802
-2414	-930	3149	-500	355	807
-3199	-177	4445	-474	395	425
-3654	463	5287	-361	-16	1171
-3322	515	5972	-353	-672	1213
-3020	25	5873	-285	-1356	1004
-2314	-603	4661	14	-1713	661
-1634	-770	3683	485	-1232	680
-1232	-587	3094	871	-656	823
-1192	-299	3019	901	-305	868
-1443	-188	2752	726	-513	710
-1574	-180	2315	560	-989	538
-1242	-245	1767	367	-1155	334
-924	-372	1543	152	-751	54
-762	-466	1922	84	-167	-162
-750	-419	2660	96	176	-432
-870	-310	3414	152	208	-625
-985	-205	3974	184	-34	-855
-942	195	4286	176	-438	-910
-715	379	4225	151	-722	-786
-580	468	4010	101	-797	-740
-293	584	3889	-90	-551	-629
-281	332	4012	-135	-152	-446
-429	268	4120	7	-34	-402
-539	668	3875	250	68	-26
-393	692	3841	560	590	429
-530	167	4430	829	1041	543
-1325	-419	5323	934	712	348
-1996	-230	5389	1022	176	386
-1788	327	5134	1238	85	659
-1777	316	4015	1225	-86	621
-2104	-565	3928	934	226	-24
-2888	-1164	4119	491	-249	-983
-2568	-796	4004	373	-249	-1224
-1902	-358	4115	420	-68	-1248
-1503	506	4133	361	91	-851
-1491	1067	4103	119	243	-211
-1407	853	3893	-202	484	11
-1350	-30	3694	-541	407	-172
-1093	-563	3327	-865	228	-739
-933	-750	2998	-1032	17	-1110
-664	-445	2449	-1013	13	-1340
-489	-81	2218	-711	378	-1146
-553	56	2392	-294	782	-699
-801	-52	3065	33	1148	-306
-962	-447	3897	179	1054	-246
-929	-559	4396	144	424	-306
-764	-394	4415	10	-87	-265
-710	11	4455	-120	-350	49
-760	188	4785	-126	-544	429
-759	212	4826	-103	-794	700
-588	-347	4447	-31	-712	873
-552	-1349	4357	-78	-280	655
-403	-1418	4860	-464	-103	321
-818	-486	4928	-876	-425	409
-2131	-119	4234	-1014	-782	678
-3638	-797	2803	-965	-503	-109
-3319	-156	2760	-1146	722	-749
-2838	733	4248	-968	1154	75
-2614	1377	5701	-699	-106	810
-2432	1023	5281	-408	-1143	1286
-2259	-305	5054	-128	-1335	1267
-1735	-767	4229	190	-1389	1196
-1259	-1179	3477	467	-828	875
-1114	-1338	3162	748	-323	238
-1088	-837	3095	742	70	-433
-1177	-172	3149	626	102	-584
-1281	136	3058	556	-149	-435
-1139	228	2685	491	-322	-435
-837	292	2320	425	-43	-410
-689	390	2515	316	443	-396
-733	324	3179	116	728	-300
-770	282	3842	-78	551	-294
-664	249	4197	-202	63	-277
-485	110	4211	-136	-401	-299
-568	-244	4263	-11	-759	-592
-665	-583	3945	81	-1186	-991
-514	-247	3337	-49	-968	-1244
-214	274	3517	278	27	-707
123	140	4783	907	642	-539
-655	140	5797	1260	-10	-628
-1446	-124	5421	1254	-654	-396
-2104	383	4478	1195	-546	-336
-2547	837	3795	1423	307	-30
-1359	-486	4308	331	-727	1030
-1115	-1557	4244	555	-494	418
-382	-1817	5301	223	423	-31
-791	-1226	6264	-195	15	-474
-1302	12	6322	-619	-320	-693
-1427	621	5545	-884	-290	-428
-2635	140	4063	-910	-611	-316
-2225	899	2705	-1156	-83	291
-2564	1862	3115	-1040	287	1841
-3354	1817	3962	-638	135	2632
-2841	102	4504	-366	-39	2700
-1704	-1698	5056	-167	48	1735
-1567	-2487	5070	157	-34	673
-1649	-2287	4693	627	-265	-586
-1501	-1281	3940	1188	-675	-1210
-933	-262	3131	1307	-766	-1108
-533	589	2440	1156	-808	-897
-337	1220	1778	970	-694	-552
-265	1312	1241	766	-413	-15
-339	845	1085	489	347	409
-442	341	1656	40	1203	311
-730	-18	2993	-340	1550	91
-819	-125	4340	-552	984	-113
-918	-299	4937	-565	222	-364
-590	-308	5165	-395	-297	-708
-814	52	5461	-343	-956	-803
-1049	669	4855	-314	-1416	-235
-551	1092	4192	-258	-967	342
-89	575	4830	399	53	504
-521	-170	5502	857	408	514
-1585	-940	5615	908	-30	237
-2232	-496	4580	1068	-131	184
-2501	-413	3636	1288	-262	-75
-2718	-668	3022	1461	-358	-855
-2831	-1105	3279	1063	-129	-1725
-2695	-515	4294	826	277	-1778
-1970	547	5107	534	410	-1433
-1491	1362	5204	152	180	-1317
-1217	1915	4677	-199	-79	-740
-1098	1343	4134	-700	27	-229
-711	251	3502	-1176	-258	-248
-586	-459	2789	-1425	-611	-717
-545	-498	1886	-1401	-874	-1119
-373	-166	966	-1178	-608	-1129
-200	137	733	-690	289	-603
-211	20	1419	-150	1434	15
-505	-308	2765	282	1958	354
-732	-746	4107	431	1657	382
-976	-511	5148	445	1061	281
-796	-319	6139	402	306	540
-929	-413	6668	266	-996	293
-1013	-769	5076	161	-1799	-154
-337	-1504	3556	-52	-1372	-505
-55	-436	3668	-401	20	135
-2539	323	4958	-794	930	930
-3846	-352	4650	-1219	301	-173
-2943	872	3736	-1793	611	-332
-3253	1564	5133	-1552	671	861
-3510	1871	6060	-970	-543	1914
-2253	-278	5399	-445	-873	2277
-1656	-1827	5267	120	-919	1449
-1417	-1600	4433	691	-893	740
-1360	-968	3485	1207	-642	323
-960	-531	2710	1385	-447	14
-392	-27	2090	1066	-184	-240
-408	431	1948	574	76	-364
-476	852	1856	269	65	-103
-620	794	1598	43	-33	177
-562	381	1501	-88	346	223
-795	91	2288	-240	862	140
-877	68	3426	-373	1026	70
-782	124	4695	-554	779	-6
-758	-12	5696	-589	-199	-286
-694	-78	5468	-483	-1419	-654
-686	-32	4426	-311	-2046	-872
-346	207	3410	-354	-1522	-884
-250	785	3233	-161	-81	-419
-126	1103	4626	714	1188	379
-739	422	5909	1255	1092	640
-1836	-293	6127	1258	-129	74
-2590	-594	4418	1120	-803	-460
-3064	1	3257	918	-310	-777
-2642	680	2837	1040	478	-69
-2439	44	4080	720	677	92
-2640	-339	5312	357	-110	-50
-2124	-472	5181	125	-800	-161
-1748	-19	4643	-229	-904	-560
-1514	370	4119	-488	-639	-493
-909	751	3554	-618	-236	-182
-955	546	3395	-714	320	253
-1172	-68	3384	-805	367	351
-1306	-282	3238	-835	30	182
-1022	-317	2659	-855	-160	-12
-853	-168	2340	-738	161	54
-720	-266	2549	-452	673	359
-857	-277	3193	-247	908	538
-954	-245	3725	-67	757	748
-810	-311	3871	10	435	720
-773	-408	4094	140	143	644
-742	-445	4159	208	-336	473
-573	-424	4004	211	-588	389
-649	-294	3887	213	-722	418
-699	-362	3714	294	-569	565
-472	-750	3781	229	-52	394
-212	-407	4583	-201	199	116
-421	323	5171	-611	-265	517
-1418	755	5038	-774	-863	880
-2767	20	3626	-788	-720	698
-3194	17	2917	-990	593	698
-3296	-383	3985	-1170	1508	612
-3097	138	5563	-1131	1048	451
-2400	232	6182	-955	-261	353
-2183	26	5612	-606	-1063	181
-1969	-604	4886	-161	-1549	192
-1471	-953	3916	232	-1694	63
-996	-952	3100	603	-1280	-158
-635	-583	2699	852	-794	-443
-555	7	2738	818	-419	-598
-671	439	2626	680	-341	-681
-623	635	2363	538	-111	-483
-616	111	2492	311	337	-404
-611	73	2902	85	606	-604
-756	137	3470	-17	728	-628
-840	212	4173	-50	513	-679
-836	249	4405	-61	1	-713
-720	227	4213	5	-456	-612
-469	86	3982	46	-613	-584
-388	154	3918	-46	-543	-671
-398	287	3716	-43	-391	-502
-413	344	3799	-18	-113	-309
-1164	-230	3832	469	-22	107
-1122	-199	3701	488	-37	160
-938	-188	3469	472	-33	149
-847	-107	3285	467	134	209
-743	-114	3215	413	323	197
-747	-178	3296	381	612	145
-918	-303	3636	338	806	-29
-1007	-251	4010	250	735	-213
-1066	-55	4214	200	468	-214
-990	103	4092	188	223	-147
-906	93	3996	198	162	-153
-825	12	3986	191	141	-185
-688	4	4032	156	75	-93
-755	40	4187	138	83	43
-809	148	4369	95	14	185
-944	64	4471	39	-202	234
-936	-209	4343	3	-454	26
-681	-210	4375	-36	-455	-344
-788	165	4831	-118	-485	-444
-1118	471	5035	-57	-403	-170
-1326	349	5124	143	-180	34
-1566	243	4689	182	-291	67
-1767	-246	3837	111	-398	-267
-1756	-265	2960	163	-315	-617
-1739	-496	2405	201	66	-996
-1671	-305	2581	100	861	-1102
-1659	45	3990	-12	1624	-774
-1783	271	5486	-98	1149	-275
-1789	83	5464	-214	146	-34
-1436	-126	4479	-501	-461	-397
-1107	-146	3723	-773	-602	-605
-836	-173	3082	-950	-520	-654
-635	-110	2413	-976	-388	-517
-497	-297	1986	-794	115	-265
-626	-476	2198	-441	799	-158
-892	-398	2893	-158	942	-103
-887	-498	3259	89	659	-43
-770	-563	3395	216	494	-33
-785	-578	3796	351	494	158
-784	-406	4268	395	465	309
-752	-189	4695	361	359	548
-976	-95	5147	239	175	641
-855	-178	5441	176	-155	769
-767	-1104	5644	119	-578	395
-385	-1130	5438	-198	-979	-147
-468	-750	4923	-502	-1144	-271
-1236	198	4150	-648	-810	203
-3589	-726	3106	-350	-431	645
-3990	-610	2716	-605	542	126
-3462	562	4289	-772	1299	651
-3761	1378	6385	-656	104	670
-3081	1159	6051	-425	-914	1090
-2214	-680	4927	-77	-1216	1440
-1620	-2062	4112	428	-938	934
-1133	-2349	3561	1056	-520	104
-941	-1720	2766	1559	-500	-607
-604	-627	2053	1608	-365	-943
-478	331	1815	1385	-263	-954
-420	893	1542	1084	-305	-730
-405	809	1305	815	-173	-326
-362	428	1440	453	228	-342
-533	206	2034	69	655	-555
-793	291	3017	-261	782	-600
-1010	184	4359	-455	623	-470
-836	158	5635	-512	-149	-805
-896	246	6246	-531	-1073	-895
-1126	355	5583	-343	-1952	-601
-1030	446	3965	-222	-2222	-338
-185	118	3164	158	-766	-230
72	-244	4632	902	644	-289
-1895	-1158	5918	1103	138	-327
-2923	-463	4383	1288	-441	-526
-2596	576	3126	1719	27	-63
-2306	752	3820	1562	574	83
-2733	48	4722	1040	185	-110
-2569	104	5084	425	-320	-427
-2232	358	4667	-45	-570	-307
-1775	175	4539	-307	-409	-447
-1476	36	4333	-441	-313	-634
-1227	124	3822	-618	-269	-528
-1129	48	3366	-733	-183	-239
-1139	-189	3068	-789	-191	-175
-1154	-186	2657	-858	-257	-271
-925	26	2216	-842	-31	-148
-727	173	2235	-697	407	222
-767	212	2678	-439	904	693
-940	106	3540	-258	938	1082
-849	-121	3841	-112	392	1367
-612	-291	3626	-21	34	1395
-424	-502	3552	16	-32	1289
-507	-549	3645	45	-54	1119
-606	-628	3938	67	-44	902
-873	-462	4250	170	-259	894
-940	-715	3895	354	-409	942
-70	-816	3925	-39	415	512
-163	-214	5122	-544	595	607
-1389	206	5768	-879	-162	508
-2259	-68	4943	-832	-792	527
-3636	-891	3410	-843	-281	330
-3387	-839	3153	-1088	1094	-153
-2787	125	4768	-886	1130	-43
-2549	602	5688	-611	-41	-17
-2063	705	5180	-420	-723	199
-1990	-341	4930	-89	-917	295
-1630	-896	4225	296	-1018	197
-1223	-1361	3414	727	-809	-50
-904	-1496	2792	1107	-412	-609
-740	-561	2614	1124	73	-1205
-1069	339	2929	953	165	-1197
-1127	711	2890	857	-28	-893
-986	490	2670	813	-73	-590
-829	176	2632	625	24	-721
-781	121	2795	403	171	-916
-778	38	3210	175	287	-979
-698	-17	3583	40	237	-1019
-626	125	4002	-42	151	-1075
-552	28	4333	-15	-73	-1154
-645	15	4495	-43	-401	-1277
-762	119	4252	-61	-602	-1199
-641	517	4051	-48	-376	-1070
-608	1113	4338	226	215	-483
-364	719	4945	713	337	59
-840	14	5304	1020	-36	-8
-1508	-569	5140	943	-602	-294
-1916	-234	4285	1031	-527	-116
-2153	317	3334	1146	-83	-134
-2364	59	3189	1147	537	-231
-2665	-696	4020	696	250	-1156
-2686	-484	4674	324	-151	-1243
-2110	-63	4807	228	-419	-1047
-2697	2091	3346	-758	660	1114
-3269	1785	4503	-500	463	2229
-2845	298	5296	-410	80	2248
-1834	-1579	5468	-113	-187	1482
-1297	-2449	4839	333	-424	502
-1162	-2036	4187	943	-412	-519
-1114	-899	3562	1388	-408	-884
-725	-88	2940	1450	-466	-873
-415	444	2239	1338	-498	-719
-211	777	1530	1130	-298	-578
-119	869	1166	880	213	-293
-317	504	1342	503	1013	-108
-698	271	2391	30	1669	-316
-1005	367	3835	-286	1416	-349
-991	650	4757	-506	456	-227
-811	629	4881	-553	-347	-169
-493	431	4987	-500	-803	-352
-684	211	4921	-517	-1078	-435
-593	-24	4345	-512	-832	-39
-468	-154	4311	-163	-64	450
-92	-646	5082	520	416	413
-618	-1245	5693	923	79	264
-1653	-1149	5271	1116	-284	198
-2736	-549	4421	1176	-356	-579
-2911	138	3338	1245	-472	-1283
-2528	589	2538	1440	15	-1187
-2431	-26	3684	1106	485	-1248
-2344	-175	4988	660	279	-1510
-1849	536	5274	231	58	-1154
-1473	1544	5044	-237	-258	-1014
-1264	2227	4779	-608	-229	-325
-1135	1676	4373	-1121	-279	109
-934	722	3549	-1507	-688	347
-692	-363	2551	-1575	-852	209
-499	-1092	1709	-1548	-844	-475
-304	-1089	1017	-1191	-429	-864
-189	-581	871	-660	485	-822
-384	-5	1642	-70	1375	-135
-632	319	2824	336	1569	398
-838	-167	3825	516	1236	563
-917	-344	4487	477	802	393
-842	-639	5085	345	216	340
-982	-1003	5540	72	-213	-247
-826	-1132	5532	-157	-202	-617
-813	-1202	5851	-284	-380	-950
-628	13	5585	-570	-767	-939
-1136	875	4956	-617	-761	115
-2460	358	3846	-608	-470	424
-3021	280	3028	-1117	584	244
-3330	1021	4177	-1241	1299	1036
-3613	1213	6259	-945	333	1842
-2856	67	6136	-655	-787	1804
-1877	-1513	5184	-146	-979	1177
-1347	-1481	4128	539	-684	794
-1229	-1068	3466	1030	-291	451
-874	-497	2769	1387	127	253
-704	87	2511	1260	281	32
-490	615	2042	919	-33	-3
-363	799	1575	552	-161	196
-372	547	1174	193	-258	480
-379	127	1028	-203	166	476
-465	83	1618	-597	911	375
-781	282	3059	-852	1294	311
-983	371	4763	-937	834	343
-861	-7	5830	-934	85	-29
-665	-317	6298	-659	-994	-364
-754	-451	5107	-337	-1902	-368
-803	548	3678	-402	-1619	-209
277	479	3276	-176	-18	197
-416	34	5641	793	1293	360
-2034	-417	6402	1344	245	293
-2449	-935	4865	1377	-807	-357
-2956	-97	3200	1381	-560	-912
-2510	465	2381	1569	572	-818
-2488	372	4025	1128	889	-426
-3008	40	5543	574	-22	-25
-2087	370	5322	224	-905	273
-1669	704	4561	-219	-1003	95
-1412	811	4204	-608	-578	191
-927	812	3837	-855	-158	400
-946	425	3738	-974	134	704
-1026	-379	3574	-1051	-34	707
-1129	-700	2964	-1114	-410	426
-1075	-473	2246	-981	-471	206
-781	-151	1748	-806	-44	244
-581	27	1925	-516	673	540
-747	13	2688	-238	1129	720
-870	-178	3633	-3	1129	856
-926	-384	4110	53	720	883
-724	-491	4170	72	317	857
-690	-415	4277	90	109	830
-599	-285	4483	110	-123	883
-810	-89	4571	134	-464	828
-894	-340	4239	339	-810	854
-363	-973	3684	273	-495	542
-150	-659	4115	-300	211	332
-1450	186	5063	-720	53	498
-2762	-78	4431	-961	-257	104
-2930	150	3606	-1203	570	-148
-3057	563	4338	-1119	1080	241
-3057	1118	5597	-717	299	1135
-2539	591	5490	-507	-834	1315
-2066	-200	4802	-319	-1093	1259
-1847	-1015	4407	-37	-927	914
-1540	-1189	4078	342	-624	516
-1269	-1117	3582	737	-388	149
-986	-818	3176	949	-17	-258
-1101	-183	3187	903	168	-574
-1106	211	3081	807	-113	-551
-1006	416	2705	790	-371	-356
-902	316	2399	648	-433	-279
-739	259	2161	414	-180	-515
-670	410	2503	216	469	-600
-781	491	3282	37	754	-625
-887	581	4000	-141	574	-603
-915	335	4449	-306	180	-595
-581	-93	4626	-340	-402	-804
-453	-91	4451	-269	-1053	-976
-213	211	3727	-53	-1288	-579
-265	659	3188	197	-792	-11
-563	974	3092	422	91	427
-396	565	4082	702	1089	690
-576	-293	5477	992	1067	369
-905	-1288	5827	1232	213	-235
-1228	-1470	5422	1377	-555	-1109
-1872	-359	4475	1400	-784	-1679
-2880	1169	3985	1236	-618	-1690
-2679	1787	3039	1502	-103	-560
-2347	898	3487	1389	432	172
-2374	-136	4545	994	191	315
-2402	-422	3883	-891	-486	240
-2380	301	2945	-948	-480	22
-2545	1060	3065	-645	-274	530
-2747	1131	3605	-303	-106	1317
-2252	191	4397	-185	247	1680
-2192	-917	5217	-39	192	1506
-2250	-1464	5268	253	-372	868
-1615	-1218	4444	738	-731	335
-1082	-476	3572	965	-679	162
-899	-9	2966	903	-691	317
-723	282	2403	699	-623	510
-709	307	1980	537	-402	608
-725	236	1727	456	-124	709
-753	22	1767	369	319	768
-1052	-226	2358	215	566	526
-1078	-42	3100	-10	520	416
-897	316	3784	-291	446	558
-878	324	4375	-432	181	606
-735	8	4932	-469	-45	200
-727	-344	5517	-384	-626	-278
-863	-41	5122	-147	-1432	-221
-755	-87	4214	143	-1519	209
-424	501	3448	332	-873	211
174	485	4254	809	536	589
-921	-355	5760	1033	646	293
-2313	-571	5877	979	-452	11
-2849	54	4365	1182	-790	261
-2531	165	2963	1508	-523	318
-2642	-472	2732	1466	-81	-620
-2890	-1069	3827	1014	64	-1554
-2801	-729	5153	659	156	-1768
-2160	419	5487	417	-438	-1410
-1587	1525	4818	4	-661	-1148
-1143	2114	4234	-469	-390	-490
-1046	1611	3912	-914	21	156
-849	543	3502	-1294	-53	269
-843	-510	2905	-1385	-329	-11
-731	-836	1953	-1388	-834	-552
-449	-658	985	-1268	-725	-862
-278	-269	547	-911	80	-536
-205	-218	935	-157	1484	147
-753	-353	2541	331	2507	359
-1073	-784	4387	605	2059	294
-1200	-664	5485	557	966	99
-1036	95	6153	385	-8	446
-761	-1	6204	214	-1103	753
-986	-231	5118	78	-1659	416
-945	-1565	3500	417	-1501	196
382	-1776	3644	-17	155	-67
-553	-288	5079	-787	972	123
-3063	244	5834	-1032	-181	404
-3688	368	3606	-1080	-946	-456
-2671	1011	2192	-1435	278	-172
-2767	1183	4379	-1370	1675	883
-3096	1061	6376	-834	-163	1318
-2426	-462	5247	-404	-1567	1164
-2064	-1571	4539	6	-1404	863
-1686	-1590	4272	510	-978	312
-1469	-968	3777	957	-638	-297
-1136	-525	3247	1229	-415	-579
-800	53	2892	1050	-47	-824
-905	489	3045	653	153	-911
-1120	582	3041	460	-163	-750
-993	323	2509	405	-521	-555
-519	181	1844	369	-467	-420
-356	239	1734	234	148	-319
-533	335	2449	66	718	-326
-546	368	3359	-65	847	-249
-520	358	4056	-139	557	-216
-653	-163	4504	-82	134	-350
-735	-450	4638	-111	-361	-807
-990	16	4358	-227	-590	-791
-1143	490	4171	-382	-310	-584
-346	1154	4524	175	393	-230
51	522	5855	973	484	-99
-1191	-148	6069	1305	-466	-39
-1887	-629	5142	1143	-1317	-131
-2585	95	3281	1088	-1205	-124
-2418	298	2240	1336	553	-124
-2838	107	3542	1191	1365	-576
-3011	-538	5344	713	549	-766
-2496	-380	5505	389	-449	-512
-1869	498	5108	128	-899	-126
-1374	1222	4600	-286	-1050	119
-1033	1620	3868	-614	-736	420
-820	1239	3333	-857	-379	901
-861	205	3016	-1151	6	965
-835	-767	2705	-1277	65	820
-883	-1320	2303	-1354	-25	236
-883	-935	2122	-1121	305	-99
-899	-321	2300	-636	661	164
-889	-74	2818	-254	936	465
-796	-75	3414	-13	915	581
-743	-204	4049	113	781	588
-754	-356	4462	115	324	460
-597	-348	4192	84	-242	267
-407	-231	3884	114	-350	305
-550	-430	4194	190	-170	418
-932	-651	4412	230	-71	345
-985	-800	4403	310	-67	397
-442	-1000	4515	-70	297	68
-160	127	5305	-800	330	43
-1788	263	5597	-1025	-418	531
-2291	-237	4391	-1042	-896	-224
-2743	211	3184	-1229	-262	-171
-2936	298	3146	-1259	566	442
-3005	663	4417	-1060	708	919
-2572	256	5222	-800	147	1011
-1959	-346	5160	-565	-494	579
-1893	-934	5033	-157	-809	169
-1520	-975	4253	326	-1051	-29
-1101	-884	3375	695	-822	-281
-815	-612	2894	926	-447	-479
-653	-324	2655	874	-175	-722
-614	22	2555	657	-33	-877
-708	235	2516	543	270	-783
-775	163	2723	515	437	-763
-830	206	3065	358	538	-768
-840	372	3580	142	485	-657
-837	523	3960	-46	215	-466
-748	517	3988	-214	-80	-293
-621	570	3913	-315	-221	-170
-524	521	3866	-282	-252	37
-445	87	4081	-258	-188	-76
-619	-82	4138	-264	-253	-290
-654	-96	4035	-204	-47	-145
-953	-8	4456	-4	183	-168
-717	200	4708	324	93	44
-409	-119	4889	684	38	28
-567	-619	5017	911	-5	-190
-1205	-237	3703	1199	-769	-1214
-882	374	3085	1122	-794	-1010
-729	834	2591	969	-651	-663
-721	1003	2234	738	-399	-359
-862	916	2127	577	3	-64
-1047	444	2466	431	442	111
-1172	145	3146	265	620	79
-1211	-28	3753	71	524	121
-1214	-138	4216	-86	191	34
-1059	-153	4271	-120	-160	-117
-885	-80	4151	-97	-346	-405
-779	-20	4060	-85	-422	-555
-705	119	3925	-141	-490	-560
-600	184	3752	-168	-323	-458
-596	145	3775	-157	89	-412
-892	249	4254	-168	348	-351
-942	173	4758	3	339	-135
-568	-63	4986	371	252	-184
-620	-228	5266	671	112	-321
-1110	-258	5313	870	-324	-328
-1307	-29	4811	1153	-234	-169
-1476	552	4337	1152	-388	-121
-1728	790	3200	1149	-142	236
-2013	-225	2891	1111	554	-235
-2437	-1147	3216	777	256	-1451
-2700	-994	3462	543	382	-1868
-2127	-69	4386	454	653	-1523
-1642	891	4747	397	373	-1007
-1296	1678	4771	187	23	-443
-1351	1312	4390	-148	-138	12
-1074	328	3790	-654	-71	-113
-754	-373	3419	-977	6	-430
-546	-622	2875	-1105	-23	-777
-565	-364	2407	-1037	115	-978
-638	-35	2177	-775	279	-873
-466	211	2143	-402	629	-474
-615	148	2742	-97	1084	-75
-871	-274	3695	101	1070	127
-949	-696	4326	219	563	-31
-846	-635	4497	251	30	-260
-683	-386	4585	161	-274	-228
-718	-274	4796	-19	-482	-221
-785	-124	5180	-224	-665	-401
-674	-50	5444	-279	-1088	-355
-362	-89	4830	-255	-1312	-76
-391	-97	4313	-243	-1137	451
-926	289	3969	-270	-561	1093
-2736	-638	3774	-448	-34	1418
-3844	-1269	3047	-1105	743	135
-3732	116	3648	-1302	1203	-1
-3527	1363	5722	-920	725	915
-3077	1860	6453	-577	-652	1643
-2316	413	5686	-426	-1307	2009
-1924	-1066	4697	-26	-1513	1588
-1364	-1315	3672	469	-1122	1271
-1003	-1136	3045	902	-476	978
-813	-571	2757	1155	-33	675
-755	82	2737	990	-9	490
-788	445	2534	644	-74	274
-785	339	2220	451	-252	267
-613	-38	1867	318	-93	126
-545	-398	1967	85	392	-220
-467	-344	2565	-164	741	-529
-659	-101	3629	-344	742	-587
-820	279	4387	-445	182	-550
-802	606	4718	-368	-537	-409
-698	505	4363	-232	-1215	-290
-694	146	3542	-205	-1175	-341
-695	274	3212	-391	-283	-512
-608	285	3841	-88	830	-149
-434	-111	5145	630	1375	45
-1069	-708	6054	1129	655	-187
-1324	-768	5546	1282	-594	-687
-1344	-216	4387	1349	-789	-961
-2533	358	4029	1231	-369	-1107
-2920	1011	3631	1257	-117	-783
-2328	954	3364	1200	303	-62
-2148	89	4328	760	320	88
-2353	-545	4992	356	-265	2
-1868	-602	4815	137	-584	-447
-1524	366	4247	-126	-689	-893
-1391	952	3692	-312	-327	-562
-1052	908	3364	-477	261	-188
-1046	177	3319	-670	581	-171
-1302	-355	3274	-780	423	-412
-1294	-350	2990	-814	109	-826
-977	-35	2675	-800	94	-912
-623	341	2619	-625	337	-710
-689	493	3134	-310	604	-291
-728	496	3298	-172	456	92
-845	218	3386	-133	513	491
-832	-133	3671	-109	568	654
-850	-187	4145	-50	476	748
-836	-117	4504	-37	67	889
-803	-220	4710	-27	-356	925
-992	-603	4601	9	-666	823
-851	-978	4254	19	-594	689
-517	-1396	4117	64	-393	670
-387	-1154	4587	-188	-30	407
-769	-549	5043	-534	-75	301
-1449	-149	4782	-796	-399	397
-2694	-617	3716	-774	-508	-20
-2680	72	3196	-930	482	-307
-3045	779	4059	-908	834	-29
-3062	1026	4868	-719	262	324
-2273	760	5130	-600	-318	529
-1934	142	5134	-472	-808	547
-1816	-522	4781	-129	-1178	244
-1488	-651	4120	281	-1260	55
-1034	-535	3202	629	-1029	-109
-916	-169	2807	738	-495	-283
-933	128	2769	626	-200	-410
-945	301	2723	351	-243	-571
-854	187	2520	228	-179	-618
-827	25	2473	161	73	-737
-814	138	2839	86	328	-720
-865	262	3422	-18	484	-611
-965	330	4061	-98	275	-531
-794	320	4087	-220	-123	-528
-590	568	4012	-416	-296	-457
-518	586	3918	-438	-396	-120
-456	414	4034	-427	-420	-41
-454	175	4091	-346	-571	-28
-514	-202	3973	-213	-503	-98
-507	-466	3881	-53	-271	-368
-531	-230	4105	187	200	-336
-358	-222	4859	509	528	-373
-570	-305	5742	841	196	-608
-873	-190	5682	1114	-395	-766
-1131	131	4852	1185	-581	-958
-2815	236	5051	507	177	250
-2264	-285	5621	528	-153	137
-1894	-979	5821	577	-526	-250
-1692	-1145	5250	899	-934	-859
-1307	-627	4131	1250	-926	-1016
-911	-68	3296	1346	-554	-1022
-873	322	3012	1290	-378	-967
-855	581	2545	1128	-662	-734
-827	559	1812	935	-837	-486
-727	209	1224	745	-551	-391
-588	121	1123	499	58	-558
-635	365	1770	80	1050	-541
-1037	589	3251	-272	1488	-307
-1267	692	4854	-473	1153	-61
-1355	519	5999	-565	240	-148
-1072	448	6210	-587	-1010	-368
-852	74	5079	-427	-1919	-338
-613	-251	3850	-391	-1786	-572
-527	-61	3287	-572	-746	-610
-121	-221	4016	-234	453	-327
-569	-493	5260	430	518	-363
-1760	-638	5510	780	-404	-445
-2553	-30	4282	941	-596	-702
-2458	1118	3510	1162	-310	-168
-2300	835	2859	1315	124	206
-2296	-59	3615	763	99	-529
-2704	-256	4378	136	-62	-693
-2275	362	5127	-102	63	-251
-2017	1103	5449	-343	-331	-206
-913	-978	3320	-1430	-440	367
-913	-978	3320	-1430	-440	367
-913	-978	3320	-1430	-440	367
-913	-978	3320	-1430	-440	367
-972	-1143	2645	-1658	-673	-291
-750	-708	1604	-1561	-725	-587
-567	7	1114	-1134	-11	-320
-588	416	1476	-436	1106	411
-694	502	2718	67	1737	1128
-952	311	4036	189	1416	1494
-1051	-441	4616	73	576	1462
-843	-688	4601	-225	-352	1007
-814	-650	4481	-563	-836	883
-988	-239	4423	-683	-1138	865
-590	-430	4184	-462	-1366	920
-54	-1364	3761	-396	-1050	662
-56	-1200	3557	-683	-487	282
-1044	-86	3925	-972	152	765
-3651	260	4051	-1070	25	1514
-3723	273	3342	-1647	731	879
-3067	1391	4354	-1788	1398	885
-3181	2037	6779	-1174	682	1656
-2725	924	7101	-717	-980	2211
-2336	-1053	6192	-271	-1845	2392
-1809	-1322	4853	195	-1818	1942
-1171	-1004	3413	660	-1344	1518
-555	-605	2319	885	-274	1123
-250	-120	2215	650	837	782
-528	207	2546	280	1307	531
-825	396	2866	17	1121	642
-780	246	2724	-110	537	811
-613	169	2342	-53	154	937
-598	21	2207	-116	249	969
-577	217	2592	-293	692	757
-736	310	3544	-562	918	560
-732	353	4415	-676	494	383
-754	479	4691	-706	-121	433
-519	253	4657	-577	-538	469
-732	105	4731	-446	-820	211
-946	355	4323	-313	-954	377
-694	881	3995	-239	-390	689
-259	1086	4599	254	529	1008
-561	544	5469	836	794	1106
-1208	-394	5790	1117	234	756
-2022	-416	5265	1112	-540	539
-2628	63	4180	1135	-580	480
-2278	145	3014	1256	1	263
-2467	-196	3440	1077	403	64
-2805	-471	4066	671	-133	-181
-2387	-248	4199	308	-434	7
-1803	261	4171	-5	-503	234
-1524	903	4127	-369	-337	497
-1649	888	4237	-622	-120	814
-1465	430	3946	-828	-101	831
-1237	-335	3551	-939	-48	753
-1189	-817	3265	-964	-54	494
-1130	-930	2928	-963	-178	116
-1021	-579	2642	-879	-53	-127
-905	-299	2529	-640	174	-70
-791	-106	2680	-363	441	176
-911	-112	3182	-113	683	447
-1026	-80	3809	-35	603	519
-1016	-226	4062	-21	224	522
-816	-372	4147	16	-159	463
-597	-269	4236	87	-400	545
-486	-171	4278	145	-577	741
-731	-169	4279	200	-624	789
-896	-130	4242	264	-691	839
-550	-705	3952	282	-464	829
-177	-777	4400	-140	97	433
-817	-313	5054	-530	-47	423
-1728	-308	4709	-656	-589	552
-2571	-393	3517	-718	-297	286
-2960	-263	3163	-877	519	128
-2871	450	3990	-971	1069	88
-2365	941	5156	-712	383	570
-2250	917	5260	-445	-793	693
-1859	40	4659	-164	-1095	751
-1646	-634	4350	119	-1032	572
-1250	-1052	3766	373	-772	374
-1041	-1204	3379	624	-367	-92
-924	-822	3274	744	-35	-697
-1087	-23	3443	684	-40	-1008
-1139	359	3141	582	-368	-1043
-909	359	2651	569	-350	-907
-742	241	2576	522	30	-806
-723	191	2880	437	375	-771
-797	244	3305	291	557	-762
-872	230	3772	161	495	-757
-875	126	3915	77	289	-814
-779	67	3976	22	141	-905
-559	-77	3978	20	-73	-1066
-402	-275	3852	63	-224	-1287
-411	-314	3653	119	-134	-1489
-496	276	3515	86	107	-1328
-520	796	3699	253	585	-707
-489	685	4556	553	965	-384
-651	444	5366	945	534	-336
-957	-17	5522	1213	-142	-315
-1575	-557	5159	1283	-731	-716
-2287	-411	4220	1361	-514	-896
-3153	2345	4232	-1261	-369	3140
-2761	793	4365	-990	-319	3530
-2248	-1023	4323	-672	-375	3452
-1621	-1746	3918	-345	-182	2792
-1373	-1551	3607	126	185	2106
-1203	-814	3433	495	87	1670
-974	-199	3107	480	-100	1613
-1053	-189	2986	324	-378	1575
-728	-159	2471	72	-653	1309
-654	-215	2037	-108	-523	1086
-576	-57	1869	-280	-5	830
-588	233	2296	-375	750	745
-734	472	3184	-380	1142	794
-890	532	4000	-387	1019	992
-885	472	4616	-412	581	1024
-888	195	4774	-434	56	903
-658	-342	4962	-387	-163	416
-871	84	5204	-386	-519	140
-1046	604	4866	-233	-844	714
-958	869	4329	-107	-787	913
-274	920	4653	421	-153	1171
-518	280	5242	842	-34	1287
-1509	-892	5198	815	-135	914
-2319	-911	4558	781	-145	212
-2900	-244	3530	861	-514	-51
-2492	-3	2656	982	-421	-202
-2060	128	3198	595	-54	-440
-2685	-372	4520	85	-325	-326
-2231	118	4547	-1	-69	124
-1605	722	4882	-248	325	394
-1840	1200	5393	-608	514	727
-1493	1047	4755	-1046	-28	892
-1018	314	3753	-1225	-241	807
-898	-583	3078	-1370	-368	608
-873	-1181	2353	-1439	-595	-34
-762	-964	1625	-1362	-524	-622
-499	-390	1018	-937	-29	-510
-399	-6	1392	-230	871	210
-605	-88	2630	267	1191	688
-938	-277	3864	491	880	761
-988	-353	4710	427	263	617
-783	-52	5327	238	-454	798
-790	285	5455	-22	-1224	1253
-1031	-340	4640	21	-1557	1436
-481	-1013	3631	78	-1284	810
221	-708	4012	-347	-306	1022
-1447	-45	5323	-867	-284	1330
-3073	-61	5009	-1057	-1126	1259
-3626	-385	2885	-1436	-679	318
-2947	664	3135	-1625	893	645
-3230	1294	5598	-1197	557	1732
-2826	735	5854	-858	-898	1754
-2128	-673	5520	-607	-929	1493
-2087	-1712	5559	-15	-1221	906
-1603	-1470	4495	541	-1156	500
-1317	-1260	3562	1027	-898	-17
-718	-831	2725	1184	-548	-429
-431	-103	2291	991	-156	-560
-429	417	2207	595	131	-519
-450	738	1965	439	33	-201
-350	599	1478	422	30	127
-366	48	1347	451	571	149
-549	-460	2123	342	1431	-385
-900	-687	3619	220	1568	-1083
-1021	-555	4744	228	761	-1497
-846	-300	5259	294	19	-1809
-822	-311	5501	532	-866	-1954
-773	-124	4742	677	-1721	-2141
-395	858	4051	767	-1696	-2106
-221	2063	3743	1127	-1007	-1285
-283	1731	4260	1775	-68	-544
-1021	445	4858	2113	-67	-832
-2570	211	4222	1821	-625	-991
-2701	-853	3542	1844	263	-681
-2811	-1940	4056	1937	1201	-1002
-3242	-2379	5699	1853	775	-1602
-3395	-1401	6148	1444	-629	-2379
-2396	286	5073	907	-1374	-2886
-1454	991	3991	400	-1334	-2801
-1091	558	3392	88	-522	-2356
-1049	27	3095	-158	448	-2003
-1044	-284	3073	-290	919	-1852
-964	-478	2943	-279	1010	-1941
-1001	-357	2738	-191	1060	-2101
-1126	-302	2714	-62	1148	-2130
-1253	-246	2957	184	1190	-1947
-1249	-410	3299	364	1069	-1991
-1089	-536	3608	390	769	-2034
-1042	-556	3900	447	598	-2030
-945	-417	4130	459	375	-1953
-853	1	4043	331	140	-1754
-706	299	3991	187	210	-1302
-541	332	4386	148	256	-880
-533	133	4924	194	49	-341
-831	-404	4966	210	-482	-213
-891	-759	4437	171	-941	-245
-599	-1221	3611	35	-779	-276
-96	-1416	3636	-315	108	-611
-28	-281	4436	-654	442	-406
-1095	257	4752	-783	284	286
-2430	-62	4687	-743	-285	177
-3036	278	4049	-843	-394	134
-3221	429	3365	-1142	-140	373
-2777	525	3568	-1193	173	461
-2254	615	4159	-985	-146	447
-1890	281	4431	-654	-527	291
-1661	-517	4387	-282	-601	88
-1784	-1019	4661	195	-754	-254
-1652	-828	4184	622	-988	-269
-1138	-612	3514	916	-935	-426
-855	-122	2945	1018	-646	-762
-719	290	2556	918	-292	-834
-824	343	2496	785	184	-706
-868	173	2733	691	518	-569
-901	17	3106	559	627	-504
-957	-64	3514	440	638	-558
-1038	-45	3863	345	427	-688
-962	68	4052	253	87	-807
-849	272	4234	140	-28	-800
-805	311	4412	57	-332	-685
-650	248	4438	66	-695	-636
-465	372	4255	77	-1177	-588
-345	376	3626	33	-1277	-491
-196	271	3230	2	-735	-540
-179	493	3501	92	261	-444
-366	780	4381	176	847	-34
-895	601	5116	275	700	170
-1438	170	5551	322	67	-129
-1980	263	5015	508	-141	-294
-2234	858	4448	802	-323	372
-2405	532	3785	43	115	727
-2269	283	4412	17	136	592
-1795	-223	4872	120	-168	537
-1463	-699	4543	371	-503	276
-1388	-568	4054	700	-416	46
-1350	-265	3645	900	-194	59
-1098	-101	3371	993	-221	142
-972	-53	3043	996	-219	60
-1027	-36	2743	923	-287	-42
-1018	-32	2558	787	-211	-193
-802	80	2553	625	-39	-349
-852	205	2989	381	191	-428
-786	503	3465	239	169	-330
-626	722	3875	124	97	-157
-650	608	4369	-27	53	-100
-816	293	4744	-79	-144	-46
-727	26	4984	-27	-446	-78
-697	-215	5004	106	-872	-139
-486	-279	4531	178	-1190	-412
-56	312	3922	130	-1007	-494
53	555	3817	234	-161	-61
-952	-169	4280	317	477	-125
-2364	-330	4521	402	602	-450
-3067	503	4426	839	561	-22
-2558	158	3794	1308	145	228
-2362	-653	4061	972	-351	-816
-2726	-863	4387	582	-688	-1416
-2415	-202	4718	463	-613	-1495
-1660	1352	4337	116	-333	-1328
-1503	1931	4679	-321	352	-635
-1373	1707	4850	-737	526	-97
-1199	713	4594	-1149	350	88
-1008	-296	3950	-1429	-231	-35
-777	-734	2877	-1678	-607	-602
-566	-664	1850	-1706	-576	-1055
-305	-357	1045	-1433	-213	-1067
-244	-93	838	-897	720	-542
-412	-108	1498	-286	1692	116
-873	-299	2957	218	2050	503
-1447	-701	4522	526	1346	539
-1313	-851	5293	500	21	169
-1173	-773	5516	307	-1085	175
-839	-344	5284	24	-1540	78
-374	-142	5232	-91	-1404	120
-119	-578	4984	-103	-1333	-37
35	-494	4508	-261	-1079	-164
-491	-157	4237	-305	-925	289
-1850	162	3489	-238	-850	1060
-3476	-760	2104	-500	56	898
-3498	-315	2746	-1019	1724	303
-3815	1087	5960	-1132	1699	789
-3712	1295	7960	-1060	-260	1258
-2647	402	6626	-711	-1678	1191
-2003	-1235	5191	-24	-2025	1036
-1198	-1767	3885	687	-1503	868
-834	-1597	2982	1230	-876	612
-560	-890	2268	1543	-430	277
-500	-138	1882	1390	-95	143
-438	484	1643	1032	-127	-14
-383	765	1301	708	16	97
-517	397	1441	449	402	99
-604	174	1924	179	728	-216
-849	339	2764	-160	969	-349
-991	306	3963	-378	791	-7
-837	-29	5157	-372	-127	-178
-650	-114	5466	-269	-1170	-723
-330	-76	4682	-46	-1325	-871
-513	198	4058	-53	-786	-690
-589	161	3862	-75	30	-510
-255	108	4977	592	768	-414
-638	-56	5626	1027	276	-523
-1414	-185	4946	1053	-326	-624
-2323	216	3776	1029	-479	-617
-2777	39	2809	1069	-171	-900
-2526	589	2804	943	720	-924
-2303	3	4978	511	1041	-563
-2610	-497	6109	274	-246	-359
-2003	-248	5397	59	-934	-545
-1632	230	4653	-283	-835	-836
-1126	949	4154	-588	-287	-729
-764	1117	3688	-816	147	-206
-944	473	3509	-964	369	168
-1118	-385	3051	-1016	190	108
-1130	-745	2539	-1020	59	-206
-844	-661	2031	-1006	248	-430
-556	-206	2078	-675	878	-178
-526	133	2939	-336	1219	242
-633	326	3900	-124	853	599
-685	505	4256	-110	379	948
-516	50	4395	-117	-131	1240
-580	-322	4360	-104	-823	1216
-662	-659	3706	-105	-1163	1227
-530	-1184	3376	-86	-702	1065
-497	-1650	3707	-249	-128	676
-674	-1079	4381	-569	173	404
-2519	-815	4873	-842	-259	453
-3275	-468	3741	-1175	17	-455
-3144	729	4651	-1284	704	-632
-2874	1474	5381	-1039	331	-70
-2424	1364	5867	-931	-508	817
-2147	276	5472	-701	-1246	1297
-1922	-967	5018	-279	-1522	1061
-1314	-1041	4092	158	-1565	678
-1023	-863	3099	594	-907	525
-795	-668	2865	739	-176	148
-801	-178	2970	583	199	-211
-1041	201	3071	410	205	-286
-1124	144	2979	411	70	-278
-910	139	2540	423	96	-370
-664	43	2422	397	422	-323
-781	41	2897	320	732	-272
-868	186	3517	210	729	-218
-844	202	3963	58	419	-197
-746	347	4049	-34	108	-255
-718	402	4077	-16	-112	-183
-563	177	4153	72	-349	-298
-393	-107	4151	81	-380	-453
-506	-37	3931	64	-249	-485
-554	-68	3994	134	225	-436
-581	471	4329	364	600	-199
-572	279	4966	683	600	41
-824	83	5198	907	163	-80
-1160	-33	5265	979	-268	-118
-1525	262	4886	1032	-406	-9
-2375	586	4125	1050	-381	152
-2439	367	3364	1066	61	316
-2280	-390	3107	879	244	38
-2443	-1010	3660	494	419	-580
-2331	-1174	4571	350	289	-732
-1753	-211	4936	259	-193	-859
-567	759	2472	563	580	-715
-737	662	2927	346	901	-451
-919	560	3566	190	1044	-165
-1054	485	4294	47	830	13
-1068	340	4643	-51	202	98
-889	83	4365	-93	-391	82
-716	-177	3822	-52	-614	-45
-514	-278	3350	-90	-459	-326
-625	-177	3390	-184	-53	-532
-799	62	3507	-195	234	-451
-1042	263	3979	-198	411	-352
-1078	383	4626	-173	393	-198
-885	113	5119	38	251	-4
-731	-492	5398	240	-145	-234
-861	-786	5237	389	-582	-713
-1058	-702	4950	637	-607	-877
-1128	-26	4774	1004	-155	-987
-1709	1017	4676	1109	-243	-652
-1881	891	3641	1185	-646	-26
-2055	-566	2600	1287	-342	-460
-2308	-1411	2864	783	-101	-1695
-2580	-564	3649	395	474	-2088
-1898	894	4917	227	976	-1230
-1630	1475	5744	-66	433	-438
-1456	1531	5800	-286	-383	126
-1156	972	4899	-638	-1186	342
-900	127	3790	-1023	-1423	132
-609	-632	2676	-1219	-1314	-212
-521	-812	1819	-1296	-823	-604
-495	-615	1408	-1159	-132	-686
-521	-206	1431	-669	667	-376
-697	73	2222	-228	1407	52
-1093	144	3472	40	1382	395
-1132	-45	4026	130	743	507
-978	-232	4181	156	297	588
-752	-435	4374	134	-8	564
-689	-563	4311	116	-335	416
-655	-671	4205	112	-409	319
-733	-616	4172	171	-211	357
-923	-579	4421	345	255	452
-1194	-778	4890	467	215	244
-705	-1010	4982	236	184	-124
-356	-813	5239	-116	84	-371
-686	-182	5257	-504	-69	-355
-915	229	4650	-719	12	9
-1891	474	3703	-772	-147	267
-2594	668	2570	-770	-345	881
-2789	816	2117	-894	253	1411
-2773	496	3592	-771	989	1673
-2387	-129	5649	-572	289	1211
-1800	-669	6526	-143	-313	814
-1751	-774	6391	215	-1412	550
-1424	-722	5077	544	-1938	297
-902	-807	3482	875	-1714	153
-558	-741	2514	1010	-1056	-58
-385	-177	2319	750	-226	-418
-571	277	2306	547	182	-473
-852	351	2306	466	261	-363
-871	83	2215	404	291	-352
-727	-49	2413	216	567	-468
-789	-32	3143	-8	641	-495
-723	111	3690	-202	357	-447
-664	236	4069	-288	205	-464
-608	123	4320	-255	-34	-773
-724	24	4308	-219	-310	-1072
-755	-79	4157	-163	-259	-1048
-911	26	4060	-275	-195	-954
-739	521	4076	46	324	-381
-418	31	4698	523	720	-144
-952	-285	5267	769	647	-407
-1690	-660	5784	857	-157	-598
-2003	20	4822	1060	-545	-653
-2247	648	3703	1285	-371	-275
-2355	481	2938	1392	102	45
-2428	-469	3710	856	570	-537
-2457	-606	4780	425	270	-821
-1902	-129	5123	223	-155	-899
-1494	770	4844	3	-563	-760
-1346	1200	4321	-210	-620	-251
-964	1172	3721	-438	-382	255
-889	485	3521	-668	-120	555
-994	-148	3193	-846	-183	513
-1135	-546	2777	-964	-220	232
-1068	-525	2456	-970	-121	22
-882	-279	2432	-715	255	206
-824	-226	2791	-410	584	410
-855	-237	3227	-205	724	446
-930	-340	3693	-46	738	486
-1041	-493	4048	45	524	417
-980	-461	4061	62	123	355
-891	-264	3852	67	-138	384
-776	-33	3785	117	-30	601
-709	21	4104	176	179	900
-804	-167	4367	163	177	970
-856	-272	4362	45	116	861
-1102	-810	4358	-25	-71	640
-496	-736	4259	-308	-17	198
-426	-11	4589	-722	189	319
-1272	33	5032	-1001	-38	586
-2133	-415	4519	-1002	-360	168
-2609	-365	3556	-960	-182	132
-2710	-100	3122	-990	447	279
-2686	620	3764	-868	859	647
-2343	885	4792	-666	391	1066
-2070	609	5109	-481	-215	1060
-1938	-31	5135	-242	-846	1057
-1752	-707	4635	33	-1349	807
-1398	-998	3927	275	-1360	460
-1092	-1049	3293	508	-1032	96
-902	-698	2971	585	-618	-288
-788	-291	2923	492	-246	-600
-967	62	3020	434	3	-727
-1076	308	3088	390	-7	-694
-1088	281	3168	343	5	-644
-981	285	3273	260	9	-598
-865	272	3323	154	66	-546
-791	243	3511	15	173	-515
-818	131	3751	-105	193	-561
-775	189	3947	-142	72	-556
-686	58	4043	-147	-169	-501
-679	-176	4048	-145	-362	-650
-590	-240	3864	-176	-470	-851
-568	-22	3635	-150	-238	-821
-772	-76	3824	-89	225	-888
-910	163	4265	38	508	-816
-678	155	4832	316	578	-509
-497	-297	5249	621	282	-569
-589	-619	5290	784	-261	-895
-829	-441	4825	852	-634	-1110
-977	-6	4188	876	-469	-1176
-1892	1000	4885	-24	-828	-338
-1257	1381	4388	-335	-848	-92
-998	1454	3777	-641	-679	402
-1106	670	3441	-936	-374	898
-1278	-362	3217	-1181	-364	795
-1139	-713	2742	-1277	-535	333
-861	-496	2241	-1228	-335	178
-738	-255	2010	-1012	170	292
-893	-14	2503	-547	607	549
-941	-209	3066	-267	559	675
-1016	-571	3511	-163	497	521
-841	-927	3819	-65	403	203
-756	-983	3973	10	96	-152
-632	-585	3550	73	-152	-397
-484	-148	3032	89	24	-382
-560	80	2838	142	514	-324
-602	-43	3237	182	1055	-266
-836	-489	4216	161	1119	-335
-993	-683	4878	-47	623	-595
-807	-298	4857	-339	206	-544
-476	139	5125	-407	-1	-180
-244	124	5685	-363	-259	444
124	-305	6202	-534	-598	629
-845	-554	5657	-700	-1067	435
-2982	-1131	3994	-377	-1288	222
-2715	-1300	2289	-477	460	545
-2413	-215	3371	-546	1413	867
-3170	1704	4671	-392	557	1096
-2750	730	4865	-497	326	908
-2207	-606	5505	-408	-82	24
-1866	-681	5404	-189	-841	-111
-1323	-1147	4584	305	-1152	198
-1206	-869	3879	830	-742	-22
-1215	-438	3423	1158	-307	-218
-1143	1	3183	1190	-262	-386
-952	412	2775	1035	-125	-488
-1048	642	2687	750	41	-382
-1008	268	2474	505	53	-286
-968	-116	2403	333	210	-500
-719	-216	2416	298	354	-688
-516	-25	2764	184	671	-770
-462	130	3453	15	661	-748
-409	217	3881	-49	363	-645
-344	227	4287	99	-1	-534
-654	-32	4589	285	-836	-447
-795	-130	4102	340	-1551	-631
-249	1222	3562	218	-1340	-324
432	1477	4132	385	50	534
-653	-48	5555	529	461	71
-2324	163	5874	697	172	7
-3276	348	6191	1001	4	991
-2811	-480	4814	1635	-423	946
-2561	-1650	4209	1595	-855	-628
-2696	-2066	3439	1009	-1189	-2056
-2598	-564	3579	544	-76	-2097
-1880	1175	4389	75	366	-1552
-1311	1990	4429	-340	238	-808
-999	2134	3990	-658	278	-2
-986	1131	3547	-860	324	656
-847	-76	3241	-1113	258	602
-617	-1053	2737	-1372	-171	7
-555	-1128	2076	-1443	-301	-673
-390	-703	1386	-1161	-246	-953
-287	-305	1200	-547	550	-698
-524	-161	1941	50	1626	-185
-873	-333	3455	401	2231	104
-1118	-488	5032	447	1815	27
-1168	-342	5703	315	632	-121
-854	102	5323	58	-359	-60
-453	256	4955	-58	-742	432
-692	190	4551	-53	-744	696
-845	-146	4050	-1	-517	787
-885	-1023	3693	6	-388	716
-516	-1290	3564	-359	81	385
-818	-358	4209	-853	580	606
-3016	-1082	4523	-939	212	678
-3981	-1288	3731	-1186	247	-556
-3254	-332	3339	-1260	907	-1079
-2766	571	5154	-833	1339	-277
-2671	1038	6512	-490	-201	93
-2438	627	5664	-244	-1397	737
-2223	-405	4626	5	-1759	1023
-1577	-383	3551	217	-1515	935
-948	-401	2734	383	-656	958
-960	-566	2674	520	267	650
-1133	-221	2918	431	820	58
-1489	-87	3483	359	906	-144
-1839	-453	3886	259	212	-518
-1560	-345	3269	188	-428	-850
-1142	-235	2754	161	-407	-910
-891	-64	2784	170	29	-933
-900	173	3226	205	189	-816
-1101	275	3725	64	89	-724
-1114	331	3943	-49	-302	-582
-978	276	3774	-88	-603	-503
-623	15	3671	-167	-532	-631
-541	-199	3797	-155	-510	-820
-603	-341	3794	-94	-573	-957
-545	-395	3745	-110	-598	-1211
-542	-44	3710	-7	-414	-1131
-532	488	3717	183	-134	-754
-477	665	4334	452	230	-312
-1109	424	5221	736	166	-143
-1823	165	5650	875	-465	-243
-1926	463	4780	1150	-385	449
-2301	652	4085	1332	-114	981
-2540	72	3467	1367	333	1104
-2194	-1285	3896	929	145	-14
-2442	-2102	4287	497	-246	-929
-2176	-1237	4483	330	-413	-1384
-1644	69	4428	215	-644	-1312
-1247	1372	4204	112	-687	-780
-1128	2055	3755	-88	-406	135
-1072	1266	3551	-419	3	916
-1039	-17	3582	-796	224	827
-1162	-550	3588	-1072	-29	384
-1029	-599	3093	-1091	-313	182
-838	-281	2778	-858	-187	299
-636	-231	2687	-541	82	538
-611	-357	2878	-283	426	615
-704	-466	3429	-143	630	624
-883	-466	3999	-104	449	574
-871	-424	4166	-113	72	566
-763	-289	4090	-120	-239	550
-637	-60	3967	-21	-433	718
-622	-250	4002	130	-422	892
-645	-561	4126	226	-254	821
-590	-531	4265	244	-91	892
-606	-1040	4329	157	51	804
-481	-997	4733	-183	273	247
-1143	26	3165	1188	-751	-947
-886	107	2459	1019	-562	-978
-832	-132	2204	817	-210	-965
-828	-277	2216	719	23	-984
-838	-234	2374	645	100	-1101
-810	147	2591	560	173	-1088
-843	560	3078	349	213	-813
-895	688	3664	49	104	-563
-997	506	4045	-175	-107	-487
-724	159	4315	-247	-358	-651
-459	36	4364	-252	-724	-1011
-361	237	3799	-156	-763	-865
-494	489	3433	-41	-250	-381
-891	845	3819	119	246	318
-768	693	4298	230	386	748
-546	55	4876	380	354	668
-513	-660	5249	449	205	96
-732	-1155	5686	491	-75	-630
-1115	-588	5554	670	-505	-1061
-1216	497	4862	871	-508	-995
-1234	1168	4255	955	-104	-579
-1581	1142	3812	857	-48	-89
-1727	-3	3082	744	-174	-37
-2478	-1491	2938	396	-308	-1058
-2781	-1084	3130	176	320	-1778
-2055	-207	4668	269	1005	-1331
-1763	845	5186	237	549	-906
-1492	1795	5312	50	161	195
-1416	1414	4997	-429	-93	691
-1080	304	4180	-1039	-371	183
-630	-446	3238	-1394	-410	-537
-495	-798	2504	-1471	-323	-1048
-455	-667	1677	-1345	-49	-1224
-506	-214	1505	-950	593	-974
-530	138	1768	-389	1284	-165
-857	116	2894	67	1641	419
-1069	85	3840	270	1018	660
-787	-308	4064	327	256	711
-626	-508	4167	289	34	569
-619	-390	4663	255	2	633
-742	-418	5130	232	-297	761
-836	-543	5073	209	-559	629
-908	-809	4875	233	-664	484
-260	-1146	4581	-53	-445	122
-359	-630	5308	-466	-237	105
-1064	278	5395	-642	-673	323
-2120	437	4232	-619	-901	809
-3270	174	2443	-689	-446	955
-3413	6	2285	-1055	1003	864
-3310	363	4195	-1169	1606	642
-2993	701	6249	-1087	359	649
-2254	-10	5987	-661	-603	550
-2056	-851	5353	-187	-1148	468
-1521	-1240	4369	448	-1337	292
-1081	-1243	3308	936	-1077	-60
-727	-1066	2424	1228	-724	-463
-612	-448	1971	1083	-322	-926
-517	244	1783	810	32	-1063
-533	568	1816	644	398	-761
-648	377	2115	483	726	-494
-700	58	2700	234	895	-539
-714	125	3429	13	711	-594
-594	290	3863	-132	235	-390
-659	267	4186	-201	-79	-319
-686	85	4526	-185	-389	-535
-749	-21	4599	-200	-733	-835
-862	-120	4131	-168	-758	-934
-817	159	3926	-403	-184	-1099
-718	577	4291	-48	417	-481
-761	22	5368	715	621	-195
-1701	-849	5827	1007	-203	-480
-2118	-350	4525	1222	-549	-414
-2448	372	3509	1505	-131	9
-2390	263	2857	1697	765	172
-2693	-639	4168	1099	800	-847
-2786	-540	4871	671	67	-1180
-2151	138	4867	317	-408	-941
-1727	619	4730	-25	-615	-706
-1356	745	4388	-220	-562	-516
-1075	875	3979	-357	-386	-210
-971	716	3575	-518	-234	229
-1068	135	3290	-724	-137	404
-1171	-279	2980	-800	-237	310
-1080	-476	2568	-838	-149	112
-847	-400	2393	-730	286	30
-867	-426	2772	-458	730	215
-1027	-548	3322	-234	751	252
-1112	-466	3731	-30	497	266
-1003	-346	3789	74	178	298
-850	-246	3773	164	30	441
-777	-257	3691	208	-21	502
-693	-182	3910	236	96	582
-675	-78	4364	165	50	750
-764	-231	4549	112	-154	793
-806	-435	4536	20	-384	618
-704	-751	4402	-93	-601	352
-236	-452	4273	-460	-480	244
-945	-118	4538	-775	-374	478
-1967	-425	4306	-924	-397	387
-2644	-352	3495	-1173	236	-43
-3074	274	3744	-1149	710	290
-3113	940	4302	-1001	542	513
-2599	1005	4725	-762	78	1019
-1975	298	5058	-654	-249	847
-1936	-496	5157	-411	-632	550
-1769	-1032	4782	-67	-1035	261
-1277	-1149	3926	344	-1118	20
-880	-928	3040	718	-709	-304
-835	-508	2838	881	-170	-564
-812	-114	2778	792	17	-731
-951	213	2680	644	52	-745
-992	257	2553	540	115	-681
-987	215	2643	366	346	-735
-986	276	3161	210	566	-736
-1024	344	3692	63	531	-622
-999	409	3990	-50	240	-440
-891	537	4047	-195	20	-317
-761	619	4074	-307	-132	-77
-561	422	4072	-368	-216	100
-553	75	4196	-442	-351	-15
-570	-73	4041	-446	-558	-91
-597	-386	3720	-297	-391	-198
-751	-423	3745	-207	-69	-487
-651	-129	4100	51	234	-330
-359	-262	4637	480	433	-173
-556	-527	5371	797	165	-353
-869	-335	5422	966	-491	-535
-1016	19	4951	1033	-714	-607
-1261	660	4505	944	-480	-585
-1727	1577	4032	890	-22	76
-715	459	2367	564	102	-695
-759	712	2381	531	340	-231
-824	640	2663	320	593	-54
-744	508	3024	145	695	42
-655	366	3257	29	611	184
-559	294	3468	-68	511	284
-623	-24	3744	-121	383	263
-938	-697	3929	-34	193	-51
-951	-1156	4218	-64	197	-744
-1082	-1138	4797	-266	-70	-1241
-991	-155	5107	-394	-674	-1331
-583	787	4624	-271	-822	-921
-115	1037	5099	228	-404	-577
-694	431	5517	597	-429	-566
-1025	-422	5034	600	-469	-653
-1456	-347	4486	608	65	-158
-2063	-764	4350	582	107	-318
-2678	-1132	3763	773	-197	-724
-2751	-1540	2763	869	-554	-2206
-2429	-458	2638	568	204	-2662
-2148	763	3884	326	1239	-1699
-1621	1939	5264	78	1210	-686
-1344	2281	5362	-186	472	379
-1386	1447	5010	-477	-310	1221
-1185	223	4171	-918	-1000	1248
-885	-634	3163	-1276	-1151	959
-537	-868	2257	-1371	-1089	666
-372	-832	1642	-1167	-568	520
-355	-681	1607	-745	211	624
-632	-470	2319	-330	975	867
-850	-425	3226	-96	1293	1122
-950	-419	4192	65	1126	1136
-913	-441	4780	133	545	1017
-768	-526	4619	142	-302	745
-576	-588	3753	115	-740	507
-396	-569	3285	132	-541	445
-460	-776	3528	200	-146	486
-659	-854	4172	310	153	394
-866	-627	4966	407	54	511
-927	-1121	5026	434	-485	300
-357	-754	4470	174	-514	-52
-396	-230	4598	-145	-233	121
-1010	143	4963	-472	1	-1
-1657	319	5239	-760	171	364
-2283	-112	4733	-1034	-225	689
-2615	293	3426	-1359	-694	654
-2433	1290	2364	-1382	-375	1446
-2151	858	3150	-817	424	2194
-1857	-906	4765	-234	682	1799
-1501	-2267	5866	250	200	552
-1807	-2275	5890	714	-793	-170
-1619	-1926	5185	1160	-1601	-836
-1129	-1033	3813	1410	-1835	-1365
-538	-93	2801	1393	-1279	-1408
-411	621	2514	1234	-538	-1202
-471	972	2360	973	-54	-909
-614	822	2275	669	247	-563
-646	324	2472	412	450	-351
-602	-66	2886	242	626	-477
-504	-262	3303	161	540	-614
-427	-242	3590	57	467	-700
-536	-29	3893	15	396	-659
-523	1	4224	17	337	-623
-685	-43	4653	-12	82	-765
-864	108	4769	-87	-327	-920
-654	231	4483	-71	-621	-959
-338	541	4125	124	-293	-775
-494	860	4342	388	194	-187
-708	662	4494	588	368	59
-866	-243	4854	708	450	-149
-1434	-226	4977	850	324	-357
-1904	95	4812	1116	13	-175
-1803	-173	3803	1391	-124	-135
-2012	-1140	3165	1383	121	-924
-2171	-1614	3428	958	14	-1993
-2454	-1044	4045	538	0	-2253
-1989	460	4540	298	-199	-1868
-1320	1480	4474	132	-204	-1026
-1236	1992	4621	-64	-141	-39
-1347	1672	4552	-305	-254	896
-1220	648	4196	-649	-427	1051
-859	-268	3420	-898	-512	785
-720	-766	2852	-1012	-74	450
-818	-879	2988	-933	249	155
-782	-547	2923	-772	235	-4
-713	-167	2806	-594	448	60
-696	-35	2988	-466	820	308
-707	-220	3444	-368	1057	466
-871	-325	4020	-300	987	442
-887	-316	4182	-269	578	444
-730	-273	3985	-239	190	424
-579	-160	3776	-173	80	493
-533	17	3828	-78	130	683
-485	-10	3988	0	104	906
-551	-358	4127	-12	-16	784
-842	-703	4182	-37	-160	490
-937	-1053	4098	-41	-86	231
-639	-1195	4466	-150	313	-118
-493	-780	5373	-402	403	-88
-906	-301	5849	-692	-12	78
-1151	-44	5400	-863	-475	201
-1777	-238	4470	-973	-496	165
-2061	-438	3787	-1135	-269	-196
-2229	495	3040	-1208	48	-87
-2074	1186	3004	-985	115	893
-2104	1148	3485	-650	223	1453
-2030	149	4198	-338	332	1478
-1801	-1015	4587	-93	180	991
-1723	-1705	4812	140	-103	220
-1619	-1635	4776	470	-438	-400
-1157	-851	4183	766	-937	-747
-706	-135	3382	926	-995	-598
-583	342	2795	908	-651	-372
-628	481	2572	783	-192	-183
-823	426	2710	548	239	10
-804	167	2949	326	540	34
-927	66	3431	146	744	-42
-1009	55	3913	-2	608	-54
-1014	101	4197	-100	270	-45
-883	103	4258	-198	-73	-54
-702	192	4172	-284	-355	-49
-658	234	4028	-368	-484	2
-721	-2	4005	-416	-616	-146
-641	-52	3766	-341	-725	-326
-595	-149	3384	-261	-489	-382
-597	-130	3328	-132	205	-499
-883	356	4170	-46	822	-112
-845	56	5153	220	645	163
-677	-431	5550	567	52	-43
-750	-763	5502	847	-577	-356
-2393	429	5472	47	-391	362
-1788	-433	5338	228	-1042	-39
-1536	-846	4572	622	-1218	-408
-1125	-560	3598	1036	-961	-418
-800	-32	2983	1103	-341	-311
-828	347	2849	956	-95	-184
-967	505	2685	758	-104	-131
-1016	444	2445	599	-200	-49
-939	321	2198	490	-103	-28
-893	155	2281	363	197	-76
-880	215	2713	179	443	-55
-957	376	3430	-12	432	48
-977	487	4010	-179	183	112
-844	550	4146	-284	-142	148
-619	317	4147	-375	-182	-60
-504	118	4331	-440	-295	-374
-447	127	4328	-435	-230	-406
-521	245	4622	-428	-39	-266
-875	697	5116	-204	54	273
-613	888	5590	353	-26	888
-553	314	5809	763	-337	931
-1170	-456	5685	757	-744	289
-1998	-539	4713	823	-726	-24
-2397	21	3385	962	-356	-104
-2201	-229	2687	1018	324	-267
-2699	-631	3599	597	188	-1018
-3381	-863	4220	397	-304	-1153
-2218	-148	4710	510	-223	-1170
-1653	869	4360	404	-428	-869
-1413	1661	4272	44	74	-72
-1221	1562	4437	-437	247	358
-1023	536	3901	-1006	130	215
-865	-327	3182	-1412	-148	-313
-852	-562	2431	-1517	-360	-437
-739	-360	1752	-1395	-309	-494
-418	-159	1439	-843	133	-317
-425	-49	1861	-157	681	43
-505	-159	2631	276	789	246
-893	-416	3529	429	664	280
-865	-493	4114	309	236	135
-683	99	4519	140	41	174
-423	199	5341	106	-260	769
-817	-47	5383	171	-890	865
-804	-729	4543	315	-1009	796
-426	-1509	4180	175	-353	361
-384	-1292	5044	-356	120	121
-1797	137	5382	-912	-291	169
-3330	126	3892	-909	-556	107
-3679	661	2880	-983	396	-9
-3425	1457	4017	-1105	1611	822
-3193	1805	6123	-876	707	1642
-2818	1017	6237	-618	-1103	1746
-2237	-868	5192	-269	-1529	1528
-1515	-1938	4132	337	-1378	807
-1184	-1571	3440	928	-706	28
-1079	-993	2872	1398	-120	-400
-804	-438	2505	1442	252	-625
-696	270	2485	1080	489	-981
-713	743	2515	841	398	-930
-838	917	2357	674	77	-563
-752	612	2086	415	-152	-343
-462	323	2123	91	173	-287
-532	181	2764	-225	593	-392
-674	351	3592	-444	604	-506
-754	508	4126	-498	185	-455
-873	157	4260	-432	-363	-572
-697	-148	4136	-555	-458	-890
-849	34	4027	-737	-138	-905
-880	253	4271	-797	358	-820
-845	510	5133	-300	621	-327
-517	-107	5807	581	179	-33
-768	-777	5501	1046	-578	-329
-1274	-1032	4758	1244	-844	-531
-2274	-605	3980	1261	-714	-1138
-2821	402	3229	1341	-417	-1414
-2582	1063	2911	1516	567	-1003
-2293	958	4170	1480	784	-372
-2599	196	5277	906	17	-309
-2135	169	5212	382	-730	-308
-1640	783	4786	-80	-1034	-452
-1281	1108	4292	-497	-823	-233
-1005	1022	3747	-798	-466	57
-1006	453	3405	-971	-310	146
-940	-240	2911	-925	-280	403
-1103	-828	2503	-973	-280	96
-988	-874	2114	-946	-50	-294
-929	-520	2197	-768	513	-390
-887	-179	2848	-426	812	-125
-823	67	3369	-171	801	32
-845	159	4009	-60	676	191
-732	-85	4271	-84	277	242
-623	-249	4176	-82	-45	159
-434	-189	4067	-2	-166	191
-492	-99	4385	96	-106	382
-813	-206	4706	158	-302	484
-962	-456	4540	135	-554	455
-539	-976	4024	53	-435	264
-126	-824	4561	-315	186	-68
-331	46	5529	-724	112	146
-1043	217	5371	-1019	-635	236
-1822	-42	3953	-1042	-1016	20
-2250	272	2917	-1008	-408	488
-3065	344	2947	-1100	545	985
-3340	717	3678	-1157	776	1049
-2588	861	4604	-1015	332	1197
-1964	674	4973	-851	-264	1162
-1660	-286	5003	-456	-607	1208
-1629	-912	4925	62	-856	845
-1214	-1209	4200	551	-950	562
-884	-1169	3392	866	-793	205
-727	-797	2999	897	-441	-81
-678	-288	2722	742	-383	-403
-503	215	2371	584	-238	-435
-442	368	2323	523	256	-294
-643	391	2714	380	594	-292
-792	240	3151	173	655	-358
-731	152	3579	-28	648	-351
-672	212	4011	-251	539	-310
-650	322	4404	-353	231	-232
-609	167	4460	-279	-191	-244
-547	-52	4541	-135	-579	-390
-731	-52	4224	-52	-819	-431
-531	38	3820	37	-563	-346
-433	361	4013	278	127	-219
-81	719	4627	632	564	237
-232	253	5346	860	587	195
-745	-24	5668	901	51	-125
-1137	-134	5310	932	-364	-448
-1322	145	4558	1035	-125	-589
-2063	612	4093	935	-184	-431
-1279	-9	4131	546	160	-481
-1230	42	4086	567	44	-546
-1142	89	3940	533	-78	-638
-1040	190	3779	481	-100	-644
-910	285	3644	432	-27	-565
-838	372	3688	336	145	-421
-949	420	3846	252	179	-329
-1004	383	3888	205	70	-316
-976	283	3843	189	-41	-336
-997	94	3748	189	-5	-374
-950	37	3796	181	117	-390
-1011	190	4041	125	225	-362
-1075	328	4506	51	241	-273
-1069	253	4928	-68	130	-347
-958	16	5342	-167	-153	-451
-763	-130	5369	-97	-531	-564
-654	-250	5054	102	-817	-649
-580	-74	4440	335	-1012	-702
-786	216	3795	346	-916	-652
-1581	435	3161	304	-346	-565
-1892	332	3038	442	59	-504
-2144	-38	2789	642	-62	-348
-2401	-553	2719	768	183	-427
-2323	-645	3655	733	513	-514
-2041	-304	4940	589	330	-732
-1615	691	5347	276	-256	-792
-1383	1182	5019	-142	-691	-708
-1170	1095	4390	-507	-774	-361
-1134	296	4014	-872	-476	-207
-1067	-468	3565	-1078	-549	-349
-844	-658	2816	-1161	-683	-751
-684	-223	2079	-1071	-290	-788
-586	131	1829	-879	369	-382
-700	223	2224	-593	940	70
-887	-4	2753	-381	1103	355
-1012	-444	3278	-170	1076	473
-1071	-840	3815	-67	902	339
-1087	-1059	4304	14	549	173
-916	-921	4403	91	215	20
-720	-661	4737	186	85	61
-710	-302	5327	282	-116	181
-701	162	5503	294	-450	290
-705	51	5171	306	-758	457
-646	-795	4693	204	-762	255
-319	-936	4537	-93	-383	53
-649	-586	4619	-533	19	-5
-1595	211	4223	-830	-24	490
-3407	-144	3049	-864	-475	694
-3738	-106	1946	-1004	-45	402
-3173	515	2949	-994	1521	685
-2862	433	6106	-619	1022	702
-2278	135	6748	-113	-453	423
-2231	-487	6311	172	-1280	623
-2005	-1018	5222	505	-1879	547
-1164	-1130	3609	926	-1769	156
-844	-1121	2535	1223	-1173	-310
-440	-512	1773	1142	-655	-816
-353	94	1593	905	140	-839
-528	532	1657	750	466	-609
-627	543	1595	557	557	-395
-690	332	1824	364	842	-208
-768	74	2595	39	1059	-258
-840	36	3457	-297	866	-427
-911	189	4314	-479	435	-433
-899	176	5069	-519	-106	-663
-1079	330	5544	-486	-814	-849
-1122	253	5006	-348	-1516	-712
-904	699	3992	-435	-1544	-339
-188	1	4008	215	-326	108
-310	-544	5097	935	337	-80
-1565	-1621	5867	1005	-225	-334
-2470	-463	4503	1158	-663	-526
-2320	592	3241	1647	-17	-91
-2389	471	3197	1734	623	-365
-2804	-444	4001	1224	179	-1017
-2786	-461	4334	687	38	-1146
-2277	32	4822	294	53	-725
-1904	513	5111	-46	-386	-686
-1513	1027	4627	-258	-623	-456
-1150	1152	4172	-512	-669	-2
-995	658	3744	-794	-673	332
-928	84	3233	-1035	-736	278
-760	-310	2365	-1061	-698	135
-683	-481	1711	-951	-236	7
-664	-499	1754	-732	592	59
-860	-326	2364	-441	1149	356
-1022	-215	3165	-230	1320	603
-957	-242	3753	-59	1074	683
-946	-328	4232	84	683	667
-913	-422	4310	121	167	536
-713	-331	4137	143	-152	539
-594	-283	4125	210	-222	714
-673	-417	4263	284	-235	760
-806	-675	4214	283	-205	567
-820	-806	3985	274	8	515
-742	-1423	4392	31	449	-26
-245	-751	5043	-400	356	-310
-544	0	5277	-796	-66	-125
-1392	409	4902	-975	-496	80
-2310	290	3943	-806	-749	256
-3258	-101	2895	-742	-60	569
-3038	-257	3072	-1018	1036	259
-2555	142	4462	-940	982	454
-2333	355	5230	-740	-26	348
-1941	726	5235	-530	-593	581
-2028	20	5193	-172	-962	846
-1543	-586	4413	225	-1381	716
-1102	-1294	3337	600	-1083	269
-922	-1417	2853	831	-439	-280
-946	-830	2818	716	-172	-894
-1002	-156	2658	638	53	-1003
-1166	268	2796	636	244	-853
-1050	387	2883	605	181	-695
-1006	532	3036	467	222	-634
-968	479	3157	345	269	-576
-997	226	3408	203	279	-495
-899	1	3616	6	227	-608
-755	57	3931	-132	129	-711
-584	-7	4211	-200	-16	-721
-528	-125	4533	-212	-242	-860
-650	-205	4576	-114	-658	-919
-588	-78	3890	44	-853	-889
-407	221	3409	146	-174	-836
-316	283	4074	384	708	-319
-373	-198	5138	721	805	-363
-960	-723	5906	1077	110	-487
-1438	-1079	5471	1153	-891	-852
-1852	-64	4168	1061	-903	-947
-2285	883	3326	1147	-131	-482
-2630	1014	3079	1348	607	128
-1057	11	4158	451	-63	146
-849	172	3882	452	-150	210
-752	333	3774	361	-21	341
-782	492	3966	192	75	449
-923	506	4227	6	28	482
-1020	196	4315	-61	-148	376
-1005	-108	4223	-18	-237	130
-1003	-145	4161	20	-211	-92
-963	-123	4249	-18	-102	-266
-922	-21	4420	-100	-10	-466
-821	129	4679	-185	-38	-566
-780	198	4662	-192	-226	-603
-633	172	4292	-132	-345	-584
-540	147	4048	-10	-303	-521
-620	231	3931	176	-183	-348
-999	121	4223	348	-120	-200
-1582	169	4166	592	39	-101
-1906	687	4073	726	-73	44
-2145	625	3286	883	-205	397
-2174	-358	2693	977	27	-40
-2022	-1063	2942	691	196	-1256
-2099	-1058	3533	372	361	-1864
-2002	-340	4428	167	396	-1792
-1707	766	4725	130	126	-1280
-1415	1541	4831	81	-91	-640
-1393	1211	4570	-141	-269	-168
-1055	501	4064	-636	-109	-180
-899	-80	3741	-991	-80	-376
-693	-268	3165	-1123	-144	-646
-666	-97	2659	-1079	18	-687
-698	67	2408	-893	295	-490
-666	190	2579	-620	743	-140
-751	-18	3082	-331	889	226
-844	-321	3596	-181	672	294
-886	-419	3899	-102	299	175
-789	-422	3899	-46	29	70
-662	-308	3888	18	-43	0
-619	-231	3990	73	-83	62
-666	-170	4012	78	17	102
-1015	-175	4133	6	238	13
-1460	-429	4719	-111	234	-250
-1312	-569	5494	-190	32	-439
-783	-118	5980	-393	-21	-221
-418	343	6220	-634	-434	514
-848	95	5566	-661	-1130	1041
-1502	-439	3902	-652	-1066	1244
-2414	-1038	2476	-748	-484	961
-3160	-906	1862	-858	324	517
-3482	294	2672	-866	1343	411
-3187	999	5142	-537	1329	728
-2822	895	6548	-216	-48	835
-2408	-303	6233	-35	-1097	833
-1980	-1241	4941	260	-1774	558
-1344	-1445	3488	566	-1677	127
-992	-1057	2436	972	-912	10
-659	-233	2239	1049	-33	-80
-571	416	2302	834	323	-131
-742	843	2341	620	352	38
-815	909	2404	518	106	482
-926	203	2282	422	-85	621
-883	-441	2274	215	-41	113
-678	-663	2442	-102	190	-420
-528	-403	3141	-509	587	-735
-514	78	4184	-680	567	-715
-683	344	5267	-665	132	-659
-1066	540	5806	-471	-865	-537
-1356	386	5051	-283	-1935	-347
-898	723	3550	-320	-2057	-100
278	409	3315	337	-388	304
-325	-423	4535	791	1001	116
-1839	-1357	5636	1118	708	-130
-2498	-384	4831	1352	375	-246
-2714	285	3891	1632	317	-191
-2666	-37	3412	1832	595	-570
-2929	-666	4138	1241	127	-1759
-2884	-243	4392	730	-322	-1589
-1994	541	4602	311	-497	-1075
-1835	841	4636	-18	-594	-877
-1579	972	4321	-244	-547	-600
-1269	857	4078	-378	-324	-346
-1271	601	3989	-543	-348	-70
-1174	-82	3434	-759	-587	15
-1131	-702	2739	-899	-641	-274
-923	-860	2108	-975	-357	-656
-729	-512	1897	-831	478	-601
-1004	-95	2580	-478	1202	-265
-1150	84	3423	-185	1278	21
-1145	255	4041	45	902	394
-999	188	4079	81	416	678
-868	-13	3935	-27	46	765
-760	-213	3811	-68	-174	743
-684	-220	3738	-73	-315	804
-580	-334	3695	-61	-175	869
-668	-212	3915	-12	-4	889
-754	-224	3987	67	-87	1038
-826	-862	3894	39	76	758
-482	-730	4513	-320	481	401
-898	-344	5621	-812	295	388
-1436	95	5647	-1222	-304	527
-2670	-344	4628	-1160	-818	491
-2971	-524	3081	-1067	-369	260
-2945	59	3028	-1193	626	139
-2831	584	4068	-1012	878	721
-2476	1067	5119	-817	160	1141
-2237	541	5261	-577	-602	1424
-2065	-440	4890	-278	-1216	1276
-1603	-1046	3992	134	-1357	1035
-1242	-1399	3335	506	-929	643
-1059	-1231	3092	871	-454	292
-1068	-585	3073	891	-282	-138
-939	-25	2859	717	-261	-388
-955	157	2625	631	-193	-328
-879	183	2479	488	-26	-339
-891	144	2735	279	231	-427
-856	261	3009	107	333	-503
-787	296	3265	-69	393	-501
-797	391	3640	-193	456	-384
-788	465	4041	-282	336	-263
-744	316	4241	-263	65	-145
-680	-112	4486	-194	-197	-355
-849	-411	4572	-148	-553	-666
-729	-488	4069	-97	-662	-791
-707	-329	3748	-40	-288	-972
-367	162	4052	331	468	-721
-467	-55	5349	793	652	-656
-956	-172	5913	1103	-87	-717
-1248	-251	5310	1227	-791	-563
-1690	304	4247	1269	-646	-456
-2212	1227	3388	1308	-114	-48
-2532	1102	2812	1409	706	463
-1418	333	4103	-397	-190	640
-1613	198	4264	-415	-181	606
-1634	114	4028	-370	-282	536
-1541	66	3631	-286	-318	446
-1501	-90	3295	-242	-276	175
-1511	-293	3041	-256	-121	-93
-1525	-498	3002	-381	89	-404
-1479	-415	3253	-535	314	-462
-1512	-352	3815	-557	478	-332
-1441	-217	4271	-508	371	-137
-1458	-91	4580	-536	97	28
-1442	108	4516	-656	-108	199
-1339	50	4366	-772	-259	303
-1086	-149	4000	-809	-394	173
-998	-294	3660	-749	-346	26
-913	-180	3334	-662	-143	5
-862	-66	3182	-569	248	159
-877	-189	3280	-534	598	229
-1003	-256	3613	-526	674	170
-1015	-195	3742	-493	498	150
-870	-190	3745	-488	325	107
-770	-228	3668	-438	231	158
-783	-369	3600	-373	214	235
-858	-490	3634	-250	246	294
-876	-443	3800	-133	275	349
-923	-291	3970	-87	268	424
-981	-75	4174	-151	188	554
-1009	-43	4341	-221	52	659
-871	-253	4626	-223	-41	620
-793	-413	4789	-240	-123	586
-784	-520	4942	-249	-58	637
-862	-551	5242	-343	-23	808
-1405	-567	5580	-482	-212	928
-1924	-711	5025	-713	-448	770
-2689	-985	4436	-709	-73	622
-2826	-406	4047	-677	-186	465
-3042	917	3807	-722	-145	796
-3197	1159	3628	-582	27	1458
-2993	635	4268	-639	482	1496
-2700	-339	4680	-547	259	1606
-2204	-1031	4423	-239	-105	1441
-1480	-1000	3787	252	-318	1073
-1137	-447	3255	700	-343	991
-945	9	2767	972	-737	1054
-983	-9	2238	866	-1175	1122
-1188	-563	1461	550	-1701	803
-1235	-1087	716	152	-1570	144
-670	-929	609	-222	-310	-546
-937	-290	2152	-442	1458	-730
-1068	463	4638	-449	1810	-697
-1375	917	6518	-312	857	-591
-1309	1074	6823	-154	-802	-100
-1058	590	5300	8	-2251	276
-603	231	3345	80	-2504	438
-128	-84	2256	141	-1661	298
-134	-407	2266	-114	-47	16
-1015	-498	3395	-323	882	-305
-1420	253	4337	-225	844	-271
-909	370	5514	279	746	-236
-664	-64	6651	933	-37	-384
-1257	-453	6320	1143	-1495	-561
-1741	-784	4684	1121	-2030	-654
-2107	-55	2799	1153	-1496	-618
-2350	550	1751	1144	52	-377
-2647	320	2521	1074	1264	-478
-2959	-372	4568	784	957	-967
-2776	-270	5513	546	-33	-765
-2124	210	5279	305	-734	-437
-1690	1058	4684	-231	-956	-247
-1350	1283	4011	-628	-749	0
-946	847	3483	-989	-266	124
-919	-116	3332	-1254	-65	101
-937	-909	2964	-1350	-149	-105
-1046	-1063	2509	-1205	-324	-436
-934	-683	1953	-875	-139	-554
-772	-245	1912	-342	537	-207
-770	98	2473	61	1148	219
-885	274	3394	255	1370	631
-1016	170	4251	215	1013	880
-984	-155	4398	62	269	841
-857	-472	4148	-6	-220	675
-759	-597	3972	-41	-419	511
-645	-792	3904	91	-473	502
-850	-766	3816	237	-324	439
-751	-827	3948	244	10	491
-643	-1114	4281	50	317	48
-430	-226	4699	-360	423	-115
-1146	439	5096	-620	107	293
-2340	17	4786	-677	-419	271
-3101	-641	3575	-818	-73	26
-3092	-1148	3610	-986	1008	-203
-2994	-386	4696	-901	1083	-428
-2824	619	5425	-664	-38	-125
-2474	1186	4802	-431	-914	358
-2014	747	4355	-241	-1020	924
-1830	179	4128	69	-828	1266
-1426	-718	3638	241	-614	1124
-1351	-1267	3251	429	-311	495
-1421	-969	3286	473	-41	-141
-1391	-387	3189	512	-140	-288
-1436	-84	3013	631	-241	-176
-1299	122	2739	550	-346	-303
-1025	211	2449	413	-93	-386
-956	259	2670	274	422	-476
-1131	89	3232	167	748	-467
-1308	-164	3821	107	676	-546
-1072	-331	4055	45	315	-737
-814	-179	4108	-17	6	-841
-722	35	4265	-78	-244	-882
-685	138	4348	-107	-726	-924
-680	87	3969	-51	-1129	-1013
-497	-143	3621	23	-1002	-1235
-462	149	3469	94	-649	-1098
-243	279	3644	439	-59	-532
-175	29	4455	877	356	-363
-921	-166	5293	1200	39	-441
-1583	300	5277	1235	-371	-403
-2139	584	4672	1206	-409	101
-2542	754	3704	1259	120	334
-2735	347	3617	1220	444	612
-2929	-1234	3859	974	300	40
-2804	-1774	4498	689	-2	-884
-2372	-1241	4874	519	-305	-1201
-1879	-70	4762	367	-767	-1391
-1391	1085	4135	179	-943	-1105
-1204	1849	3759	-97	-611	-333
-1179	1341	3635	-402	-344	476
-1150	285	3310	-683	-314	616
-1049	-375	2992	-884	-290	287
-954	-611	2707	-882	-280	36
-1565	-144	3014	-544	424	1388
-1650	-439	3238	-544	723	1035
-1701	-522	3696	-513	922	668
-1646	-263	4212	-469	840	372
-1614	112	4502	-397	450	277
-1528	313	4358	-309	59	330
-1424	361	4112	-279	-152	388
-1277	542	3844	-268	-260	528
-1088	692	3581	-271	-100	799
-1020	672	3569	-315	203	979
-1123	515	3776	-409	393	997
-1298	339	4015	-529	396	912
-1434	320	4069	-630	282	912
-1436	342	3983	-677	199	968
-1392	298	3940	-657	159	990
-1295	388	3928	-611	93	1036
-1246	468	3842	-578	-22	1143
-1210	521	3736	-550	-78	1265
-1169	508	3727	-585	-66	1350
-1152	430	3928	-631	-28	1430
-1182	428	4202	-612	-67	1503
-1443	551	4287	-472	-310	1720
-1833	621	3941	-393	-644	1839
-1915	561	3497	-386	-681	1749
-1938	71	3550	-510	-363	1400
-2319	-548	3906	-806	-97	757
-2091	-836	4231	-1068	37	343
-1774	-345	4275	-1109	-43	480
-1870	401	4285	-1049	-112	1027
-1904	846	4264	-1123	-156	1606
-1674	520	4065	-1269	12	1738
-1489	83	3730	-1482	105	1549
-1415	-529	3348	-1652	252	1245
-1358	-1066	3079	-1705	388	863
-1243	-1085	2825	-1640	392	513
-1122	-715	2513	-1402	407	428
-1104	-532	2553	-1056	716	372
-1220	-388	3096	-813	792	199
-1252	-170	3452	-611	735	173
-1215	-104	3975	-399	606	189
-1114	-386	4370	-222	173	115
-992	-725	4350	-126	-351	-135
-805	-788	3836	-90	-687	-433
-687	-735	3404	-60	-476	-589
-788	-571	3398	38	-195	-607
-909	-268	3524	212	70	-505
-1047	-90	4011	305	174	-349
-1112	15	4478	306	198	-120
-1062	222	5199	230	319	227
-1029	74	6093	135	148	648
-814	-143	6547	-34	-495	650
-594	-66	6228	-166	-1263	716
-767	-455	5214	-155	-1792	732
-1963	-1424	3498	-48	-1755	399
-2962	-1504	1779	-74	18	183
-3530	-896	2543	22	1343	398
-4003	-282	4543	94	1631	408
-4258	945	6139	-62	697	246
-3751	792	6029	-282	-417	577
-2893	-510	5295	-6	-1033	294
-1639	-924	4094	711	-1035	140
-888	-1028	3240	1390	-709	137
-702	-654	2684	1583	-466	-265
-780	-190	2233	1464	-499	-538
-773	-111	1883	1197	-548	-579
-631	-53	1370	909	-730	-855
-478	-87	1024	614	-523	-1179
-469	237	1076	349	-94	-1145
-639	410	1781	-42	572	-791
-754	432	2954	-258	796	-668
-826	315	4111	-322	301	-747
-932	350	4754	-319	-495	-988
-891	330	4934	-60	-944	-949
-1065	362	5024	7	-1261	-936
-899	567	4521	124	-1538	-333
-632	234	4168	420	-1052	15
-1272	-66	4403	802	-436	-67
-3269	-425	4598	758	-495	-123
-3725	619	3406	1291	322	120
-2418	998	4386	1543	1360	618
-3901	17	6708	894	163	720
-3825	-578	6087	417	-1844	299
-2214	-176	4132	205	-1850	-436
-1480	717	3511	12	-481	32
-1567	656	4094	-350	599	385
-1530	687	4182	-770	532	524
-1268	247	3479	-1059	155	579
-1308	-175	3011	-1180	-136	404
-1076	-508	2478	-1364	-425	13
-812	-484	1871	-1378	-469	-238
-558	-283	1421	-1225	-147	-163
-365	-3	1320	-809	461	86
-538	226	2001	-282	975	486
-741	113	3013	86	1103	845
-912	-273	3919	221	659	859
-836	-356	4126	172	-46	817
-1016	-79	4277	17	-201	1042
-1001	38	4692	-98	14	1205
-1062	-225	5783	-193	11	1183
-813	-1102	5982	-208	-725	903
-369	-1282	5371	-519	-1211	582
-881	-481	4750	-801	-1116	507
-2169	-642	4033	-816	-644	614
-3955	-1311	2627	-853	228	-431
-3901	-143	2928	-1080	1484	-722
-3527	900	4956	-1074	1499	-345
-3163	2007	6079	-1107	-335	278
-2667	1695	5302	-1023	-1223	1115
-2419	-107	4851	-518	-1572	1357
-1587	-1163	4006	166	-1131	1243
-980	-1728	3234	780	-474	834
-981	-1755	2752	1354	31	195
-929	-1117	2564	1376	183	-484
-878	-382	2469	1104	195	-851
-943	187	2403	911	98	-963
-857	382	2211	776	-56	-925
-613	445	1960	632	-48	-856
-409	366	2018	273	362	-959
-605	298	2845	-59	718	-1023
-835	298	3828	-274	568	-1028
-876	-92	4600	-259	-3	-1171
-784	-296	4970	-181	-685	-1687
-1003	292	4912	-102	-1211	-1703
-917	1015	4454	-114	-1228	-975
-97	1369	4094	310	-472	-448
32	614	5256	1203	457	71
-1586	-369	5525	1294	-181	175
-2339	-275	4079	1160	-213	258
-3379	-242	3057	1339	453	156
-3301	-73	3613	1720	1091	-4
-1006	264	2907	571	320	-197
-1155	81	3018	440	558	-188
-1218	7	3209	389	708	-159
-1246	-75	3464	381	752	-138
-1268	-100	3722	430	696	-190
-1239	-38	3930	435	565	-262
-1147	62	4010	413	378	-298
-1049	196	4088	365	192	-283
-954	238	4124	291	-14	-292
-818	382	4012	195	-182	-257
-666	503	3792	93	-228	-87
-567	488	3717	-8	-79	135
-676	249	3927	-131	111	278
-870	173	4323	-154	106	368
-1180	75	4738	-88	-76	565
-1172	-129	5087	7	-376	447
-875	-367	5324	51	-705	72
-436	-47	5191	52	-853	-205
-524	607	5089	44	-809	-67
-877	849	4448	281	-483	469
-678	456	4141	547	148	761
-1047	-21	3914	535	258	691
-2412	-598	3408	357	-187	398
-3032	-1438	2403	250	-651	-449
-2640	-1071	2290	288	544	-1515
-2548	-166	4472	392	1514	-1542
-2406	1095	5682	423	921	-835
-1917	1732	5547	174	56	-9
-1689	1600	4858	-269	-426	375
-1412	692	4087	-902	-376	211
-1049	-225	3471	-1423	-323	-201
-732	-846	2672	-1690	-605	-601
-595	-856	1834	-1657	-689	-908
-398	-421	1051	-1295	-522	-897
-230	4	771	-584	518	-411
-437	-53	1562	-69	1506	103
-902	-251	2776	297	1558	263
-1062	-613	3752	445	968	237
-1192	-949	4353	504	399	-120
-1104	-731	4852	493	206	-290
-867	-326	5821	429	116	0
-951	-37	6226	255	-542	52
-878	550	5850	151	-897	240
-674	-110	5292	194	-816	506
-162	-565	5336	-154	-523	269
-459	-485	5210	-482	-726	179
-1749	-4	4114	-619	-824	585
-3832	-739	2479	-667	-391	519
-4292	-686	1906	-851	742	-52
-3790	385	4081	-1022	1886	314
-3420	1080	6737	-820	369	794
-2942	924	6095	-491	-1046	956
-2341	-555	5193	-113	-1435	975
-1677	-1287	4145	478	-1351	822
-942	-1547	3086	974	-920	550
-628	-1361	2332	1267	-349	123
-634	-721	2055	1185	28	-325
-582	140	2152	935	175	-603
-623	758	2087	741	-62	-443
-600	749	1755	563	-342	-205
-543	306	1453	278	-128	-356
-589	164	1915	-92	313	-574
-662	206	2779	-446	501	-633
-780	133	4174	-661	351	-513
-859	2	5367	-619	-494	-734
-920	-139	5578	-471	-873	-843
-1195	344	5183	-263	-1077	-729
-688	548	4107	-180	-853	-117
-345	-95	4940	480	178	-141
-1572	-873	5962	1039	-10	-119
-2632	-1677	4601	1190	-651	-675
-3104	-124	2979	1624	-201	-846
-2212	1161	2635	1776	892	-424
-2616	548	4158	1281	1349	-186
-3307	220	5803	564	365	-643
-2739	558	5647	104	-666	3
-2155	484	4823	-286	-1020	-2
-1574	310	3912	-523	-949	-170
-1082	420	3309	-717	-443	-166
-1065	194	3185	-862	-37	135
-1099	-368	3064	-907	-47	126
-1299	-588	2840	-920	-311	-162
-1062	-413	2190	-869	-428	-287
-813	-156	1741	-665	47	-48
-729	-77	2188	-245	934	296
-814	-8	3181	78	1257	586
-824	-106	3909	240	877	813
-870	-210	4210	190	321	764
-782	-228	4180	124	-137	683
-722	-325	4016	35	-492	638
-535	-457	3768	22	-613	591
-643	-410	3730	95	-320	622
-526	-392	4046	47	141	850
-361	-886	4806	-260	368	616
-586	-619	5347	-656	-115	278
-923	-98	4834	-884	-708	405
-2195	-289	3741	-769	-938	865
-3742	-1087	2478	-820	2	487
-3557	-790	3268	-1294	1628	-480
-3164	563	5549	-1137	1411	-628
-2604	1391	6685	-830	-435	-264
-2306	1393	5759	-532	-1633	444
-1998	-139	4990	-178	-1991	1017
-1362	-635	3975	269	-1704	1060
-970	-1111	3206	588	-962	929
-887	-1570	2934	905	-271	231
-870	-905	2891	904	92	-684
-1062	-116	2984	758	188	-973
-1270	377	2931	628	-19	-878
-1068	274	2676	601	-230	-620
-740	232	2380	501	-268	-554
-578	357	2311	326	71	-476
-549	284	2702	100	511	-354
-605	91	3322	-20	643	-378
-789	191	4034	-32	551	-465
-701	149	4461	54	118	-516
-569	-60	4523	138	-292	-648
-674	-322	4269	122	-530	-848
-511	-302	4129	120	-371	-1114
-304	334	4319	353	85	-973
-103	796	5001	853	429	-377
-597	699	5389	1186	303	-218
-1240	542	5496	1170	-190	-231
-1592	923	4750	1081	23	319
-2283	992	4118	1097	351	835
-2427	461	3621	958	640	830
-2612	-613	3791	569	195	290
-3158	-1601	4004	248	-178	-602
-2527	-1367	4182	180	-127	-975
-1915	-415	4056	131	-225	-1238
-1913	-44	4416	89	108	611
-1468	82	3885	300	-178	891
-1122	80	3596	539	-254	1260
-920	-48	3194	606	-427	1247
-866	-126	2721	582	-470	1093
-832	-99	2316	456	-286	834
-849	-81	2368	162	123	487
-1039	71	3011	-60	385	216
-1220	247	3569	-183	183	53
-1257	344	3724	-203	-177	50
-983	409	3404	-166	-393	184
-894	300	3376	-174	-170	230
-1014	-27	3644	-207	94	90
-957	-229	4102	-295	242	-226
-909	-97	4554	-328	141	-381
-859	129	4831	-324	-54	-424
-913	415	4905	-271	-278	-428
-667	567	4824	17	-274	-154
-284	-41	4860	474	-204	36
-565	-747	5176	558	-479	-391
-1516	-937	4792	432	-809	-683
-2346	-426	3855	514	-621	-969
-2760	538	3343	651	-458	-1120
-2649	1267	2632	992	-128	-464
-2513	758	3291	1127	376	-120
-2675	-74	4620	838	173	-142
-2624	-628	5009	529	-183	-189
-2052	164	4733	161	-348	-659
-1650	1176	4472	-86	-392	-544
-1201	1437	4007	-506	-78	-162
-1195	456	3908	-975	78	-15
-1039	-397	3483	-1222	-286	-327
-860	-667	2690	-1361	-512	-779
-660	-413	1910	-1384	-557	-996
-479	87	1145	-1064	-378	-723
-307	341	920	-433	542	-47
-568	-25	1813	110	1436	505
-905	-475	2992	317	1532	526
-1128	-902	4050	423	1109	305
-1135	-849	4759	478	600	-53
-977	-623	5537	508	99	-65
-971	-189	5926	363	-386	-263
-973	694	5764	151	-918	3
-829	176	5003	138	-1120	473
-666	-562	4687	-154	-770	210
-948	-282	4725	-664	-378	150
-1800	-162	4799	-860	-231	546
-3503	-1463	3855	-906	-150	-143
-3660	-695	3003	-1140	354	-861
-2948	985	3617	-1066	1117	383
-2963	1738	5672	-730	252	1198
-2673	1599	5220	-387	-1081	1696
-2319	-73	4412	-129	-967	1806
-1730	-1589	3790	209	-470	1360
-1545	-2267	3770	610	207	537
-1328	-1807	3516	1118	116	-208
-1150	-459	3203	1130	56	-772
-1068	453	2994	911	-288	-883
-794	979	2478	749	-710	-677
-594	1018	1792	526	-808	-403
-324	458	1363	238	-282	-302
-350	128	1751	-30	378	-435
-610	25	2647	-250	530	-475
-971	-42	3499	-371	292	-423
-993	-605	4112	-294	-59	-675
-961	-792	4636	-218	-344	-1273
-1014	-310	4960	-190	-533	-1483
-1009	471	5085	-449	-649	-1364
-488	775	4752	-187	-598	-930
-436	414	5176	730	-345	-604
-1446	-321	5104	1147	-620	-206
-1985	-901	3948	1305	-491	-350
-2971	-407	3208	1467	25	-750
-3058	300	2994	1822	904	-556
-2630	130	4136	1588	1332	-382
-3092	-367	5994	996	149	-876
-2434	298	5402	417	-983	-807
-1963	823	4799	-30	-1298	-622
-1564	1024	4026	-378	-1167	-561
-1109	1064	3411	-674	-573	-309
-983	841	3342	-821	-22	184
-1044	181	3224	-873	42	606
-1286	-507	2911	-922	-29	508
-1284	-542	2469	-909	-63	221
-1149	-402	2402	-862	217	90
-923	-209	2610	-688	649	161
-965	-78	3192	-390	832	460
-948	-74	3669	-200	618	680
-803	-255	3654	-66	369	772
-746	-521	3681	23	344	690
-743	-523	3780	58	209	567
-819	-181	3947	86	51	620
-888	63	4132	149	-51	831
-971	-27	4403	103	-36	884
-995	-376	4430	86	-67	881
-791	-1203	4465	-48	34	389
-231	-542	4954	-421	143	166
-948	126	5475	-812	-318	302
-1801	235	4918	-1052	-861	168
-2511	31	3452	-1177	-825	67
-3133	-66	2532	-1359	115	197
-3123	225	3102	-1334	1000	557
-2749	397	4682	-979	757	1141
-2280	317	5333	-649	-126	1043
-1959	-518	5339	-276	-684	920
-1803	-976	4939	187	-1164	511
-1328	-1099	3992	583	-1216	285
-939	-1138	3226	852	-795	-149
-827	-764	2870	934	-435	-562
-776	-91	2626	772	-248	-816
-798	292	2422	618	-124	-866
-817	513	2415	562	61	-647
-832	377	2530	424	281	-535
-935	205	2921	231	390	-498
-773	147	3104	43	508	-451
-753	224	3680	-109	739	-397
-800	309	4324	-185	548	-339
-823	231	4662	-188	146	-395
-693	27	4879	-85	-440	-513
-853	33	4656	-63	-1018	-472
-733	72	3803	-64	-1070	-467
-429	388	3230	28	-300	-488
-261	676	4175	401	978	84
-520	138	5356	837	992	194
-1441	-364	6053	1052	191	43
-1697	-379	5281	1141	-377	-36
-1910	218	4402	1126	-413	-30
-2376	567	3417	1253	-112	277
-2532	-22	2884	1157	186	16
-2500	-600	2885	839	80	-886
-1264	97	3672	314	856	93
-1390	-86	4107	294	666	45
-1356	-116	4220	280	343	35
-1242	-68	4134	298	76	10
-1058	13	3967	320	-100	2
-945	95	3814	272	-167	-38
-834	173	3700	158	-131	-49
-847	225	3815	-17	-2	-12
-887	318	4088	-163	2	73
-956	260	4333	-173	-132	176
-903	149	4453	-85	-316	246
-846	134	4630	-27	-500	297
-800	78	4655	20	-692	295
-597	-35	4528	54	-803	82
-557	-170	4365	45	-670	-203
-835	-221	4338	74	-424	-464
-1151	-178	4149	363	82	-398
-1496	162	4293	669	451	-116
-1829	337	4352	668	43	33
-2080	-23	3687	754	-262	7
-2043	-764	2917	774	-535	-747
-2157	-866	2331	628	-230	-1578
-2217	-96	2963	541	670	-1427
-2067	766	4667	415	1049	-890
-1766	1201	5483	242	388	-349
-1432	996	5112	-42	-341	-184
-1311	461	4473	-450	-626	-212
-1172	-320	3999	-915	-558	-589
-868	-664	3401	-1187	-581	-853
-648	-436	2695	-1234	-516	-1056
-517	226	2017	-1019	-104	-752
-531	469	1944	-686	820	-231
-761	439	2507	-462	1332	173
-1009	-3	3282	-356	1283	429
-1060	-570	3819	-266	950	305
-935	-1005	4124	-104	625	23
-809	-1045	4284	49	257	-243
-814	-689	4162	94	-126	-406
-836	-277	4124	137	-163	-251
-788	-109	4308	188	-154	8
-860	-181	4894	272	-241	85
-1058	-122	5227	351	-529	123
-963	-537	5223	420	-588	233
-428	-807	5130	144	-601	39
-257	-346	4954	-292	-407	74
-1017	551	4839	-687	-195	510
-2273	146	3965	-764	-507	866
-2916	-312	2742	-924	-396	556
-2878	189	2187	-1238	274	324
-3160	659	3599	-1003	1210	1166
-3219	222	5821	-495	664	1404
-2326	-876	6051	-30	-253	945
-2021	-1256	5595	311	-1039	611
-1668	-1269	4832	681	-1493	251
-1129	-924	3627	1049	-1535	-31
-708	-596	2552	1222	-1212	-282
-372	-33	1981	1055	-681	-526
-234	393	1607	820	-286	-425
-288	727	1430	603	154	-147
-490	606	1574	327	638	185
-765	354	2230	115	1031	224
-915	4	3061	-115	1146	54
-1100	-121	4129	-398	937	-258
-975	216	5026	-613	384	-221
-770	284	5795	-635	-350	-186
-942	312	5937	-434	-1567	-338
-702	514	4683	-181	-2442	-109
-278	323	3264	25	-1874	97
136	-17	3286	516	-346	285
-411	-608	3976	834	685	4
-1697	-1267	4719	864	748	-613
-3103	49	4545	1185	738	-435
-3092	659	4260	1669	523	-32
-3017	187	4157	1781	380	-408
-2848	-641	4378	1229	-412	-1149
-2372	-414	4196	709	-423	-778
-2055	-7	4749	259	-318	-460
-1881	370	4859	-69	-711	-889
-1388	741	4220	-275	-857	-1094
-1039	726	3767	-453	-583	-856
-963	428	3525	-528	-274	-405
-1057	-113	3247	-654	-144	-211
-1068	-408	2804	-672	-160	-299
-902	-399	2301	-690	170	-380
-934	-240	2444	-541	769	-257
-1046	-108	3032	-311	1109	34
-1155	51	3650	-200	962	218
-1037	60	3885	-151	577	330
-947	-123	3879	-72	232	374
-758	-396	3698	-54	-27	263
-716	-395	3559	-3	-67	292
-682	-443	3585	68	19	373
-670	-526	3823	184	294	449
-733	-459	4337	263	484	502
-843	-273	4670	219	370	574
-1112	-781	4730	148	15	354
-615	-772	4423	-111	-111	-42
-269	-440	4635	-496	46	-9
-731	246	4934	-828	-80	93
-1637	398	4662	-887	-455	457
-2448	75	3900	-810	-542	704
-3045	-526	3207	-910	-44	540
-2892	-129	3151	-1227	727	137
-2681	338	4378	-1114	685	474
-2313	678	5088	-800	-35	510
-2025	565	5071	-499	-648	790
-1873	-396	4784	-78	-1065	807
-1484	-896	4174	320	-1240	583
-1223	-1294	3494	643	-1034	134
-1076	-1275	3013	769	-619	-464
-969	-572	2947	699	-301	-899
-979	91	2818	577	-208	-900
-1050	442	2782	572	109	-684
-1119	420	3020	538	303	-470
-1147	292	3283	433	257	-494
-1049	293	3359	347	151	-417
-1072	156	3610	225	198	-228
-1006	-27	3790	127	92	-316
-846	-20	3863	33	23	-477
-768	66	4105	-63	-47	-518
-767	-142	4321	-92	-308	-544
-747	-124	4198	-107	-651	-694
-617	64	3750	-114	-708	-704
-522	-11	3390	-97	-247	-754
-749	107	3600	-116	418	-866
-805	202	4312	82	762	-479
-615	30	5156	476	523	-324
-715	-369	5519	812	-131	-397
-899	-503	5222	966	-826	-637
-1200	-474	4290	1016	-991	-797
-1162	-32	3790	-507	-107	386
-985	180	3577	-466	-113	453
-870	166	3556	-431	120	557
-882	5	3765	-403	308	555
-889	-222	4005	-370	260	420
-901	-345	4082	-325	97	250
-840	-330	4047	-311	-43	96
-715	-274	3900	-272	-67	7
-599	-264	3889	-207	1	-40
-575	-285	3893	-113	-31	-26
-631	-256	3826	-28	-74	-26
-658	-141	3717	15	-77	-26
-700	-45	3649	19	35	42
-627	-36	3691	-30	181	55
-608	-47	3825	-116	332	144
-664	-211	3962	-191	418	192
-843	-411	4269	-249	372	88
-983	-559	4596	-301	152	-82
-929	-442	4890	-260	22	-44
-868	-112	5232	-148	43	315
-1136	-245	5631	13	-153	736
-1178	-782	5544	-44	-99	673
-1329	-1209	5710	-217	-111	309
-1656	-1031	4906	-449	-611	-230
-1785	-347	3794	-436	-810	-115
-2243	380	2654	-413	-854	37
-2548	1578	2088	-309	-132	767
-2634	1284	2867	-2	930	1775
-2720	71	4726	66	1082	1658
-2392	-1240	5517	37	48	767
-1888	-1498	4777	258	-769	-135
-1480	-1103	4200	756	-947	-527
-1229	-395	3764	1044	-970	-552
-953	70	3117	1152	-980	-474
-729	458	2395	1062	-834	-500
-639	468	1918	831	-414	-455
-679	300	1921	574	167	-477
-899	61	2333	343	503	-566
-974	-83	2877	123	740	-721
-991	19	3720	-113	770	-857
-1100	340	4439	-251	352	-812
-958	595	4452	-240	-334	-623
-750	684	4126	-197	-708	-499
-562	518	3776	-181	-740	-387
-493	536	3562	-237	-532	-326
-664	322	3724	-248	-216	-155
-986	300	3729	-290	-19	-151
-1003	525	3894	-259	403	191
-574	-4	4897	-11	841	162
-417	-410	5922	326	627	-133
-702	-915	6569	580	-209	-303
-1130	-720	6196	769	-1151	-675
-1435	13	4602	932	-1293	-816
-1959	383	3191	905	-668	-722
-2161	862	2463	1009	101	-409
-2194	348	2589	1183	664	252
-2658	-739	3565	864	745	-394
-2540	-647	4544	549	583	-676
-2049	147	5396	277	86	-734
-1740	1046	5029	-58	-423	-478
-1379	1498	4365	-372	-606	94
-1184	1144	3791	-799	-440	443
-1071	160	3535	-1185	-374	296
-969	-541	3086	-1408	-499	-125
-716	-538	2268	-1398	-560	-458
-577	-281	1654	-1191	-148	-390
-557	-11	1617	-765	544	-19
-628	40	2095	-291	1168	380
-825	-136	2987	4	1461	636
-988	-423	4037	115	1312	608
-1042	-482	4810	190	676	634
-981	-279	4832	212	63	707
-820	-27	4586	207	-251	785
-630	-37	4358	209	-394	901
-765	-112	4113	260	-343	1049
-1040	-465	3955	338	-165	1113
-1114	-1155	3930	209	2	533
-521	-858	4409	-188	291	25
-1094	-352	5289	-612	153	123
-2237	-455	4916	-948	-185	182
-2988	0	3758	-1110	-107	-119
-3059	311	3273	-1014	280	79
-2775	636	4179	-820	765	387
-2619	1064	5436	-642	-56	705
-2318	682	5180	-542	-956	924
-2085	-123	4905	-388	-1087	907
-1844	-667	4356	-116	-1147	627
-1417	-1095	3623	285	-962	316
-1165	-1110	3151	661	-582	4
-1109	-551	3038	752	-152	-317
-1284	78	3169	707	-63	-405
-1346	405	3028	695	-250	-279
-1277	340	2871	691	-305	-186
-1061	102	2634	530	-286	-370
-883	-49	2505	323	17	-661
-926	-97	2866	110	459	-891
-999	-222	3408	-18	612	-1000
-973	-125	3875	-33	504	-1041
-927	99	4405	-7	334	-926
-892	36	4671	87	-320	-868
-830	-35	4472	116	-949	-1044
-630	-70	3857	83	-1339	-1172
-333	-139	3332	110	-945	-1314
-255	-77	3356	184	-135	-1386
-232	211	3907	423	635	-1129
-661	307	4986	760	704	-835
-1372	190	5826	1042	-42	-699
-1775	433	5407	1121	-806	-734
-2148	1054	4475	1143	-667	-139
-2322	1074	3589	1112	-181	392
-2280	274	3125	1021	388	429
-2245	-861	3405	775	382	-308
-2274	-1387	3801	585	321	-923
-2181	-664	4387	468	268	-1105
-1757	500	4896	289	-115	-1036
-1366	1204	4667	139	-593	-706
-1275	1386	4189	-79	-725	-95
-1143	758	3693	-344	-558	335
-967	126	3442	-666	-281	310
-915	-236	3264	-883	-216	98
-884	-218	2985	-924	-264	-61
-721	130	2660	-780	-107	93
-567	406	2462	-611	287	369
-600	347	2775	-458	885	706
-862	41	3596	-352	1189	874
-976	-353	4142	-341	902	780
-912	-478	4151	-336	455	606
-753	-349	3937	-258	200	604
-660	-227	3874	-150	100	702
-640	-263	4002	-49	70	809
-3287	461	4079	-797	1090	1118
-2218	-872	5620	-347	515	669
-1651	-1320	6147	149	-151	-80
-2088	-1027	5866	630	-892	-257
-1537	-736	4887	1016	-1482	-602
-818	-576	3555	1289	-1645	-809
-407	-313	2322	1141	-1367	-1128
-162	45	1397	852	-649	-1071
-171	323	1034	532	176	-1046
-411	491	1198	309	1112	-791
-822	341	2149	133	1722	-623
-998	-12	3259	2	1620	-605
-1026	-189	4140	-110	916	-690
-886	-151	4412	-250	145	-789
-856	-243	4513	-241	-251	-969
-841	-529	4683	-183	-505	-1364
-701	-734	4992	-255	-679	-1980
-832	86	5015	-378	-946	-2075
-615	1566	4374	-204	-902	-894
-190	1520	4562	238	85	87
-927	575	5513	380	278	145
-1790	1360	4300	278	192	867
-2646	1149	3424	622	1304	2325
-2978	-533	3840	934	1333	1413
-3015	-1654	4414	500	259	-245
-2920	-2187	4534	188	-10	-862
-2007	-733	4915	197	-43	-1050
-1355	857	4691	188	-103	-377
-1085	1808	4428	-15	-2	402
-1193	2077	4154	-382	67	1298
-1197	1208	3703	-927	-2	1894
-1105	170	3199	-1396	-235	1689
-828	-541	2491	-1524	-622	1289
-683	-1011	1743	-1390	-666	895
-563	-1201	1365	-1034	-291	679
-368	-1152	1316	-467	399	685
-394	-1049	1885	141	1458	677
-801	-902	3500	496	1795	578
-954	-962	4790	574	877	295
-793	-692	5050	515	-172	54
-561	-269	5093	410	-725	69
-796	444	5037	265	-882	328
-901	339	4724	436	-754	997
-647	-909	4506	393	-511	740
74	-807	5150	-149	156	561
-1058	-478	5909	-654	-211	482
-2231	292	4884	-829	-1071	536
-3397	378	2700	-997	-870	1067
-3597	30	2120	-1373	708	972
-3318	326	4407	-1299	1793	666
-2834	543	6855	-914	106	601
-2040	-490	5831	-254	-1021	495
-1930	-1145	5056	113	-1317	388
-1548	-1161	4518	617	-1273	292
-885	-992	3213	1088	-988	-10
-607	-776	2538	1291	-487	-425
-558	-147	2206	1021	-79	-871
-521	519	2162	702	134	-1083
-588	870	2081	486	183	-721
-606	360	1968	341	245	-186
-465	-124	2232	148	430	-271
-433	-202	2790	-30	471	-491
-554	-71	3453	-114	365	-566
-436	-40	4076	-20	44	-637
-386	-73	4434	154	-395	-885
-619	108	4479	263	-832	-1013
-1171	884	4308	-110	-1054	-931
-797	2051	3791	-408	-482	-119
-32	1241	5104	335	1076	391
-1096	-242	6610	1196	786	722
-2918	-1453	6343	1183	-881	218
-2337	-759	3968	1420	-975	-128
-1659	-299	2528	1692	105	-331
-2239	-923	3949	1411	720	-1020
-3180	-662	4930	856	-22	-1720
-2555	738	5032	520	-571	-1285
-1908	1179	4429	124	-643	-833
-1585	1510	4323	-185	-418	-303
-1450	1589	3941	-550	-105	499
-1174	925	3651	-912	77	948
-997	19	3399	-1141	153	710
-1036	-683	3308	-1270	-66	233
-976	-1012	2712	-1283	-366	-203
-814	-842	2041	-1074	-104	-365
-632	-409	2026	-729	560	-109
-803	-93	2617	-412	1171	309
-972	54	3384	-152	1276	613
-880	84	3936	-26	947	828
-814	-36	4383	-13	570	905
-661	-35	4467	-52	111	949
-476	-42	4419	-88	-298	1010
-605	-108	4247	-64	-685	1052
-734	-382	3761	44	-899	1022
-375	-918	3190	-18	-642	906
-57	-894	3429	-442	431	506
-506	-166	4533	-895	644	631
-1861	129	4965	-1153	-43	948
-3070	171	3945	-1254	-340	690
-3538	312	3579	-1345	493	591
-3187	431	4522	-1390	1437	354
-2548	761	6250	-1121	743	923
-2376	807	6305	-859	-929	1127
-2291	76	5112	-523	-1736	1415
-1881	-314	4097	-97	-1680	1506
-1355	-363	3241	245	-1188	1634
-861	-640	2685	491	-240	1451
-799	-413	2698	457	665	1035
-1204	91	3281	195	1124	761
-1555	279	3785	43	804	792
-1579	302	3571	-23	223	820
-1236	186	3161	-16	44	967
-973	52	3004	-73	83	964
-893	106	3174	-213	170	793
-872	214	3470	-370	138	735
-775	364	3688	-517	20	740
-836	581	3902	-720	-154	749
-900	614	3795	-809	-616	717
-725	483	3448	-830	-845	522
-752	65	3093	-761	-653	433
-796	-564	2886	-639	-81	142
-1091	-627	3475	-480	728	-13
-1050	-264	4564	-236	909	143
-749	-49	5666	112	499	317
-932	28	6150	413	-494	318
-1112	441	5206	643	-1188	455
-1194	579	4228	723	-943	522
-1719	928	3864	614	-350	165
-2140	1742	3246	687	421	1041
-2139	1319	2904	724	1229	1939
-2344	35	3474	479	1291	1887
-2587	150	4625	168	181	1090
-2289	-688	5130	214	-329	482
-1834	-1154	4698	409	-783	-295
-1496	-935	4218	811	-646	-762
-1296	-320	3856	1095	-605	-732
-1223	278	3359	1187	-604	-496
-1118	623	2819	1082	-773	-252
-924	692	2195	924	-790	-47
-868	554	1802	720	-535	72
-908	295	1846	467	-158	29
-1009	162	2207	264	127	-91
-1030	258	2707	88	435	-105
-925	499	3499	-13	618	99
-815	545	4331	-123	447	269
-831	445	4965	-322	1	182
-730	393	5237	-454	-683	42
-631	296	4821	-403	-1230	-14
-475	-23	4132	-301	-1087	-266
-625	70	3713	-297	-541	-539
-196	242	4091	54	179	-111
-68	-120	5189	542	441	-65
-891	11	5802	727	-183	-185
-1926	-15	5233	575	-919	-457
-2347	608	3653	707	-811	-679
-2197	694	2643	967	-418	-668
-2023	462	2280	1185	161	-522
-2486	-539	3569	695	574	-921
-2777	-1075	5041	472	379	-963
-2068	-369	5784	508	162	-759
-1725	1103	5418	156	-355	-639
-1458	1865	4989	-402	-273	-276
-873	1689	4322	-973	-247	-114
-706	692	3576	-1378	-352	-27
-680	-207	2842	-1517	-578	-189
-616	-701	1884	-1495	-748	-542
-324	-750	989	-1299	-484	-730
-60	-308	672	-723	575	-545
-139	93	1383	-42	1796	55
-609	152	2942	362	1977	464
-753	-301	4195	477	1175	325
-810	-315	4998	439	369	81
-862	-53	5596	286	-340	292
-990	58	6113	156	-1031	526
-790	-229	5767	204	-1334	396
-436	-824	5289	334	-1212	194
-360	-985	5030	135	-1041	159
-1000	224	4438	-220	-571	262
-2901	-405	3332	-218	242	784
-3042	-108	2924	-799	1433	-235
-3263	1377	4714	-899	1616	609
-3782	2015	6650	-634	20	1479
-2809	690	6411	-333	-1234	1519
-1850	-1401	5494	164	-1396	1085
-1311	-1915	4439	692	-1323	357
-1388	-1107	3439	1097	-766	-234
-1024	-353	2852	1398	-336	-475
-677	303	2569	1265	-116	-609
-514	900	1925	906	-296	-847
-291	1096	1264	619	-174	-758
-146	1021	1013	334	285	-236
-26	212	1092	105	796	404
-261	-464	1875	-203	1259	492
-938	-725	3161	-527	1185	-296
-998	414	4485	-821	333	-459
-1046	1012	5189	-859	-716	-256
-938	889	4610	-617	-1364	-457
-379	715	3760	-554	-1062	-587
-373	639	3684	-618	-89	219
-316	-204	4840	-11	1187	390
-712	-323	6490	817	1270	471
-1277	-1131	6595	1301	-95	103
-1527	-788	4913	1467	-866	-976
-2498	18	3474	1570	-506	-1812
-2787	595	3232	1509	331	-2033
-2468	1397	3550	1427	370	-1162
-2570	737	4265	1029	259	-147
-2580	266	5084	426	-241	37
-2029	304	5067	60	-460	-135
-1810	1049	4931	-293	-439	-542
-1463	1194	4509	-511	-466	-170
-1112	741	3937	-721	-185	137
-1019	3	3667	-872	-252	85
-1048	-660	3117	-879	-544	-242
-1067	-647	2343	-913	-670	-807
-958	-162	1849	-887	-352	-967
-807	184	1802	-670	358	-569
-770	329	2402	-289	1045	-96
-801	508	3391	-65	1323	295
-880	305	4248	-76	1012	599
-861	90	4505	-171	366	728
-768	-126	4279	-246	-256	681
-568	-174	3991	-223	-604	662
-363	-269	3879	-143	-653	754
-715	-485	3697	65	-585	743
-598	-909	3300	141	-120	629
-126	-1282	4009	-248	806	71
-317	-439	5548	-745	564	-51
-1541	200	5720	-1057	-504	91
-2694	89	4258	-1060	-975	-294
-3186	734	2846	-906	-193	88
-3271	583	3314	-993	1387	398
-3289	1126	5267	-1078	1323	510
-2521	1037	5938	-1040	-142	848
-2147	591	5432	-818	-981	929
-1985	-423	4875	-331	-1482	873
-1469	-715	3836	158	-1502	591
-1033	-833	2912	497	-913	349
-768	-816	2597	719	-41	155
-801	-443	2904	677	539	-166
-1069	138	3298	501	439	-458
-1259	432	3214	411	41	-458
-1077	417	2872	364	-70	-341
-859	264	2824	210	86	-245
-751	218	3134	11	257	-301
-696	295	3529	-158	252	-264
-700	325	3867	-340	23	-296
-614	571	3790	-446	-243	-245
-525	630	3627	-381	-393	-82
-491	230	3614	-168	-319	-74
-521	-370	3627	-63	-78	-379
-718	-545	3820	-65	437	-620
-846	-568	4646	26	781	-714
-915	-115	5331	344	463	-753
-697	210	5414	674	-82	-832
-702	208	5291	967	-517	-790
-978	88	4951	1164	-705	-695
-1392	325	4401	1296	-403	-700
-1926	1033	4080	1269	-184	-420
-2184	1223	3292	1314	92	325
-2348	252	2807	1251	393	312
-1095	-87	3319	967	-617	315
-949	34	2686	818	-825	186
-743	162	2086	623	-649	108
-698	205	1994	438	-131	86
-751	143	2266	270	389	2
-1005	81	3014	123	874	-124
-1283	185	3974	15	717	-217
-1272	467	4424	-78	114	-145
-984	598	4423	-155	-430	-22
-756	531	4303	-208	-678	40
-677	341	4314	-270	-827	-42
-641	268	4139	-311	-887	-159
-614	162	4052	-305	-795	-131
-793	107	4034	-352	-701	-207
-733	460	3948	-195	-326	58
-575	330	4582	289	181	438
-879	-157	5258	669	144	339
-1332	-439	5431	692	-270	-47
-1999	-115	4917	793	-395	-45
-2209	579	4004	844	-606	250
-1985	630	2922	998	-322	597
-1952	-91	2905	951	-289	-1
-2723	-719	3195	567	-550	-676
-2793	-263	3660	356	143	-548
-2477	655	5093	249	577	-197
-2131	1378	5797	61	132	179
-1692	1740	5368	-236	-561	721
-1466	905	4637	-678	-661	899
-1170	-236	4019	-1247	-626	536
-911	-855	3230	-1651	-840	-82
-461	-887	2065	-1710	-731	-511
-189	-651	1240	-1520	-142	-759
-178	-37	1050	-1076	705	-624
-395	126	1422	-584	1416	-27
-846	56	2353	-227	1751	363
-1174	-140	3318	-111	1495	633
-1293	-590	3850	18	1034	521
-1239	-765	4671	277	656	249
-928	-684	5242	397	103	55
-758	-691	5717	426	-371	-39
-859	-311	5857	306	-833	-203
-725	324	5581	274	-1168	173
-501	-390	4671	348	-1235	258
89	-571	4125	34	-553	-104
-137	-3	4646	-144	212	243
-1143	518	4955	-275	103	608
-2249	705	3940	-346	-477	956
-3468	392	2654	-537	-474	1544
-3707	-59	2236	-886	362	1204
-3041	20	4117	-1037	1330	905
-2373	127	6328	-807	19	529
-1799	-240	5829	-258	-726	377
-1901	-895	5555	228	-1211	331
-1469	-906	4764	661	-1749	218
-890	-642	3215	960	-1661	109
-331	-536	2142	1125	-900	-90
-266	-175	1867	1032	-123	-474
-416	259	1928	751	312	-784
-761	408	2080	562	438	-662
-654	190	2054	405	256	-522
-616	-39	2440	165	499	-422
-782	-148	3161	-76	484	-554
-672	202	3767	-242	58	-745
-654	332	4070	-221	-291	-787
-606	351	4396	-167	-345	-1119
-689	672	4422	-39	-472	-874
-636	569	4691	-355	35	-701
-888	540	5062	-219	110	-325
-665	90	5356	456	-10	-7
-643	-477	5068	899	-331	-68
-1032	-1151	4580	1035	-495	-631
-1910	-214	3791	1155	-95	-1146
-2573	829	3551	1484	532	-850
-2774	998	3664	1530	1021	-426
-2790	130	4586	1050	682	-422
-2765	28	5217	479	240	-77
-2271	150	5330	115	-183	-172
-1787	842	4897	-293	-597	-375
-1473	1213	4374	-653	-521	-49
-1303	1124	3978	-858	-523	360
-1062	548	3435	-975	-589	603
-906	-144	2811	-1078	-483	551
-992	-577	2356	-1114	-313	235
-920	-694	2027	-1060	-59	-50
-828	-452	2173	-805	503	-87
-773	-205	2655	-447	835	261
-845	-17	3079	-174	1030	536
-945	-89	3754	-50	1059	679
-990	-277	4233	-3	605	675
-887	-454	4144	51	150	606
-769	-538	4158	123	-105	472
-690	-385	4109	208	-202	418
-622	-299	4323	257	-107	358
-686	-297	4341	370	-368	327
-643	-340	4004	422	-380	326
-380	-798	3994	209	193	19
-205	-270	5073	-371	527	-384
-784	353	5349	-755	-325	-8
-1648	825	4510	-722	-1083	492
-2475	596	3189	-618	-1057	654
-3008	134	2110	-814	178	757
-2885	-328	2945	-1072	1818	404
-2896	177	5652	-941	1722	453
-2382	180	6604	-688	-191	270
-2135	41	5783	-460	-1427	124
-1848	-486	4651	-1	-1797	353
-1342	-550	3627	457	-1578	254
-872	-807	2927	734	-813	92
-738	-868	2792	869	-69	-429
-961	-282	2999	775	361	-917
-1078	144	2925	680	314	-1005
-1112	71	2909	712	485	-864
-1126	59	2984	605	440	-887
-1147	233	3181	460	384	-869
-1010	421	3354	276	263	-873
-948	498	3625	104	295	-823
-952	514	3869	-97	129	-815
-855	622	3960	-222	-80	-661
-652	610	4004	-274	-221	-414
-639	356	4173	-318	-443	-435
-613	143	4027	-252	-720	-523
-611	-77	3549	-146	-600	-522
-492	85	3440	-98	36	-562
-779	375	4033	-2	697	-208
-577	120	4793	367	706	-189
-597	-232	5430	736	286	-403
-896	-434	5364	896	-510	-583
-1165	-383	4852	910	-809	-809
-1458	187	4205	912	-512	-1056
-1903	1345	3736	964	-44	-657
-1738	-1608	5030	223	-904	612
-1448	-1862	4191	568	-1340	-183
-1263	-1556	3257	959	-1244	-1007
-885	-390	2587	1104	-641	-1407
-758	520	2730	863	67	-1290
-980	1089	3031	618	202	-1073
-995	1349	2923	390	-11	-632
-870	1135	2777	164	-136	-177
-753	733	2680	-4	-61	-36
-699	383	2918	-118	172	58
-585	224	3031	-142	131	116
-500	385	3150	-157	104	224
-480	161	3334	-138	146	301
-796	-622	3744	-127	201	-275
-1120	-767	4229	-277	374	-858
-1397	-352	5129	-495	466	-965
-1398	510	5591	-573	-315	-1029
-297	1322	5404	23	-352	-612
36	500	5731	675	-180	-257
-662	-262	5697	918	-648	-370
-1289	-924	4956	846	-798	-463
-1629	-379	3584	1086	-66	-906
-2130	0	3304	1292	123	-1125
-2565	-14	2379	1516	60	-1472
-2678	-508	2872	1158	133	-1917
-2892	-201	4140	728	278	-1937
-1782	1286	5336	510	256	-1161
-1379	1785	5524	14	-233	-578
-1329	2180	5094	-351	-682	-154
-1129	2021	4403	-698	-771	342
-892	853	3891	-1237	-743	647
-521	-564	2886	-1580	-721	401
-475	-1290	2130	-1700	-461	-325
-436	-1087	1542	-1468	-189	-1046
-316	-349	1313	-1051	594	-1032
-433	300	1856	-583	1338	-469
-629	685	2791	-122	1731	336
-976	744	4002	68	1574	1028
-1133	259	4906	5	712	1386
-1030	22	4908	-202	34	1331
-781	128	4857	-419	-478	1460
-580	271	4577	-472	-880	1892
-1090	-600	4302	-167	-1147	1923
-1116	-1599	3718	43	-927	1254
185	-1769	3991	-837	639	706
-918	-442	5716	-1616	701	723
-2513	878	5631	-1767	-741	1472
-3258	1312	3611	-1796	-1075	1513
-2633	2125	2428	-2028	20	1719
-2730	1858	3759	-1766	1613	2852
-3191	613	6333	-1200	586	3230
-2376	-1194	6027	-675	-645	2462
-1827	-1705	5328	-204	-1145	2015
-1811	-461	4392	264	-1219	1868
-1446	546	3100	597	-909	1917
-918	826	2333	481	-150	1837
-749	887	2320	93	590	1708
-926	713	2612	-332	774	1817
-1139	515	2780	-573	558	1987
-1146	308	2509	-625	331	2123
-1131	120	2409	-650	466	2102
-1105	206	2681	-692	800	1912
-994	351	3388	-837	1139	1737
-1118	398	4495	-1028	1020	1652
-1187	107	5028	-1057	126	1323
-947	109	4757	-1020	-639	970
-549	129	4281	-910	-902	984
-446	227	4161	-716	-1008	839
-562	273	3838	-508	-981	693
-877	728	3487	-438	-783	738
-538	1067	3555	-137	126	1283
-477	464	5069	282	920	1115
-891	221	5814	731	378	790
-1456	234	5742	816	-208	399
-2003	632	5015	925	-421	275
-2388	1093	4062	925	-343	499
-2367	1077	3381	996	157	1044
-2850	-112	3752	617	-86	869
-3184	-734	3596	44	-805	293
-2229	-260	3355	-239	-498	499
-1879	159	3763	-347	38	886
-1952	988	4354	-600	152	1411
-2050	1226	4477	-898	13	2081
-1700	656	3893	-1173	-185	2356
-1393	-273	3406	-1331	-176	2230
-1305	-940	3091	-1412	-121	1744
-1294	-1114	2838	-1416	-181	1231
-1165	-948	2651	-1238	-64	792
-1001	-418	2593	-896	130	779
-954	-43	2824	-506	483	1210
-1046	-10	3458	-366	592	1568
-1098	-124	3919	-279	445	1784
-1065	-244	4208	-276	124	1662
-921	-369	4175	-204	-292	1429
-807	-460	3891	-115	-627	1207
-820	-449	3620	-14	-631	1020
-642	-401	3586	97	-370	918
-724	-231	3781	195	-89	940
-810	-71	4057	181	142	1112
-1063	-251	4520	154	83	1101
-758	-36	4636	-28	15	963
-401	126	4856	-353	-56	1171
-550	244	5181	-591	-439	1102
-932	354	4789	-716	-974	1096
-1430	125	3851	-628	-1077	1335
-1886	-259	3114	-531	-391	1928
-2613	-1396	2878	-778	547	1337
-2788	-1001	2976	-1112	1183	87
-2894	188	4290	-1018	1279	-56
-2473	856	5350	-760	419	67
-1957	781	5603	-417	-568	481
-1818	-102	4980	6	-1253	778
-1280	-1154	4217	388	-1492	572
-1001	-1276	3288	730	-1176	96
-753	-857	2845	996	-442	-230
-512	-198	2837	938	263	-497
-708	274	3137	671	610	-656
-1030	732	3350	526	489	-527
-1149	655	3319	433	231	-259
-1091	330	3200	398	78	-166
-976	-109	3130	297	151	-377
-857	-273	3223	188	322	-657
-819	-180	3599	43	515	-860
-933	65	4145	-28	358	-902
-925	247	4329	-4	-41	-821
-781	298	4366	-38	-238	-771
-785	354	4464	-65	-459	-834
-872	497	4158	78	-827	-730
-820	414	3625	160	-896	-652
-729	676	3377	119	-491	-386
-2376	34	4214	-205	871	1621
-2128	-960	4977	-40	489	1155
-1823	-1420	4873	259	-198	400
-1635	-1026	4499	681	-533	-239
-1248	-300	3674	1064	-648	-251
-898	158	3022	1133	-378	42
-823	391	2459	974	-220	70
-961	468	2116	708	-129	67
-948	235	1705	448	-118	107
-1009	71	1899	240	406	50
-965	127	2455	123	869	40
-1040	276	3483	-65	1228	57
-1216	406	4700	-249	877	42
-1178	640	5225	-403	31	-50
-873	613	5053	-409	-669	72
-633	287	4752	-310	-994	-11
-575	89	4413	-194	-879	-44
-741	-203	4411	-156	-417	-51
-805	-29	4357	-75	-165	-134
-457	304	4616	302	58	158
-488	-150	4879	597	-44	-3
-1330	-211	4979	371	-232	-376
-2320	-115	4160	500	-267	-396
-2725	299	3247	851	-175	-410
-2781	231	2663	1102	-92	-346
-2718	-460	3495	954	256	-806
-2740	-918	4859	648	-45	-1156
-2377	-322	5012	512	-341	-1004
-1868	1051	4683	171	-480	-809
-1653	1960	4725	-169	-252	-208
-1287	1910	4574	-738	-87	200
-1108	741	4273	-1245	-315	367
-964	-422	3527	-1507	-675	6
-932	-948	2760	-1507	-898	-462
-643	-983	1829	-1357	-1002	-761
-499	-785	1298	-859	-380	-693
-306	-334	1186	-206	421	-275
-352	2	1780	311	1379	145
-798	123	2925	471	1506	488
-915	-98	3569	328	830	404
-965	-182	4265	211	505	349
-881	-374	5107	47	44	162
-864	-74	5663	-27	-289	125
-887	-270	5947	165	-1007	428
-366	-526	4752	100	-1696	169
-394	-208	4263	-448	-779	272
-2033	276	4266	-845	-190	756
-3934	-489	3437	-1250	321	394
-3820	567	2633	-1639	991	89
-3121	1252	4746	-1192	1491	1386
-3072	1629	7108	-682	-220	1655
-2293	-167	6487	-475	-1861	1631
-1848	-1735	5160	-258	-2361	1288
-1357	-1892	3747	425	-1721	997
-1075	-1636	2770	1108	-749	557
-591	-1188	2346	1561	186	-112
-440	-160	2278	1270	1003	-647
-817	536	2854	812	1421	-842
-1287	958	3273	574	728	-727
-1048	890	2610	438	-163	-212
-649	344	1791	237	-330	-82
-391	102	1589	12	215	-246
-574	189	2476	-167	836	-254
-793	236	3616	-146	766	-73
-869	-343	4602	-78	440	-352
-887	-727	5451	-28	-335	-1082
-1350	-153	5022	-20	-1579	-1459
-718	1475	3829	-77	-1604	-770
157	1265	3926	49	-260	-315
-658	687	5539	835	615	-147
-3031	134	6156	1216	-400	225
-3204	970	4066	1679	-507	1232
-2310	-303	2702	1797	534	971
-2459	-1304	4421	1098	1005	-602
-3309	-1767	5858	548	-4	-1360
-2657	-246	5229	362	-1097	-1554
-2063	923	4441	50	-1331	-1269
-1330	1418	3846	-190	-949	-885
-961	1392	3397	-395	-119	-317
-939	836	3376	-665	525	211
-1143	91	3487	-872	698	351
-1216	-440	3335	-961	229	182
-1117	-649	2676	-1023	-357	-148
-756	-412	1733	-945	-294	-278
-586	-248	1652	-555	629	-60
-751	-112	2405	-241	1294	255
-1055	-173	3489	-20	1376	506
-1082	-292	4222	154	903	598
-902	-380	4517	224	326	535
-730	-223	4523	263	-214	455
-633	-41	4357	270	-434	598
-516	-39	4246	292	-467	637
-652	-55	4064	316	-310	683
-798	-344	3971	289	-15	781
-627	-930	4442	-142	442	319
-238	-288	5156	-882	266	96
-1323	319	5315	-1148	-420	471
-2484	-276	4505	-978	-946	321
-3061	-543	3094	-1014	-450	-249
-2811	-336	2746	-1091	789	-126
-2930	415	4321	-826	1208	512
-2659	668	5556	-683	159	644
-2231	737	5429	-609	-737	407
-2069	128	4959	-295	-1188	729
-1626	-485	4174	158	-1246	796
-1203	-1056	3384	489	-734	378
-975	-1434	2882	833	-53	-221
-992	-952	2862	885	463	-985
-1341	-378	3236	702	598	-1398
-1345	60	3253	629	149	-1488
-1152	368	2923	641	-133	-1309
-1033	551	2702	582	-167	-1196
-962	678	2626	486	56	-1033
-905	765	2793	309	274	-842
-901	729	3292	86	489	-584
-954	658	3897	-129	438	-403
-830	530	4353	-314	193	-335
-754	245	4745	-360	-271	-475
-739	-3	4714	-256	-937	-608
-602	-109	4128	-189	-1154	-585
-467	-66	3693	-17	-590	-638
-345	315	4053	222	266	-310
-405	76	4802	598	547	-145
-1055	-462	5490	842	62	-390
-1716	-295	5024	908	-561	-518
-2157	492	4173	1062	-314	-99
-2309	983	3525	1177	139	267
-2710	304	3137	1180	438	163
-2641	-700	3466	858	133	-857
-2636	-1066	3972	466	267	-1189
-1252	313	2371	537	-433	-141
-1148	244	2276	434	-205	-144
-1202	24	2568	275	377	-252
-1332	-58	3421	105	648	-475
-1461	29	4237	-61	322	-694
-1434	217	4452	-151	-415	-837
-1251	332	3935	-156	-879	-869
-1047	474	3306	-112	-752	-776
-876	503	3248	-149	-113	-577
-1053	509	3954	-260	184	-431
-1122	407	4250	-294	-117	-298
-1013	558	4178	-317	-411	-225
-956	898	3965	-298	-509	175
-725	574	3956	-237	-336	373
-671	-19	4284	-106	-185	50
-549	-433	4361	92	-275	-321
-591	-581	4409	291	-397	-596
-1057	-248	4294	557	-401	-657
-1286	333	4271	849	-190	-550
-1473	1120	4262	1138	496	168
-2199	1553	4554	1142	633	643
-2129	924	4433	1096	597	956
-2438	-696	4325	922	4	251
-2952	-1572	3568	499	-627	-1128
-2472	-947	2972	256	-223	-1574
-1860	-31	3492	215	393	-1316
-1742	766	4039	303	524	-826
-1636	1313	4332	223	307	-99
-1728	1048	4258	-41	61	353
-1542	320	3796	-430	-106	234
-1135	-233	3406	-726	-73	-262
-893	-448	3150	-831	-11	-631
-902	-333	2908	-847	49	-849
-781	-56	2648	-733	200	-687
-771	132	2590	-501	440	-402
-719	256	2627	-325	655	-115
-641	127	2840	-155	953	31
-707	-71	3457	15	1056	4
-720	-317	3760	134	713	-47
-841	-326	3847	139	446	-123
-798	-223	4033	163	490	-204
-824	-218	4563	119	501	-243
-829	-311	5241	-27	290	-385
-951	-55	5925	-196	-424	-392
-769	-119	6138	-286	-1254	-360
-482	385	5480	-358	-1759	-115
-494	402	4409	-216	-1766	711
-2227	-780	3277	-95	-858	1083
-3006	-1829	2480	-513	1229	588
-3299	-451	4322	-832	1840	512
-4103	1030	5853	-567	151	934
-3388	1977	5713	-560	-809	1050
-2725	725	5591	-489	-1068	1359
-2256	-601	4729	-234	-1478	1161
-1433	-1292	3463	324	-900	1231
-1121	-1249	3194	948	59	884
-887	-695	3090	1308	512	532
-1121	-296	3357	1167	504	97
-1102	131	3046	1009	-224	-245
-816	236	2245	867	-767	-287
-532	322	1359	691	-1158	-394
-394	429	740	445	-749	-592
-257	551	975	7	292	-596
-505	593	2057	-470	1337	-446
-844	548	3725	-643	1478	-305
-909	202	5263	-653	564	-717
-1151	275	5585	-610	-681	-1071
-1172	161	4763	-397	-1259	-756
-1118	268	3707	-369	-959	-598
-101	225	3590	142	340	-506
45	-287	5289	832	1266	-611
-1444	-670	6596	1292	316	-538
-2184	-949	5576	1339	-990	-894
-2888	174	3743	1298	-929	-1562
-2971	1312	2702	1433	194	-1241
-2828	1868	3492	1586	1154	-47
-3228	625	5161	1023	775	298
-3056	-385	5499	605	-458	145
-2093	-203	4880	381	-865	-515
-1943	651	4307	22	-997	-665
-1539	983	3837	-367	-640	-546
-1090	990	3426	-756	-398	-404
-1045	352	3158	-1027	-105	-214
-1229	-342	2978	-1084	-157	-159
-1212	-716	2480	-1109	-433	-500
-1090	-343	2017	-1007	-268	-616
-837	53	1978	-833	213	-337
-880	402	2495	-453	690	102
-1063	518	3362	-210	816	604
-1025	239	3924	-152	661	980
-965	-57	4342	-152	432	1064
-922	-246	4537	-192	-76	993
-812	-154	4332	-297	-618	874
-746	-74	4122	-344	-931	925
-643	-208	3780	-121	-984	1016
-627	-753	3671	105	-563	953
-322	-1271	4090	-28	91	603
-381	-1053	5189	-734	282	-35
-851	-270	5505	-1160	-524	-155
-1603	250	4572	-1155	-1142	107
-2936	10	3267	-872	-726	67
-3248	342	2650	-770	615	245
-3155	710	3532	-795	1501	371
-2889	1069	5255	-758	971	801
-2277	1065	5521	-807	-470	823
-2215	533	5002	-721	-1167	885
-1947	-384	4365	-291	-1493	1025
-1371	-622	3362	145	-1144	1083
-1105	-810	2841	512	-304	869
-871	-622	2852	687	519	443
-1196	95	3500	526	857	81
-1578	263	3917	381	393	-24
-1507	150	3516	331	-223	-147
-1061	-101	2868	249	-445	-321
-827	-133	2717	178	-243	-442
-676	-46	2743	87	43	-557
-690	53	3143	-9	268	-593
-690	295	3537	-111	322	-583
-607	718	3948	-234	110	-390
-643	569	4108	-190	-243	-126
-750	11	4123	-7	-621	-383
-594	-275	3813	136	-641	-729
-427	-614	3750	214	-178	-901
-490	-222	4110	283	363	-1053
-343	458	4749	576	507	-667
-568	622	5475	805	285	-496
-1266	523	5483	955	-194	-505
-1508	623	4885	1099	-348	-297
-1845	1143	4337	1143	-56	214
-2339	1553	3575	1181	461	1075
-1153	-71	3567	-914	149	2235
-1203	-309	3701	-933	376	2136
-1320	-331	3870	-834	467	1994
-1374	-98	3798	-680	447	1917
-1329	245	3720	-616	446	1844
-1323	416	3819	-648	481	1857
-1392	329	4035	-727	416	1856
-1388	166	3989	-746	250	1753
-1282	68	3684	-689	185	1628
-1221	93	3566	-620	350	1472
-1205	-64	3774	-558	519	1272
-1241	-92	3978	-531	526	1022
-1258	37	3983	-542	455	877
-1166	231	3921	-543	411	870
-1071	302	3903	-478	426	956
-1008	223	3883	-379	415	973
-976	237	3836	-316	420	981
-896	222	3910	-301	492	1042
-878	305	4154	-323	572	1125
-946	472	4337	-391	470	1269
-994	679	4335	-468	268	1444
-1168	669	4154	-499	86	1582
-1265	575	3993	-508	-33	1670
-1419	443	4058	-538	-34	1729
-1462	340	3971	-432	-94	1788
-1865	132	3867	-358	-277	1620
-2518	269	3907	-573	-537	1072
-2520	802	3759	-892	-396	713
-1902	657	3591	-1050	-170	816
-1876	473	3612	-1040	142	1028
-2132	181	3869	-1058	358	1328
-2163	-298	4189	-1167	492	1392
-1995	-708	4286	-1257	532	1033
-1712	-813	4194	-1268	429	606
-1387	-497	3778	-1272	200	245
-1185	-152	3332	-1333	89	58
-1182	179	2875	-1374	111	-5
-1057	283	2625	-1308	314	94
-807	111	2595	-1131	720	145
-824	-152	3144	-864	974	189
-907	-391	3584	-702	716	68
-844	-453	3714	-545	467	-6
-839	-677	3921	-325	253	-82
-775	-811	4048	-113	127	-365
-762	-726	4073	-51	20	-539
-847	-294	3899	-91	-82	-506
-1016	162	3764	-67	-54	-235
-1179	493	3968	-75	155	164
-1129	374	4832	-133	238	353
-873	130	5945	-327	-9	396
-538	122	6729	-514	-604	562
-543	-275	6397	-484	-1555	937
-2131	-1060	4825	-193	-1900	1162
-3140	-1610	2819	-94	-464	944
-3622	-594	3603	-14	813	1064
-4219	-248	4066	-212	622	523
-3830	1121	4576	-578	547	-51
-3207	1442	4923	-861	330	623
-3018	-53	4892	-507	315	1102
-2068	-883	4455	214	97	1156
-1157	-916	3912	998	-34	1351
-716	-675	3096	1383	-518	1460
-708	-242	2304	1300	-1046	1317
-784	-54	1580	1017	-1521	1044
-742	-284	807	656	-1966	451
-497	-487	279	450	-1829	-202
256	3	397	-9	-432	-555
194	365	1480	-768	1785	-624
-1171	-185	4084	-917	2992	-574
-1624	-130	6589	-564	1427	-1090
-1588	39	7218	-197	-835	-1228
-1123	75	5947	246	-2534	-847
-978	80	4092	596	-3330	-655
-546	705	2737	687	-2901	-588
-303	1396	2397	731	-1095	-250
-811	1015	3521	1046	525	254
-3480	-258	4179	920	879	36
-4582	481	3650	1359	1538	382
-3578	378	5902	1401	1673	449
-4700	-1005	8109	977	-333	482
-4090	-977	6215	946	-2780	-86
-2723	778	3547	699	-2730	-565
-1587	1620	2683	92	-805	-231
-1377	1444	3626	-487	532	17
-1266	865	3826	-935	973	238
-1484	-303	3933	-1119	685	359
-1359	-978	3440	-1282	-62	20
-1043	-925	2611	-1336	-585	-544
-946	-294	1891	-1241	-638	-744
-670	320	1278	-937	-665	-333
-321	787	932	-341	25	521
-245	645	1596	83	949	1435
-630	-2	2900	232	1327	1636
-629	-616	3965	71	599	1300
-665	-638	4582	18	-345	1078
-1329	-568	4681	-126	-1382	961
-877	-661	4100	-227	-915	637
-165	-575	5030	-102	3	431
442	-210	5606	-520	-297	468
-941	165	5680	-729	-864	716
-2438	169	4339	-779	-1200	613
-4407	-610	2487	-879	-426	440
-4549	-846	2014	-1118	1342	14
-3606	-181	4964	-802	2041	-104
-3441	832	7479	-501	-174	-287
-2775	1119	6450	-626	-1717	42
-2671	-539	5146	-337	-1976	380
-1677	-809	3895	347	-1441	330
-746	-1153	2849	965	-472	335
-609	-1295	2321	1323	443	-380
-880	-363	2709	1280	1338	-1095
-1174	149	3194	1036	928	-1271
-1174	300	2979	914	353	-1329
-1037	78	2448	858	-193	-1337
-587	-94	1872	620	-337	-1620
-429	0	1788	393	14	-1743
-602	431	2334	154	321	-1640
-708	690	3070	52	266	-1414
-794	609	3925	116	-217	-1340
-847	288	4176	179	-983	-1547
-653	44	4089	262	-979	-1665
-173	686	4520	96	-48	-1348
-160	989	5785	512	310	-638
-769	553	5870	962	-411	-301
-1698	52	4668	1012	-822	-635
-2298	1125	3367	917	332	-337
-3547	1228	3409	1439	1335	456
-3830	627	4812	1339	1536	1106
-4200	-774	6716	624	-409	665
-2866	-1040	5631	321	-2080	226
-3029	-81	5374	-415	305	1060
-2747	-102	5439	-307	-280	273
-2201	167	4985	-6	-828	57
-1453	444	3844	403	-952	564
-1189	542	2990	641	-684	1213
-1049	473	2541	715	-486	1513
-923	273	2142	640	-492	1460
-813	-11	1814	532	-423	1195
-784	-188	1763	332	-183	715
-864	-175	2050	29	178	218
-1029	19	2649	-210	529	-50
-1196	236	3548	-384	764	-334
-1354	389	4571	-337	663	-372
-1243	534	5112	-232	-105	-387
-968	703	4796	-166	-812	-140
-686	689	4305	-228	-1029	142
-485	808	4030	-391	-955	376
-607	865	3756	-544	-795	558
-863	479	3636	-540	-478	515
-896	340	3722	-441	-15	377
-780	89	4517	-73	567	551
-837	-255	5402	377	437	404
-1273	-286	5950	570	0	45
-1875	-366	5610	698	-469	-249
-1980	305	4668	833	-622	-376
-1875	811	3133	979	-683	167
-1530	467	2251	1103	-232	268
-2239	-679	2443	736	-138	-511
-2937	-1024	2900	344	364	-1419
-2271	-376	4272	364	1041	-1315
-2034	707	5295	278	682	-1074
-2227	1473	5483	139	87	-334
-1578	1609	4980	-300	-221	-271
-994	960	4271	-836	-498	-375
-699	53	3506	-1303	-801	-730
-545	-499	2588	-1476	-1061	-1109
-292	-437	1564	-1373	-900	-1209
-125	-210	1008	-1062	-134	-960
98	64	1107	-413	1014	-454
-172	33	2239	270	2232	60
-993	-43	4103	367	2139	217
-1256	360	5379	337	1057	326
-1213	241	6248	245	-274	737
-1229	-172	6375	105	-1559	751
-905	-734	5341	-44	-2143	435
-922	-1290	4252	-41	-2118	213
-505	-789	3348	-280	-1234	110
-2250	427	3338	-447	-205	974
-3158	-681	2287	-825	1092	403
-2966	593	3621	-1230	1780	-307
-3584	1774	6300	-842	1396	919
-3814	1076	7824	-531	-579	1417
-2444	-701	6402	-155	-2094	1382
-1859	-1541	4558	397	-2485	834
-1498	-1224	3167	927	-1848	425
-1086	-343	2352	1310	-869	149
-684	262	2013	1261	-96	48
-441	683	2042	800	700	-170
-816	841	2600	323	1091	-310
-1090	576	2890	150	583	-205
-946	152	2582	51	164	-303
-752	-339	2260	-4	70	-509
-589	-397	2333	-148	388	-885
-598	151	3179	-376	757	-1024
-802	573	4264	-550	442	-785
-870	706	4788	-607	-316	-664
-1047	783	4799	-437	-1083	-529
-1060	595	4284	-206	-1500	-440
-767	871	3535	-162	-1070	-170
-505	827	3675	151	405	485
-626	80	4776	583	1235	408
-1504	-650	5858	885	749	-15
-2091	-764	5543	1104	2	-257
-2281	114	4722	1350	-169	-289
-2270	278	3498	1613	-31	-280
-2595	-225	3427	1375	176	-927
-2946	-369	3644	791	-84	-1620
-2487	47	3774	417	26	-1123
-2006	350	4258	207	233	-758
-1795	981	4680	12	63	-561
-1623	1161	4547	-91	-185	-243
-1312	997	4085	-279	-370	-25
-1103	300	3619	-546	-478	54
-997	-424	3042	-864	-461	-266
-1063	-687	2603	-1030	-223	-734
-1038	-371	2341	-956	72	-782
-928	-15	2351	-623	527	-357
-1056	49	2953	-377	974	-161
-1187	86	3643	-193	860	16
-1099	47	3892	-85	535	257
-925	50	4029	-83	390	437
-947	-14	4380	-18	171	574
-903	-132	4393	23	-221	536
-749	-148	4275	66	-508	592
-593	-227	4145	144	-579	627
-624	-347	4071	238	-655	674
-504	-623	3781	188	-344	546
-612	-742	4247	-271	103	56
-816	-409	4709	-582	1	17
-1237	67	4672	-785	-290	199
-2305	-242	4243	-897	-469	63
-2572	-6	3170	-959	-87	25
-2755	700	3153	-921	573	329
-2853	1060	4318	-862	743	713
-2368	1104	5138	-845	-25	932
-2059	596	5204	-665	-678	1137
-2021	-328	4995	-312	-1294	1138
-1613	-859	4115	60	-1433	935
-1165	-747	3334	338	-1055	662
-953	-461	2963	601	-226	439
-1022	-155	3246	543	360	131
-1361	306	3605	368	212	-127
-1418	454	3458	295	-171	-128
-1161	196	3037	217	-354	-115
-936	-3	2832	171	-258	-166
-874	-71	2874	134	-27	-265
-841	93	3035	99	178	-309
-903	230	3428	-21	438	-335
-960	364	3956	-190	396	-439
-900	404	4204	-274	97	-427
-841	152	4368	-266	-284	-494
-690	-82	4205	-192	-668	-715
-496	-62	3718	-88	-738	-741
-417	-147	3350	-6	-190	-810
-569	376	3526	76	700	-712
-768	423	4541	299	1187	-262
-866	276	5449	646	745	-209
-1058	-118	5698	881	16	-341
-1271	-350	5201	1040	-656	-458
-1315	-6	4252	1096	-635	-752
-1427	318	3707	-602	427	1418
-1424	675	3986	-553	435	1612
-1414	641	4032	-461	333	1699
-1229	446	4003	-414	225	1688
-976	211	3963	-435	168	1691
-904	36	4047	-507	140	1562
-998	70	4080	-600	-4	1354
-1039	128	3977	-696	-101	1072
-1017	134	3904	-718	-140	752
-1107	98	3852	-699	-124	480
-1626	10	4092	-638	-123	335
-1838	34	3995	-419	-15	390
-1323	-33	3980	-113	255	613
-1074	-281	4240	103	147	560
-1775	-241	4119	83	-441	236
-1882	-207	3154	-43	-869	-11
-1722	159	2703	-68	-379	-232
-2000	528	3363	-277	286	-235
-1945	681	4218	-569	478	-163
-1579	416	4672	-630	246	247
-1416	97	4852	-587	-143	604
-1340	-309	4572	-657	-549	611
-1254	-517	4008	-804	-646	271
-1067	-228	3439	-869	-331	130
-999	63	3195	-870	164	286
-1168	219	3413	-853	477	478
-1299	214	3531	-834	440	607
-1290	30	3424	-800	314	698
-1124	-238	3216	-753	353	575
-1025	-431	3285	-687	518	448
-1056	-613	3487	-618	602	259
-1050	-534	3676	-544	669	132
-984	-337	3952	-496	630	96
-889	-145	4284	-458	430	160
-770	-56	4244	-382	49	297
-571	-162	3896	-322	-219	300
-420	-313	3534	-289	-135	181
-411	-410	3527	-256	184	114
-533	-487	3835	-190	444	65
-708	-411	4203	-168	446	-21
-755	-285	4350	-251	329	72
-792	-65	4349	-450	236	264
-870	-13	4407	-645	197	548
-878	-246	4885	-724	296	754
-801	-509	5707	-726	333	832
-836	-802	6362	-690	-411	879
-1213	-1268	5527	-709	-1488	718
-2862	-2085	3519	-610	-1749	376
-3115	-989	2066	-452	271	243
-3672	286	3792	-136	1421	858
-4105	925	5207	-156	856	400
-3742	1569	5664	-475	235	271
-3378	800	5595	-681	-427	671
-2460	-303	4823	-479	-863	874
-1554	-653	3784	147	-715	1416
-932	-418	2985	727	-490	1721
-820	-45	2557	865	-96	1871
-868	45	2245	679	-297	1730
-827	91	1804	462	-555	1650
-615	-142	1333	123	-463	1243
-619	-467	1464	-190	-127	943
-835	-457	2001	-349	69	473
-1027	-202	2525	-286	-4	251
-1182	-55	3075	-176	-42	211
-1070	191	3728	-37	-46	138
-968	644	4473	-82	-92	241
-982	546	5422	-51	-89	494
-1134	-149	6201	159	-649	47
-1258	-374	6071	407	-1378	-557
-864	-241	5184	741	-1824	-670
-60	269	4181	1068	-1551	-444
132	556	3739	1021	-597	-152
-1258	207	3964	609	495	-287
-3089	586	3690	607	684	-129
-3946	474	3254	1109	748	275
-3647	530	3756	1267	622	81
-3403	-621	5580	959	142	-86
-3123	-980	6119	881	-1171	-404
-2349	30	4395	560	-1704	-654
-1720	1230	3432	-51	-841	-626
-1070	1705	3716	-583	69	-435
-948	1503	3841	-1104	285	-15
-970	523	3387	-1482	-160	256
-1003	-457	2734	-1623	-569	228
-829	-830	1834	-1538	-1030	-44
-660	-596	978	-1318	-902	-338
-342	-220	623	-690	-153	-154
-102	3	875	43	951	486
-509	-37	2185	592	2059	818
-961	-254	4087	755	2034	958
-1101	-180	5512	641	1002	1027
-1184	1	6276	273	-84	1168
-1243	-134	5817	-292	-1118	757
-1201	-549	4490	-413	-1739	273
-501	-773	3594	-47	-1381	253
585	-1007	3844	-382	-163	556
-1120	-410	4853	-936	158	130
-2938	100	3905	-857	-320	411
-5099	-490	1919	-868	643	9
-3888	245	3453	-1099	2679	-376
-3507	826	7396	-809	1568	-50
-3411	1395	7599	-608	-1724	-27
-2886	428	5636	-553	-2568	485
-2449	-1047	4483	-148	-2271	653
-1241	-986	3433	467	-1530	252
-907	-1213	2390	1014	-538	82
-769	-878	1917	1278	581	-406
-857	-2	2370	1021	1566	-769
-1477	461	3437	676	1539	-833
-1842	530	3904	629	534	-607
-1214	254	2913	549	-463	-569
-649	-11	2037	425	-516	-676
-405	26	1898	284	-22	-927
-388	85	2543	96	358	-1041
-489	301	3298	53	216	-942
-575	280	3757	229	-314	-774
-797	-99	4081	412	-1234	-932
-1408	65	3671	250	-2041	-1203
-513	875	3179	146	-1182	-726
896	1815	4789	432	704	-398
-265	1162	6849	831	1070	206
-2251	159	6925	1157	-986	83
-2227	714	4229	1061	-1480	483
-3036	492	2495	860	147	647
-3237	296	3324	1180	1300	656
-3888	-920	5399	913	585	40
-3388	-1343	5350	616	-956	-476
-2267	-727	4224	338	-1137	-684
-1940	49	4210	56	-796	-785
-1550	686	4386	-121	-500	-870
-1979	-517	4647	290	945	659
-1675	-708	4688	615	242	15
-1507	-442	4553	769	-526	-362
-1363	131	4010	834	-1077	-263
-1102	299	3123	903	-1109	80
-618	473	2383	941	-702	151
-414	541	2234	774	-75	85
-573	523	2519	457	473	54
-772	392	2940	154	575	-66
-832	320	3321	-18	515	-76
-842	309	3703	-102	423	-16
-839	408	3995	-137	248	45
-771	566	4081	-200	145	176
-858	586	4293	-307	-99	313
-930	449	4410	-510	-544	161
-835	611	4330	-638	-911	129
-595	574	4103	-647	-874	295
-429	430	4296	-519	-307	421
-424	406	4886	-259	28	629
-613	596	5421	-74	89	888
-1363	309	5544	194	-231	943
-1455	-26	5169	497	69	296
-1486	118	4940	797	201	212
-1867	-122	3768	929	-317	54
-2058	-816	2858	840	-415	-438
-2803	-1664	2517	398	-560	-1478
-2660	-304	3060	120	157	-1796
-1720	750	4220	152	519	-1105
-1384	1768	4758	40	215	-237
-1532	1571	5025	-141	36	619
-1489	711	5078	-561	-374	455
-1049	-16	4340	-1011	-890	-193
-653	-429	3170	-1278	-1145	-559
-575	-506	2134	-1330	-964	-686
-530	-187	1421	-1053	-308	-594
-353	70	1376	-695	718	-293
-498	91	2147	-10	2033	101
-1125	66	3738	205	1918	245
-1212	-84	4453	204	854	201
-963	-78	4388	162	216	133
-809	276	4727	141	102	356
-820	374	5320	158	-313	930
-1121	-104	5454	184	-1053	1082
-937	-1072	4899	268	-1375	747
-467	-1338	4349	264	-1139	243
-326	-527	4040	-96	-730	182
-1313	511	3675	-363	-171	777
-2846	-275	2916	-570	659	517
-3211	160	2915	-1009	1438	215
-3385	970	4422	-1010	1772	904
-3214	1581	6545	-900	182	1470
-2532	644	6120	-573	-1375	1594
-1960	-949	5079	-99	-1751	1259
-1471	-1580	4229	391	-1670	670
-1239	-1201	3524	776	-1044	0
-1012	-730	2972	1034	-533	-253
-755	-205	2784	899	-122	-485
-671	420	2701	501	42	-688
-707	797	2554	324	35	-546
-734	933	2356	250	49	-203
-598	583	2142	172	160	-4
-432	265	2300	1	404	-138
-506	196	2986	-193	651	-239
-806	178	3804	-382	422	-360
-847	176	4181	-440	47	-503
-759	147	4615	-297	-334	-586
-1053	-91	4742	-132	-889	-695
-943	436	4076	-222	-910	-744
-597	685	3950	49	30	-370
-233	668	4688	712	807	-250
-1570	99	5981	1009	533	-172
-1972	-133	5426	1171	-207	-153
-2290	438	4311	1478	-133	174
-2193	-63	3165	1731	173	11
-2370	-904	3651	1245	209	-1278
-2741	-994	4038	627	-336	-1986
-2346	10	3928	302	-348	-1716
-1782	760	4087	58	-15	-1343
-1444	1351	4573	-139	85	-917
-1448	1332	4567	-260	-70	-369
-1255	858	4291	-359	-250	4
-1140	177	3828	-564	-439	118
-1022	-310	3179	-735	-691	-111
-917	-428	2366	-843	-525	-405
-881	-272	2064	-745	227	-462
-960	-50	2471	-445	1005	-204
-1060	-80	3255	-222	1324	65
-1260	-138	4018	-178	1121	161
-1121	-147	4209	-161	599	277
-903	-186	4212	-166	340	282
-773	-34	4298	-106	86	379
-584	109	4295	-106	-126	614
-512	-7	4492	-124	-391	763
-685	-364	4282	-19	-795	687
-604	-984	3812	5	-869	443
-427	-1618	3774	-51	-491	39
-532	-1158	4064	-503	-4	-318
-1046	35	4235	-922	77	127
-2815	-71	3736	-1106	13	76
-3103	608	3430	-1259	527	-390
-3134	1247	4552	-1185	779	17
-3062	1649	5560	-1035	-61	719
-2419	1042	5194	-766	-1009	1317
-1871	-61	5128	-520	-1235	1427
-1697	-960	4924	-85	-1480	960
-1509	-717	4159	278	-1433	561
-1142	-624	3142	615	-930	366
-869	-520	2813	726	-164	8
-912	-133	2872	566	94	-378
-970	164	2865	453	196	-409
-1052	213	2886	415	142	-354
-886	146	2694	393	123	-336
-795	137	2777	326	367	-365
-781	158	3165	208	595	-394
-923	228	3887	-3	519	-446
-958	348	4209	-172	5	-467
-866	529	4132	-314	-416	-425
-660	498	4033	-371	-561	-361
-470	285	4062	-399	-666	-473
-376	143	3871	-363	-782	-541
-297	-163	3511	-259	-526	-457
-419	48	3415	-56	183	-441
-577	267	4035	238	913	-87
-468	94	5048	637	1031	-10
-765	-183	5735	909	461	-225
-1072	-169	5828	1106	-230	-427
-1103	60	5054	1222	-656	-559
-1407	709	4359	1201	-428	-502
-1733	1622	3717	1169	88	296
-1948	1374	3296	1012	495	974
-1075	137	3863	189	282	101
-1012	118	3832	206	393	106
-1008	249	3859	215	463	133
-1012	296	3877	207	456	150
-1029	339	3892	191	395	175
-1035	332	3940	202	361	210
-1024	365	4020	165	284	224
-1038	401	4131	122	232	243
-1053	376	4211	119	108	308
-1068	458	4227	133	-22	370
-1182	314	4240	189	-27	417
-1083	-68	4417	189	19	254
-870	-279	4950	69	-3	-57
-788	-235	5491	-50	-419	-323
-628	-14	5284	-92	-1031	-388
-388	227	4600	-76	-1333	-462
-182	365	3775	-27	-1199	-557
-145	359	3346	-57	-618	-788
-914	422	3321	-254	24	-814
-2083	-137	3010	-121	425	-767
-2335	-171	2672	195	962	-978
-2168	-342	3288	466	966	-933
-2294	-961	3837	570	318	-1103
-2205	-431	3892	407	-33	-1108
-1533	719	3969	293	200	-650
-1193	1513	4545	107	606	-43
-1441	1399	5116	-211	148	138
-1337	734	4527	-611	-302	9
-1116	-50	4058	-982	-398	-108
-802	-749	3486	-1143	-568	-369
-695	-831	2847	-1083	-523	-652
-627	-421	2261	-902	-174	-726
-634	-103	2223	-571	578	-478
-769	-5	2714	-314	1059	-231
-954	-51	3464	-134	1210	-78
-1076	-228	4118	-54	909	-21
-1108	-411	4404	19	328	-92
-913	-540	4313	135	-61	-235
-734	-337	4317	254	-118	-165
-594	-146	4641	373	-41	132
-737	-45	5040	407	-73	386
-812	-114	5157	339	-339	334
-775	-531	4997	254	-511	109
-531	-1048	4760	-10	-552	-349
-445	-730	4465	-467	-300	-647
-704	484	4224	-819	252	-154
-2196	172	3852	-857	279	422
-3366	-404	2913	-903	138	94
-3410	-118	2802	-1015	786	-360
-3275	443	4559	-760	1066	377
-2908	822	6164	-370	-234	979
-2339	86	6122	66	-977	1170
-2083	-792	5372	398	-1679	891
-1467	-1107	4088	799	-1597	525
-971	-1095	2991	1134	-1111	251
-773	-802	2320	1153	-491	-197
-481	-66	1898	902	146	-529
-623	547	2171	751	650	-344
-736	778	2241	628	574	-30
-832	721	2161	542	430	231
-829	335	2240	290	381	169
-741	164	2551	-21	342	-2
-840	281	3238	-353	283	43
-942	138	4163	-540	-13	72
-951	-144	5331	-585	-602	-373
-1125	-134	5797	-352	-1413	-668
-858	206	5424	-136	-1953	-516
-301	822	4201	65	-1787	-101
283	470	4365	532	-481	264
-947	-322	4920	856	68	-1
-2461	-778	4484	841	-143	-424
-3356	213	2938	1228	239	-83
-2855	182	2693	1452	1557	-163
-3091	-584	4565	1294	1578	-515
-3603	-1126	6557	858	0	-1071
-2619	272	5596	482	-1612	-911
-1882	1456	4414	32	-1861	-713
-1184	1730	3502	-515	-1309	-394
-841	1379	3148	-895	-422	21
-849	752	3371	-1127	166	475
-1078	-275	3382	-1238	-70	670
-1119	-962	2732	-1279	-369	342
-1021	-819	2157	-1071	-285	-3
-787	-467	1852	-813	195	93
-802	-168	2211	-393	957	351
-988	160	3113	-38	1216	721
-963	207	3833	139	970	994
-880	2	4133	131	530	1040
-755	-229	4250	139	75	967
-754	-398	4231	180	-487	860
-480	-505	3847	172	-838	687
-365	-666	3617	167	-446	499
-629	-680	3986	197	42	424
-542	-991	4217	76	241	161
-326	-648	4867	-262	496	-206
-633	188	5440	-630	157	-124
-1500	738	5129	-803	-562	370
-2970	195	3794	-712	-688	756
-3660	-141	2982	-1021	258	834
-3246	-161	3483	-1431	1251	383
-2812	488	5368	-1252	933	372
-2305	487	5829	-885	-355	359
-2134	-80	5207	-505	-1045	488
-1911	-754	4659	9	-1187	599
-1306	-839	3796	644	-1003	659
-911	-950	3189	1114	-618	411
-703	-743	2803	1218	-326	-102
-689	-315	2431	1033	-212	-554
-613	-12	2131	863	2	-673
-675	-41	2202	668	268	-731
-574	141	2224	511	428	-851
-690	282	2763	321	727	-862
-773	304	3330	118	689	-901
-847	450	3865	-55	603	-848
-891	529	4508	-114	300	-588
-806	356	5229	-32	-165	-542
-946	175	5473	132	-1092	-558
-675	184	5009	87	-1875	-452
-313	265	3862	78	-1756	-359
172	878	3700	438	-414	35
-97	561	4593	738	1073	287
-1375	-379	5748	804	1020	-169
-2376	-202	5107	870	464	-153
-2687	70	4011	1065	6	97
-2452	-694	2835	1157	-135	-352
-2449	-1514	2876	817	-88	-1866
-2618	-1228	3866	395	234	-2438
-2030	348	4843	220	67	-2001
-1471	1365	4859	106	-210	-1043
-1300	2133	4885	-153	-346	-358
